Name,mtd_interval,MEF,ASR,time_to_compromise,host_compromise_ratio,network_size,exposed_endpoints,attack_path_exposure,ROA,risk,shortest_path_variability
mtd_ai,200,0.0050487206670082295,0.35714285714285715,1896.4095383244348,0.05,150,5,0.13888888888888887,0.10559216670104227,0.20537960882469605,5.64
mtd_ai,200,0.0050487206670082295,0.45454545454545453,2676.2149145723656,0.1,150,5,0.13888888888888887,0.10559216670104227,0.20537960882469605,5.64
mtd_ai,200,0.0050487206670082295,0.5357142857142857,3372.669688200045,0.15,150,5,0.13888888888888887,0.10559216670104227,0.20537960882469605,5.64
mtd_ai,200,0.0050487206670082295,0.5660377358490566,3869.943046539216,0.2,150,5,0.13888888888888887,0.10559216670104227,0.20537960882469605,5.64
mtd_ai,200,0.0050487206670082295,0.6048387096774194,4507.288857043021,0.25,150,5,0.13888888888888887,0.10559216670104227,0.20537960882469605,5.64
mtd_ai,200,0.005059436519339007,0.32608695652173914,2680.777601537486,0.05,150,5,0.14444444444444443,0.27494447229952484,1.154843587112223,0.0
mtd_ai,200,0.005059436519339007,0.3333333333333333,5066.9072944895415,0.1,150,5,0.14444444444444443,0.27494447229952484,1.154843587112223,0.0
mtd_ai,200,0.005059436519339007,0.3879310344827586,5853.196975583129,0.15,150,5,0.14444444444444443,0.27494447229952484,1.154843587112223,0.0
mtd_ai,200,0.005059436519339007,0.4225352112676056,6630.351522537489,0.2,150,5,0.14444444444444443,0.27494447229952484,1.154843587112223,0.0
mtd_ai,200,0.005059436519339007,0.47468354430379744,7036.246679762306,0.25,150,5,0.14444444444444443,0.27494447229952484,1.154843587112223,0.0
mtd_ai,200,0.005071175404098678,0.3,2690.140132382465,0.05,150,5,0.08888888888888889,1.1045388966422243,3.958598459924677,0.0
mtd_ai,200,0.005071175404098678,0.38461538461538464,3742.1715547785116,0.1,150,5,0.08888888888888889,1.1045388966422243,3.958598459924677,0.0
mtd_ai,200,0.005071175404098678,0.4326923076923077,4479.198222611701,0.15,150,5,0.08888888888888889,1.1045388966422243,3.958598459924677,0.0
mtd_ai,200,0.005071175404098678,0.46153846153846156,5037.690594750834,0.2,150,5,0.08888888888888889,1.1045388966422243,3.958598459924677,0.0
mtd_ai,200,0.005071175404098678,0.487012987012987,5974.972034520843,0.25,150,5,0.08888888888888889,1.1045388966422243,3.958598459924677,0.0
mtd_ai,200,0.005048487002760415,0.35714285714285715,2211.2332328799957,0.05,150,5,0.15111111111111108,0.8739689228401148,3.2338814409993497,0.0
mtd_ai,200,0.005048487002760415,0.4166666666666667,3598.925587185414,0.1,150,5,0.15111111111111108,0.8739689228401148,3.2338814409993497,0.0
mtd_ai,200,0.005048487002760415,0.4411764705882353,4958.558369004236,0.15,150,5,0.15111111111111108,0.8739689228401148,3.2338814409993497,0.0
mtd_ai,200,0.005048487002760415,0.4918032786885246,5329.5529237718065,0.2,150,5,0.15111111111111108,0.8739689228401148,3.2338814409993497,0.0
mtd_ai,200,0.005048487002760415,0.5067567567567568,6121.255073324578,0.25,150,5,0.15111111111111108,0.8739689228401148,3.2338814409993497,0.0
mtd_ai,200,0.005054365119364368,0.39473684210526316,1585.0629047718057,0.05,150,5,0.10222222222222223,0.7290012917720369,1.8695411391768748,0.0
mtd_ai,200,0.005054365119364368,0.42857142857142855,2650.7532174149233,0.1,150,5,0.10222222222222223,0.7290012917720369,1.8695411391768748,0.0
mtd_ai,200,0.005054365119364368,0.4891304347826087,3372.15959112382,0.15,150,5,0.10222222222222223,0.7290012917720369,1.8695411391768748,0.0
mtd_ai,200,0.005054365119364368,0.4918032786885246,4370.115673305316,0.2,150,5,0.10222222222222223,0.7290012917720369,1.8695411391768748,0.0
mtd_ai,200,0.005054365119364368,0.5136986301369864,5071.913979564034,0.25,150,5,0.10222222222222223,0.7290012917720369,1.8695411391768748,0.0
mtd_ai,200,0.0050656485913962825,0.3125,1878.0267383737405,0.05,150,5,0.11533333333333334,0.7985975856567852,2.8265629832383867,0.0
mtd_ai,200,0.0050656485913962825,0.25862068965517243,4021.8729578757875,0.1,150,5,0.11533333333333334,0.7985975856567852,2.8265629832383867,0.0
mtd_ai,200,0.0050656485913962825,0.32142857142857145,5055.303026155928,0.15,150,5,0.11533333333333334,0.7985975856567852,2.8265629832383867,0.0
mtd_ai,200,0.0050656485913962825,0.37037037037037035,5504.591736741562,0.2,150,5,0.11533333333333334,0.7985975856567852,2.8265629832383867,0.0
mtd_ai,200,0.0050656485913962825,0.4032258064516129,6503.2513069219585,0.25,150,5,0.11533333333333334,0.7985975856567852,2.8265629832383867,0.0
mtd_ai,200,0.005061488658269584,0.28846153846153844,2931.6340451686447,0.05,150,5,0.12277777777777776,0.7324991951341004,3.05323576819936,0.0
mtd_ai,200,0.005061488658269584,0.35714285714285715,4133.45594037422,0.1,150,5,0.12277777777777776,0.7324991951341004,3.05323576819936,0.0
mtd_ai,200,0.005061488658269584,0.39473684210526316,5098.366635624068,0.15,150,5,0.12277777777777776,0.7324991951341004,3.05323576819936,0.0
mtd_ai,200,0.005061488658269584,0.40540540540540543,6461.317645776759,0.2,150,5,0.12277777777777776,0.7324991951341004,3.05323576819936,0.0
mtd_ai,200,0.005061488658269584,0.43103448275862066,6977.842939940578,0.25,150,5,0.12277777777777776,0.7324991951341004,3.05323576819936,0.0
mtd_ai,200,0.005040593930155215,0.234375,4538.290800122681,0.05,150,5,0.12088888888888888,4.209248165602491,6.869315857213186,0.0
mtd_ai,200,0.005040593930155215,0.3191489361702128,5539.068854090721,0.1,150,5,0.12088888888888888,4.209248165602491,6.869315857213186,0.0
mtd_ai,200,0.005040593930155215,0.3879310344827586,6091.3947578902735,0.15,150,5,0.12088888888888888,4.209248165602491,6.869315857213186,0.0
mtd_ai,200,0.005040593930155215,0.4411764705882353,6490.867995208722,0.2,150,5,0.12088888888888888,4.209248165602491,6.869315857213186,0.0
mtd_ai,200,0.005040593930155215,0.46296296296296297,7054.348243684943,0.25,150,5,0.12088888888888888,4.209248165602491,6.869315857213186,0.0
mtd_ai,200,0.0050344589426291105,0.35714285714285715,1894.1772583814434,0.05,150,5,0.10166666666666667,1.3623501793909065,4.925021804880476,0.0
mtd_ai,200,0.0050344589426291105,0.32608695652173914,4018.0203649942323,0.1,150,5,0.10166666666666667,1.3623501793909065,4.925021804880476,0.0
mtd_ai,200,0.0050344589426291105,0.36885245901639346,4931.466846087975,0.15,150,5,0.10166666666666667,1.3623501793909065,4.925021804880476,0.0
mtd_ai,200,0.0050344589426291105,0.37037037037037035,6164.3066422504,0.2,150,5,0.10166666666666667,1.3623501793909065,4.925021804880476,0.0
mtd_ai,200,0.0050344589426291105,0.4032258064516129,6740.144221104751,0.25,150,5,0.10166666666666667,1.3623501793909065,4.925021804880476,0.0
mtd_ai,200,0.005047263709269744,0.46875,1399.8247337363528,0.05,150,5,0.11444444444444443,3.067132462621891,6.949868125927585,0.0
mtd_ai,200,0.005047263709269744,0.4838709677419355,2560.324797137781,0.1,150,5,0.11444444444444443,3.067132462621891,6.949868125927585,0.0
mtd_ai,200,0.005047263709269744,0.5487804878048781,3085.8080719702502,0.15,150,5,0.11444444444444443,3.067132462621891,6.949868125927585,0.0
mtd_ai,200,0.005047263709269744,0.5357142857142857,4036.96971016072,0.2,150,5,0.11444444444444443,3.067132462621891,6.949868125927585,0.0
mtd_ai,200,0.005047263709269744,0.5514705882352942,4969.875469440046,0.25,150,5,0.11444444444444443,3.067132462621891,6.949868125927585,0.0
mtd_ai,200,0.005063098734089464,0.4411764705882353,1382.0727760063585,0.05,150,5,0.09466666666666666,5.772002563004133,3.99079507546855,0.0
mtd_ai,200,0.005063098734089464,0.5357142857142857,1950.3857794001392,0.1,150,5,0.09466666666666666,5.772002563004133,3.99079507546855,0.0
mtd_ai,200,0.005063098734089464,0.5232558139534884,3283.6491941122194,0.15,150,5,0.09466666666666666,5.772002563004133,3.99079507546855,0.0
mtd_ai,200,0.005063098734089464,0.5172413793103449,3877.4533728765527,0.2,150,5,0.09466666666666666,5.772002563004133,3.99079507546855,0.0
mtd_ai,200,0.005063098734089464,0.47468354430379744,4946.997063348405,0.25,150,5,0.09466666666666666,5.772002563004133,3.99079507546855,0.0
mtd_ai,200,0.005048533039805697,0.4411764705882353,1256.3730734719354,0.05,150,5,0.1877777777777778,0.14598672389695946,0.42651842190803024,5.4
mtd_ai,200,0.005048533039805697,0.5,2107.891742025193,0.1,150,5,0.1877777777777778,0.14598672389695946,0.42651842190803024,5.4
mtd_ai,200,0.005048533039805697,0.5232558139534884,2987.002712674618,0.15,150,5,0.1877777777777778,0.14598672389695946,0.42651842190803024,5.4
mtd_ai,200,0.005048533039805697,0.5,3844.1796737645373,0.2,150,5,0.1877777777777778,0.14598672389695946,0.42651842190803024,5.4
mtd_ai,200,0.005048533039805697,0.487012987012987,5434.518389243414,0.25,150,5,0.1877777777777778,0.14598672389695946,0.42651842190803024,5.4
mtd_ai,200,0.005040694848638752,0.35714285714285715,2145.4820074666295,0.05,150,5,0.19047619047619047,0.8449587935514242,2.599952903088471,-2.6363636363636362
mtd_ai,200,0.005040694848638752,0.4166666666666667,3755.8630453223273,0.1,150,5,0.19047619047619047,0.8449587935514242,2.599952903088471,-2.6363636363636362
mtd_ai,200,0.005040694848638752,0.46875,4595.624661513013,0.15,150,5,0.19047619047619047,0.8449587935514242,2.599952903088471,-2.6363636363636362
mtd_ai,200,0.005040694848638752,0.5084745762711864,5110.166279075114,0.2,150,5,0.19047619047619047,0.8449587935514242,2.599952903088471,-2.6363636363636362
mtd_ai,200,0.005040694848638752,0.528169014084507,6082.2409916461,0.25,150,5,0.19047619047619047,0.8449587935514242,2.599952903088471,-2.6363636363636362
mtd_ai,200,0.005031112999681578,0.26785714285714285,3331.280629219051,0.05,150,5,0.17152380952380952,0.7038616012656483,3.088203215186915,5.0
mtd_ai,200,0.005031112999681578,0.32608695652173914,4390.52869163011,0.1,150,5,0.17152380952380952,0.7038616012656483,3.088203215186915,5.0
mtd_ai,200,0.005031112999681578,0.39473684210526316,4921.71948624834,0.15,150,5,0.17152380952380952,0.7038616012656483,3.088203215186915,5.0
mtd_ai,200,0.005031112999681578,0.42857142857142855,5665.162287451327,0.2,150,5,0.17152380952380952,0.7038616012656483,3.088203215186915,5.0
mtd_ai,200,0.005031112999681578,0.42134831460674155,7238.032732824087,0.25,150,5,0.17152380952380952,0.7038616012656483,3.088203215186915,5.0
mtd_ai,200,0.005068308733731625,0.28846153846153844,2896.8213148749337,0.05,150,5,0.16333333333333333,0.06928857316414153,0.21426895730916654,0.0
mtd_ai,200,0.005068308733731625,0.40540540540540543,3396.2499043270645,0.1,150,5,0.16333333333333333,0.06928857316414153,0.21426895730916654,0.0
mtd_ai,200,0.005068308733731625,0.46875,4220.212860411957,0.15,150,5,0.16333333333333333,0.06928857316414153,0.21426895730916654,0.0
mtd_ai,200,0.005068308733731625,0.4918032786885246,4855.990335988796,0.2,150,5,0.16333333333333333,0.06928857316414153,0.21426895730916654,0.0
mtd_ai,200,0.005068308733731625,0.5136986301369864,5745.013606317199,0.25,150,5,0.16333333333333333,0.06928857316414153,0.21426895730916654,0.0
mtd_ai,200,0.005086650085123977,0.3125,2599.1119368568784,0.05,150,5,0.1288888888888889,0.13376216316134834,0.36297587079622595,0.0
mtd_ai,200,0.005086650085123977,0.42857142857142855,3141.2446151132935,0.1,150,5,0.1288888888888889,0.13376216316134834,0.36297587079622595,0.0
mtd_ai,200,0.005086650085123977,0.4891304347826087,3792.5645031883555,0.15,150,5,0.1288888888888889,0.13376216316134834,0.36297587079622595,0.0
mtd_ai,200,0.005086650085123977,0.5,4613.3557091083585,0.2,150,5,0.1288888888888889,0.13376216316134834,0.36297587079622595,0.0
mtd_ai,200,0.005086650085123977,0.5357142857142857,5095.25887497737,0.25,150,5,0.1288888888888889,0.13376216316134834,0.36297587079622595,0.0
mtd_ai,200,0.005066386594875415,0.25862068965517243,2597.933887733837,0.05,150,5,0.16777777777777778,0.17949458709707453,0.6366712917485904,0.0
mtd_ai,200,0.005066386594875415,0.3333333333333333,3421.660497044018,0.1,150,5,0.16777777777777778,0.17949458709707453,0.6366712917485904,0.0
mtd_ai,200,0.005066386594875415,0.3629032258064516,4513.723239807934,0.15,150,5,0.16777777777777778,0.17949458709707453,0.6366712917485904,0.0
mtd_ai,200,0.005066386594875415,0.4,5606.594046179187,0.2,150,5,0.16777777777777778,0.17949458709707453,0.6366712917485904,0.0
mtd_ai,200,0.005066386594875415,0.4411764705882353,6020.698081125938,0.25,150,5,0.16777777777777778,0.17949458709707453,0.6366712917485904,0.0
mtd_ai,200,0.0050792914947331985,0.4411764705882353,1465.9781129445214,0.05,150,5,0.10555555555555554,1.019419336005395,4.000550846351672,0.0
mtd_ai,200,0.0050792914947331985,0.38461538461538464,3077.3739677531285,0.1,150,5,0.10555555555555554,1.019419336005395,4.000550846351672,0.0
mtd_ai,200,0.0050792914947331985,0.4411764705882353,4085.811410239549,0.15,150,5,0.10555555555555554,1.019419336005395,4.000550846351672,0.0
mtd_ai,200,0.0050792914947331985,0.4918032786885246,4458.933487489228,0.2,150,5,0.10555555555555554,1.019419336005395,4.000550846351672,0.0
mtd_ai,200,0.0050792914947331985,0.4934210526315789,5754.832854089118,0.25,150,5,0.10555555555555554,1.019419336005395,4.000550846351672,0.0
mtd_ai,200,0.005048400691750569,0.375,1879.835327092676,0.05,150,5,0.11111111111111112,0.8413052939999794,3.556424228010327,0.0
mtd_ai,200,0.005048400691750569,0.36585365853658536,4188.611797816069,0.1,150,5,0.11111111111111112,0.8413052939999794,3.556424228010327,0.0
mtd_ai,200,0.005048400691750569,0.4326923076923077,4884.451925443065,0.15,150,5,0.11111111111111112,0.8413052939999794,3.556424228010327,0.0
mtd_ai,200,0.005048400691750569,0.46153846153846156,5387.814634715474,0.2,150,5,0.11111111111111112,0.8413052939999794,3.556424228010327,0.0
mtd_ai,200,0.005048400691750569,0.5,5900.091063528116,0.25,150,5,0.11111111111111112,0.8413052939999794,3.556424228010327,0.0
mtd_ai,200,0.0050519231923419885,0.375,1684.0878900069324,0.05,150,5,0.13333333333333333,0.5148122855774048,1.2614145506425518,0.0
mtd_ai,200,0.0050519231923419885,0.39473684210526316,3032.1569190714827,0.1,150,5,0.13333333333333333,0.5148122855774048,1.2614145506425518,0.0
mtd_ai,200,0.0050519231923419885,0.4166666666666667,4193.5066303345575,0.15,150,5,0.13333333333333333,0.5148122855774048,1.2614145506425518,0.0
mtd_ai,200,0.0050519231923419885,0.46875,4777.123994206605,0.2,150,5,0.13333333333333333,0.5148122855774048,1.2614145506425518,0.0
mtd_ai,200,0.0050519231923419885,0.487012987012987,5575.193007506268,0.25,150,5,0.13333333333333333,0.5148122855774048,1.2614145506425518,0.0
mtd_ai,200,0.005076103728440154,0.4166666666666667,1882.4418615624538,0.05,150,5,0.13666666666666666,0.3268591067071599,1.2846790979469278,0.0
mtd_ai,200,0.005076103728440154,0.4166666666666667,3463.581887651201,0.1,150,5,0.13666666666666666,0.3268591067071599,1.2846790979469278,0.0
mtd_ai,200,0.005076103728440154,0.5,3873.8466797464857,0.15,150,5,0.13666666666666666,0.3268591067071599,1.2846790979469278,0.0
mtd_ai,200,0.005076103728440154,0.4838709677419355,4950.466297926714,0.2,150,5,0.13666666666666666,0.3268591067071599,1.2846790979469278,0.0
mtd_ai,200,0.005076103728440154,0.5067567567567568,5646.113019159264,0.25,150,5,0.13666666666666666,0.3268591067071599,1.2846790979469278,0.0
mtd_ai,200,0.005036844077174897,0.3409090909090909,2869.657733694031,0.05,150,5,0.11,2.9061733278516755,3.051097355368177,0.0
mtd_ai,200,0.005036844077174897,0.42857142857142855,3690.6511550097694,0.1,150,5,0.11,2.9061733278516755,3.051097355368177,0.0
mtd_ai,200,0.005036844077174897,0.39473684210526316,5281.936762295857,0.15,150,5,0.11,2.9061733278516755,3.051097355368177,0.0
mtd_ai,200,0.005036844077174897,0.4411764705882353,5716.241224246691,0.2,150,5,0.11,2.9061733278516755,3.051097355368177,0.0
mtd_ai,200,0.005036844077174897,0.47468354430379744,6336.993302600793,0.25,150,5,0.11,2.9061733278516755,3.051097355368177,0.0
mtd_ai,200,0.00508064586615961,0.4411764705882353,1846.8771257070962,0.05,150,5,0.25,2.11826007859688,3.527770578128994,0.0
mtd_ai,200,0.00508064586615961,0.5172413793103449,2754.6251407585264,0.1,150,5,0.25,2.11826007859688,3.527770578128994,0.0
mtd_ai,200,0.00508064586615961,0.5,3945.2981164937555,0.15,150,5,0.25,2.11826007859688,3.527770578128994,0.0
mtd_ai,200,0.00508064586615961,0.5,4987.631837503713,0.2,150,5,0.25,2.11826007859688,3.527770578128994,0.0
mtd_ai,200,0.00508064586615961,0.528169014084507,5599.634295426971,0.25,150,5,0.25,2.11826007859688,3.527770578128994,0.0
mtd_ai,200,0.005054378822538392,0.4166666666666667,1667.9097955082302,0.05,150,5,0.10738095238095238,0.6768358154564651,2.9351967667722993,0.0
mtd_ai,200,0.005054378822538392,0.42857142857142855,3146.7674880924515,0.1,150,5,0.10738095238095238,0.6768358154564651,2.9351967667722993,0.0
mtd_ai,200,0.005054378822538392,0.5113636363636364,3712.83618153826,0.15,150,5,0.10738095238095238,0.6768358154564651,2.9351967667722993,0.0
mtd_ai,200,0.005054378822538392,0.5263157894736842,4416.971362884631,0.2,150,5,0.10738095238095238,0.6768358154564651,2.9351967667722993,0.0
mtd_ai,200,0.005054378822538392,0.5357142857142857,5041.717759060378,0.25,150,5,0.10738095238095238,0.6768358154564651,2.9351967667722993,0.0
mtd_ai,200,0.005076642625740973,0.46875,1451.313188266572,0.05,150,5,0.13476190476190478,0.10761559974189243,0.41633455996178215,0.0
mtd_ai,200,0.005076642625740973,0.46875,2664.6070613221837,0.1,150,5,0.13476190476190478,0.10761559974189243,0.41633455996178215,0.0
mtd_ai,200,0.005076642625740973,0.4891304347826087,3887.945599733195,0.15,150,5,0.13476190476190478,0.10761559974189243,0.41633455996178215,0.0
mtd_ai,200,0.005076642625740973,0.47619047619047616,5002.363977219084,0.2,150,5,0.13476190476190478,0.10761559974189243,0.41633455996178215,0.0
mtd_ai,200,0.005076642625740973,0.5,5927.37575631885,0.25,150,5,0.13476190476190478,0.10761559974189243,0.41633455996178215,0.0
mtd_ai,200,0.0050579509075467585,0.26785714285714285,3349.9716898003117,0.05,150,5,0.45,0.5039742585251629,1.6340545940889706,0.0
mtd_ai,200,0.0050579509075467585,0.36585365853658536,4298.254637016647,0.1,150,5,0.45,0.5039742585251629,1.6340545940889706,0.0
mtd_ai,200,0.0050579509075467585,0.3629032258064516,5853.948160544296,0.15,150,5,0.45,0.5039742585251629,1.6340545940889706,0.0
mtd_ai,200,0.0050579509075467585,0.40540540540540543,6444.379139511819,0.2,150,5,0.45,0.5039742585251629,1.6340545940889706,0.0
mtd_ai,200,0.0050579509075467585,0.44642857142857145,6733.172797196616,0.25,150,5,0.45,0.5039742585251629,1.6340545940889706,0.0
mtd_ai,200,0.005077492865822977,0.3125,2346.7121667707647,0.05,150,5,0.16071428571428573,1.4213431192969859,3.820319789500238,0.0
mtd_ai,200,0.005077492865822977,0.39473684210526316,3687.0746262472862,0.1,150,5,0.16071428571428573,1.4213431192969859,3.820319789500238,0.0
mtd_ai,200,0.005077492865822977,0.46875,4312.762479399858,0.15,150,5,0.16071428571428573,1.4213431192969859,3.820319789500238,0.0
mtd_ai,200,0.005077492865822977,0.4918032786885246,4875.476621246895,0.2,150,5,0.16071428571428573,1.4213431192969859,3.820319789500238,0.0
mtd_ai,200,0.005077492865822977,0.528169014084507,5261.94625889151,0.25,150,5,0.16071428571428573,1.4213431192969859,3.820319789500238,0.0
mtd_ai,200,0.005072258010794788,0.28846153846153844,3182.6221699471735,0.05,150,5,0.16488888888888886,0.9867221561221214,2.926593252457974,0.0
mtd_ai,200,0.005072258010794788,0.36585365853658536,4100.449712308971,0.1,150,5,0.16488888888888886,0.9867221561221214,2.926593252457974,0.0
mtd_ai,200,0.005072258010794788,0.42452830188679247,4767.556299079883,0.15,150,5,0.16488888888888886,0.9867221561221214,2.926593252457974,0.0
mtd_ai,200,0.005072258010794788,0.47619047619047616,5204.249197658346,0.2,150,5,0.16488888888888886,0.9867221561221214,2.926593252457974,0.0
mtd_ai,200,0.005072258010794788,0.5136986301369864,5668.8939659644075,0.25,150,5,0.16488888888888886,0.9867221561221214,2.926593252457974,0.0
mtd_ai,200,0.005080817512216274,0.3,2557.5737631934635,0.05,150,5,0.13142857142857142,2.122509229012708,6.087886039897426,0.0
mtd_ai,200,0.005080817512216274,0.375,3466.6719768107114,0.1,150,5,0.13142857142857142,2.122509229012708,6.087886039897426,0.0
mtd_ai,200,0.005080817512216274,0.4411764705882353,4093.840580065723,0.15,150,5,0.13142857142857142,2.122509229012708,6.087886039897426,0.0
mtd_ai,200,0.005080817512216274,0.47619047619047616,4923.120378767676,0.2,150,5,0.13142857142857142,2.122509229012708,6.087886039897426,0.0
mtd_ai,200,0.005080817512216274,0.5208333333333334,5532.663442250119,0.25,150,5,0.13142857142857142,2.122509229012708,6.087886039897426,0.0
mtd_ai,200,0.005062290896880138,0.25862068965517243,2871.7238770880294,0.05,150,5,0.15866666666666668,1.0542893158300124,4.023651737200551,0.0
mtd_ai,200,0.005062290896880138,0.3409090909090909,4000.115373573076,0.1,150,5,0.15866666666666668,1.0542893158300124,4.023651737200551,0.0
mtd_ai,200,0.005062290896880138,0.3629032258064516,5885.737476738213,0.15,150,5,0.15866666666666668,1.0542893158300124,4.023651737200551,0.0
mtd_ai,200,0.005062290896880138,0.38461538461538464,6647.647752350302,0.2,150,5,0.15866666666666668,1.0542893158300124,4.023651737200551,0.0
mtd_ai,200,0.005062290896880138,0.42134831460674155,7061.143111791016,0.25,150,5,0.15866666666666668,1.0542893158300124,4.023651737200551,0.0
mtd_ai,200,0.005039246872907742,0.20833333333333334,3886.594632628318,0.05,150,5,0.11533333333333334,0.9644667157808187,4.0436704120994085,0.0
mtd_ai,200,0.005039246872907742,0.2830188679245283,4752.363842466226,0.1,150,5,0.11533333333333334,0.9644667157808187,4.0436704120994085,0.0
mtd_ai,200,0.005039246872907742,0.3515625,5354.575188850955,0.15,150,5,0.11533333333333334,0.9644667157808187,4.0436704120994085,0.0
mtd_ai,200,0.005039246872907742,0.38961038961038963,6016.894387383477,0.2,150,5,0.11533333333333334,0.9644667157808187,4.0436704120994085,0.0
mtd_ai,200,0.005039246872907742,0.4166666666666667,7014.781051948743,0.25,150,5,0.11533333333333334,0.9644667157808187,4.0436704120994085,0.0
mtd_ai,200,0.005098141386711581,0.35714285714285715,2001.9271413846486,0.05,150,5,0.11571428571428571,0.3578893908549491,1.4466385307655898,0.0
mtd_ai,200,0.005098141386711581,0.46875,2771.042909918273,0.1,150,5,0.11571428571428571,0.3578893908549491,1.4466385307655898,0.0
mtd_ai,200,0.005098141386711581,0.5357142857142857,3439.1383957886546,0.15,150,5,0.11571428571428571,0.3578893908549491,1.4466385307655898,0.0
mtd_ai,200,0.005098141386711581,0.45454545454545453,4320.567587974831,0.2,150,5,0.11571428571428571,0.3578893908549491,1.4466385307655898,0.0
mtd_ai,200,0.005098141386711581,0.4934210526315789,4664.296723230276,0.25,150,5,0.11571428571428571,0.3578893908549491,1.4466385307655898,0.0
mtd_ai,200,0.005051512543364786,0.3,2352.7254056415886,0.05,150,5,0.13433333333333333,1.0851657473271146,3.366390298395257,0.0
mtd_ai,200,0.005051512543364786,0.35714285714285715,3667.51982984967,0.1,150,5,0.13433333333333333,1.0851657473271146,3.366390298395257,0.0
mtd_ai,200,0.005051512543364786,0.4090909090909091,4594.586286473641,0.15,150,5,0.13433333333333333,1.0851657473271146,3.366390298395257,0.0
mtd_ai,200,0.005051512543364786,0.39473684210526316,5879.989860267922,0.2,150,5,0.13433333333333333,1.0851657473271146,3.366390298395257,0.0
mtd_ai,200,0.005051512543364786,0.3409090909090909,8125.081046011184,0.25,150,5,0.13433333333333333,1.0851657473271146,3.366390298395257,0.0
mtd_ai,200,0.005042198304444832,0.35714285714285715,2233.3109072924544,0.05,150,5,0.16933333333333334,0.9530850960743918,3.9102130127355337,0.0
mtd_ai,200,0.005042198304444832,0.4838709677419355,3202.720015671088,0.1,150,5,0.16933333333333334,0.9530850960743918,3.9102130127355337,0.0
mtd_ai,200,0.005042198304444832,0.4891304347826087,3949.8722228979655,0.15,150,5,0.16933333333333334,0.9530850960743918,3.9102130127355337,0.0
mtd_ai,200,0.005042198304444832,0.5263157894736842,4507.625782648331,0.2,150,5,0.16933333333333334,0.9530850960743918,3.9102130127355337,0.0
mtd_ai,200,0.005042198304444832,0.4807692307692308,5531.780263139637,0.25,150,5,0.16933333333333334,0.9530850960743918,3.9102130127355337,0.0
mtd_ai,200,0.005066140379417934,0.3125,2260.029371654844,0.05,150,5,0.3157894736842105,2.079252436754275,4.494648082849631,0.0
mtd_ai,200,0.005066140379417934,0.3191489361702128,4180.587707215345,0.1,150,5,0.3157894736842105,2.079252436754275,4.494648082849631,0.0
mtd_ai,200,0.005066140379417934,0.3813559322033898,5035.423886796961,0.15,150,5,0.3157894736842105,2.079252436754275,4.494648082849631,0.0
mtd_ai,200,0.005066140379417934,0.39473684210526316,5784.443975548818,0.2,150,5,0.3157894736842105,2.079252436754275,4.494648082849631,0.0
mtd_ai,200,0.005066140379417934,0.39893617021276595,6554.916411419843,0.25,150,5,0.3157894736842105,2.079252436754275,4.494648082849631,0.0
mtd_ai,200,0.005048552628990871,0.4166666666666667,1246.7436507204143,0.05,150,5,0.13755555555555554,1.0134416294235877,4.048493826751799,0.0
mtd_ai,200,0.005048552628990871,0.3,2970.3022547336623,0.1,150,5,0.13755555555555554,1.0134416294235877,4.048493826751799,0.0
mtd_ai,200,0.005048552628990871,0.34615384615384615,3770.7268027276114,0.15,150,5,0.13755555555555554,1.0134416294235877,4.048493826751799,0.0
mtd_ai,200,0.005048552628990871,0.379746835443038,4458.514453816524,0.2,150,5,0.13755555555555554,1.0134416294235877,4.048493826751799,0.0
mtd_ai,200,0.005048552628990871,0.4076086956521739,5604.5230698596315,0.25,150,5,0.13755555555555554,1.0134416294235877,4.048493826751799,0.0
mtd_ai,200,0.0050517864403371434,0.3409090909090909,1756.365267623084,0.05,150,5,0.1611111111111111,0.890687978207328,2.8311159370332,0.2413793103448276
mtd_ai,200,0.0050517864403371434,0.40540540540540543,2919.899061120119,0.1,150,5,0.1611111111111111,0.890687978207328,2.8311159370332,0.2413793103448276
mtd_ai,200,0.0050517864403371434,0.45918367346938777,3560.496356706566,0.15,150,5,0.1611111111111111,0.890687978207328,2.8311159370332,0.2413793103448276
mtd_ai,200,0.0050517864403371434,0.4918032786885246,4390.54043405186,0.2,150,5,0.1611111111111111,0.890687978207328,2.8311159370332,0.2413793103448276
mtd_ai,200,0.0050517864403371434,0.5136986301369864,4804.795863901156,0.25,150,5,0.1611111111111111,0.890687978207328,2.8311159370332,0.2413793103448276
mtd_ai,200,0.005066965363611929,0.3409090909090909,1819.7927586223032,0.05,150,5,0.12666666666666668,1.1643395587806815,2.488387748001677,0.0
mtd_ai,200,0.005066965363611929,0.38461538461538464,3544.079675011476,0.1,150,5,0.12666666666666668,1.1643395587806815,2.488387748001677,0.0
mtd_ai,200,0.005066965363611929,0.4017857142857143,4856.635060378967,0.15,150,5,0.12666666666666668,1.1643395587806815,2.488387748001677,0.0
mtd_ai,200,0.005066965363611929,0.42857142857142855,5597.861996951373,0.2,150,5,0.12666666666666668,1.1643395587806815,2.488387748001677,0.0
mtd_ai,200,0.005066965363611929,0.45180722891566266,6163.611622740053,0.25,150,5,0.12666666666666668,1.1643395587806815,2.488387748001677,0.0
mtd_ai,200,0.005083662449061776,0.32608695652173914,2145.373377017251,0.05,150,5,0.16577777777777777,0.5147852226857479,2.0084982988985294,0.0
mtd_ai,200,0.005083662449061776,0.38461538461538464,3323.100391815538,0.1,150,5,0.16577777777777777,0.5147852226857479,2.0084982988985294,0.0
mtd_ai,200,0.005083662449061776,0.45918367346938777,3696.945856555149,0.15,150,5,0.16577777777777777,0.5147852226857479,2.0084982988985294,0.0
mtd_ai,200,0.005083662449061776,0.5,4365.450398093184,0.2,150,5,0.16577777777777777,0.5147852226857479,2.0084982988985294,0.0
mtd_ai,200,0.005083662449061776,0.5136986301369864,4898.875008887357,0.25,150,5,0.16577777777777777,0.5147852226857479,2.0084982988985294,0.0
mtd_ai,200,0.005045880103504778,0.3125,2571.2402071770593,0.05,150,5,0.15936507936507938,0.22451727268073163,0.6348311245576109,0.0
mtd_ai,200,0.005045880103504778,0.3333333333333333,4096.1475762725895,0.1,150,5,0.15936507936507938,0.22451727268073163,0.6348311245576109,0.0
mtd_ai,200,0.005045880103504778,0.34615384615384615,4983.6430581781115,0.15,150,5,0.15936507936507938,0.22451727268073163,0.6348311245576109,0.0
mtd_ai,200,0.005045880103504778,0.4,5522.380474304786,0.2,150,5,0.15936507936507938,0.22451727268073163,0.6348311245576109,0.0
mtd_ai,200,0.005045880103504778,0.4411764705882353,6128.749756769215,0.25,150,5,0.15936507936507938,0.22451727268073163,0.6348311245576109,0.0
mtd_ai,200,0.005061446972911557,0.26785714285714285,2634.5401022815777,0.05,150,5,0.09,2.7646030999713913,6.19127971024965,0.0
mtd_ai,200,0.005061446972911557,0.32608695652173914,4362.233905420165,0.1,150,5,0.09,2.7646030999713913,6.19127971024965,0.0
mtd_ai,200,0.005061446972911557,0.34615384615384615,5561.831726959475,0.15,150,5,0.09,2.7646030999713913,6.19127971024965,0.0
mtd_ai,200,0.005061446972911557,0.39473684210526316,6034.623064247973,0.2,150,5,0.09,2.7646030999713913,6.19127971024965,0.0
mtd_ai,200,0.005061446972911557,0.4166666666666667,6615.337923094121,0.25,150,5,0.09,2.7646030999713913,6.19127971024965,0.0
mtd_ai,200,0.0050423703526861485,0.35714285714285715,2245.559691288154,0.05,150,5,0.09333333333333334,0.8361004812980078,1.2146617397815251,0.0
mtd_ai,200,0.0050423703526861485,0.3191489361702128,4623.926655565108,0.1,150,5,0.09333333333333334,0.8361004812980078,1.2146617397815251,0.0
mtd_ai,200,0.0050423703526861485,0.375,5369.18227244879,0.15,150,5,0.09333333333333334,0.8361004812980078,1.2146617397815251,0.0
mtd_ai,200,0.0050423703526861485,0.4166666666666667,5897.22592567812,0.2,150,5,0.09333333333333334,0.8361004812980078,1.2146617397815251,0.0
mtd_ai,200,0.0050423703526861485,0.4166666666666667,6681.818728682225,0.25,150,5,0.09333333333333334,0.8361004812980078,1.2146617397815251,0.0
mtd_ai,200,0.005055780923991312,0.5769230769230769,1156.15809266291,0.05,150,5,0.16633333333333333,1.7133704501680864,5.062036557237927,0.0
mtd_ai,200,0.005055780923991312,0.5172413793103449,2467.0386655682723,0.1,150,5,0.16633333333333333,1.7133704501680864,5.062036557237927,0.0
mtd_ai,200,0.005055780923991312,0.5357142857142857,3507.374804169822,0.15,150,5,0.16633333333333333,1.7133704501680864,5.062036557237927,0.0
mtd_ai,200,0.005055780923991312,0.5084745762711864,4399.222294816363,0.2,150,5,0.16633333333333333,1.7133704501680864,5.062036557237927,0.0
mtd_ai,200,0.005055780923991312,0.5208333333333334,5319.079128926378,0.25,150,5,0.16633333333333333,1.7133704501680864,5.062036557237927,0.0
mtd_ai,200,0.005080178767481815,0.375,2035.78140343787,0.05,150,5,0.13333333333333333,0.9721656428543739,2.2690253104743245,0.0
mtd_ai,200,0.005080178767481815,0.40540540540540543,3701.059885263462,0.1,150,5,0.13333333333333333,0.9721656428543739,2.2690253104743245,0.0
mtd_ai,200,0.005080178767481815,0.4891304347826087,4065.9151288270214,0.15,150,5,0.13333333333333333,0.9721656428543739,2.2690253104743245,0.0
mtd_ai,200,0.005080178767481815,0.5172413793103449,4550.712046931303,0.2,150,5,0.13333333333333333,0.9721656428543739,2.2690253104743245,0.0
mtd_ai,200,0.005080178767481815,0.5597014925373134,5182.085578013149,0.25,150,5,0.13333333333333333,0.9721656428543739,2.2690253104743245,0.0
mtd_ai,200,0.005059400191543429,0.28846153846153844,2512.7469014811886,0.05,150,5,0.11111111111111109,3.075334615559604,6.377397318434524,0.0
mtd_ai,200,0.005059400191543429,0.2830188679245283,4811.340731889095,0.1,150,5,0.11111111111111109,3.075334615559604,6.377397318434524,0.0
mtd_ai,200,0.005059400191543429,0.36885245901639346,5161.485660343138,0.15,150,5,0.11111111111111109,3.075334615559604,6.377397318434524,0.0
mtd_ai,200,0.005059400191543429,0.4166666666666667,5642.161175109681,0.2,150,5,0.11111111111111109,3.075334615559604,6.377397318434524,0.0
mtd_ai,200,0.005059400191543429,0.45180722891566266,6248.5372904351625,0.25,150,5,0.11111111111111109,3.075334615559604,6.377397318434524,0.0
mtd_ai,200,0.005067767914141164,0.26785714285714285,3201.497304002429,0.05,150,5,0.12166666666666667,1.6739160690996449,4.56982265603025,0.0
mtd_ai,200,0.005067767914141164,0.32608695652173914,4820.763526038336,0.1,150,5,0.12166666666666667,1.6739160690996449,4.56982265603025,0.0
mtd_ai,200,0.005067767914141164,0.4090909090909091,5561.567457161096,0.15,150,5,0.12166666666666667,1.6739160690996449,4.56982265603025,0.0
mtd_ai,200,0.005067767914141164,0.46153846153846156,5933.2898830575505,0.2,150,5,0.12166666666666667,1.6739160690996449,4.56982265603025,0.0
mtd_ai,200,0.005067767914141164,0.4934210526315789,6349.47101013827,0.25,150,5,0.12166666666666667,1.6739160690996449,4.56982265603025,0.0
mtd_ai,200,0.0050293412598064365,0.24193548387096775,3858.029991138079,0.05,150,5,0.11444444444444445,0.7455640605455449,3.3320771311741764,0.0
mtd_ai,200,0.0050293412598064365,0.29411764705882354,5593.399906369122,0.1,150,5,0.11444444444444445,0.7455640605455449,3.3320771311741764,0.0
mtd_ai,200,0.0050293412598064365,0.35714285714285715,6210.297926052885,0.15,150,5,0.11444444444444445,0.7455640605455449,3.3320771311741764,0.0
mtd_ai,200,0.0050293412598064365,0.35294117647058826,7394.675472371581,0.2,150,5,0.11444444444444445,0.7455640605455449,3.3320771311741764,0.0
mtd_ai,200,0.0050293412598064365,0.39893617021276595,7678.273638734998,0.25,150,5,0.11444444444444445,0.7455640605455449,3.3320771311741764,0.0
mtd_ai,200,0.00503417467097365,0.28846153846153844,2391.5078865643145,0.05,150,5,0.36363636363636365,0.5544423768245041,1.749701404031966,-3.4594594594594597
mtd_ai,200,0.00503417467097365,0.3333333333333333,4037.6921237703323,0.1,150,5,0.36363636363636365,0.5544423768245041,1.749701404031966,-3.4594594594594597
mtd_ai,200,0.00503417467097365,0.34615384615384615,5068.719003109261,0.15,150,5,0.36363636363636365,0.5544423768245041,1.749701404031966,-3.4594594594594597
mtd_ai,200,0.00503417467097365,0.36585365853658536,5718.9133937920615,0.2,150,5,0.36363636363636365,0.5544423768245041,1.749701404031966,-3.4594594594594597
mtd_ai,200,0.00503417467097365,0.35714285714285715,6890.908725753771,0.25,150,5,0.36363636363636365,0.5544423768245041,1.749701404031966,-3.4594594594594597
mtd_ai,200,0.00509049616664229,0.3125,2748.764502959903,0.05,150,5,0.3333333333333333,0.8722587274419545,2.1978024151561906,0.0
mtd_ai,200,0.00509049616664229,0.40540540540540543,3380.1283719227267,0.1,150,5,0.3333333333333333,0.8722587274419545,2.1978024151561906,0.0
mtd_ai,200,0.00509049616664229,0.5113636363636364,3680.298909194313,0.15,150,5,0.3333333333333333,0.8722587274419545,2.1978024151561906,0.0
mtd_ai,200,0.00509049616664229,0.5454545454545454,4131.101444618924,0.2,150,5,0.3333333333333333,0.8722587274419545,2.1978024151561906,0.0
mtd_ai,200,0.00509049616664229,0.5859375,4553.313027874481,0.25,150,5,0.3333333333333333,0.8722587274419545,2.1978024151561906,0.0
mtd_ai,200,0.005067748942877781,0.3,2222.5384032962056,0.05,150,5,0.112,1.0352806442946392,4.120244650562554,0.0
mtd_ai,200,0.005067748942877781,0.36585365853658536,3162.6795950658425,0.1,150,5,0.112,1.0352806442946392,4.120244650562554,0.0
mtd_ai,200,0.005067748942877781,0.39473684210526316,4491.390563198358,0.15,150,5,0.112,1.0352806442946392,4.120244650562554,0.0
mtd_ai,200,0.005067748942877781,0.4225352112676056,5444.7109724517595,0.2,150,5,0.112,1.0352806442946392,4.120244650562554,0.0
mtd_ai,200,0.005067748942877781,0.47468354430379744,5866.588296466474,0.25,150,5,0.112,1.0352806442946392,4.120244650562554,0.0
mtd_ai,200,0.005054382256822858,0.5,1063.6728843311182,0.05,150,5,0.12238095238095238,0.2892166018579472,1.2023638219813777,0.0
mtd_ai,200,0.005054382256822858,0.5,2338.618992930825,0.1,150,5,0.12238095238095238,0.2892166018579472,1.2023638219813777,0.0
mtd_ai,200,0.005054382256822858,0.5113636363636364,3628.458174996749,0.15,150,5,0.12238095238095238,0.2892166018579472,1.2023638219813777,0.0
mtd_ai,200,0.005054382256822858,0.5,4090.110295223816,0.2,150,5,0.12238095238095238,0.2892166018579472,1.2023638219813777,0.0
mtd_ai,200,0.005054382256822858,0.5067567567567568,5065.2465837578775,0.25,150,5,0.12238095238095238,0.2892166018579472,1.2023638219813777,0.0
mtd_ai,200,0.005034199199903482,0.32608695652173914,2415.240552352093,0.05,150,5,0.13544444444444442,1.6714174232680472,4.111173929063881,0.0
mtd_ai,200,0.005034199199903482,0.38461538461538464,3478.9512509198257,0.1,150,5,0.13544444444444442,1.6714174232680472,4.111173929063881,0.0
mtd_ai,200,0.005034199199903482,0.4017857142857143,5079.5853389357935,0.15,150,5,0.13544444444444442,1.6714174232680472,4.111173929063881,0.0
mtd_ai,200,0.005034199199903482,0.3614457831325301,6427.7807529016045,0.2,150,5,0.13544444444444442,1.6714174232680472,4.111173929063881,0.0
mtd_ai,200,0.005034199199903482,0.39893617021276595,7126.179405788145,0.25,150,5,0.13544444444444442,1.6714174232680472,4.111173929063881,0.0
mtd_ai,200,0.005072168014961984,0.3,2532.781785506348,0.05,150,5,0.1308888888888889,9.872354942139616,6.431834776367511,0.0
mtd_ai,200,0.005072168014961984,0.38461538461538464,3492.5164673218155,0.1,150,5,0.1308888888888889,9.872354942139616,6.431834776367511,0.0
mtd_ai,200,0.005072168014961984,0.4326923076923077,3997.762507359344,0.15,150,5,0.1308888888888889,9.872354942139616,6.431834776367511,0.0
mtd_ai,200,0.005072168014961984,0.43478260869565216,5338.162348101769,0.2,150,5,0.1308888888888889,9.872354942139616,6.431834776367511,0.0
mtd_ai,200,0.005072168014961984,0.46296296296296297,6031.029619892126,0.25,150,5,0.1308888888888889,9.872354942139616,6.431834776367511,0.0
mtd_ai,200,0.005048129288779362,0.5,1510.038707947985,0.05,150,5,0.12333333333333334,1.8000421261126498,2.236163931709579,0.0
mtd_ai,200,0.005048129288779362,0.42857142857142855,3716.722839640208,0.1,150,5,0.12333333333333334,1.8000421261126498,2.236163931709579,0.0
mtd_ai,200,0.005048129288779362,0.4787234042553192,4643.583972077241,0.15,150,5,0.12333333333333334,1.8000421261126498,2.236163931709579,0.0
mtd_ai,200,0.005048129288779362,0.5,5385.516542934429,0.2,150,5,0.12333333333333334,1.8000421261126498,2.236163931709579,0.0
mtd_ai,200,0.005048129288779362,0.5514705882352942,5728.479738027228,0.25,150,5,0.12333333333333334,1.8000421261126498,2.236163931709579,0.0
mtd_ai,200,0.0050332667705266015,0.19736842105263158,3875.2077622921556,0.05,150,5,0.16977777777777778,0.2638515792960234,0.6820775926029339,0.0
mtd_ai,200,0.0050332667705266015,0.25862068965517243,4740.3589823339935,0.1,150,5,0.16977777777777778,0.2638515792960234,0.6820775926029339,0.0
mtd_ai,200,0.0050332667705266015,0.31690140845070425,5225.707107328741,0.15,150,5,0.16977777777777778,0.2638515792960234,0.6820775926029339,0.0
mtd_ai,200,0.0050332667705266015,0.32967032967032966,6047.056633441405,0.2,150,5,0.16977777777777778,0.2638515792960234,0.6820775926029339,0.0
mtd_ai,200,0.0050332667705266015,0.3640776699029126,6716.552454685486,0.25,150,5,0.16977777777777778,0.2638515792960234,0.6820775926029339,0.0
mtd_ai,200,0.0050489571839013305,0.3409090909090909,2426.656979501833,0.05,150,5,0.07333333333333333,0.5113662539299318,1.834800987121558,4.193548387096774
mtd_ai,200,0.0050489571839013305,0.42857142857142855,3210.7739638752605,0.1,150,5,0.07333333333333333,0.5113662539299318,1.834800987121558,4.193548387096774
mtd_ai,200,0.0050489571839013305,0.5113636363636364,3741.9559427972904,0.15,150,5,0.07333333333333333,0.5113662539299318,1.834800987121558,4.193548387096774
mtd_ai,200,0.0050489571839013305,0.5357142857142857,4643.343835833668,0.2,150,5,0.07333333333333333,0.5113662539299318,1.834800987121558,4.193548387096774
mtd_ai,200,0.0050489571839013305,0.5434782608695652,5240.0860287591495,0.25,150,5,0.07333333333333333,0.5113662539299318,1.834800987121558,4.193548387096774
mtd_ai,200,0.005032812013796547,0.25862068965517243,3689.4350513741774,0.05,150,5,0.12222222222222222,0.3583901456138546,1.399443017439007,0.0
mtd_ai,200,0.005032812013796547,0.32608695652173914,4711.154717239659,0.1,150,5,0.12222222222222222,0.3583901456138546,1.399443017439007,0.0
mtd_ai,200,0.005032812013796547,0.375,5274.230728508674,0.15,150,5,0.12222222222222222,0.3583901456138546,1.399443017439007,0.0
mtd_ai,200,0.005032812013796547,0.4225352112676056,5678.262809444762,0.2,150,5,0.12222222222222222,0.3583901456138546,1.399443017439007,0.0
mtd_ai,200,0.005032812013796547,0.46875,6182.040343887508,0.25,150,5,0.12222222222222222,0.3583901456138546,1.399443017439007,0.0
mtd_ai,200,0.005057720290557439,0.3,2593.3825145697547,0.05,150,5,0.09333333333333334,0.14867975043667508,0.6389661681618707,0.0
mtd_ai,200,0.005057720290557439,0.2777777777777778,4341.3499165804305,0.1,150,5,0.09333333333333334,0.14867975043667508,0.6389661681618707,0.0
mtd_ai,200,0.005057720290557439,0.34615384615384615,5204.7957656659255,0.15,150,5,0.09333333333333334,0.14867975043667508,0.6389661681618707,0.0
mtd_ai,200,0.005057720290557439,0.38961038961038963,5908.938225396543,0.2,150,5,0.09333333333333334,0.14867975043667508,0.6389661681618707,0.0
mtd_ai,200,0.005057720290557439,0.4166666666666667,6910.719245016814,0.25,150,5,0.09333333333333334,0.14867975043667508,0.6389661681618707,0.0
mtd_ai,200,0.005063385054620637,0.3409090909090909,2450.327017281165,0.05,150,5,0.2222222222222222,0.2883647257789113,0.8597895414982658,0.0
mtd_ai,200,0.005063385054620637,0.42857142857142855,3371.823987919658,0.1,150,5,0.2222222222222222,0.2883647257789113,0.8597895414982658,0.0
mtd_ai,200,0.005063385054620637,0.4891304347826087,4052.0308442717346,0.15,150,5,0.2222222222222222,0.2883647257789113,0.8597895414982658,0.0
mtd_ai,200,0.005063385054620637,0.46875,5008.504871281484,0.2,150,5,0.2222222222222222,0.2883647257789113,0.8597895414982658,0.0
mtd_ai,200,0.005063385054620637,0.47468354430379744,5978.6711511484555,0.25,150,5,0.2222222222222222,0.2883647257789113,0.8597895414982658,0.0
mtd_ai,200,0.0050334738955891065,0.375,2035.1415912883617,0.05,150,5,0.085,0.13991545917345674,0.5901150260711917,0.0
mtd_ai,200,0.0050334738955891065,0.375,3646.6090279136906,0.1,150,5,0.085,0.13991545917345674,0.5901150260711917,0.0
mtd_ai,200,0.0050334738955891065,0.36885245901639346,5673.358794354002,0.15,150,5,0.085,0.13991545917345674,0.5901150260711917,0.0
mtd_ai,200,0.0050334738955891065,0.4,6785.03130259369,0.2,150,5,0.085,0.13991545917345674,0.5901150260711917,0.0
mtd_ai,200,0.0050334738955891065,0.4166666666666667,7440.969771499596,0.25,150,5,0.085,0.13991545917345674,0.5901150260711917,0.0
mtd_ai,200,0.005039453328487383,0.25862068965517243,2107.9646622127284,0.05,150,5,0.16,0.16673115264137636,0.5711851530047714,0.2727272727272727
mtd_ai,200,0.005039453328487383,0.35714285714285715,2946.6675039235142,0.1,150,5,0.16,0.16673115264137636,0.5711851530047714,0.2727272727272727
mtd_ai,200,0.005039453328487383,0.3629032258064516,4653.971827061876,0.15,150,5,0.16,0.16673115264137636,0.5711851530047714,0.2727272727272727
mtd_ai,200,0.005039453328487383,0.4,5884.082289042852,0.2,150,5,0.16,0.16673115264137636,0.5711851530047714,0.2727272727272727
mtd_ai,200,0.005039453328487383,0.42613636363636365,6592.270335624465,0.25,150,5,0.16,0.16673115264137636,0.5711851530047714,0.2727272727272727
mtd_ai,200,0.005056846193584631,0.3409090909090909,1844.8231192953913,0.05,150,5,0.18,0.26472724858484675,0.970854528444621,0.0
mtd_ai,200,0.005056846193584631,0.40540540540540543,2930.4590185328616,0.1,150,5,0.18,0.26472724858484675,0.970854528444621,0.0
mtd_ai,200,0.005056846193584631,0.4787234042553192,3449.2283532579895,0.15,150,5,0.18,0.26472724858484675,0.970854528444621,0.0
mtd_ai,200,0.005056846193584631,0.46875,4186.159726838385,0.2,150,5,0.18,0.26472724858484675,0.970854528444621,0.0
mtd_ai,200,0.005056846193584631,0.4807692307692308,5054.983265411461,0.25,150,5,0.18,0.26472724858484675,0.970854528444621,0.0
mtd_ai,200,0.00507955072199862,0.28846153846153844,2500.4559330382453,0.05,150,5,0.11611111111111112,0.4766509741200025,1.6755110625513303,0.0
mtd_ai,200,0.00507955072199862,0.36585365853658536,3636.705679325334,0.1,150,5,0.11611111111111112,0.4766509741200025,1.6755110625513303,0.0
mtd_ai,200,0.00507955072199862,0.4411764705882353,4312.097436924909,0.15,150,5,0.11611111111111112,0.4766509741200025,1.6755110625513303,0.0
mtd_ai,200,0.00507955072199862,0.4411764705882353,5684.614056112279,0.2,150,5,0.11611111111111112,0.4766509741200025,1.6755110625513303,0.0
mtd_ai,200,0.00507955072199862,0.487012987012987,5955.135946086888,0.25,150,5,0.11611111111111112,0.4766509741200025,1.6755110625513303,0.0
mtd_ai,200,0.005049128921378754,0.26785714285714285,3126.619748564898,0.05,150,5,0.13666666666666666,0.8560265272755462,1.956226491908215,0.0
mtd_ai,200,0.005049128921378754,0.2542372881355932,5610.3875651757,0.1,150,5,0.13666666666666666,0.8560265272755462,1.956226491908215,0.0
mtd_ai,200,0.005049128921378754,0.3,6390.703521311729,0.15,150,5,0.13666666666666666,0.8560265272755462,1.956226491908215,0.0
mtd_ai,200,0.005049128921378754,0.35714285714285715,6870.0846554984555,0.2,150,5,0.13666666666666666,0.8560265272755462,1.956226491908215,0.0
mtd_ai,200,0.005049128921378754,0.390625,7533.150357496025,0.25,150,5,0.13666666666666666,0.8560265272755462,1.956226491908215,0.0
mtd_ai,200,0.005074480383034946,0.4166666666666667,1320.5365164394825,0.05,150,5,0.19377777777777777,0.7736148527681544,1.4165005623439508,0.0
mtd_ai,200,0.005074480383034946,0.3333333333333333,3247.022733754785,0.1,150,5,0.19377777777777777,0.7736148527681544,1.4165005623439508,0.0
mtd_ai,200,0.005074480383034946,0.3813559322033898,3897.237418468171,0.15,150,5,0.19377777777777777,0.7736148527681544,1.4165005623439508,0.0
mtd_ai,200,0.005074480383034946,0.40540540540540543,4963.813398954265,0.2,150,5,0.19377777777777777,0.7736148527681544,1.4165005623439508,0.0
mtd_ai,200,0.005074480383034946,0.4411764705882353,5548.17079697338,0.25,150,5,0.19377777777777777,0.7736148527681544,1.4165005623439508,0.0
mtd_ai,200,0.005042473262701394,0.32608695652173914,2049.653824474211,0.05,150,5,0.09666666666666666,0.47470248354171274,2.083070989467489,5.148148148148148
mtd_ai,200,0.005042473262701394,0.40540540540540543,3043.983553674254,0.1,150,5,0.09666666666666666,0.47470248354171274,2.083070989467489,5.148148148148148
mtd_ai,200,0.005042473262701394,0.4326923076923077,4239.278263746748,0.15,150,5,0.09666666666666666,0.47470248354171274,2.083070989467489,5.148148148148148
mtd_ai,200,0.005042473262701394,0.46875,4905.558774471121,0.2,150,5,0.09666666666666666,0.47470248354171274,2.083070989467489,5.148148148148148
mtd_ai,200,0.005042473262701394,0.5,5573.620644535522,0.25,150,5,0.09666666666666666,0.47470248354171274,2.083070989467489,5.148148148148148
mtd_ai,200,0.005057374068232101,0.22727272727272727,3873.0458144915438,0.05,150,5,0.12466666666666666,0.37065495997856807,0.9393479618195977,0.0
mtd_ai,200,0.005057374068232101,0.3125,4765.908544370467,0.1,150,5,0.12466666666666666,0.37065495997856807,0.9393479618195977,0.0
mtd_ai,200,0.005057374068232101,0.3409090909090909,5910.307178308004,0.15,150,5,0.12466666666666666,0.37065495997856807,0.9393479618195977,0.0
mtd_ai,200,0.005057374068232101,0.375,6853.879865430013,0.2,150,5,0.12466666666666666,0.37065495997856807,0.9393479618195977,0.0
mtd_ai,200,0.005057374068232101,0.4076086956521739,7619.068761876272,0.25,150,5,0.12466666666666666,0.37065495997856807,0.9393479618195977,0.0
mtd_ai,200,0.005074776648403128,0.4166666666666667,1743.9114658601593,0.05,150,5,0.19771428571428573,4.226754293556225,4.87069464716104,0.0
mtd_ai,200,0.005074776648403128,0.42857142857142855,3034.0892336099805,0.1,150,5,0.19771428571428573,4.226754293556225,4.87069464716104,0.0
mtd_ai,200,0.005074776648403128,0.45,3920.238750299607,0.15,150,5,0.19771428571428573,4.226754293556225,4.87069464716104,0.0
mtd_ai,200,0.005074776648403128,0.45454545454545453,4957.228111714955,0.2,150,5,0.19771428571428573,4.226754293556225,4.87069464716104,0.0
mtd_ai,200,0.005074776648403128,0.4934210526315789,5491.5786624134425,0.25,150,5,0.19771428571428573,4.226754293556225,4.87069464716104,0.0
mtd_ai,200,0.005041096106465131,0.19230769230769232,5138.870293414218,0.05,150,5,0.10333333333333333,0.9345649283596951,3.05349623006727,0.0
mtd_ai,200,0.005041096106465131,0.2631578947368421,6797.306809395446,0.1,150,5,0.10333333333333333,0.9345649283596951,3.05349623006727,0.0
mtd_ai,200,0.005041096106465131,0.3409090909090909,7393.006316278492,0.15,150,5,0.10333333333333333,0.9345649283596951,3.05349623006727,0.0
mtd_ai,200,0.005041096106465131,0.38461538461538464,7868.321396583797,0.2,150,5,0.10333333333333333,0.9345649283596951,3.05349623006727,0.0
mtd_ai,200,0.005041096106465131,0.3640776699029126,9323.610582001736,0.25,150,5,0.10333333333333333,0.9345649283596951,3.05349623006727,0.0
mtd_ai,200,0.005071768102815446,0.2777777777777778,3002.8344289124334,0.05,150,5,0.14952380952380953,2.4905552287335415,4.004969329335087,0.0
mtd_ai,200,0.005071768102815446,0.3,4634.3018301955635,0.1,150,5,0.14952380952380953,2.4905552287335415,4.004969329335087,0.0
mtd_ai,200,0.005071768102815446,0.36885245901639346,5129.061118813668,0.15,150,5,0.14952380952380953,2.4905552287335415,4.004969329335087,0.0
mtd_ai,200,0.005071768102815446,0.4166666666666667,5727.952533551508,0.2,150,5,0.14952380952380953,2.4905552287335415,4.004969329335087,0.0
mtd_ai,200,0.005071768102815446,0.4411764705882353,6524.36414429147,0.25,150,5,0.14952380952380953,2.4905552287335415,4.004969329335087,0.0
mtd_ai,200,0.0050800089557626275,0.3,2593.4485846606312,0.05,150,5,0.2558139534883721,5.17024083523234,5.8486045398762965,0.0
mtd_ai,200,0.0050800089557626275,0.38461538461538464,3410.8185643222623,0.1,150,5,0.2558139534883721,5.17024083523234,5.8486045398762965,0.0
mtd_ai,200,0.0050800089557626275,0.45918367346938777,4124.858150353552,0.15,150,5,0.2558139534883721,5.17024083523234,5.8486045398762965,0.0
mtd_ai,200,0.0050800089557626275,0.46875,5140.510389090271,0.2,150,5,0.2558139534883721,5.17024083523234,5.8486045398762965,0.0
mtd_ai,200,0.0050800089557626275,0.5,5762.164705628196,0.25,150,5,0.2558139534883721,5.17024083523234,5.8486045398762965,0.0
mtd_ai,200,0.005037409742712921,0.32608695652173914,2355.4936243984785,0.05,150,5,0.1188888888888889,1.526041700509557,5.282605840950512,0.0
mtd_ai,200,0.005037409742712921,0.3333333333333333,4115.977257474643,0.1,150,5,0.1188888888888889,1.526041700509557,5.282605840950512,0.0
mtd_ai,200,0.005037409742712921,0.36885245901639346,5092.9447548444095,0.15,150,5,0.1188888888888889,1.526041700509557,5.282605840950512,0.0
mtd_ai,200,0.005037409742712921,0.410958904109589,5829.395660299029,0.2,150,5,0.1188888888888889,1.526041700509557,5.282605840950512,0.0
mtd_ai,200,0.005037409742712921,0.44642857142857145,6475.626650059081,0.25,150,5,0.1188888888888889,1.526041700509557,5.282605840950512,0.0
mtd_ai,200,0.005092994140932741,0.3,2385.294462214438,0.05,150,5,0.20280952380952383,1.5153884984772483,4.003847948333615,0.0
mtd_ai,200,0.005092994140932741,0.39473684210526316,3235.3937219305762,0.1,150,5,0.20280952380952383,1.5153884984772483,4.003847948333615,0.0
mtd_ai,200,0.005092994140932741,0.46875,3678.744847160982,0.15,150,5,0.20280952380952383,1.5153884984772483,4.003847948333615,0.0
mtd_ai,200,0.005092994140932741,0.5,4257.258162813796,0.2,150,5,0.20280952380952383,1.5153884984772483,4.003847948333615,0.0
mtd_ai,200,0.005092994140932741,0.5357142857142857,4929.133318774484,0.25,150,5,0.20280952380952383,1.5153884984772483,4.003847948333615,0.0
mtd_ai,200,0.005080965036114782,0.4411764705882353,1523.7970208663978,0.05,150,5,0.154,0.2833957153202871,0.9942550612298657,0.0
mtd_ai,200,0.005080965036114782,0.46875,2737.9970786460153,0.1,150,5,0.154,0.2833957153202871,0.9942550612298657,0.0
mtd_ai,200,0.005080965036114782,0.5,3841.9496619643705,0.15,150,5,0.154,0.2833957153202871,0.9942550612298657,0.0
mtd_ai,200,0.005080965036114782,0.5263157894736842,4882.649637614971,0.2,150,5,0.154,0.2833957153202871,0.9942550612298657,0.0
mtd_ai,200,0.005080965036114782,0.5434782608695652,5354.897447239593,0.25,150,5,0.154,0.2833957153202871,0.9942550612298657,0.0
mtd_ai,200,0.005055897739749522,0.234375,3800.868999517801,0.05,150,5,0.12333333333333334,0.9460947478235361,4.0221532880114905,0.0
mtd_ai,200,0.005055897739749522,0.3333333333333333,4936.613499806592,0.1,150,5,0.12333333333333334,0.9460947478235361,4.0221532880114905,0.0
mtd_ai,200,0.005055897739749522,0.36885245901639346,6113.608213228508,0.15,150,5,0.12333333333333334,0.9460947478235361,4.0221532880114905,0.0
mtd_ai,200,0.005055897739749522,0.4225352112676056,6495.585990711765,0.2,150,5,0.12333333333333334,0.9460947478235361,4.0221532880114905,0.0
mtd_ai,200,0.005055897739749522,0.43103448275862066,7194.357534639728,0.25,150,5,0.12333333333333334,0.9460947478235361,4.0221532880114905,0.0
mtd_ai,200,0.0050432766658164985,0.35714285714285715,1798.522037722718,0.05,150,5,0.16722222222222222,2.901607124473128,6.400655850015705,0.0
mtd_ai,200,0.0050432766658164985,0.39473684210526316,2912.0900731253587,0.1,150,5,0.16722222222222222,2.901607124473128,6.400655850015705,0.0
mtd_ai,200,0.0050432766658164985,0.46875,3344.6958219659973,0.15,150,5,0.16722222222222222,2.901607124473128,6.400655850015705,0.0
mtd_ai,200,0.0050432766658164985,0.47619047619047616,4690.792004092715,0.2,150,5,0.16722222222222222,2.901607124473128,6.400655850015705,0.0
mtd_ai,200,0.0050432766658164985,0.46875,6171.459114037796,0.25,150,5,0.16722222222222222,2.901607124473128,6.400655850015705,0.0
mtd_ai,200,0.005086118146638397,0.3409090909090909,1639.5370370932542,0.05,150,5,0.09,1.8068315760173368,5.633195363429086,0.0
mtd_ai,200,0.005086118146638397,0.36585365853658536,3415.8669802527456,0.1,150,5,0.09,1.8068315760173368,5.633195363429086,0.0
mtd_ai,200,0.005086118146638397,0.45,3803.7648737329037,0.15,150,5,0.09,1.8068315760173368,5.633195363429086,0.0
mtd_ai,200,0.005086118146638397,0.5,4185.948410120072,0.2,150,5,0.09,1.8068315760173368,5.633195363429086,0.0
mtd_ai,200,0.005086118146638397,0.528169014084507,4801.247003627079,0.25,150,5,0.09,1.8068315760173368,5.633195363429086,0.0
mtd_ai,200,0.005054090736337479,0.25,2339.1417956426494,0.05,150,5,0.1272222222222222,0.7640903342746835,2.5303302146058653,0.0
mtd_ai,200,0.005054090736337479,0.22727272727272727,5120.626209145197,0.1,150,5,0.1272222222222222,0.7640903342746835,2.5303302146058653,0.0
mtd_ai,200,0.005054090736337479,0.28846153846153844,5873.226377565035,0.15,150,5,0.1272222222222222,0.7640903342746835,2.5303302146058653,0.0
mtd_ai,200,0.005054090736337479,0.3333333333333333,6490.0624465536275,0.2,150,5,0.1272222222222222,0.7640903342746835,2.5303302146058653,0.0
mtd_ai,200,0.005054090736337479,0.3472222222222222,7145.258924692895,0.25,150,5,0.1272222222222222,0.7640903342746835,2.5303302146058653,0.0
mtd_ai,200,0.005040393645791274,0.3,2534.65024808937,0.05,150,5,0.12,0.620717621850346,2.051033997339516,0.0
mtd_ai,200,0.005040393645791274,0.36585365853658536,3458.5816143163906,0.1,150,5,0.12,0.620717621850346,2.051033997339516,0.0
mtd_ai,200,0.005040393645791274,0.36885245901639346,5314.437467695534,0.15,150,5,0.12,0.620717621850346,2.051033997339516,0.0
mtd_ai,200,0.005040393645791274,0.4166666666666667,5818.527581526192,0.2,150,5,0.12,0.620717621850346,2.051033997339516,0.0
mtd_ai,200,0.005040393645791274,0.46296296296296297,6322.270240124555,0.25,150,5,0.12,0.620717621850346,2.051033997339516,0.0
mtd_ai,200,0.005060526999621609,0.26785714285714285,2998.5869962387137,0.05,150,5,0.17814285714285713,0.021492538048111534,0.0721972979860403,0.0
mtd_ai,200,0.005060526999621609,0.3333333333333333,4108.582558653225,0.1,150,5,0.17814285714285713,0.021492538048111534,0.0721972979860403,0.0
mtd_ai,200,0.005060526999621609,0.3515625,5305.032588817481,0.15,150,5,0.17814285714285713,0.021492538048111534,0.0721972979860403,0.0
mtd_ai,200,0.005060526999621609,0.36585365853658536,6915.776592089458,0.2,150,5,0.17814285714285713,0.021492538048111534,0.0721972979860403,0.0
mtd_ai,200,0.005060526999621609,0.42134831460674155,7258.35612973215,0.25,150,5,0.17814285714285713,0.021492538048111534,0.0721972979860403,0.0
mtd_ai,200,0.00507279880148882,0.20833333333333334,3120.2673871394795,0.05,150,5,0.16666666666666666,0.13838316530718237,0.13958294457258602,0.0
mtd_ai,200,0.00507279880148882,0.3125,3841.0508896410524,0.1,150,5,0.16666666666666666,0.13838316530718237,0.13958294457258602,0.0
mtd_ai,200,0.00507279880148882,0.3813559322033898,4583.150536244795,0.15,150,5,0.16666666666666666,0.13838316530718237,0.13958294457258602,0.0
mtd_ai,200,0.00507279880148882,0.39473684210526316,5430.776234720017,0.2,150,5,0.16666666666666666,0.13838316530718237,0.13958294457258602,0.0
mtd_ai,200,0.00507279880148882,0.4411764705882353,5837.816819894902,0.25,150,5,0.16666666666666666,0.13838316530718237,0.13958294457258602,0.0
mtd_ai,200,0.005034256875459656,0.25862068965517243,3123.7595305561886,0.05,150,5,0.115,2.6169830837858297,5.302563809880032,0.0
mtd_ai,200,0.005034256875459656,0.36585365853658536,3918.696796910596,0.1,150,5,0.115,2.6169830837858297,5.302563809880032,0.0
mtd_ai,200,0.005034256875459656,0.36885245901639346,5178.272366511825,0.15,150,5,0.115,2.6169830837858297,5.302563809880032,0.0
mtd_ai,200,0.005034256875459656,0.375,6206.649989612613,0.2,150,5,0.115,2.6169830837858297,5.302563809880032,0.0
mtd_ai,200,0.005034256875459656,0.42134831460674155,6583.195214433716,0.25,150,5,0.115,2.6169830837858297,5.302563809880032,0.0
mtd_ai,200,0.005082911638086826,0.32608695652173914,2344.6539817100647,0.05,150,5,0.0938888888888889,0.4778542890505222,1.4026783305644224,0.0
mtd_ai,200,0.005082911638086826,0.35714285714285715,4025.730304826337,0.1,150,5,0.0938888888888889,0.4778542890505222,1.4026783305644224,0.0
mtd_ai,200,0.005082911638086826,0.42452830188679247,4856.84222566982,0.15,150,5,0.0938888888888889,0.4778542890505222,1.4026783305644224,0.0
mtd_ai,200,0.005082911638086826,0.46875,5307.60758592248,0.2,150,5,0.0938888888888889,0.4778542890505222,1.4026783305644224,0.0
mtd_ai,200,0.005082911638086826,0.5136986301369864,5598.8921668530365,0.25,150,5,0.0938888888888889,0.4778542890505222,1.4026783305644224,0.0
mtd_ai,200,0.005051657084491532,0.26785714285714285,1948.7176883820448,0.05,150,5,0.18666666666666668,1.1204335563903733,4.22216877104882,0.0
mtd_ai,200,0.005051657084491532,0.32608695652173914,3355.316292167382,0.1,150,5,0.18666666666666668,1.1204335563903733,4.22216877104882,0.0
mtd_ai,200,0.005051657084491532,0.3629032258064516,4345.999909327331,0.15,150,5,0.18666666666666668,1.1204335563903733,4.22216877104882,0.0
mtd_ai,200,0.005051657084491532,0.39473684210526316,5213.513013215202,0.2,150,5,0.18666666666666668,1.1204335563903733,4.22216877104882,0.0
mtd_ai,200,0.005051657084491532,0.42613636363636365,5639.283957751052,0.25,150,5,0.18666666666666668,1.1204335563903733,4.22216877104882,0.0
mtd_ai,200,0.005068141598353721,0.3,2443.678997425899,0.05,150,5,0.12,0.2058084954366783,0.895226036305514,0.0
mtd_ai,200,0.005068141598353721,0.3333333333333333,3732.212821534122,0.1,150,5,0.12,0.2058084954366783,0.895226036305514,0.0
mtd_ai,200,0.005068141598353721,0.4017857142857143,4286.265155830671,0.15,150,5,0.12,0.2058084954366783,0.895226036305514,0.0
mtd_ai,200,0.005068141598353721,0.44776119402985076,4807.925754152897,0.2,150,5,0.12,0.2058084954366783,0.895226036305514,0.0
mtd_ai,200,0.005068141598353721,0.46875,5857.616189255426,0.25,150,5,0.12,0.2058084954366783,0.895226036305514,0.0
mtd_ai,200,0.005048735463174014,0.4166666666666667,1704.342666584738,0.05,150,5,0.11,0.5420289283832112,2.1881695546105036,0.0
mtd_ai,200,0.005048735463174014,0.45454545454545453,2571.9004233803,0.1,150,5,0.11,0.5420289283832112,2.1881695546105036,0.0
mtd_ai,200,0.005048735463174014,0.4411764705882353,3922.559422851855,0.15,150,5,0.11,0.5420289283832112,2.1881695546105036,0.0
mtd_ai,200,0.005048735463174014,0.4838709677419355,4350.671307508253,0.2,150,5,0.11,0.5420289283832112,2.1881695546105036,0.0
mtd_ai,200,0.005048735463174014,0.5067567567567568,4796.205406751117,0.25,150,5,0.11,0.5420289283832112,2.1881695546105036,0.0
mtd_ai,200,0.005044193149995243,0.3409090909090909,2379.7287817720107,0.05,150,5,0.19047619047619047,2.7652363369155024,6.007584317377453,0.0
mtd_ai,200,0.005044193149995243,0.4166666666666667,3465.7562260242594,0.1,150,5,0.19047619047619047,2.7652363369155024,6.007584317377453,0.0
mtd_ai,200,0.005044193149995243,0.45,4858.793922466975,0.15,150,5,0.19047619047619047,2.7652363369155024,6.007584317377453,0.0
mtd_ai,200,0.005044193149995243,0.4838709677419355,5605.168127030746,0.2,150,5,0.19047619047619047,2.7652363369155024,6.007584317377453,0.0
mtd_ai,200,0.005044193149995243,0.5136986301369864,6183.879503565826,0.25,150,5,0.19047619047619047,2.7652363369155024,6.007584317377453,0.0
mtd_ai,200,0.005033284680547068,0.3409090909090909,2367.0716867182487,0.05,150,5,0.1877777777777778,0.726949214748709,3.053821524611244,0.0
mtd_ai,200,0.005033284680547068,0.375,4280.3667639753385,0.1,150,5,0.1877777777777778,0.726949214748709,3.053821524611244,0.0
mtd_ai,200,0.005033284680547068,0.3879310344827586,5598.058115909262,0.15,150,5,0.1877777777777778,0.726949214748709,3.053821524611244,0.0
mtd_ai,200,0.005033284680547068,0.4411764705882353,6079.083282351055,0.2,150,5,0.1877777777777778,0.726949214748709,3.053821524611244,0.0
mtd_ai,200,0.005033284680547068,0.4573170731707317,6952.010863347048,0.25,150,5,0.1877777777777778,0.726949214748709,3.053821524611244,0.0
mtd_ai,200,0.0050678224498200645,0.26785714285714285,2624.9018826424654,0.05,150,5,0.10069841269841269,0.5273460369353529,1.868939545537469,0.0
mtd_ai,200,0.0050678224498200645,0.36585365853658536,3558.3296692560302,0.1,150,5,0.10069841269841269,0.5273460369353529,1.868939545537469,0.0
mtd_ai,200,0.0050678224498200645,0.4090909090909091,4856.017863351204,0.15,150,5,0.10069841269841269,0.5273460369353529,1.868939545537469,0.0
mtd_ai,200,0.0050678224498200645,0.4,5779.399024971974,0.2,150,5,0.10069841269841269,0.5273460369353529,1.868939545537469,0.0
mtd_ai,200,0.0050678224498200645,0.44642857142857145,6151.633428317553,0.25,150,5,0.10069841269841269,0.5273460369353529,1.868939545537469,0.0
mtd_ai,200,0.005045560485416887,0.4411764705882353,1722.802623239373,0.05,150,5,0.1857777777777778,0.9981255464906439,3.333941008184223,0.0
mtd_ai,200,0.005045560485416887,0.4166666666666667,3342.6531768077875,0.1,150,5,0.1857777777777778,0.9981255464906439,3.333941008184223,0.0
mtd_ai,200,0.005045560485416887,0.4166666666666667,4713.479947687752,0.15,150,5,0.1857777777777778,0.9981255464906439,3.333941008184223,0.0
mtd_ai,200,0.005045560485416887,0.44776119402985076,5470.836375999994,0.2,150,5,0.1857777777777778,0.9981255464906439,3.333941008184223,0.0
mtd_ai,200,0.005045560485416887,0.4934210526315789,5812.78484430237,0.25,150,5,0.1857777777777778,0.9981255464906439,3.333941008184223,0.0
mtd_ai,200,0.00503674137734553,0.4166666666666667,1648.205737387022,0.05,150,5,0.10166666666666667,0.07329388400354209,0.13966591542316864,0.0
mtd_ai,200,0.00503674137734553,0.3191489361702128,5092.64928681482,0.1,150,5,0.10166666666666667,0.07329388400354209,0.13966591542316864,0.0
mtd_ai,200,0.00503674137734553,0.3515625,5786.652805982621,0.15,150,5,0.10166666666666667,0.07329388400354209,0.13966591542316864,0.0
mtd_ai,200,0.00503674137734553,0.379746835443038,6418.173507503752,0.2,150,5,0.10166666666666667,0.07329388400354209,0.13966591542316864,0.0
mtd_ai,200,0.00503674137734553,0.4166666666666667,7110.717362675091,0.25,150,5,0.10166666666666667,0.07329388400354209,0.13966591542316864,0.0
mtd_ai,200,0.005049475906587602,0.2777777777777778,2742.5251376356555,0.05,150,5,0.06777777777777777,0.83069748505154,3.364644199608711,0.0
mtd_ai,200,0.005049475906587602,0.36585365853658536,3679.211618336266,0.1,150,5,0.06777777777777777,0.83069748505154,3.364644199608711,0.0
mtd_ai,200,0.005049475906587602,0.4326923076923077,4181.027072120874,0.15,150,5,0.06777777777777777,0.83069748505154,3.364644199608711,0.0
mtd_ai,200,0.005049475906587602,0.47619047619047616,4765.6085914969235,0.2,150,5,0.06777777777777777,0.83069748505154,3.364644199608711,0.0
mtd_ai,200,0.005049475906587602,0.5067567567567568,5602.12239437455,0.25,150,5,0.06777777777777777,0.83069748505154,3.364644199608711,0.0
mtd_ai,200,0.005039719557880566,0.2777777777777778,2867.3502410268375,0.05,150,5,0.13166666666666665,0.6249092453516274,0.8743870398356949,3.3421052631578947
mtd_ai,200,0.005039719557880566,0.375,3678.7037095961623,0.1,150,5,0.13166666666666665,0.6249092453516274,0.8743870398356949,3.3421052631578947
mtd_ai,200,0.005039719557880566,0.45,4172.362440806372,0.15,150,5,0.13166666666666665,0.6249092453516274,0.8743870398356949,3.3421052631578947
mtd_ai,200,0.005039719557880566,0.46153846153846156,5337.321094800687,0.2,150,5,0.13166666666666665,0.6249092453516274,0.8743870398356949,3.3421052631578947
mtd_ai,200,0.005039719557880566,0.46296296296296297,6501.46279354852,0.25,150,5,0.13166666666666665,0.6249092453516274,0.8743870398356949,3.3421052631578947
mtd_ai,200,0.005033564581846061,0.24193548387096775,4002.609103227407,0.05,150,5,0.14555555555555555,0.5727009685385412,1.9436707135179043,0.0
mtd_ai,200,0.005033564581846061,0.30612244897959184,5608.643461755957,0.1,150,5,0.14555555555555555,0.5727009685385412,1.9436707135179043,0.0
mtd_ai,200,0.005033564581846061,0.3358208955223881,6578.545553908223,0.15,150,5,0.14555555555555555,0.5727009685385412,1.9436707135179043,0.0
mtd_ai,200,0.005033564581846061,0.3488372093023256,7562.781390352384,0.2,150,5,0.14555555555555555,0.5727009685385412,1.9436707135179043,0.0
mtd_ai,200,0.005033564581846061,0.390625,7925.173979135319,0.25,150,5,0.14555555555555555,0.5727009685385412,1.9436707135179043,0.0
mtd_ai,200,0.005062231655213186,0.3409090909090909,2254.410097487,0.05,150,5,0.06333333333333334,0.49384156777154764,1.85591836813186,0.0
mtd_ai,200,0.005062231655213186,0.3409090909090909,3923.6788413241643,0.1,150,5,0.06333333333333334,0.49384156777154764,1.85591836813186,0.0
mtd_ai,200,0.005062231655213186,0.4166666666666667,4921.94290423719,0.15,150,5,0.06333333333333334,0.49384156777154764,1.85591836813186,0.0
mtd_ai,200,0.005062231655213186,0.44776119402985076,5603.74228670127,0.2,150,5,0.06333333333333334,0.49384156777154764,1.85591836813186,0.0
mtd_ai,200,0.005062231655213186,0.4807692307692308,6479.745326676757,0.25,150,5,0.06333333333333334,0.49384156777154764,1.85591836813186,0.0
mtd_ai,200,0.005050303231499819,0.3409090909090909,1713.7473988836657,0.05,150,5,0.09111111111111111,1.059652167545005,2.5229346567066444,0.0
mtd_ai,200,0.005050303231499819,0.375,3682.4949711079344,0.1,150,5,0.09111111111111111,1.059652167545005,2.5229346567066444,0.0
mtd_ai,200,0.005050303231499819,0.4411764705882353,4424.783316781641,0.15,150,5,0.09111111111111111,1.059652167545005,2.5229346567066444,0.0
mtd_ai,200,0.005050303231499819,0.46153846153846156,5181.147363409198,0.2,150,5,0.09111111111111111,1.059652167545005,2.5229346567066444,0.0
mtd_ai,200,0.005050303231499819,0.5,5559.865584200491,0.25,150,5,0.09111111111111111,1.059652167545005,2.5229346567066444,0.0
mtd_ai,200,0.005078488750042784,0.4166666666666667,1533.622630760346,0.05,150,5,0.11333333333333333,0.8970585569825773,1.6605615976009747,0.0
mtd_ai,200,0.005078488750042784,0.5555555555555556,1976.7891767084716,0.1,150,5,0.11333333333333333,0.8970585569825773,1.6605615976009747,0.0
mtd_ai,200,0.005078488750042784,0.6081081081081081,2433.232190058991,0.15,150,5,0.11333333333333333,0.8970585569825773,1.6605615976009747,0.0
mtd_ai,200,0.005078488750042784,0.6521739130434783,2979.0456714282705,0.2,150,5,0.11333333333333333,0.8970585569825773,1.6605615976009747,0.0
mtd_ai,200,0.005078488750042784,0.6578947368421053,3632.5435513920193,0.25,150,5,0.11333333333333333,0.8970585569825773,1.6605615976009747,0.0
mtd_ai,200,0.00508265709018369,0.39473684210526316,2008.254325379967,0.05,150,5,0.17333333333333334,0.21256548997368568,0.8825153131330273,0.0
mtd_ai,200,0.00508265709018369,0.42857142857142855,3198.9010420434433,0.1,150,5,0.17333333333333334,0.21256548997368568,0.8825153131330273,0.0
mtd_ai,200,0.00508265709018369,0.4411764705882353,4560.575713822449,0.15,150,5,0.17333333333333334,0.21256548997368568,0.8825153131330273,0.0
mtd_ai,200,0.00508265709018369,0.4918032786885246,5059.01904276968,0.2,150,5,0.17333333333333334,0.21256548997368568,0.8825153131330273,0.0
mtd_ai,200,0.00508265709018369,0.5514705882352942,5296.173895937415,0.25,150,5,0.17333333333333334,0.21256548997368568,0.8825153131330273,0.0
mtd_ai,200,0.005079729237033463,0.32608695652173914,2025.0069144209021,0.05,150,5,0.1,0.21768720018373128,0.5963008617691756,0.0
mtd_ai,200,0.005079729237033463,0.4166666666666667,2847.5239863438155,0.1,150,5,0.1,0.21768720018373128,0.5963008617691756,0.0
mtd_ai,200,0.005079729237033463,0.45918367346938777,3693.482139558308,0.15,150,5,0.1,0.21768720018373128,0.5963008617691756,0.0
mtd_ai,200,0.005079729237033463,0.46153846153846156,4381.078991629297,0.2,150,5,0.1,0.21768720018373128,0.5963008617691756,0.0
mtd_ai,200,0.005079729237033463,0.4934210526315789,5323.479681180219,0.25,150,5,0.1,0.21768720018373128,0.5963008617691756,0.0
mtd_ai,200,0.005090192732409616,0.39473684210526316,1442.8227745413255,0.05,150,5,0.13444444444444445,0.23444738482141034,0.9429459474698854,0.0
mtd_ai,200,0.005090192732409616,0.46875,2255.9864551997575,0.1,150,5,0.13444444444444445,0.23444738482141034,0.9429459474698854,0.0
mtd_ai,200,0.005090192732409616,0.4891304347826087,3499.5064012689268,0.15,150,5,0.13444444444444445,0.23444738482141034,0.9429459474698854,0.0
mtd_ai,200,0.005090192732409616,0.5172413793103449,4067.0002817463787,0.2,150,5,0.13444444444444445,0.23444738482141034,0.9429459474698854,0.0
mtd_ai,200,0.005090192732409616,0.5514705882352942,4889.057886621178,0.25,150,5,0.13444444444444445,0.23444738482141034,0.9429459474698854,0.0
mtd_ai,200,0.005085679030202859,0.28846153846153844,2258.0489993443957,0.05,150,5,0.21199206349206348,0.17266199905696442,0.5986234732668584,0.0
mtd_ai,200,0.005085679030202859,0.3488372093023256,3581.5735243507525,0.1,150,5,0.21199206349206348,0.17266199905696442,0.5986234732668584,0.0
mtd_ai,200,0.005085679030202859,0.4017857142857143,4232.383976619861,0.15,150,5,0.21199206349206348,0.17266199905696442,0.5986234732668584,0.0
mtd_ai,200,0.005085679030202859,0.43478260869565216,4993.513494887928,0.2,150,5,0.21199206349206348,0.17266199905696442,0.5986234732668584,0.0
mtd_ai,200,0.005085679030202859,0.4807692307692308,5327.4841638295475,0.25,150,5,0.21199206349206348,0.17266199905696442,0.5986234732668584,0.0
mtd_ai,200,0.005024479054825858,0.1595744680851064,4748.016215585403,0.05,150,5,0.3333333333333333,0.24094039070032086,0.9908340246911855,-4.0588235294117645
mtd_ai,200,0.005024479054825858,0.2459016393442623,5923.724020786616,0.1,150,5,0.3333333333333333,0.24094039070032086,0.9908340246911855,-4.0588235294117645
mtd_ai,200,0.005024479054825858,0.2848101265822785,6674.127222951951,0.15,150,5,0.3333333333333333,0.24094039070032086,0.9908340246911855,-4.0588235294117645
mtd_ai,200,0.005024479054825858,0.30303030303030304,7496.63937429462,0.2,150,5,0.3333333333333333,0.24094039070032086,0.9908340246911855,-4.0588235294117645
mtd_ai,200,0.005024479054825858,0.33783783783783783,8304.285301471837,0.25,150,5,0.3333333333333333,0.24094039070032086,0.9908340246911855,-4.0588235294117645
mtd_ai,200,0.00508197106841899,0.5,1355.3307120365018,0.05,150,5,0.08444444444444445,37.12690433978429,1.274176766277498,0.0
mtd_ai,200,0.00508197106841899,0.42857142857142855,3772.964914611707,0.1,150,5,0.08444444444444445,37.12690433978429,1.274176766277498,0.0
mtd_ai,200,0.00508197106841899,0.4891304347826087,4387.2327185813565,0.15,150,5,0.08444444444444445,37.12690433978429,1.274176766277498,0.0
mtd_ai,200,0.00508197106841899,0.5454545454545454,4764.241995411716,0.2,150,5,0.08444444444444445,37.12690433978429,1.274176766277498,0.0
mtd_ai,200,0.00508197106841899,0.5681818181818182,5547.5740468940985,0.25,150,5,0.08444444444444445,37.12690433978429,1.274176766277498,0.0
mtd_ai,200,0.005062876697604209,0.20833333333333334,3015.7829770524586,0.05,150,5,0.16666666666666666,0.49955708871664883,0.7892475270256588,0.0
mtd_ai,200,0.005062876697604209,0.3,3763.7395912407924,0.1,150,5,0.16666666666666666,0.49955708871664883,0.7892475270256588,0.0
mtd_ai,200,0.005062876697604209,0.34615384615384615,4713.967130592317,0.15,150,5,0.16666666666666666,0.49955708871664883,0.7892475270256588,0.0
mtd_ai,200,0.005062876697604209,0.36585365853658536,5698.38794165925,0.2,150,5,0.16666666666666666,0.49955708871664883,0.7892475270256588,0.0
mtd_ai,200,0.005062876697604209,0.390625,6957.439488124322,0.25,150,5,0.16666666666666666,0.49955708871664883,0.7892475270256588,0.0
mtd_ai,200,0.005040128288911415,0.32608695652173914,1881.7361811801825,0.05,150,5,0.18055555555555552,0.474623766325554,1.8214246669116014,0.0
mtd_ai,200,0.005040128288911415,0.35714285714285715,3487.4855453343066,0.1,150,5,0.18055555555555552,0.474623766325554,1.8214246669116014,0.0
mtd_ai,200,0.005040128288911415,0.36885245901639346,4380.120758252664,0.15,150,5,0.18055555555555552,0.474623766325554,1.8214246669116014,0.0
mtd_ai,200,0.005040128288911415,0.40540540540540543,5050.691541841446,0.2,150,5,0.18055555555555552,0.474623766325554,1.8214246669116014,0.0
mtd_ai,200,0.005040128288911415,0.42613636363636365,5965.799986551312,0.25,150,5,0.18055555555555552,0.474623766325554,1.8214246669116014,0.0
mtd_ai,200,0.005068180052099915,0.3409090909090909,2268.4623705996564,0.05,150,5,0.11,2.411329304585761,4.764291368203662,0.0
mtd_ai,200,0.005068180052099915,0.3125,3857.378333008465,0.1,150,5,0.11,2.411329304585761,4.764291368203662,0.0
mtd_ai,200,0.005068180052099915,0.34615384615384615,4708.129595450067,0.15,150,5,0.11,2.411329304585761,4.764291368203662,0.0
mtd_ai,200,0.005068180052099915,0.35714285714285715,5831.789929163491,0.2,150,5,0.11,2.411329304585761,4.764291368203662,0.0
mtd_ai,200,0.005068180052099915,0.39893617021276595,6313.131133583551,0.25,150,5,0.11,2.411329304585761,4.764291368203662,0.0
mtd_ai,200,0.005064836885932655,0.4411764705882353,1732.0497528619012,0.05,150,5,0.21212121212121213,0.4728586790316917,1.9059946935916348,0.0
mtd_ai,200,0.005064836885932655,0.45454545454545453,3161.9547332151133,0.1,150,5,0.21212121212121213,0.4728586790316917,1.9059946935916348,0.0
mtd_ai,200,0.005064836885932655,0.4411764705882353,4613.686021674183,0.15,150,5,0.21212121212121213,0.4728586790316917,1.9059946935916348,0.0
mtd_ai,200,0.005064836885932655,0.43478260869565216,6153.599785720332,0.2,150,5,0.21212121212121213,0.4728586790316917,1.9059946935916348,0.0
mtd_ai,200,0.005064836885932655,0.4573170731707317,6790.392835827511,0.25,150,5,0.21212121212121213,0.4728586790316917,1.9059946935916348,0.0
mtd_ai,200,0.005050241056538893,0.3409090909090909,1785.4431700427042,0.05,150,5,0.10587301587301587,0.6138832687077784,1.5305837818587174,0.0
mtd_ai,200,0.005050241056538893,0.38461538461538464,3231.889155331428,0.1,150,5,0.10587301587301587,0.6138832687077784,1.5305837818587174,0.0
mtd_ai,200,0.005050241056538893,0.45,4012.128691994867,0.15,150,5,0.10587301587301587,0.6138832687077784,1.5305837818587174,0.0
mtd_ai,200,0.005050241056538893,0.45454545454545453,4912.226387549868,0.2,150,5,0.10587301587301587,0.6138832687077784,1.5305837818587174,0.0
mtd_ai,200,0.005050241056538893,0.47468354430379744,5547.680944416993,0.25,150,5,0.10587301587301587,0.6138832687077784,1.5305837818587174,0.0
mtd_ai,200,0.005089294246847863,0.3125,2709.8751012399757,0.05,150,5,0.1577777777777778,0.04347387281176026,0.1841033736831023,0.0
mtd_ai,200,0.005089294246847863,0.39473684210526316,3325.926299339942,0.1,150,5,0.1577777777777778,0.04347387281176026,0.1841033736831023,0.0
mtd_ai,200,0.005089294246847863,0.4891304347826087,3738.4439383700546,0.15,150,5,0.1577777777777778,0.04347387281176026,0.1841033736831023,0.0
mtd_ai,200,0.005089294246847863,0.5172413793103449,4237.75822200043,0.2,150,5,0.1577777777777778,0.04347387281176026,0.1841033736831023,0.0
mtd_ai,200,0.005089294246847863,0.5597014925373134,4640.431004495112,0.25,150,5,0.1577777777777778,0.04347387281176026,0.1841033736831023,0.0
mtd_ai,200,0.005067618573997693,0.28846153846153844,2244.791425577021,0.05,150,5,0.1451111111111111,1.0760667419870205,2.417607967299652,0.0
mtd_ai,200,0.005067618573997693,0.3125,4540.9870734718625,0.1,150,5,0.1451111111111111,1.0760667419870205,2.417607967299652,0.0
mtd_ai,200,0.005067618573997693,0.3879310344827586,5097.261401676955,0.15,150,5,0.1451111111111111,1.0760667419870205,2.417607967299652,0.0
mtd_ai,200,0.005067618573997693,0.42857142857142855,5676.338972975134,0.2,150,5,0.1451111111111111,1.0760667419870205,2.417607967299652,0.0
mtd_ai,200,0.005067618573997693,0.46296296296296297,6242.029675333435,0.25,150,5,0.1451111111111111,1.0760667419870205,2.417607967299652,0.0
mtd_ai,200,0.005040532549978809,0.4166666666666667,1551.5161666150916,0.05,150,5,0.12666666666666668,1.6734097306194549,1.5876571665882793,0.0
mtd_ai,200,0.005040532549978809,0.38461538461538464,2742.390592912723,0.1,150,5,0.12666666666666668,1.6734097306194549,1.5876571665882793,0.0
mtd_ai,200,0.005040532549978809,0.3879310344827586,3587.3592404407364,0.15,150,5,0.12666666666666668,1.6734097306194549,1.5876571665882793,0.0
mtd_ai,200,0.005040532549978809,0.40540540540540543,4840.477924498803,0.2,150,5,0.12666666666666668,1.6734097306194549,1.5876571665882793,0.0
mtd_ai,200,0.005040532549978809,0.4411764705882353,5513.17730220261,0.25,150,5,0.12666666666666668,1.6734097306194549,1.5876571665882793,0.0
mtd_ai,200,0.005042382563126289,0.375,2072.1070080974305,0.05,150,5,0.17892592592592593,1.9331166881906536,1.3366348376617831,0.0
mtd_ai,200,0.005042382563126289,0.35714285714285715,4205.390213635443,0.1,150,5,0.17892592592592593,1.9331166881906536,1.3366348376617831,0.0
mtd_ai,200,0.005042382563126289,0.4326923076923077,4834.344020186381,0.15,150,5,0.17892592592592593,1.9331166881906536,1.3366348376617831,0.0
mtd_ai,200,0.005042382563126289,0.44776119402985076,5427.752328793833,0.2,150,5,0.17892592592592593,1.9331166881906536,1.3366348376617831,0.0
mtd_ai,200,0.005042382563126289,0.47468354430379744,5887.392582752026,0.25,150,5,0.17892592592592593,1.9331166881906536,1.3366348376617831,0.0
mtd_ai,200,0.005070036710146528,0.3125,1915.2810545997104,0.05,150,5,0.17444444444444443,2.1932781104420225,6.183833481343754,0.0
mtd_ai,200,0.005070036710146528,0.3409090909090909,3488.4955969760617,0.1,150,5,0.17444444444444443,2.1932781104420225,6.183833481343754,0.0
mtd_ai,200,0.005070036710146528,0.3813559322033898,4090.0908680303414,0.15,150,5,0.17444444444444443,2.1932781104420225,6.183833481343754,0.0
mtd_ai,200,0.005070036710146528,0.40540540540540543,5022.54941389546,0.2,150,5,0.17444444444444443,2.1932781104420225,6.183833481343754,0.0
mtd_ai,200,0.005070036710146528,0.4411764705882353,5596.83425129995,0.25,150,5,0.17444444444444443,2.1932781104420225,6.183833481343754,0.0
mtd_ai,200,0.0050471809148154335,0.3125,1992.3685980956957,0.05,150,5,0.14200000000000002,3.295202772942214,3.3544538558417862,0.0
mtd_ai,200,0.0050471809148154335,0.375,3360.840016859788,0.1,150,5,0.14200000000000002,3.295202772942214,3.3544538558417862,0.0
mtd_ai,200,0.0050471809148154335,0.4411764705882353,3920.0284366241976,0.15,150,5,0.14200000000000002,3.295202772942214,3.3544538558417862,0.0
mtd_ai,200,0.0050471809148154335,0.46875,4644.366229937703,0.2,150,5,0.14200000000000002,3.295202772942214,3.3544538558417862,0.0
mtd_ai,200,0.0050471809148154335,0.46875,5357.034194688018,0.25,150,5,0.14200000000000002,3.295202772942214,3.3544538558417862,0.0
mtd_ai,200,0.005046866033230436,0.28846153846153844,1965.8358760273616,0.05,150,5,0.10416666666666667,0.3171858072560615,1.102456501112285,0.0
mtd_ai,200,0.005046866033230436,0.36585365853658536,3190.2120242964606,0.1,150,5,0.10416666666666667,0.3171858072560615,1.102456501112285,0.0
mtd_ai,200,0.005046866033230436,0.3813559322033898,4364.806043286964,0.15,150,5,0.10416666666666667,0.3171858072560615,1.102456501112285,0.0
mtd_ai,200,0.005046866033230436,0.4,5287.010304328478,0.2,150,5,0.10416666666666667,0.3171858072560615,1.102456501112285,0.0
mtd_ai,200,0.005046866033230436,0.436046511627907,5793.050134589241,0.25,150,5,0.10416666666666667,0.3171858072560615,1.102456501112285,0.0
mtd_ai,200,0.005064325046266014,0.28846153846153844,2385.0947244516997,0.05,150,5,0.10666666666666667,1.191859237176248,4.263312630553886,0.0
mtd_ai,200,0.005064325046266014,0.3488372093023256,3868.240998299424,0.1,150,5,0.10666666666666667,1.191859237176248,4.263312630553886,0.0
mtd_ai,200,0.005064325046266014,0.4017857142857143,5092.7123105514165,0.15,150,5,0.10666666666666667,1.191859237176248,4.263312630553886,0.0
mtd_ai,200,0.005064325046266014,0.44776119402985076,5497.426757817533,0.2,150,5,0.10666666666666667,1.191859237176248,4.263312630553886,0.0
mtd_ai,200,0.005064325046266014,0.47468354430379744,6070.613046264558,0.25,150,5,0.10666666666666667,1.191859237176248,4.263312630553886,0.0
mtd_ai,200,0.005048467810048333,0.32608695652173914,1644.691371894974,0.05,150,5,0.0,0.30532788491728985,1.2484350248208498,-6.2272727272727275
mtd_ai,200,0.005048467810048333,0.35714285714285715,3237.912108588051,0.1,150,5,0.0,0.30532788491728985,1.2484350248208498,-6.2272727272727275
mtd_ai,200,0.005048467810048333,0.4326923076923077,3713.3909641689715,0.15,150,5,0.0,0.30532788491728985,1.2484350248208498,-6.2272727272727275
mtd_ai,200,0.005048467810048333,0.46875,4492.077824116807,0.2,150,5,0.0,0.30532788491728985,1.2484350248208498,-6.2272727272727275
mtd_ai,200,0.005048467810048333,0.528169014084507,4942.715605114915,0.25,150,5,0.0,0.30532788491728985,1.2484350248208498,-6.2272727272727275
mtd_ai,200,0.005072472548284053,0.35714285714285715,2088.1346346798027,0.05,150,5,0.20288888888888892,0.47466332361460517,1.290627125410406,0.0
mtd_ai,200,0.005072472548284053,0.35714285714285715,4021.8229616531103,0.1,150,5,0.20288888888888892,0.47466332361460517,1.290627125410406,0.0
mtd_ai,200,0.005072472548284053,0.4017857142857143,4746.926525614226,0.15,150,5,0.20288888888888892,0.47466332361460517,1.290627125410406,0.0
mtd_ai,200,0.005072472548284053,0.4411764705882353,5101.904059923569,0.2,150,5,0.20288888888888892,0.47466332361460517,1.290627125410406,0.0
mtd_ai,200,0.005072472548284053,0.4573170731707317,5938.362768152671,0.25,150,5,0.20288888888888892,0.47466332361460517,1.290627125410406,0.0
mtd_ai,200,0.005043546806190663,0.22058823529411764,2575.3504082239806,0.05,150,5,0.14388888888888887,0.06842029101316575,0.2918445674947121,0.0
mtd_ai,200,0.005043546806190663,0.28846153846153844,4218.707260439972,0.1,150,5,0.14388888888888887,0.06842029101316575,0.2918445674947121,0.0
mtd_ai,200,0.005043546806190663,0.3358208955223881,5041.680034017381,0.15,150,5,0.14388888888888887,0.06842029101316575,0.2918445674947121,0.0
mtd_ai,200,0.005043546806190663,0.35714285714285715,5837.6872650999985,0.2,150,5,0.14388888888888887,0.06842029101316575,0.2918445674947121,0.0
mtd_ai,200,0.005043546806190663,0.39473684210526316,6502.258190710044,0.25,150,5,0.14388888888888887,0.06842029101316575,0.2918445674947121,0.0
mtd_ai,200,0.00506827019532773,0.25,3518.9332053136795,0.05,150,5,0.09444444444444444,2.761796050397284,6.111928149863429,0.0
mtd_ai,200,0.00506827019532773,0.35714285714285715,4148.002240571757,0.1,150,5,0.09444444444444444,2.761796050397284,6.111928149863429,0.0
mtd_ai,200,0.00506827019532773,0.42452830188679247,4879.887301355084,0.15,150,5,0.09444444444444444,2.761796050397284,6.111928149863429,0.0
mtd_ai,200,0.00506827019532773,0.44776119402985076,5682.3191135827665,0.2,150,5,0.09444444444444444,2.761796050397284,6.111928149863429,0.0
mtd_ai,200,0.00506827019532773,0.4934210526315789,5942.446743019326,0.25,150,5,0.09444444444444444,2.761796050397284,6.111928149863429,0.0
mtd_ai,200,0.005080972634841423,0.4166666666666667,1972.2404888110289,0.05,150,5,0.14444444444444446,0.7881935866100054,3.3697398473278493,0.0
mtd_ai,200,0.005080972634841423,0.46875,2911.887700803425,0.1,150,5,0.14444444444444446,0.7881935866100054,3.3697398473278493,0.0
mtd_ai,200,0.005080972634841423,0.4891304347826087,3803.3358836966327,0.15,150,5,0.14444444444444446,0.7881935866100054,3.3697398473278493,0.0
mtd_ai,200,0.005080972634841423,0.4918032786885246,4599.404605315552,0.2,150,5,0.14444444444444446,0.7881935866100054,3.3697398473278493,0.0
mtd_ai,200,0.005080972634841423,0.5357142857142857,4862.836622245252,0.25,150,5,0.14444444444444446,0.7881935866100054,3.3697398473278493,0.0
mtd_ai,200,0.005058591841982891,0.375,1473.9807951650928,0.05,150,5,0.10777777777777776,0.3188077500681451,1.154379183667164,0.0
mtd_ai,200,0.005058591841982891,0.36585365853658536,3473.9350900567524,0.1,150,5,0.10777777777777776,0.3188077500681451,1.154379183667164,0.0
mtd_ai,200,0.005058591841982891,0.4166666666666667,4196.398938836937,0.15,150,5,0.10777777777777776,0.3188077500681451,1.154379183667164,0.0
mtd_ai,200,0.005058591841982891,0.46875,4654.333602205379,0.2,150,5,0.10777777777777776,0.3188077500681451,1.154379183667164,0.0
mtd_ai,200,0.005058591841982891,0.5,5194.625570104039,0.25,150,5,0.10777777777777776,0.3188077500681451,1.154379183667164,0.0
mtd_ai,200,0.005059511404835936,0.21428571428571427,4361.484419768798,0.05,150,5,0.09,0.054216304735307336,0.2042527439621364,0.0
mtd_ai,200,0.005059511404835936,0.3191489361702128,5102.985547692646,0.1,150,5,0.09,0.054216304735307336,0.2042527439621364,0.0
mtd_ai,200,0.005059511404835936,0.3879310344827586,5622.305260286199,0.15,150,5,0.09,0.054216304735307336,0.2042527439621364,0.0
mtd_ai,200,0.005059511404835936,0.44776119402985076,6172.521404167338,0.2,150,5,0.09,0.054216304735307336,0.2042527439621364,0.0
mtd_ai,200,0.005059511404835936,0.46875,6897.666471601124,0.25,150,5,0.09,0.054216304735307336,0.2042527439621364,0.0
mtd_ai,200,0.005043276322725158,0.375,2219.1696045646645,0.05,150,5,0.1811111111111111,1.038457423417655,3.3325781852500147,0.0
mtd_ai,200,0.005043276322725158,0.375,4099.313284686862,0.1,150,5,0.1811111111111111,1.038457423417655,3.3325781852500147,0.0
mtd_ai,200,0.005043276322725158,0.42452830188679247,4865.720620751377,0.15,150,5,0.1811111111111111,1.038457423417655,3.3325781852500147,0.0
mtd_ai,200,0.005043276322725158,0.4411764705882353,5614.9067900097825,0.2,150,5,0.1811111111111111,1.038457423417655,3.3325781852500147,0.0
mtd_ai,200,0.005043276322725158,0.4573170731707317,6519.734723952468,0.25,150,5,0.1811111111111111,1.038457423417655,3.3325781852500147,0.0
mtd_ai,200,0.005049157272786841,0.3125,2323.4450232865547,0.05,150,5,0.128,1.2418027543207997,4.5783560089896085,0.0
mtd_ai,200,0.005049157272786841,0.36585365853658536,3342.434731847725,0.1,150,5,0.128,1.2418027543207997,4.5783560089896085,0.0
mtd_ai,200,0.005049157272786841,0.4411764705882353,3881.433368400644,0.15,150,5,0.128,1.2418027543207997,4.5783560089896085,0.0
mtd_ai,200,0.005049157272786841,0.46153846153846156,4914.577852176079,0.2,150,5,0.128,1.2418027543207997,4.5783560089896085,0.0
mtd_ai,200,0.005049157272786841,0.4807692307692308,5774.076069183155,0.25,150,5,0.128,1.2418027543207997,4.5783560089896085,0.0
mtd_ai,200,0.005089542192814818,0.234375,2974.942000977823,0.05,150,5,0.16666666666666666,1.1121784729351738,4.538379700514874,0.0
mtd_ai,200,0.005089542192814818,0.32608695652173914,3773.596875486812,0.1,150,5,0.16666666666666666,1.1121784729351738,4.538379700514874,0.0
mtd_ai,200,0.005089542192814818,0.39473684210526316,4459.882870359714,0.15,150,5,0.16666666666666666,1.1121784729351738,4.538379700514874,0.0
mtd_ai,200,0.005089542192814818,0.44776119402985076,4841.053790947446,0.2,150,5,0.16666666666666666,1.1121784729351738,4.538379700514874,0.0
mtd_ai,200,0.005089542192814818,0.4934210526315789,5315.501577531293,0.25,150,5,0.16666666666666666,1.1121784729351738,4.538379700514874,0.0
mtd_ai,200,0.0050346212558221165,0.25,3520.850276941953,0.05,150,5,0.12644444444444447,0.2901720358094036,0.7513908157868195,0.0
mtd_ai,200,0.0050346212558221165,0.3409090909090909,4532.102589602575,0.1,150,5,0.12644444444444447,0.2901720358094036,0.7513908157868195,0.0
mtd_ai,200,0.0050346212558221165,0.39473684210526316,5368.602340883434,0.15,150,5,0.12644444444444447,0.2901720358094036,0.7513908157868195,0.0
mtd_ai,200,0.0050346212558221165,0.43478260869565216,6034.994851274848,0.2,150,5,0.12644444444444447,0.2901720358094036,0.7513908157868195,0.0
mtd_ai,200,0.0050346212558221165,0.46296296296296297,6836.609407269413,0.25,150,5,0.12644444444444447,0.2901720358094036,0.7513908157868195,0.0
mtd_ai,200,0.005062910176254531,0.25862068965517243,3399.0264549015046,0.05,150,5,0.25,0.7003743936003218,2.5727415709808565,0.0
mtd_ai,200,0.005062910176254531,0.3488372093023256,4265.386461065362,0.1,150,5,0.25,0.7003743936003218,2.5727415709808565,0.0
mtd_ai,200,0.005062910176254531,0.4326923076923077,4688.391099343722,0.15,150,5,0.25,0.7003743936003218,2.5727415709808565,0.0
mtd_ai,200,0.005062910176254531,0.45454545454545453,5321.981138242774,0.2,150,5,0.25,0.7003743936003218,2.5727415709808565,0.0
mtd_ai,200,0.005062910176254531,0.487012987012987,6051.022621219356,0.25,150,5,0.25,0.7003743936003218,2.5727415709808565,0.0
mtd_ai,200,0.00506762594422208,0.22727272727272727,3235.8178083580633,0.05,150,5,0.14111111111111113,5.787797680178167,7.68284770763665,0.0
mtd_ai,200,0.00506762594422208,0.3191489361702128,4267.232991925444,0.1,150,5,0.14111111111111113,5.787797680178167,7.68284770763665,0.0
mtd_ai,200,0.00506762594422208,0.375,5115.280624866573,0.15,150,5,0.14111111111111113,5.787797680178167,7.68284770763665,0.0
mtd_ai,200,0.00506762594422208,0.410958904109589,5792.760154457588,0.2,150,5,0.14111111111111113,5.787797680178167,7.68284770763665,0.0
mtd_ai,200,0.00506762594422208,0.4573170731707317,6400.612420881209,0.25,150,5,0.14111111111111113,5.787797680178167,7.68284770763665,0.0
mtd_ai,200,0.005035817735149876,0.3409090909090909,1810.26532828365,0.05,150,5,0.08333333333333333,0.43563634333988593,1.3633364833090278,-4.181818181818182
mtd_ai,200,0.005035817735149876,0.35714285714285715,3393.7430869808295,0.1,150,5,0.08333333333333333,0.43563634333988593,1.3633364833090278,-4.181818181818182
mtd_ai,200,0.005035817735149876,0.4411764705882353,4189.10773067403,0.15,150,5,0.08333333333333333,0.43563634333988593,1.3633364833090278,-4.181818181818182
mtd_ai,200,0.005035817735149876,0.42857142857142855,5980.076581249816,0.2,150,5,0.08333333333333333,0.43563634333988593,1.3633364833090278,-4.181818181818182
mtd_ai,200,0.005035817735149876,0.47468354430379744,6370.126846280225,0.25,150,5,0.08333333333333333,0.43563634333988593,1.3633364833090278,-4.181818181818182
mtd_ai,200,0.005067973843279424,0.2777777777777778,2857.336723744419,0.05,150,5,0.19936034115138593,0.9772612180091171,4.01586879809806,0.0
mtd_ai,200,0.005067973843279424,0.36585365853658536,3501.1354672748726,0.1,150,5,0.19936034115138593,0.9772612180091171,4.01586879809806,0.0
mtd_ai,200,0.005067973843279424,0.3879310344827586,4413.581122123382,0.15,150,5,0.19936034115138593,0.9772612180091171,4.01586879809806,0.0
mtd_ai,200,0.005067973843279424,0.4,5597.344602903922,0.2,150,5,0.19936034115138593,0.9772612180091171,4.01586879809806,0.0
mtd_ai,200,0.005067973843279424,0.4411764705882353,6050.890527396134,0.25,150,5,0.19936034115138593,0.9772612180091171,4.01586879809806,0.0
mtd_ai,200,0.005040799909905557,0.3125,2201.414983474187,0.05,150,5,0.11407407407407408,0.7035328803292692,1.9359675620071766,0.0
mtd_ai,200,0.005040799909905557,0.2830188679245283,4076.034583179772,0.1,150,5,0.11407407407407408,0.7035328803292692,1.9359675620071766,0.0
mtd_ai,200,0.005040799909905557,0.3358208955223881,4987.920030888214,0.15,150,5,0.11407407407407408,0.7035328803292692,1.9359675620071766,0.0
mtd_ai,200,0.005040799909905557,0.379746835443038,5502.407657060128,0.2,150,5,0.11407407407407408,0.7035328803292692,1.9359675620071766,0.0
mtd_ai,200,0.005040799909905557,0.39893617021276595,6449.850591643109,0.25,150,5,0.11407407407407408,0.7035328803292692,1.9359675620071766,0.0
mtd_ai,200,0.005074787807007272,0.35714285714285715,2326.572496479671,0.05,150,5,0.0,1.550545416371733,4.720212163994355,0.0
mtd_ai,200,0.005074787807007272,0.38461538461538464,4069.587472027547,0.1,150,5,0.0,1.550545416371733,4.720212163994355,0.0
mtd_ai,200,0.005074787807007272,0.46875,4478.185855339031,0.15,150,5,0.0,1.550545416371733,4.720212163994355,0.0
mtd_ai,200,0.005074787807007272,0.5,5135.981855809921,0.2,150,5,0.0,1.550545416371733,4.720212163994355,0.0
mtd_ai,200,0.005074787807007272,0.5136986301369864,5658.203634316963,0.25,150,5,0.0,1.550545416371733,4.720212163994355,0.0
mtd_ai,200,0.005041708068757363,0.32608695652173914,2104.054604466178,0.05,150,5,0.0,0.16572781894210603,0.5276593389543278,0.0
mtd_ai,200,0.005041708068757363,0.38461538461538464,3264.3956081616925,0.1,150,5,0.0,0.16572781894210603,0.5276593389543278,0.0
mtd_ai,200,0.005041708068757363,0.4166666666666667,4802.716994510083,0.15,150,5,0.0,0.16572781894210603,0.5276593389543278,0.0
mtd_ai,200,0.005041708068757363,0.42857142857142855,5826.7006569587775,0.2,150,5,0.0,0.16572781894210603,0.5276593389543278,0.0
mtd_ai,200,0.005041708068757363,0.46296296296296297,6194.152415450613,0.25,150,5,0.0,0.16572781894210603,0.5276593389543278,0.0
mtd_ai,200,0.005080096740777053,0.4411764705882353,1492.8466196840063,0.05,150,5,0.12666666666666668,0.16929613657840978,0.6660583638296068,0.0
mtd_ai,200,0.005080096740777053,0.32608695652173914,3856.670414059726,0.1,150,5,0.12666666666666668,0.16929613657840978,0.6660583638296068,0.0
mtd_ai,200,0.005080096740777053,0.3515625,4768.543587273489,0.15,150,5,0.12666666666666668,0.16929613657840978,0.6660583638296068,0.0
mtd_ai,200,0.005080096740777053,0.40540540540540543,5105.415063367449,0.2,150,5,0.12666666666666668,0.16929613657840978,0.6660583638296068,0.0
mtd_ai,200,0.005080096740777053,0.44642857142857145,5688.273699639871,0.25,150,5,0.12666666666666668,0.16929613657840978,0.6660583638296068,0.0
mtd_ai,200,0.0050334617735530865,0.26785714285714285,2516.6714419755413,0.05,150,5,0.1875,0.5038599523905013,1.8295501952936393,-3.9411764705882355
mtd_ai,200,0.0050334617735530865,0.39473684210526316,3040.0857028484243,0.1,150,5,0.1875,0.5038599523905013,1.8295501952936393,-3.9411764705882355
mtd_ai,200,0.0050334617735530865,0.45918367346938777,4065.8534242877117,0.15,150,5,0.1875,0.5038599523905013,1.8295501952936393,-3.9411764705882355
mtd_ai,200,0.0050334617735530865,0.47619047619047616,5373.723383961495,0.2,150,5,0.1875,0.5038599523905013,1.8295501952936393,-3.9411764705882355
mtd_ai,200,0.0050334617735530865,0.5,6127.0014049700985,0.25,150,5,0.1875,0.5038599523905013,1.8295501952936393,-3.9411764705882355
mtd_ai,200,0.005049942758059974,0.46875,1316.6573426640755,0.05,150,5,0.13866666666666666,14.185316250529384,3.6441317602098837,0.0
mtd_ai,200,0.005049942758059974,0.40540540540540543,2937.7006640367786,0.1,150,5,0.13866666666666666,14.185316250529384,3.6441317602098837,0.0
mtd_ai,200,0.005049942758059974,0.4326923076923077,3929.407793184796,0.15,150,5,0.13866666666666666,14.185316250529384,3.6441317602098837,0.0
mtd_ai,200,0.005049942758059974,0.43478260869565216,5001.730531783958,0.2,150,5,0.13866666666666666,14.185316250529384,3.6441317602098837,0.0
mtd_ai,200,0.005049942758059974,0.46875,5407.232345366692,0.25,150,5,0.13866666666666666,14.185316250529384,3.6441317602098837,0.0
mtd_ai,200,0.0050701448108682635,0.2777777777777778,2829.163973661184,0.05,150,5,0.08,1.7030339512171575,4.6743046865894184,0.0
mtd_ai,200,0.0050701448108682635,0.39473684210526316,3308.298368830045,0.1,150,5,0.08,1.7030339512171575,4.6743046865894184,0.0
mtd_ai,200,0.0050701448108682635,0.45,3903.9458081049534,0.15,150,5,0.08,1.7030339512171575,4.6743046865894184,0.0
mtd_ai,200,0.0050701448108682635,0.46875,4851.245528625799,0.2,150,5,0.08,1.7030339512171575,4.6743046865894184,0.0
mtd_ai,200,0.0050701448108682635,0.4934210526315789,5767.2287557447935,0.25,150,5,0.08,1.7030339512171575,4.6743046865894184,0.0
mtd_ai,200,0.005069529341174868,0.35714285714285715,2208.065506129523,0.05,150,5,0.13333333333333333,0.5151318159212325,2.129696731126041,0.0
mtd_ai,200,0.005069529341174868,0.36585365853658536,4303.756908789771,0.1,150,5,0.13333333333333333,0.5151318159212325,2.129696731126041,0.0
mtd_ai,200,0.005069529341174868,0.4411764705882353,4769.404249989009,0.15,150,5,0.13333333333333333,0.5151318159212325,2.129696731126041,0.0
mtd_ai,200,0.005069529341174868,0.46875,5257.37608055052,0.2,150,5,0.13333333333333333,0.5151318159212325,2.129696731126041,0.0
mtd_ai,200,0.005069529341174868,0.5,5966.818155808488,0.25,150,5,0.13333333333333333,0.5151318159212325,2.129696731126041,0.0
mtd_ai,200,0.005050687420807493,0.28846153846153844,2461.5869353318126,0.05,150,5,0.12666666666666668,0.07282990759265896,0.15172165726247777,0.0
mtd_ai,200,0.005050687420807493,0.35714285714285715,3489.7169714233255,0.1,150,5,0.12666666666666668,0.07282990759265896,0.15172165726247777,0.0
mtd_ai,200,0.005050687420807493,0.4326923076923077,4192.74876561233,0.15,150,5,0.12666666666666668,0.07282990759265896,0.15172165726247777,0.0
mtd_ai,200,0.005050687420807493,0.46153846153846156,5027.608811708136,0.2,150,5,0.12666666666666668,0.07282990759265896,0.15172165726247777,0.0
mtd_ai,200,0.005050687420807493,0.5136986301369864,5430.209771818263,0.25,150,5,0.12666666666666668,0.07282990759265896,0.15172165726247777,0.0
mtd_ai,200,0.005070315794554069,0.5357142857142857,1116.5072134758925,0.05,150,5,0.17444444444444443,1.0039850451002377,0.7857244215673378,0.0
mtd_ai,200,0.005070315794554069,0.5769230769230769,2146.4618037548325,0.1,150,5,0.17444444444444443,1.0039850451002377,0.7857244215673378,0.0
mtd_ai,200,0.005070315794554069,0.6081081081081081,2942.238460164047,0.15,150,5,0.17444444444444443,1.0039850451002377,0.7857244215673378,0.0
mtd_ai,200,0.005070315794554069,0.6,3569.194671335603,0.2,150,5,0.17444444444444443,1.0039850451002377,0.7857244215673378,0.0
mtd_ai,200,0.005070315794554069,0.625,4144.396678275137,0.25,150,5,0.17444444444444443,1.0039850451002377,0.7857244215673378,0.0
mtd_ai,200,0.00503752055663214,0.25,2238.2349896740543,0.05,150,5,0.16148148148148148,0.27513957856117016,0.9847572826891622,0.0
mtd_ai,200,0.00503752055663214,0.30612244897959184,4178.272425459752,0.1,150,5,0.16148148148148148,0.27513957856117016,0.9847572826891622,0.0
mtd_ai,200,0.00503752055663214,0.35714285714285715,5099.803450189924,0.15,150,5,0.16148148148148148,0.27513957856117016,0.9847572826891622,0.0
mtd_ai,200,0.00503752055663214,0.38961038961038963,5642.356279649386,0.2,150,5,0.16148148148148148,0.27513957856117016,0.9847572826891622,0.0
mtd_ai,200,0.00503752055663214,0.42134831460674155,6203.13435738079,0.25,150,5,0.16148148148148148,0.27513957856117016,0.9847572826891622,0.0
mtd_ai,200,0.005080057885963172,0.39473684210526316,1830.3939135946507,0.05,150,5,0.152,0.9350113156324976,2.909992068869177,0.0
mtd_ai,200,0.005080057885963172,0.39473684210526316,3139.484963287051,0.1,150,5,0.152,0.9350113156324976,2.909992068869177,0.0
mtd_ai,200,0.005080057885963172,0.4326923076923077,3729.921765632526,0.15,150,5,0.152,0.9350113156324976,2.909992068869177,0.0
mtd_ai,200,0.005080057885963172,0.45454545454545453,4248.247727105043,0.2,150,5,0.152,0.9350113156324976,2.909992068869177,0.0
mtd_ai,200,0.005080057885963172,0.45180722891566266,5041.8501642266165,0.25,150,5,0.152,0.9350113156324976,2.909992068869177,0.0
mtd_ai,200,0.005044039264891251,0.3,2915.754789471872,0.05,150,5,0.11444444444444443,0.41285145909014687,0.7575782615655393,0.0
mtd_ai,200,0.005044039264891251,0.3125,5271.222487783579,0.1,150,5,0.11444444444444443,0.41285145909014687,0.7575782615655393,0.0
mtd_ai,200,0.005044039264891251,0.4017857142857143,5683.3515550827615,0.15,150,5,0.11444444444444443,0.41285145909014687,0.7575782615655393,0.0
mtd_ai,200,0.005044039264891251,0.4411764705882353,6381.830968187112,0.2,150,5,0.11444444444444443,0.41285145909014687,0.7575782615655393,0.0
mtd_ai,200,0.005044039264891251,0.487012987012987,6746.603092541994,0.25,150,5,0.11444444444444443,0.41285145909014687,0.7575782615655393,0.0
mtd_ai,200,0.005064014477866416,0.25,2854.672937235318,0.05,150,5,0.14777777777777779,1.6743200680447101,3.9642021060493877,0.0
mtd_ai,200,0.005064014477866416,0.3333333333333333,3895.0634987281996,0.1,150,5,0.14777777777777779,1.6743200680447101,3.9642021060493877,0.0
mtd_ai,200,0.005064014477866416,0.3515625,4943.711155223817,0.15,150,5,0.14777777777777779,1.6743200680447101,3.9642021060493877,0.0
mtd_ai,200,0.005064014477866416,0.3488372093023256,5869.294058512511,0.2,150,5,0.14777777777777779,1.6743200680447101,3.9642021060493877,0.0
mtd_ai,200,0.005064014477866416,0.390625,6418.452492416689,0.25,150,5,0.14777777777777779,1.6743200680447101,3.9642021060493877,0.0
mtd_ai,200,0.005049575948852412,0.3,3069.901223750707,0.05,150,5,0.14,1.1084802059776913,2.3947963115192805,0.0
mtd_ai,200,0.005049575948852412,0.38461538461538464,4148.831122235357,0.1,150,5,0.14,1.1084802059776913,2.3947963115192805,0.0
mtd_ai,200,0.005049575948852412,0.45918367346938777,4776.41689815678,0.15,150,5,0.14,1.1084802059776913,2.3947963115192805,0.0
mtd_ai,200,0.005049575948852412,0.4838709677419355,5487.647155375361,0.2,150,5,0.14,1.1084802059776913,2.3947963115192805,0.0
mtd_ai,200,0.005049575948852412,0.528169014084507,5969.690995562769,0.25,150,5,0.14,1.1084802059776913,2.3947963115192805,0.0
mtd_ai,200,0.005066341499804376,0.25,2745.6512722331945,0.05,150,5,0.1080952380952381,11.7488193121513,4.576297310121838,0.0
mtd_ai,200,0.005066341499804376,0.3,4294.362927860501,0.1,150,5,0.1080952380952381,11.7488193121513,4.576297310121838,0.0
mtd_ai,200,0.005066341499804376,0.36885245901639346,5113.982916228502,0.15,150,5,0.1080952380952381,11.7488193121513,4.576297310121838,0.0
mtd_ai,200,0.005066341499804376,0.410958904109589,5572.907743685899,0.2,150,5,0.1080952380952381,11.7488193121513,4.576297310121838,0.0
mtd_ai,200,0.005066341499804376,0.45180722891566266,6174.416014578564,0.25,150,5,0.1080952380952381,11.7488193121513,4.576297310121838,0.0
mtd_ai,200,0.005091388105542136,0.375,1894.6200811122208,0.05,150,5,0.14,1.3484331336637128,2.451541779328391,0.0
mtd_ai,200,0.005091388105542136,0.40540540540540543,3167.5367938244926,0.1,150,5,0.14,1.3484331336637128,2.451541779328391,0.0
mtd_ai,200,0.005091388105542136,0.45,3806.279260046818,0.15,150,5,0.14,1.3484331336637128,2.451541779328391,0.0
mtd_ai,200,0.005091388105542136,0.46153846153846156,4776.769273335927,0.2,150,5,0.14,1.3484331336637128,2.451541779328391,0.0
mtd_ai,200,0.005091388105542136,0.5136986301369864,5137.796845542382,0.25,150,5,0.14,1.3484331336637128,2.451541779328391,0.0
mtd_ai,200,0.005055874948928936,0.32608695652173914,2108.433622972281,0.05,150,5,0.10733333333333334,4.800697806085253,6.707301536570686,0.0
mtd_ai,200,0.005055874948928936,0.35714285714285715,3425.3225397037695,0.1,150,5,0.10733333333333334,4.800697806085253,6.707301536570686,0.0
mtd_ai,200,0.005055874948928936,0.4090909090909091,3982.1109900641113,0.15,150,5,0.10733333333333334,4.800697806085253,6.707301536570686,0.0
mtd_ai,200,0.005055874948928936,0.43478260869565216,4725.985036218433,0.2,150,5,0.10733333333333334,4.800697806085253,6.707301536570686,0.0
mtd_ai,200,0.005055874948928936,0.4807692307692308,5113.0248461612855,0.25,150,5,0.10733333333333334,4.800697806085253,6.707301536570686,0.0
mtd_ai,200,0.005069736284176439,0.375,2012.0697369059521,0.05,150,5,0.33950617283950624,0.5957314374130873,1.8473972897405502,0.0
mtd_ai,200,0.005069736284176439,0.40540540540540543,3396.2075709658566,0.1,150,5,0.33950617283950624,0.5957314374130873,1.8473972897405502,0.0
mtd_ai,200,0.005069736284176439,0.4787234042553192,4107.699893587847,0.15,150,5,0.33950617283950624,0.5957314374130873,1.8473972897405502,0.0
mtd_ai,200,0.005069736284176439,0.5084745762711864,5010.821614683979,0.2,150,5,0.33950617283950624,0.5957314374130873,1.8473972897405502,0.0
mtd_ai,200,0.005069736284176439,0.5357142857142857,5749.8646584990365,0.25,150,5,0.33950617283950624,0.5957314374130873,1.8473972897405502,0.0
mtd_ai,200,0.005039269579137845,0.3409090909090909,1859.0665959113126,0.05,150,5,0.25,0.4396781585903772,1.7775307471020345,-0.11764705882352941
mtd_ai,200,0.005039269579137845,0.38461538461538464,3140.361048915387,0.1,150,5,0.25,0.4396781585903772,1.7775307471020345,-0.11764705882352941
mtd_ai,200,0.005039269579137845,0.4017857142857143,4642.863865723354,0.15,150,5,0.25,0.4396781585903772,1.7775307471020345,-0.11764705882352941
mtd_ai,200,0.005039269579137845,0.40540540540540543,5330.071544035518,0.2,150,5,0.25,0.4396781585903772,1.7775307471020345,-0.11764705882352941
mtd_ai,200,0.005039269579137845,0.43103448275862066,5959.997474581025,0.25,150,5,0.25,0.4396781585903772,1.7775307471020345,-0.11764705882352941
mtd_ai,200,0.005050176484083821,0.3409090909090909,1659.0571738048343,0.05,150,5,0.16333333333333333,0.12990511439619815,0.37958517362444505,0.0
mtd_ai,200,0.005050176484083821,0.375,3233.602849338716,0.1,150,5,0.16333333333333333,0.12990511439619815,0.37958517362444505,0.0
mtd_ai,200,0.005050176484083821,0.4326923076923077,4101.022913451907,0.15,150,5,0.16333333333333333,0.12990511439619815,0.37958517362444505,0.0
mtd_ai,200,0.005050176484083821,0.46875,4870.083072717479,0.2,150,5,0.16333333333333333,0.12990511439619815,0.37958517362444505,0.0
mtd_ai,200,0.005050176484083821,0.487012987012987,5448.661801964342,0.25,150,5,0.16333333333333333,0.12990511439619815,0.37958517362444505,0.0
mtd_ai,200,0.00505566991790786,0.3,2393.203834293483,0.05,150,5,0.12,1.4973816336387784,2.4076947879205317,0.0
mtd_ai,200,0.00505566991790786,0.40540540540540543,3358.7226646206427,0.1,150,5,0.12,1.4973816336387784,2.4076947879205317,0.0
mtd_ai,200,0.00505566991790786,0.46875,3938.1833011191593,0.15,150,5,0.12,1.4973816336387784,2.4076947879205317,0.0
mtd_ai,200,0.00505566991790786,0.4838709677419355,4966.245058144647,0.2,150,5,0.12,1.4973816336387784,2.4076947879205317,0.0
mtd_ai,200,0.00505566991790786,0.5208333333333334,5682.033895056469,0.25,150,5,0.12,1.4973816336387784,2.4076947879205317,0.0
mtd_ai,200,0.00508845620707114,0.4411764705882353,1514.6040101230483,0.05,150,5,0.14933333333333332,1.1679435036036725,3.9513334448114446,0.0
mtd_ai,200,0.00508845620707114,0.45454545454545453,2791.791414900821,0.1,150,5,0.14933333333333332,1.1679435036036725,3.9513334448114446,0.0
mtd_ai,200,0.00508845620707114,0.5232558139534884,3347.499873650214,0.15,150,5,0.14933333333333332,1.1679435036036725,3.9513334448114446,0.0
mtd_ai,200,0.00508845620707114,0.5172413793103449,4258.604199859781,0.2,150,5,0.14933333333333332,1.1679435036036725,3.9513334448114446,0.0
mtd_ai,200,0.00508845620707114,0.5434782608695652,4961.570076367203,0.25,150,5,0.14933333333333332,1.1679435036036725,3.9513334448114446,0.0
mtd_ai,200,0.00507157507986193,0.234375,3019.292324781668,0.05,150,5,0.1935483870967742,0.6738267295465347,1.7721398073254704,0.0
mtd_ai,200,0.00507157507986193,0.2777777777777778,4298.374178246433,0.1,150,5,0.1935483870967742,0.6738267295465347,1.7721398073254704,0.0
mtd_ai,200,0.00507157507986193,0.32608695652173914,5222.7752091365155,0.15,150,5,0.1935483870967742,0.6738267295465347,1.7721398073254704,0.0
mtd_ai,200,0.00507157507986193,0.37037037037037035,5734.369320890631,0.2,150,5,0.1935483870967742,0.6738267295465347,1.7721398073254704,0.0
mtd_ai,200,0.00507157507986193,0.39473684210526316,6338.821610247248,0.25,150,5,0.1935483870967742,0.6738267295465347,1.7721398073254704,0.0
mtd_ai,200,0.005053756211316958,0.3409090909090909,2380.3812773365057,0.05,150,5,0.10777777777777776,0.3218560134134039,1.040074562825626,0.0
mtd_ai,200,0.005053756211316958,0.39473684210526316,3396.446623246037,0.1,150,5,0.10777777777777776,0.3218560134134039,1.040074562825626,0.0
mtd_ai,200,0.005053756211316958,0.45918367346938777,4009.21354680338,0.15,150,5,0.10777777777777776,0.3218560134134039,1.040074562825626,0.0
mtd_ai,200,0.005053756211316958,0.46875,5053.761112777336,0.2,150,5,0.10777777777777776,0.3218560134134039,1.040074562825626,0.0
mtd_ai,200,0.005053756211316958,0.528169014084507,5291.138531758459,0.25,150,5,0.10777777777777776,0.3218560134134039,1.040074562825626,0.0
mtd_ai,200,0.005049477444822213,0.3409090909090909,1937.586013296932,0.05,150,5,0.1311111111111111,0.5927326662072863,2.152392065634444,0.0
mtd_ai,200,0.005049477444822213,0.4166666666666667,3140.75507172537,0.1,150,5,0.1311111111111111,0.5927326662072863,2.152392065634444,0.0
mtd_ai,200,0.005049477444822213,0.4891304347826087,3732.161432509515,0.15,150,5,0.1311111111111111,0.5927326662072863,2.152392065634444,0.0
mtd_ai,200,0.005049477444822213,0.5263157894736842,4577.669536897531,0.2,150,5,0.1311111111111111,0.5927326662072863,2.152392065634444,0.0
mtd_ai,200,0.005049477444822213,0.5357142857142857,5149.617459796997,0.25,150,5,0.1311111111111111,0.5927326662072863,2.152392065634444,0.0
mtd_ai,200,0.005035875841944801,0.25,2722.4577038001244,0.05,150,5,0.16644444444444442,1.5367911200414037,2.484831802694005,0.0
mtd_ai,200,0.005035875841944801,0.30612244897959184,3837.2593162669136,0.1,150,5,0.16644444444444442,1.5367911200414037,2.484831802694005,0.0
mtd_ai,200,0.005035875841944801,0.34615384615384615,5275.09927490828,0.15,150,5,0.16644444444444442,1.5367911200414037,2.484831802694005,0.0
mtd_ai,200,0.005035875841944801,0.39473684210526316,5681.054482882119,0.2,150,5,0.16644444444444442,1.5367911200414037,2.484831802694005,0.0
mtd_ai,200,0.005035875841944801,0.42613636363636365,6328.961795648929,0.25,150,5,0.16644444444444442,1.5367911200414037,2.484831802694005,0.0
mtd_ai,200,0.005037260791575269,0.2777777777777778,3474.2268746148375,0.05,150,5,0.12492063492063492,1.2263988984056926,3.967466104807912,0.0
mtd_ai,200,0.005037260791575269,0.40540540540540543,4117.609380500311,0.1,150,5,0.12492063492063492,1.2263988984056926,3.967466104807912,0.0
mtd_ai,200,0.005037260791575269,0.4017857142857143,5453.242046067979,0.15,150,5,0.12492063492063492,1.2263988984056926,3.967466104807912,0.0
mtd_ai,200,0.005037260791575269,0.44776119402985076,5926.219389651827,0.2,150,5,0.12492063492063492,1.2263988984056926,3.967466104807912,0.0
mtd_ai,200,0.005037260791575269,0.47468354430379744,6364.743394984078,0.25,150,5,0.12492063492063492,1.2263988984056926,3.967466104807912,0.0
mtd_ai,200,0.005073670368273713,0.35714285714285715,2384.1998242730406,0.05,150,5,0.10533333333333333,0.12672478549019742,0.4189399694135986,0.0
mtd_ai,200,0.005073670368273713,0.42857142857142855,3374.4803427946385,0.1,150,5,0.10533333333333333,0.12672478549019742,0.4189399694135986,0.0
mtd_ai,200,0.005073670368273713,0.45,4715.554775743061,0.15,150,5,0.10533333333333333,0.12672478549019742,0.4189399694135986,0.0
mtd_ai,200,0.005073670368273713,0.5,5208.575906300234,0.2,150,5,0.10533333333333333,0.12672478549019742,0.4189399694135986,0.0
mtd_ai,200,0.005073670368273713,0.5208333333333334,5832.751139962729,0.25,150,5,0.10533333333333333,0.12672478549019742,0.4189399694135986,0.0
mtd_ai,200,0.005040364756388048,0.20270270270270271,3357.301975356269,0.05,150,5,0.1511111111111111,0.9000403806661539,0.632975074180391,0.0
mtd_ai,200,0.005040364756388048,0.3,4498.731664654708,0.1,150,5,0.1511111111111111,0.9000403806661539,0.632975074180391,0.0
mtd_ai,200,0.005040364756388048,0.3813559322033898,4881.9586208356795,0.15,150,5,0.1511111111111111,0.9000403806661539,0.632975074180391,0.0
mtd_ai,200,0.005040364756388048,0.4225352112676056,5468.745850637652,0.2,150,5,0.1511111111111111,0.9000403806661539,0.632975074180391,0.0
mtd_ai,200,0.005040364756388048,0.45180722891566266,6011.862775734047,0.25,150,5,0.1511111111111111,0.9000403806661539,0.632975074180391,0.0
mtd_ai,200,0.005075592861184382,0.28846153846153844,2922.65101543148,0.05,150,5,0.13,0.25399221186001,0.2716136580441426,0.0
mtd_ai,200,0.005075592861184382,0.32608695652173914,4083.847825640194,0.1,150,5,0.13,0.25399221186001,0.2716136580441426,0.0
mtd_ai,200,0.005075592861184382,0.3879310344827586,4791.556306825669,0.15,150,5,0.13,0.25399221186001,0.2716136580441426,0.0
mtd_ai,200,0.005075592861184382,0.45454545454545453,5233.709005011259,0.2,150,5,0.13,0.25399221186001,0.2716136580441426,0.0
mtd_ai,200,0.005075592861184382,0.4807692307692308,5750.628774007575,0.25,150,5,0.13,0.25399221186001,0.2716136580441426,0.0
mtd_ai,200,0.005044730452012297,0.20833333333333334,3722.4719672892165,0.05,150,5,0.17647058823529413,1.0464539340689134,1.3101003961883837,-4.925925925925926
mtd_ai,200,0.005044730452012297,0.32608695652173914,4078.628712739405,0.1,150,5,0.17647058823529413,1.0464539340689134,1.3101003961883837,-4.925925925925926
mtd_ai,200,0.005044730452012297,0.375,4983.094861718546,0.15,150,5,0.17647058823529413,1.0464539340689134,1.3101003961883837,-4.925925925925926
mtd_ai,200,0.005044730452012297,0.4225352112676056,5412.634046229699,0.2,150,5,0.17647058823529413,1.0464539340689134,1.3101003961883837,-4.925925925925926
mtd_ai,200,0.005044730452012297,0.46296296296296297,5879.6482209396945,0.25,150,5,0.17647058823529413,1.0464539340689134,1.3101003961883837,-4.925925925925926
mtd_ai,200,0.005064753684541178,0.5,1400.676530185886,0.05,150,5,0.12666666666666668,0.9020881379958439,0.7709885554220713,0.0
mtd_ai,200,0.005064753684541178,0.4411764705882353,2934.318429228386,0.1,150,5,0.12666666666666668,0.9020881379958439,0.7709885554220713,0.0
mtd_ai,200,0.005064753684541178,0.5113636363636364,3512.45355925166,0.15,150,5,0.12666666666666668,0.9020881379958439,0.7709885554220713,0.0
mtd_ai,200,0.005064753684541178,0.47619047619047616,4921.918038167349,0.2,150,5,0.12666666666666668,0.9020881379958439,0.7709885554220713,0.0
mtd_ai,200,0.005064753684541178,0.46875,6171.2778499902,0.25,150,5,0.12666666666666668,0.9020881379958439,0.7709885554220713,0.0
mtd_ai,200,0.0050759929905472055,0.3,2396.713666025723,0.05,150,5,0.1,1.7994634606113644,5.543891440149011,0.0
mtd_ai,200,0.0050759929905472055,0.3409090909090909,3265.9862534432486,0.1,150,5,0.1,1.7994634606113644,5.543891440149011,0.0
mtd_ai,200,0.0050759929905472055,0.4166666666666667,3670.492709870236,0.15,150,5,0.1,1.7994634606113644,5.543891440149011,0.0
mtd_ai,200,0.0050759929905472055,0.46153846153846156,4277.966869927955,0.2,150,5,0.1,1.7994634606113644,5.543891440149011,0.0
mtd_ai,200,0.0050759929905472055,0.46296296296296297,5021.485437174535,0.25,150,5,0.1,1.7994634606113644,5.543891440149011,0.0
mtd_ai,200,0.005028693085643876,0.22058823529411764,4161.503091873474,0.05,150,5,0.11,0.5357251067107759,2.3745416997083795,0.0
mtd_ai,200,0.005028693085643876,0.3,5552.10771208203,0.1,150,5,0.11,0.5357251067107759,2.3745416997083795,0.0
mtd_ai,200,0.005028693085643876,0.36885245901639346,6226.421104822926,0.15,150,5,0.11,0.5357251067107759,2.3745416997083795,0.0
mtd_ai,200,0.005028693085643876,0.410958904109589,6848.791286674105,0.2,150,5,0.11,0.5357251067107759,2.3745416997083795,0.0
mtd_ai,200,0.005028693085643876,0.436046511627907,7539.364849234983,0.25,150,5,0.11,0.5357251067107759,2.3745416997083795,0.0
mtd_ai,200,0.0050673159601589595,0.3125,2342.5429630512745,0.05,150,5,0.1645,0.3377999914823873,1.1253599563543804,0.0
mtd_ai,200,0.0050673159601589595,0.4166666666666667,3230.368607342558,0.1,150,5,0.1645,0.3377999914823873,1.1253599563543804,0.0
mtd_ai,200,0.0050673159601589595,0.4166666666666667,5201.829664857595,0.15,150,5,0.1645,0.3377999914823873,1.1253599563543804,0.0
mtd_ai,200,0.0050673159601589595,0.4411764705882353,5643.34943673471,0.2,150,5,0.1645,0.3377999914823873,1.1253599563543804,0.0
mtd_ai,200,0.0050673159601589595,0.4807692307692308,6484.977976648452,0.25,150,5,0.1645,0.3377999914823873,1.1253599563543804,0.0
mtd_ai,200,0.005038531523133678,0.26785714285714285,2671.796142769581,0.05,150,5,0.10222222222222223,0.10870198694758684,0.4360119365219233,0.0
mtd_ai,200,0.005038531523133678,0.3409090909090909,3760.7947428719644,0.1,150,5,0.10222222222222223,0.10870198694758684,0.4360119365219233,0.0
mtd_ai,200,0.005038531523133678,0.3409090909090909,5187.443539954513,0.15,150,5,0.10222222222222223,0.10870198694758684,0.4360119365219233,0.0
mtd_ai,200,0.005038531523133678,0.38961038961038963,5553.489457620592,0.2,150,5,0.10222222222222223,0.10870198694758684,0.4360119365219233,0.0
mtd_ai,200,0.005038531523133678,0.4032258064516129,6244.3062623732785,0.25,150,5,0.10222222222222223,0.10870198694758684,0.4360119365219233,0.0
mtd_ai,200,0.005084354727518164,0.375,2147.848628294032,0.05,150,5,0.15266666666666664,0.417672921976774,0.2441437888754839,0.0
mtd_ai,200,0.005084354727518164,0.3409090909090909,3693.6229163309977,0.1,150,5,0.15266666666666664,0.417672921976774,0.2441437888754839,0.0
mtd_ai,200,0.005084354727518164,0.42452830188679247,4277.680654348376,0.15,150,5,0.15266666666666664,0.417672921976774,0.2441437888754839,0.0
mtd_ai,200,0.005084354727518164,0.46153846153846156,4730.728920879557,0.2,150,5,0.15266666666666664,0.417672921976774,0.2441437888754839,0.0
mtd_ai,200,0.005084354727518164,0.4934210526315789,5377.547877458683,0.25,150,5,0.15266666666666664,0.417672921976774,0.2441437888754839,0.0
mtd_ai,200,0.005041319793831978,0.3125,2165.2507592686848,0.05,150,5,0.12200000000000001,0.26652526487659056,0.8600397863950038,4.851851851851852
mtd_ai,200,0.005041319793831978,0.39473684210526316,3075.9297336620616,0.1,150,5,0.12200000000000001,0.26652526487659056,0.8600397863950038,4.851851851851852
mtd_ai,200,0.005041319793831978,0.4090909090909091,3848.4149936079352,0.15,150,5,0.12200000000000001,0.26652526487659056,0.8600397863950038,4.851851851851852
mtd_ai,200,0.005041319793831978,0.4411764705882353,4871.793693383765,0.2,150,5,0.12200000000000001,0.26652526487659056,0.8600397863950038,4.851851851851852
mtd_ai,200,0.005041319793831978,0.46875,5710.081625399269,0.25,150,5,0.12200000000000001,0.26652526487659056,0.8600397863950038,4.851851851851852
mtd_ai,200,0.00508909399282704,0.375,1611.3546933194198,0.05,150,5,0.21428571428571427,0.22429730469682124,0.5571815768307753,0.0
mtd_ai,200,0.00508909399282704,0.4411764705882353,2355.955429937475,0.1,150,5,0.21428571428571427,0.22429730469682124,0.5571815768307753,0.0
mtd_ai,200,0.00508909399282704,0.46875,3166.5876486819357,0.15,150,5,0.21428571428571427,0.22429730469682124,0.5571815768307753,0.0
mtd_ai,200,0.00508909399282704,0.46875,4028.12009863402,0.2,150,5,0.21428571428571427,0.22429730469682124,0.5571815768307753,0.0
mtd_ai,200,0.00508909399282704,0.45180722891566266,4840.168518321736,0.25,150,5,0.21428571428571427,0.22429730469682124,0.5571815768307753,0.0
mtd_ai,200,0.0050713558067889165,0.4411764705882353,1585.6044861481264,0.05,150,5,0.1,1.6322664741350041,3.64897450774058,0.0
mtd_ai,200,0.0050713558067889165,0.4166666666666667,2677.8883276147135,0.1,150,5,0.1,1.6322664741350041,3.64897450774058,0.0
mtd_ai,200,0.0050713558067889165,0.4787234042553192,3771.1155796877183,0.15,150,5,0.1,1.6322664741350041,3.64897450774058,0.0
mtd_ai,200,0.0050713558067889165,0.46153846153846156,5062.172232758838,0.2,150,5,0.1,1.6322664741350041,3.64897450774058,0.0
mtd_ai,200,0.0050713558067889165,0.4807692307692308,5848.277442159853,0.25,150,5,0.1,1.6322664741350041,3.64897450774058,0.0
mtd_ai,200,0.005052385564696887,0.35714285714285715,1908.934553416055,0.05,150,5,0.12666666666666668,1.2353652083061213,3.402803849743287,0.0
mtd_ai,200,0.005052385564696887,0.375,3694.649601848935,0.1,150,5,0.12666666666666668,1.2353652083061213,3.402803849743287,0.0
mtd_ai,200,0.005052385564696887,0.42452830188679247,4367.684328722631,0.15,150,5,0.12666666666666668,1.2353652083061213,3.402803849743287,0.0
mtd_ai,200,0.005052385564696887,0.35294117647058826,6048.194875040522,0.2,150,5,0.12666666666666668,1.2353652083061213,3.402803849743287,0.0
mtd_ai,200,0.005052385564696887,0.35714285714285715,6809.027722611263,0.25,150,5,0.12666666666666668,1.2353652083061213,3.402803849743287,0.0
mtd_ai,200,0.005082906258476627,0.35714285714285715,2246.198391807135,0.05,150,5,0.154,0.5034870930869402,1.9998819411160045,0.0
mtd_ai,200,0.005082906258476627,0.40540540540540543,3626.462041411826,0.1,150,5,0.154,0.5034870930869402,1.9998819411160045,0.0
mtd_ai,200,0.005082906258476627,0.45918367346938777,4149.63348891743,0.15,150,5,0.154,0.5034870930869402,1.9998819411160045,0.0
mtd_ai,200,0.005082906258476627,0.4838709677419355,4922.558907179835,0.2,150,5,0.154,0.5034870930869402,1.9998819411160045,0.0
mtd_ai,200,0.005082906258476627,0.528169014084507,5301.3853381882345,0.25,150,5,0.154,0.5034870930869402,1.9998819411160045,0.0
mtd_ai,200,0.005047275798301196,0.32608695652173914,2553.6210538272007,0.05,150,5,0.13842592592592592,1.215232854502925,3.226491573652162,0.0
mtd_ai,200,0.005047275798301196,0.3488372093023256,4004.4277020352956,0.1,150,5,0.13842592592592592,1.215232854502925,3.226491573652162,0.0
mtd_ai,200,0.005047275798301196,0.32142857142857145,6177.636609996343,0.15,150,5,0.13842592592592592,1.215232854502925,3.226491573652162,0.0
mtd_ai,200,0.005047275798301196,0.3614457831325301,6734.088807099104,0.2,150,5,0.13842592592592592,1.215232854502925,3.226491573652162,0.0
mtd_ai,200,0.005047275798301196,0.3640776699029126,7643.8779179947005,0.25,150,5,0.13842592592592592,1.215232854502925,3.226491573652162,0.0
mtd_ai,200,0.005041751840033303,0.3,2573.7898608195023,0.05,150,5,0.16944444444444445,0.10391108476246183,0.27831239880656783,0.0
mtd_ai,200,0.005041751840033303,0.38461538461538464,3562.1528716001503,0.1,150,5,0.16944444444444445,0.10391108476246183,0.27831239880656783,0.0
mtd_ai,200,0.005041751840033303,0.4090909090909091,4244.291761793692,0.15,150,5,0.16944444444444445,0.10391108476246183,0.27831239880656783,0.0
mtd_ai,200,0.005041751840033303,0.410958904109589,5407.4776806381615,0.2,150,5,0.16944444444444445,0.10391108476246183,0.27831239880656783,0.0
mtd_ai,200,0.005041751840033303,0.44642857142857145,5948.9279465604395,0.25,150,5,0.16944444444444445,0.10391108476246183,0.27831239880656783,0.0
mtd_ai,200,0.005041676612236171,0.32608695652173914,2169.161160126161,0.05,150,5,0.14555555555555555,2.300229660475474,6.25862496334194,4.5
mtd_ai,200,0.005041676612236171,0.35714285714285715,3892.578948029688,0.1,150,5,0.14555555555555555,2.300229660475474,6.25862496334194,4.5
mtd_ai,200,0.005041676612236171,0.42452830188679247,4559.503850979247,0.15,150,5,0.14555555555555555,2.300229660475474,6.25862496334194,4.5
mtd_ai,200,0.005041676612236171,0.45454545454545453,5164.273324703287,0.2,150,5,0.14555555555555555,2.300229660475474,6.25862496334194,4.5
mtd_ai,200,0.005041676612236171,0.46875,5933.407262915133,0.25,150,5,0.14555555555555555,2.300229660475474,6.25862496334194,4.5
mtd_ai,200,0.005080675580117497,0.3409090909090909,2295.7905798952734,0.05,150,5,0.11422222222222222,0.8340123477413138,2.2270006899258896,0.0
mtd_ai,200,0.005080675580117497,0.39473684210526316,3703.485086401828,0.1,150,5,0.11422222222222222,0.8340123477413138,2.2270006899258896,0.0
mtd_ai,200,0.005080675580117497,0.45918367346938777,4291.77016644409,0.15,150,5,0.11422222222222222,0.8340123477413138,2.2270006899258896,0.0
mtd_ai,200,0.005080675580117497,0.4918032786885246,4828.117510455327,0.2,150,5,0.11422222222222222,0.8340123477413138,2.2270006899258896,0.0
mtd_ai,200,0.005080675580117497,0.5357142857142857,5311.461277676618,0.25,150,5,0.11422222222222222,0.8340123477413138,2.2270006899258896,0.0
mtd_ai,200,0.005062062466700586,0.39473684210526316,1651.315109535999,0.05,150,5,0.16555555555555554,0.076851203760785,0.21650302575910227,0.0
mtd_ai,200,0.005062062466700586,0.32608695652173914,4173.837158572485,0.1,150,5,0.16555555555555554,0.076851203760785,0.21650302575910227,0.0
mtd_ai,200,0.005062062466700586,0.36885245901639346,5054.690362394997,0.15,150,5,0.16555555555555554,0.076851203760785,0.21650302575910227,0.0
mtd_ai,200,0.005062062466700586,0.4225352112676056,5480.148975169963,0.2,150,5,0.16555555555555554,0.076851203760785,0.21650302575910227,0.0
mtd_ai,200,0.005062062466700586,0.4076086956521739,6446.512370179129,0.25,150,5,0.16555555555555554,0.076851203760785,0.21650302575910227,0.0
mtd_ai,200,0.005048639698780233,0.35714285714285715,2197.9772113461186,0.05,150,5,0.12152380952380952,0.7152554563084219,1.5874370040352705,0.0
mtd_ai,200,0.005048639698780233,0.4166666666666667,3217.78625392318,0.1,150,5,0.12152380952380952,0.7152554563084219,1.5874370040352705,0.0
mtd_ai,200,0.005048639698780233,0.4787234042553192,3942.8702361478927,0.15,150,5,0.12152380952380952,0.7152554563084219,1.5874370040352705,0.0
mtd_ai,200,0.005048639698780233,0.47619047619047616,4788.472639437814,0.2,150,5,0.12152380952380952,0.7152554563084219,1.5874370040352705,0.0
mtd_ai,200,0.005048639698780233,0.5067567567567568,5347.160001362507,0.25,150,5,0.12152380952380952,0.7152554563084219,1.5874370040352705,0.0
mtd_ai,200,0.005048580394587753,0.28846153846153844,3186.9415331661007,0.05,150,5,0.1875,1.9032946253588123,2.1568678579515965,-4.466666666666667
mtd_ai,200,0.005048580394587753,0.42857142857142855,3784.352252328745,0.1,150,5,0.1875,1.9032946253588123,2.1568678579515965,-4.466666666666667
mtd_ai,200,0.005048580394587753,0.4891304347826087,4254.313886758446,0.15,150,5,0.1875,1.9032946253588123,2.1568678579515965,-4.466666666666667
mtd_ai,200,0.005048580394587753,0.5084745762711864,4779.889708948391,0.2,150,5,0.1875,1.9032946253588123,2.1568678579515965,-4.466666666666667
mtd_ai,200,0.005048580394587753,0.5136986301369864,5920.138124012767,0.25,150,5,0.1875,1.9032946253588123,2.1568678579515965,-4.466666666666667
mtd_ai,200,0.005071534792964297,0.28846153846153844,2520.640129547265,0.05,150,5,0.12977777777777777,0.05983503853275888,0.24042011144735012,0.0
mtd_ai,200,0.005071534792964297,0.3409090909090909,4188.4544285044785,0.1,150,5,0.12977777777777777,0.05983503853275888,0.24042011144735012,0.0
mtd_ai,200,0.005071534792964297,0.42452830188679247,4539.686030264481,0.15,150,5,0.12977777777777777,0.05983503853275888,0.24042011144735012,0.0
mtd_ai,200,0.005071534792964297,0.4411764705882353,5725.174262352724,0.2,150,5,0.12977777777777777,0.05983503853275888,0.24042011144735012,0.0
mtd_ai,200,0.005071534792964297,0.487012987012987,6202.172473334056,0.25,150,5,0.12977777777777777,0.05983503853275888,0.24042011144735012,0.0
mtd_ai,200,0.0050370377786658985,0.22058823529411764,2941.157151069988,0.05,150,5,0.08,0.10335655628743856,0.270614820657671,0.0
mtd_ai,200,0.0050370377786658985,0.3333333333333333,3674.772192200342,0.1,150,5,0.08,0.10335655628743856,0.270614820657671,0.0
mtd_ai,200,0.0050370377786658985,0.39473684210526316,4432.414643001093,0.15,150,5,0.08,0.10335655628743856,0.270614820657671,0.0
mtd_ai,200,0.0050370377786658985,0.375,6399.091948414943,0.2,150,5,0.08,0.10335655628743856,0.270614820657671,0.0
mtd_ai,200,0.0050370377786658985,0.35714285714285715,7623.552579534135,0.25,150,5,0.08,0.10335655628743856,0.270614820657671,0.0
mtd_ai,200,0.005042601978647812,0.46875,1200.6285019822337,0.05,150,5,0.14777777777777779,1.1130348701421668,4.368265590005888,0.0
mtd_ai,200,0.005042601978647812,0.42857142857142855,2888.9521214887604,0.1,150,5,0.14777777777777779,1.1130348701421668,4.368265590005888,0.0
mtd_ai,200,0.005042601978647812,0.5113636363636364,3231.2160309292076,0.15,150,5,0.14777777777777779,1.1130348701421668,4.368265590005888,0.0
mtd_ai,200,0.005042601978647812,0.47619047619047616,4825.173976933936,0.2,150,5,0.14777777777777779,1.1130348701421668,4.368265590005888,0.0
mtd_ai,200,0.005042601978647812,0.5208333333333334,5356.757555352881,0.25,150,5,0.14777777777777779,1.1130348701421668,4.368265590005888,0.0
mtd_ai,200,0.005053096694667716,0.46875,1500.810617346816,0.05,150,5,0.127,0.05572523013866342,0.20108161680133757,0.0
mtd_ai,200,0.005053096694667716,0.4411764705882353,3072.024247162576,0.1,150,5,0.127,0.05572523013866342,0.20108161680133757,0.0
mtd_ai,200,0.005053096694667716,0.42452830188679247,4687.497138160061,0.15,150,5,0.127,0.05572523013866342,0.20108161680133757,0.0
mtd_ai,200,0.005053096694667716,0.46875,5088.247394401322,0.2,150,5,0.127,0.05572523013866342,0.20108161680133757,0.0
mtd_ai,200,0.005053096694667716,0.5136986301369864,5442.937861577659,0.25,150,5,0.127,0.05572523013866342,0.20108161680133757,0.0
mtd_ai,200,0.005038026008076066,0.24193548387096775,3628.166071662404,0.05,150,5,0.112,0.35396153378387035,1.43349788818273,0.0
mtd_ai,200,0.005038026008076066,0.35714285714285715,4353.08712550221,0.1,150,5,0.112,0.35396153378387035,1.43349788818273,0.0
mtd_ai,200,0.005038026008076066,0.3879310344827586,5102.300469940854,0.15,150,5,0.112,0.35396153378387035,1.43349788818273,0.0
mtd_ai,200,0.005038026008076066,0.410958904109589,6119.951833915671,0.2,150,5,0.112,0.35396153378387035,1.43349788818273,0.0
mtd_ai,200,0.005038026008076066,0.43103448275862066,6608.209697335904,0.25,150,5,0.112,0.35396153378387035,1.43349788818273,0.0
mtd_ai,200,0.005063843053750433,0.24193548387096775,3397.819310008168,0.05,150,5,0.10526315789473684,0.3717775244972842,1.1187950977779235,0.0
mtd_ai,200,0.005063843053750433,0.2631578947368421,6029.447482274485,0.1,150,5,0.10526315789473684,0.3717775244972842,1.1187950977779235,0.0
mtd_ai,200,0.005063843053750433,0.32608695652173914,6605.354115557408,0.15,150,5,0.10526315789473684,0.3717775244972842,1.1187950977779235,0.0
mtd_ai,200,0.005063843053750433,0.375,6941.564532473416,0.2,150,5,0.10526315789473684,0.3717775244972842,1.1187950977779235,0.0
mtd_ai,200,0.005063843053750433,0.42134831460674155,7399.421893347935,0.25,150,5,0.10526315789473684,0.3717775244972842,1.1187950977779235,0.0
mtd_ai,200,0.005033661531676971,0.3409090909090909,1698.0080013361412,0.05,150,5,0.14555555555555558,2.486351128469085,6.224546569155024,0.0
mtd_ai,200,0.005033661531676971,0.26785714285714285,4346.208088077821,0.1,150,5,0.14555555555555558,2.486351128469085,6.224546569155024,0.0
mtd_ai,200,0.005033661531676971,0.3,5368.804920412775,0.15,150,5,0.14555555555555558,2.486351128469085,6.224546569155024,0.0
mtd_ai,200,0.005033661531676971,0.297029702970297,6547.050111779289,0.2,150,5,0.14555555555555558,2.486351128469085,6.224546569155024,0.0
mtd_ai,200,0.005033661531676971,0.3232758620689655,7396.477346206301,0.25,150,5,0.14555555555555558,2.486351128469085,6.224546569155024,0.0
mtd_ai,200,0.005078008040345367,0.39473684210526316,1835.256680625116,0.05,150,5,0.10666666666666667,0.5786301984314247,1.9723815927383905,0.0
mtd_ai,200,0.005078008040345367,0.46875,2724.8678128721563,0.1,150,5,0.10666666666666667,0.5786301984314247,1.9723815927383905,0.0
mtd_ai,200,0.005078008040345367,0.5113636363636364,3634.9246385061233,0.15,150,5,0.10666666666666667,0.5786301984314247,1.9723815927383905,0.0
mtd_ai,200,0.005078008040345367,0.5357142857142857,4268.69575925336,0.2,150,5,0.10666666666666667,0.5786301984314247,1.9723815927383905,0.0
mtd_ai,200,0.005078008040345367,0.5208333333333334,5709.413446758717,0.25,150,5,0.10666666666666667,0.5786301984314247,1.9723815927383905,0.0
mtd_ai,200,0.005031544285851617,0.3125,2639.2312070988482,0.05,150,5,0.12333333333333334,2.96968209939072,5.421825642854623,0.0
mtd_ai,200,0.005031544285851617,0.3333333333333333,4543.281525389157,0.1,150,5,0.12333333333333334,2.96968209939072,5.421825642854623,0.0
mtd_ai,200,0.005031544285851617,0.3629032258064516,5598.605462729431,0.15,150,5,0.12333333333333334,2.96968209939072,5.421825642854623,0.0
mtd_ai,200,0.005031544285851617,0.35294117647058826,6893.2411648353045,0.2,150,5,0.12333333333333334,2.96968209939072,5.421825642854623,0.0
mtd_ai,200,0.005031544285851617,0.39893617021276595,7355.270065540995,0.25,150,5,0.12333333333333334,2.96968209939072,5.421825642854623,0.0
mtd_ai,200,0.005051187281328801,0.22727272727272727,2994.45159954221,0.05,150,5,0.06555555555555555,0.33718005079927565,1.4635015611395081,0.0
mtd_ai,200,0.005051187281328801,0.3125,3755.5816552689707,0.1,150,5,0.06555555555555555,0.33718005079927565,1.4635015611395081,0.0
mtd_ai,200,0.005051187281328801,0.36885245901639346,4706.318235621997,0.15,150,5,0.06555555555555555,0.33718005079927565,1.4635015611395081,0.0
mtd_ai,200,0.005051187281328801,0.4166666666666667,5166.301099114966,0.2,150,5,0.06555555555555555,0.33718005079927565,1.4635015611395081,0.0
mtd_ai,200,0.005051187281328801,0.46875,5445.957326065385,0.25,150,5,0.06555555555555555,0.33718005079927565,1.4635015611395081,0.0
mtd_ai,200,0.005035449323557202,0.3,1958.599375905589,0.05,150,5,0.13527777777777777,1.0018418321662768,3.2789204538471965,0.0
mtd_ai,200,0.005035449323557202,0.3333333333333333,3407.810117363594,0.1,150,5,0.13527777777777777,1.0018418321662768,3.2789204538471965,0.0
mtd_ai,200,0.005035449323557202,0.3629032258064516,4500.374110997686,0.15,150,5,0.13527777777777777,1.0018418321662768,3.2789204538471965,0.0
mtd_ai,200,0.005035449323557202,0.38961038961038963,5295.932137767657,0.2,150,5,0.13527777777777777,1.0018418321662768,3.2789204538471965,0.0
mtd_ai,200,0.005035449323557202,0.3865979381443299,6521.499813074263,0.25,150,5,0.13527777777777777,1.0018418321662768,3.2789204538471965,0.0
mtd_ai,200,0.005065671704633292,0.375,1592.9385687279519,0.05,150,5,0.28125,0.6427741970983143,2.799668142522546,0.0
mtd_ai,200,0.005065671704633292,0.46875,2480.467671134402,0.1,150,5,0.28125,0.6427741970983143,2.799668142522546,0.0
mtd_ai,200,0.005065671704633292,0.5113636363636364,3036.2234479085328,0.15,150,5,0.28125,0.6427741970983143,2.799668142522546,0.0
mtd_ai,200,0.005065671704633292,0.39473684210526316,4388.820525134292,0.2,150,5,0.28125,0.6427741970983143,2.799668142522546,0.0
mtd_ai,200,0.005065671704633292,0.3232758620689655,6072.165613977268,0.25,150,5,0.28125,0.6427741970983143,2.799668142522546,0.0
mtd_ai,200,0.0050396664724916525,0.20833333333333334,3859.421270938473,0.05,150,5,0.1875,0.7632049562469368,2.684641052221921,0.10714285714285714
mtd_ai,200,0.0050396664724916525,0.2727272727272727,5292.519595882979,0.1,150,5,0.1875,0.7632049562469368,2.684641052221921,0.10714285714285714
mtd_ai,200,0.0050396664724916525,0.30405405405405406,6354.477687470806,0.15,150,5,0.1875,0.7632049562469368,2.684641052221921,0.10714285714285714
mtd_ai,200,0.0050396664724916525,0.3488372093023256,6870.0440713424505,0.2,150,5,0.1875,0.7632049562469368,2.684641052221921,0.10714285714285714
mtd_ai,200,0.0050396664724916525,0.3865979381443299,7296.260330623034,0.25,150,5,0.1875,0.7632049562469368,2.684641052221921,0.10714285714285714
mtd_ai,200,0.005050838331954426,0.2777777777777778,3321.935254653168,0.05,150,5,0.1688888888888889,0.07165854581391105,0.1089567110118791,0.0
mtd_ai,200,0.005050838331954426,0.35714285714285715,4296.928015364171,0.1,150,5,0.1688888888888889,0.07165854581391105,0.1089567110118791,0.0
mtd_ai,200,0.005050838331954426,0.4326923076923077,4755.958678634344,0.15,150,5,0.1688888888888889,0.07165854581391105,0.1089567110118791,0.0
mtd_ai,200,0.005050838331954426,0.43478260869565216,6165.694237691316,0.2,150,5,0.1688888888888889,0.07165854581391105,0.1089567110118791,0.0
mtd_ai,200,0.005050838331954426,0.45180722891566266,7526.422726606729,0.25,150,5,0.1688888888888889,0.07165854581391105,0.1089567110118791,0.0
mtd_ai,200,0.005046282076196176,0.25862068965517243,2335.1426334342304,0.05,150,5,0.1275,0.46033727652823053,2.0101242524859484,0.0
mtd_ai,200,0.005046282076196176,0.36585365853658536,2909.019269066578,0.1,150,5,0.1275,0.46033727652823053,2.0101242524859484,0.0
mtd_ai,200,0.005046282076196176,0.4326923076923077,3686.946821568231,0.15,150,5,0.1275,0.46033727652823053,2.0101242524859484,0.0
mtd_ai,200,0.005046282076196176,0.4166666666666667,4569.853048555491,0.2,150,5,0.1275,0.46033727652823053,2.0101242524859484,0.0
mtd_ai,200,0.005046282076196176,0.45180722891566266,5041.018052700607,0.25,150,5,0.1275,0.46033727652823053,2.0101242524859484,0.0
mtd_ai,200,0.005080674860199934,0.3125,2598.6616479787644,0.05,150,5,0.17666666666666667,1.2168165673007036,4.656528887695209,0.0
mtd_ai,200,0.005080674860199934,0.3409090909090909,3646.4191830883033,0.1,150,5,0.17666666666666667,1.2168165673007036,4.656528887695209,0.0
mtd_ai,200,0.005080674860199934,0.4166666666666667,4386.3354826960185,0.15,150,5,0.17666666666666667,1.2168165673007036,4.656528887695209,0.0
mtd_ai,200,0.005080674860199934,0.45454545454545453,4891.70060281646,0.2,150,5,0.17666666666666667,1.2168165673007036,4.656528887695209,0.0
mtd_ai,200,0.005080674860199934,0.46875,5516.4528187690885,0.25,150,5,0.17666666666666667,1.2168165673007036,4.656528887695209,0.0
mtd_ai,200,0.005060275389772183,0.32608695652173914,2257.860090897964,0.05,150,5,0.114,0.11010608349742602,0.43256038097048,0.0
mtd_ai,200,0.005060275389772183,0.38461538461538464,3789.5901261221697,0.1,150,5,0.114,0.11010608349742602,0.43256038097048,0.0
mtd_ai,200,0.005060275389772183,0.45918367346938777,4303.795548675706,0.15,150,5,0.114,0.11010608349742602,0.43256038097048,0.0
mtd_ai,200,0.005060275389772183,0.43478260869565216,5899.643051432469,0.2,150,5,0.114,0.11010608349742602,0.43256038097048,0.0
mtd_ai,200,0.005060275389772183,0.46296296296296297,6715.21205741457,0.25,150,5,0.114,0.11010608349742602,0.43256038097048,0.0
mtd_ai,200,0.005042567189727172,0.22727272727272727,3667.6182737679155,0.05,150,5,0.12277777777777779,3.918147493157746,6.5574343198852345,0.0
mtd_ai,200,0.005042567189727172,0.3125,4290.38162287153,0.1,150,5,0.12277777777777779,3.918147493157746,6.5574343198852345,0.0
mtd_ai,200,0.005042567189727172,0.34615384615384615,5446.6307450321265,0.15,150,5,0.12277777777777779,3.918147493157746,6.5574343198852345,0.0
mtd_ai,200,0.005042567189727172,0.379746835443038,5942.947987145716,0.2,150,5,0.12277777777777779,3.918147493157746,6.5574343198852345,0.0
mtd_ai,200,0.005042567189727172,0.4032258064516129,6635.987105512415,0.25,150,5,0.12277777777777779,3.918147493157746,6.5574343198852345,0.0
mtd_ai,200,0.005071673988208774,0.3409090909090909,1816.4502353201356,0.05,150,5,0.14142857142857143,0.6156303626150142,2.51573236967371,0.0
mtd_ai,200,0.005071673988208774,0.35714285714285715,3150.861695721256,0.1,150,5,0.14142857142857143,0.6156303626150142,2.51573236967371,0.0
mtd_ai,200,0.005071673988208774,0.42452830188679247,3784.0189245290735,0.15,150,5,0.14142857142857143,0.6156303626150142,2.51573236967371,0.0
mtd_ai,200,0.005071673988208774,0.44776119402985076,4886.442974979269,0.2,150,5,0.14142857142857143,0.6156303626150142,2.51573236967371,0.0
mtd_ai,200,0.005071673988208774,0.47468354430379744,5608.802858210308,0.25,150,5,0.14142857142857143,0.6156303626150142,2.51573236967371,0.0
