Name,mtd_interval,MEF,ASR,time_to_compromise,host_compromise_ratio,network_size,exposed_endpoints,attack_path_exposure,ROA,risk,shortest_path_variability
mtd_ai,200,0.005038375861083995,0.375,1532.4862443294994,0.05,150,5,0.15844444444444444,0.06620491224681478,0.28684051327454746,0.0
mtd_ai,200,0.005038375861083995,0.36585365853658536,3057.861907670277,0.1,150,5,0.15844444444444444,0.06620491224681478,0.28684051327454746,0.0
mtd_ai,200,0.005038375861083995,0.39473684210526316,4181.088701459081,0.15,150,5,0.15844444444444444,0.06620491224681478,0.28684051327454746,0.0
mtd_ai,200,0.005038375861083995,0.42857142857142855,4888.130398147371,0.2,150,5,0.15844444444444444,0.06620491224681478,0.28684051327454746,0.0
mtd_ai,200,0.005038375861083995,0.45180722891566266,5824.0013478155415,0.25,150,5,0.15844444444444444,0.06620491224681478,0.28684051327454746,0.0
mtd_ai,200,0.005033421954054534,0.19230769230769232,3606.6799488830375,0.05,150,5,0.183,0.5788751444345291,1.740332988905894,0.0
mtd_ai,200,0.005033421954054534,0.2830188679245283,4612.755725275714,0.1,150,5,0.183,0.5788751444345291,1.740332988905894,0.0
mtd_ai,200,0.005033421954054534,0.3082191780821918,6180.983874925265,0.15,150,5,0.183,0.5788751444345291,1.740332988905894,0.0
mtd_ai,200,0.005033421954054534,0.3125,7295.53178066383,0.2,150,5,0.183,0.5788751444345291,1.740332988905894,0.0
mtd_ai,200,0.005033421954054534,0.35046728971962615,7784.566888333684,0.25,150,5,0.183,0.5788751444345291,1.740332988905894,0.0
mtd_ai,200,0.005074514048626516,0.3125,2461.350918738106,0.05,150,5,0.14444444444444443,1.0299111372311882,2.1636387993539197,0.0
mtd_ai,200,0.005074514048626516,0.38461538461538464,3752.4711168078175,0.1,150,5,0.14444444444444443,1.0299111372311882,2.1636387993539197,0.0
mtd_ai,200,0.005074514048626516,0.4411764705882353,4671.300932561317,0.15,150,5,0.14444444444444443,1.0299111372311882,2.1636387993539197,0.0
mtd_ai,200,0.005074514048626516,0.45454545454545453,5291.2504211914165,0.2,150,5,0.14444444444444443,1.0299111372311882,2.1636387993539197,0.0
mtd_ai,200,0.005074514048626516,0.4934210526315789,5695.417431119669,0.25,150,5,0.14444444444444443,1.0299111372311882,2.1636387993539197,0.0
mtd_ai,200,0.005041576665900608,0.3409090909090909,2057.739441269384,0.05,150,5,0.11822222222222223,0.8220813478737138,2.231491315266625,0.0
mtd_ai,200,0.005041576665900608,0.45454545454545453,3251.0723778805177,0.1,150,5,0.11822222222222223,0.8220813478737138,2.231491315266625,0.0
mtd_ai,200,0.005041576665900608,0.5232558139534884,3658.0803663131464,0.15,150,5,0.11822222222222223,0.8220813478737138,2.231491315266625,0.0
mtd_ai,200,0.005041576665900608,0.5084745762711864,4995.420497125708,0.2,150,5,0.11822222222222223,0.8220813478737138,2.231491315266625,0.0
mtd_ai,200,0.005041576665900608,0.5357142857142857,5934.801536323864,0.25,150,5,0.11822222222222223,0.8220813478737138,2.231491315266625,0.0
mtd_ai,200,0.005046428181456617,0.375,2035.2223492433577,0.05,150,5,0.15904761904761905,0.37087015694713615,0.801943040927923,0.0
mtd_ai,200,0.005046428181456617,0.46875,2864.66184852108,0.1,150,5,0.15904761904761905,0.37087015694713615,0.801943040927923,0.0
mtd_ai,200,0.005046428181456617,0.5357142857142857,3493.5582384603167,0.15,150,5,0.15904761904761905,0.37087015694713615,0.801943040927923,0.0
mtd_ai,200,0.005046428181456617,0.5263157894736842,4638.758404184268,0.2,150,5,0.15904761904761905,0.37087015694713615,0.801943040927923,0.0
mtd_ai,200,0.005046428181456617,0.5597014925373134,5191.900199134438,0.25,150,5,0.15904761904761905,0.37087015694713615,0.801943040927923,0.0
mtd_ai,200,0.0050841521206035955,0.5,1508.5924600816597,0.05,150,5,0.1424920634920635,0.4021373093425029,1.5989994997055899,0.0
mtd_ai,200,0.0050841521206035955,0.42857142857142855,3358.5029644097986,0.1,150,5,0.1424920634920635,0.4021373093425029,1.5989994997055899,0.0
mtd_ai,200,0.0050841521206035955,0.5113636363636364,3900.19542478159,0.15,150,5,0.1424920634920635,0.4021373093425029,1.5989994997055899,0.0
mtd_ai,200,0.0050841521206035955,0.5172413793103449,4750.831800537073,0.2,150,5,0.1424920634920635,0.4021373093425029,1.5989994997055899,0.0
mtd_ai,200,0.0050841521206035955,0.5514705882352942,5403.019040721416,0.25,150,5,0.1424920634920635,0.4021373093425029,1.5989994997055899,0.0
mtd_ai,200,0.005062994893185011,0.26785714285714285,2122.0017539535697,0.05,150,5,0.10333333333333333,0.0819005814516241,0.24859036615371952,0.0
mtd_ai,200,0.005062994893185011,0.2830188679245283,4628.811630568298,0.1,150,5,0.10333333333333333,0.0819005814516241,0.24859036615371952,0.0
mtd_ai,200,0.005062994893185011,0.3515625,5343.713450981364,0.15,150,5,0.10333333333333333,0.0819005814516241,0.24859036615371952,0.0
mtd_ai,200,0.005062994893185011,0.39473684210526316,5905.212735902398,0.2,150,5,0.10333333333333333,0.0819005814516241,0.24859036615371952,0.0
mtd_ai,200,0.005062994893185011,0.39893617021276595,6898.470949251094,0.25,150,5,0.10333333333333333,0.0819005814516241,0.24859036615371952,0.0
mtd_ai,200,0.005052822778365146,0.3125,2262.230397807048,0.05,150,5,0.14111111111111113,0.3398210101849426,1.0455287569255551,0.0
mtd_ai,200,0.005052822778365146,0.39473684210526316,3382.2777507370347,0.1,150,5,0.14111111111111113,0.3398210101849426,1.0455287569255551,0.0
mtd_ai,200,0.005052822778365146,0.4166666666666667,5018.675183191145,0.15,150,5,0.14111111111111113,0.3398210101849426,1.0455287569255551,0.0
mtd_ai,200,0.005052822778365146,0.44776119402985076,5645.25122432819,0.2,150,5,0.14111111111111113,0.3398210101849426,1.0455287569255551,0.0
mtd_ai,200,0.005052822778365146,0.43103448275862066,6907.980104250871,0.25,150,5,0.14111111111111113,0.3398210101849426,1.0455287569255551,0.0
mtd_ai,200,0.005082103766020475,0.3409090909090909,2007.536195262231,0.05,150,5,0.05263157894736842,2.9994691896547176,4.319580525253182,0.0
mtd_ai,200,0.005082103766020475,0.39473684210526316,3191.373671034386,0.1,150,5,0.05263157894736842,2.9994691896547176,4.319580525253182,0.0
mtd_ai,200,0.005082103766020475,0.46875,3820.0112579038637,0.15,150,5,0.05263157894736842,2.9994691896547176,4.319580525253182,0.0
mtd_ai,200,0.005082103766020475,0.46875,4706.616398452617,0.2,150,5,0.05263157894736842,2.9994691896547176,4.319580525253182,0.0
mtd_ai,200,0.005082103766020475,0.5136986301369864,4990.605966927456,0.25,150,5,0.05263157894736842,2.9994691896547176,4.319580525253182,0.0
mtd_ai,200,0.005064806424786126,0.26785714285714285,2491.4392917900554,0.05,150,5,0.16166666666666665,0.05714145409023314,0.22123191871237322,0.0
mtd_ai,200,0.005064806424786126,0.35714285714285715,3566.5216732501503,0.1,150,5,0.16166666666666665,0.05714145409023314,0.22123191871237322,0.0
mtd_ai,200,0.005064806424786126,0.4090909090909091,4214.139815293871,0.15,150,5,0.16166666666666665,0.05714145409023314,0.22123191871237322,0.0
mtd_ai,200,0.005064806424786126,0.42857142857142855,5323.241055589928,0.2,150,5,0.16166666666666665,0.05714145409023314,0.22123191871237322,0.0
mtd_ai,200,0.005064806424786126,0.45180722891566266,5967.847079940764,0.25,150,5,0.16166666666666665,0.05714145409023314,0.22123191871237322,0.0
mtd_ai,200,0.005042191276070327,0.3409090909090909,2175.3326509362123,0.05,150,5,0.12944444444444442,1.7289174415907833,4.8717515997947975,0.0
mtd_ai,200,0.005042191276070327,0.40540540540540543,3505.1470885459066,0.1,150,5,0.12944444444444442,1.7289174415907833,4.8717515997947975,0.0
mtd_ai,200,0.005042191276070327,0.42452830188679247,4831.222805078632,0.15,150,5,0.12944444444444442,1.7289174415907833,4.8717515997947975,0.0
mtd_ai,200,0.005042191276070327,0.47619047619047616,5165.237062615287,0.2,150,5,0.12944444444444442,1.7289174415907833,4.8717515997947975,0.0
mtd_ai,200,0.005042191276070327,0.5136986301369864,5986.066471151008,0.25,150,5,0.12944444444444442,1.7289174415907833,4.8717515997947975,0.0
mtd_ai,200,0.005056614601227661,0.39473684210526316,1505.6021682320365,0.05,150,5,0.0,0.5925600422326309,1.9867843189701286,0.0
mtd_ai,200,0.005056614601227661,0.4411764705882353,2693.032719453239,0.1,150,5,0.0,0.5925600422326309,1.9867843189701286,0.0
mtd_ai,200,0.005056614601227661,0.46875,3554.951806987387,0.15,150,5,0.0,0.5925600422326309,1.9867843189701286,0.0
mtd_ai,200,0.005056614601227661,0.46153846153846156,4370.3166267013585,0.2,150,5,0.0,0.5925600422326309,1.9867843189701286,0.0
mtd_ai,200,0.005056614601227661,0.47468354430379744,4953.204868839774,0.25,150,5,0.0,0.5925600422326309,1.9867843189701286,0.0
mtd_ai,200,0.0050713066849857776,0.3125,2120.266770482526,0.05,150,5,0.16444444444444445,0.34395805568243926,1.0224905411053624,0.0
mtd_ai,200,0.0050713066849857776,0.3488372093023256,3062.3799425577276,0.1,150,5,0.16444444444444445,0.34395805568243926,1.0224905411053624,0.0
mtd_ai,200,0.0050713066849857776,0.39473684210526316,4012.466957216899,0.15,150,5,0.16444444444444445,0.34395805568243926,1.0224905411053624,0.0
mtd_ai,200,0.0050713066849857776,0.40540540540540543,4950.773535882392,0.2,150,5,0.16444444444444445,0.34395805568243926,1.0224905411053624,0.0
mtd_ai,200,0.0050713066849857776,0.4411764705882353,5788.756781987875,0.25,150,5,0.16444444444444445,0.34395805568243926,1.0224905411053624,0.0
mtd_ai,200,0.0050630223941959445,0.46875,1504.9897995051017,0.05,150,5,0.1648888888888889,0.493881131065453,2.1269315444996932,0.0
mtd_ai,200,0.0050630223941959445,0.46875,2784.6153992865356,0.1,150,5,0.1648888888888889,0.493881131065453,2.1269315444996932,0.0
mtd_ai,200,0.0050630223941959445,0.5113636363636364,3869.498190909164,0.15,150,5,0.1648888888888889,0.493881131065453,2.1269315444996932,0.0
mtd_ai,200,0.0050630223941959445,0.5660377358490566,4235.842024345051,0.2,150,5,0.1648888888888889,0.493881131065453,2.1269315444996932,0.0
mtd_ai,200,0.0050630223941959445,0.5859375,4852.413102795875,0.25,150,5,0.1648888888888889,0.493881131065453,2.1269315444996932,0.0
mtd_ai,200,0.005061609035358741,0.35714285714285715,2404.922646341016,0.05,150,5,0.10666666666666667,0.07942677186107157,0.262404830730413,0.0
mtd_ai,200,0.005061609035358741,0.38461538461538464,3731.453200146426,0.1,150,5,0.10666666666666667,0.07942677186107157,0.262404830730413,0.0
mtd_ai,200,0.005061609035358741,0.4090909090909091,4911.593905087018,0.15,150,5,0.10666666666666667,0.07942677186107157,0.262404830730413,0.0
mtd_ai,200,0.005061609035358741,0.42857142857142855,5916.91851225331,0.2,150,5,0.10666666666666667,0.07942677186107157,0.262404830730413,0.0
mtd_ai,200,0.005061609035358741,0.47468354430379744,6337.41771003617,0.25,150,5,0.10666666666666667,0.07942677186107157,0.262404830730413,0.0
mtd_ai,200,0.005080572732201235,0.32608695652173914,2423.623581742102,0.05,150,5,0.1262222222222222,0.5443949743197068,2.102132750504563,0.0
mtd_ai,200,0.005080572732201235,0.4166666666666667,3346.027207302035,0.1,150,5,0.1262222222222222,0.5443949743197068,2.102132750504563,0.0
mtd_ai,200,0.005080572732201235,0.45918367346938777,4144.535977607515,0.15,150,5,0.1262222222222222,0.5443949743197068,2.102132750504563,0.0
mtd_ai,200,0.005080572732201235,0.4838709677419355,5079.76813122732,0.2,150,5,0.1262222222222222,0.5443949743197068,2.102132750504563,0.0
mtd_ai,200,0.005080572732201235,0.5136986301369864,5540.137085748838,0.25,150,5,0.1262222222222222,0.5443949743197068,2.102132750504563,0.0
mtd_ai,200,0.005078814376188154,0.32608695652173914,1878.8061465578355,0.05,150,5,0.25,0.5855629882093976,1.5419993584571448,0.0
mtd_ai,200,0.005078814376188154,0.39473684210526316,3163.1037332918086,0.1,150,5,0.25,0.5855629882093976,1.5419993584571448,0.0
mtd_ai,200,0.005078814376188154,0.45,3851.219606644876,0.15,150,5,0.25,0.5855629882093976,1.5419993584571448,0.0
mtd_ai,200,0.005078814376188154,0.44776119402985076,4964.856580918293,0.2,150,5,0.25,0.5855629882093976,1.5419993584571448,0.0
mtd_ai,200,0.005078814376188154,0.47468354430379744,5454.62416228624,0.25,150,5,0.25,0.5855629882093976,1.5419993584571448,0.0
mtd_ai,200,0.005072976893252379,0.25862068965517243,2608.625417648006,0.05,150,5,0.104,0.2352640381470221,0.9299199446177484,0.0
mtd_ai,200,0.005072976893252379,0.32608695652173914,3519.3459016825354,0.1,150,5,0.104,0.2352640381470221,0.9299199446177484,0.0
mtd_ai,200,0.005072976893252379,0.36885245901639346,4405.219651900275,0.15,150,5,0.104,0.2352640381470221,0.9299199446177484,0.0
mtd_ai,200,0.005072976893252379,0.375,5475.21335838381,0.2,150,5,0.104,0.2352640381470221,0.9299199446177484,0.0
mtd_ai,200,0.005072976893252379,0.4032258064516129,6337.428392630751,0.25,150,5,0.104,0.2352640381470221,0.9299199446177484,0.0
mtd_ai,200,0.005050364880630436,0.20833333333333334,3403.250519659452,0.05,150,5,0.13777777777777775,0.9196248540478617,3.5475872063164546,0.0
mtd_ai,200,0.005050364880630436,0.23809523809523808,5128.107859171972,0.1,150,5,0.13777777777777775,0.9196248540478617,3.5475872063164546,0.0
mtd_ai,200,0.005050364880630436,0.28125,6011.36046203273,0.15,150,5,0.13777777777777775,0.9196248540478617,3.5475872063164546,0.0
mtd_ai,200,0.005050364880630436,0.3225806451612903,6620.163367550305,0.2,150,5,0.13777777777777775,0.9196248540478617,3.5475872063164546,0.0
mtd_ai,200,0.005050364880630436,0.30991735537190085,8114.432321736458,0.25,150,5,0.13777777777777775,0.9196248540478617,3.5475872063164546,0.0
mtd_ai,200,0.0050860255560755,0.3,2221.504942853302,0.05,150,5,0.15384615384615385,2.7127232059143376,4.169106675098498,0.0
mtd_ai,200,0.0050860255560755,0.375,3289.8781548742954,0.1,150,5,0.15384615384615385,2.7127232059143376,4.169106675098498,0.0
mtd_ai,200,0.0050860255560755,0.45,3972.396928302723,0.15,150,5,0.15384615384615385,2.7127232059143376,4.169106675098498,0.0
mtd_ai,200,0.0050860255560755,0.4918032786885246,4521.2676215286465,0.2,150,5,0.15384615384615385,2.7127232059143376,4.169106675098498,0.0
mtd_ai,200,0.0050860255560755,0.4934210526315789,5459.6126516168515,0.25,150,5,0.15384615384615385,2.7127232059143376,4.169106675098498,0.0
mtd_ai,200,0.005072621151764987,0.375,1823.0198419444905,0.05,150,5,0.1257777777777778,0.7049848355921584,2.4931411526399723,0.0
mtd_ai,200,0.005072621151764987,0.3488372093023256,4157.49419457739,0.1,150,5,0.1257777777777778,0.7049848355921584,2.4931411526399723,0.0
mtd_ai,200,0.005072621151764987,0.4166666666666667,4828.272389815987,0.15,150,5,0.1257777777777778,0.7049848355921584,2.4931411526399723,0.0
mtd_ai,200,0.005072621151764987,0.45454545454545453,5468.866098868721,0.2,150,5,0.1257777777777778,0.7049848355921584,2.4931411526399723,0.0
mtd_ai,200,0.005072621151764987,0.47468354430379744,6119.654864897369,0.25,150,5,0.1257777777777778,0.7049848355921584,2.4931411526399723,0.0
mtd_ai,200,0.005050297885573745,0.32608695652173914,2182.334740779096,0.05,150,5,0.11088888888888888,0.8883405482918746,3.198755661950943,0.0
mtd_ai,200,0.005050297885573745,0.35714285714285715,3186.6865522794906,0.1,150,5,0.11088888888888888,0.8883405482918746,3.198755661950943,0.0
mtd_ai,200,0.005050297885573745,0.4017857142857143,4527.32520242756,0.15,150,5,0.11088888888888888,0.8883405482918746,3.198755661950943,0.0
mtd_ai,200,0.005050297885573745,0.44776119402985076,4992.606121905698,0.2,150,5,0.11088888888888888,0.8883405482918746,3.198755661950943,0.0
mtd_ai,200,0.005050297885573745,0.487012987012987,5396.60563998323,0.25,150,5,0.11088888888888888,0.8883405482918746,3.198755661950943,0.0
mtd_ai,200,0.005078639221176539,0.3125,2243.7808186709676,0.05,150,5,0.08666666666666667,1.4387830848566838,3.675349707967232,0.0
mtd_ai,200,0.005078639221176539,0.39473684210526316,3225.772685634865,0.1,150,5,0.08666666666666667,1.4387830848566838,3.675349707967232,0.0
mtd_ai,200,0.005078639221176539,0.45,4239.474005537223,0.15,150,5,0.08666666666666667,1.4387830848566838,3.675349707967232,0.0
mtd_ai,200,0.005078639221176539,0.46875,4864.7974630494,0.2,150,5,0.08666666666666667,1.4387830848566838,3.675349707967232,0.0
mtd_ai,200,0.005078639221176539,0.5067567567567568,5360.779391471338,0.25,150,5,0.08666666666666667,1.4387830848566838,3.675349707967232,0.0
mtd_ai,200,0.005075037396726561,0.32608695652173914,2178.500720007665,0.05,150,5,0.10222222222222221,0.5820575885759155,2.075010160380683,0.0
mtd_ai,200,0.005075037396726561,0.38461538461538464,3503.0203806762906,0.1,150,5,0.10222222222222221,0.5820575885759155,2.075010160380683,0.0
mtd_ai,200,0.005075037396726561,0.4017857142857143,4550.020284169994,0.15,150,5,0.10222222222222221,0.5820575885759155,2.075010160380683,0.0
mtd_ai,200,0.005075037396726561,0.43478260869565216,5104.5155655925355,0.2,150,5,0.10222222222222221,0.5820575885759155,2.075010160380683,0.0
mtd_ai,200,0.005075037396726561,0.47468354430379744,5514.964693786042,0.25,150,5,0.10222222222222221,0.5820575885759155,2.075010160380683,0.0
mtd_ai,200,0.005081342400385784,0.35714285714285715,1832.4851098732586,0.05,150,5,0.1517777777777778,4.214559912786816,2.1427906349577297,0.0
mtd_ai,200,0.005081342400385784,0.38461538461538464,3207.233056952933,0.1,150,5,0.1517777777777778,4.214559912786816,2.1427906349577297,0.0
mtd_ai,200,0.005081342400385784,0.4787234042553192,3502.34825736743,0.15,150,5,0.1517777777777778,4.214559912786816,2.1427906349577297,0.0
mtd_ai,200,0.005081342400385784,0.5172413793103449,4250.342310270833,0.2,150,5,0.1517777777777778,4.214559912786816,2.1427906349577297,0.0
mtd_ai,200,0.005081342400385784,0.5208333333333334,5460.676960731906,0.25,150,5,0.1517777777777778,4.214559912786816,2.1427906349577297,0.0
mtd_ai,200,0.005037967366308385,0.22727272727272727,3018.173726422803,0.05,150,5,0.17333333333333334,0.26935448253328886,1.1331589437676408,0.0
mtd_ai,200,0.005037967366308385,0.28846153846153844,4721.001955491063,0.1,150,5,0.17333333333333334,0.26935448253328886,1.1331589437676408,0.0
mtd_ai,200,0.005037967366308385,0.34615384615384615,5472.215575816882,0.15,150,5,0.17333333333333334,0.26935448253328886,1.1331589437676408,0.0
mtd_ai,200,0.005037967366308385,0.38461538461538464,6329.406340196163,0.2,150,5,0.17333333333333334,0.26935448253328886,1.1331589437676408,0.0
mtd_ai,200,0.005037967366308385,0.42134831460674155,6849.782927517859,0.25,150,5,0.17333333333333334,0.26935448253328886,1.1331589437676408,0.0
mtd_ai,200,0.0050693044617437155,0.3125,2334.2259629830305,0.05,150,5,0.08333333333333333,1.2513557970237965,3.9916537987053133,0.0
mtd_ai,200,0.0050693044617437155,0.3488372093023256,3555.7365971016825,0.1,150,5,0.08333333333333333,1.2513557970237965,3.9916537987053133,0.0
mtd_ai,200,0.0050693044617437155,0.42452830188679247,4073.600969261044,0.15,150,5,0.08333333333333333,1.2513557970237965,3.9916537987053133,0.0
mtd_ai,200,0.0050693044617437155,0.43478260869565216,5460.705946092264,0.2,150,5,0.08333333333333333,1.2513557970237965,3.9916537987053133,0.0
mtd_ai,200,0.0050693044617437155,0.46875,5868.034034734877,0.25,150,5,0.08333333333333333,1.2513557970237965,3.9916537987053133,0.0
mtd_ai,200,0.0050512609860630595,0.3125,2420.8267031081023,0.05,150,5,0.1471111111111111,0.406686862705493,1.7499200988332684,0.0
mtd_ai,200,0.0050512609860630595,0.32608695652173914,4161.830278471987,0.1,150,5,0.1471111111111111,0.406686862705493,1.7499200988332684,0.0
mtd_ai,200,0.0050512609860630595,0.3125,5371.680337425703,0.15,150,5,0.1471111111111111,0.406686862705493,1.7499200988332684,0.0
mtd_ai,200,0.0050512609860630595,0.3157894736842105,6917.9637146446075,0.2,150,5,0.1471111111111111,0.406686862705493,1.7499200988332684,0.0
mtd_ai,200,0.0050512609860630595,0.35714285714285715,7529.447428792324,0.25,150,5,0.1471111111111111,0.406686862705493,1.7499200988332684,0.0
mtd_ai,200,0.005053499511816314,0.35714285714285715,1933.864390683053,0.05,150,5,0.17,1.3585621820627167,2.068330973614887,0.0
mtd_ai,200,0.005053499511816314,0.375,3856.3674074296164,0.1,150,5,0.17,1.3585621820627167,2.068330973614887,0.0
mtd_ai,200,0.005053499511816314,0.4166666666666667,4850.411380562322,0.15,150,5,0.17,1.3585621820627167,2.068330973614887,0.0
mtd_ai,200,0.005053499511816314,0.410958904109589,6786.881055176475,0.2,150,5,0.17,1.3585621820627167,2.068330973614887,0.0
mtd_ai,200,0.005053499511816314,0.45180722891566266,7183.557153665174,0.25,150,5,0.17,1.3585621820627167,2.068330973614887,0.0
mtd_ai,200,0.0050294864046589675,0.35714285714285715,2169.20417405157,0.05,150,5,0.10111111111111111,1.2206928210175452,2.613458977595578,0.0
mtd_ai,200,0.0050294864046589675,0.36585365853658536,3869.2373067075173,0.1,150,5,0.10111111111111111,1.2206928210175452,2.613458977595578,0.0
mtd_ai,200,0.0050294864046589675,0.4166666666666667,4938.2110397670385,0.15,150,5,0.10111111111111111,1.2206928210175452,2.613458977595578,0.0
mtd_ai,200,0.0050294864046589675,0.3614457831325301,6985.115454865721,0.2,150,5,0.10111111111111111,1.2206928210175452,2.613458977595578,0.0
mtd_ai,200,0.0050294864046589675,0.3826530612244898,8222.233258401951,0.25,150,5,0.10111111111111111,1.2206928210175452,2.613458977595578,0.0
mtd_ai,200,0.005051949267351035,0.3409090909090909,2431.435650407986,0.05,150,5,0.08777777777777777,5.434855272022154,7.742216078463167,0.0
mtd_ai,200,0.005051949267351035,0.40540540540540543,3336.616662103655,0.1,150,5,0.08777777777777777,5.434855272022154,7.742216078463167,0.0
mtd_ai,200,0.005051949267351035,0.46875,3828.57702081795,0.15,150,5,0.08777777777777777,5.434855272022154,7.742216078463167,0.0
mtd_ai,200,0.005051949267351035,0.5084745762711864,4375.94985393539,0.2,150,5,0.08777777777777777,5.434855272022154,7.742216078463167,0.0
mtd_ai,200,0.005051949267351035,0.5434782608695652,4811.600717225287,0.25,150,5,0.08777777777777777,5.434855272022154,7.742216078463167,0.0
mtd_ai,200,0.005037375762273244,0.4411764705882353,1811.4407915471716,0.05,150,5,0.2,0.2142474830466056,0.954323441001115,-3.25
mtd_ai,200,0.005037375762273244,0.38461538461538464,3501.120464538311,0.1,150,5,0.2,0.2142474830466056,0.954323441001115,-3.25
mtd_ai,200,0.005037375762273244,0.4411764705882353,4297.113303549499,0.15,150,5,0.2,0.2142474830466056,0.954323441001115,-3.25
mtd_ai,200,0.005037375762273244,0.4411764705882353,5155.0695358752055,0.2,150,5,0.2,0.2142474830466056,0.954323441001115,-3.25
mtd_ai,200,0.005037375762273244,0.4573170731707317,6295.758767533853,0.25,150,5,0.2,0.2142474830466056,0.954323441001115,-3.25
mtd_ai,200,0.005052848308571719,0.46875,1385.052148680547,0.05,150,5,0.25,0.49084005220909843,0.4386484089171787,-6.173913043478261
mtd_ai,200,0.005052848308571719,0.4166666666666667,3156.128672122137,0.1,150,5,0.25,0.49084005220909843,0.4386484089171787,-6.173913043478261
mtd_ai,200,0.005052848308571719,0.4891304347826087,3846.662326221922,0.15,150,5,0.25,0.49084005220909843,0.4386484089171787,-6.173913043478261
mtd_ai,200,0.005052848308571719,0.4918032786885246,4827.072813850544,0.2,150,5,0.25,0.49084005220909843,0.4386484089171787,-6.173913043478261
mtd_ai,200,0.005052848308571719,0.5434782608695652,5055.800515736026,0.25,150,5,0.25,0.49084005220909843,0.4386484089171787,-6.173913043478261
mtd_ai,200,0.005088587103886088,0.3409090909090909,1988.0712791168726,0.05,150,5,0.14833333333333334,0.1401558882628668,0.5476555926690925,0.0
mtd_ai,200,0.005088587103886088,0.39473684210526316,2998.0916521591544,0.1,150,5,0.14833333333333334,0.1401558882628668,0.5476555926690925,0.0
mtd_ai,200,0.005088587103886088,0.39473684210526316,4060.229500181875,0.15,150,5,0.14833333333333334,0.1401558882628668,0.5476555926690925,0.0
mtd_ai,200,0.005088587103886088,0.4411764705882353,4540.0952100916165,0.2,150,5,0.14833333333333334,0.1401558882628668,0.5476555926690925,0.0
mtd_ai,200,0.005088587103886088,0.487012987012987,4988.392279513499,0.25,150,5,0.14833333333333334,0.1401558882628668,0.5476555926690925,0.0
mtd_ai,200,0.005051250838987354,0.3,2935.0449593810813,0.05,150,5,0.16166666666666665,0.14194029269574623,0.1978009229706313,0.0
mtd_ai,200,0.005051250838987354,0.4166666666666667,3371.6645978674696,0.1,150,5,0.16166666666666665,0.14194029269574623,0.1978009229706313,0.0
mtd_ai,200,0.005051250838987354,0.5,3897.699845969516,0.15,150,5,0.16166666666666665,0.14194029269574623,0.1978009229706313,0.0
mtd_ai,200,0.005051250838987354,0.5263157894736842,4577.645794924399,0.2,150,5,0.16166666666666665,0.14194029269574623,0.1978009229706313,0.0
mtd_ai,200,0.005051250838987354,0.5434782608695652,5104.087180622686,0.25,150,5,0.16166666666666665,0.14194029269574623,0.1978009229706313,0.0
mtd_ai,200,0.005075801286939396,0.28846153846153844,2752.9803971378115,0.05,150,5,0.15,1.1353683531068357,4.5777281120453255,0.0
mtd_ai,200,0.005075801286939396,0.3333333333333333,3617.860845016307,0.1,150,5,0.15,1.1353683531068357,4.5777281120453255,0.0
mtd_ai,200,0.005075801286939396,0.39473684210526316,4216.837373494585,0.15,150,5,0.15,1.1353683531068357,4.5777281120453255,0.0
mtd_ai,200,0.005075801286939396,0.45454545454545453,4793.831115736169,0.2,150,5,0.15,1.1353683531068357,4.5777281120453255,0.0
mtd_ai,200,0.005075801286939396,0.487012987012987,5257.648897616948,0.25,150,5,0.15,1.1353683531068357,4.5777281120453255,0.0
mtd_ai,200,0.005088858237170281,0.35714285714285715,1698.1604026826585,0.05,150,5,0.13873015873015873,1.3533805793167195,4.503059363657706,0.0
mtd_ai,200,0.005088858237170281,0.45454545454545453,2502.165989134421,0.1,150,5,0.13873015873015873,1.3533805793167195,4.503059363657706,0.0
mtd_ai,200,0.005088858237170281,0.45918367346938777,3569.7573636765674,0.15,150,5,0.13873015873015873,1.3533805793167195,4.503059363657706,0.0
mtd_ai,200,0.005088858237170281,0.42857142857142855,4821.998554182923,0.2,150,5,0.13873015873015873,1.3533805793167195,4.503059363657706,0.0
mtd_ai,200,0.005088858237170281,0.47468354430379744,5298.2047555672625,0.25,150,5,0.13873015873015873,1.3533805793167195,4.503059363657706,0.0
mtd_ai,200,0.005037656805862094,0.4166666666666667,1659.9723360406938,0.05,150,5,0.12888888888888891,1.7544744856915455,5.220415382675921,0.0
mtd_ai,200,0.005037656805862094,0.36585365853658536,4037.3549698976076,0.1,150,5,0.12888888888888891,1.7544744856915455,5.220415382675921,0.0
mtd_ai,200,0.005037656805862094,0.4411764705882353,4734.129317692495,0.15,150,5,0.12888888888888891,1.7544744856915455,5.220415382675921,0.0
mtd_ai,200,0.005037656805862094,0.4411764705882353,6427.309956157071,0.2,150,5,0.12888888888888891,1.7544744856915455,5.220415382675921,0.0
mtd_ai,200,0.005037656805862094,0.46875,7330.866684397848,0.25,150,5,0.12888888888888891,1.7544744856915455,5.220415382675921,0.0
mtd_ai,200,0.005060305592439372,0.2777777777777778,3136.2923432746616,0.05,150,5,0.12,0.5869847131104066,1.3966336190591502,0.0
mtd_ai,200,0.005060305592439372,0.3409090909090909,4345.039202204565,0.1,150,5,0.12,0.5869847131104066,1.3966336190591502,0.0
mtd_ai,200,0.005060305592439372,0.3409090909090909,5567.347349602879,0.15,150,5,0.12,0.5869847131104066,1.3966336190591502,0.0
mtd_ai,200,0.005060305592439372,0.379746835443038,6115.989934184581,0.2,150,5,0.12,0.5869847131104066,1.3966336190591502,0.0
mtd_ai,200,0.005060305592439372,0.4032258064516129,7065.057334738884,0.25,150,5,0.12,0.5869847131104066,1.3966336190591502,0.0
mtd_ai,200,0.005089032989181988,0.39473684210526316,1651.2021389535457,0.05,150,5,0.1522222222222222,2.519234247155322,2.7945726513833615,0.0
mtd_ai,200,0.005089032989181988,0.375,3519.597646006301,0.1,150,5,0.1522222222222222,2.519234247155322,2.7945726513833615,0.0
mtd_ai,200,0.005089032989181988,0.45,3993.0791668112033,0.15,150,5,0.1522222222222222,2.519234247155322,2.7945726513833615,0.0
mtd_ai,200,0.005089032989181988,0.4918032786885246,4446.302552884951,0.2,150,5,0.1522222222222222,2.519234247155322,2.7945726513833615,0.0
mtd_ai,200,0.005089032989181988,0.528169014084507,4761.652683769053,0.25,150,5,0.1522222222222222,2.519234247155322,2.7945726513833615,0.0
mtd_ai,200,0.005079108204473553,0.375,1571.4210563898332,0.05,150,5,0.14666666666666667,1.2375034258854256,4.287454012481803,0.0
mtd_ai,200,0.005079108204473553,0.4166666666666667,2558.6327690060125,0.1,150,5,0.14666666666666667,1.2375034258854256,4.287454012481803,0.0
mtd_ai,200,0.005079108204473553,0.4166666666666667,3835.926573495725,0.15,150,5,0.14666666666666667,1.2375034258854256,4.287454012481803,0.0
mtd_ai,200,0.005079108204473553,0.410958904109589,4999.41446544935,0.2,150,5,0.14666666666666667,1.2375034258854256,4.287454012481803,0.0
mtd_ai,200,0.005079108204473553,0.4411764705882353,5531.772865089426,0.25,150,5,0.14666666666666667,1.2375034258854256,4.287454012481803,0.0
mtd_ai,200,0.005056314997739892,0.3125,2896.939439342704,0.05,150,5,0.1586984126984127,0.8066886378896668,2.317509529306682,0.0
mtd_ai,200,0.005056314997739892,0.35714285714285715,4204.293001193141,0.1,150,5,0.1586984126984127,0.8066886378896668,2.317509529306682,0.0
mtd_ai,200,0.005056314997739892,0.4166666666666667,4974.976601890706,0.15,150,5,0.1586984126984127,0.8066886378896668,2.317509529306682,0.0
mtd_ai,200,0.005056314997739892,0.4411764705882353,5934.963227640523,0.2,150,5,0.1586984126984127,0.8066886378896668,2.317509529306682,0.0
mtd_ai,200,0.005056314997739892,0.4573170731707317,7163.868638941161,0.25,150,5,0.1586984126984127,0.8066886378896668,2.317509529306682,0.0
mtd_ai,200,0.005063737832101908,0.3125,2617.9676662492925,0.05,150,5,0.11555555555555558,1.0241721463172038,4.137746934222852,0.0
mtd_ai,200,0.005063737832101908,0.38461538461538464,3713.951348831395,0.1,150,5,0.11555555555555558,1.0241721463172038,4.137746934222852,0.0
mtd_ai,200,0.005063737832101908,0.4326923076923077,4814.163873470083,0.15,150,5,0.11555555555555558,1.0241721463172038,4.137746934222852,0.0
mtd_ai,200,0.005063737832101908,0.43478260869565216,6132.351855293399,0.2,150,5,0.11555555555555558,1.0241721463172038,4.137746934222852,0.0
mtd_ai,200,0.005063737832101908,0.487012987012987,6521.329813411649,0.25,150,5,0.11555555555555558,1.0241721463172038,4.137746934222852,0.0
mtd_ai,200,0.005035947433177822,0.3125,2190.9509465928213,0.05,150,5,0.158,1.0146735683440022,3.5438750780192736,0.0
mtd_ai,200,0.005035947433177822,0.36585365853658536,3582.048583064287,0.1,150,5,0.158,1.0146735683440022,3.5438750780192736,0.0
mtd_ai,200,0.005035947433177822,0.4090909090909091,4363.800809604518,0.15,150,5,0.158,1.0146735683440022,3.5438750780192736,0.0
mtd_ai,200,0.005035947433177822,0.42857142857142855,5296.134881890195,0.2,150,5,0.158,1.0146735683440022,3.5438750780192736,0.0
mtd_ai,200,0.005035947433177822,0.4573170731707317,6301.854589439681,0.25,150,5,0.158,1.0146735683440022,3.5438750780192736,0.0
mtd_ai,200,0.0050950610149462765,0.46875,1693.717049035898,0.05,150,5,0.11,0.5903570325835026,2.167799085502821,0.0
mtd_ai,200,0.0050950610149462765,0.46875,3081.0748549433492,0.1,150,5,0.11,0.5903570325835026,2.167799085502821,0.0
mtd_ai,200,0.0050950610149462765,0.5232558139534884,3580.560066815069,0.15,150,5,0.11,0.5903570325835026,2.167799085502821,0.0
mtd_ai,200,0.0050950610149462765,0.5263157894736842,4458.012862784478,0.2,150,5,0.11,0.5903570325835026,2.167799085502821,0.0
mtd_ai,200,0.0050950610149462765,0.5434782608695652,4866.531322490474,0.25,150,5,0.11,0.5903570325835026,2.167799085502821,0.0
mtd_ai,200,0.005077780340709916,0.25862068965517243,3615.5667389501423,0.05,150,5,0.11777777777777776,0.42726030960044004,1.671650315156899,0.0
mtd_ai,200,0.005077780340709916,0.3488372093023256,4254.81953117519,0.1,150,5,0.11777777777777776,0.42726030960044004,1.671650315156899,0.0
mtd_ai,200,0.005077780340709916,0.39473684210526316,5211.501743340373,0.15,150,5,0.11777777777777776,0.42726030960044004,1.671650315156899,0.0
mtd_ai,200,0.005077780340709916,0.42857142857142855,5620.303627246134,0.2,150,5,0.11777777777777776,0.42726030960044004,1.671650315156899,0.0
mtd_ai,200,0.005077780340709916,0.4807692307692308,6058.7623294255645,0.25,150,5,0.11777777777777776,0.42726030960044004,1.671650315156899,0.0
mtd_ai,200,0.0050635891256428775,0.4166666666666667,1452.5448371398056,0.05,150,5,0.08450704225352113,0.2159863326806545,0.14447344107033996,0.0
mtd_ai,200,0.0050635891256428775,0.375,4066.336541743749,0.1,150,5,0.08450704225352113,0.2159863326806545,0.14447344107033996,0.0
mtd_ai,200,0.0050635891256428775,0.42452830188679247,4658.4033029646935,0.15,150,5,0.08450704225352113,0.2159863326806545,0.14447344107033996,0.0
mtd_ai,200,0.0050635891256428775,0.42857142857142855,6184.88426088154,0.2,150,5,0.08450704225352113,0.2159863326806545,0.14447344107033996,0.0
mtd_ai,200,0.0050635891256428775,0.4076086956521739,6950.075938481674,0.25,150,5,0.08450704225352113,0.2159863326806545,0.14447344107033996,0.0
mtd_ai,200,0.005036650374303689,0.46875,1174.045346681791,0.05,150,5,0.08444444444444445,0.15955839199601712,0.3325436681886363,0.0
mtd_ai,200,0.005036650374303689,0.38461538461538464,3499.830108883406,0.1,150,5,0.08444444444444445,0.15955839199601712,0.3325436681886363,0.0
mtd_ai,200,0.005036650374303689,0.3813559322033898,4784.762323714236,0.15,150,5,0.08444444444444445,0.15955839199601712,0.3325436681886363,0.0
mtd_ai,200,0.005036650374303689,0.4225352112676056,5530.435794519383,0.2,150,5,0.08444444444444445,0.15955839199601712,0.3325436681886363,0.0
mtd_ai,200,0.005036650374303689,0.45180722891566266,6131.05095332014,0.25,150,5,0.08444444444444445,0.15955839199601712,0.3325436681886363,0.0
mtd_ai,200,0.0050615942936035226,0.2777777777777778,2862.383913539803,0.05,150,5,0.12476190476190477,0.9576911650408817,2.806424279579104,0.0
mtd_ai,200,0.0050615942936035226,0.35714285714285715,3874.0503205450023,0.1,150,5,0.12476190476190477,0.9576911650408817,2.806424279579104,0.0
mtd_ai,200,0.0050615942936035226,0.4326923076923077,4287.063873464717,0.15,150,5,0.12476190476190477,0.9576911650408817,2.806424279579104,0.0
mtd_ai,200,0.0050615942936035226,0.46153846153846156,5145.934576932971,0.2,150,5,0.12476190476190477,0.9576911650408817,2.806424279579104,0.0
mtd_ai,200,0.0050615942936035226,0.46296296296296297,5938.378529486485,0.25,150,5,0.12476190476190477,0.9576911650408817,2.806424279579104,0.0
mtd_ai,200,0.005054394118674401,0.24193548387096775,3613.7357994041404,0.05,150,5,0.1511111111111111,0.6387462060384371,1.1991005004970212,0.0
mtd_ai,200,0.005054394118674401,0.32608695652173914,4649.019333881299,0.1,150,5,0.1511111111111111,0.6387462060384371,1.1991005004970212,0.0
mtd_ai,200,0.005054394118674401,0.3629032258064516,6333.25770848099,0.15,150,5,0.1511111111111111,0.6387462060384371,1.1991005004970212,0.0
mtd_ai,200,0.005054394118674401,0.410958904109589,6806.026235345356,0.2,150,5,0.1511111111111111,0.6387462060384371,1.1991005004970212,0.0
mtd_ai,200,0.005054394118674401,0.44642857142857145,7296.850284440086,0.25,150,5,0.1511111111111111,0.6387462060384371,1.1991005004970212,0.0
mtd_ai,200,0.0050375826553675585,0.2777777777777778,2892.9552454797076,0.05,150,5,0.09222222222222222,0.5349294180977934,1.7661793805782315,0.0
mtd_ai,200,0.0050375826553675585,0.3488372093023256,4493.013224363591,0.1,150,5,0.09222222222222222,0.5349294180977934,1.7661793805782315,0.0
mtd_ai,200,0.0050375826553675585,0.36885245901639346,5670.712334366128,0.15,150,5,0.09222222222222222,0.5349294180977934,1.7661793805782315,0.0
mtd_ai,200,0.0050375826553675585,0.410958904109589,6401.282158795522,0.2,150,5,0.09222222222222222,0.5349294180977934,1.7661793805782315,0.0
mtd_ai,200,0.0050375826553675585,0.45180722891566266,6831.403333747012,0.25,150,5,0.09222222222222222,0.5349294180977934,1.7661793805782315,0.0
mtd_ai,200,0.005069595537367567,0.2777777777777778,2339.430844812113,0.05,150,5,0.15822222222222224,0.8319069828455967,2.9852224176707236,0.0
mtd_ai,200,0.005069595537367567,0.28846153846153844,3594.536182871471,0.1,150,5,0.15822222222222224,0.8319069828455967,2.9852224176707236,0.0
mtd_ai,200,0.005069595537367567,0.3125,4612.52689805626,0.15,150,5,0.15822222222222224,0.8319069828455967,2.9852224176707236,0.0
mtd_ai,200,0.005069595537367567,0.35714285714285715,5114.150915188707,0.2,150,5,0.15822222222222224,0.8319069828455967,2.9852224176707236,0.0
mtd_ai,200,0.005069595537367567,0.3712871287128713,6561.552699855496,0.25,150,5,0.15822222222222224,0.8319069828455967,2.9852224176707236,0.0
mtd_ai,200,0.005037773689473068,0.3409090909090909,1747.800160502876,0.05,150,5,0.14666666666666667,0.9838373364623083,4.1057053312206495,0.0
mtd_ai,200,0.005037773689473068,0.40540540540540543,2953.5504712955917,0.1,150,5,0.14666666666666667,0.9838373364623083,4.1057053312206495,0.0
mtd_ai,200,0.005037773689473068,0.46875,3599.715247666437,0.15,150,5,0.14666666666666667,0.9838373364623083,4.1057053312206495,0.0
mtd_ai,200,0.005037773689473068,0.46153846153846156,5125.856210538801,0.2,150,5,0.14666666666666667,0.9838373364623083,4.1057053312206495,0.0
mtd_ai,200,0.005037773689473068,0.4934210526315789,5920.12837817547,0.25,150,5,0.14666666666666667,0.9838373364623083,4.1057053312206495,0.0
mtd_ai,200,0.005040864883477045,0.32608695652173914,2964.328935045753,0.05,150,5,0.10111111111111111,6.755405573286828,7.2296459195963445,0.0
mtd_ai,200,0.005040864883477045,0.35714285714285715,3904.9273391805013,0.1,150,5,0.10111111111111111,6.755405573286828,7.2296459195963445,0.0
mtd_ai,200,0.005040864883477045,0.4326923076923077,4788.8366844210595,0.15,150,5,0.10111111111111111,6.755405573286828,7.2296459195963445,0.0
mtd_ai,200,0.005040864883477045,0.46875,5552.109209958644,0.2,150,5,0.10111111111111111,6.755405573286828,7.2296459195963445,0.0
mtd_ai,200,0.005040864883477045,0.5,6022.813986557994,0.25,150,5,0.10111111111111111,6.755405573286828,7.2296459195963445,0.0
mtd_ai,200,0.005058449897172432,0.3125,2485.9793995186874,0.05,150,5,0.4,0.9374016465231819,3.3748643909515352,0.0
mtd_ai,200,0.005058449897172432,0.42857142857142855,3102.004313611248,0.1,150,5,0.4,0.9374016465231819,3.3748643909515352,0.0
mtd_ai,200,0.005058449897172432,0.5,3947.051338997843,0.15,150,5,0.4,0.9374016465231819,3.3748643909515352,0.0
mtd_ai,200,0.005058449897172432,0.5084745762711864,4714.969177992349,0.2,150,5,0.4,0.9374016465231819,3.3748643909515352,0.0
mtd_ai,200,0.005058449897172432,0.528169014084507,5289.722694862781,0.25,150,5,0.4,0.9374016465231819,3.3748643909515352,0.0
mtd_ai,200,0.00507030569382506,0.32608695652173914,2143.304535180063,0.05,150,5,0.17542857142857143,0.9622719775810866,2.163316731375532,0.0
mtd_ai,200,0.00507030569382506,0.3409090909090909,3967.02905081314,0.1,150,5,0.17542857142857143,0.9622719775810866,2.163316731375532,0.0
mtd_ai,200,0.00507030569382506,0.39473684210526316,4708.645172498412,0.15,150,5,0.17542857142857143,0.9622719775810866,2.163316731375532,0.0
mtd_ai,200,0.00507030569382506,0.43478260869565216,5453.432223780777,0.2,150,5,0.17542857142857143,0.9622719775810866,2.163316731375532,0.0
mtd_ai,200,0.00507030569382506,0.46875,6267.896737098736,0.25,150,5,0.17542857142857143,0.9622719775810866,2.163316731375532,0.0
mtd_ai,200,0.005034441160326915,0.5357142857142857,1362.7902136780758,0.05,150,5,0.11533333333333334,0.41889668974591865,1.8666800910970993,0.0
mtd_ai,200,0.005034441160326915,0.42857142857142855,2907.0845115652373,0.1,150,5,0.11533333333333334,0.41889668974591865,1.8666800910970993,0.0
mtd_ai,200,0.005034441160326915,0.3409090909090909,5725.564876134012,0.15,150,5,0.11533333333333334,0.41889668974591865,1.8666800910970993,0.0
mtd_ai,200,0.005034441160326915,0.379746835443038,6564.9755993426,0.2,150,5,0.11533333333333334,0.41889668974591865,1.8666800910970993,0.0
mtd_ai,200,0.005034441160326915,0.41208791208791207,7225.898077362842,0.25,150,5,0.11533333333333334,0.41889668974591865,1.8666800910970993,0.0
mtd_ai,200,0.0050577155589324714,0.4166666666666667,1477.9770794199937,0.05,150,5,0.1317777777777778,0.11538829195220646,0.38082009397552424,0.0
mtd_ai,200,0.0050577155589324714,0.5,2479.927095654586,0.1,150,5,0.1317777777777778,0.11538829195220646,0.38082009397552424,0.0
mtd_ai,200,0.0050577155589324714,0.5232558139534884,3283.6278237673255,0.15,150,5,0.1317777777777778,0.11538829195220646,0.38082009397552424,0.0
mtd_ai,200,0.0050577155589324714,0.5357142857142857,4030.764322057195,0.2,150,5,0.1317777777777778,0.11538829195220646,0.38082009397552424,0.0
mtd_ai,200,0.0050577155589324714,0.5769230769230769,4633.3609946046545,0.25,150,5,0.1317777777777778,0.11538829195220646,0.38082009397552424,0.0
mtd_ai,200,0.005057863753128158,0.20270270270270271,4738.228307422596,0.05,150,5,0.12833333333333333,0.060434450738025655,0.18498472948439387,0.0
mtd_ai,200,0.005057863753128158,0.30612244897959184,5402.206511358585,0.1,150,5,0.12833333333333333,0.060434450738025655,0.18498472948439387,0.0
mtd_ai,200,0.005057863753128158,0.375,5818.31077741927,0.15,150,5,0.12833333333333333,0.060434450738025655,0.18498472948439387,0.0
mtd_ai,200,0.005057863753128158,0.4225352112676056,6157.57939810237,0.2,150,5,0.12833333333333333,0.060434450738025655,0.18498472948439387,0.0
mtd_ai,200,0.005057863753128158,0.42613636363636365,6932.6611956451,0.25,150,5,0.12833333333333333,0.060434450738025655,0.18498472948439387,0.0
mtd_ai,200,0.00506015655952519,0.3125,2087.432018403558,0.05,150,5,0.1,0.7818310111816046,2.111475136870996,0.0
mtd_ai,200,0.00506015655952519,0.38461538461538464,3400.5301115433026,0.1,150,5,0.1,0.7818310111816046,2.111475136870996,0.0
mtd_ai,200,0.00506015655952519,0.3629032258064516,5323.758067781882,0.15,150,5,0.1,0.7818310111816046,2.111475136870996,0.0
mtd_ai,200,0.00506015655952519,0.40540540540540543,5901.843767048569,0.2,150,5,0.1,0.7818310111816046,2.111475136870996,0.0
mtd_ai,200,0.00506015655952519,0.45180722891566266,6536.30934314095,0.25,150,5,0.1,0.7818310111816046,2.111475136870996,0.0
mtd_ai,200,0.005069565216874567,0.39473684210526316,1859.7231020196205,0.05,150,5,0.137,0.019333671744888797,0.04326853458861329,0.0
mtd_ai,200,0.005069565216874567,0.46875,3071.9771162355128,0.1,150,5,0.137,0.019333671744888797,0.04326853458861329,0.0
mtd_ai,200,0.005069565216874567,0.5,4099.03725023274,0.15,150,5,0.137,0.019333671744888797,0.04326853458861329,0.0
mtd_ai,200,0.005069565216874567,0.4918032786885246,5573.520212566986,0.2,150,5,0.137,0.019333671744888797,0.04326853458861329,0.0
mtd_ai,200,0.005069565216874567,0.5208333333333334,6190.799447649663,0.25,150,5,0.137,0.019333671744888797,0.04326853458861329,0.0
mtd_ai,200,0.005075992511377657,0.39473684210526316,2014.4171730744742,0.05,150,5,0.128,1.3145047812174728,3.6586734624827333,0.0
mtd_ai,200,0.005075992511377657,0.46875,3037.3358827618013,0.1,150,5,0.128,1.3145047812174728,3.6586734624827333,0.0
mtd_ai,200,0.005075992511377657,0.45,4803.156982100135,0.15,150,5,0.128,1.3145047812174728,3.6586734624827333,0.0
mtd_ai,200,0.005075992511377657,0.5,5136.146524713298,0.2,150,5,0.128,1.3145047812174728,3.6586734624827333,0.0
mtd_ai,200,0.005075992511377657,0.5357142857142857,5487.497185729184,0.25,150,5,0.128,1.3145047812174728,3.6586734624827333,0.0
mtd_ai,200,0.005065936208963689,0.375,1927.156215055359,0.05,150,5,0.08666666666666667,0.05430239035009529,0.24334720715052033,0.0
mtd_ai,200,0.005065936208963689,0.36585365853658536,3997.673152505323,0.1,150,5,0.08666666666666667,0.05430239035009529,0.24334720715052033,0.0
mtd_ai,200,0.005065936208963689,0.4017857142857143,5101.450467454717,0.15,150,5,0.08666666666666667,0.05430239035009529,0.24334720715052033,0.0
mtd_ai,200,0.005065936208963689,0.4411764705882353,5720.068961833332,0.2,150,5,0.08666666666666667,0.05430239035009529,0.24334720715052033,0.0
mtd_ai,200,0.005065936208963689,0.4934210526315789,6153.638576638352,0.25,150,5,0.08666666666666667,0.05430239035009529,0.24334720715052033,0.0
mtd_ai,200,0.005060634201535453,0.4411764705882353,1619.0950166637217,0.05,150,5,0.10015873015873016,1.2873552356732225,4.884918631331007,0.0
mtd_ai,200,0.005060634201535453,0.4411764705882353,3072.5507583526714,0.1,150,5,0.10015873015873016,1.2873552356732225,4.884918631331007,0.0
mtd_ai,200,0.005060634201535453,0.5113636363636364,3498.831597334185,0.15,150,5,0.10015873015873016,1.2873552356732225,4.884918631331007,0.0
mtd_ai,200,0.005060634201535453,0.5263157894736842,4178.078971876391,0.2,150,5,0.10015873015873016,1.2873552356732225,4.884918631331007,0.0
mtd_ai,200,0.005060634201535453,0.5681818181818182,4732.637780524761,0.25,150,5,0.10015873015873016,1.2873552356732225,4.884918631331007,0.0
mtd_ai,200,0.0050440225364314665,0.35714285714285715,1931.8767429030881,0.05,150,5,0.06666666666666667,0.22220938958181652,0.7130226199179198,-0.0625
mtd_ai,200,0.0050440225364314665,0.38461538461538464,3203.1071953673877,0.1,150,5,0.06666666666666667,0.22220938958181652,0.7130226199179198,-0.0625
mtd_ai,200,0.0050440225364314665,0.4090909090909091,4783.782458261911,0.15,150,5,0.06666666666666667,0.22220938958181652,0.7130226199179198,-0.0625
mtd_ai,200,0.0050440225364314665,0.43478260869565216,5365.126921238577,0.2,150,5,0.06666666666666667,0.22220938958181652,0.7130226199179198,-0.0625
mtd_ai,200,0.0050440225364314665,0.46875,6019.299844438007,0.25,150,5,0.06666666666666667,0.22220938958181652,0.7130226199179198,-0.0625
mtd_ai,200,0.005064148841715514,0.3125,1822.6342422648936,0.05,150,5,0.14666666666666667,0.7605302029873625,2.7260053351729305,0.0
mtd_ai,200,0.005064148841715514,0.3,4451.763312745709,0.1,150,5,0.14666666666666667,0.7605302029873625,2.7260053351729305,0.0
mtd_ai,200,0.005064148841715514,0.3515625,5213.402537684288,0.15,150,5,0.14666666666666667,0.7605302029873625,2.7260053351729305,0.0
mtd_ai,200,0.005064148841715514,0.37037037037037035,6467.059153675989,0.2,150,5,0.14666666666666667,0.7605302029873625,2.7260053351729305,0.0
mtd_ai,200,0.005064148841715514,0.42613636363636365,6703.1112596756975,0.25,150,5,0.14666666666666667,0.7605302029873625,2.7260053351729305,0.0
mtd_ai,200,0.005091670365187492,0.35714285714285715,2238.6589520721063,0.05,150,5,0.09666666666666666,1.7066370787797984,4.283003270882917,0.0
mtd_ai,200,0.005091670365187492,0.42857142857142855,3554.257673716976,0.1,150,5,0.09666666666666666,1.7066370787797984,4.283003270882917,0.0
mtd_ai,200,0.005091670365187492,0.4891304347826087,4331.474047094709,0.15,150,5,0.09666666666666666,1.7066370787797984,4.283003270882917,0.0
mtd_ai,200,0.005091670365187492,0.5263157894736842,4796.42621228835,0.2,150,5,0.09666666666666666,1.7066370787797984,4.283003270882917,0.0
mtd_ai,200,0.005091670365187492,0.5681818181818182,5113.466140103368,0.25,150,5,0.09666666666666666,1.7066370787797984,4.283003270882917,0.0
mtd_ai,200,0.005040512595637609,0.3,2991.1860016424016,0.05,150,5,0.11333333333333333,0.0008534399464901472,0.0017278127318454055,0.0
mtd_ai,200,0.005040512595637609,0.375,4003.389233465196,0.1,150,5,0.11333333333333333,0.0008534399464901472,0.0017278127318454055,0.0
mtd_ai,200,0.005040512595637609,0.4166666666666667,4749.328869474135,0.15,150,5,0.11333333333333333,0.0008534399464901472,0.0017278127318454055,0.0
mtd_ai,200,0.005040512595637609,0.410958904109589,5965.829126719062,0.2,150,5,0.11333333333333333,0.0008534399464901472,0.0017278127318454055,0.0
mtd_ai,200,0.005040512595637609,0.39893617021276595,6868.699666346009,0.25,150,5,0.11333333333333333,0.0008534399464901472,0.0017278127318454055,0.0
mtd_ai,200,0.005065400823918939,0.39473684210526316,1740.1616875953132,0.05,150,5,0.12916666666666668,1.804129345007048,4.565485518988378,0.0
mtd_ai,200,0.005065400823918939,0.4166666666666667,3133.2310006009566,0.1,150,5,0.12916666666666668,1.804129345007048,4.565485518988378,0.0
mtd_ai,200,0.005065400823918939,0.4787234042553192,3826.1179907695296,0.15,150,5,0.12916666666666668,1.804129345007048,4.565485518988378,0.0
mtd_ai,200,0.005065400823918939,0.42857142857142855,6089.741320583987,0.2,150,5,0.12916666666666668,1.804129345007048,4.565485518988378,0.0
mtd_ai,200,0.005065400823918939,0.47468354430379744,6364.9125843841675,0.25,150,5,0.12916666666666668,1.804129345007048,4.565485518988378,0.0
mtd_ai,200,0.005074002903834576,0.28846153846153844,2771.8060466739626,0.05,150,5,0.2727272727272727,1.086348442489886,1.689181643626651,0.0
mtd_ai,200,0.005074002903834576,0.3488372093023256,3993.7966751215,0.1,150,5,0.2727272727272727,1.086348442489886,1.689181643626651,0.0
mtd_ai,200,0.005074002903834576,0.42452830188679247,4492.207463804808,0.15,150,5,0.2727272727272727,1.086348442489886,1.689181643626651,0.0
mtd_ai,200,0.005074002903834576,0.4411764705882353,5547.500404462934,0.2,150,5,0.2727272727272727,1.086348442489886,1.689181643626651,0.0
mtd_ai,200,0.005074002903834576,0.487012987012987,5962.129144565691,0.25,150,5,0.2727272727272727,1.086348442489886,1.689181643626651,0.0
mtd_ai,200,0.005054448249965434,0.39473684210526316,1676.9189258638696,0.05,150,5,0.0911111111111111,0.858301005147676,2.717124252493084,0.0
mtd_ai,200,0.005054448249965434,0.45454545454545453,2367.7935873203596,0.1,150,5,0.0911111111111111,0.858301005147676,2.717124252493084,0.0
mtd_ai,200,0.005054448249965434,0.4891304347826087,3464.989810351509,0.15,150,5,0.0911111111111111,0.858301005147676,2.717124252493084,0.0
mtd_ai,200,0.005054448249965434,0.5172413793103449,4191.828081751185,0.2,150,5,0.0911111111111111,0.858301005147676,2.717124252493084,0.0
mtd_ai,200,0.005054448249965434,0.5597014925373134,4681.79836385155,0.25,150,5,0.0911111111111111,0.858301005147676,2.717124252493084,0.0
mtd_ai,200,0.0050674820156748675,0.4166666666666667,2286.069667234456,0.05,150,5,0.11531746031746032,0.45734399478692034,1.7180569316281884,0.0
mtd_ai,200,0.0050674820156748675,0.5172413793103449,2847.8661910646083,0.1,150,5,0.11531746031746032,0.45734399478692034,1.7180569316281884,0.0
mtd_ai,200,0.0050674820156748675,0.5113636363636364,4068.839493333292,0.15,150,5,0.11531746031746032,0.45734399478692034,1.7180569316281884,0.0
mtd_ai,200,0.0050674820156748675,0.4918032786885246,4778.465198311538,0.2,150,5,0.11531746031746032,0.45734399478692034,1.7180569316281884,0.0
mtd_ai,200,0.0050674820156748675,0.436046511627907,6314.774445745139,0.25,150,5,0.11531746031746032,0.45734399478692034,1.7180569316281884,0.0
mtd_ai,200,0.005031176041868796,0.4166666666666667,1498.7782260653687,0.05,150,5,0.10444444444444444,0.07880516382128758,0.29469992208400053,0.0
mtd_ai,200,0.005031176041868796,0.375,3889.1720617460132,0.1,150,5,0.10444444444444444,0.07880516382128758,0.29469992208400053,0.0
mtd_ai,200,0.005031176041868796,0.3515625,5707.633110137146,0.15,150,5,0.10444444444444444,0.07880516382128758,0.29469992208400053,0.0
mtd_ai,200,0.005031176041868796,0.375,6337.670813355017,0.2,150,5,0.10444444444444444,0.07880516382128758,0.29469992208400053,0.0
mtd_ai,200,0.005031176041868796,0.39893617021276595,6972.666996607863,0.25,150,5,0.10444444444444444,0.07880516382128758,0.29469992208400053,0.0
mtd_ai,200,0.005029917174627899,0.18292682926829268,4338.66847633545,0.05,150,5,0.1622222222222222,1.7761836953658094,5.466217353872082,0.0
mtd_ai,200,0.005029917174627899,0.2542372881355932,5358.697789627492,0.1,150,5,0.1622222222222222,1.7761836953658094,5.466217353872082,0.0
mtd_ai,200,0.005029917174627899,0.3082191780821918,6042.35019024886,0.15,150,5,0.1622222222222222,1.7761836953658094,5.466217353872082,0.0
mtd_ai,200,0.005029917174627899,0.35294117647058826,6598.998002581273,0.2,150,5,0.1622222222222222,1.7761836953658094,5.466217353872082,0.0
mtd_ai,200,0.005029917174627899,0.375,8055.504567586955,0.25,150,5,0.1622222222222222,1.7761836953658094,5.466217353872082,0.0
mtd_ai,200,0.0050518596985927935,0.4166666666666667,1824.243991191226,0.05,150,5,0.10777777777777776,1.194116272376714,4.054050329201182,0.0
mtd_ai,200,0.0050518596985927935,0.42857142857142855,3102.3893163736816,0.1,150,5,0.10777777777777776,1.194116272376714,4.054050329201182,0.0
mtd_ai,200,0.0050518596985927935,0.4891304347826087,3636.772042929213,0.15,150,5,0.10777777777777776,1.194116272376714,4.054050329201182,0.0
mtd_ai,200,0.0050518596985927935,0.5172413793103449,4322.750960774872,0.2,150,5,0.10777777777777776,1.194116272376714,4.054050329201182,0.0
mtd_ai,200,0.0050518596985927935,0.5434782608695652,4904.455207564276,0.25,150,5,0.10777777777777776,1.194116272376714,4.054050329201182,0.0
mtd_ai,200,0.0050605214883909,0.32608695652173914,2149.4067603640087,0.05,150,5,0.12200000000000001,3.1339607556667968,5.987170620128776,0.0
mtd_ai,200,0.0050605214883909,0.375,3368.241308679415,0.1,150,5,0.12200000000000001,3.1339607556667968,5.987170620128776,0.0
mtd_ai,200,0.0050605214883909,0.45918367346938777,3808.921030899176,0.15,150,5,0.12200000000000001,3.1339607556667968,5.987170620128776,0.0
mtd_ai,200,0.0050605214883909,0.5,4295.774685430265,0.2,150,5,0.12200000000000001,3.1339607556667968,5.987170620128776,0.0
mtd_ai,200,0.0050605214883909,0.528169014084507,4764.76024788052,0.25,150,5,0.12200000000000001,3.1339607556667968,5.987170620128776,0.0
mtd_ai,200,0.005070731948197193,0.3,2070.2956326811127,0.05,150,5,0.10444444444444445,9.781829643945033,4.73397250702685,0.0
mtd_ai,200,0.005070731948197193,0.39473684210526316,3007.106914483051,0.1,150,5,0.10444444444444445,9.781829643945033,4.73397250702685,0.0
mtd_ai,200,0.005070731948197193,0.4326923076923077,3910.065182545512,0.15,150,5,0.10444444444444445,9.781829643945033,4.73397250702685,0.0
mtd_ai,200,0.005070731948197193,0.38961038961038963,5292.380596828125,0.2,150,5,0.10444444444444445,9.781829643945033,4.73397250702685,0.0
mtd_ai,200,0.005070731948197193,0.4032258064516129,6131.091349122871,0.25,150,5,0.10444444444444445,9.781829643945033,4.73397250702685,0.0
mtd_ai,200,0.00506458746930496,0.28846153846153844,2768.6235408445136,0.05,150,5,0.11944444444444442,0.2722107059060677,0.056159826695276874,0.0
mtd_ai,200,0.00506458746930496,0.3488372093023256,4083.1493678545835,0.1,150,5,0.11944444444444442,0.2722107059060677,0.056159826695276874,0.0
mtd_ai,200,0.00506458746930496,0.3813559322033898,5251.223615467272,0.15,150,5,0.11944444444444442,0.2722107059060677,0.056159826695276874,0.0
mtd_ai,200,0.00506458746930496,0.40540540540540543,6028.298732589103,0.2,150,5,0.11944444444444442,0.2722107059060677,0.056159826695276874,0.0
mtd_ai,200,0.00506458746930496,0.45180722891566266,6410.954950651701,0.25,150,5,0.11944444444444442,0.2722107059060677,0.056159826695276874,0.0
mtd_ai,200,0.0050672177206648895,0.35714285714285715,1985.1291186779852,0.05,150,5,0.23076923076923078,1.0756030040767015,1.768940834660724,0.0
mtd_ai,200,0.0050672177206648895,0.42857142857142855,2819.410149097095,0.1,150,5,0.23076923076923078,1.0756030040767015,1.768940834660724,0.0
mtd_ai,200,0.0050672177206648895,0.4787234042553192,3395.2544988285827,0.15,150,5,0.23076923076923078,1.0756030040767015,1.768940834660724,0.0
mtd_ai,200,0.0050672177206648895,0.5084745762711864,3943.587091219538,0.2,150,5,0.23076923076923078,1.0756030040767015,1.768940834660724,0.0
mtd_ai,200,0.0050672177206648895,0.5434782608695652,4631.281427718042,0.25,150,5,0.23076923076923078,1.0756030040767015,1.768940834660724,0.0
mtd_ai,200,0.005040024015772538,0.28846153846153844,2499.608459962054,0.05,150,5,0.17922222222222225,16.75695969113901,7.588393882222172,0.0
mtd_ai,200,0.005040024015772538,0.30612244897959184,4482.91604156812,0.1,150,5,0.17922222222222225,16.75695969113901,7.588393882222172,0.0
mtd_ai,200,0.005040024015772538,0.33088235294117646,5457.844956039274,0.15,150,5,0.17922222222222225,16.75695969113901,7.588393882222172,0.0
mtd_ai,200,0.005040024015772538,0.36585365853658536,6144.65909540794,0.2,150,5,0.17922222222222225,16.75695969113901,7.588393882222172,0.0
mtd_ai,200,0.005040024015772538,0.390625,6657.3664898571615,0.25,150,5,0.17922222222222225,16.75695969113901,7.588393882222172,0.0
mtd_ai,200,0.005049941628739135,0.22727272727272727,3595.0906668823363,0.05,150,5,0.05263157894736842,0.20392280706016183,0.3341153910891396,-4.09375
mtd_ai,200,0.005049941628739135,0.3333333333333333,4320.0274000466725,0.1,150,5,0.05263157894736842,0.20392280706016183,0.3341153910891396,-4.09375
mtd_ai,200,0.005049941628739135,0.4090909090909091,4880.04178110862,0.15,150,5,0.05263157894736842,0.20392280706016183,0.3341153910891396,-4.09375
mtd_ai,200,0.005049941628739135,0.4411764705882353,5552.446035876084,0.2,150,5,0.05263157894736842,0.20392280706016183,0.3341153910891396,-4.09375
mtd_ai,200,0.005049941628739135,0.4934210526315789,5878.642025977487,0.25,150,5,0.05263157894736842,0.20392280706016183,0.3341153910891396,-4.09375
mtd_ai,200,0.005048340833493239,0.39473684210526316,1689.9141522707657,0.05,150,5,0.10666666666666667,0.5451055280211275,2.087871142599589,0.0
mtd_ai,200,0.005048340833493239,0.40540540540540543,3105.696117349169,0.1,150,5,0.10666666666666667,0.5451055280211275,2.087871142599589,0.0
mtd_ai,200,0.005048340833493239,0.42452830188679247,4214.134273547043,0.15,150,5,0.10666666666666667,0.5451055280211275,2.087871142599589,0.0
mtd_ai,200,0.005048340833493239,0.4411764705882353,4859.843489904659,0.2,150,5,0.10666666666666667,0.5451055280211275,2.087871142599589,0.0
mtd_ai,200,0.005048340833493239,0.4807692307692308,5645.5914657771455,0.25,150,5,0.10666666666666667,0.5451055280211275,2.087871142599589,0.0
mtd_ai,200,0.005059141293660353,0.24193548387096775,3476.1239359618294,0.05,150,5,0.15833333333333333,1.8066515662714293,4.256097005219854,0.0
mtd_ai,200,0.005059141293660353,0.2777777777777778,4698.725932978984,0.1,150,5,0.15833333333333333,1.8066515662714293,4.256097005219854,0.0
mtd_ai,200,0.005059141293660353,0.35714285714285715,5305.746355027265,0.15,150,5,0.15833333333333333,1.8066515662714293,4.256097005219854,0.0
mtd_ai,200,0.005059141293660353,0.410958904109589,5537.498172490859,0.2,150,5,0.15833333333333333,1.8066515662714293,4.256097005219854,0.0
mtd_ai,200,0.005059141293660353,0.39473684210526316,6720.391423127185,0.25,150,5,0.15833333333333333,1.8066515662714293,4.256097005219854,0.0
mtd_ai,200,0.005056666982046462,0.28846153846153844,2540.3311740371864,0.05,150,5,0.11733333333333335,0.5125933074972643,1.3766418209216054,0.0
mtd_ai,200,0.005056666982046462,0.3488372093023256,3987.771856913619,0.1,150,5,0.11733333333333335,0.5125933074972643,1.3766418209216054,0.0
mtd_ai,200,0.005056666982046462,0.3879310344827586,5597.009984973638,0.15,150,5,0.11733333333333335,0.5125933074972643,1.3766418209216054,0.0
mtd_ai,200,0.005056666982046462,0.42857142857142855,6142.368343798264,0.2,150,5,0.11733333333333335,0.5125933074972643,1.3766418209216054,0.0
mtd_ai,200,0.005056666982046462,0.4166666666666667,7112.7954708752895,0.25,150,5,0.11733333333333335,0.5125933074972643,1.3766418209216054,0.0
mtd_ai,200,0.00507588663464573,0.375,2526.1447455972993,0.05,150,5,0.11833333333333336,0.11230671668240161,0.2661776791400713,0.0
mtd_ai,200,0.00507588663464573,0.38461538461538464,3623.721161899932,0.1,150,5,0.11833333333333336,0.11230671668240161,0.2661776791400713,0.0
mtd_ai,200,0.00507588663464573,0.46875,4115.268053791206,0.15,150,5,0.11833333333333336,0.11230671668240161,0.2661776791400713,0.0
mtd_ai,200,0.00507588663464573,0.5,4785.331652952154,0.2,150,5,0.11833333333333336,0.11230671668240161,0.2661776791400713,0.0
mtd_ai,200,0.00507588663464573,0.5208333333333334,5627.660245004984,0.25,150,5,0.11833333333333336,0.11230671668240161,0.2661776791400713,0.0
mtd_ai,200,0.005051978285007589,0.3125,1840.1340149178113,0.05,150,5,0.06666666666666667,0.9195377148804665,3.361707841399444,-8.4375
mtd_ai,200,0.005051978285007589,0.40540540540540543,2572.7940190154413,0.1,150,5,0.06666666666666667,0.9195377148804665,3.361707841399444,-8.4375
mtd_ai,200,0.005051978285007589,0.4891304347826087,2894.552419818383,0.15,150,5,0.06666666666666667,0.9195377148804665,3.361707841399444,-8.4375
mtd_ai,200,0.005051978285007589,0.4838709677419355,4134.730654324585,0.2,150,5,0.06666666666666667,0.9195377148804665,3.361707841399444,-8.4375
mtd_ai,200,0.005051978285007589,0.47468354430379744,4878.013884567418,0.25,150,5,0.06666666666666667,0.9195377148804665,3.361707841399444,-8.4375
mtd_ai,200,0.005067158021410699,0.234375,3141.752571772233,0.05,150,5,0.13166666666666665,1.0635907640253472,2.7029419619169377,0.0
mtd_ai,200,0.005067158021410699,0.29411764705882354,4402.056233993182,0.1,150,5,0.13166666666666665,1.0635907640253472,2.7029419619169377,0.0
mtd_ai,200,0.005067158021410699,0.3629032258064516,5023.470093087906,0.15,150,5,0.13166666666666665,1.0635907640253472,2.7029419619169377,0.0
mtd_ai,200,0.005067158021410699,0.40540540540540543,5632.172193138458,0.2,150,5,0.13166666666666665,1.0635907640253472,2.7029419619169377,0.0
mtd_ai,200,0.005067158021410699,0.45180722891566266,6023.299942452225,0.25,150,5,0.13166666666666665,1.0635907640253472,2.7029419619169377,0.0
mtd_ai,200,0.005052026374484355,0.35714285714285715,1659.0144777076407,0.05,150,5,0.2061111111111111,0.3048015479390724,1.0547045121161591,0.0
mtd_ai,200,0.005052026374484355,0.42857142857142855,2438.9208761693553,0.1,150,5,0.2061111111111111,0.3048015479390724,1.0547045121161591,0.0
mtd_ai,200,0.005052026374484355,0.4326923076923077,3200.542140706869,0.15,150,5,0.2061111111111111,0.3048015479390724,1.0547045121161591,0.0
mtd_ai,200,0.005052026374484355,0.45454545454545453,3760.7845955541816,0.2,150,5,0.2061111111111111,0.3048015479390724,1.0547045121161591,0.0
mtd_ai,200,0.005052026374484355,0.42613636363636365,4556.562448885474,0.25,150,5,0.2061111111111111,0.3048015479390724,1.0547045121161591,0.0
mtd_ai,200,0.005071339814035579,0.3,1876.919813715797,0.05,150,5,0.19733333333333333,0.8593785550361657,3.2037154448113676,0.0
mtd_ai,200,0.005071339814035579,0.38461538461538464,2792.708673097285,0.1,150,5,0.19733333333333333,0.8593785550361657,3.2037154448113676,0.0
mtd_ai,200,0.005071339814035579,0.45,3694.4233767948463,0.15,150,5,0.19733333333333333,0.8593785550361657,3.2037154448113676,0.0
mtd_ai,200,0.005071339814035579,0.35294117647058826,5008.578958854501,0.2,150,5,0.19733333333333333,0.8593785550361657,3.2037154448113676,0.0
mtd_ai,200,0.005071339814035579,0.3865979381443299,5555.054710838853,0.25,150,5,0.19733333333333333,0.8593785550361657,3.2037154448113676,0.0
mtd_ai,200,0.005056995130117119,0.3409090909090909,2440.478599263367,0.05,150,5,0.07692307692307693,0.07301057796458037,0.25616267043541247,0.0
mtd_ai,200,0.005056995130117119,0.39473684210526316,4039.500123411629,0.1,150,5,0.07692307692307693,0.07301057796458037,0.25616267043541247,0.0
mtd_ai,200,0.005056995130117119,0.4411764705882353,4737.143443804574,0.15,150,5,0.07692307692307693,0.07301057796458037,0.25616267043541247,0.0
mtd_ai,200,0.005056995130117119,0.42857142857142855,5905.62612270108,0.2,150,5,0.07692307692307693,0.07301057796458037,0.25616267043541247,0.0
mtd_ai,200,0.005056995130117119,0.46296296296296297,6461.809993282537,0.25,150,5,0.07692307692307693,0.07301057796458037,0.25616267043541247,0.0
mtd_ai,200,0.005036000227177613,0.26785714285714285,2319.264652744969,0.05,150,5,0.14400000000000002,1.4051215920457711,3.5761931100627957,0.0
mtd_ai,200,0.005036000227177613,0.2631578947368421,5337.77796188531,0.1,150,5,0.14400000000000002,1.4051215920457711,3.5761931100627957,0.0
mtd_ai,200,0.005036000227177613,0.33088235294117646,5950.680315059502,0.15,150,5,0.14400000000000002,1.4051215920457711,3.5761931100627957,0.0
mtd_ai,200,0.005036000227177613,0.3448275862068966,7007.387959060929,0.2,150,5,0.14400000000000002,1.4051215920457711,3.5761931100627957,0.0
mtd_ai,200,0.005036000227177613,0.3712871287128713,7512.417639024696,0.25,150,5,0.14400000000000002,1.4051215920457711,3.5761931100627957,0.0
mtd_ai,200,0.005080207869619,0.5357142857142857,951.4377129056212,0.05,150,5,0.15,0.10989657787504613,0.3990736472691336,0.0
mtd_ai,200,0.005080207869619,0.46875,2671.459527211356,0.1,150,5,0.15,0.10989657787504613,0.3990736472691336,0.0
mtd_ai,200,0.005080207869619,0.5487804878048781,3294.5243509971674,0.15,150,5,0.15,0.10989657787504613,0.3990736472691336,0.0
mtd_ai,200,0.005080207869619,0.5172413793103449,4445.285003428862,0.2,150,5,0.15,0.10989657787504613,0.3990736472691336,0.0
mtd_ai,200,0.005080207869619,0.5136986301369864,5766.788354246414,0.25,150,5,0.15,0.10989657787504613,0.3990736472691336,0.0
mtd_ai,200,0.005047157319503607,0.3125,2786.210504479748,0.05,150,5,0.12333333333333334,0.30097939204617985,1.2080674339183086,0.0
mtd_ai,200,0.005047157319503607,0.36585365853658536,4264.768164599132,0.1,150,5,0.12333333333333334,0.30097939204617985,1.2080674339183086,0.0
mtd_ai,200,0.005047157319503607,0.42452830188679247,5181.665419117267,0.15,150,5,0.12333333333333334,0.30097939204617985,1.2080674339183086,0.0
mtd_ai,200,0.005047157319503607,0.46875,5564.312964704439,0.2,150,5,0.12333333333333334,0.30097939204617985,1.2080674339183086,0.0
mtd_ai,200,0.005047157319503607,0.47468354430379744,6407.969391532237,0.25,150,5,0.12333333333333334,0.30097939204617985,1.2080674339183086,0.0
mtd_ai,200,0.005076711558245017,0.39473684210526316,1685.5905997086184,0.05,150,5,0.106,2.2679278360505015,5.381140424954376,0.0
mtd_ai,200,0.005076711558245017,0.35714285714285715,3197.441875815327,0.1,150,5,0.106,2.2679278360505015,5.381140424954376,0.0
mtd_ai,200,0.005076711558245017,0.39473684210526316,4215.438096479401,0.15,150,5,0.106,2.2679278360505015,5.381140424954376,0.0
mtd_ai,200,0.005076711558245017,0.38461538461538464,5152.997389202172,0.2,150,5,0.106,2.2679278360505015,5.381140424954376,0.0
mtd_ai,200,0.005076711558245017,0.42134831460674155,5613.16681946657,0.25,150,5,0.106,2.2679278360505015,5.381140424954376,0.0
mtd_ai,200,0.005081983623702799,0.35714285714285715,2237.5177611610216,0.05,150,5,0.10555555555555556,0.33729046880192176,0.7638676788076596,0.0
mtd_ai,200,0.005081983623702799,0.45454545454545453,2983.6111243092737,0.1,150,5,0.10555555555555556,0.33729046880192176,0.7638676788076596,0.0
mtd_ai,200,0.005081983623702799,0.5113636363636364,3596.000540469986,0.15,150,5,0.10555555555555556,0.33729046880192176,0.7638676788076596,0.0
mtd_ai,200,0.005081983623702799,0.5,4637.059733848267,0.2,150,5,0.10555555555555556,0.33729046880192176,0.7638676788076596,0.0
mtd_ai,200,0.005081983623702799,0.528169014084507,5041.227049546702,0.25,150,5,0.10555555555555556,0.33729046880192176,0.7638676788076596,0.0
mtd_ai,200,0.0050750510370956466,0.28846153846153844,2724.0874460811992,0.05,150,5,0.13777777777777775,0.9298913896474458,1.9392756631233683,0.0
mtd_ai,200,0.0050750510370956466,0.39473684210526316,3374.644677107077,0.1,150,5,0.13777777777777775,0.9298913896474458,1.9392756631233683,0.0
mtd_ai,200,0.0050750510370956466,0.45,4197.2650724150935,0.15,150,5,0.13777777777777775,0.9298913896474458,1.9392756631233683,0.0
mtd_ai,200,0.0050750510370956466,0.4918032786885246,4709.043339038224,0.2,150,5,0.13777777777777775,0.9298913896474458,1.9392756631233683,0.0
mtd_ai,200,0.0050750510370956466,0.46875,5639.136434095884,0.25,150,5,0.13777777777777775,0.9298913896474458,1.9392756631233683,0.0
mtd_ai,200,0.00505083166650007,0.3409090909090909,2436.651787332566,0.05,150,5,0.15933333333333333,0.6967712304388679,3.106751963890504,0.0
mtd_ai,200,0.00505083166650007,0.4411764705882353,3206.8362683403393,0.1,150,5,0.15933333333333333,0.6967712304388679,3.106751963890504,0.0
mtd_ai,200,0.00505083166650007,0.4787234042553192,4011.825509350544,0.15,150,5,0.15933333333333333,0.6967712304388679,3.106751963890504,0.0
mtd_ai,200,0.00505083166650007,0.4918032786885246,5206.778934432024,0.2,150,5,0.15933333333333333,0.6967712304388679,3.106751963890504,0.0
mtd_ai,200,0.00505083166650007,0.528169014084507,5575.756357652597,0.25,150,5,0.15933333333333333,0.6967712304388679,3.106751963890504,0.0
mtd_ai,200,0.005072269829493646,0.3125,2477.2790364930775,0.05,150,5,0.14793650793650795,0.44544806598607534,1.5358284921876888,0.0
mtd_ai,200,0.005072269829493646,0.39473684210526316,3509.431754787098,0.1,150,5,0.14793650793650795,0.44544806598607534,1.5358284921876888,0.0
mtd_ai,200,0.005072269829493646,0.4411764705882353,4295.970181518452,0.15,150,5,0.14793650793650795,0.44544806598607534,1.5358284921876888,0.0
mtd_ai,200,0.005072269829493646,0.46875,5045.353243991402,0.2,150,5,0.14793650793650795,0.44544806598607534,1.5358284921876888,0.0
mtd_ai,200,0.005072269829493646,0.5136986301369864,5565.4922710041365,0.25,150,5,0.14793650793650795,0.44544806598607534,1.5358284921876888,0.0
mtd_ai,200,0.005081366887158013,0.375,1926.7060044804261,0.05,150,5,0.15166666666666667,0.8086397100052445,3.477563258474654,0.0
mtd_ai,200,0.005081366887158013,0.32608695652173914,3603.174113485037,0.1,150,5,0.15166666666666667,0.8086397100052445,3.477563258474654,0.0
mtd_ai,200,0.005081366887158013,0.39473684210526316,4380.230954031835,0.15,150,5,0.15166666666666667,0.8086397100052445,3.477563258474654,0.0
mtd_ai,200,0.005081366887158013,0.410958904109589,5124.22502643966,0.2,150,5,0.15166666666666667,0.8086397100052445,3.477563258474654,0.0
mtd_ai,200,0.005081366887158013,0.46875,5332.545587270695,0.25,150,5,0.15166666666666667,0.8086397100052445,3.477563258474654,0.0
mtd_ai,200,0.005078442808096086,0.3409090909090909,1746.6863519443662,0.05,150,5,0.1637037037037037,0.9279186058384244,3.6455547080396484,0.0
mtd_ai,200,0.005078442808096086,0.3409090909090909,3639.4858523606663,0.1,150,5,0.1637037037037037,0.9279186058384244,3.6455547080396484,0.0
mtd_ai,200,0.005078442808096086,0.39473684210526316,4440.414575765509,0.15,150,5,0.1637037037037037,0.9279186058384244,3.6455547080396484,0.0
mtd_ai,200,0.005078442808096086,0.42857142857142855,5114.3321153593215,0.2,150,5,0.1637037037037037,0.9279186058384244,3.6455547080396484,0.0
mtd_ai,200,0.005078442808096086,0.47468354430379744,5406.504567461006,0.25,150,5,0.1637037037037037,0.9279186058384244,3.6455547080396484,0.0
mtd_ai,200,0.00510775709052221,0.39473684210526316,1320.981501292857,0.05,150,5,0.3,0.02283378486318858,0.08569725493254866,0.0
mtd_ai,200,0.00510775709052221,0.46875,2296.4566506446326,0.1,150,5,0.3,0.02283378486318858,0.08569725493254866,0.0
mtd_ai,200,0.00510775709052221,0.5487804878048781,2703.1702522078267,0.15,150,5,0.3,0.02283378486318858,0.08569725493254866,0.0
mtd_ai,200,0.00510775709052221,0.5555555555555556,3644.927442614772,0.2,150,5,0.3,0.02283378486318858,0.08569725493254866,0.0
mtd_ai,200,0.00510775709052221,0.5952380952380952,4058.743238938556,0.25,150,5,0.3,0.02283378486318858,0.08569725493254866,0.0
mtd_ai,200,0.005045080462763473,0.3,2378.4382261117235,0.05,150,5,0.17933333333333332,1.1227523610721124,4.544760716067273,0.0
mtd_ai,200,0.005045080462763473,0.2542372881355932,5744.317108654437,0.1,150,5,0.17933333333333332,1.1227523610721124,4.544760716067273,0.0
mtd_ai,200,0.005045080462763473,0.25862068965517243,7051.053485999921,0.15,150,5,0.17933333333333332,1.1227523610721124,4.544760716067273,0.0
mtd_ai,200,0.005045080462763473,0.27522935779816515,7873.870009822585,0.2,150,5,0.17933333333333332,1.1227523610721124,4.544760716067273,0.0
mtd_ai,200,0.005045080462763473,0.29069767441860467,8785.072782657682,0.25,150,5,0.17933333333333332,1.1227523610721124,4.544760716067273,0.0
mtd_ai,200,0.005042223363279423,0.32608695652173914,2920.2677011650003,0.05,150,5,0.13238095238095238,1.6224082365408066,5.1859208224748725,0.0
mtd_ai,200,0.005042223363279423,0.40540540540540543,3843.344183524764,0.1,150,5,0.13238095238095238,1.6224082365408066,5.1859208224748725,0.0
mtd_ai,200,0.005042223363279423,0.4326923076923077,5115.186022365983,0.15,150,5,0.13238095238095238,1.6224082365408066,5.1859208224748725,0.0
mtd_ai,200,0.005042223363279423,0.47619047619047616,5690.592033398325,0.2,150,5,0.13238095238095238,1.6224082365408066,5.1859208224748725,0.0
mtd_ai,200,0.005042223363279423,0.4934210526315789,6555.563301053844,0.25,150,5,0.13238095238095238,1.6224082365408066,5.1859208224748725,0.0
mtd_ai,200,0.005081123594406424,0.39473684210526316,1557.386638892542,0.05,150,5,0.10133333333333333,0.2552651396062758,0.7206812442821843,0.0
mtd_ai,200,0.005081123594406424,0.5172413793103449,1993.7572546824201,0.1,150,5,0.10133333333333333,0.2552651396062758,0.7206812442821843,0.0
mtd_ai,200,0.005081123594406424,0.5487804878048781,3008.909591529843,0.15,150,5,0.10133333333333333,0.2552651396062758,0.7206812442821843,0.0
mtd_ai,200,0.005081123594406424,0.4838709677419355,4714.820822842379,0.2,150,5,0.10133333333333333,0.2552651396062758,0.7206812442821843,0.0
mtd_ai,200,0.005081123594406424,0.528169014084507,5161.709925595695,0.25,150,5,0.10133333333333333,0.2552651396062758,0.7206812442821843,0.0
mtd_ai,200,0.005063868827060372,0.2777777777777778,2552.4833231909975,0.05,150,5,0.09777777777777777,0.8149826254420276,3.437638230052004,0.0
mtd_ai,200,0.005063868827060372,0.35714285714285715,3498.8359159447723,0.1,150,5,0.09777777777777777,0.8149826254420276,3.437638230052004,0.0
mtd_ai,200,0.005063868827060372,0.4090909090909091,4512.60535535177,0.15,150,5,0.09777777777777777,0.8149826254420276,3.437638230052004,0.0
mtd_ai,200,0.005063868827060372,0.42857142857142855,5298.867957005976,0.2,150,5,0.09777777777777777,0.8149826254420276,3.437638230052004,0.0
mtd_ai,200,0.005063868827060372,0.44642857142857145,6507.657873190947,0.25,150,5,0.09777777777777777,0.8149826254420276,3.437638230052004,0.0
mtd_ai,200,0.0050927921320738576,0.5357142857142857,1212.673528842763,0.05,150,5,0.12311111111111113,0.031418106867171,0.12531367825865203,0.0
mtd_ai,200,0.0050927921320738576,0.42857142857142855,2950.1286417920646,0.1,150,5,0.12311111111111113,0.031418106867171,0.12531367825865203,0.0
mtd_ai,200,0.0050927921320738576,0.4787234042553192,3928.9106095428433,0.15,150,5,0.12311111111111113,0.031418106867171,0.12531367825865203,0.0
mtd_ai,200,0.0050927921320738576,0.5357142857142857,4400.051238424995,0.2,150,5,0.12311111111111113,0.031418106867171,0.12531367825865203,0.0
mtd_ai,200,0.0050927921320738576,0.5681818181818182,4797.088198605586,0.25,150,5,0.12311111111111113,0.031418106867171,0.12531367825865203,0.0
mtd_ai,200,0.0050302501519770585,0.3,2896.123942140929,0.05,150,5,0.15976190476190477,0.1922473798777527,0.5545572234805357,0.0
mtd_ai,200,0.0050302501519770585,0.3488372093023256,4631.392873144834,0.1,150,5,0.15976190476190477,0.1922473798777527,0.5545572234805357,0.0
mtd_ai,200,0.0050302501519770585,0.3813559322033898,5766.055518306055,0.15,150,5,0.15976190476190477,0.1922473798777527,0.5545572234805357,0.0
mtd_ai,200,0.0050302501519770585,0.4166666666666667,6539.742461937414,0.2,150,5,0.15976190476190477,0.1922473798777527,0.5545572234805357,0.0
mtd_ai,200,0.0050302501519770585,0.45180722891566266,6987.069595265484,0.25,150,5,0.15976190476190477,0.1922473798777527,0.5545572234805357,0.0
mtd_ai,200,0.005071313369733289,0.28846153846153844,2416.9114501280956,0.05,150,5,0.12022222222222222,0.35630243125066247,0.23520527707412914,0.0
mtd_ai,200,0.005071313369733289,0.36585365853658536,3440.205646908409,0.1,150,5,0.12022222222222222,0.35630243125066247,0.23520527707412914,0.0
mtd_ai,200,0.005071313369733289,0.4090909090909091,4183.77127191446,0.15,150,5,0.12022222222222222,0.35630243125066247,0.23520527707412914,0.0
mtd_ai,200,0.005071313369733289,0.4166666666666667,5709.964519540656,0.2,150,5,0.12022222222222222,0.35630243125066247,0.23520527707412914,0.0
mtd_ai,200,0.005071313369733289,0.46296296296296297,6076.039774590197,0.25,150,5,0.12022222222222222,0.35630243125066247,0.23520527707412914,0.0
mtd_ai,200,0.005078986767911136,0.35714285714285715,1457.7975074638962,0.05,150,5,0.08695652173913043,0.2142111093898554,0.7342667052671836,0.0
mtd_ai,200,0.005078986767911136,0.36585365853658536,2641.866344379264,0.1,150,5,0.08695652173913043,0.2142111093898554,0.7342667052671836,0.0
mtd_ai,200,0.005078986767911136,0.375,4843.483355808681,0.15,150,5,0.08695652173913043,0.2142111093898554,0.7342667052671836,0.0
mtd_ai,200,0.005078986767911136,0.42857142857142855,5300.215367759356,0.2,150,5,0.08695652173913043,0.2142111093898554,0.7342667052671836,0.0
mtd_ai,200,0.005078986767911136,0.4807692307692308,5566.422389135505,0.25,150,5,0.08695652173913043,0.2142111093898554,0.7342667052671836,0.0
mtd_ai,200,0.005053457957062785,0.32608695652173914,2405.8481919570213,0.05,150,5,0.12833333333333333,1.5881631220858556,3.441404317525095,0.0
mtd_ai,200,0.005053457957062785,0.42857142857142855,3400.5738863027836,0.1,150,5,0.12833333333333333,1.5881631220858556,3.441404317525095,0.0
mtd_ai,200,0.005053457957062785,0.4787234042553192,4243.156321659869,0.15,150,5,0.12833333333333333,1.5881631220858556,3.441404317525095,0.0
mtd_ai,200,0.005053457957062785,0.4918032786885246,5008.023006364628,0.2,150,5,0.12833333333333333,1.5881631220858556,3.441404317525095,0.0
mtd_ai,200,0.005053457957062785,0.528169014084507,5593.476562701326,0.25,150,5,0.12833333333333333,1.5881631220858556,3.441404317525095,0.0
mtd_ai,200,0.005071702601011048,0.28846153846153844,2655.41550753463,0.05,150,5,0.14285714285714285,0.8540252570005517,3.4290864461462327,0.0
mtd_ai,200,0.005071702601011048,0.375,3452.6929830091003,0.1,150,5,0.14285714285714285,0.8540252570005517,3.4290864461462327,0.0
mtd_ai,200,0.005071702601011048,0.4017857142857143,4562.78014780591,0.15,150,5,0.14285714285714285,0.8540252570005517,3.4290864461462327,0.0
mtd_ai,200,0.005071702601011048,0.4,5744.138523667693,0.2,150,5,0.14285714285714285,0.8540252570005517,3.4290864461462327,0.0
mtd_ai,200,0.005071702601011048,0.45180722891566266,6110.173242681542,0.25,150,5,0.14285714285714285,0.8540252570005517,3.4290864461462327,0.0
mtd_ai,200,0.005065326178538326,0.5,1518.525785258997,0.05,150,5,0.1388888888888889,1.175597981922574,3.9422800244456435,0.0
mtd_ai,200,0.005065326178538326,0.46875,2970.651367013171,0.1,150,5,0.1388888888888889,1.175597981922574,3.9422800244456435,0.0
mtd_ai,200,0.005065326178538326,0.45918367346938777,4551.091219880546,0.15,150,5,0.1388888888888889,1.175597981922574,3.9422800244456435,0.0
mtd_ai,200,0.005065326178538326,0.5,5213.724385166046,0.2,150,5,0.1388888888888889,1.175597981922574,3.9422800244456435,0.0
mtd_ai,200,0.005065326178538326,0.5,6171.345887737339,0.25,150,5,0.1388888888888889,1.175597981922574,3.9422800244456435,0.0
mtd_ai,200,0.005053706059310048,0.26785714285714285,1883.005835322541,0.05,150,5,0.16,1.4303232797470613,4.637904565873782,0.0
mtd_ai,200,0.005053706059310048,0.3333333333333333,2995.6369646310377,0.1,150,5,0.16,1.4303232797470613,4.637904565873782,0.0
mtd_ai,200,0.005053706059310048,0.375,3837.5033165786526,0.15,150,5,0.16,1.4303232797470613,4.637904565873782,0.0
mtd_ai,200,0.005053706059310048,0.4166666666666667,4417.894644463106,0.2,150,5,0.16,1.4303232797470613,4.637904565873782,0.0
mtd_ai,200,0.005053706059310048,0.4573170731707317,4873.105779369288,0.25,150,5,0.16,1.4303232797470613,4.637904565873782,0.0
mtd_ai,200,0.0050845203766606145,0.3,2562.012271482764,0.05,150,5,0.14555555555555555,0.46305087466170025,1.8805083480603788,0.0
mtd_ai,200,0.0050845203766606145,0.40540540540540543,3372.351352056129,0.1,150,5,0.14555555555555555,0.46305087466170025,1.8805083480603788,0.0
mtd_ai,200,0.0050845203766606145,0.5,3677.8080887858714,0.15,150,5,0.14555555555555555,0.46305087466170025,1.8805083480603788,0.0
mtd_ai,200,0.0050845203766606145,0.5263157894736842,4415.423461996089,0.2,150,5,0.14555555555555555,0.46305087466170025,1.8805083480603788,0.0
mtd_ai,200,0.0050845203766606145,0.528169014084507,4876.251314510898,0.25,150,5,0.14555555555555555,0.46305087466170025,1.8805083480603788,0.0
mtd_ai,200,0.005069430341851757,0.3409090909090909,2456.028080170351,0.05,150,5,0.09833333333333333,1.2067691197716923,4.744278906246352,0.0
mtd_ai,200,0.005069430341851757,0.36585365853658536,3897.0102551090654,0.1,150,5,0.09833333333333333,1.2067691197716923,4.744278906246352,0.0
mtd_ai,200,0.005069430341851757,0.4411764705882353,4645.469653688586,0.15,150,5,0.09833333333333333,1.2067691197716923,4.744278906246352,0.0
mtd_ai,200,0.005069430341851757,0.42857142857142855,5783.435525184053,0.2,150,5,0.09833333333333333,1.2067691197716923,4.744278906246352,0.0
mtd_ai,200,0.005069430341851757,0.46875,6312.064227550396,0.25,150,5,0.09833333333333333,1.2067691197716923,4.744278906246352,0.0
mtd_ai,200,0.005074998771973799,0.32608695652173914,2063.136127102909,0.05,150,5,0.13833333333333334,0.3302841108541512,1.0778990784450415,0.0
mtd_ai,200,0.005074998771973799,0.4166666666666667,2852.206296363162,0.1,150,5,0.13833333333333334,0.3302841108541512,1.0778990784450415,0.0
mtd_ai,200,0.005074998771973799,0.4326923076923077,4383.120334120908,0.15,150,5,0.13833333333333334,0.3302841108541512,1.0778990784450415,0.0
mtd_ai,200,0.005074998771973799,0.46153846153846156,5088.732178045328,0.2,150,5,0.13833333333333334,0.3302841108541512,1.0778990784450415,0.0
mtd_ai,200,0.005074998771973799,0.47468354430379744,6059.868142962037,0.25,150,5,0.13833333333333334,0.3302841108541512,1.0778990784450415,0.0
mtd_ai,200,0.005052148383410398,0.3409090909090909,2308.046164576191,0.05,150,5,0.1724137931034483,0.9322143046504611,2.8896295889397616,-4.321428571428571
mtd_ai,200,0.005052148383410398,0.40540540540540543,3457.432172944326,0.1,150,5,0.1724137931034483,0.9322143046504611,2.8896295889397616,-4.321428571428571
mtd_ai,200,0.005052148383410398,0.46875,4147.126435651086,0.15,150,5,0.1724137931034483,0.9322143046504611,2.8896295889397616,-4.321428571428571
mtd_ai,200,0.005052148383410398,0.4918032786885246,4668.937775446175,0.2,150,5,0.1724137931034483,0.9322143046504611,2.8896295889397616,-4.321428571428571
mtd_ai,200,0.005052148383410398,0.5208333333333334,5384.298702118507,0.25,150,5,0.1724137931034483,0.9322143046504611,2.8896295889397616,-4.321428571428571
mtd_ai,200,0.005038140888215761,0.3125,2369.364208885845,0.05,150,5,0.12476190476190477,1.029726450132237,3.4103106556303624,0.0
mtd_ai,200,0.005038140888215761,0.3488372093023256,3820.826284990456,0.1,150,5,0.12476190476190477,1.029726450132237,3.4103106556303624,0.0
mtd_ai,200,0.005038140888215761,0.3879310344827586,5078.163960689458,0.15,150,5,0.12476190476190477,1.029726450132237,3.4103106556303624,0.0
mtd_ai,200,0.005038140888215761,0.4,6133.003970407509,0.2,150,5,0.12476190476190477,1.029726450132237,3.4103106556303624,0.0
mtd_ai,200,0.005038140888215761,0.41208791208791207,6871.220496370347,0.25,150,5,0.12476190476190477,1.029726450132237,3.4103106556303624,0.0
mtd_ai,200,0.005085765344586953,0.35714285714285715,2450.068181398805,0.05,150,5,0.10777777777777776,1.0783998974896862,2.7278034371624713,0.0
mtd_ai,200,0.005085765344586953,0.4166666666666667,3641.0186358113992,0.1,150,5,0.10777777777777776,1.0783998974896862,2.7278034371624713,0.0
mtd_ai,200,0.005085765344586953,0.4787234042553192,4164.1714670768815,0.15,150,5,0.10777777777777776,1.0783998974896862,2.7278034371624713,0.0
mtd_ai,200,0.005085765344586953,0.5263157894736842,4885.542800834364,0.2,150,5,0.10777777777777776,1.0783998974896862,2.7278034371624713,0.0
mtd_ai,200,0.005085765344586953,0.5208333333333334,5459.49149497068,0.25,150,5,0.10777777777777776,1.0783998974896862,2.7278034371624713,0.0
mtd_ai,200,0.005073362000348388,0.4411764705882353,1493.6175544523348,0.05,150,5,0.11777777777777779,1.0434014190458507,2.725575599405458,0.0
mtd_ai,200,0.005073362000348388,0.42857142857142855,3058.0874633292688,0.1,150,5,0.11777777777777779,1.0434014190458507,2.725575599405458,0.0
mtd_ai,200,0.005073362000348388,0.45,3948.27079056999,0.15,150,5,0.11777777777777779,1.0434014190458507,2.725575599405458,0.0
mtd_ai,200,0.005073362000348388,0.47619047619047616,4664.639532917401,0.2,150,5,0.11777777777777779,1.0434014190458507,2.725575599405458,0.0
mtd_ai,200,0.005073362000348388,0.4573170731707317,5311.544560019053,0.25,150,5,0.11777777777777779,1.0434014190458507,2.725575599405458,0.0
mtd_ai,200,0.005049513395052114,0.4166666666666667,1666.0619507178856,0.05,150,5,0.11777777777777779,0.19456134447991813,0.8442766988523474,0.0
mtd_ai,200,0.005049513395052114,0.4838709677419355,2919.60779728959,0.1,150,5,0.11777777777777779,0.19456134447991813,0.8442766988523474,0.0
mtd_ai,200,0.005049513395052114,0.5232558139534884,3552.6485964812446,0.15,150,5,0.11777777777777779,0.19456134447991813,0.8442766988523474,0.0
mtd_ai,200,0.005049513395052114,0.5,4542.523227971173,0.2,150,5,0.11777777777777779,0.19456134447991813,0.8442766988523474,0.0
mtd_ai,200,0.005049513395052114,0.528169014084507,5137.264565174641,0.25,150,5,0.11777777777777779,0.19456134447991813,0.8442766988523474,0.0
mtd_ai,200,0.00506693761503545,0.32608695652173914,2419.782505641676,0.05,150,5,0.13,1.2165639585029184,4.408777827058279,0.0
mtd_ai,200,0.00506693761503545,0.375,3715.166421610228,0.1,150,5,0.13,1.2165639585029184,4.408777827058279,0.0
mtd_ai,200,0.00506693761503545,0.45,4480.273300594579,0.15,150,5,0.13,1.2165639585029184,4.408777827058279,0.0
mtd_ai,200,0.00506693761503545,0.4918032786885246,5528.473923001993,0.2,150,5,0.13,1.2165639585029184,4.408777827058279,0.0
mtd_ai,200,0.00506693761503545,0.528169014084507,5999.995987409271,0.25,150,5,0.13,1.2165639585029184,4.408777827058279,0.0
mtd_ai,200,0.005046325201828637,0.22727272727272727,3178.662182382387,0.05,150,5,0.1717777777777778,4.303416231250312,3.186274709907357,0.0
mtd_ai,200,0.005046325201828637,0.2542372881355932,4909.9867151038725,0.1,150,5,0.1717777777777778,4.303416231250312,3.186274709907357,0.0
mtd_ai,200,0.005046325201828637,0.3125,5350.878835106576,0.15,150,5,0.1717777777777778,4.303416231250312,3.186274709907357,0.0
mtd_ai,200,0.005046325201828637,0.2631578947368421,7226.8918319464,0.2,150,5,0.1717777777777778,4.303416231250312,3.186274709907357,0.0
mtd_ai,200,0.005046325201828637,0.2697841726618705,8673.1730439491,0.25,150,5,0.1717777777777778,4.303416231250312,3.186274709907357,0.0
mtd_ai,200,0.0050675646498479976,0.3409090909090909,2551.552366974148,0.05,150,5,0.15088888888888888,1.706332875062404,5.234243157236607,0.0
mtd_ai,200,0.0050675646498479976,0.375,3795.1516978774916,0.1,150,5,0.15088888888888888,1.706332875062404,5.234243157236607,0.0
mtd_ai,200,0.0050675646498479976,0.4326923076923077,4373.278955434991,0.15,150,5,0.15088888888888888,1.706332875062404,5.234243157236607,0.0
mtd_ai,200,0.0050675646498479976,0.42857142857142855,5284.435714519475,0.2,150,5,0.15088888888888888,1.706332875062404,5.234243157236607,0.0
mtd_ai,200,0.0050675646498479976,0.46296296296296297,5951.586666461453,0.25,150,5,0.15088888888888888,1.706332875062404,5.234243157236607,0.0
mtd_ai,200,0.005088604324724724,0.46875,1307.8455162525288,0.05,150,5,0.1288888888888889,1.5906716015236007,5.379104101341688,0.0
mtd_ai,200,0.005088604324724724,0.5,2281.1094855700476,0.1,150,5,0.1288888888888889,1.5906716015236007,5.379104101341688,0.0
mtd_ai,200,0.005088604324724724,0.5625,2675.879015124294,0.15,150,5,0.1288888888888889,1.5906716015236007,5.379104101341688,0.0
mtd_ai,200,0.005088604324724724,0.44776119402985076,4329.654414660312,0.2,150,5,0.1288888888888889,1.5906716015236007,5.379104101341688,0.0
mtd_ai,200,0.005088604324724724,0.4934210526315789,4823.181081559882,0.25,150,5,0.1288888888888889,1.5906716015236007,5.379104101341688,0.0
mtd_ai,200,0.005056514414159392,0.21428571428571427,4362.48451201064,0.05,150,5,0.13033333333333333,1.8819373197182019,1.13262998611983,0.0
mtd_ai,200,0.005056514414159392,0.28846153846153844,5729.0592774998895,0.1,150,5,0.13033333333333333,1.8819373197182019,1.13262998611983,0.0
mtd_ai,200,0.005056514414159392,0.36885245901639346,6021.749699897372,0.15,150,5,0.13033333333333333,1.8819373197182019,1.13262998611983,0.0
mtd_ai,200,0.005056514414159392,0.4,6598.775895607463,0.2,150,5,0.13033333333333333,1.8819373197182019,1.13262998611983,0.0
mtd_ai,200,0.005056514414159392,0.41208791208791207,7164.82499091724,0.25,150,5,0.13033333333333333,1.8819373197182019,1.13262998611983,0.0
mtd_ai,200,0.005048246156313174,0.25862068965517243,2355.7392090384838,0.05,150,5,0.19047619047619047,0.045091892708764444,0.1535887468810517,0.0
mtd_ai,200,0.005048246156313174,0.2777777777777778,5339.8953016376545,0.1,150,5,0.19047619047619047,0.045091892708764444,0.1535887468810517,0.0
mtd_ai,200,0.005048246156313174,0.30405405405405406,6410.486676767544,0.15,150,5,0.19047619047619047,0.045091892708764444,0.1535887468810517,0.0
mtd_ai,200,0.005048246156313174,0.3333333333333333,7204.644581380481,0.2,150,5,0.19047619047619047,0.045091892708764444,0.1535887468810517,0.0
mtd_ai,200,0.005048246156313174,0.3640776699029126,7908.077912519656,0.25,150,5,0.19047619047619047,0.045091892708764444,0.1535887468810517,0.0
mtd_ai,200,0.005035940279374102,0.25862068965517243,2897.953637210575,0.05,150,5,0.19799999999999998,0.31391244495606596,0.9070746364155475,0.0
mtd_ai,200,0.005035940279374102,0.20833333333333334,5511.262348037939,0.1,150,5,0.19799999999999998,0.31391244495606596,0.9070746364155475,0.0
mtd_ai,200,0.005035940279374102,0.25862068965517243,6345.395113867139,0.15,150,5,0.19799999999999998,0.31391244495606596,0.9070746364155475,0.0
mtd_ai,200,0.005035940279374102,0.2857142857142857,6993.965448569056,0.2,150,5,0.19799999999999998,0.31391244495606596,0.9070746364155475,0.0
mtd_ai,200,0.005035940279374102,0.3232758620689655,7445.061131725047,0.25,150,5,0.19799999999999998,0.31391244495606596,0.9070746364155475,0.0
mtd_ai,200,0.005078361981302162,0.375,2153.3624349924257,0.05,150,5,0.13666666666666666,1.257372716456125,4.3435494554217815,0.0
mtd_ai,200,0.005078361981302162,0.45454545454545453,2989.737988398794,0.1,150,5,0.13666666666666666,1.257372716456125,4.3435494554217815,0.0
mtd_ai,200,0.005078361981302162,0.4787234042553192,3880.4366172910018,0.15,150,5,0.13666666666666666,1.257372716456125,4.3435494554217815,0.0
mtd_ai,200,0.005078361981302162,0.4918032786885246,4417.341202848616,0.2,150,5,0.13666666666666666,1.257372716456125,4.3435494554217815,0.0
mtd_ai,200,0.005078361981302162,0.5067567567567568,5377.176797647091,0.25,150,5,0.13666666666666666,1.257372716456125,4.3435494554217815,0.0
mtd_ai,200,0.005080320742277044,0.39473684210526316,2032.6540050634117,0.05,150,5,0.11,0.7369509222610913,2.6530515812467086,0.0
mtd_ai,200,0.005080320742277044,0.40540540540540543,3576.3770067762143,0.1,150,5,0.11,0.7369509222610913,2.6530515812467086,0.0
mtd_ai,200,0.005080320742277044,0.4891304347826087,3984.2072447153682,0.15,150,5,0.11,0.7369509222610913,2.6530515812467086,0.0
mtd_ai,200,0.005080320742277044,0.5,4628.267694519693,0.2,150,5,0.11,0.7369509222610913,2.6530515812467086,0.0
mtd_ai,200,0.005080320742277044,0.528169014084507,5188.874180134224,0.25,150,5,0.11,0.7369509222610913,2.6530515812467086,0.0
mtd_ai,200,0.005070744472018477,0.234375,3651.5824715167737,0.05,150,5,0.1288888888888889,0.47788592341197494,1.7339210608794595,0.0
mtd_ai,200,0.005070744472018477,0.3191489361702128,4556.50891935012,0.1,150,5,0.1288888888888889,0.47788592341197494,1.7339210608794595,0.0
mtd_ai,200,0.005070744472018477,0.4090909090909091,4899.341012180845,0.15,150,5,0.1288888888888889,0.47788592341197494,1.7339210608794595,0.0
mtd_ai,200,0.005070744472018477,0.46875,5360.353810573481,0.2,150,5,0.1288888888888889,0.47788592341197494,1.7339210608794595,0.0
mtd_ai,200,0.005070744472018477,0.5067567567567568,5903.457583278885,0.25,150,5,0.1288888888888889,0.47788592341197494,1.7339210608794595,0.0
mtd_ai,200,0.005061363417946826,0.3,1979.7377481117032,0.05,150,5,0.09833333333333333,1.3382282837766317,4.430906837697163,0.0
mtd_ai,200,0.005061363417946826,0.36585365853658536,3132.5150448808263,0.1,150,5,0.09833333333333333,1.3382282837766317,4.430906837697163,0.0
mtd_ai,200,0.005061363417946826,0.46875,3720.3768244399707,0.15,150,5,0.09833333333333333,1.3382282837766317,4.430906837697163,0.0
mtd_ai,200,0.005061363417946826,0.5172413793103449,4278.222097181838,0.2,150,5,0.09833333333333333,1.3382282837766317,4.430906837697163,0.0
mtd_ai,200,0.005061363417946826,0.45180722891566266,6479.761094797194,0.25,150,5,0.09833333333333333,1.3382282837766317,4.430906837697163,0.0
mtd_ai,200,0.005037681366240795,0.39473684210526316,1348.0577516045983,0.05,150,5,0.12285714285714287,0.254890682225759,1.0049504141775816,0.0
mtd_ai,200,0.005037681366240795,0.42857142857142855,2476.30165329224,0.1,150,5,0.12285714285714287,0.254890682225759,1.0049504141775816,0.0
mtd_ai,200,0.005037681366240795,0.45,3922.2146270830785,0.15,150,5,0.12285714285714287,0.254890682225759,1.0049504141775816,0.0
mtd_ai,200,0.005037681366240795,0.4918032786885246,4668.7231437128885,0.2,150,5,0.12285714285714287,0.254890682225759,1.0049504141775816,0.0
mtd_ai,200,0.005037681366240795,0.47468354430379744,5797.652355267577,0.25,150,5,0.12285714285714287,0.254890682225759,1.0049504141775816,0.0
mtd_ai,200,0.005027899801037329,0.32608695652173914,2745.5007543121087,0.05,150,5,0.16666666666666666,2.4867537158623736,4.572762269000305,-4.114285714285714
mtd_ai,200,0.005027899801037329,0.375,4034.276073735173,0.1,150,5,0.16666666666666666,2.4867537158623736,4.572762269000305,-4.114285714285714
mtd_ai,200,0.005027899801037329,0.4090909090909091,5828.436436644657,0.15,150,5,0.16666666666666666,2.4867537158623736,4.572762269000305,-4.114285714285714
mtd_ai,200,0.005027899801037329,0.4411764705882353,6665.69026449125,0.2,150,5,0.16666666666666666,2.4867537158623736,4.572762269000305,-4.114285714285714
mtd_ai,200,0.005027899801037329,0.390625,7929.538348421769,0.25,150,5,0.16666666666666666,2.4867537158623736,4.572762269000305,-4.114285714285714
mtd_ai,200,0.0050759695696613455,0.24193548387096775,2723.359963803804,0.05,150,5,0.21428571428571427,0.7091568169796253,2.6824767858502603,0.0
mtd_ai,200,0.0050759695696613455,0.30612244897959184,3765.5210922594088,0.1,150,5,0.21428571428571427,0.7091568169796253,2.6824767858502603,0.0
mtd_ai,200,0.0050759695696613455,0.3629032258064516,4846.38237629413,0.15,150,5,0.21428571428571427,0.7091568169796253,2.6824767858502603,0.0
mtd_ai,200,0.0050759695696613455,0.38961038961038963,5425.304618911929,0.2,150,5,0.21428571428571427,0.7091568169796253,2.6824767858502603,0.0
mtd_ai,200,0.0050759695696613455,0.42613636363636365,5861.502579036947,0.25,150,5,0.21428571428571427,0.7091568169796253,2.6824767858502603,0.0
mtd_ai,200,0.005069670015948,0.28846153846153844,2482.4831317228636,0.05,150,5,0.21304761904761904,4.366728317306843,7.323820936490639,0.0
mtd_ai,200,0.005069670015948,0.29411764705882354,4302.456244068192,0.1,150,5,0.21304761904761904,4.366728317306843,7.323820936490639,0.0
mtd_ai,200,0.005069670015948,0.35714285714285715,5287.895250002447,0.15,150,5,0.21304761904761904,4.366728317306843,7.323820936490639,0.0
mtd_ai,200,0.005069670015948,0.4,5895.212329628569,0.2,150,5,0.21304761904761904,4.366728317306843,7.323820936490639,0.0
mtd_ai,200,0.005069670015948,0.44642857142857145,6502.450426607101,0.25,150,5,0.21304761904761904,4.366728317306843,7.323820936490639,0.0
mtd_ai,200,0.005033106619322459,0.24193548387096775,3554.8635043403997,0.05,150,5,0.16333333333333333,0.4940046915091114,1.6343273590360785,0.0
mtd_ai,200,0.005033106619322459,0.29411764705882354,5171.43685557384,0.1,150,5,0.16333333333333333,0.4940046915091114,1.6343273590360785,0.0
mtd_ai,200,0.005033106619322459,0.3629032258064516,5795.958534150879,0.15,150,5,0.16333333333333333,0.4940046915091114,1.6343273590360785,0.0
mtd_ai,200,0.005033106619322459,0.4166666666666667,6225.090896337581,0.2,150,5,0.16333333333333333,0.4940046915091114,1.6343273590360785,0.0
mtd_ai,200,0.005033106619322459,0.46296296296296297,6733.624018730263,0.25,150,5,0.16333333333333333,0.4940046915091114,1.6343273590360785,0.0
mtd_ai,200,0.005028687318657213,0.28846153846153844,2576.180087157598,0.05,150,5,0.152,0.9367825471997152,3.9552179705497,0.0
mtd_ai,200,0.005028687318657213,0.3,4412.831119321667,0.1,150,5,0.152,0.9367825471997152,3.9552179705497,0.0
mtd_ai,200,0.005028687318657213,0.3629032258064516,5151.178763022508,0.15,150,5,0.152,0.9367825471997152,3.9552179705497,0.0
mtd_ai,200,0.005028687318657213,0.3488372093023256,7232.471959321812,0.2,150,5,0.152,0.9367825471997152,3.9552179705497,0.0
mtd_ai,200,0.005028687318657213,0.36764705882352944,7965.697519173784,0.25,150,5,0.152,0.9367825471997152,3.9552179705497,0.0
mtd_ai,200,0.005056085926232048,0.5,1060.1364540251316,0.05,150,5,0.118,0.2778163791628308,1.222813066517749,0.0
mtd_ai,200,0.005056085926232048,0.4166666666666667,2935.3536771455483,0.1,150,5,0.118,0.2778163791628308,1.222813066517749,0.0
mtd_ai,200,0.005056085926232048,0.45918367346938777,3476.2991579369136,0.15,150,5,0.118,0.2778163791628308,1.222813066517749,0.0
mtd_ai,200,0.005056085926232048,0.410958904109589,4656.4241231799215,0.2,150,5,0.118,0.2778163791628308,1.222813066517749,0.0
mtd_ai,200,0.005056085926232048,0.436046511627907,5345.463745325147,0.25,150,5,0.118,0.2778163791628308,1.222813066517749,0.0
mtd_ai,200,0.005047936466438996,0.375,2114.9272707456794,0.05,150,5,0.13311111111111112,1.615316945001552,3.588977667291128,0.0
mtd_ai,200,0.005047936466438996,0.36585365853658536,3945.621999660615,0.1,150,5,0.13311111111111112,1.615316945001552,3.588977667291128,0.0
mtd_ai,200,0.005047936466438996,0.3813559322033898,5184.590732876705,0.15,150,5,0.13311111111111112,1.615316945001552,3.588977667291128,0.0
mtd_ai,200,0.005047936466438996,0.42857142857142855,5653.847949529963,0.2,150,5,0.13311111111111112,1.615316945001552,3.588977667291128,0.0
mtd_ai,200,0.005047936466438996,0.46296296296296297,6213.86329542003,0.25,150,5,0.13311111111111112,1.615316945001552,3.588977667291128,0.0
mtd_ai,200,0.005042246647269757,0.32608695652173914,1844.023923124048,0.05,150,5,0.11411111111111111,2.7271396405312878,1.0038533011167023,0.0
mtd_ai,200,0.005042246647269757,0.375,2957.8597938088087,0.1,150,5,0.11411111111111111,2.7271396405312878,1.0038533011167023,0.0
mtd_ai,200,0.005042246647269757,0.4411764705882353,3526.415360497076,0.15,150,5,0.11411111111111111,2.7271396405312878,1.0038533011167023,0.0
mtd_ai,200,0.005042246647269757,0.4225352112676056,4626.013637081618,0.2,150,5,0.11411111111111111,2.7271396405312878,1.0038533011167023,0.0
mtd_ai,200,0.005042246647269757,0.4411764705882353,5799.1801855534995,0.25,150,5,0.11411111111111111,2.7271396405312878,1.0038533011167023,0.0
mtd_ai,200,0.005031535906307695,0.234375,3786.852552720816,0.05,150,5,0.064,0.12456283965699524,0.288174383084315,0.0
mtd_ai,200,0.005031535906307695,0.3,5591.433717738726,0.1,150,5,0.064,0.12456283965699524,0.288174383084315,0.0
mtd_ai,200,0.005031535906307695,0.36885245901639346,6215.812770292683,0.15,150,5,0.064,0.12456283965699524,0.288174383084315,0.0
mtd_ai,200,0.005031535906307695,0.410958904109589,6707.386945448064,0.2,150,5,0.064,0.12456283965699524,0.288174383084315,0.0
mtd_ai,200,0.005031535906307695,0.45180722891566266,7164.045653899959,0.25,150,5,0.064,0.12456283965699524,0.288174383084315,0.0
mtd_ai,200,0.0050696291160991875,0.35714285714285715,2061.3703986899964,0.05,150,5,0.17866666666666667,0.07939206809311748,0.05536511240768609,0.0
mtd_ai,200,0.0050696291160991875,0.4838709677419355,2761.5632882168416,0.1,150,5,0.17866666666666667,0.07939206809311748,0.05536511240768609,0.0
mtd_ai,200,0.0050696291160991875,0.42452830188679247,4505.761183372721,0.15,150,5,0.17866666666666667,0.07939206809311748,0.05536511240768609,0.0
mtd_ai,200,0.0050696291160991875,0.46875,5124.506394658715,0.2,150,5,0.17866666666666667,0.07939206809311748,0.05536511240768609,0.0
mtd_ai,200,0.0050696291160991875,0.46875,5835.4702630115235,0.25,150,5,0.17866666666666667,0.07939206809311748,0.05536511240768609,0.0
mtd_ai,200,0.0050400373898145615,0.3409090909090909,1887.5469853172317,0.05,150,5,0.1331111111111111,0.1707191981090655,0.34308182206722937,0.0
mtd_ai,200,0.0050400373898145615,0.29411764705882354,4131.206361786392,0.1,150,5,0.1331111111111111,0.1707191981090655,0.34308182206722937,0.0
mtd_ai,200,0.0050400373898145615,0.36885245901639346,4810.340808193721,0.15,150,5,0.1331111111111111,0.1707191981090655,0.34308182206722937,0.0
mtd_ai,200,0.0050400373898145615,0.39473684210526316,6080.847206363271,0.2,150,5,0.1331111111111111,0.1707191981090655,0.34308182206722937,0.0
mtd_ai,200,0.0050400373898145615,0.43103448275862066,6705.610915869347,0.25,150,5,0.1331111111111111,0.1707191981090655,0.34308182206722937,0.0
mtd_ai,200,0.005043395156855702,0.3409090909090909,2042.9233851726337,0.05,150,5,0.1583333333333333,0.49520415459908945,0.22466655481992312,0.0
mtd_ai,200,0.005043395156855702,0.40540540540540543,3302.235286479286,0.1,150,5,0.1583333333333333,0.49520415459908945,0.22466655481992312,0.0
mtd_ai,200,0.005043395156855702,0.4017857142857143,4312.217626759636,0.15,150,5,0.1583333333333333,0.49520415459908945,0.22466655481992312,0.0
mtd_ai,200,0.005043395156855702,0.4411764705882353,4978.65990993052,0.2,150,5,0.1583333333333333,0.49520415459908945,0.22466655481992312,0.0
mtd_ai,200,0.005043395156855702,0.44642857142857145,5738.37774704625,0.25,150,5,0.1583333333333333,0.49520415459908945,0.22466655481992312,0.0
mtd_ai,200,0.005051755767348598,0.26785714285714285,2599.534408078699,0.05,150,5,0.12244444444444445,0.2664971121733878,0.7236321880666338,0.0
mtd_ai,200,0.005051755767348598,0.3488372093023256,3438.851814922704,0.1,150,5,0.12244444444444445,0.2664971121733878,0.7236321880666338,0.0
mtd_ai,200,0.005051755767348598,0.42452830188679247,3889.330755649259,0.15,150,5,0.12244444444444445,0.2664971121733878,0.7236321880666338,0.0
mtd_ai,200,0.005051755767348598,0.47619047619047616,4307.649057414368,0.2,150,5,0.12244444444444445,0.2664971121733878,0.7236321880666338,0.0
mtd_ai,200,0.005051755767348598,0.4934210526315789,4969.94011777626,0.25,150,5,0.12244444444444445,0.2664971121733878,0.7236321880666338,0.0
mtd_ai,200,0.005034181231525206,0.3409090909090909,1963.7458760716142,0.05,150,5,0.11944444444444445,2.2186509578155413,5.8701791957586105,0.0
mtd_ai,200,0.005034181231525206,0.36585365853658536,3726.915922052058,0.1,150,5,0.11944444444444445,2.2186509578155413,5.8701791957586105,0.0
mtd_ai,200,0.005034181231525206,0.4017857142857143,4447.665961561143,0.15,150,5,0.11944444444444445,2.2186509578155413,5.8701791957586105,0.0
mtd_ai,200,0.005034181231525206,0.43478260869565216,5287.218886889464,0.2,150,5,0.11944444444444445,2.2186509578155413,5.8701791957586105,0.0
mtd_ai,200,0.005034181231525206,0.46296296296296297,5889.676273311879,0.25,150,5,0.11944444444444445,2.2186509578155413,5.8701791957586105,0.0
mtd_ai,200,0.00507486051514104,0.28846153846153844,2311.3220457744837,0.05,150,5,0.15676190476190477,2.2990720753529255,5.562755021825853,0.0
mtd_ai,200,0.00507486051514104,0.3125,3425.640029311967,0.1,150,5,0.15676190476190477,2.2990720753529255,5.562755021825853,0.0
mtd_ai,200,0.00507486051514104,0.35714285714285715,4356.012722724468,0.15,150,5,0.15676190476190477,2.2990720753529255,5.562755021825853,0.0
mtd_ai,200,0.00507486051514104,0.37037037037037035,5325.216908402825,0.2,150,5,0.15676190476190477,2.2990720753529255,5.562755021825853,0.0
mtd_ai,200,0.00507486051514104,0.4166666666666667,5826.317192346114,0.25,150,5,0.15676190476190477,2.2990720753529255,5.562755021825853,0.0
mtd_ai,200,0.0050419329441426025,0.4411764705882353,1124.6564007960426,0.05,150,5,0.21052631578947367,12.07038148632779,5.99518089863734,0.0
mtd_ai,200,0.0050419329441426025,0.39473684210526316,3087.7602917555796,0.1,150,5,0.21052631578947367,12.07038148632779,5.99518089863734,0.0
mtd_ai,200,0.0050419329441426025,0.45918367346938777,3920.516165488659,0.15,150,5,0.21052631578947367,12.07038148632779,5.99518089863734,0.0
mtd_ai,200,0.0050419329441426025,0.45454545454545453,5210.6821171110805,0.2,150,5,0.21052631578947367,12.07038148632779,5.99518089863734,0.0
mtd_ai,200,0.0050419329441426025,0.45180722891566266,6894.29414331732,0.25,150,5,0.21052631578947367,12.07038148632779,5.99518089863734,0.0
mtd_ai,200,0.005083717731137939,0.35714285714285715,2386.9617177095156,0.05,150,5,0.13043478260869565,13.30043110117172,4.467081032788007,0.0
mtd_ai,200,0.005083717731137939,0.4166666666666667,3464.0797733226227,0.1,150,5,0.13043478260869565,13.30043110117172,4.467081032788007,0.0
mtd_ai,200,0.005083717731137939,0.4787234042553192,3880.467363826345,0.15,150,5,0.13043478260869565,13.30043110117172,4.467081032788007,0.0
mtd_ai,200,0.005083717731137939,0.47619047619047616,4876.012688582555,0.2,150,5,0.13043478260869565,13.30043110117172,4.467081032788007,0.0
mtd_ai,200,0.005083717731137939,0.4934210526315789,5423.407625824088,0.25,150,5,0.13043478260869565,13.30043110117172,4.467081032788007,0.0
mtd_ai,200,0.005051272468235699,0.234375,3541.178004915555,0.05,150,5,0.07333333333333333,0.8721722398852706,3.5455165461880234,0.0
mtd_ai,200,0.005051272468235699,0.3,5355.951964041182,0.1,150,5,0.07333333333333333,0.8721722398852706,3.5455165461880234,0.0
mtd_ai,200,0.005051272468235699,0.33088235294117646,6306.759291068831,0.15,150,5,0.07333333333333333,0.8721722398852706,3.5455165461880234,0.0
mtd_ai,200,0.005051272468235699,0.375,7027.852393124238,0.2,150,5,0.07333333333333333,0.8721722398852706,3.5455165461880234,0.0
mtd_ai,200,0.005051272468235699,0.41208791208791207,7684.714797615772,0.25,150,5,0.07333333333333333,0.8721722398852706,3.5455165461880234,0.0
mtd_ai,200,0.005047312699303168,0.3409090909090909,2378.4028644928976,0.05,150,5,0.152,6.164821086671728,7.053524303283204,4.964285714285714
mtd_ai,200,0.005047312699303168,0.3488372093023256,3971.1517158723946,0.1,150,5,0.152,6.164821086671728,7.053524303283204,4.964285714285714
mtd_ai,200,0.005047312699303168,0.4017857142857143,4996.873079619471,0.15,150,5,0.152,6.164821086671728,7.053524303283204,4.964285714285714
mtd_ai,200,0.005047312699303168,0.4411764705882353,5438.0219793406795,0.2,150,5,0.152,6.164821086671728,7.053524303283204,4.964285714285714
mtd_ai,200,0.005047312699303168,0.47468354430379744,5951.550047330258,0.25,150,5,0.152,6.164821086671728,7.053524303283204,4.964285714285714
mtd_ai,200,0.005060174874397006,0.35714285714285715,1788.8061137846544,0.05,150,5,0.16355555555555554,0.5539446533782671,2.419106513013313,0.0
mtd_ai,200,0.005060174874397006,0.38461538461538464,3116.5024517017678,0.1,150,5,0.16355555555555554,0.5539446533782671,2.419106513013313,0.0
mtd_ai,200,0.005060174874397006,0.4090909090909091,4066.887201221864,0.15,150,5,0.16355555555555554,0.5539446533782671,2.419106513013313,0.0
mtd_ai,200,0.005060174874397006,0.39473684210526316,5557.550240261417,0.2,150,5,0.16355555555555554,0.5539446533782671,2.419106513013313,0.0
mtd_ai,200,0.005060174874397006,0.39473684210526316,6626.73210685467,0.25,150,5,0.16355555555555554,0.5539446533782671,2.419106513013313,0.0
mtd_ai,200,0.005051329798198596,0.22727272727272727,2902.6344557537377,0.05,150,5,0.16311111111111112,0.0005819214286995325,0.001770050760138639,0.0
mtd_ai,200,0.005051329798198596,0.3191489361702128,3867.728113725244,0.1,150,5,0.16311111111111112,0.0005819214286995325,0.001770050760138639,0.0
mtd_ai,200,0.005051329798198596,0.375,4673.911457445738,0.15,150,5,0.16311111111111112,0.0005819214286995325,0.001770050760138639,0.0
mtd_ai,200,0.005051329798198596,0.3614457831325301,6935.747925452793,0.2,150,5,0.16311111111111112,0.0005819214286995325,0.001770050760138639,0.0
mtd_ai,200,0.005051329798198596,0.4032258064516129,7187.804275947334,0.25,150,5,0.16311111111111112,0.0005819214286995325,0.001770050760138639,0.0
mtd_ai,200,0.005043794031515686,0.22727272727272727,2540.720927893135,0.05,150,5,0.11333333333333333,0.1129991257995197,0.42581216736075106,0.0
mtd_ai,200,0.005043794031515686,0.3191489361702128,3334.087631854694,0.1,150,5,0.11333333333333333,0.1129991257995197,0.42581216736075106,0.0
mtd_ai,200,0.005043794031515686,0.34615384615384615,4970.150107219673,0.15,150,5,0.11333333333333333,0.1129991257995197,0.42581216736075106,0.0
mtd_ai,200,0.005043794031515686,0.379746835443038,5865.206965903108,0.2,150,5,0.11333333333333333,0.1129991257995197,0.42581216736075106,0.0
mtd_ai,200,0.005043794031515686,0.42134831460674155,6430.31187570339,0.25,150,5,0.11333333333333333,0.1129991257995197,0.42581216736075106,0.0
mtd_ai,200,0.005070382612882656,0.3125,1968.3769100581362,0.05,150,5,0.14444444444444446,0.4531926058578072,1.8260327655091746,0.0
mtd_ai,200,0.005070382612882656,0.2830188679245283,3821.3277886766105,0.1,150,5,0.14444444444444446,0.4531926058578072,1.8260327655091746,0.0
mtd_ai,200,0.005070382612882656,0.31690140845070425,4874.8091219189555,0.15,150,5,0.14444444444444446,0.4531926058578072,1.8260327655091746,0.0
mtd_ai,200,0.005070382612882656,0.3614457831325301,5485.636706525467,0.2,150,5,0.14444444444444446,0.4531926058578072,1.8260327655091746,0.0
mtd_ai,200,0.005070382612882656,0.41208791208791207,5765.12312210082,0.25,150,5,0.14444444444444446,0.4531926058578072,1.8260327655091746,0.0
mtd_ai,200,0.005061865355328014,0.3,2681.8870046415204,0.05,150,5,0.11,2.702071926266862,6.362441638452895,0.0
mtd_ai,200,0.005061865355328014,0.375,3833.587019252286,0.1,150,5,0.11,2.702071926266862,6.362441638452895,0.0
mtd_ai,200,0.005061865355328014,0.4411764705882353,4484.914963397154,0.15,150,5,0.11,2.702071926266862,6.362441638452895,0.0
mtd_ai,200,0.005061865355328014,0.46875,5379.523054402083,0.2,150,5,0.11,2.702071926266862,6.362441638452895,0.0
mtd_ai,200,0.005061865355328014,0.487012987012987,5882.603988807059,0.25,150,5,0.11,2.702071926266862,6.362441638452895,0.0
mtd_ai,200,0.005054459696165193,0.3409090909090909,1846.7501785914126,0.05,150,5,0.14388888888888887,0.21909052462724465,0.7578424176180566,0.0
mtd_ai,200,0.005054459696165193,0.38461538461538464,3244.97892668815,0.1,150,5,0.14388888888888887,0.21909052462724465,0.7578424176180566,0.0
mtd_ai,200,0.005054459696165193,0.46875,3558.2631584245346,0.15,150,5,0.14388888888888887,0.21909052462724465,0.7578424176180566,0.0
mtd_ai,200,0.005054459696165193,0.4838709677419355,4412.909690079787,0.2,150,5,0.14388888888888887,0.21909052462724465,0.7578424176180566,0.0
mtd_ai,200,0.005054459696165193,0.5,5123.916673460433,0.25,150,5,0.14388888888888887,0.21909052462724465,0.7578424176180566,0.0
mtd_ai,200,0.00505442768345993,0.28846153846153844,3062.1111084048707,0.05,150,5,0.14705882352941177,0.9005589073327829,1.702630640228724,0.0
mtd_ai,200,0.00505442768345993,0.3333333333333333,4613.546933713194,0.1,150,5,0.14705882352941177,0.9005589073327829,1.702630640228724,0.0
mtd_ai,200,0.00505442768345993,0.4017857142857143,5094.829802388498,0.15,150,5,0.14705882352941177,0.9005589073327829,1.702630640228724,0.0
mtd_ai,200,0.00505442768345993,0.42857142857142855,5919.145216628731,0.2,150,5,0.14705882352941177,0.9005589073327829,1.702630640228724,0.0
mtd_ai,200,0.00505442768345993,0.45180722891566266,6931.063002727521,0.25,150,5,0.14705882352941177,0.9005589073327829,1.702630640228724,0.0
mtd_ai,200,0.005049079606831877,0.26785714285714285,2432.4862380942795,0.05,150,5,0.10666666666666667,1.4571471590855976,2.5737360262248066,0.0
mtd_ai,200,0.005049079606831877,0.375,3076.4627960217886,0.1,150,5,0.10666666666666667,1.4571471590855976,2.5737360262248066,0.0
mtd_ai,200,0.005049079606831877,0.375,4205.5164501512245,0.15,150,5,0.10666666666666667,1.4571471590855976,2.5737360262248066,0.0
mtd_ai,200,0.005049079606831877,0.410958904109589,5196.492023560062,0.2,150,5,0.10666666666666667,1.4571471590855976,2.5737360262248066,0.0
mtd_ai,200,0.005049079606831877,0.42134831460674155,5851.954730567357,0.25,150,5,0.10666666666666667,1.4571471590855976,2.5737360262248066,0.0
mtd_ai,200,0.0050458837537923455,0.20833333333333334,3124.4839951301483,0.05,150,5,0.10555555555555556,0.36386452929905966,0.5169897131945137,0.0
mtd_ai,200,0.0050458837537923455,0.22727272727272727,6725.658654108356,0.1,150,5,0.10555555555555556,0.36386452929905966,0.5169897131945137,0.0
mtd_ai,200,0.0050458837537923455,0.28846153846153844,7266.809420740476,0.15,150,5,0.10555555555555556,0.36386452929905966,0.5169897131945137,0.0
mtd_ai,200,0.0050458837537923455,0.3333333333333333,7761.225614082312,0.2,150,5,0.10555555555555556,0.36386452929905966,0.5169897131945137,0.0
mtd_ai,200,0.0050458837537923455,0.3712871287128713,8101.15449040911,0.25,150,5,0.10555555555555556,0.36386452929905966,0.5169897131945137,0.0
mtd_ai,200,0.005042217099741133,0.3409090909090909,2193.7252959857924,0.05,150,5,0.12166666666666667,5.292161893471934e-05,0.000213839467226918,0.0
mtd_ai,200,0.005042217099741133,0.4166666666666667,3639.401229982263,0.1,150,5,0.12166666666666667,5.292161893471934e-05,0.000213839467226918,0.0
mtd_ai,200,0.005042217099741133,0.45918367346938777,4673.433011524723,0.15,150,5,0.12166666666666667,5.292161893471934e-05,0.000213839467226918,0.0
mtd_ai,200,0.005042217099741133,0.44776119402985076,5949.12690300855,0.2,150,5,0.12166666666666667,5.292161893471934e-05,0.000213839467226918,0.0
mtd_ai,200,0.005042217099741133,0.5067567567567568,6265.795687673316,0.25,150,5,0.12166666666666667,5.292161893471934e-05,0.000213839467226918,0.0
mtd_ai,200,0.00506310371750107,0.3409090909090909,1868.9875806125108,0.05,150,5,0.09666666666666666,1.0306505616132278,2.8666716433865984,0.0
mtd_ai,200,0.00506310371750107,0.36585365853658536,3157.24171535995,0.1,150,5,0.09666666666666666,1.0306505616132278,2.8666716433865984,0.0
mtd_ai,200,0.00506310371750107,0.4090909090909091,4120.170167315529,0.15,150,5,0.09666666666666666,1.0306505616132278,2.8666716433865984,0.0
mtd_ai,200,0.00506310371750107,0.43478260869565216,5469.669693358546,0.2,150,5,0.09666666666666666,1.0306505616132278,2.8666716433865984,0.0
mtd_ai,200,0.00506310371750107,0.46875,6223.19593468964,0.25,150,5,0.09666666666666666,1.0306505616132278,2.8666716433865984,0.0
mtd_ai,200,0.005063067584259644,0.32608695652173914,2085.2698358325065,0.05,150,5,0.12666666666666668,1.2109594866715947,3.6867946935849054,0.0
mtd_ai,200,0.005063067584259644,0.32608695652173914,4381.313828037541,0.1,150,5,0.12666666666666668,1.2109594866715947,3.6867946935849054,0.0
mtd_ai,200,0.005063067584259644,0.3813559322033898,5115.223261436517,0.15,150,5,0.12666666666666668,1.2109594866715947,3.6867946935849054,0.0
mtd_ai,200,0.005063067584259644,0.42857142857142855,5778.4417893531045,0.2,150,5,0.12666666666666668,1.2109594866715947,3.6867946935849054,0.0
mtd_ai,200,0.005063067584259644,0.46296296296296297,6090.336035888518,0.25,150,5,0.12666666666666668,1.2109594866715947,3.6867946935849054,0.0
mtd_ai,200,0.0050392474027062565,0.28846153846153844,2740.089822974117,0.05,150,5,0.1769312169312169,0.14932878099382454,0.48852948852802613,0.0
mtd_ai,200,0.0050392474027062565,0.3191489361702128,4448.463593352839,0.1,150,5,0.1769312169312169,0.14932878099382454,0.48852948852802613,0.0
mtd_ai,200,0.0050392474027062565,0.375,4979.606433769744,0.15,150,5,0.1769312169312169,0.14932878099382454,0.48852948852802613,0.0
mtd_ai,200,0.0050392474027062565,0.40540540540540543,5728.430242631283,0.2,150,5,0.1769312169312169,0.14932878099382454,0.48852948852802613,0.0
mtd_ai,200,0.0050392474027062565,0.45180722891566266,6015.2439935815255,0.25,150,5,0.1769312169312169,0.14932878099382454,0.48852948852802613,0.0
mtd_ai,200,0.005052777316854004,0.32608695652173914,2332.500201681776,0.05,150,5,0.12,0.9088028032662867,3.6468769161748886,0.0
mtd_ai,200,0.005052777316854004,0.39473684210526316,3306.0818292344893,0.1,150,5,0.12,0.9088028032662867,3.6468769161748886,0.0
mtd_ai,200,0.005052777316854004,0.4411764705882353,4136.780249777061,0.15,150,5,0.12,0.9088028032662867,3.6468769161748886,0.0
mtd_ai,200,0.005052777316854004,0.4838709677419355,4906.993399852451,0.2,150,5,0.12,0.9088028032662867,3.6468769161748886,0.0
mtd_ai,200,0.005052777316854004,0.5136986301369864,5729.564638362217,0.25,150,5,0.12,0.9088028032662867,3.6468769161748886,0.0
mtd_ai,200,0.005072343836324919,0.3,2250.861170179519,0.05,150,5,0.13933333333333334,0.294839184225676,0.8869424519056052,0.0
mtd_ai,200,0.005072343836324919,0.39473684210526316,3146.5991850019336,0.1,150,5,0.13933333333333334,0.294839184225676,0.8869424519056052,0.0
mtd_ai,200,0.005072343836324919,0.46875,3687.6172417951716,0.15,150,5,0.13933333333333334,0.294839184225676,0.8869424519056052,0.0
mtd_ai,200,0.005072343836324919,0.47619047619047616,4644.653447656521,0.2,150,5,0.13933333333333334,0.294839184225676,0.8869424519056052,0.0
mtd_ai,200,0.005072343836324919,0.4934210526315789,5547.331515030763,0.25,150,5,0.13933333333333334,0.294839184225676,0.8869424519056052,0.0
mtd_ai,200,0.005046779384540039,0.4411764705882353,1613.6247881638153,0.05,150,5,0.11444444444444443,0.03007383080153807,0.04393122920068549,0.0
mtd_ai,200,0.005046779384540039,0.3333333333333333,3463.8715016673646,0.1,150,5,0.11444444444444443,0.03007383080153807,0.04393122920068549,0.0
mtd_ai,200,0.005046779384540039,0.3813559322033898,4494.9634584351425,0.15,150,5,0.11444444444444443,0.03007383080153807,0.04393122920068549,0.0
mtd_ai,200,0.005046779384540039,0.42857142857142855,4996.90913243489,0.2,150,5,0.11444444444444443,0.03007383080153807,0.04393122920068549,0.0
mtd_ai,200,0.005046779384540039,0.44642857142857145,6004.345748829541,0.25,150,5,0.11444444444444443,0.03007383080153807,0.04393122920068549,0.0
mtd_ai,200,0.0050669797817597065,0.32608695652173914,2393.8331560986553,0.05,150,5,0.13777777777777775,1.796654663213058,4.69287902482459,0.0
mtd_ai,200,0.0050669797817597065,0.35714285714285715,3926.752086624645,0.1,150,5,0.13777777777777775,1.796654663213058,4.69287902482459,0.0
mtd_ai,200,0.0050669797817597065,0.3813559322033898,5008.958584978028,0.15,150,5,0.13777777777777775,1.796654663213058,4.69287902482459,0.0
mtd_ai,200,0.0050669797817597065,0.4225352112676056,5586.006648764145,0.2,150,5,0.13777777777777775,1.796654663213058,4.69287902482459,0.0
mtd_ai,200,0.0050669797817597065,0.46875,6095.392150118075,0.25,150,5,0.13777777777777775,1.796654663213058,4.69287902482459,0.0
mtd_ai,200,0.005082805259757238,0.375,1640.1274418408934,0.05,150,5,0.10944444444444446,0.3782775724401948,0.9050677685585478,0.0
mtd_ai,200,0.005082805259757238,0.46875,2218.0503840546057,0.1,150,5,0.10944444444444446,0.3782775724401948,0.9050677685585478,0.0
mtd_ai,200,0.005082805259757238,0.5113636363636364,3030.4239445109547,0.15,150,5,0.10944444444444446,0.3782775724401948,0.9050677685585478,0.0
mtd_ai,200,0.005082805259757238,0.4838709677419355,4754.036757014674,0.2,150,5,0.10944444444444446,0.3782775724401948,0.9050677685585478,0.0
mtd_ai,200,0.005082805259757238,0.5208333333333334,5452.1658277115475,0.25,150,5,0.10944444444444446,0.3782775724401948,0.9050677685585478,0.0
mtd_ai,200,0.005041094283422498,0.25862068965517243,2956.7526216425586,0.05,150,5,0.16666666666666666,1.4685085485402343,4.240587246335777,-4.064516129032258
mtd_ai,200,0.005041094283422498,0.3409090909090909,4019.109655750791,0.1,150,5,0.16666666666666666,1.4685085485402343,4.240587246335777,-4.064516129032258
mtd_ai,200,0.005041094283422498,0.4090909090909091,4639.3496324630405,0.15,150,5,0.16666666666666666,1.4685085485402343,4.240587246335777,-4.064516129032258
mtd_ai,200,0.005041094283422498,0.40540540540540543,5736.143487119996,0.2,150,5,0.16666666666666666,1.4685085485402343,4.240587246335777,-4.064516129032258
mtd_ai,200,0.005041094283422498,0.4411764705882353,6151.670721896216,0.25,150,5,0.16666666666666666,1.4685085485402343,4.240587246335777,-4.064516129032258
mtd_ai,200,0.00505666684685248,0.4411764705882353,1517.239863836106,0.05,150,5,0.1350952380952381,1.2565887277604626,4.799055068297558,0.0
mtd_ai,200,0.00505666684685248,0.46875,2472.2083020931495,0.1,150,5,0.1350952380952381,1.2565887277604626,4.799055068297558,0.0
mtd_ai,200,0.00505666684685248,0.5113636363636364,2997.0982082185033,0.15,150,5,0.1350952380952381,1.2565887277604626,4.799055068297558,0.0
mtd_ai,200,0.00505666684685248,0.5454545454545454,3406.822052353554,0.2,150,5,0.1350952380952381,1.2565887277604626,4.799055068297558,0.0
mtd_ai,200,0.00505666684685248,0.5597014925373134,4269.500944897003,0.25,150,5,0.1350952380952381,1.2565887277604626,4.799055068297558,0.0
mtd_ai,200,0.005074840268363124,0.25862068965517243,3186.893350625064,0.05,150,5,0.14,0.760835220615116,3.1787416035881773,0.0
mtd_ai,200,0.005074840268363124,0.35714285714285715,4078.2035859999964,0.1,150,5,0.14,0.760835220615116,3.1787416035881773,0.0
mtd_ai,200,0.005074840268363124,0.4326923076923077,4578.970160438541,0.15,150,5,0.14,0.760835220615116,3.1787416035881773,0.0
mtd_ai,200,0.005074840268363124,0.44776119402985076,5469.723483515998,0.2,150,5,0.14,0.760835220615116,3.1787416035881773,0.0
mtd_ai,200,0.005074840268363124,0.47468354430379744,6129.230694694292,0.25,150,5,0.14,0.760835220615116,3.1787416035881773,0.0
mtd_ai,200,0.005034910548889382,0.32608695652173914,2188.357057723239,0.05,150,5,0.09833333333333333,3.4340481001218777,6.675764845241662,0.0
mtd_ai,200,0.005034910548889382,0.38461538461538464,3427.96526058625,0.1,150,5,0.09833333333333333,3.4340481001218777,6.675764845241662,0.0
mtd_ai,200,0.005034910548889382,0.4411764705882353,4377.873973801369,0.15,150,5,0.09833333333333333,3.4340481001218777,6.675764845241662,0.0
mtd_ai,200,0.005034910548889382,0.46875,5145.481331722455,0.2,150,5,0.09833333333333333,3.4340481001218777,6.675764845241662,0.0
mtd_ai,200,0.005034910548889382,0.5067567567567568,5470.41338102176,0.25,150,5,0.09833333333333333,3.4340481001218777,6.675764845241662,0.0
mtd_ai,200,0.005060704514197415,0.25862068965517243,3507.009220854523,0.05,150,5,0.135,0.12368999937719376,0.5290794119712877,0.0
mtd_ai,200,0.005060704514197415,0.3333333333333333,4708.659670781698,0.1,150,5,0.135,0.12368999937719376,0.5290794119712877,0.0
mtd_ai,200,0.005060704514197415,0.39473684210526316,5379.156278526698,0.15,150,5,0.135,0.12368999937719376,0.5290794119712877,0.0
mtd_ai,200,0.005060704514197415,0.43478260869565216,6097.891937289491,0.2,150,5,0.135,0.12368999937719376,0.5290794119712877,0.0
mtd_ai,200,0.005060704514197415,0.46875,6762.184967244518,0.25,150,5,0.135,0.12368999937719376,0.5290794119712877,0.0
mtd_ai,200,0.005090094994799791,0.3409090909090909,2024.0596122075385,0.05,150,5,0.1277777777777778,0.5973528019142765,2.4974391640045495,0.0
mtd_ai,200,0.005090094994799791,0.46875,2441.397450010865,0.1,150,5,0.1277777777777778,0.5973528019142765,2.4974391640045495,0.0
mtd_ai,200,0.005090094994799791,0.5,3165.5535144003647,0.15,150,5,0.1277777777777778,0.5973528019142765,2.4974391640045495,0.0
mtd_ai,200,0.005090094994799791,0.4411764705882353,4383.223419219547,0.2,150,5,0.1277777777777778,0.5973528019142765,2.4974391640045495,0.0
mtd_ai,200,0.005090094994799791,0.47468354430379744,4869.613679977237,0.25,150,5,0.1277777777777778,0.5973528019142765,2.4974391640045495,0.0
mtd_ai,200,0.005058604953773765,0.375,1870.5470116827253,0.05,150,5,0.10200000000000001,2.6517383458140924,2.5789966378046585,0.0
mtd_ai,200,0.005058604953773765,0.40540540540540543,2959.009865860179,0.1,150,5,0.10200000000000001,2.6517383458140924,2.5789966378046585,0.0
mtd_ai,200,0.005058604953773765,0.4891304347826087,3432.9421429916065,0.15,150,5,0.10200000000000001,2.6517383458140924,2.5789966378046585,0.0
mtd_ai,200,0.005058604953773765,0.5172413793103449,4168.627257273002,0.2,150,5,0.10200000000000001,2.6517383458140924,2.5789966378046585,0.0
mtd_ai,200,0.005058604953773765,0.5597014925373134,4871.63400284445,0.25,150,5,0.10200000000000001,2.6517383458140924,2.5789966378046585,0.0
mtd_ai,200,0.005057165863092327,0.39473684210526316,1842.6658852062587,0.05,150,5,0.16266666666666665,1.9929496009209098,5.861971243604973,0.0
mtd_ai,200,0.005057165863092327,0.36585365853658536,3536.014834327664,0.1,150,5,0.16266666666666665,1.9929496009209098,5.861971243604973,0.0
mtd_ai,200,0.005057165863092327,0.39473684210526316,4945.023530453773,0.15,150,5,0.16266666666666665,1.9929496009209098,5.861971243604973,0.0
mtd_ai,200,0.005057165863092327,0.4225352112676056,6117.742519570934,0.2,150,5,0.16266666666666665,1.9929496009209098,5.861971243604973,0.0
mtd_ai,200,0.005057165863092327,0.46875,6689.125524235804,0.25,150,5,0.16266666666666665,1.9929496009209098,5.861971243604973,0.0
mtd_ai,200,0.0050509173074836464,0.39473684210526316,1579.6167990168715,0.05,150,5,0.16333333333333333,0.6398728901415842,2.675499210392103,0.0
mtd_ai,200,0.0050509173074836464,0.28846153846153844,5945.723188233767,0.1,150,5,0.16333333333333333,0.6398728901415842,2.675499210392103,0.0
mtd_ai,200,0.0050509173074836464,0.34615384615384615,6656.82934802859,0.15,150,5,0.16333333333333333,0.6398728901415842,2.675499210392103,0.0
mtd_ai,200,0.0050509173074836464,0.36585365853658536,7638.359862319188,0.2,150,5,0.16333333333333333,0.6398728901415842,2.675499210392103,0.0
mtd_ai,200,0.0050509173074836464,0.41208791208791207,8185.377981515476,0.25,150,5,0.16333333333333333,0.6398728901415842,2.675499210392103,0.0
mtd_ai,200,0.005049631070991254,0.4411764705882353,1221.7669295191242,0.05,150,5,0.11777777777777779,0.034621574477963414,0.09773024076839612,0.0
mtd_ai,200,0.005049631070991254,0.35714285714285715,3559.0501988000806,0.1,150,5,0.11777777777777779,0.034621574477963414,0.09773024076839612,0.0
mtd_ai,200,0.005049631070991254,0.4090909090909091,4319.092168714543,0.15,150,5,0.11777777777777779,0.034621574477963414,0.09773024076839612,0.0
mtd_ai,200,0.005049631070991254,0.44776119402985076,5026.079017111082,0.2,150,5,0.11777777777777779,0.034621574477963414,0.09773024076839612,0.0
mtd_ai,200,0.005049631070991254,0.46296296296296297,6114.091297464893,0.25,150,5,0.11777777777777779,0.034621574477963414,0.09773024076839612,0.0
mtd_ai,200,0.005069851721230716,0.25862068965517243,2541.7543396301962,0.05,150,5,0.11111111111111112,0.3180011858616429,1.3226183622651997,0.0
mtd_ai,200,0.005069851721230716,0.3488372093023256,3636.0018263116717,0.1,150,5,0.11111111111111112,0.3180011858616429,1.3226183622651997,0.0
mtd_ai,200,0.005069851721230716,0.4166666666666667,4406.67179520617,0.15,150,5,0.11111111111111112,0.3180011858616429,1.3226183622651997,0.0
mtd_ai,200,0.005069851721230716,0.410958904109589,5996.891841959678,0.2,150,5,0.11111111111111112,0.3180011858616429,1.3226183622651997,0.0
mtd_ai,200,0.005069851721230716,0.45180722891566266,6560.635190007728,0.25,150,5,0.11111111111111112,0.3180011858616429,1.3226183622651997,0.0
mtd_ai,200,0.0050635619182336,0.25862068965517243,3052.4034604709113,0.05,150,5,0.13555555555555554,0.06330114810960695,0.2264595033943243,0.0
mtd_ai,200,0.0050635619182336,0.30612244897959184,4010.6087941669275,0.1,150,5,0.13555555555555554,0.06330114810960695,0.2264595033943243,0.0
mtd_ai,200,0.0050635619182336,0.3879310344827586,4614.1830960113875,0.15,150,5,0.13555555555555554,0.06330114810960695,0.2264595033943243,0.0
mtd_ai,200,0.0050635619182336,0.40540540540540543,5484.968730738974,0.2,150,5,0.13555555555555554,0.06330114810960695,0.2264595033943243,0.0
mtd_ai,200,0.0050635619182336,0.4573170731707317,5735.263584278086,0.25,150,5,0.13555555555555554,0.06330114810960695,0.2264595033943243,0.0
mtd_ai,200,0.005050762618169447,0.2777777777777778,2252.0980567321094,0.05,150,5,0.11555555555555555,0.7710784625225369,3.408036582308603,0.0
mtd_ai,200,0.005050762618169447,0.35714285714285715,3238.262497230632,0.1,150,5,0.11555555555555555,0.7710784625225369,3.408036582308603,0.0
mtd_ai,200,0.005050762618169447,0.3813559322033898,4371.056880440668,0.15,150,5,0.11555555555555555,0.7710784625225369,3.408036582308603,0.0
mtd_ai,200,0.005050762618169447,0.42857142857142855,4836.154209185173,0.2,150,5,0.11555555555555555,0.7710784625225369,3.408036582308603,0.0
mtd_ai,200,0.005050762618169447,0.4573170731707317,5599.082372707935,0.25,150,5,0.11555555555555555,0.7710784625225369,3.408036582308603,0.0
mtd_ai,200,0.005040650880824657,0.25862068965517243,3238.408967618074,0.05,150,5,0.11866666666666667,0.05694928405315717,0.1791198666636265,0.0
mtd_ai,200,0.005040650880824657,0.3409090909090909,4048.79413980537,0.1,150,5,0.11866666666666667,0.05694928405315717,0.1791198666636265,0.0
mtd_ai,200,0.005040650880824657,0.3879310344827586,4666.083615454043,0.15,150,5,0.11866666666666667,0.05694928405315717,0.1791198666636265,0.0
mtd_ai,200,0.005040650880824657,0.40540540540540543,6258.804001915278,0.2,150,5,0.11866666666666667,0.05694928405315717,0.1791198666636265,0.0
mtd_ai,200,0.005040650880824657,0.4411764705882353,6691.00515583901,0.25,150,5,0.11866666666666667,0.05694928405315717,0.1791198666636265,0.0
mtd_ai,200,0.005079413373357553,0.3409090909090909,2038.4075213899414,0.05,150,5,0.1408888888888889,1.5367801308496631,2.457903808847428,0.0
mtd_ai,200,0.005079413373357553,0.4166666666666667,2895.650944267285,0.1,150,5,0.1408888888888889,1.5367801308496631,2.457903808847428,0.0
mtd_ai,200,0.005079413373357553,0.45,4144.7586933350485,0.15,150,5,0.1408888888888889,1.5367801308496631,2.457903808847428,0.0
mtd_ai,200,0.005079413373357553,0.4838709677419355,5000.748802485805,0.2,150,5,0.1408888888888889,1.5367801308496631,2.457903808847428,0.0
mtd_ai,200,0.005079413373357553,0.5067567567567568,5575.753648190706,0.25,150,5,0.1408888888888889,1.5367801308496631,2.457903808847428,0.0
mtd_ai,200,0.005053622418258419,0.4166666666666667,1517.4747795252215,0.05,150,5,0.13333333333333333,1.4402839382381867,3.0464679667502517,0.0
mtd_ai,200,0.005053622418258419,0.46875,2497.721121579517,0.1,150,5,0.13333333333333333,1.4402839382381867,3.0464679667502517,0.0
mtd_ai,200,0.005053622418258419,0.5113636363636364,3323.829703909902,0.15,150,5,0.13333333333333333,1.4402839382381867,3.0464679667502517,0.0
mtd_ai,200,0.005053622418258419,0.5,4551.315189519738,0.2,150,5,0.13333333333333333,1.4402839382381867,3.0464679667502517,0.0
mtd_ai,200,0.005053622418258419,0.5,5080.978776255215,0.25,150,5,0.13333333333333333,1.4402839382381867,3.0464679667502517,0.0
mtd_ai,200,0.005068245198898377,0.3125,2363.204980487716,0.05,150,5,0.132,1.1772384983128747,4.4178971894032575,0.0
mtd_ai,200,0.005068245198898377,0.39473684210526316,3512.021411734815,0.1,150,5,0.132,1.1772384983128747,4.4178971894032575,0.0
mtd_ai,200,0.005068245198898377,0.45918367346938777,4133.025725552,0.15,150,5,0.132,1.1772384983128747,4.4178971894032575,0.0
mtd_ai,200,0.005068245198898377,0.46875,5251.036015032024,0.2,150,5,0.132,1.1772384983128747,4.4178971894032575,0.0
mtd_ai,200,0.005068245198898377,0.46296296296296297,6004.975584348225,0.25,150,5,0.132,1.1772384983128747,4.4178971894032575,0.0
mtd_ai,200,0.0050714116851561485,0.35714285714285715,2281.174183214415,0.05,150,5,0.12666666666666668,0.27077797888070504,1.1651010731402944,0.0
mtd_ai,200,0.0050714116851561485,0.3125,4459.589399181986,0.1,150,5,0.12666666666666668,0.27077797888070504,1.1651010731402944,0.0
mtd_ai,200,0.0050714116851561485,0.36885245901639346,5197.02035971241,0.15,150,5,0.12666666666666668,0.27077797888070504,1.1651010731402944,0.0
mtd_ai,200,0.0050714116851561485,0.410958904109589,5767.734379897387,0.2,150,5,0.12666666666666668,0.27077797888070504,1.1651010731402944,0.0
mtd_ai,200,0.0050714116851561485,0.44642857142857145,6174.59892223194,0.25,150,5,0.12666666666666668,0.27077797888070504,1.1651010731402944,0.0
mtd_ai,200,0.005066438341605279,0.3409090909090909,2309.423458092162,0.05,150,5,0.09333333333333334,3.9578256523153255,6.315277146460155,0.0
mtd_ai,200,0.005066438341605279,0.375,3865.277639645793,0.1,150,5,0.09333333333333334,3.9578256523153255,6.315277146460155,0.0
mtd_ai,200,0.005066438341605279,0.4411764705882353,4812.586157658659,0.15,150,5,0.09333333333333334,3.9578256523153255,6.315277146460155,0.0
mtd_ai,200,0.005066438341605279,0.4918032786885246,5365.077602613144,0.2,150,5,0.09333333333333334,3.9578256523153255,6.315277146460155,0.0
mtd_ai,200,0.005066438341605279,0.5208333333333334,6464.0415227514595,0.25,150,5,0.09333333333333334,3.9578256523153255,6.315277146460155,0.0
mtd_ai,200,0.00504169872201998,0.5,1356.5758077734135,0.05,150,5,0.13833333333333334,3.4870780338879244,5.674256894174683,0.0
mtd_ai,200,0.00504169872201998,0.45454545454545453,2554.784751371504,0.1,150,5,0.13833333333333334,3.4870780338879244,5.674256894174683,0.0
mtd_ai,200,0.00504169872201998,0.5,3505.0297627235905,0.15,150,5,0.13833333333333334,3.4870780338879244,5.674256894174683,0.0
mtd_ai,200,0.00504169872201998,0.5172413793103449,4863.606993211163,0.2,150,5,0.13833333333333334,3.4870780338879244,5.674256894174683,0.0
mtd_ai,200,0.00504169872201998,0.528169014084507,6009.98815653842,0.25,150,5,0.13833333333333334,3.4870780338879244,5.674256894174683,0.0
mtd_ai,200,0.005043249899186341,0.375,1911.06949440669,0.05,150,5,0.1,0.20621038670830186,0.7977844766344567,4.724137931034483
mtd_ai,200,0.005043249899186341,0.36585365853658536,3642.574596602207,0.1,150,5,0.1,0.20621038670830186,0.7977844766344567,4.724137931034483
mtd_ai,200,0.005043249899186341,0.4166666666666667,4689.154227939021,0.15,150,5,0.1,0.20621038670830186,0.7977844766344567,4.724137931034483
mtd_ai,200,0.005043249899186341,0.46875,5385.698484599045,0.2,150,5,0.1,0.20621038670830186,0.7977844766344567,4.724137931034483
mtd_ai,200,0.005043249899186341,0.5067567567567568,6113.501118274911,0.25,150,5,0.1,0.20621038670830186,0.7977844766344567,4.724137931034483
mtd_ai,200,0.005081341513881897,0.3,2127.59608307241,0.05,150,5,0.15833333333333333,0.1838899955305352,0.5662611497341142,0.0
mtd_ai,200,0.005081341513881897,0.39473684210526316,2912.863798104042,0.1,150,5,0.15833333333333333,0.1838899955305352,0.5662611497341142,0.0
mtd_ai,200,0.005081341513881897,0.4411764705882353,3749.6324281908296,0.15,150,5,0.15833333333333333,0.1838899955305352,0.5662611497341142,0.0
mtd_ai,200,0.005081341513881897,0.4411764705882353,4515.371002930089,0.2,150,5,0.15833333333333333,0.1838899955305352,0.5662611497341142,0.0
mtd_ai,200,0.005081341513881897,0.4807692307692308,5054.135527561064,0.25,150,5,0.15833333333333333,0.1838899955305352,0.5662611497341142,0.0
mtd_ai,200,0.005028200265965508,0.28846153846153844,2957.801506262067,0.05,150,5,0.3125,0.3120959114087508,0.9387949406072327,-3.35
mtd_ai,200,0.005028200265965508,0.3488372093023256,4445.392706598456,0.1,150,5,0.3125,0.3120959114087508,0.9387949406072327,-3.35
mtd_ai,200,0.005028200265965508,0.3813559322033898,5460.946560657198,0.15,150,5,0.3125,0.3120959114087508,0.9387949406072327,-3.35
mtd_ai,200,0.005028200265965508,0.36585365853658536,6559.28810568993,0.2,150,5,0.3125,0.3120959114087508,0.9387949406072327,-3.35
mtd_ai,200,0.005028200265965508,0.3605769230769231,7737.694441196463,0.25,150,5,0.3125,0.3120959114087508,0.9387949406072327,-3.35
mtd_ai,200,0.0050398990909153755,0.35714285714285715,2201.0932468551164,0.05,150,5,0.11644444444444446,2.929190796944604,3.651990200210423,0.0
mtd_ai,200,0.0050398990909153755,0.42857142857142855,3083.293428481934,0.1,150,5,0.11644444444444446,2.929190796944604,3.651990200210423,0.0
mtd_ai,200,0.0050398990909153755,0.46875,4329.497745468438,0.15,150,5,0.11644444444444446,2.929190796944604,3.651990200210423,0.0
mtd_ai,200,0.0050398990909153755,0.47619047619047616,5192.351157127377,0.2,150,5,0.11644444444444446,2.929190796944604,3.651990200210423,0.0
mtd_ai,200,0.0050398990909153755,0.487012987012987,5961.401219279873,0.25,150,5,0.11644444444444446,2.929190796944604,3.651990200210423,0.0
mtd_ai,200,0.005065047371250162,0.39473684210526316,1851.3368754104256,0.05,150,5,0.1608888888888889,0.2332874478026067,0.5246646263698672,0.0
mtd_ai,200,0.005065047371250162,0.35714285714285715,4105.618699816688,0.1,150,5,0.1608888888888889,0.2332874478026067,0.5246646263698672,0.0
mtd_ai,200,0.005065047371250162,0.3879310344827586,5486.222879295536,0.15,150,5,0.1608888888888889,0.2332874478026067,0.5246646263698672,0.0
mtd_ai,200,0.005065047371250162,0.4411764705882353,6062.57842366839,0.2,150,5,0.1608888888888889,0.2332874478026067,0.5246646263698672,0.0
mtd_ai,200,0.005065047371250162,0.5,6455.513998480241,0.25,150,5,0.1608888888888889,0.2332874478026067,0.5246646263698672,0.0
mtd_ai,200,0.005080375310869444,0.375,1962.8591780586073,0.05,150,5,0.11599999999999999,0.6355864555499758,1.3241792192262034,0.0
mtd_ai,200,0.005080375310869444,0.4411764705882353,3481.184340784097,0.1,150,5,0.11599999999999999,0.6355864555499758,1.3241792192262034,0.0
mtd_ai,200,0.005080375310869444,0.4891304347826087,4095.6771892623483,0.15,150,5,0.11599999999999999,0.6355864555499758,1.3241792192262034,0.0
mtd_ai,200,0.005080375310869444,0.4918032786885246,4975.010414024468,0.2,150,5,0.11599999999999999,0.6355864555499758,1.3241792192262034,0.0
mtd_ai,200,0.005080375310869444,0.5208333333333334,5557.793716058783,0.25,150,5,0.11599999999999999,0.6355864555499758,1.3241792192262034,0.0
mtd_ai,200,0.005075106055152101,0.18292682926829268,2754.6567151234485,0.05,150,5,0.13333333333333333,0.07895701306755015,0.3088808375809208,0.0
mtd_ai,200,0.005075106055152101,0.26785714285714285,3674.8461243452157,0.1,150,5,0.13333333333333333,0.07895701306755015,0.3088808375809208,0.0
mtd_ai,200,0.005075106055152101,0.33088235294117646,4633.643483893039,0.15,150,5,0.13333333333333333,0.07895701306755015,0.3088808375809208,0.0
mtd_ai,200,0.005075106055152101,0.375,5459.778638450438,0.2,150,5,0.13333333333333333,0.07895701306755015,0.3088808375809208,0.0
mtd_ai,200,0.005075106055152101,0.42134831460674155,5755.858983427253,0.25,150,5,0.13333333333333333,0.07895701306755015,0.3088808375809208,0.0
mtd_ai,200,0.005100122577653446,0.39473684210526316,1967.0834369984846,0.05,150,5,0.15811111111111112,0.3506708896468747,1.2695599043890644,0.0
mtd_ai,200,0.005100122577653446,0.4838709677419355,2624.2789456268906,0.1,150,5,0.15811111111111112,0.3506708896468747,1.2695599043890644,0.0
mtd_ai,200,0.005100122577653446,0.5769230769230769,3229.6606441973945,0.15,150,5,0.15811111111111112,0.3506708896468747,1.2695599043890644,0.0
mtd_ai,200,0.005100122577653446,0.6,3749.7839671258425,0.2,150,5,0.15811111111111112,0.3506708896468747,1.2695599043890644,0.0
mtd_ai,200,0.005100122577653446,0.625,4124.227407041512,0.25,150,5,0.15811111111111112,0.3506708896468747,1.2695599043890644,0.0
mtd_ai,200,0.005059067083797156,0.2777777777777778,3110.370865216988,0.05,150,5,0.12333333333333334,5.570568734340612,5.824983223921282,0.0
mtd_ai,200,0.005059067083797156,0.375,3967.8654434819464,0.1,150,5,0.12333333333333334,5.570568734340612,5.824983223921282,0.0
mtd_ai,200,0.005059067083797156,0.4411764705882353,4555.949919765562,0.15,150,5,0.12333333333333334,5.570568734340612,5.824983223921282,0.0
mtd_ai,200,0.005059067083797156,0.4838709677419355,5343.51901500804,0.2,150,5,0.12333333333333334,5.570568734340612,5.824983223921282,0.0
mtd_ai,200,0.005059067083797156,0.4807692307692308,6401.85605877321,0.25,150,5,0.12333333333333334,5.570568734340612,5.824983223921282,0.0
mtd_ai,200,0.005076738196578612,0.39473684210526316,1783.27643487714,0.05,150,5,0.17857142857142858,2.8148807107349776,6.616342058829936,0.0
mtd_ai,200,0.005076738196578612,0.46875,2562.242065889297,0.1,150,5,0.17857142857142858,2.8148807107349776,6.616342058829936,0.0
mtd_ai,200,0.005076738196578612,0.5,3692.93256561957,0.15,150,5,0.17857142857142858,2.8148807107349776,6.616342058829936,0.0
mtd_ai,200,0.005076738196578612,0.5172413793103449,4445.506451771779,0.2,150,5,0.17857142857142858,2.8148807107349776,6.616342058829936,0.0
mtd_ai,200,0.005076738196578612,0.5136986301369864,5239.609753204666,0.25,150,5,0.17857142857142858,2.8148807107349776,6.616342058829936,0.0
mtd_ai,200,0.005088977101812781,0.375,2114.809866973137,0.05,150,5,0.10111111111111112,0.5988003905986139,1.4740646723282511,0.0,0.44698471018914687,0.0,0.0
mtd_ai,200,0.005088977101812781,0.45454545454545453,2883.216165128936,0.1,150,5,0.10111111111111112,0.5988003905986139,1.4740646723282511,0.0,0.44698471018914687,0.0,0.0
mtd_ai,200,0.005088977101812781,0.5113636363636364,3579.6840565231105,0.15,150,5,0.10111111111111112,0.5988003905986139,1.4740646723282511,0.0,0.44698471018914687,0.0,0.0
mtd_ai,200,0.005088977101812781,0.5,4488.520669662375,0.2,150,5,0.10111111111111112,0.5988003905986139,1.4740646723282511,0.0,0.44698471018914687,0.0,0.0
mtd_ai,200,0.005088977101812781,0.5208333333333334,5159.783951706919,0.25,150,5,0.10111111111111112,0.5988003905986139,1.4740646723282511,0.0,0.44698471018914687,0.0,0.0
mtd_ai,200,0.005055529907862936,0.3,2291.7250754027664,0.05,150,5,0.2222222222222222,0.3631934516814679,1.1648048611971367,0.0,0.49925977193628096,0.0,0.0
mtd_ai,200,0.005055529907862936,0.38461538461538464,3214.848503949276,0.1,150,5,0.2222222222222222,0.3631934516814679,1.1648048611971367,0.0,0.49925977193628096,0.0,0.0
mtd_ai,200,0.005055529907862936,0.39473684210526316,4611.476689914936,0.15,150,5,0.2222222222222222,0.3631934516814679,1.1648048611971367,0.0,0.49925977193628096,0.0,0.0
mtd_ai,200,0.005055529907862936,0.3333333333333333,6243.128481332142,0.2,150,5,0.2222222222222222,0.3631934516814679,1.1648048611971367,0.0,0.49925977193628096,0.0,0.0
mtd_ai,200,0.005055529907862936,0.35714285714285715,7160.120305259166,0.25,150,5,0.2222222222222222,0.3631934516814679,1.1648048611971367,0.0,0.49925977193628096,0.0,0.0
mtd_ai,200,0.0050677808668263945,0.3,2588.823466484975,0.05,150,5,0.17755555555555555,0.8081122200733988,2.1953646825154687,0.0,0.4990310154020154,0.0,0.0
mtd_ai,200,0.0050677808668263945,0.36585365853658536,3950.053090082619,0.1,150,5,0.17755555555555555,0.8081122200733988,2.1953646825154687,0.0,0.4990310154020154,0.0,0.0
mtd_ai,200,0.0050677808668263945,0.4326923076923077,4558.271000715043,0.15,150,5,0.17755555555555555,0.8081122200733988,2.1953646825154687,0.0,0.4990310154020154,0.0,0.0
mtd_ai,200,0.0050677808668263945,0.45454545454545453,5404.591595421631,0.2,150,5,0.17755555555555555,0.8081122200733988,2.1953646825154687,0.0,0.4990310154020154,0.0,0.0
mtd_ai,200,0.0050677808668263945,0.4807692307692308,5780.813739039657,0.25,150,5,0.17755555555555555,0.8081122200733988,2.1953646825154687,0.0,0.4990310154020154,0.0,0.0
mtd_ai,200,0.005067864551884837,0.26785714285714285,2562.366502545848,0.05,150,5,0.08695652173913043,0.4570675640157379,1.81443067549153,0.0,0.49806418121184354,0.0,0.0
mtd_ai,200,0.005067864551884837,0.3409090909090909,4220.010074656712,0.1,150,5,0.08695652173913043,0.4570675640157379,1.81443067549153,0.0,0.49806418121184354,0.0,0.0
mtd_ai,200,0.005067864551884837,0.42452830188679247,4749.8387109273835,0.15,150,5,0.08695652173913043,0.4570675640157379,1.81443067549153,0.0,0.49806418121184354,0.0,0.0
mtd_ai,200,0.005067864551884837,0.46153846153846156,5378.538152027679,0.2,150,5,0.08695652173913043,0.4570675640157379,1.81443067549153,0.0,0.49806418121184354,0.0,0.0
mtd_ai,200,0.005067864551884837,0.5,5985.0005717626,0.25,150,5,0.08695652173913043,0.4570675640157379,1.81443067549153,0.0,0.49806418121184354,0.0,0.0
mtd_ai,200,0.005068623667234841,0.28846153846153844,2485.292342324273,0.05,150,5,0.16880952380952383,1.062754225968094,3.329967127964651,0.0,0.5056131924065814,0.0,0.0
mtd_ai,200,0.005068623667234841,0.3125,4183.086103677521,0.1,150,5,0.16880952380952383,1.062754225968094,3.329967127964651,0.0,0.5056131924065814,0.0,0.0
mtd_ai,200,0.005068623667234841,0.375,4634.884005173741,0.15,150,5,0.16880952380952383,1.062754225968094,3.329967127964651,0.0,0.5056131924065814,0.0,0.0
mtd_ai,200,0.005068623667234841,0.4,5469.360327007334,0.2,150,5,0.16880952380952383,1.062754225968094,3.329967127964651,0.0,0.5056131924065814,0.0,0.0
mtd_ai,200,0.005068623667234841,0.42613636363636365,6159.846087605003,0.25,150,5,0.16880952380952383,1.062754225968094,3.329967127964651,0.0,0.5056131924065814,0.0,0.0
mtd_ai,200,0.005071955005370393,0.26785714285714285,2349.625733941465,0.05,150,5,0.11,1.0987433057604339,1.3521581216008909,0.0,0.5287099546650738,0.0,0.0
mtd_ai,200,0.005071955005370393,0.3,3726.5093272575987,0.1,150,5,0.11,1.0987433057604339,1.3521581216008909,0.0,0.5287099546650738,0.0,0.0
mtd_ai,200,0.005071955005370393,0.3629032258064516,4401.822934837526,0.15,150,5,0.11,1.0987433057604339,1.3521581216008909,0.0,0.5287099546650738,0.0,0.0
mtd_ai,200,0.005071955005370393,0.4166666666666667,4940.367492746204,0.2,150,5,0.11,1.0987433057604339,1.3521581216008909,0.0,0.5287099546650738,0.0,0.0
mtd_ai,200,0.005071955005370393,0.4411764705882353,5479.186406978717,0.25,150,5,0.11,1.0987433057604339,1.3521581216008909,0.0,0.5287099546650738,0.0,0.0
mtd_ai,200,0.005074365948157406,0.35714285714285715,1874.1876838666888,0.05,150,5,0.12682539682539684,0.5114006269603845,1.2184814602672536,0.0,0.4972240766249911,0.0,0.0
mtd_ai,200,0.005074365948157406,0.375,2874.1607436850263,0.1,150,5,0.12682539682539684,0.5114006269603845,1.2184814602672536,0.0,0.4972240766249911,0.0,0.0
mtd_ai,200,0.005074365948157406,0.42452830188679247,3669.761461591912,0.15,150,5,0.12682539682539684,0.5114006269603845,1.2184814602672536,0.0,0.4972240766249911,0.0,0.0
mtd_ai,200,0.005074365948157406,0.42857142857142855,4967.488027982241,0.2,150,5,0.12682539682539684,0.5114006269603845,1.2184814602672536,0.0,0.4972240766249911,0.0,0.0
mtd_ai,200,0.005074365948157406,0.4076086956521739,6254.927227352929,0.25,150,5,0.12682539682539684,0.5114006269603845,1.2184814602672536,0.0,0.4972240766249911,0.0,0.0
mtd_ai,200,0.005066568740261142,0.4411764705882353,1421.454031006071,0.05,150,5,0.11722222222222221,0.7622543205405942,2.5779215508552547,0.0,0.4638086196181707,0.0,0.0
mtd_ai,200,0.005066568740261142,0.38461538461538464,3104.596262799274,0.1,150,5,0.11722222222222221,0.7622543205405942,2.5779215508552547,0.0,0.4638086196181707,0.0,0.0
mtd_ai,200,0.005066568740261142,0.42452830188679247,4176.850608182818,0.15,150,5,0.11722222222222221,0.7622543205405942,2.5779215508552547,0.0,0.4638086196181707,0.0,0.0
mtd_ai,200,0.005066568740261142,0.38961038961038963,5259.28230128,0.2,150,5,0.11722222222222221,0.7622543205405942,2.5779215508552547,0.0,0.4638086196181707,0.0,0.0
mtd_ai,200,0.005066568740261142,0.4032258064516129,5878.90952245386,0.25,150,5,0.11722222222222221,0.7622543205405942,2.5779215508552547,0.0,0.4638086196181707,0.0,0.0
mtd_ai,200,0.005065532732348771,0.3409090909090909,2286.8070251606555,0.05,150,5,0.11944444444444442,0.46297011853641495,0.4864968497523339,0.0,0.5062372914856783,0.0,0.0
mtd_ai,200,0.005065532732348771,0.4411764705882353,2942.706249764502,0.1,150,5,0.11944444444444442,0.46297011853641495,0.4864968497523339,0.0,0.5062372914856783,0.0,0.0
mtd_ai,200,0.005065532732348771,0.3409090909090909,4472.983406469299,0.15,150,5,0.11944444444444442,0.46297011853641495,0.4864968497523339,0.0,0.5062372914856783,0.0,0.0
mtd_ai,200,0.005065532732348771,0.35714285714285715,5535.703670738822,0.2,150,5,0.11944444444444442,0.46297011853641495,0.4864968497523339,0.0,0.5062372914856783,0.0,0.0
mtd_ai,200,0.005065532732348771,0.390625,6039.931347368284,0.25,150,5,0.11944444444444442,0.46297011853641495,0.4864968497523339,0.0,0.5062372914856783,0.0,0.0
mtd_ai,200,0.0050721757547299365,0.22058823529411764,2721.885138181202,0.05,150,5,0.17033333333333334,0.04751275795179207,0.15938580389822174,0.0,0.45494628375283874,0.0,0.0
mtd_ai,200,0.0050721757547299365,0.32608695652173914,3653.898844713902,0.1,150,5,0.17033333333333334,0.04751275795179207,0.15938580389822174,0.0,0.45494628375283874,0.0,0.0
mtd_ai,200,0.0050721757547299365,0.3813559322033898,4258.416492733908,0.15,150,5,0.17033333333333334,0.04751275795179207,0.15938580389822174,0.0,0.45494628375283874,0.0,0.0
mtd_ai,200,0.0050721757547299365,0.4166666666666667,4902.872782974063,0.2,150,5,0.17033333333333334,0.04751275795179207,0.15938580389822174,0.0,0.45494628375283874,0.0,0.0
mtd_ai,200,0.0050721757547299365,0.4411764705882353,5557.68206945241,0.25,150,5,0.17033333333333334,0.04751275795179207,0.15938580389822174,0.0,0.45494628375283874,0.0,0.0
mtd_ai,200,0.005050239914191507,0.39473684210526316,1721.5285921801294,0.05,150,5,0.11333333333333333,0.9820328793896105,4.106211651486986,0.0,0.4302483168839996,0.0,0.0
mtd_ai,200,0.005050239914191507,0.36585365853658536,3965.0081125222646,0.1,150,5,0.11333333333333333,0.9820328793896105,4.106211651486986,0.0,0.4302483168839996,0.0,0.0
mtd_ai,200,0.005050239914191507,0.4090909090909091,4790.326561467567,0.15,150,5,0.11333333333333333,0.9820328793896105,4.106211651486986,0.0,0.4302483168839996,0.0,0.0
mtd_ai,200,0.005050239914191507,0.4411764705882353,5241.480675304816,0.2,150,5,0.11333333333333333,0.9820328793896105,4.106211651486986,0.0,0.4302483168839996,0.0,0.0
mtd_ai,200,0.005050239914191507,0.4807692307692308,5790.407318710328,0.25,150,5,0.11333333333333333,0.9820328793896105,4.106211651486986,0.0,0.4302483168839996,0.0,0.0
mtd_ai,200,0.005071773259034048,0.375,1644.6032228695008,0.05,150,5,0.09333333333333334,1.3242580215516786,1.4466254040327735,0.0,0.49048705727357117,0.0,0.0
mtd_ai,200,0.005071773259034048,0.38461538461538464,3454.05529366258,0.1,150,5,0.09333333333333334,1.3242580215516786,1.4466254040327735,0.0,0.49048705727357117,0.0,0.0
mtd_ai,200,0.005071773259034048,0.4326923076923077,4764.579572946661,0.15,150,5,0.09333333333333334,1.3242580215516786,1.4466254040327735,0.0,0.49048705727357117,0.0,0.0
mtd_ai,200,0.005071773259034048,0.46875,5516.154423172673,0.2,150,5,0.09333333333333334,1.3242580215516786,1.4466254040327735,0.0,0.49048705727357117,0.0,0.0
mtd_ai,200,0.005071773259034048,0.5067567567567568,5825.546909381053,0.25,150,5,0.09333333333333334,1.3242580215516786,1.4466254040327735,0.0,0.49048705727357117,0.0,0.0
mtd_ai,200,0.005046782359540161,0.234375,2539.312513275796,0.05,150,5,0.14311111111111113,8.962361307667079,2.9359811150686292,0.0,0.47831041253116835,0.0,0.0
mtd_ai,200,0.005046782359540161,0.3488372093023256,2979.4355347714027,0.1,150,5,0.14311111111111113,8.962361307667079,2.9359811150686292,0.0,0.47831041253116835,0.0,0.0
mtd_ai,200,0.005046782359540161,0.3879310344827586,4090.430049771181,0.15,150,5,0.14311111111111113,8.962361307667079,2.9359811150686292,0.0,0.47831041253116835,0.0,0.0
mtd_ai,200,0.005046782359540161,0.4166666666666667,4913.424991515225,0.2,150,5,0.14311111111111113,8.962361307667079,2.9359811150686292,0.0,0.47831041253116835,0.0,0.0
mtd_ai,200,0.005046782359540161,0.4076086956521739,5932.929419970997,0.25,150,5,0.14311111111111113,8.962361307667079,2.9359811150686292,0.0,0.47831041253116835,0.0,0.0
mtd_ai,200,0.005064723977403011,0.28846153846153844,2490.664597941439,0.05,150,5,0.09333333333333334,4.02693261257193,3.297836217533493,0.0,0.4939964981214976,0.0,0.0
mtd_ai,200,0.005064723977403011,0.36585365853658536,3981.739136940902,0.1,150,5,0.09333333333333334,4.02693261257193,3.297836217533493,0.0,0.4939964981214976,0.0,0.0
mtd_ai,200,0.005064723977403011,0.42452830188679247,4651.340766976781,0.15,150,5,0.09333333333333334,4.02693261257193,3.297836217533493,0.0,0.4939964981214976,0.0,0.0
mtd_ai,200,0.005064723977403011,0.47619047619047616,5389.5574124992,0.2,150,5,0.09333333333333334,4.02693261257193,3.297836217533493,0.0,0.4939964981214976,0.0,0.0
mtd_ai,200,0.005064723977403011,0.5067567567567568,6445.963453469723,0.25,150,5,0.09333333333333334,4.02693261257193,3.297836217533493,0.0,0.4939964981214976,0.0,0.0
mtd_ai,200,0.005048236579037704,0.26785714285714285,2819.508382626471,0.05,150,5,0.1488888888888889,0.5001307745560345,2.0891352143766913,0.0,0.5019691958538463,0.0,0.0
mtd_ai,200,0.005048236579037704,0.35714285714285715,3839.419888584401,0.1,150,5,0.1488888888888889,0.5001307745560345,2.0891352143766913,0.0,0.5019691958538463,0.0,0.0
mtd_ai,200,0.005048236579037704,0.4017857142857143,4963.97342912223,0.15,150,5,0.1488888888888889,0.5001307745560345,2.0891352143766913,0.0,0.5019691958538463,0.0,0.0
mtd_ai,200,0.005048236579037704,0.43478260869565216,5667.9958954346,0.2,150,5,0.1488888888888889,0.5001307745560345,2.0891352143766913,0.0,0.5019691958538463,0.0,0.0
mtd_ai,200,0.005048236579037704,0.47468354430379744,6041.344574309871,0.25,150,5,0.1488888888888889,0.5001307745560345,2.0891352143766913,0.0,0.5019691958538463,0.0,0.0
mtd_ai,200,0.005074755623998386,0.2777777777777778,2265.135464186321,0.05,150,5,0.12444444444444445,1.0415578423372922,3.5424507368516855,0.0,0.4548108270916259,0.0,0.0
mtd_ai,200,0.005074755623998386,0.3409090909090909,3201.5798086034383,0.1,150,5,0.12444444444444445,1.0415578423372922,3.5424507368516855,0.0,0.4548108270916259,0.0,0.0
mtd_ai,200,0.005074755623998386,0.36885245901639346,4321.545591008113,0.15,150,5,0.12444444444444445,1.0415578423372922,3.5424507368516855,0.0,0.4548108270916259,0.0,0.0
mtd_ai,200,0.005074755623998386,0.38961038961038963,5603.232822897513,0.2,150,5,0.12444444444444445,1.0415578423372922,3.5424507368516855,0.0,0.4548108270916259,0.0,0.0
mtd_ai,200,0.005074755623998386,0.436046511627907,6086.665625415071,0.25,150,5,0.12444444444444445,1.0415578423372922,3.5424507368516855,0.0,0.4548108270916259,0.0,0.0
mtd_ai,200,0.005078967088307292,0.3,2626.5390002899285,0.05,150,5,0.12176190476190478,2.06970957972383,6.0620987907022545,0.0,0.4709525233735374,0.0,0.0
mtd_ai,200,0.005078967088307292,0.42857142857142855,3198.2377787958176,0.1,150,5,0.12176190476190478,2.06970957972383,6.0620987907022545,0.0,0.4709525233735374,0.0,0.0
mtd_ai,200,0.005078967088307292,0.5,3851.244537674126,0.15,150,5,0.12176190476190478,2.06970957972383,6.0620987907022545,0.0,0.4709525233735374,0.0,0.0
mtd_ai,200,0.005078967088307292,0.5084745762711864,4948.828838428112,0.2,150,5,0.12176190476190478,2.06970957972383,6.0620987907022545,0.0,0.4709525233735374,0.0,0.0
mtd_ai,200,0.005078967088307292,0.5597014925373134,5295.6780382079905,0.25,150,5,0.12176190476190478,2.06970957972383,6.0620987907022545,0.0,0.4709525233735374,0.0,0.0
mtd_ai,200,0.005050973191539584,0.375,1905.2930853480473,0.05,150,5,0.13766666666666666,1.3744192395120662,4.947525019824158,0.0,0.49587178164213125,0.0,0.0
mtd_ai,200,0.005050973191539584,0.35714285714285715,4094.6218823370164,0.1,150,5,0.13766666666666666,1.3744192395120662,4.947525019824158,0.0,0.49587178164213125,0.0,0.0
mtd_ai,200,0.005050973191539584,0.375,5805.2769548902625,0.15,150,5,0.13766666666666666,1.3744192395120662,4.947525019824158,0.0,0.49587178164213125,0.0,0.0
mtd_ai,200,0.005050973191539584,0.2857142857142857,7767.606040087045,0.2,150,5,0.13766666666666666,1.3744192395120662,4.947525019824158,0.0,0.49587178164213125,0.0,0.0
mtd_ai,200,0.005050973191539584,0.3073770491803279,8403.453583564326,0.25,150,5,0.13766666666666666,1.3744192395120662,4.947525019824158,0.0,0.49587178164213125,0.0,0.0
mtd_ai,200,0.0050311186882109026,0.3125,2506.5861701060267,0.05,150,5,0.14285714285714285,0.7438886238923184,3.3330979341569904,-0.2,0.506809201834438,0.0,0.0
mtd_ai,200,0.0050311186882109026,0.36585365853658536,4334.4595318287975,0.1,150,5,0.14285714285714285,0.7438886238923184,3.3330979341569904,-0.2,0.506809201834438,0.0,0.0
mtd_ai,200,0.0050311186882109026,0.4017857142857143,5337.476318917932,0.15,150,5,0.14285714285714285,0.7438886238923184,3.3330979341569904,-0.2,0.506809201834438,0.0,0.0
mtd_ai,200,0.0050311186882109026,0.379746835443038,6519.418156604475,0.2,150,5,0.14285714285714285,0.7438886238923184,3.3330979341569904,-0.2,0.506809201834438,0.0,0.0
mtd_ai,200,0.0050311186882109026,0.36764705882352944,7373.012441941373,0.25,150,5,0.14285714285714285,0.7438886238923184,3.3330979341569904,-0.2,0.506809201834438,0.0,0.0
mtd_ai,200,0.005086979185843681,0.4411764705882353,1341.3043024361987,0.05,150,5,0.1802222222222222,0.6000980006711144,1.227081358882576,0.0,0.4471692509867834,0.0,0.0
mtd_ai,200,0.005086979185843681,0.40540540540540543,2951.9520097487994,0.1,150,5,0.1802222222222222,0.6000980006711144,1.227081358882576,0.0,0.4471692509867834,0.0,0.0
mtd_ai,200,0.005086979185843681,0.46875,3742.340859883384,0.15,150,5,0.1802222222222222,0.6000980006711144,1.227081358882576,0.0,0.4471692509867834,0.0,0.0
mtd_ai,200,0.005086979185843681,0.5,4290.7950748329,0.2,150,5,0.1802222222222222,0.6000980006711144,1.227081358882576,0.0,0.4471692509867834,0.0,0.0
mtd_ai,200,0.005086979185843681,0.5357142857142857,4912.879312578745,0.25,150,5,0.1802222222222222,0.6000980006711144,1.227081358882576,0.0,0.4471692509867834,0.0,0.0
mtd_ai,200,0.005040756088287111,0.46875,1232.8989249070853,0.05,150,5,0.13688888888888887,1.1802439235223439,4.282698126254768,0.0,0.4598125156130905,0.0,0.0
mtd_ai,200,0.005040756088287111,0.46875,2692.188909466823,0.1,150,5,0.13688888888888887,1.1802439235223439,4.282698126254768,0.0,0.4598125156130905,0.0,0.0
mtd_ai,200,0.005040756088287111,0.46875,3739.2415269201983,0.15,150,5,0.13688888888888887,1.1802439235223439,4.282698126254768,0.0,0.4598125156130905,0.0,0.0
mtd_ai,200,0.005040756088287111,0.4838709677419355,4650.702421025994,0.2,150,5,0.13688888888888887,1.1802439235223439,4.282698126254768,0.0,0.4598125156130905,0.0,0.0
mtd_ai,200,0.005040756088287111,0.487012987012987,5608.8908512084,0.25,150,5,0.13688888888888887,1.1802439235223439,4.282698126254768,0.0,0.4598125156130905,0.0,0.0
mtd_ai,200,0.005090196379985712,0.3,2267.600737428885,0.05,150,5,0.12666666666666668,0.44274768745514287,1.4220449687337697,0.0,0.49065588952664035,0.0,0.0
mtd_ai,200,0.005090196379985712,0.38461538461538464,3305.030186541313,0.1,150,5,0.12666666666666668,0.44274768745514287,1.4220449687337697,0.0,0.49065588952664035,0.0,0.0
mtd_ai,200,0.005090196379985712,0.4166666666666667,4098.514170252678,0.15,150,5,0.12666666666666668,0.44274768745514287,1.4220449687337697,0.0,0.49065588952664035,0.0,0.0
mtd_ai,200,0.005090196379985712,0.4838709677419355,4417.464421321599,0.2,150,5,0.12666666666666668,0.44274768745514287,1.4220449687337697,0.0,0.49065588952664035,0.0,0.0
mtd_ai,200,0.005090196379985712,0.5208333333333334,5125.374571602466,0.25,150,5,0.12666666666666668,0.44274768745514287,1.4220449687337697,0.0,0.49065588952664035,0.0,0.0
mtd_ai,200,0.005064242065125894,0.3,2688.2594604831597,0.05,150,5,0.15222222222222223,0.9297746376827792,3.2985446671922216,0.0,0.5094300921100969,0.0,0.0
mtd_ai,200,0.005064242065125894,0.39473684210526316,3471.344454236743,0.1,150,5,0.15222222222222223,0.9297746376827792,3.2985446671922216,0.0,0.5094300921100969,0.0,0.0
mtd_ai,200,0.005064242065125894,0.3879310344827586,4449.212667335067,0.15,150,5,0.15222222222222223,0.9297746376827792,3.2985446671922216,0.0,0.5094300921100969,0.0,0.0
mtd_ai,200,0.005064242065125894,0.4225352112676056,5353.851369676791,0.2,150,5,0.15222222222222223,0.9297746376827792,3.2985446671922216,0.0,0.5094300921100969,0.0,0.0
mtd_ai,200,0.005064242065125894,0.42134831460674155,6395.713585573456,0.25,150,5,0.15222222222222223,0.9297746376827792,3.2985446671922216,0.0,0.5094300921100969,0.0,0.0
mtd_ai,200,0.005090507748407527,0.375,1826.8400286235565,0.05,150,5,0.11111111111111112,0.8505825627926594,3.641898368661946,0.0,0.4515160018795204,0.0,0.0
mtd_ai,200,0.005090507748407527,0.4166666666666667,3164.679353266857,0.1,150,5,0.11111111111111112,0.8505825627926594,3.641898368661946,0.0,0.4515160018795204,0.0,0.0
mtd_ai,200,0.005090507748407527,0.45918367346938777,3632.4222341090654,0.15,150,5,0.11111111111111112,0.8505825627926594,3.641898368661946,0.0,0.4515160018795204,0.0,0.0
mtd_ai,200,0.005090507748407527,0.47619047619047616,4313.083328374193,0.2,150,5,0.11111111111111112,0.8505825627926594,3.641898368661946,0.0,0.4515160018795204,0.0,0.0
mtd_ai,200,0.005090507748407527,0.4807692307692308,5047.189693090977,0.25,150,5,0.11111111111111112,0.8505825627926594,3.641898368661946,0.0,0.4515160018795204,0.0,0.0
mtd_ai,200,0.005067414487973297,0.32608695652173914,2307.736693004227,0.05,150,5,0.09533333333333334,0.013552158224491592,0.05591156742571929,0.0,0.469615722664002,0.0,0.0
mtd_ai,200,0.005067414487973297,0.35714285714285715,4206.450839937357,0.1,150,5,0.09533333333333334,0.013552158224491592,0.05591156742571929,0.0,0.469615722664002,0.0,0.0
mtd_ai,200,0.005067414487973297,0.42452830188679247,4870.059573311868,0.15,150,5,0.09533333333333334,0.013552158224491592,0.05591156742571929,0.0,0.469615722664002,0.0,0.0
mtd_ai,200,0.005067414487973297,0.45454545454545453,5758.450643935146,0.2,150,5,0.09533333333333334,0.013552158224491592,0.05591156742571929,0.0,0.469615722664002,0.0,0.0
mtd_ai,200,0.005067414487973297,0.4807692307692308,6833.850291395145,0.25,150,5,0.09533333333333334,0.013552158224491592,0.05591156742571929,0.0,0.469615722664002,0.0,0.0
mtd_ai,200,0.005046561612749764,0.32608695652173914,1674.8834678596386,0.05,150,5,0.13666666666666666,0.6651204903725535,2.9456643395211666,0.0,0.4987010287363633,0.0,0.0
mtd_ai,200,0.005046561612749764,0.40540540540540543,2439.4696799255785,0.1,150,5,0.13666666666666666,0.6651204903725535,2.9456643395211666,0.0,0.4987010287363633,0.0,0.0
mtd_ai,200,0.005046561612749764,0.4411764705882353,4102.487656528574,0.15,150,5,0.13666666666666666,0.6651204903725535,2.9456643395211666,0.0,0.4987010287363633,0.0,0.0
mtd_ai,200,0.005046561612749764,0.46153846153846156,4922.296316431866,0.2,150,5,0.13666666666666666,0.6651204903725535,2.9456643395211666,0.0,0.4987010287363633,0.0,0.0
mtd_ai,200,0.005046561612749764,0.487012987012987,5883.054787393887,0.25,150,5,0.13666666666666666,0.6651204903725535,2.9456643395211666,0.0,0.4987010287363633,0.0,0.0
mtd_ai,200,0.005034031917036269,0.26785714285714285,3024.7047015465378,0.05,150,5,0.10944444444444443,0.28864231159615644,1.1653954592809792,0.0,0.5058161212055109,0.0,0.0
mtd_ai,200,0.005034031917036269,0.3125,4854.5347168102735,0.1,150,5,0.10944444444444443,0.28864231159615644,1.1653954592809792,0.0,0.5058161212055109,0.0,0.0
mtd_ai,200,0.005034031917036269,0.3879310344827586,5237.168091917239,0.15,150,5,0.10944444444444443,0.28864231159615644,1.1653954592809792,0.0,0.5058161212055109,0.0,0.0
mtd_ai,200,0.005034031917036269,0.42857142857142855,5661.656664385054,0.2,150,5,0.10944444444444443,0.28864231159615644,1.1653954592809792,0.0,0.5058161212055109,0.0,0.0
mtd_ai,200,0.005034031917036269,0.436046511627907,6690.881299270379,0.25,150,5,0.10944444444444443,0.28864231159615644,1.1653954592809792,0.0,0.5058161212055109,0.0,0.0
mtd_ai,200,0.005054880293328425,0.234375,3645.620548135632,0.05,150,5,0.11844444444444444,1.3968478843072556,4.308326609808213,0.0,0.4672211014224474,0.0,0.0
mtd_ai,200,0.005054880293328425,0.3191489361702128,4506.24675165736,0.1,150,5,0.11844444444444444,1.3968478843072556,4.308326609808213,0.0,0.4672211014224474,0.0,0.0
mtd_ai,200,0.005054880293328425,0.3515625,5349.975335435151,0.15,150,5,0.11844444444444444,1.3968478843072556,4.308326609808213,0.0,0.4672211014224474,0.0,0.0
mtd_ai,200,0.005054880293328425,0.4,5973.487404180189,0.2,150,5,0.11844444444444444,1.3968478843072556,4.308326609808213,0.0,0.4672211014224474,0.0,0.0
mtd_ai,200,0.005054880293328425,0.4032258064516129,6681.604846770505,0.25,150,5,0.11844444444444444,1.3968478843072556,4.308326609808213,0.0,0.4672211014224474,0.0,0.0
mtd_ai,200,0.005088613966508287,0.32608695652173914,2404.557369325487,0.05,150,5,0.12666666666666668,0.822716905054061,3.592187846864145,0.0,0.48146163021817195,0.0,0.0
mtd_ai,200,0.005088613966508287,0.40540540540540543,3568.1777178789653,0.1,150,5,0.12666666666666668,0.822716905054061,3.592187846864145,0.0,0.48146163021817195,0.0,0.0
mtd_ai,200,0.005088613966508287,0.45918367346938777,4174.356942487385,0.15,150,5,0.12666666666666668,0.822716905054061,3.592187846864145,0.0,0.48146163021817195,0.0,0.0
mtd_ai,200,0.005088613966508287,0.5084745762711864,4719.691731647426,0.2,150,5,0.12666666666666668,0.822716905054061,3.592187846864145,0.0,0.48146163021817195,0.0,0.0
mtd_ai,200,0.005088613966508287,0.5357142857142857,5170.019251910718,0.25,150,5,0.12666666666666668,0.822716905054061,3.592187846864145,0.0,0.48146163021817195,0.0,0.0
mtd_ai,200,0.005080480205149516,0.35714285714285715,2292.5989564272368,0.05,150,5,0.13522222222222222,0.9750098417754641,3.959723760480387,0.0,0.5002248680866015,0.0,0.0
mtd_ai,200,0.005080480205149516,0.3409090909090909,4159.955229241032,0.1,150,5,0.13522222222222222,0.9750098417754641,3.959723760480387,0.0,0.5002248680866015,0.0,0.0
mtd_ai,200,0.005080480205149516,0.42452830188679247,4589.618350932553,0.15,150,5,0.13522222222222222,0.9750098417754641,3.959723760480387,0.0,0.5002248680866015,0.0,0.0
mtd_ai,200,0.005080480205149516,0.46875,4977.006499656672,0.2,150,5,0.13522222222222222,0.9750098417754641,3.959723760480387,0.0,0.5002248680866015,0.0,0.0
mtd_ai,200,0.005080480205149516,0.5067567567567568,5350.4214326469755,0.25,150,5,0.13522222222222222,0.9750098417754641,3.959723760480387,0.0,0.5002248680866015,0.0,0.0
mtd_ai,200,0.005049987456914686,0.46875,1309.6101486887749,0.05,150,5,0.16666666666666666,0.8105580714711316,1.9989559544338236,0.0,0.5137161002911967,0.0,0.0
mtd_ai,200,0.005049987456914686,0.40540540540540543,2643.653737413678,0.1,150,5,0.16666666666666666,0.8105580714711316,1.9989559544338236,0.0,0.5137161002911967,0.0,0.0
mtd_ai,200,0.005049987456914686,0.45,3658.3633332087184,0.15,150,5,0.16666666666666666,0.8105580714711316,1.9989559544338236,0.0,0.5137161002911967,0.0,0.0
mtd_ai,200,0.005049987456914686,0.4918032786885246,4311.369363612809,0.2,150,5,0.16666666666666666,0.8105580714711316,1.9989559544338236,0.0,0.5137161002911967,0.0,0.0
mtd_ai,200,0.005049987456914686,0.528169014084507,4937.435865925608,0.25,150,5,0.16666666666666666,0.8105580714711316,1.9989559544338236,0.0,0.5137161002911967,0.0,0.0
mtd_ai,200,0.005067962592520631,0.3125,2641.467181847711,0.05,150,5,0.07777777777777778,0.6973193727623797,1.602658767235274,0.0,0.4648904192461925,0.0,0.0
mtd_ai,200,0.005067962592520631,0.3333333333333333,4375.3964235025005,0.1,150,5,0.07777777777777778,0.6973193727623797,1.602658767235274,0.0,0.4648904192461925,0.0,0.0
mtd_ai,200,0.005067962592520631,0.4090909090909091,4995.401582063207,0.15,150,5,0.07777777777777778,0.6973193727623797,1.602658767235274,0.0,0.4648904192461925,0.0,0.0
mtd_ai,200,0.005067962592520631,0.44776119402985076,5626.517500848146,0.2,150,5,0.07777777777777778,0.6973193727623797,1.602658767235274,0.0,0.4648904192461925,0.0,0.0
mtd_ai,200,0.005067962592520631,0.45180722891566266,6596.701941501201,0.25,150,5,0.07777777777777778,0.6973193727623797,1.602658767235274,0.0,0.4648904192461925,0.0,0.0
mtd_ai,200,0.005067634578129903,0.4411764705882353,1430.757662961727,0.05,150,5,0.15476190476190477,5.408237948236725,6.442774146167408,0.0,0.46149678605657296,0.0,0.0
mtd_ai,200,0.005067634578129903,0.5,2485.8676018183987,0.1,150,5,0.15476190476190477,5.408237948236725,6.442774146167408,0.0,0.46149678605657296,0.0,0.0
mtd_ai,200,0.005067634578129903,0.5232558139534884,3586.112553471416,0.15,150,5,0.15476190476190477,5.408237948236725,6.442774146167408,0.0,0.46149678605657296,0.0,0.0
mtd_ai,200,0.005067634578129903,0.5454545454545454,4056.4022587509276,0.2,150,5,0.15476190476190477,5.408237948236725,6.442774146167408,0.0,0.46149678605657296,0.0,0.0
mtd_ai,200,0.005067634578129903,0.5769230769230769,4458.037296811261,0.25,150,5,0.15476190476190477,5.408237948236725,6.442774146167408,0.0,0.46149678605657296,0.0,0.0
mtd_ai,200,0.005033974157195113,0.28846153846153844,1806.533393328555,0.05,150,5,0.17111111111111113,0.07399389765579423,0.2998355654282047,0.0,0.46784584217294706,0.0,0.0
mtd_ai,200,0.005033974157195113,0.30612244897959184,4221.491853413308,0.1,150,5,0.17111111111111113,0.07399389765579423,0.2998355654282047,0.0,0.46784584217294706,0.0,0.0
mtd_ai,200,0.005033974157195113,0.375,5009.945706950167,0.15,150,5,0.17111111111111113,0.07399389765579423,0.2998355654282047,0.0,0.46784584217294706,0.0,0.0
mtd_ai,200,0.005033974157195113,0.4,5971.706323130646,0.2,150,5,0.17111111111111113,0.07399389765579423,0.2998355654282047,0.0,0.46784584217294706,0.0,0.0
mtd_ai,200,0.005033974157195113,0.45180722891566266,6349.387516668545,0.25,150,5,0.17111111111111113,0.07399389765579423,0.2998355654282047,0.0,0.46784584217294706,0.0,0.0
mtd_ai,200,0.0050396089581204034,0.32608695652173914,2598.658251397106,0.05,150,5,0.18282539682539684,0.3645241746584075,1.6258165749116833,0.0,0.4960378758439484,0.0,0.0
mtd_ai,200,0.0050396089581204034,0.38461538461538464,3686.392415121393,0.1,150,5,0.18282539682539684,0.3645241746584075,1.6258165749116833,0.0,0.4960378758439484,0.0,0.0
mtd_ai,200,0.0050396089581204034,0.4411764705882353,4746.183769522788,0.15,150,5,0.18282539682539684,0.3645241746584075,1.6258165749116833,0.0,0.4960378758439484,0.0,0.0
mtd_ai,200,0.0050396089581204034,0.4166666666666667,5712.744413697215,0.2,150,5,0.18282539682539684,0.3645241746584075,1.6258165749116833,0.0,0.4960378758439484,0.0,0.0
mtd_ai,200,0.0050396089581204034,0.436046511627907,6332.436049591413,0.25,150,5,0.18282539682539684,0.3645241746584075,1.6258165749116833,0.0,0.4960378758439484,0.0,0.0
mtd_ai,200,0.005065898080761853,0.234375,2914.849123389068,0.05,150,5,0.11777777777777776,0.2521484068464524,0.6416199209010969,0.0,0.5195223247854337,0.0,0.0
mtd_ai,200,0.005065898080761853,0.32608695652173914,3827.6512909160065,0.1,150,5,0.11777777777777776,0.2521484068464524,0.6416199209010969,0.0,0.5195223247854337,0.0,0.0
mtd_ai,200,0.005065898080761853,0.39473684210526316,4593.780380273391,0.15,150,5,0.11777777777777776,0.2521484068464524,0.6416199209010969,0.0,0.5195223247854337,0.0,0.0
mtd_ai,200,0.005065898080761853,0.4411764705882353,5294.630241351532,0.2,150,5,0.11777777777777776,0.2521484068464524,0.6416199209010969,0.0,0.5195223247854337,0.0,0.0
mtd_ai,200,0.005065898080761853,0.46296296296296297,6067.228439636197,0.25,150,5,0.11777777777777776,0.2521484068464524,0.6416199209010969,0.0,0.5195223247854337,0.0,0.0
mtd_ai,200,0.005075893988880329,0.4411764705882353,1430.4426670871826,0.05,150,5,0.13166666666666665,0.589596273356158,1.2228624910367125,0.0,0.5045852446539851,0.0,0.0
mtd_ai,200,0.005075893988880329,0.4411764705882353,2916.611092237035,0.1,150,5,0.13166666666666665,0.589596273356158,1.2228624910367125,0.0,0.5045852446539851,0.0,0.0
mtd_ai,200,0.005075893988880329,0.4787234042553192,4195.947274832074,0.15,150,5,0.13166666666666665,0.589596273356158,1.2228624910367125,0.0,0.5045852446539851,0.0,0.0
mtd_ai,200,0.005075893988880329,0.5,5066.598985333758,0.2,150,5,0.13166666666666665,0.589596273356158,1.2228624910367125,0.0,0.5045852446539851,0.0,0.0
mtd_ai,200,0.005075893988880329,0.528169014084507,5505.503135425155,0.25,150,5,0.13166666666666665,0.589596273356158,1.2228624910367125,0.0,0.5045852446539851,0.0,0.0
mtd_ai,200,0.005066577179897337,0.234375,3618.4420046750565,0.05,150,5,0.10888888888888891,0.00792609282632289,0.014332277026120423,0.0,0.5138797339435885,0.0,0.0
mtd_ai,200,0.005066577179897337,0.2777777777777778,4677.40269999883,0.1,150,5,0.10888888888888891,0.00792609282632289,0.014332277026120423,0.0,0.5138797339435885,0.0,0.0
mtd_ai,200,0.005066577179897337,0.35714285714285715,5158.291253332604,0.15,150,5,0.10888888888888891,0.00792609282632289,0.014332277026120423,0.0,0.5138797339435885,0.0,0.0
mtd_ai,200,0.005066577179897337,0.379746835443038,6546.129784311241,0.2,150,5,0.10888888888888891,0.00792609282632289,0.014332277026120423,0.0,0.5138797339435885,0.0,0.0
mtd_ai,200,0.005066577179897337,0.42613636363636365,6958.835626123448,0.25,150,5,0.10888888888888891,0.00792609282632289,0.014332277026120423,0.0,0.5138797339435885,0.0,0.0
mtd_ai,200,0.0050746694868836146,0.3125,2245.0797542699447,0.05,150,5,0.11666666666666667,0.45644821557247617,0.9725497766371846,0.0,0.4496155168527071,0.0,0.0
mtd_ai,200,0.0050746694868836146,0.36585365853658536,3775.563026195422,0.1,150,5,0.11666666666666667,0.45644821557247617,0.9725497766371846,0.0,0.4496155168527071,0.0,0.0
mtd_ai,200,0.0050746694868836146,0.4166666666666667,4503.262881723145,0.15,150,5,0.11666666666666667,0.45644821557247617,0.9725497766371846,0.0,0.4496155168527071,0.0,0.0
mtd_ai,200,0.0050746694868836146,0.4225352112676056,5548.714449359542,0.2,150,5,0.11666666666666667,0.45644821557247617,0.9725497766371846,0.0,0.4496155168527071,0.0,0.0
mtd_ai,200,0.0050746694868836146,0.46296296296296297,5972.136193615328,0.25,150,5,0.11666666666666667,0.45644821557247617,0.9725497766371846,0.0,0.4496155168527071,0.0,0.0
mtd_ai,200,0.005041206725560627,0.35714285714285715,2046.9843831474657,0.05,150,5,0.15533333333333335,2.043991279791191,3.1878290797765554,8.5625,0.5408640024772045,0.0,0.0
mtd_ai,200,0.005041206725560627,0.38461538461538464,3471.9859570671833,0.1,150,5,0.15533333333333335,2.043991279791191,3.1878290797765554,8.5625,0.5408640024772045,0.0,0.0
mtd_ai,200,0.005041206725560627,0.45,4281.285941922467,0.15,150,5,0.15533333333333335,2.043991279791191,3.1878290797765554,8.5625,0.5408640024772045,0.0,0.0
mtd_ai,200,0.005041206725560627,0.46153846153846156,5627.994574992894,0.2,150,5,0.15533333333333335,2.043991279791191,3.1878290797765554,8.5625,0.5408640024772045,0.0,0.0
mtd_ai,200,0.005041206725560627,0.5136986301369864,5902.065652520641,0.25,150,5,0.15533333333333335,2.043991279791191,3.1878290797765554,8.5625,0.5408640024772045,0.0,0.0
mtd_ai,200,0.005064945874191614,0.375,1754.7428483457402,0.05,150,5,0.13,0.8677724315124081,2.4950053598423074,0.0,0.4603453842101635,0.0,0.0
mtd_ai,200,0.005064945874191614,0.38461538461538464,3399.3633115266316,0.1,150,5,0.13,0.8677724315124081,2.4950053598423074,0.0,0.4603453842101635,0.0,0.0
mtd_ai,200,0.005064945874191614,0.4017857142857143,4979.026270811317,0.15,150,5,0.13,0.8677724315124081,2.4950053598423074,0.0,0.4603453842101635,0.0,0.0
mtd_ai,200,0.005064945874191614,0.4166666666666667,5854.043867284627,0.2,150,5,0.13,0.8677724315124081,2.4950053598423074,0.0,0.4603453842101635,0.0,0.0
mtd_ai,200,0.005064945874191614,0.43103448275862066,6525.129329119954,0.25,150,5,0.13,0.8677724315124081,2.4950053598423074,0.0,0.4603453842101635,0.0,0.0
mtd_ai,200,0.005069097958856549,0.32608695652173914,2491.7216935545575,0.05,150,5,0.12366666666666667,0.1953582887744626,0.8083645606305697,0.0,0.4959398285360425,0.0,0.0
mtd_ai,200,0.005069097958856549,0.38461538461538464,3785.1262709988646,0.1,150,5,0.12366666666666667,0.1953582887744626,0.8083645606305697,0.0,0.4959398285360425,0.0,0.0
mtd_ai,200,0.005069097958856549,0.32608695652173914,5386.2822696267285,0.15,150,5,0.12366666666666667,0.1953582887744626,0.8083645606305697,0.0,0.4959398285360425,0.0,0.0
mtd_ai,200,0.005069097958856549,0.3614457831325301,6169.3422001358285,0.2,150,5,0.12366666666666667,0.1953582887744626,0.8083645606305697,0.0,0.4959398285360425,0.0,0.0
mtd_ai,200,0.005069097958856549,0.4166666666666667,6404.400272101326,0.25,150,5,0.12366666666666667,0.1953582887744626,0.8083645606305697,0.0,0.4959398285360425,0.0,0.0
mtd_ai,200,0.005068706655279621,0.26785714285714285,2604.071421889428,0.05,150,5,0.1388888888888889,0.2560539123466289,1.0348670534041031,0.0,0.48868299646918895,0.0,0.0
mtd_ai,200,0.005068706655279621,0.32608695652173914,4084.9036098509528,0.1,150,5,0.1388888888888889,0.2560539123466289,1.0348670534041031,0.0,0.48868299646918895,0.0,0.0
mtd_ai,200,0.005068706655279621,0.375,5048.217628444052,0.15,150,5,0.1388888888888889,0.2560539123466289,1.0348670534041031,0.0,0.48868299646918895,0.0,0.0
mtd_ai,200,0.005068706655279621,0.4225352112676056,5572.156582133506,0.2,150,5,0.1388888888888889,0.2560539123466289,1.0348670534041031,0.0,0.48868299646918895,0.0,0.0
mtd_ai,200,0.005068706655279621,0.4573170731707317,6157.205393051172,0.25,150,5,0.1388888888888889,0.2560539123466289,1.0348670534041031,0.0,0.48868299646918895,0.0,0.0
mtd_ai,200,0.005067760413154562,0.3,2767.981339148283,0.05,150,5,0.1,1.00171550100885,3.052716116768374,0.0,0.47611177966669266,0.0,0.0
mtd_ai,200,0.005067760413154562,0.36585365853658536,3754.2360496985093,0.1,150,5,0.1,1.00171550100885,3.052716116768374,0.0,0.47611177966669266,0.0,0.0
mtd_ai,200,0.005067760413154562,0.3879310344827586,4802.284475964625,0.15,150,5,0.1,1.00171550100885,3.052716116768374,0.0,0.47611177966669266,0.0,0.0
mtd_ai,200,0.005067760413154562,0.4166666666666667,5302.859867455325,0.2,150,5,0.1,1.00171550100885,3.052716116768374,0.0,0.47611177966669266,0.0,0.0
mtd_ai,200,0.005067760413154562,0.45180722891566266,6026.917268577391,0.25,150,5,0.1,1.00171550100885,3.052716116768374,0.0,0.47611177966669266,0.0,0.0
mtd_ai,200,0.00504018912458287,0.3409090909090909,2091.364068511869,0.05,150,5,0.1874444444444444,0.8685302013183289,1.251931571701069,0.0,0.4749588333579598,0.0,0.0
mtd_ai,200,0.00504018912458287,0.32608695652173914,3928.4779058588683,0.1,150,5,0.1874444444444444,0.8685302013183289,1.251931571701069,0.0,0.4749588333579598,0.0,0.0
mtd_ai,200,0.00504018912458287,0.375,4811.247636778933,0.15,150,5,0.1874444444444444,0.8685302013183289,1.251931571701069,0.0,0.4749588333579598,0.0,0.0
mtd_ai,200,0.00504018912458287,0.3614457831325301,6551.301427160513,0.2,150,5,0.1874444444444444,0.8685302013183289,1.251931571701069,0.0,0.4749588333579598,0.0,0.0
mtd_ai,200,0.00504018912458287,0.4032258064516129,6830.169588523198,0.25,150,5,0.1874444444444444,0.8685302013183289,1.251931571701069,0.0,0.4749588333579598,0.0,0.0
mtd_ai,200,0.0050671289134853045,0.20833333333333334,3522.7582916226083,0.05,150,5,0.12666666666666668,0.6949481924980845,1.8799574555135552,0.0,0.48786724401892834,0.0,0.0
mtd_ai,200,0.0050671289134853045,0.2830188679245283,4335.929605673206,0.1,150,5,0.12666666666666668,0.6949481924980845,1.8799574555135552,0.0,0.48786724401892834,0.0,0.0
mtd_ai,200,0.0050671289134853045,0.34615384615384615,4820.9015450459965,0.15,150,5,0.12666666666666668,0.6949481924980845,1.8799574555135552,0.0,0.48786724401892834,0.0,0.0
mtd_ai,200,0.0050671289134853045,0.379746835443038,5666.297727751453,0.2,150,5,0.12666666666666668,0.6949481924980845,1.8799574555135552,0.0,0.48786724401892834,0.0,0.0
mtd_ai,200,0.0050671289134853045,0.41208791208791207,6157.596187137693,0.25,150,5,0.12666666666666668,0.6949481924980845,1.8799574555135552,0.0,0.48786724401892834,0.0,0.0
mtd_ai,200,0.005053896218023913,0.24193548387096775,3191.4760793039736,0.05,150,5,0.16952380952380952,1.2976989273273831,4.662807845946237,0.0,0.48412622895131313,0.0,0.0
mtd_ai,200,0.005053896218023913,0.32608695652173914,4257.406475315342,0.1,150,5,0.16952380952380952,1.2976989273273831,4.662807845946237,0.0,0.48412622895131313,0.0,0.0
mtd_ai,200,0.005053896218023913,0.3879310344827586,5072.142100114243,0.15,150,5,0.16952380952380952,1.2976989273273831,4.662807845946237,0.0,0.48412622895131313,0.0,0.0
mtd_ai,200,0.005053896218023913,0.36585365853658536,6761.581987815672,0.2,150,5,0.16952380952380952,1.2976989273273831,4.662807845946237,0.0,0.48412622895131313,0.0,0.0
mtd_ai,200,0.005053896218023913,0.390625,7547.637259762817,0.25,150,5,0.16952380952380952,1.2976989273273831,4.662807845946237,0.0,0.48412622895131313,0.0,0.0
mtd_ai,200,0.005065211148437074,0.3409090909090909,2619.0443848606174,0.05,150,5,0.17796825396825397,0.5613991071972878,2.2740469753988193,0.0,0.48811233832782025,0.0,0.0
mtd_ai,200,0.005065211148437074,0.40540540540540543,3960.7840842508404,0.1,150,5,0.17796825396825397,0.5613991071972878,2.2740469753988193,0.0,0.48811233832782025,0.0,0.0
mtd_ai,200,0.005065211148437074,0.45,4766.69307579292,0.15,150,5,0.17796825396825397,0.5613991071972878,2.2740469753988193,0.0,0.48811233832782025,0.0,0.0
mtd_ai,200,0.005065211148437074,0.4838709677419355,5377.679210730567,0.2,150,5,0.17796825396825397,0.5613991071972878,2.2740469753988193,0.0,0.48811233832782025,0.0,0.0
mtd_ai,200,0.005065211148437074,0.43103448275862066,6736.393736947028,0.25,150,5,0.17796825396825397,0.5613991071972878,2.2740469753988193,0.0,0.48811233832782025,0.0,0.0
mtd_ai,200,0.005083348208089041,0.3125,2369.0528133075495,0.05,150,5,0.08488888888888889,0.09458974127665676,0.3367578543857475,0.0,0.46762593796093116,0.0,0.0
mtd_ai,200,0.005083348208089041,0.40540540540540543,3276.377460240236,0.1,150,5,0.08488888888888889,0.09458974127665676,0.3367578543857475,0.0,0.46762593796093116,0.0,0.0
mtd_ai,200,0.005083348208089041,0.4326923076923077,4379.052019315965,0.15,150,5,0.08488888888888889,0.09458974127665676,0.3367578543857475,0.0,0.46762593796093116,0.0,0.0
mtd_ai,200,0.005083348208089041,0.45454545454545453,5195.667489427136,0.2,150,5,0.08488888888888889,0.09458974127665676,0.3367578543857475,0.0,0.46762593796093116,0.0,0.0
mtd_ai,200,0.005083348208089041,0.47468354430379744,5712.9402825890575,0.25,150,5,0.08488888888888889,0.09458974127665676,0.3367578543857475,0.0,0.46762593796093116,0.0,0.0
mtd_ai,200,0.005085899037386095,0.46875,1480.846619787801,0.05,150,5,0.1391111111111111,0.41434614736593695,1.683082290297705,0.0,0.44492148560787603,0.0,0.0
mtd_ai,200,0.005085899037386095,0.45454545454545453,2848.55602187086,0.1,150,5,0.1391111111111111,0.41434614736593695,1.683082290297705,0.0,0.44492148560787603,0.0,0.0
mtd_ai,200,0.005085899037386095,0.5,3672.7940934409585,0.15,150,5,0.1391111111111111,0.41434614736593695,1.683082290297705,0.0,0.44492148560787603,0.0,0.0
mtd_ai,200,0.005085899037386095,0.5454545454545454,4155.674654932445,0.2,150,5,0.1391111111111111,0.41434614736593695,1.683082290297705,0.0,0.44492148560787603,0.0,0.0
mtd_ai,200,0.005085899037386095,0.5769230769230769,4871.076093641957,0.25,150,5,0.1391111111111111,0.41434614736593695,1.683082290297705,0.0,0.44492148560787603,0.0,0.0
mtd_ai,200,0.005060654323230087,0.32608695652173914,2520.5694219644015,0.05,150,5,0.12444444444444443,1.041481112289876,3.402828178299325,0.0,0.4906334357876579,0.0,0.0
mtd_ai,200,0.005060654323230087,0.40540540540540543,3578.7923109876624,0.1,150,5,0.12444444444444443,1.041481112289876,3.402828178299325,0.0,0.4906334357876579,0.0,0.0
mtd_ai,200,0.005060654323230087,0.39473684210526316,5597.023531272516,0.15,150,5,0.12444444444444443,1.041481112289876,3.402828178299325,0.0,0.4906334357876579,0.0,0.0
mtd_ai,200,0.005060654323230087,0.42857142857142855,6235.747388759681,0.2,150,5,0.12444444444444443,1.041481112289876,3.402828178299325,0.0,0.4906334357876579,0.0,0.0
mtd_ai,200,0.005060654323230087,0.47468354430379744,6590.628361176599,0.25,150,5,0.12444444444444443,1.041481112289876,3.402828178299325,0.0,0.4906334357876579,0.0,0.0
mtd_ai,200,0.005041162039527229,0.25862068965517243,2811.89394574782,0.05,150,5,0.09444444444444444,1.261200173140153,3.8274974396509513,0.0,0.4847925007860307,0.0,0.0
mtd_ai,200,0.005041162039527229,0.3409090909090909,3943.9893890714516,0.1,150,5,0.09444444444444444,1.261200173140153,3.8274974396509513,0.0,0.4847925007860307,0.0,0.0
mtd_ai,200,0.005041162039527229,0.4017857142857143,4761.875906470919,0.15,150,5,0.09444444444444444,1.261200173140153,3.8274974396509513,0.0,0.4847925007860307,0.0,0.0
mtd_ai,200,0.005041162039527229,0.44776119402985076,5317.585355060609,0.2,150,5,0.09444444444444444,1.261200173140153,3.8274974396509513,0.0,0.4847925007860307,0.0,0.0
mtd_ai,200,0.005041162039527229,0.4807692307692308,6056.439140866652,0.25,150,5,0.09444444444444444,1.261200173140153,3.8274974396509513,0.0,0.4847925007860307,0.0,0.0
mtd_ai,200,0.005049171399114278,0.25862068965517243,2304.518293404224,0.05,150,5,0.16,0.30633378563925934,1.0529075877785925,0.0,0.4777352895812394,0.0,0.0
mtd_ai,200,0.005049171399114278,0.29411764705882354,4409.309043798602,0.1,150,5,0.16,0.30633378563925934,1.0529075877785925,0.0,0.4777352895812394,0.0,0.0
mtd_ai,200,0.005049171399114278,0.36885245901639346,4947.414485457505,0.15,150,5,0.16,0.30633378563925934,1.0529075877785925,0.0,0.4777352895812394,0.0,0.0
mtd_ai,200,0.005049171399114278,0.410958904109589,5462.971460485948,0.2,150,5,0.16,0.30633378563925934,1.0529075877785925,0.0,0.4777352895812394,0.0,0.0
mtd_ai,200,0.005049171399114278,0.46296296296296297,5900.546102213508,0.25,150,5,0.16,0.30633378563925934,1.0529075877785925,0.0,0.4777352895812394,0.0,0.0
mtd_ai,200,0.005078693735140216,0.375,2131.104017765549,0.05,150,5,0.17555555555555555,0.35435861729734214,1.353595855878084,0.0,0.5119905236545242,0.0,0.0
mtd_ai,200,0.005078693735140216,0.4166666666666667,2983.41025985739,0.1,150,5,0.17555555555555555,0.35435861729734214,1.353595855878084,0.0,0.5119905236545242,0.0,0.0
mtd_ai,200,0.005078693735140216,0.45918367346938777,4048.395745827285,0.15,150,5,0.17555555555555555,0.35435861729734214,1.353595855878084,0.0,0.5119905236545242,0.0,0.0
mtd_ai,200,0.005078693735140216,0.4918032786885246,4597.2347966947455,0.2,150,5,0.17555555555555555,0.35435861729734214,1.353595855878084,0.0,0.5119905236545242,0.0,0.0
mtd_ai,200,0.005078693735140216,0.4573170731707317,5753.447715470942,0.25,150,5,0.17555555555555555,0.35435861729734214,1.353595855878084,0.0,0.5119905236545242,0.0,0.0
