Name,mtd_interval,MEF,ASR,time_to_compromise,host_compromise_ratio,network_size,exposed_endpoints,attack_path_exposure,ROA,risk,shortest_path_variability
mtd_ai,200,0.00505035293829874,0.24193548387096775,3246.902681748952,0.05,150,5,0.13111111111111112,0.026341009957315992,0.10568813252138674,0.0
mtd_ai,200,0.00505035293829874,0.25,6059.406499735817,0.1,150,5,0.13111111111111112,0.026341009957315992,0.10568813252138674,0.0
mtd_ai,200,0.00505035293829874,0.3125,6828.909994400477,0.15,150,5,0.13111111111111112,0.026341009957315992,0.10568813252138674,0.0
mtd_ai,200,0.00505035293829874,0.3225806451612903,7993.094424036315,0.2,150,5,0.13111111111111112,0.026341009957315992,0.10568813252138674,0.0
mtd_ai,200,0.00505035293829874,0.36764705882352944,8451.24670586371,0.25,150,5,0.13111111111111112,0.026341009957315992,0.10568813252138674,0.0
mtd_ai,200,0.0050355910187968285,0.25,3465.6287400193514,0.05,150,5,0.18592592592592594,0.9617824958428566,0.7624099680083827,0.0
mtd_ai,200,0.0050355910187968285,0.3488372093023256,4335.395726389098,0.1,150,5,0.18592592592592594,0.9617824958428566,0.7624099680083827,0.0
mtd_ai,200,0.0050355910187968285,0.375,5316.962545586607,0.15,150,5,0.18592592592592594,0.9617824958428566,0.7624099680083827,0.0
mtd_ai,200,0.0050355910187968285,0.4,6357.326376495435,0.2,150,5,0.18592592592592594,0.9617824958428566,0.7624099680083827,0.0
mtd_ai,200,0.0050355910187968285,0.436046511627907,6755.619796619389,0.25,150,5,0.18592592592592594,0.9617824958428566,0.7624099680083827,0.0
mtd_ai,200,0.0050664529210770765,0.3125,2549.8325472566225,0.05,150,5,0.15933333333333333,0.4228927983800791,1.614331287940061,0.0
mtd_ai,200,0.0050664529210770765,0.375,3658.2704452062726,0.1,150,5,0.15933333333333333,0.4228927983800791,1.614331287940061,0.0
mtd_ai,200,0.0050664529210770765,0.42452830188679247,4710.726227036375,0.15,150,5,0.15933333333333333,0.4228927983800791,1.614331287940061,0.0
mtd_ai,200,0.0050664529210770765,0.46153846153846156,5338.002478769131,0.2,150,5,0.15933333333333333,0.4228927983800791,1.614331287940061,0.0
mtd_ai,200,0.0050664529210770765,0.47468354430379744,5948.0452339902085,0.25,150,5,0.15933333333333333,0.4228927983800791,1.614331287940061,0.0
mtd_ai,200,0.00508331155406379,0.35714285714285715,2285.2471229658922,0.05,150,5,0.11888888888888888,1.418749541353005,4.270128717338416,0.0
mtd_ai,200,0.00508331155406379,0.375,3534.814044994979,0.1,150,5,0.11888888888888888,1.418749541353005,4.270128717338416,0.0
mtd_ai,200,0.00508331155406379,0.45918367346938777,3928.80091013404,0.15,150,5,0.11888888888888888,1.418749541353005,4.270128717338416,0.0
mtd_ai,200,0.00508331155406379,0.4838709677419355,4607.97344720484,0.2,150,5,0.11888888888888888,1.418749541353005,4.270128717338416,0.0
mtd_ai,200,0.00508331155406379,0.5208333333333334,5035.401901176616,0.25,150,5,0.11888888888888888,1.418749541353005,4.270128717338416,0.0
mtd_ai,200,0.005039500889516108,0.3,2805.6315013548656,0.05,150,5,0.13833333333333334,0.468866231787927,1.15849387656858,0.0
mtd_ai,200,0.005039500889516108,0.375,3930.2294770734798,0.1,150,5,0.13833333333333334,0.468866231787927,1.15849387656858,0.0
mtd_ai,200,0.005039500889516108,0.36885245901639346,5251.181189996634,0.15,150,5,0.13833333333333334,0.468866231787927,1.15849387656858,0.0
mtd_ai,200,0.005039500889516108,0.379746835443038,6140.682374253698,0.2,150,5,0.13833333333333334,0.468866231787927,1.15849387656858,0.0
mtd_ai,200,0.005039500889516108,0.42613636363636365,6501.775539313379,0.25,150,5,0.13833333333333334,0.468866231787927,1.15849387656858,0.0
mtd_ai,200,0.00505866205081795,0.3125,1778.9629215115624,0.05,150,5,0.15789473684210525,0.7235326047597851,3.062009317532247,0.85
mtd_ai,200,0.00505866205081795,0.42857142857142855,2650.573187873538,0.1,150,5,0.15789473684210525,0.7235326047597851,3.062009317532247,0.85
mtd_ai,200,0.00505866205081795,0.4411764705882353,3395.8533271328665,0.15,150,5,0.15789473684210525,0.7235326047597851,3.062009317532247,0.85
mtd_ai,200,0.00505866205081795,0.4838709677419355,3908.3052804378417,0.2,150,5,0.15789473684210525,0.7235326047597851,3.062009317532247,0.85
mtd_ai,200,0.00505866205081795,0.528169014084507,4221.343689651067,0.25,150,5,0.15789473684210525,0.7235326047597851,3.062009317532247,0.85
mtd_ai,200,0.005045205444709682,0.4411764705882353,1767.4980866727042,0.05,150,5,0.12,0.9182921202083401,4.047695170615621,0.0
mtd_ai,200,0.005045205444709682,0.5,2854.417809878265,0.1,150,5,0.12,0.9182921202083401,4.047695170615621,0.0
mtd_ai,200,0.005045205444709682,0.4787234042553192,4037.3243002728777,0.15,150,5,0.12,0.9182921202083401,4.047695170615621,0.0
mtd_ai,200,0.005045205444709682,0.5,4781.255228479593,0.2,150,5,0.12,0.9182921202083401,4.047695170615621,0.0
mtd_ai,200,0.005045205444709682,0.528169014084507,5327.398397941291,0.25,150,5,0.12,0.9182921202083401,4.047695170615621,0.0
mtd_ai,200,0.005051471809087209,0.35714285714285715,1842.720759513321,0.05,150,5,0.13444444444444445,0.0989160851057832,0.29721777559724866,0.0
mtd_ai,200,0.005051471809087209,0.30612244897959184,4149.041788904703,0.1,150,5,0.13444444444444445,0.0989160851057832,0.29721777559724866,0.0
mtd_ai,200,0.005051471809087209,0.32142857142857145,6242.416263792585,0.15,150,5,0.13444444444444445,0.0989160851057832,0.29721777559724866,0.0
mtd_ai,200,0.005051471809087209,0.375,6879.639819661082,0.2,150,5,0.13444444444444445,0.0989160851057832,0.29721777559724866,0.0
mtd_ai,200,0.005051471809087209,0.3712871287128713,7762.204287303773,0.25,150,5,0.13444444444444445,0.0989160851057832,0.29721777559724866,0.0
mtd_ai,200,0.00505892074180677,0.3409090909090909,2374.3484349833584,0.05,150,5,0.11238095238095239,0.7845954874296446,2.5950395739261842,0.0
mtd_ai,200,0.00505892074180677,0.4166666666666667,3422.086199208743,0.1,150,5,0.11238095238095239,0.7845954874296446,2.5950395739261842,0.0
mtd_ai,200,0.00505892074180677,0.4787234042553192,4197.040671340605,0.15,150,5,0.11238095238095239,0.7845954874296446,2.5950395739261842,0.0
mtd_ai,200,0.00505892074180677,0.46875,5549.304313477903,0.2,150,5,0.11238095238095239,0.7845954874296446,2.5950395739261842,0.0
mtd_ai,200,0.00505892074180677,0.47468354430379744,6881.853749098284,0.25,150,5,0.11238095238095239,0.7845954874296446,2.5950395739261842,0.0
mtd_ai,200,0.005035245636183215,0.3409090909090909,1962.960746041103,0.05,150,5,0.16533333333333333,1.9519957212720898,3.8875820956597207,0.0
mtd_ai,200,0.005035245636183215,0.38461538461538464,3218.449481871176,0.1,150,5,0.16533333333333333,1.9519957212720898,3.8875820956597207,0.0
mtd_ai,200,0.005035245636183215,0.4090909090909091,4794.960017094281,0.15,150,5,0.16533333333333333,1.9519957212720898,3.8875820956597207,0.0
mtd_ai,200,0.005035245636183215,0.42857142857142855,6000.6402716280445,0.2,150,5,0.16533333333333333,1.9519957212720898,3.8875820956597207,0.0
mtd_ai,200,0.005035245636183215,0.46875,6610.730577676293,0.25,150,5,0.16533333333333333,1.9519957212720898,3.8875820956597207,0.0
mtd_ai,200,0.005041728528518984,0.4166666666666667,1470.3382583176876,0.05,150,5,0.19444444444444445,2.4420606403030183,6.29149218296672,-4.258064516129032
mtd_ai,200,0.005041728528518984,0.42857142857142855,2891.8836928318347,0.1,150,5,0.19444444444444445,2.4420606403030183,6.29149218296672,-4.258064516129032
mtd_ai,200,0.005041728528518984,0.45918367346938777,3883.987333548303,0.15,150,5,0.19444444444444445,2.4420606403030183,6.29149218296672,-4.258064516129032
mtd_ai,200,0.005041728528518984,0.43478260869565216,4839.213573877107,0.2,150,5,0.19444444444444445,2.4420606403030183,6.29149218296672,-4.258064516129032
mtd_ai,200,0.005041728528518984,0.45180722891566266,5834.479703172743,0.25,150,5,0.19444444444444445,2.4420606403030183,6.29149218296672,-4.258064516129032
mtd_ai,200,0.005062111181122662,0.3,2965.8055305148487,0.05,150,5,0.11920634920634919,0.8715318146966939,1.3427238177316234,0.0
mtd_ai,200,0.005062111181122662,0.4166666666666667,3808.422310205693,0.1,150,5,0.11920634920634919,0.8715318146966939,1.3427238177316234,0.0
mtd_ai,200,0.005062111181122662,0.4326923076923077,4873.076867137976,0.15,150,5,0.11920634920634919,0.8715318146966939,1.3427238177316234,0.0
mtd_ai,200,0.005062111181122662,0.4411764705882353,6069.155979978164,0.2,150,5,0.11920634920634919,0.8715318146966939,1.3427238177316234,0.0
mtd_ai,200,0.005062111181122662,0.46296296296296297,6687.9983135147695,0.25,150,5,0.11920634920634919,0.8715318146966939,1.3427238177316234,0.0
mtd_ai,200,0.005059019949299429,0.3409090909090909,1994.5924992605062,0.05,150,5,0.1577777777777778,0.28065694969438626,0.9172012401154949,0.0
mtd_ai,200,0.005059019949299429,0.39473684210526316,3793.3969037547377,0.1,150,5,0.1577777777777778,0.28065694969438626,0.9172012401154949,0.0
mtd_ai,200,0.005059019949299429,0.39473684210526316,4992.130431236395,0.15,150,5,0.1577777777777778,0.28065694969438626,0.9172012401154949,0.0
mtd_ai,200,0.005059019949299429,0.40540540540540543,6044.96396541005,0.2,150,5,0.1577777777777778,0.28065694969438626,0.9172012401154949,0.0
mtd_ai,200,0.005059019949299429,0.4166666666666667,6787.161805489444,0.25,150,5,0.1577777777777778,0.28065694969438626,0.9172012401154949,0.0
mtd_ai,200,0.005052399707818067,0.3409090909090909,2192.9847339318067,0.05,150,5,0.14944444444444446,0.09542892295769433,0.2696982464283723,0.0
mtd_ai,200,0.005052399707818067,0.3409090909090909,4702.6091637729605,0.1,150,5,0.14944444444444446,0.09542892295769433,0.2696982464283723,0.0
mtd_ai,200,0.005052399707818067,0.4017857142857143,5513.959378407604,0.15,150,5,0.14944444444444446,0.09542892295769433,0.2696982464283723,0.0
mtd_ai,200,0.005052399707818067,0.39473684210526316,7149.9533000064675,0.2,150,5,0.14944444444444446,0.09542892295769433,0.2696982464283723,0.0
mtd_ai,200,0.005052399707818067,0.4411764705882353,7465.128123290197,0.25,150,5,0.14944444444444446,0.09542892295769433,0.2696982464283723,0.0
mtd_ai,200,0.005062001161289447,0.234375,3120.730407885188,0.05,150,5,0.14,3.350727279975892,3.177913861302554,0.0
mtd_ai,200,0.005062001161289447,0.30612244897959184,4431.188877654764,0.1,150,5,0.14,3.350727279975892,3.177913861302554,0.0
mtd_ai,200,0.005062001161289447,0.375,5081.73064924487,0.15,150,5,0.14,3.350727279975892,3.177913861302554,0.0
mtd_ai,200,0.005062001161289447,0.4166666666666667,5792.551326447928,0.2,150,5,0.14,3.350727279975892,3.177913861302554,0.0
mtd_ai,200,0.005062001161289447,0.46296296296296297,6329.313192241264,0.25,150,5,0.14,3.350727279975892,3.177913861302554,0.0
mtd_ai,200,0.00504394864517098,0.28846153846153844,2356.362868187669,0.05,150,5,0.15015873015873016,0.88322719911529,3.8069645780410126,0.0
mtd_ai,200,0.00504394864517098,0.39473684210526316,2910.243735584386,0.1,150,5,0.15015873015873016,0.88322719911529,3.8069645780410126,0.0
mtd_ai,200,0.00504394864517098,0.46875,3696.6941420337594,0.15,150,5,0.15015873015873016,0.88322719911529,3.8069645780410126,0.0
mtd_ai,200,0.00504394864517098,0.4411764705882353,5294.240897985685,0.2,150,5,0.15015873015873016,0.88322719911529,3.8069645780410126,0.0
mtd_ai,200,0.00504394864517098,0.487012987012987,5649.71438446705,0.25,150,5,0.15015873015873016,0.88322719911529,3.8069645780410126,0.0
mtd_ai,200,0.005043327691941756,0.46875,1345.6069277161732,0.05,150,5,0.14355555555555555,1.6833703521516288,5.435320786602226,0.0
mtd_ai,200,0.005043327691941756,0.4838709677419355,2567.793989316197,0.1,150,5,0.14355555555555555,1.6833703521516288,5.435320786602226,0.0
mtd_ai,200,0.005043327691941756,0.5113636363636364,3212.5489787634415,0.15,150,5,0.14355555555555555,1.6833703521516288,5.435320786602226,0.0
mtd_ai,200,0.005043327691941756,0.5084745762711864,4076.573830314729,0.2,150,5,0.14355555555555555,1.6833703521516288,5.435320786602226,0.0
mtd_ai,200,0.005043327691941756,0.528169014084507,5179.1741890372605,0.25,150,5,0.14355555555555555,1.6833703521516288,5.435320786602226,0.0
mtd_ai,200,0.005035516340611322,0.4411764705882353,1598.067708239243,0.05,150,5,0.12566666666666668,0.48753762768493036,2.006901526706051,0.0
mtd_ai,200,0.005035516340611322,0.35714285714285715,3901.5932203911475,0.1,150,5,0.12566666666666668,0.48753762768493036,2.006901526706051,0.0
mtd_ai,200,0.005035516340611322,0.4326923076923077,4480.112517809088,0.15,150,5,0.12566666666666668,0.48753762768493036,2.006901526706051,0.0
mtd_ai,200,0.005035516340611322,0.45454545454545453,5233.814520660142,0.2,150,5,0.12566666666666668,0.48753762768493036,2.006901526706051,0.0
mtd_ai,200,0.005035516340611322,0.45180722891566266,6784.636825148829,0.25,150,5,0.12566666666666668,0.48753762768493036,2.006901526706051,0.0
mtd_ai,200,0.0050628044070471605,0.46875,1334.9861360034072,0.05,150,5,0.10166666666666667,0.962613708097498,4.16440486130466,0.0
mtd_ai,200,0.0050628044070471605,0.4166666666666667,3142.050952365267,0.1,150,5,0.10166666666666667,0.962613708097498,4.16440486130466,0.0
mtd_ai,200,0.0050628044070471605,0.45,4171.950147589962,0.15,150,5,0.10166666666666667,0.962613708097498,4.16440486130466,0.0
mtd_ai,200,0.0050628044070471605,0.4225352112676056,5215.651331438336,0.2,150,5,0.10166666666666667,0.962613708097498,4.16440486130466,0.0
mtd_ai,200,0.0050628044070471605,0.44642857142857145,6281.6420248717495,0.25,150,5,0.10166666666666667,0.962613708097498,4.16440486130466,0.0
mtd_ai,200,0.005079353616854538,0.3409090909090909,2506.844571737024,0.05,150,5,0.15222222222222223,2.057160365036575,4.86984183106833,0.0
mtd_ai,200,0.005079353616854538,0.45454545454545453,3128.3671591524253,0.1,150,5,0.15222222222222223,2.057160365036575,4.86984183106833,0.0
mtd_ai,200,0.005079353616854538,0.5357142857142857,3871.903853188621,0.15,150,5,0.15222222222222223,2.057160365036575,4.86984183106833,0.0
mtd_ai,200,0.005079353616854538,0.5660377358490566,4341.51306588945,0.2,150,5,0.15222222222222223,2.057160365036575,4.86984183106833,0.0
mtd_ai,200,0.005079353616854538,0.5681818181818182,4944.133259180469,0.25,150,5,0.15222222222222223,2.057160365036575,4.86984183106833,0.0
mtd_ai,200,0.0050658416639194235,0.4411764705882353,1771.0687454015435,0.05,150,5,0.11444444444444445,2.438191085078682,4.694649109407344,0.0
mtd_ai,200,0.0050658416639194235,0.4411764705882353,3109.633541440703,0.1,150,5,0.11444444444444445,2.438191085078682,4.694649109407344,0.0
mtd_ai,200,0.0050658416639194235,0.4891304347826087,3814.475617581583,0.15,150,5,0.11444444444444445,2.438191085078682,4.694649109407344,0.0
mtd_ai,200,0.0050658416639194235,0.45454545454545453,5646.854390937191,0.2,150,5,0.11444444444444445,2.438191085078682,4.694649109407344,0.0
mtd_ai,200,0.0050658416639194235,0.5,6169.976757672148,0.25,150,5,0.11444444444444445,2.438191085078682,4.694649109407344,0.0
mtd_ai,200,0.00505864520968658,0.28846153846153844,2853.3862455361286,0.05,150,5,0.11055555555555555,0.15410790774668862,0.22521311212040876,0.0
mtd_ai,200,0.00505864520968658,0.3,4699.9358939620415,0.1,150,5,0.11055555555555555,0.15410790774668862,0.22521311212040876,0.0
mtd_ai,200,0.00505864520968658,0.3515625,5654.017815930967,0.15,150,5,0.11055555555555555,0.15410790774668862,0.22521311212040876,0.0
mtd_ai,200,0.00505864520968658,0.38461538461538464,6354.078929634053,0.2,150,5,0.11055555555555555,0.15410790774668862,0.22521311212040876,0.0
mtd_ai,200,0.00505864520968658,0.42134831460674155,6811.514790555272,0.25,150,5,0.11055555555555555,0.15410790774668862,0.22521311212040876,0.0
mtd_ai,200,0.005073436958393272,0.375,1707.3458391962847,0.05,150,5,0.15666666666666668,2.5751622802043395,5.5846759927674094,0.0
mtd_ai,200,0.005073436958393272,0.39473684210526316,3269.8765785986225,0.1,150,5,0.15666666666666668,2.5751622802043395,5.5846759927674094,0.0
mtd_ai,200,0.005073436958393272,0.46875,3784.995126761889,0.15,150,5,0.15666666666666668,2.5751622802043395,5.5846759927674094,0.0
mtd_ai,200,0.005073436958393272,0.47619047619047616,4696.238630894686,0.2,150,5,0.15666666666666668,2.5751622802043395,5.5846759927674094,0.0
mtd_ai,200,0.005073436958393272,0.4934210526315789,5383.71040178531,0.25,150,5,0.15666666666666668,2.5751622802043395,5.5846759927674094,0.0
mtd_ai,200,0.005089818622215506,0.3409090909090909,2213.6461791423517,0.05,150,5,0.17844444444444446,17.94244964340225,3.449417754335146,0.0
mtd_ai,200,0.005089818622215506,0.39473684210526316,3398.325584316647,0.1,150,5,0.17844444444444446,17.94244964340225,3.449417754335146,0.0
mtd_ai,200,0.005089818622215506,0.46875,3997.365844649453,0.15,150,5,0.17844444444444446,17.94244964340225,3.449417754335146,0.0
mtd_ai,200,0.005089818622215506,0.4918032786885246,4545.092155513884,0.2,150,5,0.17844444444444446,17.94244964340225,3.449417754335146,0.0
mtd_ai,200,0.005089818622215506,0.5208333333333334,5019.577868976441,0.25,150,5,0.17844444444444446,17.94244964340225,3.449417754335146,0.0
mtd_ai,200,0.005064834900929008,0.3409090909090909,2023.213215653036,0.05,150,5,0.15133333333333332,0.13040618946246327,0.505158854151102,0.0
mtd_ai,200,0.005064834900929008,0.35714285714285715,3718.613365626239,0.1,150,5,0.15133333333333332,0.13040618946246327,0.505158854151102,0.0
mtd_ai,200,0.005064834900929008,0.4326923076923077,4268.3409844366815,0.15,150,5,0.15133333333333332,0.13040618946246327,0.505158854151102,0.0
mtd_ai,200,0.005064834900929008,0.4411764705882353,5045.28943686351,0.2,150,5,0.15133333333333332,0.13040618946246327,0.505158854151102,0.0
mtd_ai,200,0.005064834900929008,0.39473684210526316,6170.532513870734,0.25,150,5,0.15133333333333332,0.13040618946246327,0.505158854151102,0.0
mtd_ai,200,0.005052720542412144,0.3125,2082.5747029715694,0.05,150,5,0.11333333333333333,0.9675054192976313,4.09476075783013,0.0
mtd_ai,200,0.005052720542412144,0.375,3317.183506971677,0.1,150,5,0.11333333333333333,0.9675054192976313,4.09476075783013,0.0
mtd_ai,200,0.005052720542412144,0.4326923076923077,4423.929362479642,0.15,150,5,0.11333333333333333,0.9675054192976313,4.09476075783013,0.0
mtd_ai,200,0.005052720542412144,0.46875,5263.373369470117,0.2,150,5,0.11333333333333333,0.9675054192976313,4.09476075783013,0.0
mtd_ai,200,0.005052720542412144,0.5067567567567568,5585.919438684732,0.25,150,5,0.11333333333333333,0.9675054192976313,4.09476075783013,0.0
mtd_ai,200,0.00503614995796288,0.3,2761.457183298101,0.05,150,5,0.07142857142857142,0.6848822822516459,2.2506611688497085,0.0
mtd_ai,200,0.00503614995796288,0.3333333333333333,4316.717196958497,0.1,150,5,0.07142857142857142,0.6848822822516459,2.2506611688497085,0.0
mtd_ai,200,0.00503614995796288,0.4017857142857143,5049.723217685168,0.15,150,5,0.07142857142857142,0.6848822822516459,2.2506611688497085,0.0
mtd_ai,200,0.00503614995796288,0.4225352112676056,6006.340312354312,0.2,150,5,0.07142857142857142,0.6848822822516459,2.2506611688497085,0.0
mtd_ai,200,0.00503614995796288,0.4411764705882353,7167.570361205659,0.25,150,5,0.07142857142857142,0.6848822822516459,2.2506611688497085,0.0
mtd_ai,200,0.0050329772871523975,0.19736842105263158,3877.088347260646,0.05,150,5,0.08222222222222222,0.9830761316808292,4.053492714924436,0.0
mtd_ai,200,0.0050329772871523975,0.2777777777777778,4763.101922095551,0.1,150,5,0.08222222222222222,0.9830761316808292,4.053492714924436,0.0
mtd_ai,200,0.0050329772871523975,0.3515625,5281.074113560149,0.15,150,5,0.08222222222222222,0.9830761316808292,4.053492714924436,0.0
mtd_ai,200,0.0050329772871523975,0.38461538461538464,5821.217868461466,0.2,150,5,0.08222222222222222,0.9830761316808292,4.053492714924436,0.0
mtd_ai,200,0.0050329772871523975,0.42134831460674155,6579.899306376858,0.25,150,5,0.08222222222222222,0.9830761316808292,4.053492714924436,0.0
mtd_ai,200,0.005036769257897181,0.28846153846153844,2830.029708867287,0.05,150,5,0.12962962962962962,0.8685997301919756,2.9312431225935622,-2.823529411764706
mtd_ai,200,0.005036769257897181,0.35714285714285715,3659.7324293899082,0.1,150,5,0.12962962962962962,0.8685997301919756,2.9312431225935622,-2.823529411764706
mtd_ai,200,0.005036769257897181,0.3515625,4797.914827041462,0.15,150,5,0.12962962962962962,0.8685997301919756,2.9312431225935622,-2.823529411764706
mtd_ai,200,0.005036769257897181,0.375,5785.725189419194,0.2,150,5,0.12962962962962962,0.8685997301919756,2.9312431225935622,-2.823529411764706
mtd_ai,200,0.005036769257897181,0.4032258064516129,6519.349942432976,0.25,150,5,0.12962962962962962,0.8685997301919756,2.9312431225935622,-2.823529411764706
mtd_ai,200,0.0050352789817706195,0.32608695652173914,2204.5390966088535,0.05,150,5,0.14166666666666666,2.188955663465705,4.279480066522595,0.0
mtd_ai,200,0.0050352789817706195,0.28846153846153844,5141.905274285333,0.1,150,5,0.14166666666666666,2.188955663465705,4.279480066522595,0.0
mtd_ai,200,0.0050352789817706195,0.3629032258064516,5790.568890508901,0.15,150,5,0.14166666666666666,2.188955663465705,4.279480066522595,0.0
mtd_ai,200,0.0050352789817706195,0.40540540540540543,6345.682654812323,0.2,150,5,0.14166666666666666,2.188955663465705,4.279480066522595,0.0
mtd_ai,200,0.0050352789817706195,0.4573170731707317,6919.390780470534,0.25,150,5,0.14166666666666666,2.188955663465705,4.279480066522595,0.0
mtd_ai,200,0.005071440816799481,0.32608695652173914,2535.370604196598,0.05,150,5,0.132,0.4876905838209929,0.8666629070557271,0.0
mtd_ai,200,0.005071440816799481,0.40540540540540543,3639.9493358773193,0.1,150,5,0.132,0.4876905838209929,0.8666629070557271,0.0
mtd_ai,200,0.005071440816799481,0.4411764705882353,4819.692337731274,0.15,150,5,0.132,0.4876905838209929,0.8666629070557271,0.0
mtd_ai,200,0.005071440816799481,0.45454545454545453,5666.824392869543,0.2,150,5,0.132,0.4876905838209929,0.8666629070557271,0.0
mtd_ai,200,0.005071440816799481,0.4934210526315789,6135.149906120432,0.25,150,5,0.132,0.4876905838209929,0.8666629070557271,0.0
mtd_ai,200,0.005045900717214002,0.4166666666666667,1913.3126712167784,0.05,150,5,0.12444444444444443,1.100815319352487,3.2659396926190074,0.0
mtd_ai,200,0.005045900717214002,0.4166666666666667,3562.3897988732915,0.1,150,5,0.12444444444444443,1.100815319352487,3.2659396926190074,0.0
mtd_ai,200,0.005045900717214002,0.4891304347826087,3974.3013968312134,0.15,150,5,0.12444444444444443,1.100815319352487,3.2659396926190074,0.0
mtd_ai,200,0.005045900717214002,0.5172413793103449,4457.177488351861,0.2,150,5,0.12444444444444443,1.100815319352487,3.2659396926190074,0.0
mtd_ai,200,0.005045900717214002,0.5067567567567568,5177.382527406407,0.25,150,5,0.12444444444444443,1.100815319352487,3.2659396926190074,0.0
mtd_ai,200,0.0050379929882243555,0.3125,2662.5822872595654,0.05,150,5,0.15444444444444444,1.7189553889879619,1.3648994162451322,3.935483870967742
mtd_ai,200,0.0050379929882243555,0.4166666666666667,3313.171081928145,0.1,150,5,0.15444444444444444,1.7189553889879619,1.3648994162451322,3.935483870967742
mtd_ai,200,0.0050379929882243555,0.42452830188679247,4536.930612417163,0.15,150,5,0.15444444444444444,1.7189553889879619,1.3648994162451322,3.935483870967742
mtd_ai,200,0.0050379929882243555,0.4166666666666667,5995.3517426197695,0.2,150,5,0.15444444444444444,1.7189553889879619,1.3648994162451322,3.935483870967742
mtd_ai,200,0.0050379929882243555,0.45180722891566266,6515.852951569948,0.25,150,5,0.15444444444444444,1.7189553889879619,1.3648994162451322,3.935483870967742
mtd_ai,200,0.005064546910069109,0.32608695652173914,2025.2985927778936,0.05,150,5,0.17277777777777775,0.5703666788387163,0.324239552264724,0.0
mtd_ai,200,0.005064546910069109,0.40540540540540543,2770.3991992455494,0.1,150,5,0.17277777777777775,0.5703666788387163,0.324239552264724,0.0
mtd_ai,200,0.005064546910069109,0.3629032258064516,4557.305657216733,0.15,150,5,0.17277777777777775,0.5703666788387163,0.324239552264724,0.0
mtd_ai,200,0.005064546910069109,0.39473684210526316,5515.559781787455,0.2,150,5,0.17277777777777775,0.5703666788387163,0.324239552264724,0.0
mtd_ai,200,0.005064546910069109,0.42134831460674155,6262.34917253014,0.25,150,5,0.17277777777777775,0.5703666788387163,0.324239552264724,0.0
mtd_ai,200,0.005087859643244501,0.3125,2599.541484625389,0.05,150,5,0.2777777777777778,1.0083376525088505,3.6618585841235256,0.0
mtd_ai,200,0.005087859643244501,0.4166666666666667,3222.509260463228,0.1,150,5,0.2777777777777778,1.0083376525088505,3.6618585841235256,0.0
mtd_ai,200,0.005087859643244501,0.46875,3887.0469358988885,0.15,150,5,0.2777777777777778,1.0083376525088505,3.6618585841235256,0.0
mtd_ai,200,0.005087859643244501,0.47619047619047616,4906.372758453478,0.2,150,5,0.2777777777777778,1.0083376525088505,3.6618585841235256,0.0
mtd_ai,200,0.005087859643244501,0.5208333333333334,5387.813785656839,0.25,150,5,0.2777777777777778,1.0083376525088505,3.6618585841235256,0.0
mtd_ai,200,0.005063358552782415,0.25,2158.0587280557857,0.05,150,5,0.14444444444444443,0.7105183331098299,2.240425728707145,0.0
mtd_ai,200,0.005063358552782415,0.2777777777777778,4030.5456000360155,0.1,150,5,0.14444444444444443,0.7105183331098299,2.240425728707145,0.0
mtd_ai,200,0.005063358552782415,0.33088235294117646,4787.085704480321,0.15,150,5,0.14444444444444443,0.7105183331098299,2.240425728707145,0.0
mtd_ai,200,0.005063358552782415,0.3614457831325301,5761.6207802141635,0.2,150,5,0.14444444444444443,0.7105183331098299,2.240425728707145,0.0
mtd_ai,200,0.005063358552782415,0.4032258064516129,6165.30192136625,0.25,150,5,0.14444444444444443,0.7105183331098299,2.240425728707145,0.0
mtd_ai,200,0.0050376645360237825,0.3,2946.0616153078017,0.05,150,5,0.14111111111111113,7.7600719050536275,5.248064995083438,0.0
mtd_ai,200,0.0050376645360237825,0.375,3700.673518061555,0.1,150,5,0.14111111111111113,7.7600719050536275,5.248064995083438,0.0
mtd_ai,200,0.0050376645360237825,0.4411764705882353,4157.069137175639,0.15,150,5,0.14111111111111113,7.7600719050536275,5.248064995083438,0.0
mtd_ai,200,0.0050376645360237825,0.4,5523.853628765489,0.2,150,5,0.14111111111111113,7.7600719050536275,5.248064995083438,0.0
mtd_ai,200,0.0050376645360237825,0.3787878787878788,7017.126123812283,0.25,150,5,0.14111111111111113,7.7600719050536275,5.248064995083438,0.0
mtd_ai,200,0.005082776865261736,0.39473684210526316,2166.216714159995,0.05,150,5,0.1545925925925926,5.318956704572599,2.6198177772857454,0.0
mtd_ai,200,0.005082776865261736,0.4166666666666667,3420.7739541350584,0.1,150,5,0.1545925925925926,5.318956704572599,2.6198177772857454,0.0
mtd_ai,200,0.005082776865261736,0.4891304347826087,3967.6737038769234,0.15,150,5,0.1545925925925926,5.318956704572599,2.6198177772857454,0.0
mtd_ai,200,0.005082776865261736,0.4918032786885246,4665.818564228575,0.2,150,5,0.1545925925925926,5.318956704572599,2.6198177772857454,0.0
mtd_ai,200,0.005082776865261736,0.47468354430379744,5628.847468145655,0.25,150,5,0.1545925925925926,5.318956704572599,2.6198177772857454,0.0
mtd_ai,200,0.005069766478957421,0.35714285714285715,2186.101071161448,0.05,150,5,0.375,0.5543361609500913,1.7332575654545344,0.0
mtd_ai,200,0.005069766478957421,0.4411764705882353,3192.977984006745,0.1,150,5,0.375,0.5543361609500913,1.7332575654545344,0.0
mtd_ai,200,0.005069766478957421,0.46875,4306.459747764899,0.15,150,5,0.375,0.5543361609500913,1.7332575654545344,0.0
mtd_ai,200,0.005069766478957421,0.5,5134.511572605987,0.2,150,5,0.375,0.5543361609500913,1.7332575654545344,0.0
mtd_ai,200,0.005069766478957421,0.5208333333333334,5959.69396926256,0.25,150,5,0.375,0.5543361609500913,1.7332575654545344,0.0
mtd_ai,200,0.005066181901677832,0.28846153846153844,3042.8053538078857,0.05,150,5,0.11333333333333333,2.7107597098766165,4.3695094392740765,0.0
mtd_ai,200,0.005066181901677832,0.40540540540540543,3729.8933677612067,0.1,150,5,0.11333333333333333,2.7107597098766165,4.3695094392740765,0.0
mtd_ai,200,0.005066181901677832,0.45,4528.789966832246,0.15,150,5,0.11333333333333333,2.7107597098766165,4.3695094392740765,0.0
mtd_ai,200,0.005066181901677832,0.4166666666666667,5575.251497047087,0.2,150,5,0.11333333333333333,2.7107597098766165,4.3695094392740765,0.0
mtd_ai,200,0.005066181901677832,0.42134831460674155,6226.023403396762,0.25,150,5,0.11333333333333333,2.7107597098766165,4.3695094392740765,0.0
mtd_ai,200,0.005074120069240822,0.3409090909090909,1814.3844008829747,0.05,150,5,0.14952380952380953,0.19895893106788468,0.8147423723992879,0.0
mtd_ai,200,0.005074120069240822,0.3409090909090909,3463.2846235766947,0.1,150,5,0.14952380952380953,0.19895893106788468,0.8147423723992879,0.0
mtd_ai,200,0.005074120069240822,0.36885245901639346,4275.145158830586,0.15,150,5,0.14952380952380953,0.19895893106788468,0.8147423723992879,0.0
mtd_ai,200,0.005074120069240822,0.379746835443038,5191.377303128413,0.2,150,5,0.14952380952380953,0.19895893106788468,0.8147423723992879,0.0
mtd_ai,200,0.005074120069240822,0.4166666666666667,5752.2890999683805,0.25,150,5,0.14952380952380953,0.19895893106788468,0.8147423723992879,0.0
mtd_ai,200,0.005058664580786235,0.28846153846153844,2956.8267335824034,0.05,150,5,0.1534920634920635,0.5476741236364514,2.3785937165476008,0.0
mtd_ai,200,0.005058664580786235,0.3191489361702128,4828.403868083356,0.1,150,5,0.1534920634920635,0.5476741236364514,2.3785937165476008,0.0
mtd_ai,200,0.005058664580786235,0.4017857142857143,5244.826841938253,0.15,150,5,0.1534920634920635,0.5476741236364514,2.3785937165476008,0.0
mtd_ai,200,0.005058664580786235,0.410958904109589,6559.606147068802,0.2,150,5,0.1534920634920635,0.5476741236364514,2.3785937165476008,0.0
mtd_ai,200,0.005058664580786235,0.45180722891566266,6956.795129907657,0.25,150,5,0.1534920634920635,0.5476741236364514,2.3785937165476008,0.0
mtd_ai,200,0.005047023097155381,0.3409090909090909,2282.424247871513,0.05,150,5,0.11977777777777779,0.042183608450235804,0.1747973502266261,0.0
mtd_ai,200,0.005047023097155381,0.40540540540540543,3490.835380442427,0.1,150,5,0.11977777777777779,0.042183608450235804,0.1747973502266261,0.0
mtd_ai,200,0.005047023097155381,0.45,4245.680742643787,0.15,150,5,0.11977777777777779,0.042183608450235804,0.1747973502266261,0.0
mtd_ai,200,0.005047023097155381,0.5,4818.866912153287,0.2,150,5,0.11977777777777779,0.042183608450235804,0.1747973502266261,0.0
mtd_ai,200,0.005047023097155381,0.487012987012987,5945.2636303935815,0.25,150,5,0.11977777777777779,0.042183608450235804,0.1747973502266261,0.0
mtd_ai,200,0.005067954649257143,0.20270270270270271,3175.5455487986674,0.05,150,5,0.13733333333333334,0.4980773013252435,2.179976300061391,0.0
mtd_ai,200,0.005067954649257143,0.2830188679245283,4272.0392398166405,0.1,150,5,0.13733333333333334,0.4980773013252435,2.179976300061391,0.0
mtd_ai,200,0.005067954649257143,0.31690140845070425,5429.4084943212365,0.15,150,5,0.13733333333333334,0.4980773013252435,2.179976300061391,0.0
mtd_ai,200,0.005067954649257143,0.35294117647058826,5999.441400491429,0.2,150,5,0.13733333333333334,0.4980773013252435,2.179976300061391,0.0
mtd_ai,200,0.005067954649257143,0.3865979381443299,6458.568642686048,0.25,150,5,0.13733333333333334,0.4980773013252435,2.179976300061391,0.0
mtd_ai,200,0.005081610094572574,0.26785714285714285,2882.467059995054,0.05,150,5,0.1277777777777778,0.49509010785489765,2.1684617676532625,0.0
mtd_ai,200,0.005081610094572574,0.3409090909090909,3748.6531243651943,0.1,150,5,0.1277777777777778,0.49509010785489765,2.1684617676532625,0.0
mtd_ai,200,0.005081610094572574,0.4166666666666667,4390.52045407625,0.15,150,5,0.1277777777777778,0.49509010785489765,2.1684617676532625,0.0
mtd_ai,200,0.005081610094572574,0.4225352112676056,5250.391115780111,0.2,150,5,0.1277777777777778,0.49509010785489765,2.1684617676532625,0.0
mtd_ai,200,0.005081610094572574,0.46296296296296297,5776.762918409743,0.25,150,5,0.1277777777777778,0.49509010785489765,2.1684617676532625,0.0
mtd_ai,200,0.005035399224272519,0.3125,2795.9010775963275,0.05,150,5,0.155,0.14199929694897617,0.3518994689691301,0.0
mtd_ai,200,0.005035399224272519,0.375,3981.990635070811,0.1,150,5,0.155,0.14199929694897617,0.3518994689691301,0.0
mtd_ai,200,0.005035399224272519,0.4017857142857143,5448.3288046625885,0.15,150,5,0.155,0.14199929694897617,0.3518994689691301,0.0
mtd_ai,200,0.005035399224272519,0.42857142857142855,6061.11685235368,0.2,150,5,0.155,0.14199929694897617,0.3518994689691301,0.0
mtd_ai,200,0.005035399224272519,0.46875,6463.837900436207,0.25,150,5,0.155,0.14199929694897617,0.3518994689691301,0.0
mtd_ai,200,0.005040139340859313,0.28846153846153844,2703.452351130837,0.05,150,5,0.12666666666666668,1.5985258692889868,5.022500468700115,0.0
mtd_ai,200,0.005040139340859313,0.3333333333333333,4152.936990031345,0.1,150,5,0.12666666666666668,1.5985258692889868,5.022500468700115,0.0
mtd_ai,200,0.005040139340859313,0.39473684210526316,4876.6545068610985,0.15,150,5,0.12666666666666668,1.5985258692889868,5.022500468700115,0.0
mtd_ai,200,0.005040139340859313,0.4411764705882353,5452.059861152176,0.2,150,5,0.12666666666666668,1.5985258692889868,5.022500468700115,0.0
mtd_ai,200,0.005040139340859313,0.4573170731707317,6304.213657032207,0.25,150,5,0.12666666666666668,1.5985258692889868,5.022500468700115,0.0
mtd_ai,200,0.005073593465188561,0.28846153846153844,2722.625210210607,0.05,150,5,0.13388888888888892,0.6411081389304474,2.137727948731918,0.0
mtd_ai,200,0.005073593465188561,0.3488372093023256,3964.869787915747,0.1,150,5,0.13388888888888892,0.6411081389304474,2.137727948731918,0.0
mtd_ai,200,0.005073593465188561,0.39473684210526316,4816.793112737304,0.15,150,5,0.13388888888888892,0.6411081389304474,2.137727948731918,0.0
mtd_ai,200,0.005073593465188561,0.42857142857142855,5229.669147677309,0.2,150,5,0.13388888888888892,0.6411081389304474,2.137727948731918,0.0
mtd_ai,200,0.005073593465188561,0.46875,5536.172951709503,0.25,150,5,0.13388888888888892,0.6411081389304474,2.137727948731918,0.0
mtd_ai,200,0.005066165259586797,0.35714285714285715,1843.1167305181218,0.05,150,5,0.18381481481481482,0.5511677910440876,1.8940519945102388,0.0
mtd_ai,200,0.005066165259586797,0.3488372093023256,4367.745106204248,0.1,150,5,0.18381481481481482,0.5511677910440876,1.8940519945102388,0.0
mtd_ai,200,0.005066165259586797,0.3879310344827586,5127.652192531994,0.15,150,5,0.18381481481481482,0.5511677910440876,1.8940519945102388,0.0
mtd_ai,200,0.005066165259586797,0.39473684210526316,6038.556107515706,0.2,150,5,0.18381481481481482,0.5511677910440876,1.8940519945102388,0.0
mtd_ai,200,0.005066165259586797,0.42613636363636365,6387.484723622796,0.25,150,5,0.18381481481481482,0.5511677910440876,1.8940519945102388,0.0
mtd_ai,200,0.005057058552540366,0.28846153846153844,2185.7510142513024,0.05,150,5,0.14111111111111113,0.8433085674577268,3.034593239788046,0.0
mtd_ai,200,0.005057058552540366,0.3191489361702128,3703.9467000218046,0.1,150,5,0.14111111111111113,0.8433085674577268,3.034593239788046,0.0
mtd_ai,200,0.005057058552540366,0.3813559322033898,4453.916007901646,0.15,150,5,0.14111111111111113,0.8433085674577268,3.034593239788046,0.0
mtd_ai,200,0.005057058552540366,0.40540540540540543,5524.135757920794,0.2,150,5,0.14111111111111113,0.8433085674577268,3.034593239788046,0.0
mtd_ai,200,0.005057058552540366,0.4032258064516129,7524.152893259707,0.25,150,5,0.14111111111111113,0.8433085674577268,3.034593239788046,0.0
mtd_ai,200,0.005063450836975546,0.22058823529411764,3582.947248254467,0.05,150,5,0.13555555555555554,0.007131129454121924,0.010092097063807126,0.0
mtd_ai,200,0.005063450836975546,0.3,4529.99872825624,0.1,150,5,0.13555555555555554,0.007131129454121924,0.010092097063807126,0.0
mtd_ai,200,0.005063450836975546,0.3629032258064516,5272.902521496033,0.15,150,5,0.13555555555555554,0.007131129454121924,0.010092097063807126,0.0
mtd_ai,200,0.005063450836975546,0.379746835443038,6184.162217900801,0.2,150,5,0.13555555555555554,0.007131129454121924,0.010092097063807126,0.0
mtd_ai,200,0.005063450836975546,0.43103448275862066,6486.380455935418,0.25,150,5,0.13555555555555554,0.007131129454121924,0.010092097063807126,0.0
mtd_ai,200,0.00504236222021301,0.26785714285714285,2624.077560175688,0.05,150,5,0.0625,0.7419500209004595,2.430080168796571,0.06451612903225806
mtd_ai,200,0.00504236222021301,0.3488372093023256,3678.9996842433306,0.1,150,5,0.0625,0.7419500209004595,2.430080168796571,0.06451612903225806
mtd_ai,200,0.00504236222021301,0.4166666666666667,4236.281340406529,0.15,150,5,0.0625,0.7419500209004595,2.430080168796571,0.06451612903225806
mtd_ai,200,0.00504236222021301,0.42857142857142855,5216.198031361737,0.2,150,5,0.0625,0.7419500209004595,2.430080168796571,0.06451612903225806
mtd_ai,200,0.00504236222021301,0.47468354430379744,5508.214874274156,0.25,150,5,0.0625,0.7419500209004595,2.430080168796571,0.06451612903225806
mtd_ai,200,0.005100018069999162,0.5,1203.7816522098642,0.05,150,5,0.1438888888888889,0.6583897360546075,0.7363604854104426,0.0
mtd_ai,200,0.005100018069999162,0.5357142857142857,2098.1494122248987,0.1,150,5,0.1438888888888889,0.6583897360546075,0.7363604854104426,0.0
mtd_ai,200,0.005100018069999162,0.5232558139534884,2946.1662546640196,0.15,150,5,0.1438888888888889,0.6583897360546075,0.7363604854104426,0.0
mtd_ai,200,0.005100018069999162,0.5357142857142857,3854.4370965703897,0.2,150,5,0.1438888888888889,0.6583897360546075,0.7363604854104426,0.0
mtd_ai,200,0.005100018069999162,0.5769230769230769,4284.393151718834,0.25,150,5,0.1438888888888889,0.6583897360546075,0.7363604854104426,0.0
mtd_ai,200,0.0050929413133863725,0.375,1823.5819175397055,0.05,150,5,0.1538888888888889,1.3542285736247524,5.0337011879814355,0.0
mtd_ai,200,0.0050929413133863725,0.4411764705882353,2812.812489389704,0.1,150,5,0.1538888888888889,1.3542285736247524,5.0337011879814355,0.0
mtd_ai,200,0.0050929413133863725,0.4891304347826087,3488.9735244850644,0.15,150,5,0.1538888888888889,1.3542285736247524,5.0337011879814355,0.0
mtd_ai,200,0.0050929413133863725,0.5263157894736842,4083.6828269088455,0.2,150,5,0.1538888888888889,1.3542285736247524,5.0337011879814355,0.0
mtd_ai,200,0.0050929413133863725,0.5597014925373134,4501.17498129589,0.25,150,5,0.1538888888888889,1.3542285736247524,5.0337011879814355,0.0
mtd_ai,200,0.005087747826325144,0.39473684210526316,1493.9186535875795,0.05,150,5,0.10900000000000001,0.1927037815213806,0.7608810550210767,0.0
mtd_ai,200,0.005087747826325144,0.42857142857142855,2898.8311122755304,0.1,150,5,0.10900000000000001,0.1927037815213806,0.7608810550210767,0.0
mtd_ai,200,0.005087747826325144,0.4891304347826087,3612.584703362397,0.15,150,5,0.10900000000000001,0.1927037815213806,0.7608810550210767,0.0
mtd_ai,200,0.005087747826325144,0.4918032786885246,4337.998901068586,0.2,150,5,0.10900000000000001,0.1927037815213806,0.7608810550210767,0.0
mtd_ai,200,0.005087747826325144,0.5208333333333334,5067.750707070816,0.25,150,5,0.10900000000000001,0.1927037815213806,0.7608810550210767,0.0
mtd_ai,200,0.00503770140959266,0.3,1774.630163303684,0.05,150,5,0.10666666666666667,0.22021714563027614,0.22656809981568737,5.423076923076923
mtd_ai,200,0.00503770140959266,0.32608695652173914,3561.9485392182414,0.1,150,5,0.10666666666666667,0.22021714563027614,0.22656809981568737,5.423076923076923
mtd_ai,200,0.00503770140959266,0.4017857142857143,4160.7841773770315,0.15,150,5,0.10666666666666667,0.22021714563027614,0.22656809981568737,5.423076923076923
mtd_ai,200,0.00503770140959266,0.40540540540540543,5329.1285997316845,0.2,150,5,0.10666666666666667,0.22021714563027614,0.22656809981568737,5.423076923076923
mtd_ai,200,0.00503770140959266,0.4076086956521739,6359.136841684061,0.25,150,5,0.10666666666666667,0.22021714563027614,0.22656809981568737,5.423076923076923
mtd_ai,200,0.00504347400546563,0.375,1951.4086095113414,0.05,150,5,0.13166666666666665,1.4065988102727396,2.495804678294455,0.0
mtd_ai,200,0.00504347400546563,0.3125,3733.687071381337,0.1,150,5,0.13166666666666665,1.4065988102727396,2.495804678294455,0.0
mtd_ai,200,0.00504347400546563,0.3813559322033898,4298.654914847994,0.15,150,5,0.13166666666666665,1.4065988102727396,2.495804678294455,0.0
mtd_ai,200,0.00504347400546563,0.4,5633.029180221077,0.2,150,5,0.13166666666666665,1.4065988102727396,2.495804678294455,0.0
mtd_ai,200,0.00504347400546563,0.43103448275862066,6392.255068127977,0.25,150,5,0.13166666666666665,1.4065988102727396,2.495804678294455,0.0
mtd_ai,200,0.005031538819978347,0.3125,2439.2606901236104,0.05,150,5,0.10055555555555556,0.635590933510354,2.4153814111949226,0.0
mtd_ai,200,0.005031538819978347,0.3191489361702128,4273.687708872674,0.1,150,5,0.10055555555555556,0.635590933510354,2.4153814111949226,0.0
mtd_ai,200,0.005031538819978347,0.4090909090909091,4827.5058998090535,0.15,150,5,0.10055555555555556,0.635590933510354,2.4153814111949226,0.0
mtd_ai,200,0.005031538819978347,0.4166666666666667,5946.765760688386,0.2,150,5,0.10055555555555556,0.635590933510354,2.4153814111949226,0.0
mtd_ai,200,0.005031538819978347,0.42134831460674155,7613.315663082537,0.25,150,5,0.10055555555555556,0.635590933510354,2.4153814111949226,0.0
mtd_ai,200,0.005061203668074756,0.21428571428571427,3093.39933237478,0.05,150,5,0.1188888888888889,0.511327481282918,2.2684850617944825,0.0
mtd_ai,200,0.005061203668074756,0.3,4320.665557700413,0.1,150,5,0.1188888888888889,0.511327481282918,2.2684850617944825,0.0
mtd_ai,200,0.005061203668074756,0.3515625,5366.141498793124,0.15,150,5,0.1188888888888889,0.511327481282918,2.2684850617944825,0.0
mtd_ai,200,0.005061203668074756,0.3614457831325301,6272.920381542117,0.2,150,5,0.1188888888888889,0.511327481282918,2.2684850617944825,0.0
mtd_ai,200,0.005061203668074756,0.4076086956521739,6618.525563608741,0.25,150,5,0.1188888888888889,0.511327481282918,2.2684850617944825,0.0
mtd_ai,200,0.005074513831696168,0.26785714285714285,1893.817925434877,0.05,150,5,0.18181818181818182,0.07967228109206514,0.1518624558169664,0.0
mtd_ai,200,0.005074513831696168,0.3,4042.6241485448063,0.1,150,5,0.18181818181818182,0.07967228109206514,0.1518624558169664,0.0
mtd_ai,200,0.005074513831696168,0.3629032258064516,4728.984450917633,0.15,150,5,0.18181818181818182,0.07967228109206514,0.1518624558169664,0.0
mtd_ai,200,0.005074513831696168,0.379746835443038,5344.379124922223,0.2,150,5,0.18181818181818182,0.07967228109206514,0.1518624558169664,0.0
mtd_ai,200,0.005074513831696168,0.4166666666666667,5740.880932704956,0.25,150,5,0.18181818181818182,0.07967228109206514,0.1518624558169664,0.0
mtd_ai,200,0.005073554145280979,0.3,2923.2686147443655,0.05,150,5,0.10333333333333333,1.9684799147640313,4.141719148775196,0.0
mtd_ai,200,0.005073554145280979,0.36585365853658536,3744.9942894333253,0.1,150,5,0.10333333333333333,1.9684799147640313,4.141719148775196,0.0
mtd_ai,200,0.005073554145280979,0.4017857142857143,5128.069691096429,0.15,150,5,0.10333333333333333,1.9684799147640313,4.141719148775196,0.0
mtd_ai,200,0.005073554145280979,0.45454545454545453,5741.710612923415,0.2,150,5,0.10333333333333333,1.9684799147640313,4.141719148775196,0.0
mtd_ai,200,0.005073554145280979,0.4934210526315789,6193.719865537893,0.25,150,5,0.10333333333333333,1.9684799147640313,4.141719148775196,0.0
mtd_ai,200,0.005053038741674651,0.25862068965517243,2494.0661166730706,0.05,150,5,0.14333333333333334,3.3185914192512107,5.818128226278366,0.0
mtd_ai,200,0.005053038741674651,0.32608695652173914,3584.288501867011,0.1,150,5,0.14333333333333334,3.3185914192512107,5.818128226278366,0.0
mtd_ai,200,0.005053038741674651,0.375,4855.661125712763,0.15,150,5,0.14333333333333334,3.3185914192512107,5.818128226278366,0.0
mtd_ai,200,0.005053038741674651,0.35714285714285715,6375.953019026749,0.2,150,5,0.14333333333333334,3.3185914192512107,5.818128226278366,0.0
mtd_ai,200,0.005053038741674651,0.3712871287128713,7295.679837674699,0.25,150,5,0.14333333333333334,3.3185914192512107,5.818128226278366,0.0
mtd_ai,200,0.005051080406602216,0.25862068965517243,3305.8445636570777,0.05,150,5,0.10666666666666667,0.49169072383856083,1.854158364576908,0.0
mtd_ai,200,0.005051080406602216,0.3488372093023256,4144.312073788693,0.1,150,5,0.10666666666666667,0.49169072383856083,1.854158364576908,0.0
mtd_ai,200,0.005051080406602216,0.42452830188679247,4484.946500236098,0.15,150,5,0.10666666666666667,0.49169072383856083,1.854158364576908,0.0
mtd_ai,200,0.005051080406602216,0.44776119402985076,5336.375043723499,0.2,150,5,0.10666666666666667,0.49169072383856083,1.854158364576908,0.0
mtd_ai,200,0.005051080406602216,0.487012987012987,5867.456390490284,0.25,150,5,0.10666666666666667,0.49169072383856083,1.854158364576908,0.0
mtd_ai,200,0.005033759739379919,0.20833333333333334,3831.347147884808,0.05,150,5,0.134,0.3193464428575578,1.3604772390433084,0.0
mtd_ai,200,0.005033759739379919,0.2459016393442623,6612.8496392635,0.1,150,5,0.134,0.3193464428575578,1.3604772390433084,0.0
mtd_ai,200,0.005033759739379919,0.30405405405405406,7370.969896862111,0.15,150,5,0.134,0.3193464428575578,1.3604772390433084,0.0
mtd_ai,200,0.005033759739379919,0.35714285714285715,7736.682000845792,0.2,150,5,0.134,0.3193464428575578,1.3604772390433084,0.0
mtd_ai,200,0.005033759739379919,0.4076086956521739,8102.702788123154,0.25,150,5,0.134,0.3193464428575578,1.3604772390433084,0.0
mtd_ai,200,0.005040115110738205,0.4166666666666667,1895.816724243212,0.05,150,5,0.14866666666666667,0.33280449249690736,1.4886486816455697,0.0
mtd_ai,200,0.005040115110738205,0.4411764705882353,2873.740951214998,0.1,150,5,0.14866666666666667,0.33280449249690736,1.4886486816455697,0.0
mtd_ai,200,0.005040115110738205,0.46875,3896.615843983418,0.15,150,5,0.14866666666666667,0.33280449249690736,1.4886486816455697,0.0
mtd_ai,200,0.005040115110738205,0.4918032786885246,5306.2907125408965,0.2,150,5,0.14866666666666667,0.33280449249690736,1.4886486816455697,0.0
mtd_ai,200,0.005040115110738205,0.5136986301369864,5983.8495363588845,0.25,150,5,0.14866666666666667,0.33280449249690736,1.4886486816455697,0.0
mtd_ai,200,0.0050749579462777,0.25862068965517243,2107.751640316467,0.05,150,5,0.11866666666666667,2.27436168237655,6.072306884296053,0.0
mtd_ai,200,0.0050749579462777,0.3488372093023256,3310.158860483012,0.1,150,5,0.11866666666666667,2.27436168237655,6.072306884296053,0.0
mtd_ai,200,0.0050749579462777,0.39473684210526316,4689.771096999956,0.15,150,5,0.11866666666666667,2.27436168237655,6.072306884296053,0.0
mtd_ai,200,0.0050749579462777,0.45454545454545453,4958.258081971176,0.2,150,5,0.11866666666666667,2.27436168237655,6.072306884296053,0.0
mtd_ai,200,0.0050749579462777,0.47468354430379744,6039.956722872751,0.25,150,5,0.11866666666666667,2.27436168237655,6.072306884296053,0.0
mtd_ai,200,0.005061281950447348,0.25862068965517243,3258.349457564489,0.05,150,5,0.0,0.2760731780945235,0.8056079155146868,0.0
mtd_ai,200,0.005061281950447348,0.3333333333333333,4819.939432257775,0.1,150,5,0.0,0.2760731780945235,0.8056079155146868,0.0
mtd_ai,200,0.005061281950447348,0.3813559322033898,5631.6469692074315,0.15,150,5,0.0,0.2760731780945235,0.8056079155146868,0.0
mtd_ai,200,0.005061281950447348,0.4166666666666667,6144.411269534294,0.2,150,5,0.0,0.2760731780945235,0.8056079155146868,0.0
mtd_ai,200,0.005061281950447348,0.42613636363636365,6950.794322842986,0.25,150,5,0.0,0.2760731780945235,0.8056079155146868,0.0
mtd_ai,200,0.005043029075746529,0.375,1853.1212496775454,0.05,150,5,0.1430952380952381,1.0152879540661217,3.943359043872987,0.0
mtd_ai,200,0.005043029075746529,0.4411764705882353,3482.1843832568175,0.1,150,5,0.1430952380952381,1.0152879540661217,3.943359043872987,0.0
mtd_ai,200,0.005043029075746529,0.4891304347826087,4588.906581491928,0.15,150,5,0.1430952380952381,1.0152879540661217,3.943359043872987,0.0
mtd_ai,200,0.005043029075746529,0.5084745762711864,5309.15099912665,0.2,150,5,0.1430952380952381,1.0152879540661217,3.943359043872987,0.0
mtd_ai,200,0.005043029075746529,0.5434782608695652,5904.322504032547,0.25,150,5,0.1430952380952381,1.0152879540661217,3.943359043872987,0.0
mtd_ai,200,0.005043976845005525,0.3409090909090909,2029.6484590988111,0.05,150,5,0.15444444444444444,0.9223881372260943,2.64000423692319,4.724137931034483
mtd_ai,200,0.005043976845005525,0.39473684210526316,3057.8856578446384,0.1,150,5,0.15444444444444444,0.9223881372260943,2.64000423692319,4.724137931034483
mtd_ai,200,0.005043976845005525,0.4326923076923077,4191.557105717804,0.15,150,5,0.15444444444444444,0.9223881372260943,2.64000423692319,4.724137931034483
mtd_ai,200,0.005043976845005525,0.43478260869565216,5413.651888013898,0.2,150,5,0.15444444444444444,0.9223881372260943,2.64000423692319,4.724137931034483
mtd_ai,200,0.005043976845005525,0.46296296296296297,5876.601059931869,0.25,150,5,0.15444444444444444,0.9223881372260943,2.64000423692319,4.724137931034483
mtd_ai,200,0.005070448107295923,0.22058823529411764,2920.621316031091,0.05,150,5,0.10733333333333334,6.588182346974235,5.320461887072925,0.0
mtd_ai,200,0.005070448107295923,0.29411764705882354,3931.0766368897143,0.1,150,5,0.10733333333333334,6.588182346974235,5.320461887072925,0.0
mtd_ai,200,0.005070448107295923,0.3629032258064516,4633.544576650023,0.15,150,5,0.10733333333333334,6.588182346974235,5.320461887072925,0.0
mtd_ai,200,0.005070448107295923,0.410958904109589,5407.004266418277,0.2,150,5,0.10733333333333334,6.588182346974235,5.320461887072925,0.0
mtd_ai,200,0.005070448107295923,0.44642857142857145,6294.3778410209015,0.25,150,5,0.10733333333333334,6.588182346974235,5.320461887072925,0.0
mtd_ai,200,0.005045363389640967,0.375,1767.2150791504719,0.05,150,5,0.1,0.2847450813550954,0.8528457657744104,0.0
mtd_ai,200,0.005045363389640967,0.39473684210526316,3268.463158122325,0.1,150,5,0.1,0.2847450813550954,0.8528457657744104,0.0
mtd_ai,200,0.005045363389640967,0.4787234042553192,3796.367742544706,0.15,150,5,0.1,0.2847450813550954,0.8528457657744104,0.0
mtd_ai,200,0.005045363389640967,0.4838709677419355,5084.436256432229,0.2,150,5,0.1,0.2847450813550954,0.8528457657744104,0.0
mtd_ai,200,0.005045363389640967,0.5067567567567568,5641.821570733141,0.25,150,5,0.1,0.2847450813550954,0.8528457657744104,0.0
mtd_ai,200,0.0050443362044609715,0.32608695652173914,2033.6874564882341,0.05,150,5,0.07666666666666666,1.2332814583475864,4.062461516719909,0.0
mtd_ai,200,0.0050443362044609715,0.39473684210526316,3111.129036475841,0.1,150,5,0.07666666666666666,1.2332814583475864,4.062461516719909,0.0
mtd_ai,200,0.0050443362044609715,0.39473684210526316,5193.58062669277,0.15,150,5,0.07666666666666666,1.2332814583475864,4.062461516719909,0.0
mtd_ai,200,0.0050443362044609715,0.4411764705882353,5594.456078682251,0.2,150,5,0.07666666666666666,1.2332814583475864,4.062461516719909,0.0
mtd_ai,200,0.0050443362044609715,0.46875,6049.836836224955,0.25,150,5,0.07666666666666666,1.2332814583475864,4.062461516719909,0.0
mtd_ai,200,0.0050767475021267034,0.3409090909090909,2572.1445939000505,0.05,150,5,0.12200000000000001,0.25222628430200167,0.9286021684142526,0.0
mtd_ai,200,0.0050767475021267034,0.4411764705882353,3379.555909631178,0.1,150,5,0.12200000000000001,0.25222628430200167,0.9286021684142526,0.0
mtd_ai,200,0.0050767475021267034,0.5,4108.751707332622,0.15,150,5,0.12200000000000001,0.25222628430200167,0.9286021684142526,0.0
mtd_ai,200,0.0050767475021267034,0.5172413793103449,4857.591057304118,0.2,150,5,0.12200000000000001,0.25222628430200167,0.9286021684142526,0.0
mtd_ai,200,0.0050767475021267034,0.5514705882352942,5233.907946606179,0.25,150,5,0.12200000000000001,0.25222628430200167,0.9286021684142526,0.0
mtd_ai,200,0.005041840449686905,0.4166666666666667,1692.7741254948664,0.05,150,5,0.18225661375661376,2.956606469574634,6.140763876655156,4.21875
mtd_ai,200,0.005041840449686905,0.4838709677419355,2546.952267031068,0.1,150,5,0.18225661375661376,2.956606469574634,6.140763876655156,4.21875
mtd_ai,200,0.005041840449686905,0.4787234042553192,3555.218989267721,0.15,150,5,0.18225661375661376,2.956606469574634,6.140763876655156,4.21875
mtd_ai,200,0.005041840449686905,0.4225352112676056,5420.786990059124,0.2,150,5,0.18225661375661376,2.956606469574634,6.140763876655156,4.21875
mtd_ai,200,0.005041840449686905,0.46875,6047.3182772810105,0.25,150,5,0.18225661375661376,2.956606469574634,6.140763876655156,4.21875
mtd_ai,200,0.005065706401201032,0.3125,2409.7507710642876,0.05,150,5,0.117,0.7751317662098759,2.90989058645014,0.0
mtd_ai,200,0.005065706401201032,0.39473684210526316,3384.63078084815,0.1,150,5,0.117,0.7751317662098759,2.90989058645014,0.0
mtd_ai,200,0.005065706401201032,0.45,3969.5763520412497,0.15,150,5,0.117,0.7751317662098759,2.90989058645014,0.0
mtd_ai,200,0.005065706401201032,0.4838709677419355,4541.798010770952,0.2,150,5,0.117,0.7751317662098759,2.90989058645014,0.0
mtd_ai,200,0.005065706401201032,0.3787878787878788,6170.6824055003235,0.25,150,5,0.117,0.7751317662098759,2.90989058645014,0.0
mtd_ai,200,0.005052285023490244,0.3409090909090909,2111.5163044746023,0.05,150,5,0.10666666666666667,0.9350474325250927,3.1622937852531305,0.0
mtd_ai,200,0.005052285023490244,0.4166666666666667,3093.887017554641,0.1,150,5,0.10666666666666667,0.9350474325250927,3.1622937852531305,0.0
mtd_ai,200,0.005052285023490244,0.4787234042553192,3782.2874022655014,0.15,150,5,0.10666666666666667,0.9350474325250927,3.1622937852531305,0.0
mtd_ai,200,0.005052285023490244,0.4411764705882353,5275.118912690632,0.2,150,5,0.10666666666666667,0.9350474325250927,3.1622937852531305,0.0
mtd_ai,200,0.005052285023490244,0.42134831460674155,7463.892197140097,0.25,150,5,0.10666666666666667,0.9350474325250927,3.1622937852531305,0.0
mtd_ai,200,0.005060020895381799,0.32608695652173914,2856.873751527004,0.05,150,5,0.152,0.06571170519592849,0.2826941828970645,0.0
mtd_ai,200,0.005060020895381799,0.3488372093023256,4437.055339854834,0.1,150,5,0.152,0.06571170519592849,0.2826941828970645,0.0
mtd_ai,200,0.005060020895381799,0.4166666666666667,5170.264533697254,0.15,150,5,0.152,0.06571170519592849,0.2826941828970645,0.0
mtd_ai,200,0.005060020895381799,0.43478260869565216,6040.30408185176,0.2,150,5,0.152,0.06571170519592849,0.2826941828970645,0.0
mtd_ai,200,0.005060020895381799,0.46875,6610.3759731675245,0.25,150,5,0.152,0.06571170519592849,0.2826941828970645,0.0
mtd_ai,200,0.00505941767118693,0.35714285714285715,2083.8713914364403,0.05,150,5,0.4166666666666667,0.8831278503394199,2.5740051552538654,0.0
mtd_ai,200,0.00505941767118693,0.35714285714285715,4180.487549126519,0.1,150,5,0.4166666666666667,0.8831278503394199,2.5740051552538654,0.0
mtd_ai,200,0.00505941767118693,0.39473684210526316,4799.272326753709,0.15,150,5,0.4166666666666667,0.8831278503394199,2.5740051552538654,0.0
mtd_ai,200,0.00505941767118693,0.35294117647058826,6217.195498631108,0.2,150,5,0.4166666666666667,0.8831278503394199,2.5740051552538654,0.0
mtd_ai,200,0.00505941767118693,0.390625,7046.443433904893,0.25,150,5,0.4166666666666667,0.8831278503394199,2.5740051552538654,0.0
mtd_ai,200,0.005081032116410147,0.4166666666666667,1720.9206019319547,0.05,150,5,0.14444444444444446,0.3952615466437652,1.477055204144718,0.0
mtd_ai,200,0.005081032116410147,0.38461538461538464,4038.8897886453506,0.1,150,5,0.14444444444444446,0.3952615466437652,1.477055204144718,0.0
mtd_ai,200,0.005081032116410147,0.45,4574.245723331654,0.15,150,5,0.14444444444444446,0.3952615466437652,1.477055204144718,0.0
mtd_ai,200,0.005081032116410147,0.4838709677419355,5066.381988880578,0.2,150,5,0.14444444444444446,0.3952615466437652,1.477055204144718,0.0
mtd_ai,200,0.005081032116410147,0.5208333333333334,5609.119069634444,0.25,150,5,0.14444444444444446,0.3952615466437652,1.477055204144718,0.0
mtd_ai,200,0.005045698820934643,0.3125,2712.1609930181553,0.05,150,5,0.2727272727272727,0.3235204241220368,1.2722803722516849,-4.964285714285714
mtd_ai,200,0.005045698820934643,0.42857142857142855,3366.3265636186447,0.1,150,5,0.2727272727272727,0.3235204241220368,1.2722803722516849,-4.964285714285714
mtd_ai,200,0.005045698820934643,0.4891304347826087,3916.3182692310443,0.15,150,5,0.2727272727272727,0.3235204241220368,1.2722803722516849,-4.964285714285714
mtd_ai,200,0.005045698820934643,0.4838709677419355,4990.274648646979,0.2,150,5,0.2727272727272727,0.3235204241220368,1.2722803722516849,-4.964285714285714
mtd_ai,200,0.005045698820934643,0.4934210526315789,6004.101863158563,0.25,150,5,0.2727272727272727,0.3235204241220368,1.2722803722516849,-4.964285714285714
mtd_ai,200,0.005048886763455967,0.3409090909090909,2262.9719125609145,0.05,150,5,0.13796296296296295,0.1620431796846467,0.4302117888533122,4.566666666666666
mtd_ai,200,0.005048886763455967,0.375,3479.243245860318,0.1,150,5,0.13796296296296295,0.1620431796846467,0.4302117888533122,4.566666666666666
mtd_ai,200,0.005048886763455967,0.45,4051.1221099427353,0.15,150,5,0.13796296296296295,0.1620431796846467,0.4302117888533122,4.566666666666666
mtd_ai,200,0.005048886763455967,0.4918032786885246,4666.027107379639,0.2,150,5,0.13796296296296295,0.1620431796846467,0.4302117888533122,4.566666666666666
mtd_ai,200,0.005048886763455967,0.5357142857142857,5053.069332021234,0.25,150,5,0.13796296296296295,0.1620431796846467,0.4302117888533122,4.566666666666666
mtd_ai,200,0.005083467711660867,0.375,1876.4289917735546,0.05,150,5,0.1434920634920635,0.8656702370211719,3.744567378320435,0.0
mtd_ai,200,0.005083467711660867,0.45454545454545453,2789.791754615579,0.1,150,5,0.1434920634920635,0.8656702370211719,3.744567378320435,0.0
mtd_ai,200,0.005083467711660867,0.4891304347826087,3587.4675239879275,0.15,150,5,0.1434920634920635,0.8656702370211719,3.744567378320435,0.0
mtd_ai,200,0.005083467711660867,0.5084745762711864,4418.2496002239095,0.2,150,5,0.1434920634920635,0.8656702370211719,3.744567378320435,0.0
mtd_ai,200,0.005083467711660867,0.5434782608695652,4751.25630725088,0.25,150,5,0.1434920634920635,0.8656702370211719,3.744567378320435,0.0
mtd_ai,200,0.0050658316860048794,0.234375,3462.7493887234396,0.05,150,5,0.14285714285714285,1.4237793318125513,2.0666017147235802,0.0
mtd_ai,200,0.0050658316860048794,0.30612244897959184,4428.539740923596,0.1,150,5,0.14285714285714285,1.4237793318125513,2.0666017147235802,0.0
mtd_ai,200,0.0050658316860048794,0.375,5243.3263177508,0.15,150,5,0.14285714285714285,1.4237793318125513,2.0666017147235802,0.0
mtd_ai,200,0.0050658316860048794,0.410958904109589,5765.722603424053,0.2,150,5,0.14285714285714285,1.4237793318125513,2.0666017147235802,0.0
mtd_ai,200,0.0050658316860048794,0.39473684210526316,6730.456694264629,0.25,150,5,0.14285714285714285,1.4237793318125513,2.0666017147235802,0.0
mtd_ai,200,0.005064419409326169,0.46875,1378.2374618918643,0.05,150,5,0.11333333333333333,1.1536104825773141,2.045578501207806,0.0
mtd_ai,200,0.005064419409326169,0.4411764705882353,3034.0830402152787,0.1,150,5,0.11333333333333333,1.1536104825773141,2.045578501207806,0.0
mtd_ai,200,0.005064419409326169,0.4891304347826087,3733.425465917291,0.15,150,5,0.11333333333333333,1.1536104825773141,2.045578501207806,0.0
mtd_ai,200,0.005064419409326169,0.5263157894736842,4241.614562579065,0.2,150,5,0.11333333333333333,1.1536104825773141,2.045578501207806,0.0
mtd_ai,200,0.005064419409326169,0.4934210526315789,5856.358089318858,0.25,150,5,0.11333333333333333,1.1536104825773141,2.045578501207806,0.0
mtd_ai,200,0.005047763497003827,0.3125,1965.3503216479112,0.05,150,5,0.16988888888888895,0.4582727711370543,1.047862437132486,0.0
mtd_ai,200,0.005047763497003827,0.375,3278.799953285178,0.1,150,5,0.16988888888888895,0.4582727711370543,1.047862437132486,0.0
mtd_ai,200,0.005047763497003827,0.4166666666666667,4269.450496540745,0.15,150,5,0.16988888888888895,0.4582727711370543,1.047862437132486,0.0
mtd_ai,200,0.005047763497003827,0.45454545454545453,4839.645645166127,0.2,150,5,0.16988888888888895,0.4582727711370543,1.047862437132486,0.0
mtd_ai,200,0.005047763497003827,0.487012987012987,5324.159703024359,0.25,150,5,0.16988888888888895,0.4582727711370543,1.047862437132486,0.0
mtd_ai,200,0.005040868855178421,0.375,1931.5619046468832,0.05,150,5,0.12533333333333332,0.3576039909045946,1.4680320806952463,0.0
mtd_ai,200,0.005040868855178421,0.38461538461538464,4055.929652512867,0.1,150,5,0.12533333333333332,0.3576039909045946,1.4680320806952463,0.0
mtd_ai,200,0.005040868855178421,0.45,4551.803123348433,0.15,150,5,0.12533333333333332,0.3576039909045946,1.4680320806952463,0.0
mtd_ai,200,0.005040868855178421,0.4918032786885246,5263.425491498867,0.2,150,5,0.12533333333333332,0.3576039909045946,1.4680320806952463,0.0
mtd_ai,200,0.005040868855178421,0.487012987012987,5922.605737403997,0.25,150,5,0.12533333333333332,0.3576039909045946,1.4680320806952463,0.0
mtd_ai,200,0.005043933902391789,0.375,1977.1358804108377,0.05,150,5,0.15888888888888889,1.3969520969809814,5.056381849884293,4.533333333333333
mtd_ai,200,0.005043933902391789,0.42857142857142855,2890.180960155117,0.1,150,5,0.15888888888888889,1.3969520969809814,5.056381849884293,4.533333333333333
mtd_ai,200,0.005043933902391789,0.4326923076923077,4704.468213304546,0.15,150,5,0.15888888888888889,1.3969520969809814,5.056381849884293,4.533333333333333
mtd_ai,200,0.005043933902391789,0.4411764705882353,5625.26144571808,0.2,150,5,0.15888888888888889,1.3969520969809814,5.056381849884293,4.533333333333333
mtd_ai,200,0.005043933902391789,0.4573170731707317,6407.728168168619,0.25,150,5,0.15888888888888889,1.3969520969809814,5.056381849884293,4.533333333333333
mtd_ai,200,0.005071905448870358,0.375,2095.6193380174755,0.05,150,5,0.12666666666666668,0.05997150921600644,0.11577765288594108,0.0
mtd_ai,200,0.005071905448870358,0.42857142857142855,3396.171461733612,0.1,150,5,0.12666666666666668,0.05997150921600644,0.11577765288594108,0.0
mtd_ai,200,0.005071905448870358,0.46875,4181.739090775594,0.15,150,5,0.12666666666666668,0.05997150921600644,0.11577765288594108,0.0
mtd_ai,200,0.005071905448870358,0.5084745762711864,4746.187503733462,0.2,150,5,0.12666666666666668,0.05997150921600644,0.11577765288594108,0.0
mtd_ai,200,0.005071905448870358,0.5136986301369864,5396.845269936251,0.25,150,5,0.12666666666666668,0.05997150921600644,0.11577765288594108,0.0
mtd_ai,200,0.005041970198695631,0.35714285714285715,2628.6005908377047,0.05,150,5,0.14333333333333334,1.0086661090243227,4.131771586711009,0.0
mtd_ai,200,0.005041970198695631,0.42857142857142855,3751.9410957117775,0.1,150,5,0.14333333333333334,1.0086661090243227,4.131771586711009,0.0
mtd_ai,200,0.005041970198695631,0.46875,4681.985122909419,0.15,150,5,0.14333333333333334,1.0086661090243227,4.131771586711009,0.0
mtd_ai,200,0.005041970198695631,0.5,5247.755100775076,0.2,150,5,0.14333333333333334,1.0086661090243227,4.131771586711009,0.0
mtd_ai,200,0.005041970198695631,0.5067567567567568,5802.884416467465,0.25,150,5,0.14333333333333334,1.0086661090243227,4.131771586711009,0.0
mtd_ai,200,0.005056047734813829,0.234375,3676.0438569321295,0.05,150,5,0.12388888888888891,0.07425415457423744,0.2981680994250834,0.0
mtd_ai,200,0.005056047734813829,0.2777777777777778,5610.741184749254,0.1,150,5,0.12388888888888891,0.07425415457423744,0.2981680994250834,0.0
mtd_ai,200,0.005056047734813829,0.35714285714285715,5897.873777527217,0.15,150,5,0.12388888888888891,0.07425415457423744,0.2981680994250834,0.0
mtd_ai,200,0.005056047734813829,0.39473684210526316,6713.2631958214715,0.2,150,5,0.12388888888888891,0.07425415457423744,0.2981680994250834,0.0
mtd_ai,200,0.005056047734813829,0.436046511627907,7128.274403669527,0.25,150,5,0.12388888888888891,0.07425415457423744,0.2981680994250834,0.0
mtd_ai,200,0.005072863760010282,0.4166666666666667,1796.280401978151,0.05,150,5,0.13277777777777777,3.2733013075436337,5.730308814716766,0.0
mtd_ai,200,0.005072863760010282,0.42857142857142855,3122.6941919206256,0.1,150,5,0.13277777777777777,3.2733013075436337,5.730308814716766,0.0
mtd_ai,200,0.005072863760010282,0.4891304347826087,3734.005133287835,0.15,150,5,0.13277777777777777,3.2733013075436337,5.730308814716766,0.0
mtd_ai,200,0.005072863760010282,0.4918032786885246,4757.235441867033,0.2,150,5,0.13277777777777777,3.2733013075436337,5.730308814716766,0.0
mtd_ai,200,0.005072863760010282,0.5136986301369864,5365.895122233715,0.25,150,5,0.13277777777777777,3.2733013075436337,5.730308814716766,0.0
mtd_ai,200,0.005054831747249802,0.2777777777777778,2581.3704016898737,0.05,150,5,0.12944444444444442,0.21251749988975102,0.6419571025206069,0.0
mtd_ai,200,0.005054831747249802,0.3488372093023256,3500.3518229289666,0.1,150,5,0.12944444444444442,0.21251749988975102,0.6419571025206069,0.0
mtd_ai,200,0.005054831747249802,0.4090909090909091,4052.6196558186775,0.15,150,5,0.12944444444444442,0.21251749988975102,0.6419571025206069,0.0
mtd_ai,200,0.005054831747249802,0.43478260869565216,4759.158912670049,0.2,150,5,0.12944444444444442,0.21251749988975102,0.6419571025206069,0.0
mtd_ai,200,0.005054831747249802,0.47468354430379744,5190.865738618782,0.25,150,5,0.12944444444444442,0.21251749988975102,0.6419571025206069,0.0
mtd_ai,200,0.005059528309120781,0.4411764705882353,1695.2326681188852,0.05,150,5,0.13233333333333333,3.4490936519428863,5.804040598073472,0.0
mtd_ai,200,0.005059528309120781,0.5,2560.5176769191908,0.1,150,5,0.13233333333333333,3.4490936519428863,5.804040598073472,0.0
mtd_ai,200,0.005059528309120781,0.4891304347826087,4021.0185035118766,0.15,150,5,0.13233333333333333,3.4490936519428863,5.804040598073472,0.0
mtd_ai,200,0.005059528309120781,0.5263157894736842,4431.883947109708,0.2,150,5,0.13233333333333333,3.4490936519428863,5.804040598073472,0.0
mtd_ai,200,0.005059528309120781,0.5434782608695652,4862.287493653954,0.25,150,5,0.13233333333333333,3.4490936519428863,5.804040598073472,0.0
mtd_ai,200,0.005039504374945553,0.375,1536.9404082910842,0.05,150,5,0.13111111111111112,0.30335103054500356,0.9178733378546956,0.0
mtd_ai,200,0.005039504374945553,0.375,3284.0094987435778,0.1,150,5,0.13111111111111112,0.30335103054500356,0.9178733378546956,0.0
mtd_ai,200,0.005039504374945553,0.4017857142857143,4798.982596877334,0.15,150,5,0.13111111111111112,0.30335103054500356,0.9178733378546956,0.0
mtd_ai,200,0.005039504374945553,0.4166666666666667,5769.96239878546,0.2,150,5,0.13111111111111112,0.30335103054500356,0.9178733378546956,0.0
mtd_ai,200,0.005039504374945553,0.46296296296296297,6271.661745555863,0.25,150,5,0.13111111111111112,0.30335103054500356,0.9178733378546956,0.0
mtd_ai,200,0.005069516714590284,0.2777777777777778,2866.578756018781,0.05,150,5,0.15666666666666668,3.080158676409546,3.2664834113789367,0.0
mtd_ai,200,0.005069516714590284,0.3333333333333333,3806.7850036980117,0.1,150,5,0.15666666666666668,3.080158676409546,3.2664834113789367,0.0
mtd_ai,200,0.005069516714590284,0.3358208955223881,4825.62987931791,0.15,150,5,0.15666666666666668,3.080158676409546,3.2664834113789367,0.0
mtd_ai,200,0.005069516714590284,0.38461538461538464,5622.266378535422,0.2,150,5,0.15666666666666668,3.080158676409546,3.2664834113789367,0.0
mtd_ai,200,0.005069516714590284,0.4166666666666667,6146.889102272527,0.25,150,5,0.15666666666666668,3.080158676409546,3.2664834113789367,0.0
mtd_ai,200,0.0050400510047160655,0.3409090909090909,2136.312777570055,0.05,150,5,0.1348888888888889,0.3013019244101295,1.155542474485057,0.0
mtd_ai,200,0.0050400510047160655,0.38461538461538464,3474.590842648584,0.1,150,5,0.1348888888888889,0.3013019244101295,1.155542474485057,0.0
mtd_ai,200,0.0050400510047160655,0.45,4104.141698979762,0.15,150,5,0.1348888888888889,0.3013019244101295,1.155542474485057,0.0
mtd_ai,200,0.0050400510047160655,0.45454545454545453,5226.687752906177,0.2,150,5,0.1348888888888889,0.3013019244101295,1.155542474485057,0.0
mtd_ai,200,0.0050400510047160655,0.47468354430379744,5890.263713878438,0.25,150,5,0.1348888888888889,0.3013019244101295,1.155542474485057,0.0
mtd_ai,200,0.005055199209214228,0.25862068965517243,3336.569600707833,0.05,150,5,0.09666666666666666,0.3706229541403243,1.6520435025992208,0.0
mtd_ai,200,0.005055199209214228,0.3191489361702128,4253.407076656924,0.1,150,5,0.09666666666666666,0.3706229541403243,1.6520435025992208,0.0
mtd_ai,200,0.005055199209214228,0.3629032258064516,5538.264821475113,0.15,150,5,0.09666666666666666,0.3706229541403243,1.6520435025992208,0.0
mtd_ai,200,0.005055199209214228,0.375,6479.044802943495,0.2,150,5,0.09666666666666666,0.3706229541403243,1.6520435025992208,0.0
mtd_ai,200,0.005055199209214228,0.3826530612244898,7429.979348379019,0.25,150,5,0.09666666666666666,0.3706229541403243,1.6520435025992208,0.0
mtd_ai,200,0.005037291780348066,0.19736842105263158,3190.288309834482,0.05,150,5,0.1577777777777778,0.12700529215343734,0.47137746330996716,0.0
mtd_ai,200,0.005037291780348066,0.2777777777777778,4733.765660748071,0.1,150,5,0.1577777777777778,0.12700529215343734,0.47137746330996716,0.0
mtd_ai,200,0.005037291780348066,0.3409090909090909,5216.923330976359,0.15,150,5,0.1577777777777778,0.12700529215343734,0.47137746330996716,0.0
mtd_ai,200,0.005037291780348066,0.38461538461538464,6096.369112717603,0.2,150,5,0.1577777777777778,0.12700529215343734,0.47137746330996716,0.0
mtd_ai,200,0.005037291780348066,0.42134831460674155,6493.798407189186,0.25,150,5,0.1577777777777778,0.12700529215343734,0.47137746330996716,0.0
mtd_ai,200,0.0050820871055115005,0.3409090909090909,2123.1860629232865,0.05,150,5,0.11866666666666667,1.1592606576168707,2.379638191303257,0.0
mtd_ai,200,0.0050820871055115005,0.4411764705882353,2755.7215451896,0.1,150,5,0.11866666666666667,1.1592606576168707,2.379638191303257,0.0
mtd_ai,200,0.0050820871055115005,0.4787234042553192,3455.890312551491,0.15,150,5,0.11866666666666667,1.1592606576168707,2.379638191303257,0.0
mtd_ai,200,0.0050820871055115005,0.5172413793103449,4258.661072111516,0.2,150,5,0.11866666666666667,1.1592606576168707,2.379638191303257,0.0
mtd_ai,200,0.0050820871055115005,0.5434782608695652,4852.277987752397,0.25,150,5,0.11866666666666667,1.1592606576168707,2.379638191303257,0.0
mtd_ai,200,0.005046346477920757,0.3409090909090909,1924.8308467375066,0.05,150,5,0.13968253968253966,0.3401064636048348,1.309635650760062,0.0
mtd_ai,200,0.005046346477920757,0.40540540540540543,2865.4068944775945,0.1,150,5,0.13968253968253966,0.3401064636048348,1.309635650760062,0.0
mtd_ai,200,0.005046346477920757,0.4787234042553192,3257.8887090190865,0.15,150,5,0.13968253968253966,0.3401064636048348,1.309635650760062,0.0
mtd_ai,200,0.005046346477920757,0.46153846153846156,4857.719200324427,0.2,150,5,0.13968253968253966,0.3401064636048348,1.309635650760062,0.0
mtd_ai,200,0.005046346477920757,0.487012987012987,5508.385494854729,0.25,150,5,0.13968253968253966,0.3401064636048348,1.309635650760062,0.0
mtd_ai,200,0.00504510378711248,0.25,3458.7012504496806,0.05,150,5,0.19409523809523813,0.8016520481337903,2.698847036714316,0.0
mtd_ai,200,0.00504510378711248,0.3333333333333333,4266.245643174677,0.1,150,5,0.19409523809523813,0.8016520481337903,2.698847036714316,0.0
mtd_ai,200,0.00504510378711248,0.4017857142857143,4968.746457204154,0.15,150,5,0.19409523809523813,0.8016520481337903,2.698847036714316,0.0
mtd_ai,200,0.00504510378711248,0.40540540540540543,5897.484203640534,0.2,150,5,0.19409523809523813,0.8016520481337903,2.698847036714316,0.0
mtd_ai,200,0.00504510378711248,0.42613636363636365,6740.507686877552,0.25,150,5,0.19409523809523813,0.8016520481337903,2.698847036714316,0.0
mtd_ai,200,0.005059458452211992,0.28846153846153844,2362.075319575539,0.05,150,5,0.114,4.503344455513754,5.888099315592284,0.0
mtd_ai,200,0.005059458452211992,0.375,3958.008842178797,0.1,150,5,0.114,4.503344455513754,5.888099315592284,0.0
mtd_ai,200,0.005059458452211992,0.4090909090909091,5369.589602871875,0.15,150,5,0.114,4.503344455513754,5.888099315592284,0.0
mtd_ai,200,0.005059458452211992,0.4166666666666667,6337.11230238176,0.2,150,5,0.114,4.503344455513754,5.888099315592284,0.0
mtd_ai,200,0.005059458452211992,0.45180722891566266,6727.777693309162,0.25,150,5,0.114,4.503344455513754,5.888099315592284,0.0
mtd_ai,200,0.005073496568177525,0.39473684210526316,1731.0801038935087,0.05,150,5,0.07692307692307693,7.1957225167477565,4.813594385376308,0.0
mtd_ai,200,0.005073496568177525,0.4166666666666667,3394.5497380087854,0.1,150,5,0.07692307692307693,7.1957225167477565,4.813594385376308,0.0
mtd_ai,200,0.005073496568177525,0.45918367346938777,4570.736906415862,0.15,150,5,0.07692307692307693,7.1957225167477565,4.813594385376308,0.0
mtd_ai,200,0.005073496568177525,0.47619047619047616,5534.869305812539,0.2,150,5,0.07692307692307693,7.1957225167477565,4.813594385376308,0.0
mtd_ai,200,0.005073496568177525,0.5067567567567568,5951.1385530503885,0.25,150,5,0.07692307692307693,7.1957225167477565,4.813594385376308,0.0
mtd_ai,200,0.00506050165164269,0.2777777777777778,2508.21687540133,0.05,150,5,0.12200000000000001,1.5394077795993584,3.578786905608512,0.0
mtd_ai,200,0.00506050165164269,0.3191489361702128,3807.2246961716423,0.1,150,5,0.12200000000000001,1.5394077795993584,3.578786905608512,0.0
mtd_ai,200,0.00506050165164269,0.375,5003.710752438255,0.15,150,5,0.12200000000000001,1.5394077795993584,3.578786905608512,0.0
mtd_ai,200,0.00506050165164269,0.39473684210526316,6113.774508040788,0.2,150,5,0.12200000000000001,1.5394077795993584,3.578786905608512,0.0
mtd_ai,200,0.00506050165164269,0.4411764705882353,6621.406754451566,0.25,150,5,0.12200000000000001,1.5394077795993584,3.578786905608512,0.0
mtd_ai,200,0.005034479073328286,0.28846153846153844,3071.49171050274,0.05,150,5,0.13866666666666666,1.460618109008147,5.156431953362389,0.0
mtd_ai,200,0.005034479073328286,0.3333333333333333,4736.022916499122,0.1,150,5,0.13866666666666666,1.460618109008147,5.156431953362389,0.0
mtd_ai,200,0.005034479073328286,0.3813559322033898,5644.906571271897,0.15,150,5,0.13866666666666666,1.460618109008147,5.156431953362389,0.0
mtd_ai,200,0.005034479073328286,0.40540540540540543,6698.80975993096,0.2,150,5,0.13866666666666666,1.460618109008147,5.156431953362389,0.0
mtd_ai,200,0.005034479073328286,0.4573170731707317,6962.303070273696,0.25,150,5,0.13866666666666666,1.460618109008147,5.156431953362389,0.0
mtd_ai,200,0.005098459952686685,0.4166666666666667,1394.69822493962,0.05,150,5,0.10533333333333333,14.87040506247047,6.936104208912608,0.0
mtd_ai,200,0.005098459952686685,0.4838709677419355,2511.5778621406025,0.1,150,5,0.10533333333333333,14.87040506247047,6.936104208912608,0.0
mtd_ai,200,0.005098459952686685,0.5232558139534884,3314.28071831697,0.15,150,5,0.10533333333333333,14.87040506247047,6.936104208912608,0.0
mtd_ai,200,0.005098459952686685,0.5454545454545454,3763.0520795213756,0.2,150,5,0.10533333333333333,14.87040506247047,6.936104208912608,0.0
mtd_ai,200,0.005098459952686685,0.5681818181818182,4640.504929025925,0.25,150,5,0.10533333333333333,14.87040506247047,6.936104208912608,0.0
mtd_ai,200,0.0050460089035220404,0.32608695652173914,2501.2906414863783,0.05,150,5,0.1,0.8529846007779313,2.647658131331534,0.0
mtd_ai,200,0.0050460089035220404,0.35714285714285715,4390.832132227921,0.1,150,5,0.1,0.8529846007779313,2.647658131331534,0.0
mtd_ai,200,0.0050460089035220404,0.4166666666666667,5132.753168064889,0.15,150,5,0.1,0.8529846007779313,2.647658131331534,0.0
mtd_ai,200,0.0050460089035220404,0.42857142857142855,6060.534807013725,0.2,150,5,0.1,0.8529846007779313,2.647658131331534,0.0
mtd_ai,200,0.0050460089035220404,0.4807692307692308,6408.526378764836,0.25,150,5,0.1,0.8529846007779313,2.647658131331534,0.0
mtd_ai,200,0.005070955310707985,0.3,2776.3249647522944,0.05,150,5,0.13533333333333333,0.4301703591277977,1.8849862489262725,0.0
mtd_ai,200,0.005070955310707985,0.40540540540540543,3811.348454110029,0.1,150,5,0.13533333333333333,0.4301703591277977,1.8849862489262725,0.0
mtd_ai,200,0.005070955310707985,0.4787234042553192,4229.5649902315745,0.15,150,5,0.13533333333333333,0.4301703591277977,1.8849862489262725,0.0
mtd_ai,200,0.005070955310707985,0.5172413793103449,5187.541517330886,0.2,150,5,0.13533333333333333,0.4301703591277977,1.8849862489262725,0.0
mtd_ai,200,0.005070955310707985,0.487012987012987,6244.633592868174,0.25,150,5,0.13533333333333333,0.4301703591277977,1.8849862489262725,0.0
mtd_ai,200,0.005031899652370755,0.26785714285714285,3054.1849848447855,0.05,150,5,0.15222222222222223,0.5081632828939032,1.6846913462493391,0.0
mtd_ai,200,0.005031899652370755,0.28846153846153844,5301.926495234149,0.1,150,5,0.15222222222222223,0.5081632828939032,1.6846913462493391,0.0
mtd_ai,200,0.005031899652370755,0.35714285714285715,5918.640560031233,0.15,150,5,0.15222222222222223,0.5081632828939032,1.6846913462493391,0.0
mtd_ai,200,0.005031899652370755,0.3488372093023256,7529.569915331217,0.2,150,5,0.15222222222222223,0.5081632828939032,1.6846913462493391,0.0
mtd_ai,200,0.005031899652370755,0.3712871287128713,8285.15310050104,0.25,150,5,0.15222222222222223,0.5081632828939032,1.6846913462493391,0.0
mtd_ai,200,0.005050728331209056,0.28846153846153844,2989.2785205672617,0.05,150,5,0.10433333333333333,1.3774545640941036,4.607146705878049,0.0
mtd_ai,200,0.005050728331209056,0.38461538461538464,3952.5958998956835,0.1,150,5,0.10433333333333333,1.3774545640941036,4.607146705878049,0.0
mtd_ai,200,0.005050728331209056,0.4326923076923077,4783.8769582282475,0.15,150,5,0.10433333333333333,1.3774545640941036,4.607146705878049,0.0
mtd_ai,200,0.005050728331209056,0.46875,5362.152703768103,0.2,150,5,0.10433333333333333,1.3774545640941036,4.607146705878049,0.0
mtd_ai,200,0.005050728331209056,0.4934210526315789,5970.718601172835,0.25,150,5,0.10433333333333333,1.3774545640941036,4.607146705878049,0.0
mtd_ai,200,0.005058508283322529,0.19736842105263158,3908.737504436288,0.05,150,5,0.1461111111111111,1.123238129923739,2.434106954639236,0.0
mtd_ai,200,0.005058508283322529,0.2727272727272727,4743.207672729413,0.1,150,5,0.1461111111111111,1.123238129923739,2.434106954639236,0.0
mtd_ai,200,0.005058508283322529,0.3125,5573.310032600246,0.15,150,5,0.1461111111111111,1.123238129923739,2.434106954639236,0.0
mtd_ai,200,0.005058508283322529,0.3448275862068966,6261.066528983377,0.2,150,5,0.1461111111111111,1.123238129923739,2.434106954639236,0.0
mtd_ai,200,0.005058508283322529,0.36764705882352944,7158.268209808406,0.25,150,5,0.1461111111111111,1.123238129923739,2.434106954639236,0.0
mtd_ai,200,0.005079541833560486,0.35714285714285715,2074.23945326968,0.05,150,5,0.13,0.28955712958818036,0.32812718977430644,0.0
mtd_ai,200,0.005079541833560486,0.4166666666666667,3329.730748954443,0.1,150,5,0.13,0.28955712958818036,0.32812718977430644,0.0
mtd_ai,200,0.005079541833560486,0.45918367346938777,4156.247940163308,0.15,150,5,0.13,0.28955712958818036,0.32812718977430644,0.0
mtd_ai,200,0.005079541833560486,0.46153846153846156,5193.760337567475,0.2,150,5,0.13,0.28955712958818036,0.32812718977430644,0.0
mtd_ai,200,0.005079541833560486,0.487012987012987,5563.923131638039,0.25,150,5,0.13,0.28955712958818036,0.32812718977430644,0.0
mtd_ai,200,0.005071780234714397,0.5357142857142857,1505.7652254101445,0.05,150,5,0.13904761904761906,0.4788474730039417,1.9150188137169255,0.0
mtd_ai,200,0.005071780234714397,0.42857142857142855,2862.590718219851,0.1,150,5,0.13904761904761906,0.4788474730039417,1.9150188137169255,0.0
mtd_ai,200,0.005071780234714397,0.45918367346938777,3483.4938633200663,0.15,150,5,0.13904761904761906,0.4788474730039417,1.9150188137169255,0.0
mtd_ai,200,0.005071780234714397,0.45454545454545453,4574.911147829977,0.2,150,5,0.13904761904761906,0.4788474730039417,1.9150188137169255,0.0
mtd_ai,200,0.005071780234714397,0.42613636363636365,5905.656766862928,0.25,150,5,0.13904761904761906,0.4788474730039417,1.9150188137169255,0.0
mtd_ai,200,0.005054646942143622,0.35714285714285715,2133.436292629632,0.05,150,5,0.10333333333333333,0.5886428611137129,2.140958082765954,0.0
mtd_ai,200,0.005054646942143622,0.4166666666666667,3477.672570418589,0.1,150,5,0.10333333333333333,0.5886428611137129,2.140958082765954,0.0
mtd_ai,200,0.005054646942143622,0.46875,4163.1108938901825,0.15,150,5,0.10333333333333333,0.5886428611137129,2.140958082765954,0.0
mtd_ai,200,0.005054646942143622,0.46153846153846156,5050.132949496295,0.2,150,5,0.10333333333333333,0.5886428611137129,2.140958082765954,0.0
mtd_ai,200,0.005054646942143622,0.5136986301369864,5594.098093523228,0.25,150,5,0.10333333333333333,0.5886428611137129,2.140958082765954,0.0
mtd_ai,200,0.005035664125458222,0.3409090909090909,2179.015244520323,0.05,150,5,0.14133333333333334,1.0619304813517425,3.327946764850069,0.0
mtd_ai,200,0.005035664125458222,0.3125,4805.07600481915,0.1,150,5,0.14133333333333334,1.0619304813517425,3.327946764850069,0.0
mtd_ai,200,0.005035664125458222,0.3879310344827586,5363.240111151657,0.15,150,5,0.14133333333333334,1.0619304813517425,3.327946764850069,0.0
mtd_ai,200,0.005035664125458222,0.44776119402985076,5628.402766665333,0.2,150,5,0.14133333333333334,1.0619304813517425,3.327946764850069,0.0
mtd_ai,200,0.005035664125458222,0.46296296296296297,6476.5546670692875,0.25,150,5,0.14133333333333334,1.0619304813517425,3.327946764850069,0.0
mtd_ai,200,0.005043329842006352,0.39473684210526316,1385.5352158960523,0.05,150,5,0.09833333333333333,0.75307893709494,2.431626119517915,0.0
mtd_ai,200,0.005043329842006352,0.4411764705882353,2480.163640864343,0.1,150,5,0.09833333333333333,0.75307893709494,2.431626119517915,0.0
mtd_ai,200,0.005043329842006352,0.4017857142857143,5040.861359005627,0.15,150,5,0.09833333333333333,0.75307893709494,2.431626119517915,0.0
mtd_ai,200,0.005043329842006352,0.43478260869565216,5920.294766238489,0.2,150,5,0.09833333333333333,0.75307893709494,2.431626119517915,0.0
mtd_ai,200,0.005043329842006352,0.4807692307692308,6339.768319797482,0.25,150,5,0.09833333333333333,0.75307893709494,2.431626119517915,0.0
mtd_ai,200,0.0050819087675090125,0.46875,1393.3126696366312,0.05,150,5,0.17266666666666663,1.0267446011188361,2.2561285841727092,0.0
mtd_ai,200,0.0050819087675090125,0.45454545454545453,2667.1001030185344,0.1,150,5,0.17266666666666663,1.0267446011188361,2.2561285841727092,0.0
mtd_ai,200,0.0050819087675090125,0.45918367346938777,3846.8500662613724,0.15,150,5,0.17266666666666663,1.0267446011188361,2.2561285841727092,0.0
mtd_ai,200,0.0050819087675090125,0.47619047619047616,4438.297678770704,0.2,150,5,0.17266666666666663,1.0267446011188361,2.2561285841727092,0.0
mtd_ai,200,0.0050819087675090125,0.5208333333333334,4860.978942488197,0.25,150,5,0.17266666666666663,1.0267446011188361,2.2561285841727092,0.0
mtd_ai,200,0.005053634697664773,0.3125,2577.7134958742618,0.05,150,5,0.08266666666666667,0.00497216151462675,0.02225515756350885,0.0
mtd_ai,200,0.005053634697664773,0.3191489361702128,4489.062294006851,0.1,150,5,0.08266666666666667,0.00497216151462675,0.02225515756350885,0.0
mtd_ai,200,0.005053634697664773,0.34615384615384615,6168.767376251319,0.15,150,5,0.08266666666666667,0.00497216151462675,0.02225515756350885,0.0
mtd_ai,200,0.005053634697664773,0.379746835443038,7091.023413652825,0.2,150,5,0.08266666666666667,0.00497216151462675,0.02225515756350885,0.0
mtd_ai,200,0.005053634697664773,0.42613636363636365,7521.434838873702,0.25,150,5,0.08266666666666667,0.00497216151462675,0.02225515756350885,0.0
mtd_ai,200,0.0050835874860443815,0.32608695652173914,2059.004336014833,0.05,150,5,0.135,1.5550169164994219,4.980251136291752,0.0
mtd_ai,200,0.0050835874860443815,0.4166666666666667,2967.7391952611233,0.1,150,5,0.135,1.5550169164994219,4.980251136291752,0.0
mtd_ai,200,0.0050835874860443815,0.46875,4075.6699610213414,0.15,150,5,0.135,1.5550169164994219,4.980251136291752,0.0
mtd_ai,200,0.0050835874860443815,0.44776119402985076,4963.4098176368025,0.2,150,5,0.135,1.5550169164994219,4.980251136291752,0.0
mtd_ai,200,0.0050835874860443815,0.487012987012987,5478.967771164789,0.25,150,5,0.135,1.5550169164994219,4.980251136291752,0.0
mtd_ai,200,0.005053022597069784,0.375,1652.562939883414,0.05,150,5,0.07142857142857142,1.4875772668854483,4.900061619438089,-5.037037037037037
mtd_ai,200,0.005053022597069784,0.45454545454545453,2688.973795861727,0.1,150,5,0.07142857142857142,1.4875772668854483,4.900061619438089,-5.037037037037037
mtd_ai,200,0.005053022597069784,0.5232558139534884,3367.2961600521485,0.15,150,5,0.07142857142857142,1.4875772668854483,4.900061619438089,-5.037037037037037
mtd_ai,200,0.005053022597069784,0.5263157894736842,4503.990026410801,0.2,150,5,0.07142857142857142,1.4875772668854483,4.900061619438089,-5.037037037037037
mtd_ai,200,0.005053022597069784,0.5597014925373134,4996.850390157152,0.25,150,5,0.07142857142857142,1.4875772668854483,4.900061619438089,-5.037037037037037
mtd_ai,200,0.005075198335413043,0.35714285714285715,2371.6207634071034,0.05,150,5,0.11222222222222221,0.5326044239258076,2.216044643194676,0.0
mtd_ai,200,0.005075198335413043,0.38461538461538464,4137.979723806366,0.1,150,5,0.11222222222222221,0.5326044239258076,2.216044643194676,0.0
mtd_ai,200,0.005075198335413043,0.4787234042553192,4353.714277965148,0.15,150,5,0.11222222222222221,0.5326044239258076,2.216044643194676,0.0
mtd_ai,200,0.005075198335413043,0.4918032786885246,4832.821417790281,0.2,150,5,0.11222222222222221,0.5326044239258076,2.216044643194676,0.0
mtd_ai,200,0.005075198335413043,0.5208333333333334,5319.490218927427,0.25,150,5,0.11222222222222221,0.5326044239258076,2.216044643194676,0.0
mtd_ai,200,0.005043871017207681,0.25862068965517243,2915.945902593826,0.05,150,5,0.12666666666666668,1.2927389728382985,4.859225733697794,0.0
mtd_ai,200,0.005043871017207681,0.35714285714285715,3820.102515934153,0.1,150,5,0.12666666666666668,1.2927389728382985,4.859225733697794,0.0
mtd_ai,200,0.005043871017207681,0.3813559322033898,5426.552316984806,0.15,150,5,0.12666666666666668,1.2927389728382985,4.859225733697794,0.0
mtd_ai,200,0.005043871017207681,0.42857142857142855,5862.148666229054,0.2,150,5,0.12666666666666668,1.2927389728382985,4.859225733697794,0.0
mtd_ai,200,0.005043871017207681,0.46296296296296297,6558.77965399624,0.25,150,5,0.12666666666666668,1.2927389728382985,4.859225733697794,0.0
mtd_ai,200,0.005074454664552181,0.26785714285714285,2643.745236871827,0.05,150,5,0.09325925925925926,0.44256240382262,1.647427591278385,0.0
mtd_ai,200,0.005074454664552181,0.36585365853658536,3728.3710740062224,0.1,150,5,0.09325925925925926,0.44256240382262,1.647427591278385,0.0
mtd_ai,200,0.005074454664552181,0.4326923076923077,4375.830220132697,0.15,150,5,0.09325925925925926,0.44256240382262,1.647427591278385,0.0
mtd_ai,200,0.005074454664552181,0.4411764705882353,5416.92198155428,0.2,150,5,0.09325925925925926,0.44256240382262,1.647427591278385,0.0
mtd_ai,200,0.005074454664552181,0.4807692307692308,5899.503471813858,0.25,150,5,0.09325925925925926,0.44256240382262,1.647427591278385,0.0
mtd_ai,200,0.0050367222982763814,0.2777777777777778,2495.1164869855356,0.05,150,5,0.15766666666666668,1.8486978741788553,5.2643529438244805,0.0
mtd_ai,200,0.0050367222982763814,0.32608695652173914,3476.624748697312,0.1,150,5,0.15766666666666668,1.8486978741788553,5.2643529438244805,0.0
mtd_ai,200,0.0050367222982763814,0.4017857142857143,4124.344165791888,0.15,150,5,0.15766666666666668,1.8486978741788553,5.2643529438244805,0.0
mtd_ai,200,0.0050367222982763814,0.38461538461538464,5081.546856641809,0.2,150,5,0.15766666666666668,1.8486978741788553,5.2643529438244805,0.0
mtd_ai,200,0.0050367222982763814,0.42134831460674155,6011.22182025216,0.25,150,5,0.15766666666666668,1.8486978741788553,5.2643529438244805,0.0
mtd_ai,200,0.005069871506883711,0.2777777777777778,2652.370583454673,0.05,150,5,0.14694444444444446,3.072194476747778,6.956353330917573,0.0
mtd_ai,200,0.005069871506883711,0.3488372093023256,3452.807331075825,0.1,150,5,0.14694444444444446,3.072194476747778,6.956353330917573,0.0
mtd_ai,200,0.005069871506883711,0.4166666666666667,4341.865148948715,0.15,150,5,0.14694444444444446,3.072194476747778,6.956353330917573,0.0
mtd_ai,200,0.005069871506883711,0.46875,4732.070030753524,0.2,150,5,0.14694444444444446,3.072194476747778,6.956353330917573,0.0
mtd_ai,200,0.005069871506883711,0.4934210526315789,5694.038709443996,0.25,150,5,0.14694444444444446,3.072194476747778,6.956353330917573,0.0
mtd_ai,200,0.005043044923772533,0.25862068965517243,3851.5049128321616,0.05,150,5,0.24444444444444444,3.225821256293738,5.485471156086817,-5.625
mtd_ai,200,0.005043044923772533,0.375,4513.3006787174645,0.1,150,5,0.24444444444444444,3.225821256293738,5.485471156086817,-5.625
mtd_ai,200,0.005043044923772533,0.4326923076923077,5151.489303547511,0.15,150,5,0.24444444444444444,3.225821256293738,5.485471156086817,-5.625
mtd_ai,200,0.005043044923772533,0.46875,5537.998843753731,0.2,150,5,0.24444444444444444,3.225821256293738,5.485471156086817,-5.625
mtd_ai,200,0.005043044923772533,0.5,5959.851525782352,0.25,150,5,0.24444444444444444,3.225821256293738,5.485471156086817,-5.625
mtd_ai,200,0.005033504713835432,0.17857142857142858,3596.2727688349205,0.05,150,5,0.10333333333333333,71.00428308102508,9.546098833947571,0.0
mtd_ai,200,0.005033504713835432,0.26785714285714285,4713.507940869828,0.1,150,5,0.10333333333333333,71.00428308102508,9.546098833947571,0.0
mtd_ai,200,0.005033504713835432,0.30405405405405406,5548.863760139617,0.15,150,5,0.10333333333333333,71.00428308102508,9.546098833947571,0.0
mtd_ai,200,0.005033504713835432,0.3448275862068966,6472.187231698388,0.2,150,5,0.10333333333333333,71.00428308102508,9.546098833947571,0.0
mtd_ai,200,0.005033504713835432,0.35714285714285715,7093.624963994681,0.25,150,5,0.10333333333333333,71.00428308102508,9.546098833947571,0.0
mtd_ai,200,0.005081433216246731,0.3,2550.6151424711147,0.05,150,5,0.114,0.39924686759536215,1.6356103694136248,0.0
mtd_ai,200,0.005081433216246731,0.375,3513.893679104488,0.1,150,5,0.114,0.39924686759536215,1.6356103694136248,0.0
mtd_ai,200,0.005081433216246731,0.45,4062.263678270616,0.15,150,5,0.114,0.39924686759536215,1.6356103694136248,0.0
mtd_ai,200,0.005081433216246731,0.47619047619047616,4550.786797061227,0.2,150,5,0.114,0.39924686759536215,1.6356103694136248,0.0
mtd_ai,200,0.005081433216246731,0.5,5083.239881699827,0.25,150,5,0.114,0.39924686759536215,1.6356103694136248,0.0
mtd_ai,200,0.005044408272670251,0.3409090909090909,2333.812105047568,0.05,150,5,0.07692307692307693,1.5759806346068606,3.2614160491040396,0.0
mtd_ai,200,0.005044408272670251,0.4166666666666667,3584.129238949983,0.1,150,5,0.07692307692307693,1.5759806346068606,3.2614160491040396,0.0
mtd_ai,200,0.005044408272670251,0.42452830188679247,5296.276828673941,0.15,150,5,0.07692307692307693,1.5759806346068606,3.2614160491040396,0.0
mtd_ai,200,0.005044408272670251,0.46153846153846156,5770.827022143866,0.2,150,5,0.07692307692307693,1.5759806346068606,3.2614160491040396,0.0
mtd_ai,200,0.005044408272670251,0.4934210526315789,6479.552206166175,0.25,150,5,0.07692307692307693,1.5759806346068606,3.2614160491040396,0.0
mtd_ai,200,0.005056022683497113,0.28846153846153844,3147.020816914624,0.05,150,5,0.13043478260869565,10.472286125988798,3.828340185141459,0.0
mtd_ai,200,0.005056022683497113,0.32608695652173914,4835.937381688816,0.1,150,5,0.13043478260869565,10.472286125988798,3.828340185141459,0.0
mtd_ai,200,0.005056022683497113,0.3879310344827586,5660.379877075334,0.15,150,5,0.13043478260869565,10.472286125988798,3.828340185141459,0.0
mtd_ai,200,0.005056022683497113,0.4225352112676056,6343.228118093386,0.2,150,5,0.13043478260869565,10.472286125988798,3.828340185141459,0.0
mtd_ai,200,0.005056022683497113,0.47468354430379744,6726.714714831742,0.25,150,5,0.13043478260869565,10.472286125988798,3.828340185141459,0.0
mtd_ai,200,0.005084728909337294,0.2777777777777778,2390.177596948668,0.05,150,5,0.10666666666666667,0.36061770357914474,1.5558050840974063,0.0
mtd_ai,200,0.005084728909337294,0.3488372093023256,3469.125248669804,0.1,150,5,0.10666666666666667,0.36061770357914474,1.5558050840974063,0.0
mtd_ai,200,0.005084728909337294,0.4326923076923077,3919.301189619073,0.15,150,5,0.10666666666666667,0.36061770357914474,1.5558050840974063,0.0
mtd_ai,200,0.005084728909337294,0.46153846153846156,4866.428467951274,0.2,150,5,0.10666666666666667,0.36061770357914474,1.5558050840974063,0.0
mtd_ai,200,0.005084728909337294,0.5136986301369864,5325.093937240018,0.25,150,5,0.10666666666666667,0.36061770357914474,1.5558050840974063,0.0
mtd_ai,200,0.0050909006834392945,0.375,1905.007876642504,0.05,150,5,0.14166666666666666,0.5653105373108314,1.9492300721040063,0.0
mtd_ai,200,0.0050909006834392945,0.4166666666666667,3193.246739616908,0.1,150,5,0.14166666666666666,0.5653105373108314,1.9492300721040063,0.0
mtd_ai,200,0.0050909006834392945,0.46875,4069.609544495811,0.15,150,5,0.14166666666666666,0.5653105373108314,1.9492300721040063,0.0
mtd_ai,200,0.0050909006834392945,0.5,4638.635390023946,0.2,150,5,0.14166666666666666,0.5653105373108314,1.9492300721040063,0.0
mtd_ai,200,0.0050909006834392945,0.5357142857142857,5325.567051648072,0.25,150,5,0.14166666666666666,0.5653105373108314,1.9492300721040063,0.0
mtd_ai,200,0.0050442256301420785,0.28846153846153844,2149.557405379378,0.05,150,5,0.09333333333333334,1.2749900058666743,3.5136687965555264,0.0
mtd_ai,200,0.0050442256301420785,0.35714285714285715,3301.2095556965323,0.1,150,5,0.09333333333333334,1.2749900058666743,3.5136687965555264,0.0
mtd_ai,200,0.0050442256301420785,0.33088235294117646,4818.0637914168265,0.15,150,5,0.09333333333333334,1.2749900058666743,3.5136687965555264,0.0
mtd_ai,200,0.0050442256301420785,0.35714285714285715,5521.810181709041,0.2,150,5,0.09333333333333334,1.2749900058666743,3.5136687965555264,0.0
mtd_ai,200,0.0050442256301420785,0.3787878787878788,6306.557832244316,0.25,150,5,0.09333333333333334,1.2749900058666743,3.5136687965555264,0.0
mtd_ai,200,0.005052709013805457,0.3409090909090909,2014.5986147121084,0.05,150,5,0.15666666666666668,0.09444810508593025,0.26400761810742834,0.0
mtd_ai,200,0.005052709013805457,0.3409090909090909,4339.138831177666,0.1,150,5,0.15666666666666668,0.09444810508593025,0.26400761810742834,0.0
mtd_ai,200,0.005052709013805457,0.28846153846153844,5892.683585121988,0.15,150,5,0.15666666666666668,0.09444810508593025,0.26400761810742834,0.0
mtd_ai,200,0.005052709013805457,0.3333333333333333,6545.246882806727,0.2,150,5,0.15666666666666668,0.09444810508593025,0.26400761810742834,0.0
mtd_ai,200,0.005052709013805457,0.3605769230769231,7051.316723036558,0.25,150,5,0.15666666666666668,0.09444810508593025,0.26400761810742834,0.0
mtd_ai,200,0.005077607322811399,0.2777777777777778,2706.0812300007556,0.05,150,5,0.08777777777777777,0.38577529028023866,1.4951981558835503,0.0
mtd_ai,200,0.005077607322811399,0.38461538461538464,3532.1712532846186,0.1,150,5,0.08777777777777777,0.38577529028023866,1.4951981558835503,0.0
mtd_ai,200,0.005077607322811399,0.45918367346938777,3963.10610482418,0.15,150,5,0.08777777777777777,0.38577529028023866,1.4951981558835503,0.0
mtd_ai,200,0.005077607322811399,0.47619047619047616,4831.007421879998,0.2,150,5,0.08777777777777777,0.38577529028023866,1.4951981558835503,0.0
mtd_ai,200,0.005077607322811399,0.4934210526315789,5378.353059761226,0.25,150,5,0.08777777777777777,0.38577529028023866,1.4951981558835503,0.0
mtd_ai,200,0.005064981888850228,0.3125,2441.870796024081,0.05,150,5,0.14333333333333334,0.7194680913019865,2.946185704658425,0.0
mtd_ai,200,0.005064981888850228,0.40540540540540543,3918.6368482892303,0.1,150,5,0.14333333333333334,0.7194680913019865,2.946185704658425,0.0
mtd_ai,200,0.005064981888850228,0.45,4864.611751123175,0.15,150,5,0.14333333333333334,0.7194680913019865,2.946185704658425,0.0
mtd_ai,200,0.005064981888850228,0.4918032786885246,5504.943463266995,0.2,150,5,0.14333333333333334,0.7194680913019865,2.946185704658425,0.0
mtd_ai,200,0.005064981888850228,0.4807692307692308,6552.38075739894,0.25,150,5,0.14333333333333334,0.7194680913019865,2.946185704658425,0.0
mtd_ai,200,0.005057984127506064,0.375,1801.782408236123,0.05,150,5,0.143,0.03154799412332955,0.13491543612813825,0.0
mtd_ai,200,0.005057984127506064,0.375,3293.7559555465314,0.1,150,5,0.143,0.03154799412332955,0.13491543612813825,0.0
mtd_ai,200,0.005057984127506064,0.4326923076923077,4040.76506689814,0.15,150,5,0.143,0.03154799412332955,0.13491543612813825,0.0
mtd_ai,200,0.005057984127506064,0.46875,4551.674600217941,0.2,150,5,0.143,0.03154799412332955,0.13491543612813825,0.0
mtd_ai,200,0.005057984127506064,0.5067567567567568,4979.926101496827,0.25,150,5,0.143,0.03154799412332955,0.13491543612813825,0.0
mtd_ai,200,0.005063917794744038,0.25,2430.7606033239617,0.05,150,5,0.11333333333333333,2.1786030891122317,4.637870678767743,0.0
mtd_ai,200,0.005063917794744038,0.3333333333333333,3856.426166601174,0.1,150,5,0.11333333333333333,2.1786030891122317,4.637870678767743,0.0
mtd_ai,200,0.005063917794744038,0.4017857142857143,4624.706658350956,0.15,150,5,0.11333333333333333,2.1786030891122317,4.637870678767743,0.0
mtd_ai,200,0.005063917794744038,0.42857142857142855,5645.151026209502,0.2,150,5,0.11333333333333333,2.1786030891122317,4.637870678767743,0.0
mtd_ai,200,0.005063917794744038,0.46296296296296297,6313.62335169586,0.25,150,5,0.11333333333333333,2.1786030891122317,4.637870678767743,0.0
mtd_ai,200,0.005073602560553462,0.3125,2498.00291488736,0.05,150,5,0.2058333333333333,3.3326895869126556,5.382866458192368,0.0
mtd_ai,200,0.005073602560553462,0.39473684210526316,3175.9107982824044,0.1,150,5,0.2058333333333333,3.3326895869126556,5.382866458192368,0.0
mtd_ai,200,0.005073602560553462,0.42452830188679247,4173.216811603417,0.15,150,5,0.2058333333333333,3.3326895869126556,5.382866458192368,0.0
mtd_ai,200,0.005073602560553462,0.46153846153846156,4744.994922180781,0.2,150,5,0.2058333333333333,3.3326895869126556,5.382866458192368,0.0
mtd_ai,200,0.005073602560553462,0.46875,6189.675123852848,0.25,150,5,0.2058333333333333,3.3326895869126556,5.382866458192368,0.0
mtd_ai,200,0.005065667757657652,0.26785714285714285,3229.5117003509695,0.05,150,5,0.12666666666666668,3.831050302270076,4.849563263379753,0.0
mtd_ai,200,0.005065667757657652,0.36585365853658536,4088.032342618828,0.1,150,5,0.12666666666666668,3.831050302270076,4.849563263379753,0.0
mtd_ai,200,0.005065667757657652,0.4411764705882353,4792.581275775243,0.15,150,5,0.12666666666666668,3.831050302270076,4.849563263379753,0.0
mtd_ai,200,0.005065667757657652,0.46153846153846156,5748.068436411045,0.2,150,5,0.12666666666666668,3.831050302270076,4.849563263379753,0.0
mtd_ai,200,0.005065667757657652,0.4934210526315789,6231.636610607494,0.25,150,5,0.12666666666666668,3.831050302270076,4.849563263379753,0.0
mtd_ai,200,0.005052044115043218,0.3409090909090909,1791.419163703234,0.05,150,5,0.12333333333333334,0.4845490252192909,1.9032533803249791,0.0
mtd_ai,200,0.005052044115043218,0.375,3306.36467137699,0.1,150,5,0.12333333333333334,0.4845490252192909,1.9032533803249791,0.0
mtd_ai,200,0.005052044115043218,0.4090909090909091,4148.955609211194,0.15,150,5,0.12333333333333334,0.4845490252192909,1.9032533803249791,0.0
mtd_ai,200,0.005052044115043218,0.44776119402985076,4644.882047600322,0.2,150,5,0.12333333333333334,0.4845490252192909,1.9032533803249791,0.0
mtd_ai,200,0.005052044115043218,0.4807692307692308,5405.8208006387085,0.25,150,5,0.12333333333333334,0.4845490252192909,1.9032533803249791,0.0
mtd_ai,200,0.005075288947852274,0.26785714285714285,2261.819746723107,0.05,150,5,0.17333333333333334,0.4033051740758856,1.389805852112179,0.0
mtd_ai,200,0.005075288947852274,0.36585365853658536,3197.5459922980535,0.1,150,5,0.17333333333333334,0.4033051740758856,1.389805852112179,0.0
mtd_ai,200,0.005075288947852274,0.4166666666666667,3868.4765763001133,0.15,150,5,0.17333333333333334,0.4033051740758856,1.389805852112179,0.0
mtd_ai,200,0.005075288947852274,0.4411764705882353,4768.195778045253,0.2,150,5,0.17333333333333334,0.4033051740758856,1.389805852112179,0.0
mtd_ai,200,0.005075288947852274,0.487012987012987,5271.200291082146,0.25,150,5,0.17333333333333334,0.4033051740758856,1.389805852112179,0.0
mtd_ai,200,0.005059126067026239,0.2777777777777778,2971.7926300746003,0.05,150,5,0.13277777777777777,0.11707162646400936,0.4410055750761731,0.0
mtd_ai,200,0.005059126067026239,0.30612244897959184,5340.763126260137,0.1,150,5,0.13277777777777777,0.11707162646400936,0.4410055750761731,0.0
mtd_ai,200,0.005059126067026239,0.3629032258064516,6655.363023222505,0.15,150,5,0.13277777777777777,0.11707162646400936,0.4410055750761731,0.0
mtd_ai,200,0.005059126067026239,0.38961038961038963,7229.1885402970065,0.2,150,5,0.13277777777777777,0.11707162646400936,0.4410055750761731,0.0
mtd_ai,200,0.005059126067026239,0.43103448275862066,7619.921772583754,0.25,150,5,0.13277777777777777,0.11707162646400936,0.4410055750761731,0.0
mtd_ai,200,0.0050661387845326806,0.24193548387096775,2717.881784872392,0.05,150,5,0.1311111111111111,0.22421049439878293,0.18963033309474142,0.0
mtd_ai,200,0.0050661387845326806,0.3191489361702128,3831.7405912984113,0.1,150,5,0.1311111111111111,0.22421049439878293,0.18963033309474142,0.0
mtd_ai,200,0.0050661387845326806,0.39473684210526316,4440.801532287731,0.15,150,5,0.1311111111111111,0.22421049439878293,0.18963033309474142,0.0
mtd_ai,200,0.0050661387845326806,0.39473684210526316,5559.703139274679,0.2,150,5,0.1311111111111111,0.22421049439878293,0.18963033309474142,0.0
mtd_ai,200,0.0050661387845326806,0.43103448275862066,6157.538326964412,0.25,150,5,0.1311111111111111,0.22421049439878293,0.18963033309474142,0.0
mtd_ai,200,0.00502785003108583,0.22058823529411764,4661.095887493244,0.05,150,5,0.13333333333333333,4.893295909940601,6.596184777044252,3.6052631578947367
mtd_ai,200,0.00502785003108583,0.3333333333333333,5304.279805413133,0.1,150,5,0.13333333333333333,4.893295909940601,6.596184777044252,3.6052631578947367
mtd_ai,200,0.00502785003108583,0.3358208955223881,6549.212516694044,0.15,150,5,0.13333333333333333,4.893295909940601,6.596184777044252,3.6052631578947367
mtd_ai,200,0.00502785003108583,0.375,7147.727322170324,0.2,150,5,0.13333333333333333,4.893295909940601,6.596184777044252,3.6052631578947367
mtd_ai,200,0.00502785003108583,0.375,8150.197693415931,0.25,150,5,0.13333333333333333,4.893295909940601,6.596184777044252,3.6052631578947367
mtd_ai,200,0.00507080434495254,0.28846153846153844,2500.387339399389,0.05,150,5,0.11599999999999999,0.8581080392402097,3.5704405195525992,0.0
mtd_ai,200,0.00507080434495254,0.40540540540540543,3206.4648224377634,0.1,150,5,0.11599999999999999,0.8581080392402097,3.5704405195525992,0.0
mtd_ai,200,0.00507080434495254,0.45,4248.835793351222,0.15,150,5,0.11599999999999999,0.8581080392402097,3.5704405195525992,0.0
mtd_ai,200,0.00507080434495254,0.4838709677419355,5069.1853393865385,0.2,150,5,0.11599999999999999,0.8581080392402097,3.5704405195525992,0.0
mtd_ai,200,0.00507080434495254,0.528169014084507,5622.624014708237,0.25,150,5,0.11599999999999999,0.8581080392402097,3.5704405195525992,0.0
mtd_ai,200,0.00506105053496272,0.3409090909090909,1840.07286106625,0.05,150,5,0.155,0.18055624469354295,0.18465593747459996,0.0
mtd_ai,200,0.00506105053496272,0.4166666666666667,2534.395714674397,0.1,150,5,0.155,0.18055624469354295,0.18465593747459996,0.0
mtd_ai,200,0.00506105053496272,0.46875,3406.454046761323,0.15,150,5,0.155,0.18055624469354295,0.18465593747459996,0.0
mtd_ai,200,0.00506105053496272,0.47619047619047616,4149.873629987467,0.2,150,5,0.155,0.18055624469354295,0.18465593747459996,0.0
mtd_ai,200,0.00506105053496272,0.5136986301369864,4461.509838008853,0.25,150,5,0.155,0.18055624469354295,0.18465593747459996,0.0
mtd_ai,200,0.005040106536943204,0.28846153846153844,3049.3936556538447,0.05,150,5,0.11288888888888889,5.16850981645001,6.745516645958029,0.0
mtd_ai,200,0.005040106536943204,0.40540540540540543,3849.9633046160375,0.1,150,5,0.11288888888888889,5.16850981645001,6.745516645958029,0.0
mtd_ai,200,0.005040106536943204,0.46875,4518.510482885109,0.15,150,5,0.11288888888888889,5.16850981645001,6.745516645958029,0.0
mtd_ai,200,0.005040106536943204,0.4838709677419355,5343.776233291859,0.2,150,5,0.11288888888888889,5.16850981645001,6.745516645958029,0.0
mtd_ai,200,0.005040106536943204,0.5,6035.658654849628,0.25,150,5,0.11288888888888889,5.16850981645001,6.745516645958029,0.0
mtd_ai,200,0.005053692380240289,0.3409090909090909,1806.4689207078982,0.05,150,5,0.043478260869565216,0.5236985454444647,2.2050140471323045,0.0
mtd_ai,200,0.005053692380240289,0.375,3812.0270905827538,0.1,150,5,0.043478260869565216,0.5236985454444647,2.2050140471323045,0.0
mtd_ai,200,0.005053692380240289,0.45918367346938777,4081.3795447747034,0.15,150,5,0.043478260869565216,0.5236985454444647,2.2050140471323045,0.0
mtd_ai,200,0.005053692380240289,0.5084745762711864,4553.990278390119,0.2,150,5,0.043478260869565216,0.5236985454444647,2.2050140471323045,0.0
mtd_ai,200,0.005053692380240289,0.5208333333333334,5401.708597533239,0.25,150,5,0.043478260869565216,0.5236985454444647,2.2050140471323045,0.0
mtd_ai,200,0.005033969938238703,0.2777777777777778,3366.30815597046,0.05,150,5,0.1653174603174603,0.669690393920467,0.5172002038901343,0.0
mtd_ai,200,0.005033969938238703,0.32608695652173914,5091.974632956244,0.1,150,5,0.1653174603174603,0.669690393920467,0.5172002038901343,0.0
mtd_ai,200,0.005033969938238703,0.4166666666666667,5585.4436888994605,0.15,150,5,0.1653174603174603,0.669690393920467,0.5172002038901343,0.0
mtd_ai,200,0.005033969938238703,0.4838709677419355,6089.902738841118,0.2,150,5,0.1653174603174603,0.669690393920467,0.5172002038901343,0.0
mtd_ai,200,0.005033969938238703,0.45180722891566266,6877.945164264676,0.25,150,5,0.1653174603174603,0.669690393920467,0.5172002038901343,0.0
mtd_ai,200,0.005071261449210824,0.35714285714285715,1994.1067202502775,0.05,150,5,0.16233333333333333,0.5794990799496349,1.9667476700598139,0.0
mtd_ai,200,0.005071261449210824,0.3333333333333333,3554.2021806515304,0.1,150,5,0.16233333333333333,0.5794990799496349,1.9667476700598139,0.0
mtd_ai,200,0.005071261449210824,0.375,4495.940754543056,0.15,150,5,0.16233333333333333,0.5794990799496349,1.9667476700598139,0.0
mtd_ai,200,0.005071261449210824,0.42857142857142855,4873.671192755579,0.2,150,5,0.16233333333333333,0.5794990799496349,1.9667476700598139,0.0
mtd_ai,200,0.005071261449210824,0.46875,5327.787353166306,0.25,150,5,0.16233333333333333,0.5794990799496349,1.9667476700598139,0.0
mtd_ai,200,0.005035592934981659,0.28846153846153844,1945.6963965151415,0.05,150,5,0.15888888888888889,1.1834045513827893,3.1015721832420673,0.0
mtd_ai,200,0.005035592934981659,0.3488372093023256,3433.2778119610557,0.1,150,5,0.15888888888888889,1.1834045513827893,3.1015721832420673,0.0
mtd_ai,200,0.005035592934981659,0.4166666666666667,4215.209049553925,0.15,150,5,0.15888888888888889,1.1834045513827893,3.1015721832420673,0.0
mtd_ai,200,0.005035592934981659,0.44776119402985076,5126.15073317615,0.2,150,5,0.15888888888888889,1.1834045513827893,3.1015721832420673,0.0
mtd_ai,200,0.005035592934981659,0.46875,5973.601399355603,0.25,150,5,0.15888888888888889,1.1834045513827893,3.1015721832420673,0.0
mtd_ai,200,0.005061957045268419,0.25,2404.316657817385,0.05,150,5,0.10066666666666668,1.456800468611298,3.6768531721279913,0.0
mtd_ai,200,0.005061957045268419,0.3125,3750.650479775465,0.1,150,5,0.10066666666666668,1.456800468611298,3.6768531721279913,0.0
mtd_ai,200,0.005061957045268419,0.375,4471.339909235152,0.15,150,5,0.10066666666666668,1.456800468611298,3.6768531721279913,0.0
mtd_ai,200,0.005061957045268419,0.375,5849.723451268248,0.2,150,5,0.10066666666666668,1.456800468611298,3.6768531721279913,0.0
mtd_ai,200,0.005061957045268419,0.4166666666666667,6387.4762281228,0.25,150,5,0.10066666666666668,1.456800468611298,3.6768531721279913,0.0
mtd_ai,200,0.005049443558691387,0.32608695652173914,1818.5369363677314,0.05,150,5,0.09111111111111111,1.416992930620975,1.339177005072906,0.0
mtd_ai,200,0.005049443558691387,0.35714285714285715,2947.6870946524973,0.1,150,5,0.09111111111111111,1.416992930620975,1.339177005072906,0.0
mtd_ai,200,0.005049443558691387,0.36885245901639346,4485.347828361659,0.15,150,5,0.09111111111111111,1.416992930620975,1.339177005072906,0.0
mtd_ai,200,0.005049443558691387,0.410958904109589,4955.729523772126,0.2,150,5,0.09111111111111111,1.416992930620975,1.339177005072906,0.0
mtd_ai,200,0.005049443558691387,0.436046511627907,5717.032531087047,0.25,150,5,0.09111111111111111,1.416992930620975,1.339177005072906,0.0
mtd_ai,200,0.0050394129601091875,0.28846153846153844,2737.654631106519,0.05,150,5,0.10666666666666667,1.4497858009848368,4.366730596412067,0.0
mtd_ai,200,0.0050394129601091875,0.3488372093023256,4573.177611426172,0.1,150,5,0.10666666666666667,1.4497858009848368,4.366730596412067,0.0
mtd_ai,200,0.0050394129601091875,0.4411764705882353,5112.390969043103,0.15,150,5,0.10666666666666667,1.4497858009848368,4.366730596412067,0.0
mtd_ai,200,0.0050394129601091875,0.4918032786885246,5446.833028745681,0.2,150,5,0.10666666666666667,1.4497858009848368,4.366730596412067,0.0
mtd_ai,200,0.0050394129601091875,0.5,6044.057340120597,0.25,150,5,0.10666666666666667,1.4497858009848368,4.366730596412067,0.0
mtd_ai,200,0.005039223240095193,0.28846153846153844,3134.0926247125135,0.05,150,5,0.13533333333333333,4.496669165877145,7.548792337918313,0.0
mtd_ai,200,0.005039223240095193,0.40540540540540543,3651.808380102662,0.1,150,5,0.13533333333333333,4.496669165877145,7.548792337918313,0.0
mtd_ai,200,0.005039223240095193,0.4166666666666667,5166.847349444091,0.15,150,5,0.13533333333333333,4.496669165877145,7.548792337918313,0.0
mtd_ai,200,0.005039223240095193,0.42857142857142855,5829.3684686495635,0.2,150,5,0.13533333333333333,4.496669165877145,7.548792337918313,0.0
mtd_ai,200,0.005039223240095193,0.46296296296296297,6421.822510194124,0.25,150,5,0.13533333333333333,4.496669165877145,7.548792337918313,0.0
mtd_ai,200,0.005068840847961279,0.32608695652173914,2255.567625415121,0.05,150,5,0.09222222222222222,0.8735359884774574,2.6331759341966103,0.0
mtd_ai,200,0.005068840847961279,0.375,3608.3033694863116,0.1,150,5,0.09222222222222222,0.8735359884774574,2.6331759341966103,0.0
mtd_ai,200,0.005068840847961279,0.4411764705882353,4108.1861433862,0.15,150,5,0.09222222222222222,0.8735359884774574,2.6331759341966103,0.0
mtd_ai,200,0.005068840847961279,0.46153846153846156,4897.1607395093,0.2,150,5,0.09222222222222222,0.8735359884774574,2.6331759341966103,0.0
mtd_ai,200,0.005068840847961279,0.5,5526.898697430726,0.25,150,5,0.09222222222222222,0.8735359884774574,2.6331759341966103,0.0
mtd_ai,200,0.005058873273021392,0.375,2081.8628057637643,0.05,150,5,0.09,0.44744020330287193,1.972385435163664,0.0
mtd_ai,200,0.005058873273021392,0.4166666666666667,3295.0945453622153,0.1,150,5,0.09,0.44744020330287193,1.972385435163664,0.0
mtd_ai,200,0.005058873273021392,0.3813559322033898,5927.155639974096,0.15,150,5,0.09,0.44744020330287193,1.972385435163664,0.0
mtd_ai,200,0.005058873273021392,0.4166666666666667,6651.793100187331,0.2,150,5,0.09,0.44744020330287193,1.972385435163664,0.0
mtd_ai,200,0.005058873273021392,0.4573170731707317,6947.338528138626,0.25,150,5,0.09,0.44744020330287193,1.972385435163664,0.0
mtd_ai,200,0.005072203084970153,0.32608695652173914,2557.120884892417,0.05,150,5,0.14222222222222225,8.80051876973763,5.619277557559498,0.0
mtd_ai,200,0.005072203084970153,0.40540540540540543,3551.789218506415,0.1,150,5,0.14222222222222225,8.80051876973763,5.619277557559498,0.0
mtd_ai,200,0.005072203084970153,0.46875,4253.489480451764,0.15,150,5,0.14222222222222225,8.80051876973763,5.619277557559498,0.0
mtd_ai,200,0.005072203084970153,0.4838709677419355,5091.06035755618,0.2,150,5,0.14222222222222225,8.80051876973763,5.619277557559498,0.0
mtd_ai,200,0.005072203084970153,0.528169014084507,5597.781469268575,0.25,150,5,0.14222222222222225,8.80051876973763,5.619277557559498,0.0
mtd_ai,200,0.00507287903437551,0.4411764705882353,1552.2710365213466,0.05,150,5,0.10266666666666667,1.842826091588841,5.767049672060567,0.0
mtd_ai,200,0.00507287903437551,0.5357142857142857,2459.7560456512906,0.1,150,5,0.10266666666666667,1.842826091588841,5.767049672060567,0.0
mtd_ai,200,0.00507287903437551,0.5357142857142857,3657.663691612518,0.15,150,5,0.10266666666666667,1.842826091588841,5.767049672060567,0.0
mtd_ai,200,0.00507287903437551,0.5454545454545454,4393.7099464767,0.2,150,5,0.10266666666666667,1.842826091588841,5.767049672060567,0.0
mtd_ai,200,0.00507287903437551,0.5067567567567568,6165.176527852298,0.25,150,5,0.10266666666666667,1.842826091588841,5.767049672060567,0.0
mtd_ai,200,0.005039445627987748,0.35714285714285715,1953.4897316464583,0.05,150,5,0.14733333333333337,0.9247041753047237,3.2020101829206027,0.0
mtd_ai,200,0.005039445627987748,0.3409090909090909,4000.0868350005503,0.1,150,5,0.14733333333333337,0.9247041753047237,3.2020101829206027,0.0
mtd_ai,200,0.005039445627987748,0.3879310344827586,4922.02823432314,0.15,150,5,0.14733333333333337,0.9247041753047237,3.2020101829206027,0.0
mtd_ai,200,0.005039445627987748,0.37037037037037035,6148.722395763263,0.2,150,5,0.14733333333333337,0.9247041753047237,3.2020101829206027,0.0
mtd_ai,200,0.005039445627987748,0.39893617021276595,6882.992473232679,0.25,150,5,0.14733333333333337,0.9247041753047237,3.2020101829206027,0.0
mtd_ai,200,0.0050500670515708414,0.25862068965517243,3024.400150419203,0.05,150,5,0.08777777777777777,1.5460600909943298,3.043137038170387,0.0
mtd_ai,200,0.0050500670515708414,0.29411764705882354,4513.359375483656,0.1,150,5,0.08777777777777777,1.5460600909943298,3.043137038170387,0.0
mtd_ai,200,0.0050500670515708414,0.32608695652173914,5266.526489436084,0.15,150,5,0.08777777777777777,1.5460600909943298,3.043137038170387,0.0
mtd_ai,200,0.0050500670515708414,0.2777777777777778,7014.753365155859,0.2,150,5,0.08777777777777777,1.5460600909943298,3.043137038170387,0.0
mtd_ai,200,0.0050500670515708414,0.3177966101694915,7569.478996010443,0.25,150,5,0.08777777777777777,1.5460600909943298,3.043137038170387,0.0
mtd_ai,200,0.005028628781114803,0.26785714285714285,3191.3390405101272,0.05,150,5,0.125,0.789605410781177,3.010232144716019,0.0
mtd_ai,200,0.005028628781114803,0.3333333333333333,4269.859852691,0.1,150,5,0.125,0.789605410781177,3.010232144716019,0.0
mtd_ai,200,0.005028628781114803,0.3813559322033898,4945.257130949491,0.15,150,5,0.125,0.789605410781177,3.010232144716019,0.0
mtd_ai,200,0.005028628781114803,0.3225806451612903,7135.377677496575,0.2,150,5,0.125,0.789605410781177,3.010232144716019,0.0
mtd_ai,200,0.005028628781114803,0.3640776699029126,7598.610376264583,0.25,150,5,0.125,0.789605410781177,3.010232144716019,0.0
mtd_ai,200,0.005059513232726099,0.24193548387096775,3248.839330150565,0.05,150,5,0.21052631578947367,1.0450261486110624,3.5204966040192893,0.0
mtd_ai,200,0.005059513232726099,0.29411764705882354,4724.626250152254,0.1,150,5,0.21052631578947367,1.0450261486110624,3.5204966040192893,0.0
mtd_ai,200,0.005059513232726099,0.3409090909090909,5526.659931408728,0.15,150,5,0.21052631578947367,1.0450261486110624,3.5204966040192893,0.0
mtd_ai,200,0.005059513232726099,0.375,6278.62408822207,0.2,150,5,0.21052631578947367,1.0450261486110624,3.5204966040192893,0.0
mtd_ai,200,0.005059513232726099,0.42613636363636365,6768.534951956874,0.25,150,5,0.21052631578947367,1.0450261486110624,3.5204966040192893,0.0
mtd_ai,200,0.0050435313383634965,0.25862068965517243,3241.293987180083,0.05,150,5,0.13333333333333333,0.7784650150789792,3.259487146107942,0.0
mtd_ai,200,0.0050435313383634965,0.3333333333333333,4208.714225370413,0.1,150,5,0.13333333333333333,0.7784650150789792,3.259487146107942,0.0
mtd_ai,200,0.0050435313383634965,0.4090909090909091,4615.30273132026,0.15,150,5,0.13333333333333333,0.7784650150789792,3.259487146107942,0.0
mtd_ai,200,0.0050435313383634965,0.42857142857142855,5203.831164737175,0.2,150,5,0.13333333333333333,0.7784650150789792,3.259487146107942,0.0
mtd_ai,200,0.0050435313383634965,0.4807692307692308,5747.172718205474,0.25,150,5,0.13333333333333333,0.7784650150789792,3.259487146107942,0.0
mtd_ai,200,0.005061738204634714,0.39473684210526316,1767.9418286549299,0.05,150,5,0.123,0.43364448145790024,1.385705638694469,0.0
mtd_ai,200,0.005061738204634714,0.4838709677419355,2807.260326563488,0.1,150,5,0.123,0.43364448145790024,1.385705638694469,0.0
mtd_ai,200,0.005061738204634714,0.5357142857142857,3354.209445997637,0.15,150,5,0.123,0.43364448145790024,1.385705638694469,0.0
mtd_ai,200,0.005061738204634714,0.42857142857142855,5747.55129648492,0.2,150,5,0.123,0.43364448145790024,1.385705638694469,0.0
mtd_ai,200,0.005061738204634714,0.44642857142857145,6568.354973051708,0.25,150,5,0.123,0.43364448145790024,1.385705638694469,0.0
mtd_ai,200,0.00506515007747093,0.3125,2781.953244524017,0.05,150,5,0.2777777777777778,0.11730316813660538,0.48404592733875923,0.0
mtd_ai,200,0.00506515007747093,0.3191489361702128,4864.811689228174,0.1,150,5,0.2777777777777778,0.11730316813660538,0.48404592733875923,0.0
mtd_ai,200,0.00506515007747093,0.36885245901639346,5652.22228278886,0.15,150,5,0.2777777777777778,0.11730316813660538,0.48404592733875923,0.0
mtd_ai,200,0.00506515007747093,0.410958904109589,6419.137223642022,0.2,150,5,0.2777777777777778,0.11730316813660538,0.48404592733875923,0.0
mtd_ai,200,0.00506515007747093,0.4573170731707317,6835.408454297756,0.25,150,5,0.2777777777777778,0.11730316813660538,0.48404592733875923,0.0
mtd_ai,200,0.005066542212519078,0.28846153846153844,3261.2641787659563,0.05,150,5,0.13066666666666668,1.108317260802924,3.6157673799229406,0.0
mtd_ai,200,0.005066542212519078,0.38461538461538464,3987.589166673265,0.1,150,5,0.13066666666666668,1.108317260802924,3.6157673799229406,0.0
mtd_ai,200,0.005066542212519078,0.4411764705882353,4700.214096286727,0.15,150,5,0.13066666666666668,1.108317260802924,3.6157673799229406,0.0
mtd_ai,200,0.005066542212519078,0.42857142857142855,5888.788727456868,0.2,150,5,0.13066666666666668,1.108317260802924,3.6157673799229406,0.0
mtd_ai,200,0.005066542212519078,0.4807692307692308,6142.852267369719,0.25,150,5,0.13066666666666668,1.108317260802924,3.6157673799229406,0.0
mtd_ai,200,0.005063635961380863,0.26785714285714285,2537.01005450336,0.05,150,5,0.1,0.03660263678485021,0.06208879057661357,0.0
mtd_ai,200,0.005063635961380863,0.3333333333333333,3807.430696433122,0.1,150,5,0.1,0.03660263678485021,0.06208879057661357,0.0
mtd_ai,200,0.005063635961380863,0.39473684210526316,4584.079724508565,0.15,150,5,0.1,0.03660263678485021,0.06208879057661357,0.0
mtd_ai,200,0.005063635961380863,0.4225352112676056,5330.364699080228,0.2,150,5,0.1,0.03660263678485021,0.06208879057661357,0.0
mtd_ai,200,0.005063635961380863,0.45180722891566266,5905.49019418235,0.25,150,5,0.1,0.03660263678485021,0.06208879057661357,0.0
mtd_ai,200,0.005064415222905738,0.234375,2612.33550259653,0.05,150,5,0.11666666666666667,0.11225685737882099,0.3145772414929963,0.0
mtd_ai,200,0.005064415222905738,0.2830188679245283,3887.9371609877326,0.1,150,5,0.11666666666666667,0.11225685737882099,0.3145772414929963,0.0
mtd_ai,200,0.005064415222905738,0.33088235294117646,5000.443364908182,0.15,150,5,0.11666666666666667,0.11225685737882099,0.3145772414929963,0.0
mtd_ai,200,0.005064415222905738,0.375,5574.207087498599,0.2,150,5,0.11666666666666667,0.11225685737882099,0.3145772414929963,0.0
mtd_ai,200,0.005064415222905738,0.4166666666666667,6107.229978047275,0.25,150,5,0.11666666666666667,0.11225685737882099,0.3145772414929963,0.0
mtd_ai,200,0.005086082360200701,0.3,1926.0987114375214,0.05,150,5,0.1522222222222222,0.678366171078742,2.8214873851318285,0.0
mtd_ai,200,0.005086082360200701,0.38461538461538464,2987.6905276980933,0.1,150,5,0.1522222222222222,0.678366171078742,2.8214873851318285,0.0
mtd_ai,200,0.005086082360200701,0.46875,3502.336130342119,0.15,150,5,0.1522222222222222,0.678366171078742,2.8214873851318285,0.0
mtd_ai,200,0.005086082360200701,0.46875,4358.194184515471,0.2,150,5,0.1522222222222222,0.678366171078742,2.8214873851318285,0.0
mtd_ai,200,0.005086082360200701,0.4934210526315789,4858.6378330702755,0.25,150,5,0.1522222222222222,0.678366171078742,2.8214873851318285,0.0
mtd_ai,200,0.005087849337948591,0.2777777777777778,2654.66344603602,0.05,150,5,0.11,1.4363050970772253,4.71778964857957,0.0
mtd_ai,200,0.005087849337948591,0.38461538461538464,3384.4321044552125,0.1,150,5,0.11,1.4363050970772253,4.71778964857957,0.0
mtd_ai,200,0.005087849337948591,0.45,4030.652585449685,0.15,150,5,0.11,1.4363050970772253,4.71778964857957,0.0
mtd_ai,200,0.005087849337948591,0.4918032786885246,4693.6246788269,0.2,150,5,0.11,1.4363050970772253,4.71778964857957,0.0
mtd_ai,200,0.005087849337948591,0.528169014084507,5290.671995262972,0.25,150,5,0.11,1.4363050970772253,4.71778964857957,0.0
mtd_ai,200,0.005081671012131826,0.2777777777777778,2202.138287841909,0.05,150,5,0.12,0.05521309749276218,0.19457204820422203,0.0
mtd_ai,200,0.005081671012131826,0.3488372093023256,3122.0724205427928,0.1,150,5,0.12,0.05521309749276218,0.19457204820422203,0.0
mtd_ai,200,0.005081671012131826,0.42452830188679247,3736.5839585293083,0.15,150,5,0.12,0.05521309749276218,0.19457204820422203,0.0
mtd_ai,200,0.005081671012131826,0.42857142857142855,4932.337478835316,0.2,150,5,0.12,0.05521309749276218,0.19457204820422203,0.0
mtd_ai,200,0.005081671012131826,0.46875,5539.649667867636,0.25,150,5,0.12,0.05521309749276218,0.19457204820422203,0.0
mtd_ai,200,0.005040999050453088,0.4166666666666667,1870.2296739083683,0.05,150,5,0.10666666666666667,0.02093839322837066,0.08435445632464285,0.0
mtd_ai,200,0.005040999050453088,0.4411764705882353,3401.8284300068417,0.1,150,5,0.10666666666666667,0.02093839322837066,0.08435445632464285,0.0
mtd_ai,200,0.005040999050453088,0.4891304347826087,3952.8871616942515,0.15,150,5,0.10666666666666667,0.02093839322837066,0.08435445632464285,0.0
mtd_ai,200,0.005040999050453088,0.5084745762711864,4748.320618243697,0.2,150,5,0.10666666666666667,0.02093839322837066,0.08435445632464285,0.0
mtd_ai,200,0.005040999050453088,0.5208333333333334,5838.99414331285,0.25,150,5,0.10666666666666667,0.02093839322837066,0.08435445632464285,0.0
mtd_ai,200,0.005049342127666128,0.28846153846153844,3023.4200171150833,0.05,150,5,0.10555555555555556,0.3022095375785038,1.1527088201789428,0.0
mtd_ai,200,0.005049342127666128,0.375,3870.175846134114,0.1,150,5,0.10555555555555556,0.3022095375785038,1.1527088201789428,0.0
mtd_ai,200,0.005049342127666128,0.4411764705882353,4470.143315684063,0.15,150,5,0.10555555555555556,0.3022095375785038,1.1527088201789428,0.0
mtd_ai,200,0.005049342127666128,0.44776119402985076,5413.49215738322,0.2,150,5,0.10555555555555556,0.3022095375785038,1.1527088201789428,0.0
mtd_ai,200,0.005049342127666128,0.487012987012987,5874.804886176368,0.25,150,5,0.10555555555555556,0.3022095375785038,1.1527088201789428,0.0
mtd_ai,200,0.00507640691246382,0.28846153846153844,3010.8190884270402,0.05,150,5,0.1442857142857143,1.621298447185111,3.9675091638549045,0.0
mtd_ai,200,0.00507640691246382,0.375,3815.6955267878366,0.1,150,5,0.1442857142857143,1.621298447185111,3.9675091638549045,0.0
mtd_ai,200,0.00507640691246382,0.45,4658.954644033731,0.15,150,5,0.1442857142857143,1.621298447185111,3.9675091638549045,0.0
mtd_ai,200,0.00507640691246382,0.4918032786885246,5081.211134719571,0.2,150,5,0.1442857142857143,1.621298447185111,3.9675091638549045,0.0
mtd_ai,200,0.00507640691246382,0.5357142857142857,5455.198245141618,0.25,150,5,0.1442857142857143,1.621298447185111,3.9675091638549045,0.0
mtd_ai,200,0.0050468110205654755,0.12931034482758622,3858.617732034844,0.05,150,5,0.18066666666666667,0.10629889987115734,0.23591814173096615,0.0
mtd_ai,200,0.0050468110205654755,0.2054794520547945,4604.554882561537,0.1,150,5,0.18066666666666667,0.10629889987115734,0.23591814173096615,0.0
mtd_ai,200,0.0050468110205654755,0.25862068965517243,5528.1624330367795,0.15,150,5,0.18066666666666667,0.10629889987115734,0.23591814173096615,0.0
mtd_ai,200,0.0050468110205654755,0.2803738317757009,6808.918154467379,0.2,150,5,0.18066666666666667,0.10629889987115734,0.23591814173096615,0.0
mtd_ai,200,0.0050468110205654755,0.2840909090909091,7882.494241708069,0.25,150,5,0.18066666666666667,0.10629889987115734,0.23591814173096615,0.0
mtd_ai,200,0.005081037200472064,0.4166666666666667,1269.5166623028736,0.05,150,5,0.14222222222222225,0.10074352002844289,0.29543912530828065,0.0
mtd_ai,200,0.005081037200472064,0.40540540540540543,3206.0976590265964,0.1,150,5,0.14222222222222225,0.10074352002844289,0.29543912530828065,0.0
mtd_ai,200,0.005081037200472064,0.45918367346938777,4170.747864294382,0.15,150,5,0.14222222222222225,0.10074352002844289,0.29543912530828065,0.0
mtd_ai,200,0.005081037200472064,0.4918032786885246,4835.304260794566,0.2,150,5,0.14222222222222225,0.10074352002844289,0.29543912530828065,0.0
mtd_ai,200,0.005081037200472064,0.5208333333333334,5368.97487025179,0.25,150,5,0.14222222222222225,0.10074352002844289,0.29543912530828065,0.0
mtd_ai,200,0.005078039759505686,0.39473684210526316,1727.3791017961744,0.05,150,5,0.14422222222222222,0.5606764418187438,2.5193750789226237,0.0
mtd_ai,200,0.005078039759505686,0.38461538461538464,3337.869348668153,0.1,150,5,0.14422222222222222,0.5606764418187438,2.5193750789226237,0.0
mtd_ai,200,0.005078039759505686,0.4411764705882353,3981.7345381089935,0.15,150,5,0.14422222222222222,0.5606764418187438,2.5193750789226237,0.0
mtd_ai,200,0.005078039759505686,0.44776119402985076,4886.603505921478,0.2,150,5,0.14422222222222222,0.5606764418187438,2.5193750789226237,0.0
mtd_ai,200,0.005078039759505686,0.46875,5324.369013358613,0.25,150,5,0.14422222222222222,0.5606764418187438,2.5193750789226237,0.0
mtd_ai,200,0.005046544346135548,0.5357142857142857,1139.7983959371513,0.05,150,5,0.15066666666666667,1.2992036892116745,3.3919532472862564,0.0
mtd_ai,200,0.005046544346135548,0.2777777777777778,4451.567757561771,0.1,150,5,0.15066666666666667,1.2992036892116745,3.3919532472862564,0.0
mtd_ai,200,0.005046544346135548,0.35714285714285715,4892.481296204742,0.15,150,5,0.15066666666666667,1.2992036892116745,3.3919532472862564,0.0
mtd_ai,200,0.005046544346135548,0.38961038961038963,5462.767554902333,0.2,150,5,0.15066666666666667,1.2992036892116745,3.3919532472862564,0.0
mtd_ai,200,0.005046544346135548,0.42613636363636365,6179.031768334546,0.25,150,5,0.15066666666666667,1.2992036892116745,3.3919532472862564,0.0
mtd_ai,200,0.005046406160807445,0.4166666666666667,1411.493557256071,0.05,150,5,0.10722222222222222,2.7294629099244054,3.477437301470974,0.0
mtd_ai,200,0.005046406160807445,0.42857142857142855,2568.560070990767,0.1,150,5,0.10722222222222222,2.7294629099244054,3.477437301470974,0.0
mtd_ai,200,0.005046406160807445,0.4090909090909091,4276.476816019263,0.15,150,5,0.10722222222222222,2.7294629099244054,3.477437301470974,0.0
mtd_ai,200,0.005046406160807445,0.43478260869565216,5180.765516850347,0.2,150,5,0.10722222222222222,2.7294629099244054,3.477437301470974,0.0
mtd_ai,200,0.005046406160807445,0.47468354430379744,5784.24927464657,0.25,150,5,0.10722222222222222,2.7294629099244054,3.477437301470974,0.0
mtd_ai,200,0.005055566714012746,0.46875,1289.8107714733828,0.05,150,5,0.17477777777777778,0.0029870451725240747,0.01208408731920053,0.0
mtd_ai,200,0.005055566714012746,0.45454545454545453,2533.0800215186327,0.1,150,5,0.17477777777777778,0.0029870451725240747,0.01208408731920053,0.0
mtd_ai,200,0.005055566714012746,0.5,3298.6982192868686,0.15,150,5,0.17477777777777778,0.0029870451725240747,0.01208408731920053,0.0
mtd_ai,200,0.005055566714012746,0.46875,4403.0631732568545,0.2,150,5,0.17477777777777778,0.0029870451725240747,0.01208408731920053,0.0
mtd_ai,200,0.005055566714012746,0.5208333333333334,4985.106437790926,0.25,150,5,0.17477777777777778,0.0029870451725240747,0.01208408731920053,0.0
mtd_ai,200,0.005066205807076341,0.2777777777777778,3261.500166641703,0.05,150,5,0.17166666666666666,0.713515337652704,2.6821080624752893,0.0
mtd_ai,200,0.005066205807076341,0.3488372093023256,4372.768321647007,0.1,150,5,0.17166666666666666,0.713515337652704,2.6821080624752893,0.0
mtd_ai,200,0.005066205807076341,0.4017857142857143,5060.079288263505,0.15,150,5,0.17166666666666666,0.713515337652704,2.6821080624752893,0.0
mtd_ai,200,0.005066205807076341,0.44776119402985076,5686.739250288701,0.2,150,5,0.17166666666666666,0.713515337652704,2.6821080624752893,0.0
mtd_ai,200,0.005066205807076341,0.4411764705882353,6430.02088361972,0.25,150,5,0.17166666666666666,0.713515337652704,2.6821080624752893,0.0
mtd_ai,200,0.005051445101587855,0.4411764705882353,1620.4720478161548,0.05,150,5,0.1590909090909091,9.867318277873412,3.920765432545782,-5.0476190476190474
mtd_ai,200,0.005051445101587855,0.4838709677419355,2644.634934751289,0.1,150,5,0.1590909090909091,9.867318277873412,3.920765432545782,-5.0476190476190474
mtd_ai,200,0.005051445101587855,0.4787234042553192,3464.744837054146,0.15,150,5,0.1590909090909091,9.867318277873412,3.920765432545782,-5.0476190476190474
mtd_ai,200,0.005051445101587855,0.4918032786885246,4268.179451251982,0.2,150,5,0.1590909090909091,9.867318277873412,3.920765432545782,-5.0476190476190474
mtd_ai,200,0.005051445101587855,0.5208333333333334,5037.691976133581,0.25,150,5,0.1590909090909091,9.867318277873412,3.920765432545782,-5.0476190476190474
mtd_ai,200,0.005039495800855381,0.28846153846153844,2863.193375106922,0.05,150,5,0.1788888888888889,0.937845039039425,3.318555753843861,0.0
mtd_ai,200,0.005039495800855381,0.375,3990.6691786542333,0.1,150,5,0.1788888888888889,0.937845039039425,3.318555753843861,0.0
mtd_ai,200,0.005039495800855381,0.4017857142857143,4894.41287216495,0.15,150,5,0.1788888888888889,0.937845039039425,3.318555753843861,0.0
mtd_ai,200,0.005039495800855381,0.40540540540540543,6462.2367977833865,0.2,150,5,0.1788888888888889,0.937845039039425,3.318555753843861,0.0
mtd_ai,200,0.005039495800855381,0.44642857142857145,7137.196023740457,0.25,150,5,0.1788888888888889,0.937845039039425,3.318555753843861,0.0
mtd_ai,200,0.005050845765359987,0.4166666666666667,1723.3502090473369,0.05,150,5,0.13,1.4982298422951652,5.1670028597166695,0.0
mtd_ai,200,0.005050845765359987,0.4166666666666667,3322.1808993149507,0.1,150,5,0.13,1.4982298422951652,5.1670028597166695,0.0
mtd_ai,200,0.005050845765359987,0.45918367346938777,4373.527354349654,0.15,150,5,0.13,1.4982298422951652,5.1670028597166695,0.0
mtd_ai,200,0.005050845765359987,0.4918032786885246,5267.436824084876,0.2,150,5,0.13,1.4982298422951652,5.1670028597166695,0.0
mtd_ai,200,0.005050845765359987,0.528169014084507,5886.654499506578,0.25,150,5,0.13,1.4982298422951652,5.1670028597166695,0.0
mtd_ai,200,0.005051869387600386,0.25862068965517243,3133.3056438052245,0.05,150,5,0.14277777777777775,0.23557295927746463,0.7266364027396255,0.0
mtd_ai,200,0.005051869387600386,0.3,4773.0456933359,0.1,150,5,0.14277777777777775,0.23557295927746463,0.7266364027396255,0.0
mtd_ai,200,0.005051869387600386,0.3409090909090909,5697.095765632745,0.15,150,5,0.14277777777777775,0.23557295927746463,0.7266364027396255,0.0
mtd_ai,200,0.005051869387600386,0.3488372093023256,6609.449718600692,0.2,150,5,0.14277777777777775,0.23557295927746463,0.7266364027396255,0.0
mtd_ai,200,0.005051869387600386,0.36764705882352944,7431.89740910964,0.25,150,5,0.14277777777777775,0.23557295927746463,0.7266364027396255,0.0
mtd_ai,200,0.005070720182892275,0.28846153846153844,3165.739103704985,0.05,150,5,0.11133333333333333,0.04077005144104273,0.13941067676805674,0.0
mtd_ai,200,0.005070720182892275,0.38461538461538464,3931.170023499404,0.1,150,5,0.11133333333333333,0.04077005144104273,0.13941067676805674,0.0
mtd_ai,200,0.005070720182892275,0.4411764705882353,4603.418292346751,0.15,150,5,0.11133333333333333,0.04077005144104273,0.13941067676805674,0.0
mtd_ai,200,0.005070720182892275,0.5,4954.028789303385,0.2,150,5,0.11133333333333333,0.04077005144104273,0.13941067676805674,0.0
mtd_ai,200,0.005070720182892275,0.5357142857142857,5539.198619099738,0.25,150,5,0.11133333333333333,0.04077005144104273,0.13941067676805674,0.0
mtd_ai,200,0.005044511784093353,0.3409090909090909,2181.2297126154676,0.05,150,5,0.2222222222222222,0.647729190909047,2.690338431623582,-5.035714285714286
mtd_ai,200,0.005044511784093353,0.375,3273.3693845733105,0.1,150,5,0.2222222222222222,0.647729190909047,2.690338431623582,-5.035714285714286
mtd_ai,200,0.005044511784093353,0.4326923076923077,4410.663606932327,0.15,150,5,0.2222222222222222,0.647729190909047,2.690338431623582,-5.035714285714286
mtd_ai,200,0.005044511784093353,0.46153846153846156,5046.295946643339,0.2,150,5,0.2222222222222222,0.647729190909047,2.690338431623582,-5.035714285714286
mtd_ai,200,0.005044511784093353,0.5136986301369864,5378.005414031801,0.25,150,5,0.2222222222222222,0.647729190909047,2.690338431623582,-5.035714285714286
mtd_ai,200,0.005048806172346987,0.234375,3375.2215977581354,0.05,150,5,0.1,0.9946385476376975,3.921757166700998,0.0
mtd_ai,200,0.005048806172346987,0.3191489361702128,4511.234160794726,0.1,150,5,0.1,0.9946385476376975,3.921757166700998,0.0
mtd_ai,200,0.005048806172346987,0.3879310344827586,4848.762482522637,0.15,150,5,0.1,0.9946385476376975,3.921757166700998,0.0
mtd_ai,200,0.005048806172346987,0.4166666666666667,5598.423191892905,0.2,150,5,0.1,0.9946385476376975,3.921757166700998,0.0
mtd_ai,200,0.005048806172346987,0.45180722891566266,6038.601485643045,0.25,150,5,0.1,0.9946385476376975,3.921757166700998,0.0
mtd_ai,200,0.005069673572762677,0.26785714285714285,2560.602594315271,0.05,150,5,0.13755555555555554,0.29609159264235874,1.315507866298423,0.0
mtd_ai,200,0.005069673572762677,0.3125,4299.5675227697375,0.1,150,5,0.13755555555555554,0.29609159264235874,1.315507866298423,0.0
mtd_ai,200,0.005069673572762677,0.375,5145.965462362822,0.15,150,5,0.13755555555555554,0.29609159264235874,1.315507866298423,0.0
mtd_ai,200,0.005069673572762677,0.4166666666666667,5723.823786743384,0.2,150,5,0.13755555555555554,0.29609159264235874,1.315507866298423,0.0
mtd_ai,200,0.005069673572762677,0.44642857142857145,6436.792763702799,0.25,150,5,0.13755555555555554,0.29609159264235874,1.315507866298423,0.0
mtd_ai,200,0.005057381296844517,0.375,1894.6535260888154,0.05,150,5,0.18611111111111112,0.3794244084873197,1.572483367318968,0.0
mtd_ai,200,0.005057381296844517,0.4166666666666667,3077.1808463508196,0.1,150,5,0.18611111111111112,0.3794244084873197,1.572483367318968,0.0
mtd_ai,200,0.005057381296844517,0.4891304347826087,3700.0867679187345,0.15,150,5,0.18611111111111112,0.3794244084873197,1.572483367318968,0.0
mtd_ai,200,0.005057381296844517,0.5084745762711864,4355.962438057415,0.2,150,5,0.18611111111111112,0.3794244084873197,1.572483367318968,0.0
mtd_ai,200,0.005057381296844517,0.5357142857142857,4897.158801687367,0.25,150,5,0.18611111111111112,0.3794244084873197,1.572483367318968,0.0
mtd_ai,200,0.005079563255695749,0.2777777777777778,1911.525037569803,0.05,150,5,0.1283333333333333,0.6499365039259499,0.9942207019228362,0.0
mtd_ai,200,0.005079563255695749,0.3409090909090909,3180.8834488009907,0.1,150,5,0.1283333333333333,0.6499365039259499,0.9942207019228362,0.0
mtd_ai,200,0.005079563255695749,0.39473684210526316,3978.5636200239223,0.15,150,5,0.1283333333333333,0.6499365039259499,0.9942207019228362,0.0
mtd_ai,200,0.005079563255695749,0.43478260869565216,4564.73466828086,0.2,150,5,0.1283333333333333,0.6499365039259499,0.9942207019228362,0.0
mtd_ai,200,0.005079563255695749,0.43103448275862066,5416.755762308617,0.25,150,5,0.1283333333333333,0.6499365039259499,0.9942207019228362,0.0
mtd_ai,200,0.005058982238437261,0.26785714285714285,2963.0996625691337,0.05,150,5,0.06,23.36945829199774,9.43280431003466,0.0
mtd_ai,200,0.005058982238437261,0.3333333333333333,4175.990977401232,0.1,150,5,0.06,23.36945829199774,9.43280431003466,0.0
mtd_ai,200,0.005058982238437261,0.3813559322033898,4869.37201029537,0.15,150,5,0.06,23.36945829199774,9.43280431003466,0.0
mtd_ai,200,0.005058982238437261,0.410958904109589,5889.411702133326,0.2,150,5,0.06,23.36945829199774,9.43280431003466,0.0
mtd_ai,200,0.005058982238437261,0.4166666666666667,7206.301002761751,0.25,150,5,0.06,23.36945829199774,9.43280431003466,0.0
mtd_ai,200,0.005049267222799958,0.28846153846153844,3082.211872118968,0.05,150,5,0.07666666666666666,1.4535755220613902,3.7497430470968043,0.0
mtd_ai,200,0.005049267222799958,0.36585365853658536,4161.610872186205,0.1,150,5,0.07666666666666666,1.4535755220613902,3.7497430470968043,0.0
mtd_ai,200,0.005049267222799958,0.4090909090909091,5120.402495861608,0.15,150,5,0.07666666666666666,1.4535755220613902,3.7497430470968043,0.0
mtd_ai,200,0.005049267222799958,0.4411764705882353,5923.785202860396,0.2,150,5,0.07666666666666666,1.4535755220613902,3.7497430470968043,0.0
mtd_ai,200,0.005049267222799958,0.487012987012987,6279.940796178305,0.25,150,5,0.07666666666666666,1.4535755220613902,3.7497430470968043,0.0
mtd_ai,200,0.005082318021542086,0.3125,2450.9858153401356,0.05,150,5,0.12904761904761905,0.16688530163312734,0.6104441057612343,0.0
mtd_ai,200,0.005082318021542086,0.4166666666666667,2947.937721201394,0.1,150,5,0.12904761904761905,0.16688530163312734,0.6104441057612343,0.0
mtd_ai,200,0.005082318021542086,0.46875,3655.8267693198086,0.15,150,5,0.12904761904761905,0.16688530163312734,0.6104441057612343,0.0
mtd_ai,200,0.005082318021542086,0.5084745762711864,4485.884061521041,0.2,150,5,0.12904761904761905,0.16688530163312734,0.6104441057612343,0.0
mtd_ai,200,0.005082318021542086,0.5434782608695652,5312.34842030783,0.25,150,5,0.12904761904761905,0.16688530163312734,0.6104441057612343,0.0
mtd_ai,200,0.005059069134206499,0.32608695652173914,2374.1227990034777,0.05,150,5,0.12311111111111113,0.7625648385750307,2.2036293204023676,0.0
mtd_ai,200,0.005059069134206499,0.40540540540540543,3528.094810654292,0.1,150,5,0.12311111111111113,0.7625648385750307,2.2036293204023676,0.0
mtd_ai,200,0.005059069134206499,0.42452830188679247,4693.372304531964,0.15,150,5,0.12311111111111113,0.7625648385750307,2.2036293204023676,0.0
mtd_ai,200,0.005059069134206499,0.45454545454545453,5590.059256957651,0.2,150,5,0.12311111111111113,0.7625648385750307,2.2036293204023676,0.0
mtd_ai,200,0.005059069134206499,0.47468354430379744,6759.668460598879,0.25,150,5,0.12311111111111113,0.7625648385750307,2.2036293204023676,0.0
mtd_ai,200,0.005031952057260679,0.3125,2821.192421949963,0.05,150,5,0.1,2.437968252190646,1.7348748966408525,0.0
mtd_ai,200,0.005031952057260679,0.3125,5608.262248962223,0.1,150,5,0.1,2.437968252190646,1.7348748966408525,0.0
mtd_ai,200,0.005031952057260679,0.3879310344827586,6194.044830306992,0.15,150,5,0.1,2.437968252190646,1.7348748966408525,0.0
mtd_ai,200,0.005031952057260679,0.39473684210526316,6816.503192945938,0.2,150,5,0.1,2.437968252190646,1.7348748966408525,0.0
mtd_ai,200,0.005031952057260679,0.4411764705882353,7176.116926106333,0.25,150,5,0.1,2.437968252190646,1.7348748966408525,0.0
mtd_ai,200,0.005042030061780353,0.28846153846153844,2625.894485631321,0.05,150,5,0.15425925925925926,0.29827988424494445,0.6557202495725084,0.0
mtd_ai,200,0.005042030061780353,0.35714285714285715,3235.3642289395984,0.1,150,5,0.15425925925925926,0.29827988424494445,0.6557202495725084,0.0
mtd_ai,200,0.005042030061780353,0.42452830188679247,4259.245119321851,0.15,150,5,0.15425925925925926,0.29827988424494445,0.6557202495725084,0.0
mtd_ai,200,0.005042030061780353,0.43478260869565216,5773.624259710047,0.2,150,5,0.15425925925925926,0.29827988424494445,0.6557202495725084,0.0
mtd_ai,200,0.005042030061780353,0.4807692307692308,6137.502926254301,0.25,150,5,0.15425925925925926,0.29827988424494445,0.6557202495725084,0.0
mtd_ai,200,0.00507228265357081,0.46875,1542.1870227298277,0.05,150,5,0.10400000000000001,0.6874460412653423,2.906978389854887,0.0
mtd_ai,200,0.00507228265357081,0.46875,2779.2165044193434,0.1,150,5,0.10400000000000001,0.6874460412653423,2.906978389854887,0.0
mtd_ai,200,0.00507228265357081,0.4787234042553192,4079.010169588416,0.15,150,5,0.10400000000000001,0.6874460412653423,2.906978389854887,0.0
mtd_ai,200,0.00507228265357081,0.4838709677419355,5165.870479249661,0.2,150,5,0.10400000000000001,0.6874460412653423,2.906978389854887,0.0
mtd_ai,200,0.00507228265357081,0.5208333333333334,5573.226347969182,0.25,150,5,0.10400000000000001,0.6874460412653423,2.906978389854887,0.0
