Name,mtd_interval,MEF,ASR,time_to_compromise,host_compromise_ratio,network_size,exposed_endpoints,attack_path_exposure,ROA,risk,shortest_path_variability
mtd_ai,200,0.005074789232597419,0.32608695652173914,1778.4358516682125,0.05,150,5,0.07142857142857142,1.582027148351527,4.640993927140762,0.0
mtd_ai,200,0.005074789232597419,0.40540540540540543,2628.5122978281015,0.1,150,5,0.07142857142857142,1.582027148351527,4.640993927140762,0.0
mtd_ai,200,0.005074789232597419,0.45918367346938777,3143.1650052142686,0.15,150,5,0.07142857142857142,1.582027148351527,4.640993927140762,0.0
mtd_ai,200,0.005074789232597419,0.45454545454545453,4818.193575281839,0.2,150,5,0.07142857142857142,1.582027148351527,4.640993927140762,0.0
mtd_ai,200,0.005074789232597419,0.4032258064516129,5890.22002411848,0.25,150,5,0.07142857142857142,1.582027148351527,4.640993927140762,0.0
mtd_ai,200,0.005061949471721355,0.375,2088.390841274876,0.05,150,5,0.1,0.5427872346734571,1.5320173436371693,0.0
mtd_ai,200,0.005061949471721355,0.4838709677419355,2728.574913420702,0.1,150,5,0.1,0.5427872346734571,1.5320173436371693,0.0
mtd_ai,200,0.005061949471721355,0.5113636363636364,3693.490219604482,0.15,150,5,0.1,0.5427872346734571,1.5320173436371693,0.0
mtd_ai,200,0.005061949471721355,0.5555555555555556,4304.47860460815,0.2,150,5,0.1,0.5427872346734571,1.5320173436371693,0.0
mtd_ai,200,0.005061949471721355,0.5597014925373134,5014.212645950005,0.25,150,5,0.1,0.5427872346734571,1.5320173436371693,0.0
mtd_ai,200,0.005084986676214591,0.4166666666666667,1762.0452357469678,0.05,150,5,0.1561111111111111,0.429920841272432,1.728414791202386,0.0
mtd_ai,200,0.005084986676214591,0.375,2841.261523631788,0.1,150,5,0.1561111111111111,0.429920841272432,1.728414791202386,0.0
mtd_ai,200,0.005084986676214591,0.4411764705882353,3518.361033339168,0.15,150,5,0.1561111111111111,0.429920841272432,1.728414791202386,0.0
mtd_ai,200,0.005084986676214591,0.4411764705882353,4434.991612904258,0.2,150,5,0.1561111111111111,0.429920841272432,1.728414791202386,0.0
mtd_ai,200,0.005084986676214591,0.46875,4850.3236101962975,0.25,150,5,0.1561111111111111,0.429920841272432,1.728414791202386,0.0
mtd_ai,200,0.005065723331767409,0.5357142857142857,1125.4046564526104,0.05,150,5,0.10888888888888891,0.6349166478521097,2.616211553823667,0.0
mtd_ai,200,0.005065723331767409,0.3488372093023256,2920.979900651541,0.1,150,5,0.10888888888888891,0.6349166478521097,2.616211553823667,0.0
mtd_ai,200,0.005065723331767409,0.4090909090909091,3742.9494983185846,0.15,150,5,0.10888888888888891,0.6349166478521097,2.616211553823667,0.0
mtd_ai,200,0.005065723331767409,0.4166666666666667,4734.074412916321,0.2,150,5,0.10888888888888891,0.6349166478521097,2.616211553823667,0.0
mtd_ai,200,0.005065723331767409,0.43103448275862066,5667.660430445489,0.25,150,5,0.10888888888888891,0.6349166478521097,2.616211553823667,0.0
mtd_ai,200,0.005047221128753526,0.35714285714285715,2101.3859114197257,0.05,150,5,0.14533333333333334,0.07667329589043256,0.33908326835932734,0.0
mtd_ai,200,0.005047221128753526,0.40540540540540543,3193.8585789809076,0.1,150,5,0.14533333333333334,0.07667329589043256,0.33908326835932734,0.0
mtd_ai,200,0.005047221128753526,0.4787234042553192,3614.178820058194,0.15,150,5,0.14533333333333334,0.07667329589043256,0.33908326835932734,0.0
mtd_ai,200,0.005047221128753526,0.47619047619047616,4232.2274778870915,0.2,150,5,0.14533333333333334,0.07667329589043256,0.33908326835932734,0.0
mtd_ai,200,0.005047221128753526,0.4934210526315789,5096.764470741507,0.25,150,5,0.14533333333333334,0.07667329589043256,0.33908326835932734,0.0
mtd_ai,200,0.005043082454498644,0.3,2949.328249322549,0.05,150,5,0.12644444444444447,0.18773098169330338,0.6037841217728024,0.0
mtd_ai,200,0.005043082454498644,0.3488372093023256,4085.943022774732,0.1,150,5,0.12644444444444447,0.18773098169330338,0.6037841217728024,0.0
mtd_ai,200,0.005043082454498644,0.4326923076923077,4451.709418410375,0.15,150,5,0.12644444444444447,0.18773098169330338,0.6037841217728024,0.0
mtd_ai,200,0.005043082454498644,0.44776119402985076,5406.607429203896,0.2,150,5,0.12644444444444447,0.18773098169330338,0.6037841217728024,0.0
mtd_ai,200,0.005043082454498644,0.5,5677.227217772671,0.25,150,5,0.12644444444444447,0.18773098169330338,0.6037841217728024,0.0
mtd_ai,200,0.005071724723118576,0.32608695652173914,1637.5365681044893,0.05,150,5,0.14333333333333334,0.366209654901939,1.5347432656377036,0.0
mtd_ai,200,0.005071724723118576,0.3125,4154.0819451935295,0.1,150,5,0.14333333333333334,0.366209654901939,1.5347432656377036,0.0
mtd_ai,200,0.005071724723118576,0.3813559322033898,4975.899782205779,0.15,150,5,0.14333333333333334,0.366209654901939,1.5347432656377036,0.0
mtd_ai,200,0.005071724723118576,0.43478260869565216,5461.825840297705,0.2,150,5,0.14333333333333334,0.366209654901939,1.5347432656377036,0.0
mtd_ai,200,0.005071724723118576,0.487012987012987,5870.578456666392,0.25,150,5,0.14333333333333334,0.366209654901939,1.5347432656377036,0.0
mtd_ai,200,0.005048263539228359,0.28846153846153844,3265.812470896917,0.05,150,5,0.134,0.573359706669987,2.0975055978528707,0.0
mtd_ai,200,0.005048263539228359,0.35714285714285715,4526.853753436235,0.1,150,5,0.134,0.573359706669987,2.0975055978528707,0.0
mtd_ai,200,0.005048263539228359,0.45,4817.659866850827,0.15,150,5,0.134,0.573359706669987,2.0975055978528707,0.0
mtd_ai,200,0.005048263539228359,0.44776119402985076,5604.131499199277,0.2,150,5,0.134,0.573359706669987,2.0975055978528707,0.0
mtd_ai,200,0.005048263539228359,0.4934210526315789,6103.10852812902,0.25,150,5,0.134,0.573359706669987,2.0975055978528707,0.0
mtd_ai,200,0.0050692266779712065,0.25862068965517243,2543.2235971303335,0.05,150,5,0.12666666666666668,0.49212314480541164,2.087775658587469,0.0
mtd_ai,200,0.0050692266779712065,0.32608695652173914,3652.520367908144,0.1,150,5,0.12666666666666668,0.49212314480541164,2.087775658587469,0.0
mtd_ai,200,0.0050692266779712065,0.4090909090909091,3989.4160846729037,0.15,150,5,0.12666666666666668,0.49212314480541164,2.087775658587469,0.0
mtd_ai,200,0.0050692266779712065,0.4225352112676056,5314.592405463918,0.2,150,5,0.12666666666666668,0.49212314480541164,2.087775658587469,0.0
mtd_ai,200,0.0050692266779712065,0.46875,5898.947140045465,0.25,150,5,0.12666666666666668,0.49212314480541164,2.087775658587469,0.0
mtd_ai,200,0.0050855298521251925,0.3,1941.5174579945713,0.05,150,5,0.139,0.02659036290927187,0.09833218509912682,0.0
mtd_ai,200,0.0050855298521251925,0.39473684210526316,3050.5473910696246,0.1,150,5,0.139,0.02659036290927187,0.09833218509912682,0.0
mtd_ai,200,0.0050855298521251925,0.4166666666666667,4117.126479934913,0.15,150,5,0.139,0.02659036290927187,0.09833218509912682,0.0
mtd_ai,200,0.0050855298521251925,0.4225352112676056,4969.573843420636,0.2,150,5,0.139,0.02659036290927187,0.09833218509912682,0.0
mtd_ai,200,0.0050855298521251925,0.47468354430379744,5238.634850836428,0.25,150,5,0.139,0.02659036290927187,0.09833218509912682,0.0
mtd_ai,200,0.005050290669901125,0.3125,2238.347836115193,0.05,150,5,0.1491111111111111,2.8050618492852744,6.429250969084391,0.0
mtd_ai,200,0.005050290669901125,0.4411764705882353,2568.9729373234277,0.1,150,5,0.1491111111111111,2.8050618492852744,6.429250969084391,0.0
mtd_ai,200,0.005050290669901125,0.5,3121.2549761697446,0.15,150,5,0.1491111111111111,2.8050618492852744,6.429250969084391,0.0
mtd_ai,200,0.005050290669901125,0.5084745762711864,3861.9404359705663,0.2,150,5,0.1491111111111111,2.8050618492852744,6.429250969084391,0.0
mtd_ai,200,0.005050290669901125,0.5067567567567568,4745.165722794692,0.25,150,5,0.1491111111111111,2.8050618492852744,6.429250969084391,0.0
mtd_ai,200,0.005046677786354761,0.35714285714285715,2054.5954533531253,0.05,150,5,0.11444444444444445,0.38970923774204874,0.7639780732970681,0.0
mtd_ai,200,0.005046677786354761,0.3409090909090909,4078.0934595692916,0.1,150,5,0.11444444444444445,0.38970923774204874,0.7639780732970681,0.0
mtd_ai,200,0.005046677786354761,0.3879310344827586,4804.392876906942,0.15,150,5,0.11444444444444445,0.38970923774204874,0.7639780732970681,0.0
mtd_ai,200,0.005046677786354761,0.410958904109589,5903.62558918408,0.2,150,5,0.11444444444444445,0.38970923774204874,0.7639780732970681,0.0
mtd_ai,200,0.005046677786354761,0.4573170731707317,6221.897678992468,0.25,150,5,0.11444444444444445,0.38970923774204874,0.7639780732970681,0.0
mtd_ai,200,0.005073731161472859,0.28846153846153844,3056.4871630763764,0.05,150,5,0.13577777777777775,1.025094376041812,4.219247622337829,0.0
mtd_ai,200,0.005073731161472859,0.3409090909090909,4174.937344337766,0.1,150,5,0.13577777777777775,1.025094376041812,4.219247622337829,0.0
mtd_ai,200,0.005073731161472859,0.39473684210526316,5090.177196723627,0.15,150,5,0.13577777777777775,1.025094376041812,4.219247622337829,0.0
mtd_ai,200,0.005073731161472859,0.42857142857142855,5667.778607097471,0.2,150,5,0.13577777777777775,1.025094376041812,4.219247622337829,0.0
mtd_ai,200,0.005073731161472859,0.46875,6065.990942234253,0.25,150,5,0.13577777777777775,1.025094376041812,4.219247622337829,0.0
mtd_ai,200,0.005042543899804819,0.4411764705882353,1522.3136208659948,0.05,150,5,0.15999999999999998,4.063105580073891,7.472990440384943,0.0
mtd_ai,200,0.005042543899804819,0.375,2933.740537789833,0.1,150,5,0.15999999999999998,4.063105580073891,7.472990440384943,0.0
mtd_ai,200,0.005042543899804819,0.4166666666666667,3772.0489560513092,0.15,150,5,0.15999999999999998,4.063105580073891,7.472990440384943,0.0
mtd_ai,200,0.005042543899804819,0.45454545454545453,4418.448631305273,0.2,150,5,0.15999999999999998,4.063105580073891,7.472990440384943,0.0
mtd_ai,200,0.005042543899804819,0.45180722891566266,5183.683535381993,0.25,150,5,0.15999999999999998,4.063105580073891,7.472990440384943,0.0
mtd_ai,200,0.005067105173632924,0.3409090909090909,2492.119529462615,0.05,150,5,0.14233333333333334,0.6606423348315126,2.862296846136635,0.0
mtd_ai,200,0.005067105173632924,0.4166666666666667,3067.435139496097,0.1,150,5,0.14233333333333334,0.6606423348315126,2.862296846136635,0.0
mtd_ai,200,0.005067105173632924,0.45,3961.1343796656092,0.15,150,5,0.14233333333333334,0.6606423348315126,2.862296846136635,0.0
mtd_ai,200,0.005067105173632924,0.45454545454545453,5199.511993671393,0.2,150,5,0.14233333333333334,0.6606423348315126,2.862296846136635,0.0
mtd_ai,200,0.005067105173632924,0.4807692307692308,5808.799527549263,0.25,150,5,0.14233333333333334,0.6606423348315126,2.862296846136635,0.0
mtd_ai,200,0.005084098032813343,0.375,1820.9855247452542,0.05,150,5,0.16330952380952382,0.48046171771553803,1.0731208492264468,0.0
mtd_ai,200,0.005084098032813343,0.4166666666666667,2912.3599405769096,0.1,150,5,0.16330952380952382,0.48046171771553803,1.0731208492264468,0.0
mtd_ai,200,0.005084098032813343,0.46875,3992.728590282495,0.15,150,5,0.16330952380952382,0.48046171771553803,1.0731208492264468,0.0
mtd_ai,200,0.005084098032813343,0.5172413793103449,4504.346832518896,0.2,150,5,0.16330952380952382,0.48046171771553803,1.0731208492264468,0.0
mtd_ai,200,0.005084098032813343,0.5597014925373134,4819.421266287494,0.25,150,5,0.16330952380952382,0.48046171771553803,1.0731208492264468,0.0
mtd_ai,200,0.005070913653427022,0.2777777777777778,2713.5522660801303,0.05,150,5,0.14200000000000002,0.15567287901350074,0.6389796042860469,0.0
mtd_ai,200,0.005070913653427022,0.32608695652173914,4036.3249898683844,0.1,150,5,0.14200000000000002,0.15567287901350074,0.6389796042860469,0.0
mtd_ai,200,0.005070913653427022,0.39473684210526316,4873.607656254266,0.15,150,5,0.14200000000000002,0.15567287901350074,0.6389796042860469,0.0
mtd_ai,200,0.005070913653427022,0.42857142857142855,5658.184692807065,0.2,150,5,0.14200000000000002,0.15567287901350074,0.6389796042860469,0.0
mtd_ai,200,0.005070913653427022,0.4807692307692308,6085.151126836309,0.25,150,5,0.14200000000000002,0.15567287901350074,0.6389796042860469,0.0
mtd_ai,200,0.005060969628117634,0.24193548387096775,3017.2430752966557,0.05,150,5,0.15138888888888888,0.5758037352038473,0.9949843167419724,0.0
mtd_ai,200,0.005060969628117634,0.3125,4257.417215728202,0.1,150,5,0.15138888888888888,0.5758037352038473,0.9949843167419724,0.0
mtd_ai,200,0.005060969628117634,0.3813559322033898,4848.566635790734,0.15,150,5,0.15138888888888888,0.5758037352038473,0.9949843167419724,0.0
mtd_ai,200,0.005060969628117634,0.39473684210526316,5931.244442063657,0.2,150,5,0.15138888888888888,0.5758037352038473,0.9949843167419724,0.0
mtd_ai,200,0.005060969628117634,0.4411764705882353,6383.981225215131,0.25,150,5,0.15138888888888888,0.5758037352038473,0.9949843167419724,0.0
mtd_ai,200,0.0050848817598536725,0.3125,2345.552599788071,0.05,150,5,0.10111111111111111,0.20672817721584455,0.7186705004148654,0.0
mtd_ai,200,0.0050848817598536725,0.39473684210526316,3441.206380186044,0.1,150,5,0.10111111111111111,0.20672817721584455,0.7186705004148654,0.0
mtd_ai,200,0.0050848817598536725,0.45,3891.734503154881,0.15,150,5,0.10111111111111111,0.20672817721584455,0.7186705004148654,0.0
mtd_ai,200,0.0050848817598536725,0.5084745762711864,4321.592090416833,0.2,150,5,0.10111111111111111,0.20672817721584455,0.7186705004148654,0.0
mtd_ai,200,0.0050848817598536725,0.528169014084507,4881.988661098091,0.25,150,5,0.10111111111111111,0.20672817721584455,0.7186705004148654,0.0
mtd_ai,200,0.0050574352188798195,0.4411764705882353,1584.3171129331581,0.05,150,5,0.12,4.254234782225933,4.616357652819264,5.071428571428571
mtd_ai,200,0.0050574352188798195,0.46875,2660.5197555955456,0.1,150,5,0.12,4.254234782225933,4.616357652819264,5.071428571428571
mtd_ai,200,0.0050574352188798195,0.5232558139534884,3185.8527869060545,0.15,150,5,0.12,4.254234782225933,4.616357652819264,5.071428571428571
mtd_ai,200,0.0050574352188798195,0.5660377358490566,3742.053902068923,0.2,150,5,0.12,4.254234782225933,4.616357652819264,5.071428571428571
mtd_ai,200,0.0050574352188798195,0.5859375,4383.113100676758,0.25,150,5,0.12,4.254234782225933,4.616357652819264,5.071428571428571
mtd_ai,200,0.005048320039567685,0.2777777777777778,3119.982047209936,0.05,150,5,0.11777777777777776,0.2496081111268574,0.7436185278366679,0.0
mtd_ai,200,0.005048320039567685,0.36585365853658536,4398.770068346825,0.1,150,5,0.11777777777777776,0.2496081111268574,0.7436185278366679,0.0
mtd_ai,200,0.005048320039567685,0.42452830188679247,4947.976571423998,0.15,150,5,0.11777777777777776,0.2496081111268574,0.7436185278366679,0.0
mtd_ai,200,0.005048320039567685,0.4411764705882353,5640.489869414687,0.2,150,5,0.11777777777777776,0.2496081111268574,0.7436185278366679,0.0
mtd_ai,200,0.005048320039567685,0.4934210526315789,5957.665302461887,0.25,150,5,0.11777777777777776,0.2496081111268574,0.7436185278366679,0.0
mtd_ai,200,0.005067943003108947,0.3409090909090909,2136.275768766069,0.05,150,5,0.11666666666666667,2.088617886026036,4.768635149756799,0.0
mtd_ai,200,0.005067943003108947,0.36585365853658536,4089.068449494394,0.1,150,5,0.11666666666666667,2.088617886026036,4.768635149756799,0.0
mtd_ai,200,0.005067943003108947,0.4166666666666667,4863.874306849226,0.15,150,5,0.11666666666666667,2.088617886026036,4.768635149756799,0.0
mtd_ai,200,0.005067943003108947,0.46875,5372.351080544691,0.2,150,5,0.11666666666666667,2.088617886026036,4.768635149756799,0.0
mtd_ai,200,0.005067943003108947,0.45180722891566266,6214.319088545773,0.25,150,5,0.11666666666666667,2.088617886026036,4.768635149756799,0.0
mtd_ai,200,0.005069919408435407,0.28846153846153844,2152.7598612295387,0.05,150,5,0.1211111111111111,1.7881682333509663,5.013803218894026,0.0
mtd_ai,200,0.005069919408435407,0.375,3128.6074530227133,0.1,150,5,0.1211111111111111,1.7881682333509663,5.013803218894026,0.0
mtd_ai,200,0.005069919408435407,0.4326923076923077,3961.7760995722306,0.15,150,5,0.1211111111111111,1.7881682333509663,5.013803218894026,0.0
mtd_ai,200,0.005069919408435407,0.40540540540540543,5502.560445428848,0.2,150,5,0.1211111111111111,1.7881682333509663,5.013803218894026,0.0
mtd_ai,200,0.005069919408435407,0.44642857142857145,5878.708156071394,0.25,150,5,0.1211111111111111,1.7881682333509663,5.013803218894026,0.0
mtd_ai,200,0.00504355106423585,0.3409090909090909,2040.8030970945551,0.05,150,5,0.08,1.1846544141829793,4.387797381200945,0.0
mtd_ai,200,0.00504355106423585,0.36585365853658536,3148.2822432773205,0.1,150,5,0.08,1.1846544141829793,4.387797381200945,0.0
mtd_ai,200,0.00504355106423585,0.4166666666666667,3880.440820108689,0.15,150,5,0.08,1.1846544141829793,4.387797381200945,0.0
mtd_ai,200,0.00504355106423585,0.47619047619047616,4436.527962456162,0.2,150,5,0.08,1.1846544141829793,4.387797381200945,0.0
mtd_ai,200,0.00504355106423585,0.4934210526315789,5101.566218482446,0.25,150,5,0.08,1.1846544141829793,4.387797381200945,0.0
mtd_ai,200,0.005063975173345197,0.3409090909090909,2396.2870260431564,0.05,150,5,0.18518518518518517,1.9178507017834898,4.836807029955082,0.0
mtd_ai,200,0.005063975173345197,0.39473684210526316,3670.760966460765,0.1,150,5,0.18518518518518517,1.9178507017834898,4.836807029955082,0.0
mtd_ai,200,0.005063975173345197,0.45,4609.965882084757,0.15,150,5,0.18518518518518517,1.9178507017834898,4.836807029955082,0.0
mtd_ai,200,0.005063975173345197,0.43478260869565216,5819.931221867475,0.2,150,5,0.18518518518518517,1.9178507017834898,4.836807029955082,0.0
mtd_ai,200,0.005063975173345197,0.4934210526315789,6215.453002183994,0.25,150,5,0.18518518518518517,1.9178507017834898,4.836807029955082,0.0
mtd_ai,200,0.005031341802785579,0.22727272727272727,3750.230781505773,0.05,150,5,0.16555555555555557,0.6109893473615737,2.427666186954571,0.0
mtd_ai,200,0.005031341802785579,0.3333333333333333,4570.27077845903,0.1,150,5,0.16555555555555557,0.6109893473615737,2.427666186954571,0.0
mtd_ai,200,0.005031341802785579,0.375,5337.304672679432,0.15,150,5,0.16555555555555557,0.6109893473615737,2.427666186954571,0.0
mtd_ai,200,0.005031341802785579,0.32608695652173914,6624.274646848895,0.2,150,5,0.16555555555555557,0.6109893473615737,2.427666186954571,0.0
mtd_ai,200,0.005031341802785579,0.3440366972477064,7419.011572838662,0.25,150,5,0.16555555555555557,0.6109893473615737,2.427666186954571,0.0
mtd_ai,200,0.005039445706355077,0.24193548387096775,2927.3703559671976,0.05,150,5,0.13722222222222225,0.725424311930167,3.0099562424544626,0.0
mtd_ai,200,0.005039445706355077,0.3125,4581.44413979798,0.1,150,5,0.13722222222222225,0.725424311930167,3.0099562424544626,0.0
mtd_ai,200,0.005039445706355077,0.375,5018.59254019665,0.15,150,5,0.13722222222222225,0.725424311930167,3.0099562424544626,0.0
mtd_ai,200,0.005039445706355077,0.42857142857142855,5270.2857377498485,0.2,150,5,0.13722222222222225,0.725424311930167,3.0099562424544626,0.0
mtd_ai,200,0.005039445706355077,0.4573170731707317,5955.619389262902,0.25,150,5,0.13722222222222225,0.725424311930167,3.0099562424544626,0.0
mtd_ai,200,0.005075748457325511,0.32608695652173914,2696.271621329788,0.05,150,5,0.13033333333333333,1.4993407354130173,5.125913449833167,0.0
mtd_ai,200,0.005075748457325511,0.39473684210526316,3557.8684486577254,0.1,150,5,0.13033333333333333,1.4993407354130173,5.125913449833167,0.0
mtd_ai,200,0.005075748457325511,0.34615384615384615,4799.999875659887,0.15,150,5,0.13033333333333333,1.4993407354130173,5.125913449833167,0.0
mtd_ai,200,0.005075748457325511,0.375,5612.560399473782,0.2,150,5,0.13033333333333333,1.4993407354130173,5.125913449833167,0.0
mtd_ai,200,0.005075748457325511,0.42613636363636365,5938.475347201492,0.25,150,5,0.13033333333333333,1.4993407354130173,5.125913449833167,0.0
mtd_ai,200,0.005055431664041326,0.19230769230769232,3410.8395312204066,0.05,150,5,0.1272222222222222,1.2965238274563855,3.052387735334768,0.0
mtd_ai,200,0.005055431664041326,0.28846153846153844,4240.24109042865,0.1,150,5,0.1272222222222222,1.2965238274563855,3.052387735334768,0.0
mtd_ai,200,0.005055431664041326,0.3409090909090909,5259.456978700822,0.15,150,5,0.1272222222222222,1.2965238274563855,3.052387735334768,0.0
mtd_ai,200,0.005055431664041326,0.32608695652173914,6555.422088933437,0.2,150,5,0.1272222222222222,1.2965238274563855,3.052387735334768,0.0
mtd_ai,200,0.005055431664041326,0.35714285714285715,7051.29487617562,0.25,150,5,0.1272222222222222,1.2965238274563855,3.052387735334768,0.0
mtd_ai,200,0.005040936471562976,0.375,2351.237884711368,0.05,150,5,0.10833333333333334,0.1648110825362223,0.7063531273138046,0.0
mtd_ai,200,0.005040936471562976,0.40540540540540543,4005.883771797764,0.1,150,5,0.10833333333333334,0.1648110825362223,0.7063531273138046,0.0
mtd_ai,200,0.005040936471562976,0.45918367346938777,4738.099310629237,0.15,150,5,0.10833333333333334,0.1648110825362223,0.7063531273138046,0.0
mtd_ai,200,0.005040936471562976,0.4918032786885246,5429.522545444882,0.2,150,5,0.10833333333333334,0.1648110825362223,0.7063531273138046,0.0
mtd_ai,200,0.005040936471562976,0.5136986301369864,5917.389475129292,0.25,150,5,0.10833333333333334,0.1648110825362223,0.7063531273138046,0.0
mtd_ai,200,0.0050430392254504465,0.2777777777777778,2976.8430844309787,0.05,150,5,0.1,0.6363443876401278,1.6346550417230246,0.0
mtd_ai,200,0.0050430392254504465,0.3488372093023256,4164.081938798512,0.1,150,5,0.1,0.6363443876401278,1.6346550417230246,0.0
mtd_ai,200,0.0050430392254504465,0.4166666666666667,4662.021720148489,0.15,150,5,0.1,0.6363443876401278,1.6346550417230246,0.0
mtd_ai,200,0.0050430392254504465,0.4225352112676056,6144.420150911996,0.2,150,5,0.1,0.6363443876401278,1.6346550417230246,0.0
mtd_ai,200,0.0050430392254504465,0.46875,6486.281817109423,0.25,150,5,0.1,0.6363443876401278,1.6346550417230246,0.0
mtd_ai,200,0.0050630313116074585,0.25,3339.6567590608092,0.05,150,5,0.13783333333333334,0.49459996043164356,1.8026314154819754,0.0
mtd_ai,200,0.0050630313116074585,0.3125,4561.611351799402,0.1,150,5,0.13783333333333334,0.49459996043164356,1.8026314154819754,0.0
mtd_ai,200,0.0050630313116074585,0.3879310344827586,4989.1543706269995,0.15,150,5,0.13783333333333334,0.49459996043164356,1.8026314154819754,0.0
mtd_ai,200,0.0050630313116074585,0.40540540540540543,6661.588180706485,0.2,150,5,0.13783333333333334,0.49459996043164356,1.8026314154819754,0.0
mtd_ai,200,0.0050630313116074585,0.45180722891566266,7066.686978240596,0.25,150,5,0.13783333333333334,0.49459996043164356,1.8026314154819754,0.0
mtd_ai,200,0.005048474228419364,0.3125,3188.5182455496893,0.05,150,5,0.10888888888888888,0.8014358674767521,3.1104128299748353,0.0
mtd_ai,200,0.005048474228419364,0.39473684210526316,4161.488656288095,0.1,150,5,0.10888888888888888,0.8014358674767521,3.1104128299748353,0.0
mtd_ai,200,0.005048474228419364,0.45918367346938777,4864.794969703502,0.15,150,5,0.10888888888888888,0.8014358674767521,3.1104128299748353,0.0
mtd_ai,200,0.005048474228419364,0.5084745762711864,5190.554222967212,0.2,150,5,0.10888888888888888,0.8014358674767521,3.1104128299748353,0.0
mtd_ai,200,0.005048474228419364,0.5357142857142857,5985.759133979753,0.25,150,5,0.10888888888888888,0.8014358674767521,3.1104128299748353,0.0
mtd_ai,200,0.005078910223532626,0.3125,2281.277622875714,0.05,150,5,0.11857142857142856,0.7082287920508804,1.2654647324742532,0.0
mtd_ai,200,0.005078910223532626,0.39473684210526316,2964.835887834942,0.1,150,5,0.11857142857142856,0.7082287920508804,1.2654647324742532,0.0
mtd_ai,200,0.005078910223532626,0.4411764705882353,3990.0850267933283,0.15,150,5,0.11857142857142856,0.7082287920508804,1.2654647324742532,0.0
mtd_ai,200,0.005078910223532626,0.45454545454545453,5195.253657276431,0.2,150,5,0.11857142857142856,0.7082287920508804,1.2654647324742532,0.0
mtd_ai,200,0.005078910223532626,0.487012987012987,5621.9981267835865,0.25,150,5,0.11857142857142856,0.7082287920508804,1.2654647324742532,0.0
mtd_ai,200,0.005027741323292309,0.3,2955.030360369142,0.05,150,5,0.3,1.226022029939755,2.2142045468084537,-3.4210526315789473
mtd_ai,200,0.005027741323292309,0.32608695652173914,5538.746664736656,0.1,150,5,0.3,1.226022029939755,2.2142045468084537,-3.4210526315789473
mtd_ai,200,0.005027741323292309,0.3629032258064516,6614.8579540022565,0.15,150,5,0.3,1.226022029939755,2.2142045468084537,-3.4210526315789473
mtd_ai,200,0.005027741323292309,0.410958904109589,7283.813321010395,0.2,150,5,0.3,1.226022029939755,2.2142045468084537,-3.4210526315789473
mtd_ai,200,0.005027741323292309,0.436046511627907,7667.217783825505,0.25,150,5,0.3,1.226022029939755,2.2142045468084537,-3.4210526315789473
mtd_ai,200,0.005050497488182351,0.3125,2616.280983373401,0.05,150,5,0.09833333333333333,4.769127707238169,0.5219867475125956,0.0
mtd_ai,200,0.005050497488182351,0.35714285714285715,3792.0360168536195,0.1,150,5,0.09833333333333333,4.769127707238169,0.5219867475125956,0.0
mtd_ai,200,0.005050497488182351,0.375,4813.7150952972115,0.15,150,5,0.09833333333333333,4.769127707238169,0.5219867475125956,0.0
mtd_ai,200,0.005050497488182351,0.4225352112676056,5212.692586329667,0.2,150,5,0.09833333333333333,4.769127707238169,0.5219867475125956,0.0
mtd_ai,200,0.005050497488182351,0.4032258064516129,7238.835092151208,0.25,150,5,0.09833333333333333,4.769127707238169,0.5219867475125956,0.0
mtd_ai,200,0.005044076919865677,0.375,2113.193833095993,0.05,150,5,0.13904761904761906,0.09100877899751958,0.14327837334045138,0.0
mtd_ai,200,0.005044076919865677,0.46875,2932.092156459024,0.1,150,5,0.13904761904761906,0.09100877899751958,0.14327837334045138,0.0
mtd_ai,200,0.005044076919865677,0.4787234042553192,4304.355283644445,0.15,150,5,0.13904761904761906,0.09100877899751958,0.14327837334045138,0.0
mtd_ai,200,0.005044076919865677,0.38461538461538464,6333.792377065774,0.2,150,5,0.13904761904761906,0.09100877899751958,0.14327837334045138,0.0
mtd_ai,200,0.005044076919865677,0.43103448275862066,6705.469712917848,0.25,150,5,0.13904761904761906,0.09100877899751958,0.14327837334045138,0.0
mtd_ai,200,0.005035791398452093,0.25862068965517243,3143.5711985409785,0.05,150,5,0.13166666666666665,1.994658929337328,3.517237447203528,0.0
mtd_ai,200,0.005035791398452093,0.32608695652173914,4223.824592507772,0.1,150,5,0.13166666666666665,1.994658929337328,3.517237447203528,0.0
mtd_ai,200,0.005035791398452093,0.36885245901639346,5394.952147932714,0.15,150,5,0.13166666666666665,1.994658929337328,3.517237447203528,0.0
mtd_ai,200,0.005035791398452093,0.4166666666666667,6163.518980036562,0.2,150,5,0.13166666666666665,1.994658929337328,3.517237447203528,0.0
mtd_ai,200,0.005035791398452093,0.4411764705882353,7038.665649902172,0.25,150,5,0.13166666666666665,1.994658929337328,3.517237447203528,0.0
mtd_ai,200,0.005072778533439721,0.2777777777777778,2782.2392327535863,0.05,150,5,0.09333333333333334,0.2417694240217965,0.7255602204488347,0.0
mtd_ai,200,0.005072778533439721,0.35714285714285715,3799.2387127970737,0.1,150,5,0.09333333333333334,0.2417694240217965,0.7255602204488347,0.0
mtd_ai,200,0.005072778533439721,0.4411764705882353,4279.612362195785,0.15,150,5,0.09333333333333334,0.2417694240217965,0.7255602204488347,0.0
mtd_ai,200,0.005072778533439721,0.4838709677419355,4967.908934319725,0.2,150,5,0.09333333333333334,0.2417694240217965,0.7255602204488347,0.0
mtd_ai,200,0.005072778533439721,0.5,5512.988321683009,0.25,150,5,0.09333333333333334,0.2417694240217965,0.7255602204488347,0.0
mtd_ai,200,0.005048537784927503,0.28846153846153844,2980.3027188257397,0.05,150,5,0.3333333333333333,3.2168474018335553,6.270500131266466,0.0
mtd_ai,200,0.005048537784927503,0.3409090909090909,4432.7755514235505,0.1,150,5,0.3333333333333333,3.2168474018335553,6.270500131266466,0.0
mtd_ai,200,0.005048537784927503,0.42452830188679247,5006.804913420558,0.15,150,5,0.3333333333333333,3.2168474018335553,6.270500131266466,0.0
mtd_ai,200,0.005048537784927503,0.47619047619047616,5707.9100149794385,0.2,150,5,0.3333333333333333,3.2168474018335553,6.270500131266466,0.0
mtd_ai,200,0.005048537784927503,0.528169014084507,6117.515207834357,0.25,150,5,0.3333333333333333,3.2168474018335553,6.270500131266466,0.0
mtd_ai,200,0.005081270361853582,0.39473684210526316,1740.9894207491513,0.05,150,5,0.08695652173913043,2.613396553210819,5.302624365783483,0.0
mtd_ai,200,0.005081270361853582,0.40540540540540543,3291.8392179902366,0.1,150,5,0.08695652173913043,2.613396553210819,5.302624365783483,0.0
mtd_ai,200,0.005081270361853582,0.46875,4359.690496118719,0.15,150,5,0.08695652173913043,2.613396553210819,5.302624365783483,0.0
mtd_ai,200,0.005081270361853582,0.5,5092.350779228418,0.2,150,5,0.08695652173913043,2.613396553210819,5.302624365783483,0.0
mtd_ai,200,0.005081270361853582,0.5136986301369864,5769.930867026593,0.25,150,5,0.08695652173913043,2.613396553210819,5.302624365783483,0.0
mtd_ai,200,0.0050520780754297265,0.46875,1140.324570548231,0.05,150,5,0.08823529411764706,0.7378192997465722,1.4476659108120409,0.0
mtd_ai,200,0.0050520780754297265,0.40540540540540543,3154.1314452559573,0.1,150,5,0.08823529411764706,0.7378192997465722,1.4476659108120409,0.0
mtd_ai,200,0.0050520780754297265,0.45918367346938777,4079.7074625921164,0.15,150,5,0.08823529411764706,0.7378192997465722,1.4476659108120409,0.0
mtd_ai,200,0.0050520780754297265,0.4918032786885246,4915.485094573511,0.2,150,5,0.08823529411764706,0.7378192997465722,1.4476659108120409,0.0
mtd_ai,200,0.0050520780754297265,0.528169014084507,5402.683550891283,0.25,150,5,0.08823529411764706,0.7378192997465722,1.4476659108120409,0.0
mtd_ai,200,0.005036725601881623,0.3409090909090909,1847.1351828892916,0.05,150,5,0.11333333333333333,0.6569108057378429,1.4956777904145089,0.0
mtd_ai,200,0.005036725601881623,0.29411764705882354,3872.768711168789,0.1,150,5,0.11333333333333333,0.6569108057378429,1.4956777904145089,0.0
mtd_ai,200,0.005036725601881623,0.34615384615384615,4663.325846900289,0.15,150,5,0.11333333333333333,0.6569108057378429,1.4956777904145089,0.0
mtd_ai,200,0.005036725601881623,0.379746835443038,5415.380080896399,0.2,150,5,0.11333333333333333,0.6569108057378429,1.4956777904145089,0.0
mtd_ai,200,0.005036725601881623,0.3865979381443299,6238.3030867627585,0.25,150,5,0.11333333333333333,0.6569108057378429,1.4956777904145089,0.0
mtd_ai,200,0.005065723987914935,0.25862068965517243,3047.1290873268417,0.05,150,5,0.25,0.31812743497439133,1.2309335512332935,0.0
mtd_ai,200,0.005065723987914935,0.3488372093023256,3757.0808015558473,0.1,150,5,0.25,0.31812743497439133,1.2309335512332935,0.0
mtd_ai,200,0.005065723987914935,0.42452830188679247,4311.377376859331,0.15,150,5,0.25,0.31812743497439133,1.2309335512332935,0.0
mtd_ai,200,0.005065723987914935,0.45454545454545453,5164.109844695096,0.2,150,5,0.25,0.31812743497439133,1.2309335512332935,0.0
mtd_ai,200,0.005065723987914935,0.46296296296296297,6161.139012727852,0.25,150,5,0.25,0.31812743497439133,1.2309335512332935,0.0
mtd_ai,200,0.005049684693776829,0.28846153846153844,2789.68454076779,0.05,150,5,0.14444444444444443,2.1281516010333643,0.9682196094453984,0.0
mtd_ai,200,0.005049684693776829,0.35714285714285715,3902.948408012303,0.1,150,5,0.14444444444444443,2.1281516010333643,0.9682196094453984,0.0
mtd_ai,200,0.005049684693776829,0.42452830188679247,4635.616173199567,0.15,150,5,0.14444444444444443,2.1281516010333643,0.9682196094453984,0.0
mtd_ai,200,0.005049684693776829,0.47619047619047616,5119.805211587945,0.2,150,5,0.14444444444444443,2.1281516010333643,0.9682196094453984,0.0
mtd_ai,200,0.005049684693776829,0.5136986301369864,5663.990578188285,0.25,150,5,0.14444444444444443,2.1281516010333643,0.9682196094453984,0.0
mtd_ai,200,0.005037037831303934,0.35714285714285715,2183.7835855659378,0.05,150,5,0.12644444444444447,0.2179383334117454,0.9072116961118523,0.0
mtd_ai,200,0.005037037831303934,0.42857142857142855,3086.2663697248654,0.1,150,5,0.12644444444444447,0.2179383334117454,0.9072116961118523,0.0
mtd_ai,200,0.005037037831303934,0.45,4020.989477057497,0.15,150,5,0.12644444444444447,0.2179383334117454,0.9072116961118523,0.0
mtd_ai,200,0.005037037831303934,0.45454545454545453,4730.6590656900535,0.2,150,5,0.12644444444444447,0.2179383334117454,0.9072116961118523,0.0
mtd_ai,200,0.005037037831303934,0.4807692307692308,5490.668032471875,0.25,150,5,0.12644444444444447,0.2179383334117454,0.9072116961118523,0.0
mtd_ai,200,0.0050419231456093165,0.2777777777777778,3267.8765729469296,0.05,150,5,0.13666666666666663,0.9649080029789282,3.122474868114492,0.0
mtd_ai,200,0.0050419231456093165,0.375,3975.951879923436,0.1,150,5,0.13666666666666663,0.9649080029789282,3.122474868114492,0.0
mtd_ai,200,0.0050419231456093165,0.4326923076923077,4937.598295793587,0.15,150,5,0.13666666666666663,0.9649080029789282,3.122474868114492,0.0
mtd_ai,200,0.0050419231456093165,0.43478260869565216,5590.626888209705,0.2,150,5,0.13666666666666663,0.9649080029789282,3.122474868114492,0.0
mtd_ai,200,0.0050419231456093165,0.436046511627907,6552.380931031248,0.25,150,5,0.13666666666666663,0.9649080029789282,3.122474868114492,0.0
mtd_ai,200,0.005075753625982877,0.4411764705882353,1536.6196836442293,0.05,150,5,0.14444444444444446,0.4215355553446039,1.2953520926295594,0.0
mtd_ai,200,0.005075753625982877,0.42857142857142855,2895.430215143717,0.1,150,5,0.14444444444444446,0.4215355553446039,1.2953520926295594,0.0
mtd_ai,200,0.005075753625982877,0.5,3476.547996222168,0.15,150,5,0.14444444444444446,0.4215355553446039,1.2953520926295594,0.0
mtd_ai,200,0.005075753625982877,0.5263157894736842,4169.563750363962,0.2,150,5,0.14444444444444446,0.4215355553446039,1.2953520926295594,0.0
mtd_ai,200,0.005075753625982877,0.5357142857142857,5373.921058753993,0.25,150,5,0.14444444444444446,0.4215355553446039,1.2953520926295594,0.0
mtd_ai,200,0.005065759349661467,0.3409090909090909,1894.5095023852643,0.05,150,5,0.1754920634920635,1.3243163330552634,3.0542689000031933,0.0
mtd_ai,200,0.005065759349661467,0.3488372093023256,3717.008370298469,0.1,150,5,0.1754920634920635,1.3243163330552634,3.0542689000031933,0.0
mtd_ai,200,0.005065759349661467,0.3879310344827586,5028.646259985435,0.15,150,5,0.1754920634920635,1.3243163330552634,3.0542689000031933,0.0
mtd_ai,200,0.005065759349661467,0.379746835443038,6211.666263178224,0.2,150,5,0.1754920634920635,1.3243163330552634,3.0542689000031933,0.0
mtd_ai,200,0.005065759349661467,0.42134831460674155,6702.447633876902,0.25,150,5,0.1754920634920635,1.3243163330552634,3.0542689000031933,0.0
mtd_ai,200,0.005050700037962792,0.375,2065.536524899014,0.05,150,5,0.155,0.9092469438014492,2.821519385262494,0.0
mtd_ai,200,0.005050700037962792,0.4838709677419355,2798.949073813381,0.1,150,5,0.155,0.9092469438014492,2.821519385262494,0.0
mtd_ai,200,0.005050700037962792,0.5113636363636364,3672.6763145406185,0.15,150,5,0.155,0.9092469438014492,2.821519385262494,0.0
mtd_ai,200,0.005050700037962792,0.47619047619047616,5550.063895157182,0.2,150,5,0.155,0.9092469438014492,2.821519385262494,0.0
mtd_ai,200,0.005050700037962792,0.528169014084507,5803.223683691174,0.25,150,5,0.155,0.9092469438014492,2.821519385262494,0.0
mtd_ai,200,0.00506263707328386,0.26785714285714285,3159.096441800301,0.05,150,5,0.15587301587301586,1.9040846607288044,3.7616173291437596,0.0
mtd_ai,200,0.00506263707328386,0.3488372093023256,4369.497193926218,0.1,150,5,0.15587301587301586,1.9040846607288044,3.7616173291437596,0.0
mtd_ai,200,0.00506263707328386,0.4166666666666667,4959.975253649158,0.15,150,5,0.15587301587301586,1.9040846607288044,3.7616173291437596,0.0
mtd_ai,200,0.00506263707328386,0.4166666666666667,5871.121336650396,0.2,150,5,0.15587301587301586,1.9040846607288044,3.7616173291437596,0.0
mtd_ai,200,0.00506263707328386,0.436046511627907,6395.467172705392,0.25,150,5,0.15587301587301586,1.9040846607288044,3.7616173291437596,0.0
mtd_ai,200,0.005038421832257176,0.25,3760.6580577607856,0.05,150,5,0.1,1.3578628574940699,4.128132461636848,0.0
mtd_ai,200,0.005038421832257176,0.28846153846153844,5959.936129704354,0.1,150,5,0.1,1.3578628574940699,4.128132461636848,0.0
mtd_ai,200,0.005038421832257176,0.36885245901639346,6433.1912872712,0.15,150,5,0.1,1.3578628574940699,4.128132461636848,0.0
mtd_ai,200,0.005038421832257176,0.4166666666666667,6918.163308278397,0.2,150,5,0.1,1.3578628574940699,4.128132461636848,0.0
mtd_ai,200,0.005038421832257176,0.46296296296296297,7272.819620004864,0.25,150,5,0.1,1.3578628574940699,4.128132461636848,0.0
mtd_ai,200,0.005060487256653304,0.3409090909090909,1804.2635131813472,0.05,150,5,0.11833333333333333,0.8613718563080285,2.466642550123117,0.0
mtd_ai,200,0.005060487256653304,0.3488372093023256,3568.5575080881326,0.1,150,5,0.11833333333333333,0.8613718563080285,2.466642550123117,0.0
mtd_ai,200,0.005060487256653304,0.42452830188679247,4084.61924155324,0.15,150,5,0.11833333333333333,0.8613718563080285,2.466642550123117,0.0
mtd_ai,200,0.005060487256653304,0.45454545454545453,4808.607205313876,0.2,150,5,0.11833333333333333,0.8613718563080285,2.466642550123117,0.0
mtd_ai,200,0.005060487256653304,0.3605769230769231,6632.463828608744,0.25,150,5,0.11833333333333333,0.8613718563080285,2.466642550123117,0.0
mtd_ai,200,0.005069492441114996,0.32608695652173914,2450.6845739682744,0.05,150,5,0.13,1.170001285613885,3.3560218323694313,0.0
mtd_ai,200,0.005069492441114996,0.39473684210526316,3498.1518345775726,0.1,150,5,0.13,1.170001285613885,3.3560218323694313,0.0
mtd_ai,200,0.005069492441114996,0.46875,4527.1944605003555,0.15,150,5,0.13,1.170001285613885,3.3560218323694313,0.0
mtd_ai,200,0.005069492441114996,0.5263157894736842,4803.7034972172505,0.2,150,5,0.13,1.170001285613885,3.3560218323694313,0.0
mtd_ai,200,0.005069492441114996,0.47468354430379744,5835.515874746852,0.25,150,5,0.13,1.170001285613885,3.3560218323694313,0.0
mtd_ai,200,0.005050182906533737,0.3409090909090909,1870.221023784392,0.05,150,5,0.11833333333333333,0.1565484004534167,0.519095253130279,0.0
mtd_ai,200,0.005050182906533737,0.39473684210526316,3272.3948130389654,0.1,150,5,0.11833333333333333,0.1565484004534167,0.519095253130279,0.0
mtd_ai,200,0.005050182906533737,0.4326923076923077,4274.719223559711,0.15,150,5,0.11833333333333333,0.1565484004534167,0.519095253130279,0.0
mtd_ai,200,0.005050182906533737,0.45454545454545453,5074.717844708543,0.2,150,5,0.11833333333333333,0.1565484004534167,0.519095253130279,0.0
mtd_ai,200,0.005050182906533737,0.47468354430379744,5855.499785898741,0.25,150,5,0.11833333333333333,0.1565484004534167,0.519095253130279,0.0
mtd_ai,200,0.005058342271237166,0.17857142857142858,5000.942101928631,0.05,150,5,0.085,3.6746770791866115,4.969118914084848,0.0
mtd_ai,200,0.005058342271237166,0.26785714285714285,5874.230331127885,0.1,150,5,0.085,3.6746770791866115,4.969118914084848,0.0
mtd_ai,200,0.005058342271237166,0.3409090909090909,6646.209768774863,0.15,150,5,0.085,3.6746770791866115,4.969118914084848,0.0
mtd_ai,200,0.005058342271237166,0.4,6890.635242752771,0.2,150,5,0.085,3.6746770791866115,4.969118914084848,0.0
mtd_ai,200,0.005058342271237166,0.44642857142857145,7542.7965363314615,0.25,150,5,0.085,3.6746770791866115,4.969118914084848,0.0
mtd_ai,200,0.005057690755943845,0.25862068965517243,3794.275029764286,0.05,150,5,0.1488888888888889,1.0404117610557635,3.132943227093496,0.0
mtd_ai,200,0.005057690755943845,0.26785714285714285,5237.616036063646,0.1,150,5,0.1488888888888889,1.0404117610557635,3.132943227093496,0.0
mtd_ai,200,0.005057690755943845,0.33088235294117646,5740.318695293894,0.15,150,5,0.1488888888888889,1.0404117610557635,3.132943227093496,0.0
mtd_ai,200,0.005057690755943845,0.375,6377.889044227225,0.2,150,5,0.1488888888888889,1.0404117610557635,3.132943227093496,0.0
mtd_ai,200,0.005057690755943845,0.42134831460674155,6954.26568713862,0.25,150,5,0.1488888888888889,1.0404117610557635,3.132943227093496,0.0
mtd_ai,200,0.005063574941771456,0.3,2517.5061395520124,0.05,150,5,0.12666666666666668,0.3397138434224182,1.1005160995379304,0.0
mtd_ai,200,0.005063574941771456,0.3488372093023256,3528.9183746652234,0.1,150,5,0.12666666666666668,0.3397138434224182,1.1005160995379304,0.0
mtd_ai,200,0.005063574941771456,0.4090909090909091,4624.855149280973,0.15,150,5,0.12666666666666668,0.3397138434224182,1.1005160995379304,0.0
mtd_ai,200,0.005063574941771456,0.43478260869565216,5340.905428064015,0.2,150,5,0.12666666666666668,0.3397138434224182,1.1005160995379304,0.0
mtd_ai,200,0.005063574941771456,0.46875,5893.138085640863,0.25,150,5,0.12666666666666668,0.3397138434224182,1.1005160995379304,0.0
mtd_ai,200,0.0050940375120119155,0.4166666666666667,1819.8010029421416,0.05,150,5,0.16666666666666666,0.8457308659441205,3.7735551261474125,0.0
mtd_ai,200,0.0050940375120119155,0.5172413793103449,2704.260881611508,0.1,150,5,0.16666666666666666,0.8457308659441205,3.7735551261474125,0.0
mtd_ai,200,0.0050940375120119155,0.5487804878048781,3600.3076607895505,0.15,150,5,0.16666666666666666,0.8457308659441205,3.7735551261474125,0.0
mtd_ai,200,0.0050940375120119155,0.5357142857142857,4241.918504055162,0.2,150,5,0.16666666666666666,0.8457308659441205,3.7735551261474125,0.0
mtd_ai,200,0.0050940375120119155,0.5514705882352942,4948.275809800874,0.25,150,5,0.16666666666666666,0.8457308659441205,3.7735551261474125,0.0
mtd_ai,200,0.005056608674959734,0.4411764705882353,1873.9425122420912,0.05,150,5,0.09838888888888889,1.0667640788190478,2.8444095157408924,0.0
mtd_ai,200,0.005056608674959734,0.5,2605.0903517072206,0.1,150,5,0.09838888888888889,1.0667640788190478,2.8444095157408924,0.0
mtd_ai,200,0.005056608674959734,0.5,3887.349185377915,0.15,150,5,0.09838888888888889,1.0667640788190478,2.8444095157408924,0.0
mtd_ai,200,0.005056608674959734,0.5454545454545454,4370.106627793548,0.2,150,5,0.09838888888888889,1.0667640788190478,2.8444095157408924,0.0
mtd_ai,200,0.005056608674959734,0.5769230769230769,4967.5902235948415,0.25,150,5,0.09838888888888889,1.0667640788190478,2.8444095157408924,0.0
mtd_ai,200,0.005078000813868541,0.3409090909090909,1838.453164436437,0.05,150,5,0.15738095238095237,0.4100538453684125,0.8182589215111334,0.0
mtd_ai,200,0.005078000813868541,0.35714285714285715,3300.807560189355,0.1,150,5,0.15738095238095237,0.4100538453684125,0.8182589215111334,0.0
mtd_ai,200,0.005078000813868541,0.39473684210526316,4574.507902268308,0.15,150,5,0.15738095238095237,0.4100538453684125,0.8182589215111334,0.0
mtd_ai,200,0.005078000813868541,0.43478260869565216,5111.235502677456,0.2,150,5,0.15738095238095237,0.4100538453684125,0.8182589215111334,0.0
mtd_ai,200,0.005078000813868541,0.47468354430379744,5653.846449854211,0.25,150,5,0.15738095238095237,0.4100538453684125,0.8182589215111334,0.0
mtd_ai,200,0.0050629390153326265,0.25,3816.144519800252,0.05,150,5,0.08,0.48736860351820227,1.3801490701928845,0.0
mtd_ai,200,0.0050629390153326265,0.3125,4854.667029232012,0.1,150,5,0.08,0.48736860351820227,1.3801490701928845,0.0
mtd_ai,200,0.0050629390153326265,0.3813559322033898,5344.681266837593,0.15,150,5,0.08,0.48736860351820227,1.3801490701928845,0.0
mtd_ai,200,0.0050629390153326265,0.36585365853658536,6661.194419197433,0.2,150,5,0.08,0.48736860351820227,1.3801490701928845,0.0
mtd_ai,200,0.0050629390153326265,0.41208791208791207,6959.839065662809,0.25,150,5,0.08,0.48736860351820227,1.3801490701928845,0.0
mtd_ai,200,0.00506676536952931,0.28846153846153844,2939.836394854466,0.05,150,5,0.20233333333333337,0.3950134750751193,1.6173310468939184,0.0
mtd_ai,200,0.00506676536952931,0.375,3661.7000438960085,0.1,150,5,0.20233333333333337,0.3950134750751193,1.6173310468939184,0.0
mtd_ai,200,0.00506676536952931,0.42452830188679247,4566.34376849527,0.15,150,5,0.20233333333333337,0.3950134750751193,1.6173310468939184,0.0
mtd_ai,200,0.00506676536952931,0.4,5689.821960255244,0.2,150,5,0.20233333333333337,0.3950134750751193,1.6173310468939184,0.0
mtd_ai,200,0.00506676536952931,0.436046511627907,6397.1015042579875,0.25,150,5,0.20233333333333337,0.3950134750751193,1.6173310468939184,0.0
mtd_ai,200,0.0050888196546198606,0.4411764705882353,1293.2246530010184,0.05,150,5,0.08333333333333333,0.30650141359732846,1.1940239583966896,0.0
mtd_ai,200,0.0050888196546198606,0.42857142857142855,2729.7853705683965,0.1,150,5,0.08333333333333333,0.30650141359732846,1.1940239583966896,0.0
mtd_ai,200,0.0050888196546198606,0.46875,3349.1797993278205,0.15,150,5,0.08333333333333333,0.30650141359732846,1.1940239583966896,0.0
mtd_ai,200,0.0050888196546198606,0.4838709677419355,4210.5540085924495,0.2,150,5,0.08333333333333333,0.30650141359732846,1.1940239583966896,0.0
mtd_ai,200,0.0050888196546198606,0.5208333333333334,4841.059859224199,0.25,150,5,0.08333333333333333,0.30650141359732846,1.1940239583966896,0.0
mtd_ai,200,0.005032590223989199,0.25,2901.937463901426,0.05,150,5,0.11,2.2773841421441468,3.7886220049946853,0.0
mtd_ai,200,0.005032590223989199,0.3191489361702128,4509.902872747087,0.1,150,5,0.11,2.2773841421441468,3.7886220049946853,0.0
mtd_ai,200,0.005032590223989199,0.35714285714285715,5641.964680340757,0.15,150,5,0.11,2.2773841421441468,3.7886220049946853,0.0
mtd_ai,200,0.005032590223989199,0.4,6571.259883557875,0.2,150,5,0.11,2.2773841421441468,3.7886220049946853,0.0
mtd_ai,200,0.005032590223989199,0.42613636363636365,7086.035693039242,0.25,150,5,0.11,2.2773841421441468,3.7886220049946853,0.0
mtd_ai,200,0.005056724869177424,0.22727272727272727,3637.035949216899,0.05,150,5,0.1288888888888889,0.5273490856352914,1.5569581084592539,0.0
mtd_ai,200,0.005056724869177424,0.3,4837.366523694204,0.1,150,5,0.1288888888888889,0.5273490856352914,1.5569581084592539,0.0
mtd_ai,200,0.005056724869177424,0.35714285714285715,5782.922225841572,0.15,150,5,0.1288888888888889,0.5273490856352914,1.5569581084592539,0.0
mtd_ai,200,0.005056724869177424,0.38961038961038963,6853.7673249921945,0.2,150,5,0.1288888888888889,0.5273490856352914,1.5569581084592539,0.0
mtd_ai,200,0.005056724869177424,0.42613636363636365,7271.303714436698,0.25,150,5,0.1288888888888889,0.5273490856352914,1.5569581084592539,0.0
mtd_ai,200,0.005073875649861232,0.32608695652173914,2133.829501552696,0.05,150,5,0.14148148148148149,0.6056615289660561,0.0325614124552104,0.0
mtd_ai,200,0.005073875649861232,0.39473684210526316,3282.6776308655835,0.1,150,5,0.14148148148148149,0.6056615289660561,0.0325614124552104,0.0
mtd_ai,200,0.005073875649861232,0.4411764705882353,4024.626916289071,0.15,150,5,0.14148148148148149,0.6056615289660561,0.0325614124552104,0.0
mtd_ai,200,0.005073875649861232,0.46153846153846156,5192.251785709561,0.2,150,5,0.14148148148148149,0.6056615289660561,0.0325614124552104,0.0
mtd_ai,200,0.005073875649861232,0.487012987012987,5957.95231925683,0.25,150,5,0.14148148148148149,0.6056615289660561,0.0325614124552104,0.0
mtd_ai,200,0.005080345270952112,0.39473684210526316,1354.3588665190866,0.05,150,5,0.23076923076923078,0.39718623956221955,0.6904686401135328,0.0
mtd_ai,200,0.005080345270952112,0.39473684210526316,3023.4090982075813,0.1,150,5,0.23076923076923078,0.39718623956221955,0.6904686401135328,0.0
mtd_ai,200,0.005080345270952112,0.45,3874.652893349927,0.15,150,5,0.23076923076923078,0.39718623956221955,0.6904686401135328,0.0
mtd_ai,200,0.005080345270952112,0.44776119402985076,4607.181415902805,0.2,150,5,0.23076923076923078,0.39718623956221955,0.6904686401135328,0.0
mtd_ai,200,0.005080345270952112,0.4807692307692308,5124.847543577969,0.25,150,5,0.23076923076923078,0.39718623956221955,0.6904686401135328,0.0
mtd_ai,200,0.005029632267511985,0.28846153846153844,2574.5153968924424,0.05,150,5,0.1488888888888889,0.09615076556406309,0.20551914702816268,0.0
mtd_ai,200,0.005029632267511985,0.35714285714285715,3980.970219427063,0.1,150,5,0.1488888888888889,0.09615076556406309,0.20551914702816268,0.0
mtd_ai,200,0.005029632267511985,0.3629032258064516,5126.059575420373,0.15,150,5,0.1488888888888889,0.09615076556406309,0.20551914702816268,0.0
mtd_ai,200,0.005029632267511985,0.38961038961038963,5827.911660764061,0.2,150,5,0.1488888888888889,0.09615076556406309,0.20551914702816268,0.0
mtd_ai,200,0.005029632267511985,0.390625,7731.179531791593,0.25,150,5,0.1488888888888889,0.09615076556406309,0.20551914702816268,0.0
mtd_ai,200,0.005062054956818333,0.2777777777777778,3201.4944445697656,0.05,150,5,0.14666666666666667,0.037600853376686554,0.1020062178890084,0.0
mtd_ai,200,0.005062054956818333,0.35714285714285715,4069.4940129741344,0.1,150,5,0.14666666666666667,0.037600853376686554,0.1020062178890084,0.0
mtd_ai,200,0.005062054956818333,0.4017857142857143,5020.13761862074,0.15,150,5,0.14666666666666667,0.037600853376686554,0.1020062178890084,0.0
mtd_ai,200,0.005062054956818333,0.4411764705882353,5862.727319432701,0.2,150,5,0.14666666666666667,0.037600853376686554,0.1020062178890084,0.0
mtd_ai,200,0.005062054956818333,0.47468354430379744,6302.334619619594,0.25,150,5,0.14666666666666667,0.037600853376686554,0.1020062178890084,0.0
mtd_ai,200,0.005038320764229737,0.4166666666666667,1735.1612805657255,0.05,150,5,0.13555555555555557,1.0463301824167446,4.223247615306953,0.0
mtd_ai,200,0.005038320764229737,0.375,3250.500806485502,0.1,150,5,0.13555555555555557,1.0463301824167446,4.223247615306953,0.0
mtd_ai,200,0.005038320764229737,0.45,3690.7719965745005,0.15,150,5,0.13555555555555557,1.0463301824167446,4.223247615306953,0.0
mtd_ai,200,0.005038320764229737,0.35714285714285715,5605.954859389192,0.2,150,5,0.13555555555555557,1.0463301824167446,4.223247615306953,0.0
mtd_ai,200,0.005038320764229737,0.39893617021276595,6147.234709699322,0.25,150,5,0.13555555555555557,1.0463301824167446,4.223247615306953,0.0
mtd_ai,200,0.005054680564334293,0.22727272727272727,2654.156515033034,0.05,150,5,0.14866666666666667,0.8143361723686023,2.2939211733773934,0.0
mtd_ai,200,0.005054680564334293,0.25862068965517243,5051.6083294282535,0.1,150,5,0.14866666666666667,0.8143361723686023,2.2939211733773934,0.0
mtd_ai,200,0.005054680564334293,0.3082191780821918,5776.024034659037,0.15,150,5,0.14866666666666667,0.8143361723686023,2.2939211733773934,0.0
mtd_ai,200,0.005054680564334293,0.32608695652173914,6789.541730236816,0.2,150,5,0.14866666666666667,0.8143361723686023,2.2939211733773934,0.0
mtd_ai,200,0.005054680564334293,0.35377358490566035,7303.52630414501,0.25,150,5,0.14866666666666667,0.8143361723686023,2.2939211733773934,0.0
mtd_ai,200,0.005054559698165911,0.4411764705882353,1241.9579669538177,0.05,150,5,0.1,0.2616443893000728,1.1156106029198696,0.0
mtd_ai,200,0.005054559698165911,0.46875,2230.5184649313364,0.1,150,5,0.1,0.2616443893000728,1.1156106029198696,0.0
mtd_ai,200,0.005054559698165911,0.46875,3628.1396212357226,0.15,150,5,0.1,0.2616443893000728,1.1156106029198696,0.0
mtd_ai,200,0.005054559698165911,0.46875,4775.699952455581,0.2,150,5,0.1,0.2616443893000728,1.1156106029198696,0.0
mtd_ai,200,0.005054559698165911,0.5,5334.803419338628,0.25,150,5,0.1,0.2616443893000728,1.1156106029198696,0.0
mtd_ai,200,0.00505838901771101,0.22727272727272727,2909.226363399377,0.05,150,5,0.18375132275132278,0.05978715728366526,0.19467225136483884,0.0
mtd_ai,200,0.00505838901771101,0.2777777777777778,4143.851120148827,0.1,150,5,0.18375132275132278,0.05978715728366526,0.19467225136483884,0.0
mtd_ai,200,0.00505838901771101,0.3409090909090909,4647.675146491343,0.15,150,5,0.18375132275132278,0.05978715728366526,0.19467225136483884,0.0
mtd_ai,200,0.00505838901771101,0.2857142857142857,6538.107192307234,0.2,150,5,0.18375132275132278,0.05978715728366526,0.19467225136483884,0.0
mtd_ai,200,0.00505838901771101,0.32608695652173914,6915.500296848693,0.25,150,5,0.18375132275132278,0.05978715728366526,0.19467225136483884,0.0
mtd_ai,200,0.00504671927836308,0.234375,3131.601258919942,0.05,150,5,0.26666666666666666,0.3755436118477133,1.57442461335844,0.0
mtd_ai,200,0.00504671927836308,0.25862068965517243,5808.391146106288,0.1,150,5,0.26666666666666666,0.3755436118477133,1.57442461335844,0.0
mtd_ai,200,0.00504671927836308,0.33088235294117646,6427.6917830142165,0.15,150,5,0.26666666666666666,0.3755436118477133,1.57442461335844,0.0
mtd_ai,200,0.00504671927836308,0.3614457831325301,7298.700067719765,0.2,150,5,0.26666666666666666,0.3755436118477133,1.57442461335844,0.0
mtd_ai,200,0.00504671927836308,0.390625,7817.182049246399,0.25,150,5,0.26666666666666666,0.3755436118477133,1.57442461335844,0.0
mtd_ai,200,0.005040335158207683,0.19230769230769232,3557.199358729701,0.05,150,5,0.17647058823529413,0.18647853919105012,0.23401910959814068,0.0
mtd_ai,200,0.005040335158207683,0.25862068965517243,4921.187924679215,0.1,150,5,0.17647058823529413,0.18647853919105012,0.23401910959814068,0.0
mtd_ai,200,0.005040335158207683,0.31690140845070425,5680.575120181501,0.15,150,5,0.17647058823529413,0.18647853919105012,0.23401910959814068,0.0
mtd_ai,200,0.005040335158207683,0.3409090909090909,6419.419979623999,0.2,150,5,0.17647058823529413,0.18647853919105012,0.23401910959814068,0.0
mtd_ai,200,0.005040335158207683,0.3865979381443299,6983.506840478509,0.25,150,5,0.17647058823529413,0.18647853919105012,0.23401910959814068,0.0
mtd_ai,200,0.005056068139780026,0.3125,2184.546969194271,0.05,150,5,0.2857142857142857,0.5446038457172558,1.8684792979060127,-5.375
mtd_ai,200,0.005056068139780026,0.39473684210526316,3050.865658009273,0.1,150,5,0.2857142857142857,0.5446038457172558,1.8684792979060127,-5.375
mtd_ai,200,0.005056068139780026,0.45,3944.1302982149955,0.15,150,5,0.2857142857142857,0.5446038457172558,1.8684792979060127,-5.375
mtd_ai,200,0.005056068139780026,0.45454545454545453,4819.849471055161,0.2,150,5,0.2857142857142857,0.5446038457172558,1.8684792979060127,-5.375
mtd_ai,200,0.005056068139780026,0.487012987012987,5277.136022339495,0.25,150,5,0.2857142857142857,0.5446038457172558,1.8684792979060127,-5.375
mtd_ai,200,0.00504460598397899,0.39473684210526316,1632.3149715332688,0.05,150,5,0.14555555555555558,0.2900108773533748,0.7709257164078153,0.0
mtd_ai,200,0.00504460598397899,0.375,3633.2940239504755,0.1,150,5,0.14555555555555558,0.2900108773533748,0.7709257164078153,0.0
mtd_ai,200,0.00504460598397899,0.4166666666666667,4660.2567490446745,0.15,150,5,0.14555555555555558,0.2900108773533748,0.7709257164078153,0.0
mtd_ai,200,0.00504460598397899,0.42857142857142855,5717.14186081232,0.2,150,5,0.14555555555555558,0.2900108773533748,0.7709257164078153,0.0
mtd_ai,200,0.00504460598397899,0.487012987012987,5988.188318318009,0.25,150,5,0.14555555555555558,0.2900108773533748,0.7709257164078153,0.0
mtd_ai,200,0.005091349340148756,0.3125,2400.8754158983693,0.05,150,5,0.14333333333333334,0.4531256315306852,2.027809156549718,0.0
mtd_ai,200,0.005091349340148756,0.38461538461538464,3149.149663505291,0.1,150,5,0.14333333333333334,0.4531256315306852,2.027809156549718,0.0
mtd_ai,200,0.005091349340148756,0.4326923076923077,3998.8816523093637,0.15,150,5,0.14333333333333334,0.4531256315306852,2.027809156549718,0.0
mtd_ai,200,0.005091349340148756,0.46875,4385.901005637016,0.2,150,5,0.14333333333333334,0.4531256315306852,2.027809156549718,0.0
mtd_ai,200,0.005091349340148756,0.5136986301369864,5082.576619295143,0.25,150,5,0.14333333333333334,0.4531256315306852,2.027809156549718,0.0
mtd_ai,200,0.005068210580018299,0.3125,2661.938028810539,0.05,150,5,0.14444444444444443,0.5808531740972931,0.9874519898992389,0.0
mtd_ai,200,0.005068210580018299,0.375,4176.16042133932,0.1,150,5,0.14444444444444443,0.5808531740972931,0.9874519898992389,0.0
mtd_ai,200,0.005068210580018299,0.4326923076923077,4955.457029170876,0.15,150,5,0.14444444444444443,0.5808531740972931,0.9874519898992389,0.0
mtd_ai,200,0.005068210580018299,0.47619047619047616,5314.50609501391,0.2,150,5,0.14444444444444443,0.5808531740972931,0.9874519898992389,0.0
mtd_ai,200,0.005068210580018299,0.528169014084507,5810.948151154675,0.25,150,5,0.14444444444444443,0.5808531740972931,0.9874519898992389,0.0
mtd_ai,200,0.0050503679380136755,0.28846153846153844,2564.1342032277257,0.05,150,5,0.1346031746031746,0.615935094546518,0.7048547237488467,0.0
mtd_ai,200,0.0050503679380136755,0.3488372093023256,4222.4683228556805,0.1,150,5,0.1346031746031746,0.615935094546518,0.7048547237488467,0.0
mtd_ai,200,0.0050503679380136755,0.36885245901639346,5857.896616455949,0.15,150,5,0.1346031746031746,0.615935094546518,0.7048547237488467,0.0
mtd_ai,200,0.0050503679380136755,0.39473684210526316,6695.724463223965,0.2,150,5,0.1346031746031746,0.615935094546518,0.7048547237488467,0.0
mtd_ai,200,0.0050503679380136755,0.390625,7685.71633278785,0.25,150,5,0.1346031746031746,0.615935094546518,0.7048547237488467,0.0
mtd_ai,200,0.005083807720756995,0.375,2084.6210520135737,0.05,150,5,0.1577777777777778,0.7817206267381682,2.979725895601252,0.0
mtd_ai,200,0.005083807720756995,0.45454545454545453,2990.6592380248867,0.1,150,5,0.1577777777777778,0.7817206267381682,2.979725895601252,0.0
mtd_ai,200,0.005083807720756995,0.4891304347826087,4139.451255842095,0.15,150,5,0.1577777777777778,0.7817206267381682,2.979725895601252,0.0
mtd_ai,200,0.005083807720756995,0.5084745762711864,4727.12865721343,0.2,150,5,0.1577777777777778,0.7817206267381682,2.979725895601252,0.0
mtd_ai,200,0.005083807720756995,0.5597014925373134,5312.961615339373,0.25,150,5,0.1577777777777778,0.7817206267381682,2.979725895601252,0.0
mtd_ai,200,0.005049831199529283,0.375,1809.3319648119914,0.05,150,5,0.14166666666666666,0.24753000999850108,0.6096624776822321,0.0
mtd_ai,200,0.005049831199529283,0.4166666666666667,3082.8036748943123,0.1,150,5,0.14166666666666666,0.24753000999850108,0.6096624776822321,0.0
mtd_ai,200,0.005049831199529283,0.3879310344827586,4834.774143843207,0.15,150,5,0.14166666666666666,0.24753000999850108,0.6096624776822321,0.0
mtd_ai,200,0.005049831199529283,0.3448275862068966,6389.677719704896,0.2,150,5,0.14166666666666666,0.24753000999850108,0.6096624776822321,0.0
mtd_ai,200,0.005049831199529283,0.375,7577.373040692633,0.25,150,5,0.14166666666666666,0.24753000999850108,0.6096624776822321,0.0
mtd_ai,200,0.005058750881779338,0.234375,3961.35444489243,0.05,150,5,0.23076923076923078,0.21172947411238421,0.8997843991020545,0.0
mtd_ai,200,0.005058750881779338,0.29411764705882354,5297.417301938107,0.1,150,5,0.23076923076923078,0.21172947411238421,0.8997843991020545,0.0
mtd_ai,200,0.005058750881779338,0.3629032258064516,5801.075444339491,0.15,150,5,0.23076923076923078,0.21172947411238421,0.8997843991020545,0.0
mtd_ai,200,0.005058750881779338,0.4,6812.64260354069,0.2,150,5,0.23076923076923078,0.21172947411238421,0.8997843991020545,0.0
mtd_ai,200,0.005058750881779338,0.42134831460674155,7473.789611959398,0.25,150,5,0.23076923076923078,0.21172947411238421,0.8997843991020545,0.0
mtd_ai,200,0.005048146178952446,0.3125,2919.7360788184587,0.05,150,5,0.1408888888888889,0.7994390702690966,2.6833900507145256,0.0
mtd_ai,200,0.005048146178952446,0.36585365853658536,3989.835151694193,0.1,150,5,0.1408888888888889,0.7994390702690966,2.6833900507145256,0.0
mtd_ai,200,0.005048146178952446,0.42452830188679247,4648.017013859021,0.15,150,5,0.1408888888888889,0.7994390702690966,2.6833900507145256,0.0
mtd_ai,200,0.005048146178952446,0.43478260869565216,5845.905603052645,0.2,150,5,0.1408888888888889,0.7994390702690966,2.6833900507145256,0.0
mtd_ai,200,0.005048146178952446,0.487012987012987,6173.004367328763,0.25,150,5,0.1408888888888889,0.7994390702690966,2.6833900507145256,0.0
mtd_ai,200,0.005071777487538125,0.25862068965517243,3030.5533787309623,0.05,150,5,0.10333333333333333,0.6125791582889489,2.2944535984604855,0.0
mtd_ai,200,0.005071777487538125,0.375,3776.978351659699,0.1,150,5,0.10333333333333333,0.6125791582889489,2.2944535984604855,0.0
mtd_ai,200,0.005071777487538125,0.375,4838.138455491249,0.15,150,5,0.10333333333333333,0.6125791582889489,2.2944535984604855,0.0
mtd_ai,200,0.005071777487538125,0.379746835443038,5748.586929659983,0.2,150,5,0.10333333333333333,0.6125791582889489,2.2944535984604855,0.0
mtd_ai,200,0.005071777487538125,0.42134831460674155,6152.000623524331,0.25,150,5,0.10333333333333333,0.6125791582889489,2.2944535984604855,0.0
mtd_ai,200,0.005051816239228411,0.1744186046511628,3557.930394784541,0.05,150,5,0.1286111111111111,0.09663715331734048,0.42166317120065777,0.0
mtd_ai,200,0.005051816239228411,0.2631578947368421,4597.3515134993,0.1,150,5,0.1286111111111111,0.09663715331734048,0.42166317120065777,0.0
mtd_ai,200,0.005051816239228411,0.3125,6073.237986702121,0.15,150,5,0.1286111111111111,0.09663715331734048,0.42166317120065777,0.0
mtd_ai,200,0.005051816239228411,0.3488372093023256,7100.3149096774505,0.2,150,5,0.1286111111111111,0.09663715331734048,0.42166317120065777,0.0
mtd_ai,200,0.005051816239228411,0.39473684210526316,7609.344018228283,0.25,150,5,0.1286111111111111,0.09663715331734048,0.42166317120065777,0.0
mtd_ai,200,0.005072924851013151,0.4166666666666667,1845.1505721013307,0.05,150,5,0.08333333333333333,0.7842161251326671,1.7469564544999618,0.0
mtd_ai,200,0.005072924851013151,0.4411764705882353,3141.5978666153233,0.1,150,5,0.08333333333333333,0.7842161251326671,1.7469564544999618,0.0
mtd_ai,200,0.005072924851013151,0.4787234042553192,4088.1133312176344,0.15,150,5,0.08333333333333333,0.7842161251326671,1.7469564544999618,0.0
mtd_ai,200,0.005072924851013151,0.5172413793103449,4621.0537031883505,0.2,150,5,0.08333333333333333,0.7842161251326671,1.7469564544999618,0.0
mtd_ai,200,0.005072924851013151,0.5357142857142857,5574.311436573531,0.25,150,5,0.08333333333333333,0.7842161251326671,1.7469564544999618,0.0
mtd_ai,200,0.005045126358123486,0.32608695652173914,2491.5125065331304,0.05,150,5,0.1935483870967742,2.2314373035885318,5.374433446498419,-4.576923076923077
mtd_ai,200,0.005045126358123486,0.375,3773.3587618168503,0.1,150,5,0.1935483870967742,2.2314373035885318,5.374433446498419,-4.576923076923077
mtd_ai,200,0.005045126358123486,0.46875,4107.208895924523,0.15,150,5,0.1935483870967742,2.2314373035885318,5.374433446498419,-4.576923076923077
mtd_ai,200,0.005045126358123486,0.4838709677419355,4793.6989855583815,0.2,150,5,0.1935483870967742,2.2314373035885318,5.374433446498419,-4.576923076923077
mtd_ai,200,0.005045126358123486,0.47468354430379744,5488.370606148319,0.25,150,5,0.1935483870967742,2.2314373035885318,5.374433446498419,-4.576923076923077
mtd_ai,200,0.005056312109652878,0.234375,2937.873710587707,0.05,150,5,0.135,0.2360764912834867,0.8638113205114331,0.0
mtd_ai,200,0.005056312109652878,0.2777777777777778,4120.604132846459,0.1,150,5,0.135,0.2360764912834867,0.8638113205114331,0.0
mtd_ai,200,0.005056312109652878,0.28125,5583.669687381411,0.15,150,5,0.135,0.2360764912834867,0.8638113205114331,0.0
mtd_ai,200,0.005056312109652878,0.3191489361702128,6382.129029347656,0.2,150,5,0.135,0.2360764912834867,0.8638113205114331,0.0
mtd_ai,200,0.005056312109652878,0.35046728971962615,6992.592166053832,0.25,150,5,0.135,0.2360764912834867,0.8638113205114331,0.0
mtd_ai,200,0.005059548556060557,0.25,2833.508909071231,0.05,150,5,0.08333333333333333,0.406250808832493,0.6220348540189734,0.0
mtd_ai,200,0.005059548556060557,0.3,4911.31356790379,0.1,150,5,0.08333333333333333,0.406250808832493,0.6220348540189734,0.0
mtd_ai,200,0.005059548556060557,0.36885245901639346,5519.060984860666,0.15,150,5,0.08333333333333333,0.406250808832493,0.6220348540189734,0.0
mtd_ai,200,0.005059548556060557,0.4166666666666667,5967.26958246053,0.2,150,5,0.08333333333333333,0.406250808832493,0.6220348540189734,0.0
mtd_ai,200,0.005059548556060557,0.46296296296296297,6248.066708832268,0.25,150,5,0.08333333333333333,0.406250808832493,0.6220348540189734,0.0
mtd_ai,200,0.005072438294670783,0.3,1905.5030065489643,0.05,150,5,0.15155555555555553,0.3950183135968236,1.2536093340591974,0.0
mtd_ai,200,0.005072438294670783,0.39473684210526316,2954.3215744245745,0.1,150,5,0.15155555555555553,0.3950183135968236,1.2536093340591974,0.0
mtd_ai,200,0.005072438294670783,0.45,3692.7735647186255,0.15,150,5,0.15155555555555553,0.3950183135968236,1.2536093340591974,0.0
mtd_ai,200,0.005072438294670783,0.46875,4764.1657574245055,0.2,150,5,0.15155555555555553,0.3950183135968236,1.2536093340591974,0.0
mtd_ai,200,0.005072438294670783,0.4807692307692308,5708.281285591944,0.25,150,5,0.15155555555555553,0.3950183135968236,1.2536093340591974,0.0
mtd_ai,200,0.005084836420871498,0.3409090909090909,2352.9933381127794,0.05,150,5,0.1311111111111111,1.2467732125690665,3.1885346088524837,0.0
mtd_ai,200,0.005084836420871498,0.4411764705882353,3495.2965013761777,0.1,150,5,0.1311111111111111,1.2467732125690665,3.1885346088524837,0.0
mtd_ai,200,0.005084836420871498,0.5113636363636364,4029.741864944359,0.15,150,5,0.1311111111111111,1.2467732125690665,3.1885346088524837,0.0
mtd_ai,200,0.005084836420871498,0.5555555555555556,4665.832274925065,0.2,150,5,0.1311111111111111,1.2467732125690665,3.1885346088524837,0.0
mtd_ai,200,0.005084836420871498,0.5769230769230769,5611.078624758768,0.25,150,5,0.1311111111111111,1.2467732125690665,3.1885346088524837,0.0
mtd_ai,200,0.005044647438663089,0.3125,2538.369464942901,0.05,150,5,0.13366666666666668,0.4342484521768772,1.5263820379159172,0.0
mtd_ai,200,0.005044647438663089,0.4166666666666667,3413.7660684797697,0.1,150,5,0.13366666666666668,0.4342484521768772,1.5263820379159172,0.0
mtd_ai,200,0.005044647438663089,0.46875,3961.4805873074242,0.15,150,5,0.13366666666666668,0.4342484521768772,1.5263820379159172,0.0
mtd_ai,200,0.005044647438663089,0.5263157894736842,4497.79618619806,0.2,150,5,0.13366666666666668,0.4342484521768772,1.5263820379159172,0.0
mtd_ai,200,0.005044647438663089,0.46296296296296297,5534.362004075336,0.25,150,5,0.13366666666666668,0.4342484521768772,1.5263820379159172,0.0
mtd_ai,200,0.005042576182932193,0.22727272727272727,4116.71803882498,0.05,150,5,0.15466666666666667,1.3197224091520396,2.9433117867555416,0.0
mtd_ai,200,0.005042576182932193,0.3125,4976.067988373761,0.1,150,5,0.15466666666666667,1.3197224091520396,2.9433117867555416,0.0
mtd_ai,200,0.005042576182932193,0.3813559322033898,5631.099359396596,0.15,150,5,0.15466666666666667,1.3197224091520396,2.9433117867555416,0.0
mtd_ai,200,0.005042576182932193,0.4225352112676056,6445.069670973053,0.2,150,5,0.15466666666666667,1.3197224091520396,2.9433117867555416,0.0
mtd_ai,200,0.005042576182932193,0.46875,6735.980252826383,0.25,150,5,0.15466666666666667,1.3197224091520396,2.9433117867555416,0.0
mtd_ai,200,0.00504677099082201,0.5357142857142857,1168.773403382862,0.05,150,5,0.13722222222222225,0.5725841113340413,0.28229270512652116,0.0
mtd_ai,200,0.00504677099082201,0.5357142857142857,2082.3270127512633,0.1,150,5,0.13722222222222225,0.5725841113340413,0.28229270512652116,0.0
mtd_ai,200,0.00504677099082201,0.5625,3207.41586479735,0.15,150,5,0.13722222222222225,0.5725841113340413,0.28229270512652116,0.0
mtd_ai,200,0.00504677099082201,0.5555555555555556,4601.044910281868,0.2,150,5,0.13722222222222225,0.5725841113340413,0.28229270512652116,0.0
mtd_ai,200,0.00504677099082201,0.5597014925373134,5493.906625440442,0.25,150,5,0.13722222222222225,0.5725841113340413,0.28229270512652116,0.0
mtd_ai,200,0.005049254351730926,0.28846153846153844,2205.482293912326,0.05,150,5,0.13333333333333333,0.13026637412494008,0.24220823601749886,0.0
mtd_ai,200,0.005049254351730926,0.3,4620.318793171513,0.1,150,5,0.13333333333333333,0.13026637412494008,0.24220823601749886,0.0
mtd_ai,200,0.005049254351730926,0.3125,7014.852066056224,0.15,150,5,0.13333333333333333,0.13026637412494008,0.24220823601749886,0.0
mtd_ai,200,0.005049254351730926,0.35294117647058826,7574.1900834808575,0.2,150,5,0.13333333333333333,0.13026637412494008,0.24220823601749886,0.0
mtd_ai,200,0.005049254351730926,0.39473684210526316,8024.0302854236315,0.25,150,5,0.13333333333333333,0.13026637412494008,0.24220823601749886,0.0
mtd_ai,200,0.005038484898262217,0.2777777777777778,2730.9049120471154,0.05,150,5,0.1287936507936508,0.5282538363393656,1.9847630566799432,0.0
mtd_ai,200,0.005038484898262217,0.3409090909090909,3959.8841145333286,0.1,150,5,0.1287936507936508,0.5282538363393656,1.9847630566799432,0.0
mtd_ai,200,0.005038484898262217,0.3515625,5243.233665786331,0.15,150,5,0.1287936507936508,0.5282538363393656,1.9847630566799432,0.0
mtd_ai,200,0.005038484898262217,0.375,5844.859285359013,0.2,150,5,0.1287936507936508,0.5282538363393656,1.9847630566799432,0.0
mtd_ai,200,0.005038484898262217,0.3712871287128713,6649.191506122121,0.25,150,5,0.1287936507936508,0.5282538363393656,1.9847630566799432,0.0
mtd_ai,200,0.005036458095253,0.2777777777777778,2809.6987414561786,0.05,150,5,0.11,0.5518372741371096,2.281405145030607,0.0
mtd_ai,200,0.005036458095253,0.35714285714285715,4016.1049899259474,0.1,150,5,0.11,0.5518372741371096,2.281405145030607,0.0
mtd_ai,200,0.005036458095253,0.3409090909090909,5316.941857947088,0.15,150,5,0.11,0.5518372741371096,2.281405145030607,0.0
mtd_ai,200,0.005036458095253,0.39473684210526316,5643.766535398957,0.2,150,5,0.11,0.5518372741371096,2.281405145030607,0.0
mtd_ai,200,0.005036458095253,0.42134831460674155,6373.051631073346,0.25,150,5,0.11,0.5518372741371096,2.281405145030607,0.0
mtd_ai,200,0.005062389531871356,0.32608695652173914,2014.0188319485876,0.05,150,5,0.11111111111111112,1.0274428412051009,3.2674784646367274,0.0
mtd_ai,200,0.005062389531871356,0.39473684210526316,2965.30489495429,0.1,150,5,0.11111111111111112,1.0274428412051009,3.2674784646367274,0.0
mtd_ai,200,0.005062389531871356,0.4017857142857143,5239.086002381409,0.15,150,5,0.11111111111111112,1.0274428412051009,3.2674784646367274,0.0
mtd_ai,200,0.005062389531871356,0.44776119402985076,5730.375335993238,0.2,150,5,0.11111111111111112,1.0274428412051009,3.2674784646367274,0.0
mtd_ai,200,0.005062389531871356,0.47468354430379744,6296.792624911555,0.25,150,5,0.11111111111111112,1.0274428412051009,3.2674784646367274,0.0
mtd_ai,200,0.005064128380974745,0.3409090909090909,2104.352007704524,0.05,150,5,0.11638095238095239,1.0706957919231566,4.334909810252288,0.0
mtd_ai,200,0.005064128380974745,0.4166666666666667,3074.7495732923635,0.1,150,5,0.11638095238095239,1.0706957919231566,4.334909810252288,0.0
mtd_ai,200,0.005064128380974745,0.5,3631.6215787351903,0.15,150,5,0.11638095238095239,1.0706957919231566,4.334909810252288,0.0
mtd_ai,200,0.005064128380974745,0.46153846153846156,5168.118254216847,0.2,150,5,0.11638095238095239,1.0706957919231566,4.334909810252288,0.0
mtd_ai,200,0.005064128380974745,0.47468354430379744,6380.693037061182,0.25,150,5,0.11638095238095239,1.0706957919231566,4.334909810252288,0.0
mtd_ai,200,0.005098606327403463,0.5,1224.8459704602478,0.05,150,5,0.10166666666666667,0.5699547151189989,2.4317661654251292,0.0
mtd_ai,200,0.005098606327403463,0.5555555555555556,1965.2750119271009,0.1,150,5,0.10166666666666667,0.5699547151189989,2.4317661654251292,0.0
mtd_ai,200,0.005098606327403463,0.5487804878048781,3276.59322873409,0.15,150,5,0.10166666666666667,0.5699547151189989,2.4317661654251292,0.0
mtd_ai,200,0.005098606327403463,0.5769230769230769,3888.0006111551843,0.2,150,5,0.10166666666666667,0.5699547151189989,2.4317661654251292,0.0
mtd_ai,200,0.005098606327403463,0.5769230769230769,4620.742853227921,0.25,150,5,0.10166666666666667,0.5699547151189989,2.4317661654251292,0.0
mtd_ai,200,0.005065522630629559,0.3125,2348.144514866178,0.05,150,5,0.09444444444444446,3.7645413038510944,1.1449316404208716,0.0
mtd_ai,200,0.005065522630629559,0.36585365853658536,3539.8812292776984,0.1,150,5,0.09444444444444446,3.7645413038510944,1.1449316404208716,0.0
mtd_ai,200,0.005065522630629559,0.39473684210526316,4287.0293863151,0.15,150,5,0.09444444444444446,3.7645413038510944,1.1449316404208716,0.0
mtd_ai,200,0.005065522630629559,0.4225352112676056,5222.873450262849,0.2,150,5,0.09444444444444446,3.7645413038510944,1.1449316404208716,0.0
mtd_ai,200,0.005065522630629559,0.4573170731707317,5893.286579664005,0.25,150,5,0.09444444444444446,3.7645413038510944,1.1449316404208716,0.0
mtd_ai,200,0.00503647408529968,0.2777777777777778,2692.4794661528676,0.05,150,5,0.14444444444444443,0.16489836857043155,0.4826567759828177,0.0
mtd_ai,200,0.00503647408529968,0.3333333333333333,4077.4716938169786,0.1,150,5,0.14444444444444443,0.16489836857043155,0.4826567759828177,0.0
mtd_ai,200,0.00503647408529968,0.4090909090909091,4638.5791666776295,0.15,150,5,0.14444444444444443,0.16489836857043155,0.4826567759828177,0.0
mtd_ai,200,0.00503647408529968,0.44776119402985076,5012.555230321999,0.2,150,5,0.14444444444444443,0.16489836857043155,0.4826567759828177,0.0
mtd_ai,200,0.00503647408529968,0.4573170731707317,6837.091371014636,0.25,150,5,0.14444444444444443,0.16489836857043155,0.4826567759828177,0.0
mtd_ai,200,0.005034236671825445,0.32608695652173914,2601.2277884936357,0.05,150,5,0.11777777777777779,1.7267342046889296,1.2525351987113953,0.0
mtd_ai,200,0.005034236671825445,0.38461538461538464,3960.3044223451716,0.1,150,5,0.11777777777777779,1.7267342046889296,1.2525351987113953,0.0
mtd_ai,200,0.005034236671825445,0.375,6071.31354717949,0.15,150,5,0.11777777777777779,1.7267342046889296,1.2525351987113953,0.0
mtd_ai,200,0.005034236671825445,0.4225352112676056,6523.396262317661,0.2,150,5,0.11777777777777779,1.7267342046889296,1.2525351987113953,0.0
mtd_ai,200,0.005034236671825445,0.44642857142857145,7181.3405669885115,0.25,150,5,0.11777777777777779,1.7267342046889296,1.2525351987113953,0.0
mtd_ai,200,0.005069441646033957,0.35714285714285715,2043.872947132431,0.05,150,5,0.15544444444444444,1.5923433257528394,4.040168430569233,0.0
mtd_ai,200,0.005069441646033957,0.375,3592.05974117373,0.1,150,5,0.15544444444444444,1.5923433257528394,4.040168430569233,0.0
mtd_ai,200,0.005069441646033957,0.4326923076923077,4495.240817922766,0.15,150,5,0.15544444444444444,1.5923433257528394,4.040168430569233,0.0
mtd_ai,200,0.005069441646033957,0.4838709677419355,5288.98986253246,0.2,150,5,0.15544444444444444,1.5923433257528394,4.040168430569233,0.0
mtd_ai,200,0.005069441646033957,0.5,6097.349568906831,0.25,150,5,0.15544444444444444,1.5923433257528394,4.040168430569233,0.0
mtd_ai,200,0.0050551987636242215,0.28846153846153844,2766.471252716284,0.05,150,5,0.14866666666666667,0.6200842164607889,1.9748637480135898,0.0
mtd_ai,200,0.0050551987636242215,0.38461538461538464,3582.247880885542,0.1,150,5,0.14866666666666667,0.6200842164607889,1.9748637480135898,0.0
mtd_ai,200,0.0050551987636242215,0.46875,4209.507586173396,0.15,150,5,0.14866666666666667,0.6200842164607889,1.9748637480135898,0.0
mtd_ai,200,0.0050551987636242215,0.5084745762711864,4841.382306898604,0.2,150,5,0.14866666666666667,0.6200842164607889,1.9748637480135898,0.0
mtd_ai,200,0.0050551987636242215,0.5597014925373134,5161.582039309841,0.25,150,5,0.14866666666666667,0.6200842164607889,1.9748637480135898,0.0
mtd_ai,200,0.0050570226390128726,0.24193548387096775,3696.823654105182,0.05,150,5,0.17261904761904762,0.8953727956900074,3.779108683838568,0.0
mtd_ai,200,0.0050570226390128726,0.3125,5245.120143222626,0.1,150,5,0.17261904761904762,0.8953727956900074,3.779108683838568,0.0
mtd_ai,200,0.0050570226390128726,0.34615384615384615,6305.855924339437,0.15,150,5,0.17261904761904762,0.8953727956900074,3.779108683838568,0.0
mtd_ai,200,0.0050570226390128726,0.39473684210526316,6746.846711774758,0.2,150,5,0.17261904761904762,0.8953727956900074,3.779108683838568,0.0
mtd_ai,200,0.0050570226390128726,0.44642857142857145,7044.692531326761,0.25,150,5,0.17261904761904762,0.8953727956900074,3.779108683838568,0.0
mtd_ai,200,0.005062022286566031,0.20833333333333334,3744.354547949979,0.05,150,5,0.1461111111111111,0.47117846041667166,1.9681665192533908,0.0
mtd_ai,200,0.005062022286566031,0.25862068965517243,5160.6622425486985,0.1,150,5,0.1461111111111111,0.47117846041667166,1.9681665192533908,0.0
mtd_ai,200,0.005062022286566031,0.31690140845070425,5791.430404233857,0.15,150,5,0.1461111111111111,0.47117846041667166,1.9681665192533908,0.0
mtd_ai,200,0.005062022286566031,0.3448275862068966,6675.209765142478,0.2,150,5,0.1461111111111111,0.47117846041667166,1.9681665192533908,0.0
mtd_ai,200,0.005062022286566031,0.3826530612244898,7147.9905618676785,0.25,150,5,0.1461111111111111,0.47117846041667166,1.9681665192533908,0.0
mtd_ai,200,0.005044886077455671,0.39473684210526316,1227.361879765209,0.05,150,5,0.13533333333333333,0.1344166495205344,0.5836403681280236,0.0
mtd_ai,200,0.005044886077455671,0.3488372093023256,3070.680805364418,0.1,150,5,0.13533333333333333,0.1344166495205344,0.5836403681280236,0.0
mtd_ai,200,0.005044886077455671,0.4166666666666667,3594.571440398283,0.15,150,5,0.13533333333333333,0.1344166495205344,0.5836403681280236,0.0
mtd_ai,200,0.005044886077455671,0.42857142857142855,5528.761234113686,0.2,150,5,0.13533333333333333,0.1344166495205344,0.5836403681280236,0.0
mtd_ai,200,0.005044886077455671,0.46296296296296297,6021.2613905773005,0.25,150,5,0.13533333333333333,0.1344166495205344,0.5836403681280236,0.0
mtd_ai,200,0.005040417080114644,0.3409090909090909,2156.9573444256703,0.05,150,5,0.2,1.768250931371926,4.429607468936196,0.0
mtd_ai,200,0.005040417080114644,0.375,3644.8949936994577,0.1,150,5,0.2,1.768250931371926,4.429607468936196,0.0
mtd_ai,200,0.005040417080114644,0.39473684210526316,4970.07021827546,0.15,150,5,0.2,1.768250931371926,4.429607468936196,0.0
mtd_ai,200,0.005040417080114644,0.40540540540540543,6107.376782219635,0.2,150,5,0.2,1.768250931371926,4.429607468936196,0.0
mtd_ai,200,0.005040417080114644,0.42613636363636365,6721.448706620351,0.25,150,5,0.2,1.768250931371926,4.429607468936196,0.0
mtd_ai,200,0.005049481010394533,0.5769230769230769,1244.8971308620826,0.05,150,5,0.14888888888888888,1.564242998604923,4.683604586709524,0.0
mtd_ai,200,0.005049481010394533,0.4838709677419355,2662.3751580145363,0.1,150,5,0.14888888888888888,1.564242998604923,4.683604586709524,0.0
mtd_ai,200,0.005049481010394533,0.45918367346938777,4486.276448222247,0.15,150,5,0.14888888888888888,1.564242998604923,4.683604586709524,0.0
mtd_ai,200,0.005049481010394533,0.46875,5486.23527547672,0.2,150,5,0.14888888888888888,1.564242998604923,4.683604586709524,0.0
mtd_ai,200,0.005049481010394533,0.5,6011.760803824922,0.25,150,5,0.14888888888888888,1.564242998604923,4.683604586709524,0.0
mtd_ai,200,0.005036082944093249,0.2777777777777778,2784.6754406262826,0.05,150,5,0.128,0.6408935202024229,2.1377637538489895,0.0
mtd_ai,200,0.005036082944093249,0.29411764705882354,4902.605831326034,0.1,150,5,0.128,0.6408935202024229,2.1377637538489895,0.0
mtd_ai,200,0.005036082944093249,0.3629032258064516,5519.548693559938,0.15,150,5,0.128,0.6408935202024229,2.1377637538489895,0.0
mtd_ai,200,0.005036082944093249,0.39473684210526316,6096.1364173536995,0.2,150,5,0.128,0.6408935202024229,2.1377637538489895,0.0
mtd_ai,200,0.005036082944093249,0.42134831460674155,6684.391428842714,0.25,150,5,0.128,0.6408935202024229,2.1377637538489895,0.0
mtd_ai,200,0.005098438740098403,0.4166666666666667,1757.3857464317664,0.05,150,5,0.1875,0.3520757353468437,1.1886302196081127,0.0
mtd_ai,200,0.005098438740098403,0.46875,2718.7514196468637,0.1,150,5,0.1875,0.3520757353468437,1.1886302196081127,0.0
mtd_ai,200,0.005098438740098403,0.5357142857142857,3151.5148120164813,0.15,150,5,0.1875,0.3520757353468437,1.1886302196081127,0.0
mtd_ai,200,0.005098438740098403,0.5357142857142857,4032.236997676033,0.2,150,5,0.1875,0.3520757353468437,1.1886302196081127,0.0
mtd_ai,200,0.005098438740098403,0.5769230769230769,4265.375116593073,0.25,150,5,0.1875,0.3520757353468437,1.1886302196081127,0.0
mtd_ai,200,0.005084029891102086,0.4411764705882353,1887.1420548966023,0.05,150,5,0.19925925925925927,1.5752584940612264,4.295335450558465,0.0
mtd_ai,200,0.005084029891102086,0.45454545454545453,3123.0065592931296,0.1,150,5,0.19925925925925927,1.5752584940612264,4.295335450558465,0.0
mtd_ai,200,0.005084029891102086,0.45,4650.688640772388,0.15,150,5,0.19925925925925927,1.5752584940612264,4.295335450558465,0.0
mtd_ai,200,0.005084029891102086,0.4838709677419355,5237.889979770522,0.2,150,5,0.19925925925925927,1.5752584940612264,4.295335450558465,0.0
mtd_ai,200,0.005084029891102086,0.528169014084507,5555.487521852074,0.25,150,5,0.19925925925925927,1.5752584940612264,4.295335450558465,0.0
mtd_ai,200,0.005053466851751184,0.24193548387096775,4218.8732732392755,0.05,150,5,0.10933333333333332,0.3928681061714156,1.7129825336888762,0.0
mtd_ai,200,0.005053466851751184,0.3125,5425.270640132241,0.1,150,5,0.10933333333333332,0.3928681061714156,1.7129825336888762,0.0
mtd_ai,200,0.005053466851751184,0.3629032258064516,6087.377618665019,0.15,150,5,0.10933333333333332,0.3928681061714156,1.7129825336888762,0.0
mtd_ai,200,0.005053466851751184,0.36585365853658536,7158.804456020052,0.2,150,5,0.10933333333333332,0.3928681061714156,1.7129825336888762,0.0
mtd_ai,200,0.005053466851751184,0.39893617021276595,7565.622124339314,0.25,150,5,0.10933333333333332,0.3928681061714156,1.7129825336888762,0.0
mtd_ai,200,0.005076158924324108,0.3125,2121.0374897544502,0.05,150,5,0.10833333333333334,1.5232809553521365,4.41316021502839,0.0
mtd_ai,200,0.005076158924324108,0.38461538461538464,3053.568311821944,0.1,150,5,0.10833333333333334,1.5232809553521365,4.41316021502839,0.0
mtd_ai,200,0.005076158924324108,0.45918367346938777,3709.3591687274893,0.15,150,5,0.10833333333333334,1.5232809553521365,4.41316021502839,0.0
mtd_ai,200,0.005076158924324108,0.46153846153846156,4453.595117720116,0.2,150,5,0.10833333333333334,1.5232809553521365,4.41316021502839,0.0
mtd_ai,200,0.005076158924324108,0.43103448275862066,5449.677920957008,0.25,150,5,0.10833333333333334,1.5232809553521365,4.41316021502839,0.0
mtd_ai,200,0.005058740645356087,0.25862068965517243,3871.371800972119,0.05,150,5,0.12555555555555556,0.06116709948329703,0.022394964515426392,0.0
mtd_ai,200,0.005058740645356087,0.35714285714285715,4571.03032721126,0.1,150,5,0.12555555555555556,0.06116709948329703,0.022394964515426392,0.0
mtd_ai,200,0.005058740645356087,0.4090909090909091,5135.112680074788,0.15,150,5,0.12555555555555556,0.06116709948329703,0.022394964515426392,0.0
mtd_ai,200,0.005058740645356087,0.40540540540540543,5957.712673606144,0.2,150,5,0.12555555555555556,0.06116709948329703,0.022394964515426392,0.0
mtd_ai,200,0.005058740645356087,0.42613636363636365,6534.487120850088,0.25,150,5,0.12555555555555556,0.06116709948329703,0.022394964515426392,0.0
mtd_ai,200,0.005040033835282076,0.3125,2232.985032091366,0.05,150,5,0.14333333333333334,0.4532451558498858,1.7080609417210615,0.0
mtd_ai,200,0.005040033835282076,0.375,3553.8492601032185,0.1,150,5,0.14333333333333334,0.4532451558498858,1.7080609417210615,0.0
mtd_ai,200,0.005040033835282076,0.39473684210526316,4854.079140711391,0.15,150,5,0.14333333333333334,0.4532451558498858,1.7080609417210615,0.0
mtd_ai,200,0.005040033835282076,0.43478260869565216,5448.163995721166,0.2,150,5,0.14333333333333334,0.4532451558498858,1.7080609417210615,0.0
mtd_ai,200,0.005040033835282076,0.46875,6132.346662319463,0.25,150,5,0.14333333333333334,0.4532451558498858,1.7080609417210615,0.0
mtd_ai,200,0.0050860212430952935,0.28846153846153844,2943.27539347298,0.05,150,5,0.13333333333333333,1.567223888613466,2.5342666796653734,0.0
mtd_ai,200,0.0050860212430952935,0.36585365853658536,3852.1709267852425,0.1,150,5,0.13333333333333333,1.567223888613466,2.5342666796653734,0.0
mtd_ai,200,0.0050860212430952935,0.45,4391.809142036629,0.15,150,5,0.13333333333333333,1.567223888613466,2.5342666796653734,0.0
mtd_ai,200,0.0050860212430952935,0.4918032786885246,4928.306051433432,0.2,150,5,0.13333333333333333,1.567223888613466,2.5342666796653734,0.0
mtd_ai,200,0.0050860212430952935,0.528169014084507,5268.327416250081,0.25,150,5,0.13333333333333333,1.567223888613466,2.5342666796653734,0.0
mtd_ai,200,0.005047101970510479,0.32608695652173914,2295.655081392958,0.05,150,5,0.114,0.6916618488245956,2.848111182462091,0.0
mtd_ai,200,0.005047101970510479,0.3488372093023256,4509.750886063884,0.1,150,5,0.114,0.6916618488245956,2.848111182462091,0.0
mtd_ai,200,0.005047101970510479,0.4326923076923077,4952.5792034567085,0.15,150,5,0.114,0.6916618488245956,2.848111182462091,0.0
mtd_ai,200,0.005047101970510479,0.47619047619047616,5346.86253468217,0.2,150,5,0.114,0.6916618488245956,2.848111182462091,0.0
mtd_ai,200,0.005047101970510479,0.5208333333333334,5601.252061194447,0.25,150,5,0.114,0.6916618488245956,2.848111182462091,0.0
mtd_ai,200,0.005044784777180123,0.39473684210526316,1461.7181731484184,0.05,150,5,0.13833333333333334,2.2271655737896063,3.3895341103171153,0.0
mtd_ai,200,0.005044784777180123,0.4166666666666667,2785.28439490168,0.1,150,5,0.13833333333333334,2.2271655737896063,3.3895341103171153,0.0
mtd_ai,200,0.005044784777180123,0.42452830188679247,4102.291785166322,0.15,150,5,0.13833333333333334,2.2271655737896063,3.3895341103171153,0.0
mtd_ai,200,0.005044784777180123,0.43478260869565216,4804.016122009061,0.2,150,5,0.13833333333333334,2.2271655737896063,3.3895341103171153,0.0
mtd_ai,200,0.005044784777180123,0.46875,5402.227015280067,0.25,150,5,0.13833333333333334,2.2271655737896063,3.3895341103171153,0.0
mtd_ai,200,0.005041177598777844,0.28846153846153844,2767.857737911023,0.05,150,5,0.12066666666666667,0.36637517635325745,0.4326190071167411,0.0
mtd_ai,200,0.005041177598777844,0.3488372093023256,3918.1593499307164,0.1,150,5,0.12066666666666667,0.36637517635325745,0.4326190071167411,0.0
mtd_ai,200,0.005041177598777844,0.375,5008.924744165757,0.15,150,5,0.12066666666666667,0.36637517635325745,0.4326190071167411,0.0
mtd_ai,200,0.005041177598777844,0.40540540540540543,5916.652228170893,0.2,150,5,0.12066666666666667,0.36637517635325745,0.4326190071167411,0.0
mtd_ai,200,0.005041177598777844,0.45180722891566266,6219.255240916345,0.25,150,5,0.12066666666666667,0.36637517635325745,0.4326190071167411,0.0
mtd_ai,200,0.005042608027183163,0.3409090909090909,2081.489088063922,0.05,150,5,0.1277777777777778,0.6569628239602131,2.3133555086789555,0.0
mtd_ai,200,0.005042608027183163,0.4166666666666667,3025.5047299451185,0.1,150,5,0.1277777777777778,0.6569628239602131,2.3133555086789555,0.0
mtd_ai,200,0.005042608027183163,0.45,4060.5891217916824,0.15,150,5,0.1277777777777778,0.6569628239602131,2.3133555086789555,0.0
mtd_ai,200,0.005042608027183163,0.38961038961038963,6104.386367165098,0.2,150,5,0.1277777777777778,0.6569628239602131,2.3133555086789555,0.0
mtd_ai,200,0.005042608027183163,0.4166666666666667,6803.956412524294,0.25,150,5,0.1277777777777778,0.6569628239602131,2.3133555086789555,0.0
mtd_ai,200,0.005031668746707007,0.25,3362.2320772348494,0.05,150,5,0.11111111111111109,0.6681580666776933,1.802017932395874,0.0
mtd_ai,200,0.005031668746707007,0.3,4862.685875717334,0.1,150,5,0.11111111111111109,0.6681580666776933,1.802017932395874,0.0
mtd_ai,200,0.005031668746707007,0.3629032258064516,5704.1837316350975,0.15,150,5,0.11111111111111109,0.6681580666776933,1.802017932395874,0.0
mtd_ai,200,0.005031668746707007,0.4,6319.609840183777,0.2,150,5,0.11111111111111109,0.6681580666776933,1.802017932395874,0.0
mtd_ai,200,0.005031668746707007,0.4411764705882353,6829.638096999903,0.25,150,5,0.11111111111111109,0.6681580666776933,1.802017932395874,0.0
mtd_ai,200,0.005061944958846128,0.24193548387096775,3973.728360722906,0.05,150,5,0.12033333333333333,0.16235594775865175,0.21682373655622175,0.0
mtd_ai,200,0.005061944958846128,0.36585365853658536,4565.955729724063,0.1,150,5,0.12033333333333333,0.16235594775865175,0.21682373655622175,0.0
mtd_ai,200,0.005061944958846128,0.4326923076923077,5246.46771390518,0.15,150,5,0.12033333333333333,0.16235594775865175,0.21682373655622175,0.0
mtd_ai,200,0.005061944958846128,0.4411764705882353,5922.823814062685,0.2,150,5,0.12033333333333333,0.16235594775865175,0.21682373655622175,0.0
mtd_ai,200,0.005061944958846128,0.4807692307692308,6579.025298546971,0.25,150,5,0.12033333333333333,0.16235594775865175,0.21682373655622175,0.0
mtd_ai,200,0.005048466904634309,0.35714285714285715,1834.4855166878363,0.05,150,5,0.11555555555555558,1.2172902198895155,1.6615167290179094,0.0
mtd_ai,200,0.005048466904634309,0.38461538461538464,3387.178598863652,0.1,150,5,0.11555555555555558,1.2172902198895155,1.6615167290179094,0.0
mtd_ai,200,0.005048466904634309,0.45,3807.1364112048805,0.15,150,5,0.11555555555555558,1.2172902198895155,1.6615167290179094,0.0
mtd_ai,200,0.005048466904634309,0.5084745762711864,4310.327369644131,0.2,150,5,0.11555555555555558,1.2172902198895155,1.6615167290179094,0.0
mtd_ai,200,0.005048466904634309,0.5208333333333334,4925.567591077852,0.25,150,5,0.11555555555555558,1.2172902198895155,1.6615167290179094,0.0
mtd_ai,200,0.005049771445508691,0.25,2466.582036973161,0.05,150,5,0.12333333333333334,0.43503060037688024,1.3414641182903,0.0
mtd_ai,200,0.005049771445508691,0.29411764705882354,4283.710430031869,0.1,150,5,0.12333333333333334,0.43503060037688024,1.3414641182903,0.0
mtd_ai,200,0.005049771445508691,0.34615384615384615,5565.400644505102,0.15,150,5,0.12333333333333334,0.43503060037688024,1.3414641182903,0.0
mtd_ai,200,0.005049771445508691,0.375,6147.1291123765495,0.2,150,5,0.12333333333333334,0.43503060037688024,1.3414641182903,0.0
mtd_ai,200,0.005049771445508691,0.375,7698.99527004337,0.25,150,5,0.12333333333333334,0.43503060037688024,1.3414641182903,0.0
mtd_ai,200,0.005074484627183691,0.3125,2548.5434078112353,0.05,150,5,0.12925925925925927,2.403305063258499,3.6419328253801835,0.0
mtd_ai,200,0.005074484627183691,0.35714285714285715,3901.622702167961,0.1,150,5,0.12925925925925927,2.403305063258499,3.6419328253801835,0.0
mtd_ai,200,0.005074484627183691,0.4017857142857143,4986.9242805289105,0.15,150,5,0.12925925925925927,2.403305063258499,3.6419328253801835,0.0
mtd_ai,200,0.005074484627183691,0.45454545454545453,5388.519759981857,0.2,150,5,0.12925925925925927,2.403305063258499,3.6419328253801835,0.0
mtd_ai,200,0.005074484627183691,0.4807692307692308,5803.740238212453,0.25,150,5,0.12925925925925927,2.403305063258499,3.6419328253801835,0.0
mtd_ai,200,0.005075359393526029,0.46875,1215.6688977159988,0.05,150,5,0.07333333333333333,0.12369565136120095,0.4840709562671356,0.0
mtd_ai,200,0.005075359393526029,0.40540540540540543,2983.0033711968726,0.1,150,5,0.07333333333333333,0.12369565136120095,0.4840709562671356,0.0
mtd_ai,200,0.005075359393526029,0.4411764705882353,3899.4041878078087,0.15,150,5,0.07333333333333333,0.12369565136120095,0.4840709562671356,0.0
mtd_ai,200,0.005075359393526029,0.43478260869565216,5529.683559532067,0.2,150,5,0.07333333333333333,0.12369565136120095,0.4840709562671356,0.0
mtd_ai,200,0.005075359393526029,0.487012987012987,5831.690603873332,0.25,150,5,0.07333333333333333,0.12369565136120095,0.4840709562671356,0.0
mtd_ai,200,0.005078241388638246,0.2777777777777778,2899.1834548683864,0.05,150,5,0.12666666666666668,0.9910591671787907,2.8250991448540463,0.0
mtd_ai,200,0.005078241388638246,0.3488372093023256,3671.908059428971,0.1,150,5,0.12666666666666668,0.9910591671787907,2.8250991448540463,0.0
mtd_ai,200,0.005078241388638246,0.42452830188679247,4481.9855524680415,0.15,150,5,0.12666666666666668,0.9910591671787907,2.8250991448540463,0.0
mtd_ai,200,0.005078241388638246,0.46153846153846156,5113.975947890335,0.2,150,5,0.12666666666666668,0.9910591671787907,2.8250991448540463,0.0
mtd_ai,200,0.005078241388638246,0.5136986301369864,5386.781435076153,0.25,150,5,0.12666666666666668,0.9910591671787907,2.8250991448540463,0.0
mtd_ai,200,0.005062574661784801,0.25,2475.8485395478574,0.05,150,5,0.06666666666666667,0.0317992020464682,0.11658093897016757,0.0
mtd_ai,200,0.005062574661784801,0.30612244897959184,3605.18012546268,0.1,150,5,0.06666666666666667,0.0317992020464682,0.11658093897016757,0.0
mtd_ai,200,0.005062574661784801,0.3082191780821918,5276.309433978629,0.15,150,5,0.06666666666666667,0.0317992020464682,0.11658093897016757,0.0
mtd_ai,200,0.005062574661784801,0.36585365853658536,5738.36514451931,0.2,150,5,0.06666666666666667,0.0317992020464682,0.11658093897016757,0.0
mtd_ai,200,0.005062574661784801,0.4076086956521739,6209.231292064529,0.25,150,5,0.06666666666666667,0.0317992020464682,0.11658093897016757,0.0
mtd_ai,200,0.005074057557120398,0.26785714285714285,2600.862369882285,0.05,150,5,0.3076923076923077,0.8315316008522985,3.406800335696561,0.0
mtd_ai,200,0.005074057557120398,0.35714285714285715,3832.784766026686,0.1,150,5,0.3076923076923077,0.8315316008522985,3.406800335696561,0.0
mtd_ai,200,0.005074057557120398,0.4326923076923077,4453.888857968277,0.15,150,5,0.3076923076923077,0.8315316008522985,3.406800335696561,0.0
mtd_ai,200,0.005074057557120398,0.44776119402985076,5142.80613861855,0.2,150,5,0.3076923076923077,0.8315316008522985,3.406800335696561,0.0
mtd_ai,200,0.005074057557120398,0.487012987012987,5631.135405199182,0.25,150,5,0.3076923076923077,0.8315316008522985,3.406800335696561,0.0
mtd_ai,200,0.00504025796658839,0.375,1985.4477419225616,0.05,150,5,0.125,0.5421819657831976,2.137112903501371,0.0
mtd_ai,200,0.00504025796658839,0.38461538461538464,3381.0332010546936,0.1,150,5,0.125,0.5421819657831976,2.137112903501371,0.0
mtd_ai,200,0.00504025796658839,0.4326923076923077,4142.921546073992,0.15,150,5,0.125,0.5421819657831976,2.137112903501371,0.0
mtd_ai,200,0.00504025796658839,0.44776119402985076,4931.620966438109,0.2,150,5,0.125,0.5421819657831976,2.137112903501371,0.0
mtd_ai,200,0.00504025796658839,0.44642857142857145,5982.940409289601,0.25,150,5,0.125,0.5421819657831976,2.137112903501371,0.0
mtd_ai,200,0.005085499524149536,0.35714285714285715,2398.312797161584,0.05,150,5,0.13555555555555554,0.0708233973659491,0.0882190715758239,0.0
mtd_ai,200,0.005085499524149536,0.42857142857142855,3232.0627697290333,0.1,150,5,0.13555555555555554,0.0708233973659491,0.0882190715758239,0.0
mtd_ai,200,0.005085499524149536,0.5,3775.426789770653,0.15,150,5,0.13555555555555554,0.0708233973659491,0.0882190715758239,0.0
mtd_ai,200,0.005085499524149536,0.5172413793103449,4709.13712675038,0.2,150,5,0.13555555555555554,0.0708233973659491,0.0882190715758239,0.0
mtd_ai,200,0.005085499524149536,0.5514705882352942,5294.261534501096,0.25,150,5,0.13555555555555554,0.0708233973659491,0.0882190715758239,0.0
mtd_ai,200,0.005048905823542221,0.3409090909090909,2086.4821740891016,0.05,150,5,0.26666666666666666,1.1290209194233853,2.6077204254155935,0.0
mtd_ai,200,0.005048905823542221,0.3191489361702128,4322.426364361312,0.1,150,5,0.26666666666666666,1.1290209194233853,2.6077204254155935,0.0
mtd_ai,200,0.005048905823542221,0.3515625,5483.761997913049,0.15,150,5,0.26666666666666666,1.1290209194233853,2.6077204254155935,0.0
mtd_ai,200,0.005048905823542221,0.38461538461538464,6223.968720365184,0.2,150,5,0.26666666666666666,1.1290209194233853,2.6077204254155935,0.0
mtd_ai,200,0.005048905823542221,0.3826530612244898,7596.415786084481,0.25,150,5,0.26666666666666666,1.1290209194233853,2.6077204254155935,0.0
mtd_ai,200,0.00507477964987504,0.28846153846153844,2728.741417238739,0.05,150,5,0.14253968253968252,1.1273867684828567,4.505861627029051,0.0
mtd_ai,200,0.00507477964987504,0.40540540540540543,3318.2618170096584,0.1,150,5,0.14253968253968252,1.1273867684828567,4.505861627029051,0.0
mtd_ai,200,0.00507477964987504,0.42452830188679247,4455.933917092265,0.15,150,5,0.14253968253968252,1.1273867684828567,4.505861627029051,0.0
mtd_ai,200,0.00507477964987504,0.46875,4983.601481236914,0.2,150,5,0.14253968253968252,1.1273867684828567,4.505861627029051,0.0
mtd_ai,200,0.00507477964987504,0.5208333333333334,5536.129973800569,0.25,150,5,0.14253968253968252,1.1273867684828567,4.505861627029051,0.0
mtd_ai,200,0.005054351421371558,0.19736842105263158,4475.214255591648,0.05,150,5,0.1583333333333333,0.038794698330517595,0.16702692447045275,0.0
mtd_ai,200,0.005054351421371558,0.28846153846153844,5392.454551918998,0.1,150,5,0.1583333333333333,0.038794698330517595,0.16702692447045275,0.0
mtd_ai,200,0.005054351421371558,0.35714285714285715,6042.988890119632,0.15,150,5,0.1583333333333333,0.038794698330517595,0.16702692447045275,0.0
mtd_ai,200,0.005054351421371558,0.38461538461538464,6792.623269068302,0.2,150,5,0.1583333333333333,0.038794698330517595,0.16702692447045275,0.0
mtd_ai,200,0.005054351421371558,0.42613636363636365,7164.17024455059,0.25,150,5,0.1583333333333333,0.038794698330517595,0.16702692447045275,0.0
mtd_ai,200,0.005042911552267392,0.28846153846153844,2159.6739100243744,0.05,150,5,0.13438095238095238,0.29772480022771497,0.9009459350588231,4.419354838709677
mtd_ai,200,0.005042911552267392,0.36585365853658536,3290.241581320068,0.1,150,5,0.13438095238095238,0.29772480022771497,0.9009459350588231,4.419354838709677
mtd_ai,200,0.005042911552267392,0.3879310344827586,4610.534867543142,0.15,150,5,0.13438095238095238,0.29772480022771497,0.9009459350588231,4.419354838709677
mtd_ai,200,0.005042911552267392,0.4225352112676056,5315.216707534285,0.2,150,5,0.13438095238095238,0.29772480022771497,0.9009459350588231,4.419354838709677
mtd_ai,200,0.005042911552267392,0.45180722891566266,5835.761380676371,0.25,150,5,0.13438095238095238,0.29772480022771497,0.9009459350588231,4.419354838709677
mtd_ai,200,0.005056015491225903,0.3125,1660.1076238844903,0.05,150,5,0.1348888888888889,0.33520555753540693,1.057295131359653,0.0
mtd_ai,200,0.005056015491225903,0.30612244897959184,3875.7930367540916,0.1,150,5,0.1348888888888889,0.33520555753540693,1.057295131359653,0.0
mtd_ai,200,0.005056015491225903,0.34615384615384615,5234.150835148648,0.15,150,5,0.1348888888888889,0.33520555753540693,1.057295131359653,0.0
mtd_ai,200,0.005056015491225903,0.379746835443038,6218.4927136680835,0.2,150,5,0.1348888888888889,0.33520555753540693,1.057295131359653,0.0
mtd_ai,200,0.005056015491225903,0.42134831460674155,6552.198980083589,0.25,150,5,0.1348888888888889,0.33520555753540693,1.057295131359653,0.0
mtd_ai,200,0.005043624768132589,0.3,2776.291195748776,0.05,150,5,0.13277777777777777,0.7639005504294641,2.4456992762793237,0.0
mtd_ai,200,0.005043624768132589,0.38461538461538464,3761.5232929250146,0.1,150,5,0.13277777777777777,0.7639005504294641,2.4456992762793237,0.0
mtd_ai,200,0.005043624768132589,0.45,4532.708807526367,0.15,150,5,0.13277777777777777,0.7639005504294641,2.4456992762793237,0.0
mtd_ai,200,0.005043624768132589,0.46153846153846156,5186.567980846832,0.2,150,5,0.13277777777777777,0.7639005504294641,2.4456992762793237,0.0
mtd_ai,200,0.005043624768132589,0.5136986301369864,5583.028975590569,0.25,150,5,0.13277777777777777,0.7639005504294641,2.4456992762793237,0.0
mtd_ai,200,0.0050590672876952274,0.26785714285714285,2387.5876383971818,0.05,150,5,0.3,0.0561306533759337,0.08205402568630205,0.0
mtd_ai,200,0.0050590672876952274,0.3409090909090909,3377.6320815417507,0.1,150,5,0.3,0.0561306533759337,0.08205402568630205,0.0
mtd_ai,200,0.0050590672876952274,0.4166666666666667,3676.364918254258,0.15,150,5,0.3,0.0561306533759337,0.08205402568630205,0.0
mtd_ai,200,0.0050590672876952274,0.43478260869565216,4489.109294937774,0.2,150,5,0.3,0.0561306533759337,0.08205402568630205,0.0
mtd_ai,200,0.0050590672876952274,0.47468354430379744,5047.0245525204045,0.25,150,5,0.3,0.0561306533759337,0.08205402568630205,0.0
mtd_ai,200,0.005038750159285066,0.3409090909090909,1919.2283565599123,0.05,150,5,0.13055555555555556,0.9335222051421583,2.7544178130352366,0.0
mtd_ai,200,0.005038750159285066,0.42857142857142855,3022.571132702854,0.1,150,5,0.13055555555555556,0.9335222051421583,2.7544178130352366,0.0
mtd_ai,200,0.005038750159285066,0.45918367346938777,3873.0547827880073,0.15,150,5,0.13055555555555556,0.9335222051421583,2.7544178130352366,0.0
mtd_ai,200,0.005038750159285066,0.4225352112676056,5166.646686017207,0.2,150,5,0.13055555555555556,0.9335222051421583,2.7544178130352366,0.0
mtd_ai,200,0.005038750159285066,0.44642857142857145,5996.321795838828,0.25,150,5,0.13055555555555556,0.9335222051421583,2.7544178130352366,0.0
mtd_ai,200,0.005064172482905642,0.32608695652173914,2461.2015919984174,0.05,150,5,0.11666666666666667,0.3452944533398289,0.9973439612553043,0.0
mtd_ai,200,0.005064172482905642,0.375,3484.7972524856327,0.1,150,5,0.11666666666666667,0.3452944533398289,0.9973439612553043,0.0
mtd_ai,200,0.005064172482905642,0.4326923076923077,4291.234047502105,0.15,150,5,0.11666666666666667,0.3452944533398289,0.9973439612553043,0.0
mtd_ai,200,0.005064172482905642,0.46153846153846156,5276.09685873486,0.2,150,5,0.11666666666666667,0.3452944533398289,0.9973439612553043,0.0
mtd_ai,200,0.005064172482905642,0.4807692307692308,5953.0135146841585,0.25,150,5,0.11666666666666667,0.3452944533398289,0.9973439612553043,0.0
mtd_ai,200,0.00505429152893053,0.3125,2219.5426079178123,0.05,150,5,0.14285714285714285,1.211681970642503,4.488385211995735,0.0
mtd_ai,200,0.00505429152893053,0.4166666666666667,2923.2541037433657,0.1,150,5,0.14285714285714285,1.211681970642503,4.488385211995735,0.0
mtd_ai,200,0.00505429152893053,0.46875,3928.3950489377376,0.15,150,5,0.14285714285714285,1.211681970642503,4.488385211995735,0.0
mtd_ai,200,0.00505429152893053,0.4166666666666667,5074.205759746282,0.2,150,5,0.14285714285714285,1.211681970642503,4.488385211995735,0.0
mtd_ai,200,0.00505429152893053,0.46296296296296297,5361.048379239521,0.25,150,5,0.14285714285714285,1.211681970642503,4.488385211995735,0.0
mtd_ai,200,0.005030217766554234,0.20833333333333334,3284.6286491737924,0.05,150,5,0.3,0.2904742689926877,1.1996580765428884,-5.6
mtd_ai,200,0.005030217766554234,0.28846153846153844,4355.9723991276105,0.1,150,5,0.3,0.2904742689926877,1.1996580765428884,-5.6
mtd_ai,200,0.005030217766554234,0.36885245901639346,4740.039988393045,0.15,150,5,0.3,0.2904742689926877,1.1996580765428884,-5.6
mtd_ai,200,0.005030217766554234,0.36585365853658536,5855.350644025822,0.2,150,5,0.3,0.2904742689926877,1.1996580765428884,-5.6
mtd_ai,200,0.005030217766554234,0.35377358490566035,6812.379087214617,0.25,150,5,0.3,0.2904742689926877,1.1996580765428884,-5.6
mtd_ai,200,0.005087758521004223,0.5357142857142857,1386.354798149736,0.05,150,5,0.13644444444444445,0.6471471711357794,2.7818652790058263,0.0
mtd_ai,200,0.005087758521004223,0.5769230769230769,2230.6889312487965,0.1,150,5,0.13644444444444445,0.6471471711357794,2.7818652790058263,0.0
mtd_ai,200,0.005087758521004223,0.5232558139534884,3459.116355208631,0.15,150,5,0.13644444444444445,0.6471471711357794,2.7818652790058263,0.0
mtd_ai,200,0.005087758521004223,0.5,4315.26293841605,0.2,150,5,0.13644444444444445,0.6471471711357794,2.7818652790058263,0.0
mtd_ai,200,0.005087758521004223,0.528169014084507,4866.427219225648,0.25,150,5,0.13644444444444445,0.6471471711357794,2.7818652790058263,0.0
mtd_ai,200,0.005059601671423765,0.35714285714285715,1773.5736157582685,0.05,150,5,0.12055555555555554,0.37277053557384676,1.2674730096309175,0.0
mtd_ai,200,0.005059601671423765,0.4411764705882353,2643.30641948544,0.1,150,5,0.12055555555555554,0.37277053557384676,1.2674730096309175,0.0
mtd_ai,200,0.005059601671423765,0.4166666666666667,4867.568824631233,0.15,150,5,0.12055555555555554,0.37277053557384676,1.2674730096309175,0.0
mtd_ai,200,0.005059601671423765,0.43478260869565216,5952.919945719064,0.2,150,5,0.12055555555555554,0.37277053557384676,1.2674730096309175,0.0
mtd_ai,200,0.005059601671423765,0.43103448275862066,6630.937812199039,0.25,150,5,0.12055555555555554,0.37277053557384676,1.2674730096309175,0.0
mtd_ai,200,0.005045792828310728,0.3,2852.7172640008775,0.05,150,5,0.13629629629629628,0.7753825787631459,1.866647356593898,0.0
mtd_ai,200,0.005045792828310728,0.375,3924.734973886178,0.1,150,5,0.13629629629629628,0.7753825787631459,1.866647356593898,0.0
mtd_ai,200,0.005045792828310728,0.4166666666666667,4787.116669642521,0.15,150,5,0.13629629629629628,0.7753825787631459,1.866647356593898,0.0
mtd_ai,200,0.005045792828310728,0.45454545454545453,5488.149729495867,0.2,150,5,0.13629629629629628,0.7753825787631459,1.866647356593898,0.0
mtd_ai,200,0.005045792828310728,0.487012987012987,5974.27923587901,0.25,150,5,0.13629629629629628,0.7753825787631459,1.866647356593898,0.0
mtd_ai,200,0.005035714125900296,0.3409090909090909,2405.9164852700715,0.05,150,5,0.12444444444444445,1.9556384898942463,5.114682571487964,0.0
mtd_ai,200,0.005035714125900296,0.4166666666666667,3559.079914573131,0.1,150,5,0.12444444444444445,1.9556384898942463,5.114682571487964,0.0
mtd_ai,200,0.005035714125900296,0.4017857142857143,5026.668531754465,0.15,150,5,0.12444444444444445,1.9556384898942463,5.114682571487964,0.0
mtd_ai,200,0.005035714125900296,0.45454545454545453,5586.194967993464,0.2,150,5,0.12444444444444445,1.9556384898942463,5.114682571487964,0.0
mtd_ai,200,0.005035714125900296,0.47468354430379744,6638.937089533205,0.25,150,5,0.12444444444444445,1.9556384898942463,5.114682571487964,0.0
mtd_ai,200,0.005059772868184593,0.26785714285714285,2055.889318776518,0.05,150,5,0.11888888888888888,0.48827969554169254,1.833830179440268,0.0
mtd_ai,200,0.005059772868184593,0.29411764705882354,4016.851298599395,0.1,150,5,0.11888888888888888,0.48827969554169254,1.833830179440268,0.0
mtd_ai,200,0.005059772868184593,0.33088235294117646,4810.5937678217915,0.15,150,5,0.11888888888888888,0.48827969554169254,1.833830179440268,0.0
mtd_ai,200,0.005059772868184593,0.36585365853658536,5572.784025613668,0.2,150,5,0.11888888888888888,0.48827969554169254,1.833830179440268,0.0
mtd_ai,200,0.005059772868184593,0.39893617021276595,6249.241188667815,0.25,150,5,0.11888888888888888,0.48827969554169254,1.833830179440268,0.0
mtd_ai,200,0.005090522891360867,0.3409090909090909,2040.958165977033,0.05,150,5,0.12,1.5542040604334724,2.1770316441731765,0.0
mtd_ai,200,0.005090522891360867,0.40540540540540543,3194.99349743121,0.1,150,5,0.12,1.5542040604334724,2.1770316441731765,0.0
mtd_ai,200,0.005090522891360867,0.46875,3772.8635379828875,0.15,150,5,0.12,1.5542040604334724,2.1770316441731765,0.0
mtd_ai,200,0.005090522891360867,0.5084745762711864,4367.076963103402,0.2,150,5,0.12,1.5542040604334724,2.1770316441731765,0.0
mtd_ai,200,0.005090522891360867,0.528169014084507,5033.074266390613,0.25,150,5,0.12,1.5542040604334724,2.1770316441731765,0.0
mtd_ai,200,0.005053345739475237,0.5,1075.4512685439886,0.05,150,5,0.1078095238095238,0.9103922662909135,4.038525858263486,0.0
mtd_ai,200,0.005053345739475237,0.46875,2418.757705691063,0.1,150,5,0.1078095238095238,0.9103922662909135,4.038525858263486,0.0
mtd_ai,200,0.005053345739475237,0.5487804878048781,2880.279289623364,0.15,150,5,0.1078095238095238,0.9103922662909135,4.038525858263486,0.0
mtd_ai,200,0.005053345739475237,0.5263157894736842,3565.59378880317,0.2,150,5,0.1078095238095238,0.9103922662909135,4.038525858263486,0.0
mtd_ai,200,0.005053345739475237,0.4934210526315789,4760.22970294534,0.25,150,5,0.1078095238095238,0.9103922662909135,4.038525858263486,0.0
mtd_ai,200,0.005036362314709369,0.3125,2582.53508830552,0.05,150,5,0.14,0.6238077430675658,2.7379343442561352,0.0
mtd_ai,200,0.005036362314709369,0.3488372093023256,4071.6757605366947,0.1,150,5,0.14,0.6238077430675658,2.7379343442561352,0.0
mtd_ai,200,0.005036362314709369,0.39473684210526316,5043.997232279522,0.15,150,5,0.14,0.6238077430675658,2.7379343442561352,0.0
mtd_ai,200,0.005036362314709369,0.43478260869565216,5693.5521317535,0.2,150,5,0.14,0.6238077430675658,2.7379343442561352,0.0
mtd_ai,200,0.005036362314709369,0.46875,6169.767320973089,0.25,150,5,0.14,0.6238077430675658,2.7379343442561352,0.0
mtd_ai,200,0.005061975106316589,0.21428571428571427,4429.11770662774,0.05,150,5,0.11777777777777779,1.6886275574027363,5.08870234053218,0.0
mtd_ai,200,0.005061975106316589,0.32608695652173914,4866.368252701458,0.1,150,5,0.11777777777777779,1.6886275574027363,5.08870234053218,0.0
mtd_ai,200,0.005061975106316589,0.39473684210526316,5359.703019120274,0.15,150,5,0.11777777777777779,1.6886275574027363,5.08870234053218,0.0
mtd_ai,200,0.005061975106316589,0.4225352112676056,5957.569951715595,0.2,150,5,0.11777777777777779,1.6886275574027363,5.08870234053218,0.0
mtd_ai,200,0.005061975106316589,0.46875,6363.257239769967,0.25,150,5,0.11777777777777779,1.6886275574027363,5.08870234053218,0.0
mtd_ai,200,0.005077118392377218,0.3125,2413.9895742234235,0.05,150,5,0.08333333333333333,0.7581866360891858,3.2021581343772154,0.0
mtd_ai,200,0.005077118392377218,0.39473684210526316,3426.083012350871,0.1,150,5,0.08333333333333333,0.7581866360891858,3.2021581343772154,0.0
mtd_ai,200,0.005077118392377218,0.4787234042553192,3973.4210736932914,0.15,150,5,0.08333333333333333,0.7581866360891858,3.2021581343772154,0.0
mtd_ai,200,0.005077118392377218,0.5,4717.326281384478,0.2,150,5,0.08333333333333333,0.7581866360891858,3.2021581343772154,0.0
mtd_ai,200,0.005077118392377218,0.5067567567567568,5782.993991615882,0.25,150,5,0.08333333333333333,0.7581866360891858,3.2021581343772154,0.0
mtd_ai,200,0.0050712800137294395,0.4166666666666667,1293.3294448797042,0.05,150,5,0.13555555555555554,0.023460514183290336,0.0775832093118887,0.0
mtd_ai,200,0.0050712800137294395,0.42857142857142855,3021.280603891841,0.1,150,5,0.13555555555555554,0.023460514183290336,0.0775832093118887,0.0
mtd_ai,200,0.0050712800137294395,0.42452830188679247,4800.0809943764525,0.15,150,5,0.13555555555555554,0.023460514183290336,0.0775832093118887,0.0
mtd_ai,200,0.0050712800137294395,0.47619047619047616,5213.117832534081,0.2,150,5,0.13555555555555554,0.023460514183290336,0.0775832093118887,0.0
mtd_ai,200,0.0050712800137294395,0.487012987012987,5748.629192691378,0.25,150,5,0.13555555555555554,0.023460514183290336,0.0775832093118887,0.0
mtd_ai,200,0.0050606719031627365,0.3125,3278.649923114126,0.05,150,5,0.14666666666666667,11.87708663166018,8.256821147521006,0.0
mtd_ai,200,0.0050606719031627365,0.36585365853658536,4458.683376395383,0.1,150,5,0.14666666666666667,11.87708663166018,8.256821147521006,0.0
mtd_ai,200,0.0050606719031627365,0.4090909090909091,5270.994173664683,0.15,150,5,0.14666666666666667,11.87708663166018,8.256821147521006,0.0
mtd_ai,200,0.0050606719031627365,0.4411764705882353,6173.717772778704,0.2,150,5,0.14666666666666667,11.87708663166018,8.256821147521006,0.0
mtd_ai,200,0.0050606719031627365,0.4807692307692308,6735.203669344049,0.25,150,5,0.14666666666666667,11.87708663166018,8.256821147521006,0.0
mtd_ai,200,0.005085437651011883,0.32608695652173914,2090.953629651263,0.05,150,5,0.15444444444444444,0.4008350338463032,1.2225255359781995,0.0
mtd_ai,200,0.005085437651011883,0.375,3157.9688517741647,0.1,150,5,0.15444444444444444,0.4008350338463032,1.2225255359781995,0.0
mtd_ai,200,0.005085437651011883,0.42452830188679247,4071.144275266651,0.15,150,5,0.15444444444444444,0.4008350338463032,1.2225255359781995,0.0
mtd_ai,200,0.005085437651011883,0.44776119402985076,4748.585656148545,0.2,150,5,0.15444444444444444,0.4008350338463032,1.2225255359781995,0.0
mtd_ai,200,0.005085437651011883,0.4934210526315789,5185.317642701746,0.25,150,5,0.15444444444444444,0.4008350338463032,1.2225255359781995,0.0
mtd_ai,200,0.005046987633921689,0.3125,2353.5412328786506,0.05,150,5,0.14511111111111114,0.10074798089385675,0.3377199155034063,0.0
mtd_ai,200,0.005046987633921689,0.39473684210526316,3252.907118309138,0.1,150,5,0.14511111111111114,0.10074798089385675,0.3377199155034063,0.0
mtd_ai,200,0.005046987633921689,0.4787234042553192,3722.5834978518637,0.15,150,5,0.14511111111111114,0.10074798089385675,0.3377199155034063,0.0
mtd_ai,200,0.005046987633921689,0.46875,4493.592438634896,0.2,150,5,0.14511111111111114,0.10074798089385675,0.3377199155034063,0.0
mtd_ai,200,0.005046987633921689,0.5,5381.329873547711,0.25,150,5,0.14511111111111114,0.10074798089385675,0.3377199155034063,0.0
mtd_ai,200,0.0050367915991271625,0.2777777777777778,2452.0708081166795,0.05,150,5,0.1717142857142857,0.20392265066282536,0.6326076567629633,4.28125
mtd_ai,200,0.0050367915991271625,0.39473684210526316,2957.082732368074,0.1,150,5,0.1717142857142857,0.20392265066282536,0.6326076567629633,4.28125
mtd_ai,200,0.0050367915991271625,0.4326923076923077,3886.3517937564334,0.15,150,5,0.1717142857142857,0.20392265066282536,0.6326076567629633,4.28125
mtd_ai,200,0.0050367915991271625,0.43478260869565216,4776.045086041218,0.2,150,5,0.1717142857142857,0.20392265066282536,0.6326076567629633,4.28125
mtd_ai,200,0.0050367915991271625,0.4032258064516129,6085.6207404446195,0.25,150,5,0.1717142857142857,0.20392265066282536,0.6326076567629633,4.28125
mtd_ai,200,0.005065535625604552,0.25,2743.0948440792667,0.05,150,5,0.1588888888888889,0.69551219281392,2.8870205501677395,0.0
mtd_ai,200,0.005065535625604552,0.3,3741.0678170643673,0.1,150,5,0.1588888888888889,0.69551219281392,2.8870205501677395,0.0
mtd_ai,200,0.005065535625604552,0.3409090909090909,4941.36954464444,0.15,150,5,0.1588888888888889,0.69551219281392,2.8870205501677395,0.0
mtd_ai,200,0.005065535625604552,0.379746835443038,5633.913657086076,0.2,150,5,0.1588888888888889,0.69551219281392,2.8870205501677395,0.0
mtd_ai,200,0.005065535625604552,0.42613636363636365,6069.499845628383,0.25,150,5,0.1588888888888889,0.69551219281392,2.8870205501677395,0.0
mtd_ai,200,0.0050634425973672395,0.22058823529411764,3861.3123870455906,0.05,150,5,0.11944444444444445,0.05291058141615478,0.21530828741827457,0.0
mtd_ai,200,0.0050634425973672395,0.3,5043.82269241792,0.1,150,5,0.11944444444444445,0.05291058141615478,0.21530828741827457,0.0
mtd_ai,200,0.0050634425973672395,0.375,5421.940471260501,0.15,150,5,0.11944444444444445,0.05291058141615478,0.21530828741827457,0.0
mtd_ai,200,0.0050634425973672395,0.40540540540540543,6063.392785280973,0.2,150,5,0.11944444444444445,0.05291058141615478,0.21530828741827457,0.0
mtd_ai,200,0.0050634425973672395,0.44642857142857145,6747.848743125177,0.25,150,5,0.11944444444444445,0.05291058141615478,0.21530828741827457,0.0
mtd_ai,200,0.005032538037754163,0.39473684210526316,1576.1300519410388,0.05,150,5,0.13666666666666666,0.8931890568202154,3.5614377795066536,0.0
mtd_ai,200,0.005032538037754163,0.3488372093023256,3966.264236649606,0.1,150,5,0.13666666666666666,0.8931890568202154,3.5614377795066536,0.0
mtd_ai,200,0.005032538037754163,0.35714285714285715,6246.148727908818,0.15,150,5,0.13666666666666666,0.8931890568202154,3.5614377795066536,0.0
mtd_ai,200,0.005032538037754163,0.39473684210526316,6872.349252585662,0.2,150,5,0.13666666666666666,0.8931890568202154,3.5614377795066536,0.0
mtd_ai,200,0.005032538037754163,0.39893617021276595,7783.164410381338,0.25,150,5,0.13666666666666666,0.8931890568202154,3.5614377795066536,0.0
mtd_ai,200,0.0050677451505014735,0.24193548387096775,2870.930655391786,0.05,150,5,0.1613015873015873,0.842328848142162,2.6907384633197933,0.0
mtd_ai,200,0.0050677451505014735,0.3125,4257.001417894607,0.1,150,5,0.1613015873015873,0.842328848142162,2.6907384633197933,0.0
mtd_ai,200,0.0050677451505014735,0.3879310344827586,4613.0023764398165,0.15,150,5,0.1613015873015873,0.842328848142162,2.6907384633197933,0.0
mtd_ai,200,0.0050677451505014735,0.4166666666666667,5307.993230124769,0.2,150,5,0.1613015873015873,0.842328848142162,2.6907384633197933,0.0
mtd_ai,200,0.0050677451505014735,0.4573170731707317,5958.766682310787,0.25,150,5,0.1613015873015873,0.842328848142162,2.6907384633197933,0.0
mtd_ai,200,0.005088521126871596,0.32608695652173914,2174.543463822227,0.05,150,5,0.14555555555555558,1.0183468610877844,2.9951528177952658,0.0
mtd_ai,200,0.005088521126871596,0.40540540540540543,2909.0529660059165,0.1,150,5,0.14555555555555558,1.0183468610877844,2.9951528177952658,0.0
mtd_ai,200,0.005088521126871596,0.45,3747.797891755834,0.15,150,5,0.14555555555555558,1.0183468610877844,2.9951528177952658,0.0
mtd_ai,200,0.005088521126871596,0.4838709677419355,4684.516702383629,0.2,150,5,0.14555555555555558,1.0183468610877844,2.9951528177952658,0.0
mtd_ai,200,0.005088521126871596,0.5208333333333334,5076.461860610651,0.25,150,5,0.14555555555555558,1.0183468610877844,2.9951528177952658,0.0
mtd_ai,200,0.0050455839742890194,0.4166666666666667,1747.5592336349223,0.05,150,5,0.11111111111111112,0.4903165071784669,1.3434442584726798,0.0
mtd_ai,200,0.0050455839742890194,0.3409090909090909,4426.071226065327,0.1,150,5,0.11111111111111112,0.4903165071784669,1.3434442584726798,0.0
mtd_ai,200,0.0050455839742890194,0.4017857142857143,5424.388495000304,0.15,150,5,0.11111111111111112,0.4903165071784669,1.3434442584726798,0.0
mtd_ai,200,0.0050455839742890194,0.4411764705882353,6182.696245556942,0.2,150,5,0.11111111111111112,0.4903165071784669,1.3434442584726798,0.0
mtd_ai,200,0.0050455839742890194,0.487012987012987,6646.485207623299,0.25,150,5,0.11111111111111112,0.4903165071784669,1.3434442584726798,0.0
mtd_ai,200,0.005046786680183716,0.3125,1767.832635755593,0.05,150,5,0.11866666666666667,11.317191759979323,7.614150067452059,5.625
mtd_ai,200,0.005046786680183716,0.4166666666666667,2691.51058988429,0.1,150,5,0.11866666666666667,11.317191759979323,7.614150067452059,5.625
mtd_ai,200,0.005046786680183716,0.45,3680.213106432492,0.15,150,5,0.11866666666666667,11.317191759979323,7.614150067452059,5.625
mtd_ai,200,0.005046786680183716,0.4918032786885246,4523.836249341172,0.2,150,5,0.11866666666666667,11.317191759979323,7.614150067452059,5.625
mtd_ai,200,0.005046786680183716,0.5136986301369864,5259.366276844392,0.25,150,5,0.11866666666666667,11.317191759979323,7.614150067452059,5.625
mtd_ai,200,0.005033470038905586,0.25,3464.5770050154897,0.05,150,5,0.12166666666666667,0.3378520448896904,1.5168684266584955,0.0
mtd_ai,200,0.005033470038905586,0.3488372093023256,4492.1551437526105,0.1,150,5,0.12166666666666667,0.3378520448896904,1.5168684266584955,0.0
mtd_ai,200,0.005033470038905586,0.3629032258064516,5813.073627746489,0.15,150,5,0.12166666666666667,0.3378520448896904,1.5168684266584955,0.0
mtd_ai,200,0.005033470038905586,0.410958904109589,6381.380887552346,0.2,150,5,0.12166666666666667,0.3378520448896904,1.5168684266584955,0.0
mtd_ai,200,0.005033470038905586,0.44642857142857145,7055.156586094741,0.25,150,5,0.12166666666666667,0.3378520448896904,1.5168684266584955,0.0
mtd_ai,200,0.005081298165422853,0.39473684210526316,1712.8240551146382,0.05,150,5,0.25,0.2317965388965867,1.0194015912429433,0.0
mtd_ai,200,0.005081298165422853,0.40540540540540543,3115.805652246888,0.1,150,5,0.25,0.2317965388965867,1.0194015912429433,0.0
mtd_ai,200,0.005081298165422853,0.4891304347826087,3568.9079254852923,0.15,150,5,0.25,0.2317965388965867,1.0194015912429433,0.0
mtd_ai,200,0.005081298165422853,0.4838709677419355,4919.15520868294,0.2,150,5,0.25,0.2317965388965867,1.0194015912429433,0.0
mtd_ai,200,0.005081298165422853,0.5067567567567568,5679.915451110224,0.25,150,5,0.25,0.2317965388965867,1.0194015912429433,0.0
mtd_ai,200,0.005071537331657926,0.28846153846153844,2722.4380715421976,0.05,150,5,0.12583333333333332,0.13536618791512048,0.12096798925719857,0.0
mtd_ai,200,0.005071537331657926,0.39473684210526316,3470.22145977147,0.1,150,5,0.12583333333333332,0.13536618791512048,0.12096798925719857,0.0
mtd_ai,200,0.005071537331657926,0.45,4202.100705006914,0.15,150,5,0.12583333333333332,0.13536618791512048,0.12096798925719857,0.0
mtd_ai,200,0.005071537331657926,0.47619047619047616,5399.587377382806,0.2,150,5,0.12583333333333332,0.13536618791512048,0.12096798925719857,0.0
mtd_ai,200,0.005071537331657926,0.5,6052.094474577658,0.25,150,5,0.12583333333333332,0.13536618791512048,0.12096798925719857,0.0
mtd_ai,200,0.0050455554275943065,0.4166666666666667,1436.813245786358,0.05,150,5,0.1617777777777778,0.6368358460564802,1.747294884027205,0.0
mtd_ai,200,0.0050455554275943065,0.45454545454545453,2745.9738715389985,0.1,150,5,0.1617777777777778,0.6368358460564802,1.747294884027205,0.0
mtd_ai,200,0.0050455554275943065,0.45918367346938777,3975.1703455767674,0.15,150,5,0.1617777777777778,0.6368358460564802,1.747294884027205,0.0
mtd_ai,200,0.0050455554275943065,0.5084745762711864,4808.607993373473,0.2,150,5,0.1617777777777778,0.6368358460564802,1.747294884027205,0.0
mtd_ai,200,0.0050455554275943065,0.5597014925373134,5105.639524698641,0.25,150,5,0.1617777777777778,0.6368358460564802,1.747294884027205,0.0
mtd_ai,200,0.005060876944386375,0.3,2698.030624654102,0.05,150,5,0.19448148148148148,0.03845859043530082,0.1696118701618434,0.0
mtd_ai,200,0.005060876944386375,0.35714285714285715,4006.3019388465727,0.1,150,5,0.19448148148148148,0.03845859043530082,0.1696118701618434,0.0
mtd_ai,200,0.005060876944386375,0.4166666666666667,4647.9034503732855,0.15,150,5,0.19448148148148148,0.03845859043530082,0.1696118701618434,0.0
mtd_ai,200,0.005060876944386375,0.410958904109589,5875.667964645111,0.2,150,5,0.19448148148148148,0.03845859043530082,0.1696118701618434,0.0
mtd_ai,200,0.005060876944386375,0.4573170731707317,6299.380712026421,0.25,150,5,0.19448148148148148,0.03845859043530082,0.1696118701618434,0.0
mtd_ai,200,0.005062403394010074,0.25862068965517243,2518.8325828643183,0.05,150,5,0.13,0.6574518445666189,2.5885266660052175,0.0
mtd_ai,200,0.005062403394010074,0.32608695652173914,3667.2214444994215,0.1,150,5,0.13,0.6574518445666189,2.5885266660052175,0.0
mtd_ai,200,0.005062403394010074,0.29605263157894735,5161.991378847499,0.15,150,5,0.13,0.6574518445666189,2.5885266660052175,0.0
mtd_ai,200,0.005062403394010074,0.32608695652173914,6087.117417180467,0.2,150,5,0.13,0.6574518445666189,2.5885266660052175,0.0
mtd_ai,200,0.005062403394010074,0.3712871287128713,6612.2056739611635,0.25,150,5,0.13,0.6574518445666189,2.5885266660052175,0.0
mtd_ai,200,0.005050968288750491,0.3125,2490.3253413978323,0.05,150,5,0.11444444444444443,1.2960838642893755,4.226843532514615,0.0
mtd_ai,200,0.005050968288750491,0.3488372093023256,4215.260593385696,0.1,150,5,0.11444444444444443,1.2960838642893755,4.226843532514615,0.0
mtd_ai,200,0.005050968288750491,0.42452830188679247,4864.664850105384,0.15,150,5,0.11444444444444443,1.2960838642893755,4.226843532514615,0.0
mtd_ai,200,0.005050968288750491,0.47619047619047616,5205.369432369234,0.2,150,5,0.11444444444444443,1.2960838642893755,4.226843532514615,0.0
mtd_ai,200,0.005050968288750491,0.5357142857142857,5502.839828398726,0.25,150,5,0.11444444444444443,1.2960838642893755,4.226843532514615,0.0
mtd_ai,200,0.005052054100339622,0.21428571428571427,3819.4649168174165,0.05,150,5,0.13622222222222222,0.5143911920272037,1.5909830904317865,0.0
mtd_ai,200,0.005052054100339622,0.2631578947368421,6005.60832046732,0.1,150,5,0.13622222222222222,0.5143911920272037,1.5909830904317865,0.0
mtd_ai,200,0.005052054100339622,0.3358208955223881,6468.998123964278,0.15,150,5,0.13622222222222222,0.5143911920272037,1.5909830904317865,0.0
mtd_ai,200,0.005052054100339622,0.375,7013.475481365736,0.2,150,5,0.13622222222222222,0.5143911920272037,1.5909830904317865,0.0
mtd_ai,200,0.005052054100339622,0.42613636363636365,7270.393618537955,0.25,150,5,0.13622222222222222,0.5143911920272037,1.5909830904317865,0.0
mtd_ai,200,0.0050767848120982515,0.375,2035.4185686874534,0.05,150,5,0.12333333333333334,0.7782890354951837,2.116243287981324,0.0
mtd_ai,200,0.0050767848120982515,0.40540540540540543,3546.1439071896375,0.1,150,5,0.12333333333333334,0.7782890354951837,2.116243287981324,0.0
mtd_ai,200,0.0050767848120982515,0.45,4312.92731536162,0.15,150,5,0.12333333333333334,0.7782890354951837,2.116243287981324,0.0
mtd_ai,200,0.0050767848120982515,0.47619047619047616,5097.969283318858,0.2,150,5,0.12333333333333334,0.7782890354951837,2.116243287981324,0.0
mtd_ai,200,0.0050767848120982515,0.4807692307692308,6215.1755653872715,0.25,150,5,0.12333333333333334,0.7782890354951837,2.116243287981324,0.0
mtd_ai,200,0.00506961465831715,0.375,1805.9894378725776,0.05,150,5,0.10444444444444444,0.4169271893587045,1.3898337134079854,0.0
mtd_ai,200,0.00506961465831715,0.375,3865.0796430582795,0.1,150,5,0.10444444444444444,0.4169271893587045,1.3898337134079854,0.0
mtd_ai,200,0.00506961465831715,0.42452830188679247,4656.572065014524,0.15,150,5,0.10444444444444444,0.4169271893587045,1.3898337134079854,0.0
mtd_ai,200,0.00506961465831715,0.46875,5253.2246066917605,0.2,150,5,0.10444444444444444,0.4169271893587045,1.3898337134079854,0.0
mtd_ai,200,0.00506961465831715,0.4807692307692308,6443.714307452684,0.25,150,5,0.10444444444444444,0.4169271893587045,1.3898337134079854,0.0
mtd_ai,200,0.005071129968437818,0.25862068965517243,3669.2583382923467,0.05,150,5,0.11666666666666667,0.9031824333078587,2.5759404111020876,0.0
mtd_ai,200,0.005071129968437818,0.35714285714285715,4561.934982006293,0.1,150,5,0.11666666666666667,0.9031824333078587,2.5759404111020876,0.0
mtd_ai,200,0.005071129968437818,0.4326923076923077,5387.970205501453,0.15,150,5,0.11666666666666667,0.9031824333078587,2.5759404111020876,0.0
mtd_ai,200,0.005071129968437818,0.47619047619047616,5960.304762739139,0.2,150,5,0.11666666666666667,0.9031824333078587,2.5759404111020876,0.0
mtd_ai,200,0.005071129968437818,0.5208333333333334,6349.287642721642,0.25,150,5,0.11666666666666667,0.9031824333078587,2.5759404111020876,0.0
mtd_ai,200,0.00503930836272298,0.25862068965517243,2578.164005527311,0.05,150,5,0.1610952380952381,0.5138769080265939,2.273154711256974,4.147058823529412
mtd_ai,200,0.00503930836272298,0.3191489361702128,4491.104424615513,0.1,150,5,0.1610952380952381,0.5138769080265939,2.273154711256974,4.147058823529412
mtd_ai,200,0.00503930836272298,0.36885245901639346,5438.703049635398,0.15,150,5,0.1610952380952381,0.5138769080265939,2.273154711256974,4.147058823529412
mtd_ai,200,0.00503930836272298,0.4225352112676056,5862.15243423279,0.2,150,5,0.1610952380952381,0.5138769080265939,2.273154711256974,4.147058823529412
mtd_ai,200,0.00503930836272298,0.4573170731707317,6399.2678024204815,0.25,150,5,0.1610952380952381,0.5138769080265939,2.273154711256974,4.147058823529412
mtd_ai,200,0.005050867891947165,0.28846153846153844,3082.4744053924655,0.05,150,5,0.16666666666666666,0.9135290031532469,3.956876074796265,0.0
mtd_ai,200,0.005050867891947165,0.28846153846153844,5827.9088867023775,0.1,150,5,0.16666666666666666,0.9135290031532469,3.956876074796265,0.0
mtd_ai,200,0.005050867891947165,0.34615384615384615,6604.617446932178,0.15,150,5,0.16666666666666666,0.9135290031532469,3.956876074796265,0.0
mtd_ai,200,0.005050867891947165,0.38961038961038963,7673.062826925458,0.2,150,5,0.16666666666666666,0.9135290031532469,3.956876074796265,0.0
mtd_ai,200,0.005050867891947165,0.43103448275862066,7963.467293865948,0.25,150,5,0.16666666666666666,0.9135290031532469,3.956876074796265,0.0
mtd_ai,200,0.005052298227405489,0.32608695652173914,2188.6686803837288,0.05,150,5,0.12566666666666668,0.014278287505244357,0.041646372439260095,0.0
mtd_ai,200,0.005052298227405489,0.3409090909090909,4485.774429822707,0.1,150,5,0.12566666666666668,0.014278287505244357,0.041646372439260095,0.0
mtd_ai,200,0.005052298227405489,0.3515625,5939.144375754969,0.15,150,5,0.12566666666666668,0.014278287505244357,0.041646372439260095,0.0
mtd_ai,200,0.005052298227405489,0.38461538461538464,6719.6078852075525,0.2,150,5,0.12566666666666668,0.014278287505244357,0.041646372439260095,0.0
mtd_ai,200,0.005052298227405489,0.42613636363636365,7037.012057118007,0.25,150,5,0.12566666666666668,0.014278287505244357,0.041646372439260095,0.0
mtd_ai,200,0.005061302801764652,0.26785714285714285,3355.592855778537,0.05,150,5,0.11666666666666667,0.7230234372835461,1.659423795664027,0.0
mtd_ai,200,0.005061302801764652,0.3333333333333333,4766.183426760203,0.1,150,5,0.11666666666666667,0.7230234372835461,1.659423795664027,0.0
mtd_ai,200,0.005061302801764652,0.3813559322033898,5321.529870864593,0.15,150,5,0.11666666666666667,0.7230234372835461,1.659423795664027,0.0
mtd_ai,200,0.005061302801764652,0.4166666666666667,6331.587683440989,0.2,150,5,0.11666666666666667,0.7230234372835461,1.659423795664027,0.0
mtd_ai,200,0.005061302801764652,0.4411764705882353,6993.340464512656,0.25,150,5,0.11666666666666667,0.7230234372835461,1.659423795664027,0.0
mtd_ai,200,0.00504709180496282,0.46875,1179.4740721469377,0.05,150,5,0.135,0.2885668829567347,1.0307144999329785,0.0
mtd_ai,200,0.00504709180496282,0.38461538461538464,3603.9640238290567,0.1,150,5,0.135,0.2885668829567347,1.0307144999329785,0.0
mtd_ai,200,0.00504709180496282,0.46875,4146.374215814695,0.15,150,5,0.135,0.2885668829567347,1.0307144999329785,0.0
mtd_ai,200,0.00504709180496282,0.46875,5125.496723727421,0.2,150,5,0.135,0.2885668829567347,1.0307144999329785,0.0
mtd_ai,200,0.00504709180496282,0.5067567567567568,5610.310011368036,0.25,150,5,0.135,0.2885668829567347,1.0307144999329785,0.0
mtd_ai,200,0.005090512825030483,0.3409090909090909,2098.4842904377256,0.05,150,5,0.17222222222222222,0.6416841855072655,2.154987052394196,0.0
mtd_ai,200,0.005090512825030483,0.4411764705882353,2938.311226344944,0.1,150,5,0.17222222222222222,0.6416841855072655,2.154987052394196,0.0
mtd_ai,200,0.005090512825030483,0.45918367346938777,3849.735621940846,0.15,150,5,0.17222222222222222,0.6416841855072655,2.154987052394196,0.0
mtd_ai,200,0.005090512825030483,0.5,4328.935067907938,0.2,150,5,0.17222222222222222,0.6416841855072655,2.154987052394196,0.0
mtd_ai,200,0.005090512825030483,0.5514705882352942,4627.283087993279,0.25,150,5,0.17222222222222222,0.6416841855072655,2.154987052394196,0.0
mtd_ai,200,0.005031417520647388,0.3125,2758.619264091874,0.05,150,5,0.155,0.338416054587506,0.8067542230206391,0.0
mtd_ai,200,0.005031417520647388,0.36585365853658536,4198.959705942556,0.1,150,5,0.155,0.338416054587506,0.8067542230206391,0.0
mtd_ai,200,0.005031417520647388,0.4090909090909091,5133.298101133163,0.15,150,5,0.155,0.338416054587506,0.8067542230206391,0.0
mtd_ai,200,0.005031417520647388,0.4,6799.536511019549,0.2,150,5,0.155,0.338416054587506,0.8067542230206391,0.0
mtd_ai,200,0.005031417520647388,0.436046511627907,7365.187636621842,0.25,150,5,0.155,0.338416054587506,0.8067542230206391,0.0
mtd_ai,200,0.005054957076143307,0.22058823529411764,2333.68471900337,0.05,150,5,0.10277777777777777,0.2954749314465753,1.324221813767249,0.0
mtd_ai,200,0.005054957076143307,0.32608695652173914,3117.6205851369205,0.1,150,5,0.10277777777777777,0.2954749314465753,1.324221813767249,0.0
mtd_ai,200,0.005054957076143307,0.3515625,5045.3050857292255,0.15,150,5,0.10277777777777777,0.2954749314465753,1.324221813767249,0.0
mtd_ai,200,0.005054957076143307,0.38461538461538464,5638.943989081814,0.2,150,5,0.10277777777777777,0.2954749314465753,1.324221813767249,0.0
mtd_ai,200,0.005054957076143307,0.39473684210526316,6975.33791592657,0.25,150,5,0.10277777777777777,0.2954749314465753,1.324221813767249,0.0
mtd_ai,200,0.0050439905414693485,0.4166666666666667,1569.2733907401325,0.05,150,5,0.1,0.36196741897323503,0.4170020904928351,0.0
mtd_ai,200,0.0050439905414693485,0.3333333333333333,3479.627264485536,0.1,150,5,0.1,0.36196741897323503,0.4170020904928351,0.0
mtd_ai,200,0.0050439905414693485,0.4017857142857143,4149.920484826352,0.15,150,5,0.1,0.36196741897323503,0.4170020904928351,0.0
mtd_ai,200,0.0050439905414693485,0.4411764705882353,4978.684984540303,0.2,150,5,0.1,0.36196741897323503,0.4170020904928351,0.0
mtd_ai,200,0.0050439905414693485,0.4807692307692308,5664.060273292607,0.25,150,5,0.1,0.36196741897323503,0.4170020904928351,0.0
mtd_ai,200,0.0050724058078296455,0.3,2153.3472858120927,0.05,150,5,0.10166666666666667,0.32356961549738955,0.852259585413021,0.0
mtd_ai,200,0.0050724058078296455,0.375,3258.0301834374236,0.1,150,5,0.10166666666666667,0.32356961549738955,0.852259585413021,0.0
mtd_ai,200,0.0050724058078296455,0.4411764705882353,4235.18592849495,0.15,150,5,0.10166666666666667,0.32356961549738955,0.852259585413021,0.0
mtd_ai,200,0.0050724058078296455,0.4838709677419355,5015.422301752483,0.2,150,5,0.10166666666666667,0.32356961549738955,0.852259585413021,0.0
mtd_ai,200,0.0050724058078296455,0.528169014084507,5490.034690259155,0.25,150,5,0.10166666666666667,0.32356961549738955,0.852259585413021,0.0
mtd_ai,200,0.005066215270180799,0.2777777777777778,2350.8826684784303,0.05,150,5,0.1388888888888889,0.37486404421020436,1.4575015919558842,0.0
mtd_ai,200,0.005066215270180799,0.3409090909090909,3558.4692339711837,0.1,150,5,0.1388888888888889,0.37486404421020436,1.4575015919558842,0.0
mtd_ai,200,0.005066215270180799,0.36885245901639346,4870.554341794182,0.15,150,5,0.1388888888888889,0.37486404421020436,1.4575015919558842,0.0
mtd_ai,200,0.005066215270180799,0.37037037037037035,6107.571487065105,0.2,150,5,0.1388888888888889,0.37486404421020436,1.4575015919558842,0.0
mtd_ai,200,0.005066215270180799,0.4076086956521739,6597.982224413824,0.25,150,5,0.1388888888888889,0.37486404421020436,1.4575015919558842,0.0
mtd_ai,200,0.005082118224926438,0.35714285714285715,1608.539155752449,0.05,150,5,0.1338888888888889,0.45152869138997276,1.4496856592849745,0.0
mtd_ai,200,0.005082118224926438,0.3333333333333333,3462.040515506253,0.1,150,5,0.1338888888888889,0.45152869138997276,1.4496856592849745,0.0
mtd_ai,200,0.005082118224926438,0.4017857142857143,3838.705166639434,0.15,150,5,0.1338888888888889,0.45152869138997276,1.4496856592849745,0.0
mtd_ai,200,0.005082118224926438,0.45454545454545453,4336.357966868508,0.2,150,5,0.1338888888888889,0.45152869138997276,1.4496856592849745,0.0
mtd_ai,200,0.005082118224926438,0.4934210526315789,4912.562046195586,0.25,150,5,0.1338888888888889,0.45152869138997276,1.4496856592849745,0.0
mtd_ai,200,0.005064932079220362,0.4166666666666667,1459.092293698157,0.05,150,5,0.1,0.03136623919546446,0.11900489595391968,0.0
mtd_ai,200,0.005064932079220362,0.35714285714285715,4157.771498455522,0.1,150,5,0.1,0.03136623919546446,0.11900489595391968,0.0
mtd_ai,200,0.005064932079220362,0.4090909090909091,4987.741089143274,0.15,150,5,0.1,0.03136623919546446,0.11900489595391968,0.0
mtd_ai,200,0.005064932079220362,0.40540540540540543,5973.105238777165,0.2,150,5,0.1,0.03136623919546446,0.11900489595391968,0.0
mtd_ai,200,0.005064932079220362,0.4411764705882353,6660.861903607552,0.25,150,5,0.1,0.03136623919546446,0.11900489595391968,0.0
mtd_ai,200,0.0050496151291017895,0.39473684210526316,1824.6694552318827,0.05,150,5,0.10555555555555554,0.7833349385229639,2.3711918745282614,0.0
mtd_ai,200,0.0050496151291017895,0.45454545454545453,3244.9082622820833,0.1,150,5,0.10555555555555554,0.7833349385229639,2.3711918745282614,0.0
mtd_ai,200,0.0050496151291017895,0.5113636363636364,3904.986345031975,0.15,150,5,0.10555555555555554,0.7833349385229639,2.3711918745282614,0.0
mtd_ai,200,0.0050496151291017895,0.5,4762.841863159541,0.2,150,5,0.10555555555555554,0.7833349385229639,2.3711918745282614,0.0
mtd_ai,200,0.0050496151291017895,0.5067567567567568,5350.542936190472,0.25,150,5,0.10555555555555554,0.7833349385229639,2.3711918745282614,0.0
mtd_ai,200,0.005038590615947242,0.375,1627.6616231665414,0.05,150,5,0.1606666666666667,0.2601066028566542,1.0173104787544371,0.0
mtd_ai,200,0.005038590615947242,0.42857142857142855,2628.575412845313,0.1,150,5,0.1606666666666667,0.2601066028566542,1.0173104787544371,0.0
mtd_ai,200,0.005038590615947242,0.4411764705882353,4076.2531044723714,0.15,150,5,0.1606666666666667,0.2601066028566542,1.0173104787544371,0.0
mtd_ai,200,0.005038590615947242,0.4166666666666667,5174.298518454241,0.2,150,5,0.1606666666666667,0.2601066028566542,1.0173104787544371,0.0
mtd_ai,200,0.005038590615947242,0.41208791208791207,6033.127816431208,0.25,150,5,0.1606666666666667,0.2601066028566542,1.0173104787544371,0.0
mtd_ai,200,0.005073912030315754,0.28846153846153844,3124.024599620685,0.05,150,5,0.15055555555555555,4.593442996622039,3.2318418982451838,0.0
mtd_ai,200,0.005073912030315754,0.375,4533.443212412236,0.1,150,5,0.15055555555555555,4.593442996622039,3.2318418982451838,0.0
mtd_ai,200,0.005073912030315754,0.46875,5028.05344985352,0.15,150,5,0.15055555555555555,4.593442996622039,3.2318418982451838,0.0
mtd_ai,200,0.005073912030315754,0.4918032786885246,5686.50702626921,0.2,150,5,0.15055555555555555,4.593442996622039,3.2318418982451838,0.0
mtd_ai,200,0.005073912030315754,0.528169014084507,6102.662709717251,0.25,150,5,0.15055555555555555,4.593442996622039,3.2318418982451838,0.0
mtd_ai,200,0.00506309312170626,0.4411764705882353,1494.2965665179727,0.05,150,5,0.15,1.0083531812330357,0.7488212343428293,0.0
mtd_ai,200,0.00506309312170626,0.36585365853658536,4201.110741092684,0.1,150,5,0.15,1.0083531812330357,0.7488212343428293,0.0
mtd_ai,200,0.00506309312170626,0.4090909090909091,5047.940863086413,0.15,150,5,0.15,1.0083531812330357,0.7488212343428293,0.0
mtd_ai,200,0.00506309312170626,0.45454545454545453,5571.452371686519,0.2,150,5,0.15,1.0083531812330357,0.7488212343428293,0.0
mtd_ai,200,0.00506309312170626,0.4807692307692308,6225.832532933182,0.25,150,5,0.15,1.0083531812330357,0.7488212343428293,0.0
mtd_ai,200,0.005078378635101792,0.3,1847.5908411233324,0.05,150,5,0.15404761904761904,0.04162260066780121,0.16582402291011725,0.0
mtd_ai,200,0.005078378635101792,0.3409090909090909,3296.614508054331,0.1,150,5,0.15404761904761904,0.04162260066780121,0.16582402291011725,0.0
mtd_ai,200,0.005078378635101792,0.375,4358.7090086339285,0.15,150,5,0.15404761904761904,0.04162260066780121,0.16582402291011725,0.0
mtd_ai,200,0.005078378635101792,0.4166666666666667,5031.042377294794,0.2,150,5,0.15404761904761904,0.04162260066780121,0.16582402291011725,0.0
mtd_ai,200,0.005078378635101792,0.47468354430379744,5239.5530625552965,0.25,150,5,0.15404761904761904,0.04162260066780121,0.16582402291011725,0.0
mtd_ai,200,0.005076393484177883,0.39473684210526316,1751.3138736692927,0.05,150,5,0.1275,2.8842332568652247,6.304536934696717,0.0
mtd_ai,200,0.005076393484177883,0.36585365853658536,3657.460473738358,0.1,150,5,0.1275,2.8842332568652247,6.304536934696717,0.0
mtd_ai,200,0.005076393484177883,0.4326923076923077,4609.316989516739,0.15,150,5,0.1275,2.8842332568652247,6.304536934696717,0.0
mtd_ai,200,0.005076393484177883,0.4918032786885246,5126.373035837989,0.2,150,5,0.1275,2.8842332568652247,6.304536934696717,0.0
mtd_ai,200,0.005076393484177883,0.5434782608695652,5532.915070027972,0.25,150,5,0.1275,2.8842332568652247,6.304536934696717,0.0
mtd_ai,200,0.0050440914495048636,0.3,2766.985555549976,0.05,150,5,0.11311111111111112,0.40669319006391497,1.7240059394653329,0.0
mtd_ai,200,0.0050440914495048636,0.3409090909090909,4499.390942160534,0.1,150,5,0.11311111111111112,0.40669319006391497,1.7240059394653329,0.0
mtd_ai,200,0.0050440914495048636,0.4090909090909091,4981.831398878156,0.15,150,5,0.11311111111111112,0.40669319006391497,1.7240059394653329,0.0
mtd_ai,200,0.0050440914495048636,0.46153846153846156,5505.434601942554,0.2,150,5,0.11311111111111112,0.40669319006391497,1.7240059394653329,0.0
mtd_ai,200,0.0050440914495048636,0.5136986301369864,5874.650363016492,0.25,150,5,0.11311111111111112,0.40669319006391497,1.7240059394653329,0.0
mtd_ai,200,0.005066786826162167,0.4166666666666667,1205.305370624976,0.05,150,5,0.13111111111111112,0.41673793702235923,1.383028792433325,0.0
mtd_ai,200,0.005066786826162167,0.4166666666666667,2524.1164747463035,0.1,150,5,0.13111111111111112,0.41673793702235923,1.383028792433325,0.0
mtd_ai,200,0.005066786826162167,0.4326923076923077,4422.828124851641,0.15,150,5,0.13111111111111112,0.41673793702235923,1.383028792433325,0.0
mtd_ai,200,0.005066786826162167,0.46875,5264.054653597158,0.2,150,5,0.13111111111111112,0.41673793702235923,1.383028792433325,0.0
mtd_ai,200,0.005066786826162167,0.5,5853.315933239283,0.25,150,5,0.13111111111111112,0.41673793702235923,1.383028792433325,0.0
