Name,mtd_interval,MEF,ASR,time_to_compromise,host_compromise_ratio,network_size,exposed_endpoints,attack_path_exposure,ROA,risk,shortest_path_variability
mtd_ai,200,0.005040685736566404,0.32608695652173914,2045.3303697637666,0.05,150,5,0.19444444444444442,0.41543070973694074,1.0381674439821518,0.0
mtd_ai,200,0.005040685736566404,0.39473684210526316,2833.829712781251,0.1,150,5,0.19444444444444442,0.41543070973694074,1.0381674439821518,0.0
mtd_ai,200,0.005040685736566404,0.4326923076923077,3939.1779474033906,0.15,150,5,0.19444444444444442,0.41543070973694074,1.0381674439821518,0.0
mtd_ai,200,0.005040685736566404,0.4411764705882353,4775.30163063219,0.2,150,5,0.19444444444444442,0.41543070973694074,1.0381674439821518,0.0
mtd_ai,200,0.005040685736566404,0.45180722891566266,5882.525824384009,0.25,150,5,0.19444444444444442,0.41543070973694074,1.0381674439821518,0.0
mtd_ai,200,0.005046298676739239,0.4411764705882353,1547.6767016595109,0.05,150,5,0.16666666666666666,0.30042307016331044,0.8481537772912637,0.0
mtd_ai,200,0.005046298676739239,0.42857142857142855,3056.1396500810342,0.1,150,5,0.16666666666666666,0.30042307016331044,0.8481537772912637,0.0
mtd_ai,200,0.005046298676739239,0.45918367346938777,4293.516932830432,0.15,150,5,0.16666666666666666,0.30042307016331044,0.8481537772912637,0.0
mtd_ai,200,0.005046298676739239,0.4838709677419355,5145.485622003456,0.2,150,5,0.16666666666666666,0.30042307016331044,0.8481537772912637,0.0
mtd_ai,200,0.005046298676739239,0.528169014084507,5540.600682927803,0.25,150,5,0.16666666666666666,0.30042307016331044,0.8481537772912637,0.0
mtd_ai,200,0.005046531460060026,0.25,2502.9155598340985,0.05,150,5,0.14333333333333334,5.004009892079912,7.704248098450953,0.0
mtd_ai,200,0.005046531460060026,0.36585365853658536,3114.3483645735696,0.1,150,5,0.14333333333333334,5.004009892079912,7.704248098450953,0.0
mtd_ai,200,0.005046531460060026,0.4090909090909091,4483.01851837114,0.15,150,5,0.14333333333333334,5.004009892079912,7.704248098450953,0.0
mtd_ai,200,0.005046531460060026,0.43478260869565216,5372.45634896569,0.2,150,5,0.14333333333333334,5.004009892079912,7.704248098450953,0.0
mtd_ai,200,0.005046531460060026,0.45180722891566266,6225.256829420825,0.25,150,5,0.14333333333333334,5.004009892079912,7.704248098450953,0.0
mtd_ai,200,0.0050506776930716295,0.3409090909090909,2077.922420142627,0.05,150,5,0.12571428571428572,0.22289112729287552,0.7611631734118628,0.0
mtd_ai,200,0.0050506776930716295,0.40540540540540543,3134.7566713021733,0.1,150,5,0.12571428571428572,0.22289112729287552,0.7611631734118628,0.0
mtd_ai,200,0.0050506776930716295,0.45,3955.948600804927,0.15,150,5,0.12571428571428572,0.22289112729287552,0.7611631734118628,0.0
mtd_ai,200,0.0050506776930716295,0.45454545454545453,4884.159891851315,0.2,150,5,0.12571428571428572,0.22289112729287552,0.7611631734118628,0.0
mtd_ai,200,0.0050506776930716295,0.47468354430379744,5678.366181075996,0.25,150,5,0.12571428571428572,0.22289112729287552,0.7611631734118628,0.0
mtd_ai,200,0.005088672743907174,0.35714285714285715,2010.7251250188328,0.05,150,5,0.12870370370370368,1.6207898571889896,4.160730423362251,0.0
mtd_ai,200,0.005088672743907174,0.39473684210526316,3363.4778484636827,0.1,150,5,0.12870370370370368,1.6207898571889896,4.160730423362251,0.0
mtd_ai,200,0.005088672743907174,0.45,3885.4667996468197,0.15,150,5,0.12870370370370368,1.6207898571889896,4.160730423362251,0.0
mtd_ai,200,0.005088672743907174,0.4918032786885246,4600.012647832182,0.2,150,5,0.12870370370370368,1.6207898571889896,4.160730423362251,0.0
mtd_ai,200,0.005088672743907174,0.5357142857142857,5030.759104924262,0.25,150,5,0.12870370370370368,1.6207898571889896,4.160730423362251,0.0
mtd_ai,200,0.0050852566591794305,0.3,2818.9851818382117,0.05,150,5,0.157,71.90550096344529,8.025643502992429,0.0
mtd_ai,200,0.0050852566591794305,0.4166666666666667,3823.325988628512,0.1,150,5,0.157,71.90550096344529,8.025643502992429,0.0
mtd_ai,200,0.0050852566591794305,0.5113636363636364,4379.145652639725,0.15,150,5,0.157,71.90550096344529,8.025643502992429,0.0
mtd_ai,200,0.0050852566591794305,0.5555555555555556,4886.862161061528,0.2,150,5,0.157,71.90550096344529,8.025643502992429,0.0
mtd_ai,200,0.0050852566591794305,0.5952380952380952,5306.311915660603,0.25,150,5,0.157,71.90550096344529,8.025643502992429,0.0
mtd_ai,200,0.005075208087812027,0.28846153846153844,2188.728392658552,0.05,150,5,0.16144444444444445,0.5757403744365641,0.3314894441686153,0.0
mtd_ai,200,0.005075208087812027,0.38461538461538464,3223.50801995506,0.1,150,5,0.16144444444444445,0.5757403744365641,0.3314894441686153,0.0
mtd_ai,200,0.005075208087812027,0.42452830188679247,3964.831715408495,0.15,150,5,0.16144444444444445,0.5757403744365641,0.3314894441686153,0.0
mtd_ai,200,0.005075208087812027,0.45454545454545453,4505.826569995932,0.2,150,5,0.16144444444444445,0.5757403744365641,0.3314894441686153,0.0
mtd_ai,200,0.005075208087812027,0.46296296296296297,5294.3653078978605,0.25,150,5,0.16144444444444445,0.5757403744365641,0.3314894441686153,0.0
mtd_ai,200,0.005059914351286149,0.28846153846153844,2658.325543117714,0.05,150,5,0.19333333333333333,1.832391929581781,4.126386257939228,0.0
mtd_ai,200,0.005059914351286149,0.40540540540540543,3277.1068034670507,0.1,150,5,0.19333333333333333,1.832391929581781,4.126386257939228,0.0
mtd_ai,200,0.005059914351286149,0.3082191780821918,5010.201415061322,0.15,150,5,0.19333333333333333,1.832391929581781,4.126386257939228,0.0
mtd_ai,200,0.005059914351286149,0.3488372093023256,5680.833917767901,0.2,150,5,0.19333333333333333,1.832391929581781,4.126386257939228,0.0
mtd_ai,200,0.005059914351286149,0.33783783783783783,6816.598431758148,0.25,150,5,0.19333333333333333,1.832391929581781,4.126386257939228,0.0
mtd_ai,200,0.00506924959157456,0.39473684210526316,1890.2374747139806,0.05,150,5,0.12888888888888891,0.2788812057623761,0.8336718494535021,0.0
mtd_ai,200,0.00506924959157456,0.4166666666666667,3442.489375655669,0.1,150,5,0.12888888888888891,0.2788812057623761,0.8336718494535021,0.0
mtd_ai,200,0.00506924959157456,0.46875,4322.616866054414,0.15,150,5,0.12888888888888891,0.2788812057623761,0.8336718494535021,0.0
mtd_ai,200,0.00506924959157456,0.4838709677419355,5409.917091318632,0.2,150,5,0.12888888888888891,0.2788812057623761,0.8336718494535021,0.0
mtd_ai,200,0.00506924959157456,0.528169014084507,5762.726893694295,0.25,150,5,0.12888888888888891,0.2788812057623761,0.8336718494535021,0.0
mtd_ai,200,0.005061209569853062,0.2777777777777778,3281.625991569348,0.05,150,5,0.12377777777777778,0.22079564891166736,0.6328787253195317,0.0
mtd_ai,200,0.005061209569853062,0.3409090909090909,4803.85587083825,0.1,150,5,0.12377777777777778,0.22079564891166736,0.6328787253195317,0.0
mtd_ai,200,0.005061209569853062,0.4166666666666667,5246.152396889549,0.15,150,5,0.12377777777777778,0.22079564891166736,0.6328787253195317,0.0
mtd_ai,200,0.005061209569853062,0.4411764705882353,6465.223967174856,0.2,150,5,0.12377777777777778,0.22079564891166736,0.6328787253195317,0.0
mtd_ai,200,0.005061209569853062,0.487012987012987,6745.312486509422,0.25,150,5,0.12377777777777778,0.22079564891166736,0.6328787253195317,0.0
mtd_ai,200,0.005035825218036009,0.32608695652173914,2322.6004452078196,0.05,150,5,0.11793650793650794,0.7945708456312678,3.166051075421915,0.0
mtd_ai,200,0.005035825218036009,0.36585365853658536,3921.8814152915584,0.1,150,5,0.11793650793650794,0.7945708456312678,3.166051075421915,0.0
mtd_ai,200,0.005035825218036009,0.36885245901639346,5198.229848322322,0.15,150,5,0.11793650793650794,0.7945708456312678,3.166051075421915,0.0
mtd_ai,200,0.005035825218036009,0.37037037037037035,6117.455777303409,0.2,150,5,0.11793650793650794,0.7945708456312678,3.166051075421915,0.0
mtd_ai,200,0.005035825218036009,0.4076086956521739,6681.39625300419,0.25,150,5,0.11793650793650794,0.7945708456312678,3.166051075421915,0.0
mtd_ai,200,0.005046647724330078,0.3409090909090909,2163.3806801251567,0.05,150,5,0.12666666666666665,1.612457288475966,3.0969445106686764,5.269230769230769
mtd_ai,200,0.005046647724330078,0.3488372093023256,4133.966492665981,0.1,150,5,0.12666666666666665,1.612457288475966,3.0969445106686764,5.269230769230769
mtd_ai,200,0.005046647724330078,0.4166666666666667,4842.590801317783,0.15,150,5,0.12666666666666665,1.612457288475966,3.0969445106686764,5.269230769230769
mtd_ai,200,0.005046647724330078,0.46875,5276.210812203208,0.2,150,5,0.12666666666666665,1.612457288475966,3.0969445106686764,5.269230769230769
mtd_ai,200,0.005046647724330078,0.5136986301369864,5709.87749203249,0.25,150,5,0.12666666666666665,1.612457288475966,3.0969445106686764,5.269230769230769
mtd_ai,200,0.005085789024029334,0.3,2785.5974662973113,0.05,150,5,0.11666666666666667,2.595333809589089,5.048441555492058,0.0
mtd_ai,200,0.005085789024029334,0.39473684210526316,3411.7632161999445,0.1,150,5,0.11666666666666667,2.595333809589089,5.048441555492058,0.0
mtd_ai,200,0.005085789024029334,0.5,3719.025062312844,0.15,150,5,0.11666666666666667,2.595333809589089,5.048441555492058,0.0
mtd_ai,200,0.005085789024029334,0.5172413793103449,4367.923105765818,0.2,150,5,0.11666666666666667,2.595333809589089,5.048441555492058,0.0
mtd_ai,200,0.005085789024029334,0.5597014925373134,4738.396561206399,0.25,150,5,0.11666666666666667,2.595333809589089,5.048441555492058,0.0
mtd_ai,200,0.00508527832409992,0.35714285714285715,2074.337577314275,0.05,150,5,0.12666666666666668,0.8030648899204899,2.5029790772906138,0.0
mtd_ai,200,0.00508527832409992,0.39473684210526316,3610.756089633571,0.1,150,5,0.12666666666666668,0.8030648899204899,2.5029790772906138,0.0
mtd_ai,200,0.00508527832409992,0.45,4063.704513100135,0.15,150,5,0.12666666666666668,0.8030648899204899,2.5029790772906138,0.0
mtd_ai,200,0.00508527832409992,0.5,4492.868450199857,0.2,150,5,0.12666666666666668,0.8030648899204899,2.5029790772906138,0.0
mtd_ai,200,0.00508527832409992,0.5357142857142857,4804.222635159604,0.25,150,5,0.12666666666666668,0.8030648899204899,2.5029790772906138,0.0
mtd_ai,200,0.00503728908195411,0.3,3120.1629573523123,0.05,150,5,0.16577777777777775,0.13560995685621702,0.4831567386061626,0.0
mtd_ai,200,0.00503728908195411,0.39473684210526316,4084.4999601706445,0.1,150,5,0.16577777777777775,0.13560995685621702,0.4831567386061626,0.0
mtd_ai,200,0.00503728908195411,0.45918367346938777,4589.796353717601,0.15,150,5,0.16577777777777775,0.13560995685621702,0.4831567386061626,0.0
mtd_ai,200,0.00503728908195411,0.4918032786885246,5073.70676024563,0.2,150,5,0.16577777777777775,0.13560995685621702,0.4831567386061626,0.0
mtd_ai,200,0.00503728908195411,0.487012987012987,6071.802999518781,0.25,150,5,0.16577777777777775,0.13560995685621702,0.4831567386061626,0.0
mtd_ai,200,0.00504287220604852,0.3,2565.9983645120465,0.05,150,5,0.21428571428571427,0.04576781123263317,0.1834208309491695,-4.857142857142857
mtd_ai,200,0.00504287220604852,0.40540540540540543,3287.5543108894435,0.1,150,5,0.21428571428571427,0.04576781123263317,0.1834208309491695,-4.857142857142857
mtd_ai,200,0.00504287220604852,0.4787234042553192,3715.6839991169804,0.15,150,5,0.21428571428571427,0.04576781123263317,0.1834208309491695,-4.857142857142857
mtd_ai,200,0.00504287220604852,0.4225352112676056,5416.548615740583,0.2,150,5,0.21428571428571427,0.04576781123263317,0.1834208309491695,-4.857142857142857
mtd_ai,200,0.00504287220604852,0.46875,5784.282810709552,0.25,150,5,0.21428571428571427,0.04576781123263317,0.1834208309491695,-4.857142857142857
mtd_ai,200,0.005062039205194816,0.375,2162.0146712599676,0.05,150,5,0.09366666666666668,0.9811889539972645,3.0981395706775796,0.0
mtd_ai,200,0.005062039205194816,0.4411764705882353,2862.796001108616,0.1,150,5,0.09366666666666668,0.9811889539972645,3.0981395706775796,0.0
mtd_ai,200,0.005062039205194816,0.5113636363636364,3391.580619925672,0.15,150,5,0.09366666666666668,0.9811889539972645,3.0981395706775796,0.0
mtd_ai,200,0.005062039205194816,0.46153846153846156,5653.870843931529,0.2,150,5,0.09366666666666668,0.9811889539972645,3.0981395706775796,0.0
mtd_ai,200,0.005062039205194816,0.4807692307692308,6183.2558262998755,0.25,150,5,0.09366666666666668,0.9811889539972645,3.0981395706775796,0.0
mtd_ai,200,0.005075442691763576,0.32608695652173914,2527.734393900865,0.05,150,5,0.12400000000000001,0.7025438081170576,2.480323910782815,0.0
mtd_ai,200,0.005075442691763576,0.3333333333333333,3838.2495009695454,0.1,150,5,0.12400000000000001,0.7025438081170576,2.480323910782815,0.0
mtd_ai,200,0.005075442691763576,0.3879310344827586,4651.735597131692,0.15,150,5,0.12400000000000001,0.7025438081170576,2.480323910782815,0.0
mtd_ai,200,0.005075442691763576,0.4225352112676056,5504.254355655668,0.2,150,5,0.12400000000000001,0.7025438081170576,2.480323910782815,0.0
mtd_ai,200,0.005075442691763576,0.4807692307692308,5804.590347114114,0.25,150,5,0.12400000000000001,0.7025438081170576,2.480323910782815,0.0
mtd_ai,200,0.005076298506115669,0.2777777777777778,2804.193114987766,0.05,150,5,0.11599999999999999,1.4483833885769548,4.269047269739324,0.0
mtd_ai,200,0.005076298506115669,0.375,3694.6762912996733,0.1,150,5,0.11599999999999999,1.4483833885769548,4.269047269739324,0.0
mtd_ai,200,0.005076298506115669,0.4326923076923077,4479.486722185247,0.15,150,5,0.11599999999999999,1.4483833885769548,4.269047269739324,0.0
mtd_ai,200,0.005076298506115669,0.4838709677419355,5052.492951647973,0.2,150,5,0.11599999999999999,1.4483833885769548,4.269047269739324,0.0
mtd_ai,200,0.005076298506115669,0.5208333333333334,5548.5044719514935,0.25,150,5,0.11599999999999999,1.4483833885769548,4.269047269739324,0.0
mtd_ai,200,0.005033252981857083,0.20833333333333334,4244.81230984797,0.05,150,5,0.12666666666666668,0.37590279268236026,1.6083285796230886,0.0
mtd_ai,200,0.005033252981857083,0.2631578947368421,5777.661538905957,0.1,150,5,0.12666666666666668,0.37590279268236026,1.6083285796230886,0.0
mtd_ai,200,0.005033252981857083,0.33088235294117646,6780.6560299276525,0.15,150,5,0.12666666666666668,0.37590279268236026,1.6083285796230886,0.0
mtd_ai,200,0.005033252981857083,0.379746835443038,7346.217791689612,0.2,150,5,0.12666666666666668,0.37590279268236026,1.6083285796230886,0.0
mtd_ai,200,0.005033252981857083,0.42613636363636365,7706.734209235397,0.25,150,5,0.12666666666666668,0.37590279268236026,1.6083285796230886,0.0
mtd_ai,200,0.005043947749870415,0.35714285714285715,2268.5652757591824,0.05,150,5,0.14,2.0310865318717526,4.5515080820405895,0.0
mtd_ai,200,0.005043947749870415,0.38461538461538464,3467.1695237420176,0.1,150,5,0.14,2.0310865318717526,4.5515080820405895,0.0
mtd_ai,200,0.005043947749870415,0.4090909090909091,4384.940915072606,0.15,150,5,0.14,2.0310865318717526,4.5515080820405895,0.0
mtd_ai,200,0.005043947749870415,0.410958904109589,5259.579029824565,0.2,150,5,0.14,2.0310865318717526,4.5515080820405895,0.0
mtd_ai,200,0.005043947749870415,0.436046511627907,6198.514405157282,0.25,150,5,0.14,2.0310865318717526,4.5515080820405895,0.0
mtd_ai,200,0.005045946852785559,0.5357142857142857,1467.2793183219333,0.05,150,5,0.15666666666666668,7.4955508165754345,3.3720310031903535,0.0
mtd_ai,200,0.005045946852785559,0.40540540540540543,3395.102986963779,0.1,150,5,0.15666666666666668,7.4955508165754345,3.3720310031903535,0.0
mtd_ai,200,0.005045946852785559,0.45,4038.897850939064,0.15,150,5,0.15666666666666668,7.4955508165754345,3.3720310031903535,0.0
mtd_ai,200,0.005045946852785559,0.4838709677419355,4630.319760468137,0.2,150,5,0.15666666666666668,7.4955508165754345,3.3720310031903535,0.0
mtd_ai,200,0.005045946852785559,0.5136986301369864,5255.414114583216,0.25,150,5,0.15666666666666668,7.4955508165754345,3.3720310031903535,0.0
mtd_ai,200,0.005063751895760203,0.3409090909090909,2502.7847849076134,0.05,150,5,0.15444444444444444,15.170210314743796,6.703356773459573,0.0
mtd_ai,200,0.005063751895760203,0.3191489361702128,4846.0536104170305,0.1,150,5,0.15444444444444444,15.170210314743796,6.703356773459573,0.0
mtd_ai,200,0.005063751895760203,0.3813559322033898,5620.254247645296,0.15,150,5,0.15444444444444444,15.170210314743796,6.703356773459573,0.0
mtd_ai,200,0.005063751895760203,0.43478260869565216,6247.2391309031445,0.2,150,5,0.15444444444444444,15.170210314743796,6.703356773459573,0.0
mtd_ai,200,0.005063751895760203,0.4807692307692308,6552.24381965915,0.25,150,5,0.15444444444444444,15.170210314743796,6.703356773459573,0.0
mtd_ai,200,0.005053652977789082,0.22727272727272727,3129.7780122786226,0.05,150,5,0.165,0.7292379405899625,3.1467620284068327,0.0
mtd_ai,200,0.005053652977789082,0.2631578947368421,4710.71704271607,0.1,150,5,0.165,0.7292379405899625,3.1467620284068327,0.0
mtd_ai,200,0.005053652977789082,0.3082191780821918,5825.633300238766,0.15,150,5,0.165,0.7292379405899625,3.1467620284068327,0.0
mtd_ai,200,0.005053652977789082,0.3488372093023256,6530.612501154611,0.2,150,5,0.165,0.7292379405899625,3.1467620284068327,0.0
mtd_ai,200,0.005053652977789082,0.3826530612244898,6876.150178341189,0.25,150,5,0.165,0.7292379405899625,3.1467620284068327,0.0
mtd_ai,200,0.0050863904774596,0.3125,2058.206002632891,0.05,150,5,0.11111111111111109,0.05181090804274709,0.19467082751517992,0.0
mtd_ai,200,0.0050863904774596,0.39473684210526316,2702.7561832976944,0.1,150,5,0.11111111111111109,0.05181090804274709,0.19467082751517992,0.0
mtd_ai,200,0.0050863904774596,0.45918367346938777,3318.152858114547,0.15,150,5,0.11111111111111109,0.05181090804274709,0.19467082751517992,0.0
mtd_ai,200,0.0050863904774596,0.46153846153846156,4057.090598265571,0.2,150,5,0.11111111111111109,0.05181090804274709,0.19467082751517992,0.0
mtd_ai,200,0.0050863904774596,0.47468354430379744,4981.3010733748215,0.25,150,5,0.11111111111111109,0.05181090804274709,0.19467082751517992,0.0
mtd_ai,200,0.005064085998018609,0.3409090909090909,2361.775413132629,0.05,150,5,0.09666666666666666,1.7575454925737248,3.6363151835771013,0.0
mtd_ai,200,0.005064085998018609,0.39473684210526316,3400.3856435841635,0.1,150,5,0.09666666666666666,1.7575454925737248,3.6363151835771013,0.0
mtd_ai,200,0.005064085998018609,0.3879310344827586,4780.016444244893,0.15,150,5,0.09666666666666666,1.7575454925737248,3.6363151835771013,0.0
mtd_ai,200,0.005064085998018609,0.4225352112676056,5624.281370887434,0.2,150,5,0.09666666666666666,1.7575454925737248,3.6363151835771013,0.0
mtd_ai,200,0.005064085998018609,0.4411764705882353,6578.478064557997,0.25,150,5,0.09666666666666666,1.7575454925737248,3.6363151835771013,0.0
mtd_ai,200,0.0050619474417686015,0.375,2055.0028754419154,0.05,150,5,0.15173015873015874,0.20570540615241686,0.35326082105408163,0.0
mtd_ai,200,0.0050619474417686015,0.3125,5548.558305918135,0.1,150,5,0.15173015873015874,0.20570540615241686,0.35326082105408163,0.0
mtd_ai,200,0.0050619474417686015,0.375,6018.425065694704,0.15,150,5,0.15173015873015874,0.20570540615241686,0.35326082105408163,0.0
mtd_ai,200,0.0050619474417686015,0.4225352112676056,6745.783283703489,0.2,150,5,0.15173015873015874,0.20570540615241686,0.35326082105408163,0.0
mtd_ai,200,0.0050619474417686015,0.46296296296296297,7067.979116129052,0.25,150,5,0.15173015873015874,0.20570540615241686,0.35326082105408163,0.0
mtd_ai,200,0.005084709471705823,0.4411764705882353,1208.0201864879496,0.05,150,5,0.1411111111111111,0.09420061222619965,0.2623717535004052,0.0
mtd_ai,200,0.005084709471705823,0.5172413793103449,1981.7743483736997,0.1,150,5,0.1411111111111111,0.09420061222619965,0.2623717535004052,0.0
mtd_ai,200,0.005084709471705823,0.4891304347826087,2971.6300425971367,0.15,150,5,0.1411111111111111,0.09420061222619965,0.2623717535004052,0.0
mtd_ai,200,0.005084709471705823,0.5172413793103449,3645.4736148535058,0.2,150,5,0.1411111111111111,0.09420061222619965,0.2623717535004052,0.0
mtd_ai,200,0.005084709471705823,0.5067567567567568,5217.698097900595,0.25,150,5,0.1411111111111111,0.09420061222619965,0.2623717535004052,0.0
mtd_ai,200,0.0050638704360958815,0.4411764705882353,1347.89938052125,0.05,150,5,0.14388888888888887,0.5192600144198158,1.7811665147326377,0.0
mtd_ai,200,0.0050638704360958815,0.40540540540540543,2997.3352283274608,0.1,150,5,0.14388888888888887,0.5192600144198158,1.7811665147326377,0.0
mtd_ai,200,0.0050638704360958815,0.4411764705882353,4198.417127410686,0.15,150,5,0.14388888888888887,0.5192600144198158,1.7811665147326377,0.0
mtd_ai,200,0.0050638704360958815,0.37037037037037035,6253.676286916772,0.2,150,5,0.14388888888888887,0.5192600144198158,1.7811665147326377,0.0
mtd_ai,200,0.0050638704360958815,0.390625,6924.748410680235,0.25,150,5,0.14388888888888887,0.5192600144198158,1.7811665147326377,0.0
mtd_ai,200,0.005075186627895038,0.32608695652173914,2228.9695786024554,0.05,150,5,0.11111111111111109,0.6605751089506604,1.9648151738273358,0.0
mtd_ai,200,0.005075186627895038,0.3488372093023256,4464.89777754901,0.1,150,5,0.11111111111111109,0.6605751089506604,1.9648151738273358,0.0
mtd_ai,200,0.005075186627895038,0.4166666666666667,5132.020736208519,0.15,150,5,0.11111111111111109,0.6605751089506604,1.9648151738273358,0.0
mtd_ai,200,0.005075186627895038,0.47619047619047616,5551.162005956074,0.2,150,5,0.11111111111111109,0.6605751089506604,1.9648151738273358,0.0
mtd_ai,200,0.005075186627895038,0.5067567567567568,6080.673239080248,0.25,150,5,0.11111111111111109,0.6605751089506604,1.9648151738273358,0.0
mtd_ai,200,0.005054911719834641,0.375,1879.9395397657313,0.05,150,5,0.11666666666666667,0.8470450409180922,3.3225186409349066,0.0
mtd_ai,200,0.005054911719834641,0.2830188679245283,6167.322159567188,0.1,150,5,0.11666666666666667,0.8470450409180922,3.3225186409349066,0.0
mtd_ai,200,0.005054911719834641,0.3358208955223881,6995.739243948541,0.15,150,5,0.11666666666666667,0.8470450409180922,3.3225186409349066,0.0
mtd_ai,200,0.005054911719834641,0.38461538461538464,7520.537972013559,0.2,150,5,0.11666666666666667,0.8470450409180922,3.3225186409349066,0.0
mtd_ai,200,0.005054911719834641,0.4076086956521739,8190.325724207749,0.25,150,5,0.11666666666666667,0.8470450409180922,3.3225186409349066,0.0
mtd_ai,200,0.005075394935788215,0.3125,2689.766073492474,0.05,150,5,0.16066666666666668,2.7551023586333905,6.258369870120754,0.0
mtd_ai,200,0.005075394935788215,0.38461538461538464,4173.292818349915,0.1,150,5,0.16066666666666668,2.7551023586333905,6.258369870120754,0.0
mtd_ai,200,0.005075394935788215,0.45,4714.334044331427,0.15,150,5,0.16066666666666668,2.7551023586333905,6.258369870120754,0.0
mtd_ai,200,0.005075394935788215,0.45454545454545453,5631.681016168588,0.2,150,5,0.16066666666666668,2.7551023586333905,6.258369870120754,0.0
mtd_ai,200,0.005075394935788215,0.487012987012987,6138.862990243574,0.25,150,5,0.16066666666666668,2.7551023586333905,6.258369870120754,0.0
mtd_ai,200,0.005040470166380463,0.35714285714285715,1994.6402714147857,0.05,150,5,0.13333333333333333,0.06747998216766479,0.04470675114170361,0.0
mtd_ai,200,0.005040470166380463,0.4166666666666667,3288.7869031007576,0.1,150,5,0.13333333333333333,0.06747998216766479,0.04470675114170361,0.0
mtd_ai,200,0.005040470166380463,0.39473684210526316,4532.969473924593,0.15,150,5,0.13333333333333333,0.06747998216766479,0.04470675114170361,0.0
mtd_ai,200,0.005040470166380463,0.4,5633.169332542263,0.2,150,5,0.13333333333333333,0.06747998216766479,0.04470675114170361,0.0
mtd_ai,200,0.005040470166380463,0.4411764705882353,6034.263274767406,0.25,150,5,0.13333333333333333,0.06747998216766479,0.04470675114170361,0.0
mtd_ai,200,0.005074408784188513,0.3,2130.7437926638167,0.05,150,5,0.18015873015873016,0.8809326701877757,2.9577728426409675,0.0
mtd_ai,200,0.005074408784188513,0.375,3123.4992126637017,0.1,150,5,0.18015873015873016,0.8809326701877757,2.9577728426409675,0.0
mtd_ai,200,0.005074408784188513,0.4017857142857143,4347.281163887705,0.15,150,5,0.18015873015873016,0.8809326701877757,2.9577728426409675,0.0
mtd_ai,200,0.005074408784188513,0.4225352112676056,5078.661535824133,0.2,150,5,0.18015873015873016,0.8809326701877757,2.9577728426409675,0.0
mtd_ai,200,0.005074408784188513,0.46296296296296297,5547.887045453432,0.25,150,5,0.18015873015873016,0.8809326701877757,2.9577728426409675,0.0
mtd_ai,200,0.005040184087245375,0.25,3133.356240309394,0.05,150,5,0.14044444444444446,5.082684253694381,2.9119291156865987,0.0
mtd_ai,200,0.005040184087245375,0.35714285714285715,3772.6384087980978,0.1,150,5,0.14044444444444446,5.082684253694381,2.9119291156865987,0.0
mtd_ai,200,0.005040184087245375,0.4166666666666667,4691.663357025961,0.15,150,5,0.14044444444444446,5.082684253694381,2.9119291156865987,0.0
mtd_ai,200,0.005040184087245375,0.4411764705882353,5233.156596075238,0.2,150,5,0.14044444444444446,5.082684253694381,2.9119291156865987,0.0
mtd_ai,200,0.005040184087245375,0.4807692307692308,5580.816589894213,0.25,150,5,0.14044444444444446,5.082684253694381,2.9119291156865987,0.0
mtd_ai,200,0.005056082107158514,0.19736842105263158,4320.248315641411,0.05,150,5,0.1487619047619048,0.6229540878515464,2.652492203372383,0.0
mtd_ai,200,0.005056082107158514,0.2777777777777778,5269.5695829880315,0.1,150,5,0.1487619047619048,0.6229540878515464,2.652492203372383,0.0
mtd_ai,200,0.005056082107158514,0.3358208955223881,6201.147220756513,0.15,150,5,0.1487619047619048,0.6229540878515464,2.652492203372383,0.0
mtd_ai,200,0.005056082107158514,0.379746835443038,6923.31091440886,0.2,150,5,0.1487619047619048,0.6229540878515464,2.652492203372383,0.0
mtd_ai,200,0.005056082107158514,0.43103448275862066,7274.151535736113,0.25,150,5,0.1487619047619048,0.6229540878515464,2.652492203372383,0.0
mtd_ai,200,0.005037938509416287,0.3125,2568.055160330474,0.05,150,5,0.14,0.9983149686901837,3.7482593839305505,0.0
mtd_ai,200,0.005037938509416287,0.35714285714285715,4055.313511526222,0.1,150,5,0.14,0.9983149686901837,3.7482593839305505,0.0
mtd_ai,200,0.005037938509416287,0.32608695652173914,5976.865669309726,0.15,150,5,0.14,0.9983149686901837,3.7482593839305505,0.0
mtd_ai,200,0.005037938509416287,0.36585365853658536,6644.673104946781,0.2,150,5,0.14,0.9983149686901837,3.7482593839305505,0.0
mtd_ai,200,0.005037938509416287,0.390625,7543.196402892606,0.25,150,5,0.14,0.9983149686901837,3.7482593839305505,0.0
mtd_ai,200,0.005031722956517522,0.25,3712.216588691776,0.05,150,5,0.1311111111111111,0.8058721444841027,1.6714715143671346,0.0
mtd_ai,200,0.005031722956517522,0.32608695652173914,4763.072071198456,0.1,150,5,0.1311111111111111,0.8058721444841027,1.6714715143671346,0.0
mtd_ai,200,0.005031722956517522,0.36885245901639346,5590.155402752089,0.15,150,5,0.1311111111111111,0.8058721444841027,1.6714715143671346,0.0
mtd_ai,200,0.005031722956517522,0.42857142857142855,5961.903276405572,0.2,150,5,0.1311111111111111,0.8058721444841027,1.6714715143671346,0.0
mtd_ai,200,0.005031722956517522,0.46875,6383.331791307434,0.25,150,5,0.1311111111111111,0.8058721444841027,1.6714715143671346,0.0
mtd_ai,200,0.005049357170092808,0.375,1942.1326365585714,0.05,150,5,0.11,0.39466301950076826,1.6058165900575443,0.0
mtd_ai,200,0.005049357170092808,0.45454545454545453,2929.8300033904334,0.1,150,5,0.11,0.39466301950076826,1.6058165900575443,0.0
mtd_ai,200,0.005049357170092808,0.5113636363636364,3593.018490215776,0.15,150,5,0.11,0.39466301950076826,1.6058165900575443,0.0
mtd_ai,200,0.005049357170092808,0.4918032786885246,4982.635501286644,0.2,150,5,0.11,0.39466301950076826,1.6058165900575443,0.0
mtd_ai,200,0.005049357170092808,0.528169014084507,5546.367028861633,0.25,150,5,0.11,0.39466301950076826,1.6058165900575443,0.0
mtd_ai,200,0.005067558975436663,0.39473684210526316,1689.1563334077014,0.05,150,5,0.11666666666666667,4.2884293279364485,5.936250561623194,0.0
mtd_ai,200,0.005067558975436663,0.42857142857142855,2799.757539298912,0.1,150,5,0.11666666666666667,4.2884293279364485,5.936250561623194,0.0
mtd_ai,200,0.005067558975436663,0.45918367346938777,3953.1573670176404,0.15,150,5,0.11666666666666667,4.2884293279364485,5.936250561623194,0.0
mtd_ai,200,0.005067558975436663,0.4838709677419355,5007.022805365685,0.2,150,5,0.11666666666666667,4.2884293279364485,5.936250561623194,0.0
mtd_ai,200,0.005067558975436663,0.5,5955.543559511458,0.25,150,5,0.11666666666666667,4.2884293279364485,5.936250561623194,0.0
mtd_ai,200,0.0050578662762643545,0.3409090909090909,2287.4045612342343,0.05,150,5,0.13833333333333334,0.18881479342021007,0.538372624104601,0.0
mtd_ai,200,0.0050578662762643545,0.375,3444.6869988186263,0.1,150,5,0.13833333333333334,0.18881479342021007,0.538372624104601,0.0
mtd_ai,200,0.0050578662762643545,0.4090909090909091,4373.955328883182,0.15,150,5,0.13833333333333334,0.18881479342021007,0.538372624104601,0.0
mtd_ai,200,0.0050578662762643545,0.45454545454545453,5211.559824198427,0.2,150,5,0.13833333333333334,0.18881479342021007,0.538372624104601,0.0
mtd_ai,200,0.0050578662762643545,0.41208791208791207,7374.91055436703,0.25,150,5,0.13833333333333334,0.18881479342021007,0.538372624104601,0.0
mtd_ai,200,0.0050591736115394425,0.25,2530.4736977952716,0.05,150,5,0.13,3.1504493280420065,6.473123355660039,0.0
mtd_ai,200,0.0050591736115394425,0.3125,3797.1219353372094,0.1,150,5,0.13,3.1504493280420065,6.473123355660039,0.0
mtd_ai,200,0.0050591736115394425,0.32608695652173914,5018.710893651591,0.15,150,5,0.13,3.1504493280420065,6.473123355660039,0.0
mtd_ai,200,0.0050591736115394425,0.35714285714285715,5972.715282383846,0.2,150,5,0.13,3.1504493280420065,6.473123355660039,0.0
mtd_ai,200,0.0050591736115394425,0.3826530612244898,6831.881810945888,0.25,150,5,0.13,3.1504493280420065,6.473123355660039,0.0
mtd_ai,200,0.0050354666393837445,0.19230769230769232,4483.143768970237,0.05,150,5,0.14555555555555558,1.047105557538267,3.3487389408079937,0.0
mtd_ai,200,0.0050354666393837445,0.2830188679245283,5416.388402459719,0.1,150,5,0.14555555555555558,1.047105557538267,3.3487389408079937,0.0
mtd_ai,200,0.0050354666393837445,0.35714285714285715,5808.708267872225,0.15,150,5,0.14555555555555558,1.047105557538267,3.3487389408079937,0.0
mtd_ai,200,0.0050354666393837445,0.38961038961038963,6517.961315939689,0.2,150,5,0.14555555555555558,1.047105557538267,3.3487389408079937,0.0
mtd_ai,200,0.0050354666393837445,0.436046511627907,6873.98981391851,0.25,150,5,0.14555555555555558,1.047105557538267,3.3487389408079937,0.0
mtd_ai,200,0.0050707481799052495,0.28846153846153844,2982.215412296764,0.05,150,5,0.12111111111111111,1.3644461568895057,4.652194766160799,0.0
mtd_ai,200,0.0050707481799052495,0.375,3776.2415547506157,0.1,150,5,0.12111111111111111,1.3644461568895057,4.652194766160799,0.0
mtd_ai,200,0.0050707481799052495,0.4090909090909091,4723.661957318164,0.15,150,5,0.12111111111111111,1.3644461568895057,4.652194766160799,0.0
mtd_ai,200,0.0050707481799052495,0.44776119402985076,5251.364933364965,0.2,150,5,0.12111111111111111,1.3644461568895057,4.652194766160799,0.0
mtd_ai,200,0.0050707481799052495,0.4807692307692308,6240.320368920025,0.25,150,5,0.12111111111111111,1.3644461568895057,4.652194766160799,0.0
mtd_ai,200,0.005076357966956076,0.2777777777777778,3275.958749164285,0.05,150,5,0.11111111111111109,1.3371257882517311,3.4747880254751693,0.0
mtd_ai,200,0.005076357966956076,0.38461538461538464,4034.35283923522,0.1,150,5,0.11111111111111109,1.3371257882517311,3.4747880254751693,0.0
mtd_ai,200,0.005076357966956076,0.46875,4344.726916668622,0.15,150,5,0.11111111111111109,1.3371257882517311,3.4747880254751693,0.0
mtd_ai,200,0.005076357966956076,0.4838709677419355,5160.941294719523,0.2,150,5,0.11111111111111109,1.3371257882517311,3.4747880254751693,0.0
mtd_ai,200,0.005076357966956076,0.5136986301369864,5842.661982622689,0.25,150,5,0.11111111111111109,1.3371257882517311,3.4747880254751693,0.0
mtd_ai,200,0.005085579112146751,0.28846153846153844,2424.6461715685687,0.05,150,5,0.09777777777777777,0.5433031094457262,1.6009721936674957,0.0
mtd_ai,200,0.005085579112146751,0.39473684210526316,3242.3194589865743,0.1,150,5,0.09777777777777777,0.5433031094457262,1.6009721936674957,0.0
mtd_ai,200,0.005085579112146751,0.4326923076923077,4037.571647596965,0.15,150,5,0.09777777777777777,0.5433031094457262,1.6009721936674957,0.0
mtd_ai,200,0.005085579112146751,0.4411764705882353,4814.7940399767995,0.2,150,5,0.09777777777777777,0.5433031094457262,1.6009721936674957,0.0
mtd_ai,200,0.005085579112146751,0.4934210526315789,5149.9001513977755,0.25,150,5,0.09777777777777777,0.5433031094457262,1.6009721936674957,0.0
mtd_ai,200,0.005089978716005827,0.375,1655.7639236809073,0.05,150,5,0.08,0.11978411719937637,0.42733517381675473,0.0
mtd_ai,200,0.005089978716005827,0.42857142857142855,2846.814674945288,0.1,150,5,0.08,0.11978411719937637,0.42733517381675473,0.0
mtd_ai,200,0.005089978716005827,0.4891304347826087,3510.829687304486,0.15,150,5,0.08,0.11978411719937637,0.42733517381675473,0.0
mtd_ai,200,0.005089978716005827,0.5454545454545454,3853.3902585709357,0.2,150,5,0.08,0.11978411719937637,0.42733517381675473,0.0
mtd_ai,200,0.005089978716005827,0.5597014925373134,4749.681785279521,0.25,150,5,0.08,0.11978411719937637,0.42733517381675473,0.0
mtd_ai,200,0.005071557942520182,0.32608695652173914,1929.452575244078,0.05,150,5,0.1288888888888889,0.4503211859087196,1.904285852378357,0.0
mtd_ai,200,0.005071557942520182,0.4166666666666667,2680.5348470826602,0.1,150,5,0.1288888888888889,0.4503211859087196,1.904285852378357,0.0
mtd_ai,200,0.005071557942520182,0.4326923076923077,3680.1544841175332,0.15,150,5,0.1288888888888889,0.4503211859087196,1.904285852378357,0.0
mtd_ai,200,0.005071557942520182,0.410958904109589,5345.665687315337,0.2,150,5,0.1288888888888889,0.4503211859087196,1.904285852378357,0.0
mtd_ai,200,0.005071557942520182,0.45180722891566266,5838.812573866353,0.25,150,5,0.1288888888888889,0.4503211859087196,1.904285852378357,0.0
mtd_ai,200,0.005045408241550278,0.32608695652173914,1796.2453997718576,0.05,150,5,0.12,0.7652309223479056,1.9963358318223465,0.0
mtd_ai,200,0.005045408241550278,0.35714285714285715,3253.6678692074574,0.1,150,5,0.12,0.7652309223479056,1.9963358318223465,0.0
mtd_ai,200,0.005045408241550278,0.35714285714285715,4383.976403986817,0.15,150,5,0.12,0.7652309223479056,1.9963358318223465,0.0
mtd_ai,200,0.005045408241550278,0.375,5213.478679768475,0.2,150,5,0.12,0.7652309223479056,1.9963358318223465,0.0
mtd_ai,200,0.005045408241550278,0.4166666666666667,5793.769840762978,0.25,150,5,0.12,0.7652309223479056,1.9963358318223465,0.0
mtd_ai,200,0.0050747937190360245,0.3409090909090909,2173.407701162269,0.05,150,5,0.2,0.0860379725395554,0.19860783897621126,0.0
mtd_ai,200,0.0050747937190360245,0.40540540540540543,3335.5049326853987,0.1,150,5,0.2,0.0860379725395554,0.19860783897621126,0.0
mtd_ai,200,0.0050747937190360245,0.4787234042553192,3690.9946667602553,0.15,150,5,0.2,0.0860379725395554,0.19860783897621126,0.0
mtd_ai,200,0.0050747937190360245,0.4838709677419355,4797.397912290877,0.2,150,5,0.2,0.0860379725395554,0.19860783897621126,0.0
mtd_ai,200,0.0050747937190360245,0.5208333333333334,5222.930470425854,0.25,150,5,0.2,0.0860379725395554,0.19860783897621126,0.0
mtd_ai,200,0.005047803745175143,0.35714285714285715,2242.065578722674,0.05,150,5,0.14777777777777779,0.44624599584660046,1.723807323024372,0.0
mtd_ai,200,0.005047803745175143,0.375,3857.4035931190347,0.1,150,5,0.14777777777777779,0.44624599584660046,1.723807323024372,0.0
mtd_ai,200,0.005047803745175143,0.4411764705882353,4399.314211916271,0.15,150,5,0.14777777777777779,0.44624599584660046,1.723807323024372,0.0
mtd_ai,200,0.005047803745175143,0.47619047619047616,5282.59315095215,0.2,150,5,0.14777777777777779,0.44624599584660046,1.723807323024372,0.0
mtd_ai,200,0.005047803745175143,0.4934210526315789,5883.510875961315,0.25,150,5,0.14777777777777779,0.44624599584660046,1.723807323024372,0.0
mtd_ai,200,0.005048021708963834,0.39473684210526316,2292.254464987168,0.05,150,5,0.1161904761904762,0.7275679228547016,2.741435920220719,0.0
mtd_ai,200,0.005048021708963834,0.4411764705882353,3391.9901600439453,0.1,150,5,0.1161904761904762,0.7275679228547016,2.741435920220719,0.0
mtd_ai,200,0.005048021708963834,0.45,4559.998297838492,0.15,150,5,0.1161904761904762,0.7275679228547016,2.741435920220719,0.0
mtd_ai,200,0.005048021708963834,0.4838709677419355,5450.2714106261,0.2,150,5,0.1161904761904762,0.7275679228547016,2.741435920220719,0.0
mtd_ai,200,0.005048021708963834,0.487012987012987,6206.451638886047,0.25,150,5,0.1161904761904762,0.7275679228547016,2.741435920220719,0.0
mtd_ai,200,0.0050809659950001055,0.3125,2296.376187210813,0.05,150,5,0.12666666666666668,0.16954120762256794,0.6501436093323967,0.0
mtd_ai,200,0.0050809659950001055,0.4166666666666667,2979.8069646099616,0.1,150,5,0.12666666666666668,0.16954120762256794,0.6501436093323967,0.0
mtd_ai,200,0.0050809659950001055,0.45,4191.245631589303,0.15,150,5,0.12666666666666668,0.16954120762256794,0.6501436093323967,0.0
mtd_ai,200,0.0050809659950001055,0.46153846153846156,5281.044374799476,0.2,150,5,0.12666666666666668,0.16954120762256794,0.6501436093323967,0.0
mtd_ai,200,0.0050809659950001055,0.5136986301369864,5578.372817129224,0.25,150,5,0.12666666666666668,0.16954120762256794,0.6501436093323967,0.0
mtd_ai,200,0.005039993181200418,0.25862068965517243,2670.893634658036,0.05,150,5,0.15177777777777776,0.13054762460333225,0.3591103265799763,0.0
mtd_ai,200,0.005039993181200418,0.3333333333333333,4097.220311088913,0.1,150,5,0.15177777777777776,0.13054762460333225,0.3591103265799763,0.0
mtd_ai,200,0.005039993181200418,0.4090909090909091,4672.718881232489,0.15,150,5,0.15177777777777776,0.13054762460333225,0.3591103265799763,0.0
mtd_ai,200,0.005039993181200418,0.39473684210526316,5612.5536425459195,0.2,150,5,0.15177777777777776,0.13054762460333225,0.3591103265799763,0.0
mtd_ai,200,0.005039993181200418,0.436046511627907,6190.855079166877,0.25,150,5,0.15177777777777776,0.13054762460333225,0.3591103265799763,0.0
mtd_ai,200,0.005066678102073598,0.35714285714285715,2026.8156172488632,0.05,150,5,0.13777777777777775,0.7850337977815325,2.954241305761888,0.0
mtd_ai,200,0.005066678102073598,0.32608695652173914,3961.468849470398,0.1,150,5,0.13777777777777775,0.7850337977815325,2.954241305761888,0.0
mtd_ai,200,0.005066678102073598,0.36885245901639346,5132.086225037081,0.15,150,5,0.13777777777777775,0.7850337977815325,2.954241305761888,0.0
mtd_ai,200,0.005066678102073598,0.4166666666666667,5855.4589707273735,0.2,150,5,0.13777777777777775,0.7850337977815325,2.954241305761888,0.0
mtd_ai,200,0.005066678102073598,0.46296296296296297,6289.452134673607,0.25,150,5,0.13777777777777775,0.7850337977815325,2.954241305761888,0.0
mtd_ai,200,0.005079423477081341,0.3125,1829.6441674937334,0.05,150,5,0.15866666666666668,1.0623089151721417,1.4965700823041093,0.0
mtd_ai,200,0.005079423477081341,0.40540540540540543,2558.588993670037,0.1,150,5,0.15866666666666668,1.0623089151721417,1.4965700823041093,0.0
mtd_ai,200,0.005079423477081341,0.46875,3092.0825765646496,0.15,150,5,0.15866666666666668,1.0623089151721417,1.4965700823041093,0.0
mtd_ai,200,0.005079423477081341,0.46875,4260.70150317088,0.2,150,5,0.15866666666666668,1.0623089151721417,1.4965700823041093,0.0
mtd_ai,200,0.005079423477081341,0.4807692307692308,5147.013853404658,0.25,150,5,0.15866666666666668,1.0623089151721417,1.4965700823041093,0.0
mtd_ai,200,0.0050780092884166825,0.28846153846153844,2175.270144499569,0.05,150,5,0.11333333333333333,0.8310994399658855,3.085553537740804,0.0
mtd_ai,200,0.0050780092884166825,0.38461538461538464,3147.625631696609,0.1,150,5,0.11333333333333333,0.8310994399658855,3.085553537740804,0.0
mtd_ai,200,0.0050780092884166825,0.45918367346938777,3666.922336929118,0.15,150,5,0.11333333333333333,0.8310994399658855,3.085553537740804,0.0
mtd_ai,200,0.0050780092884166825,0.5172413793103449,4091.8257612877214,0.2,150,5,0.11333333333333333,0.8310994399658855,3.085553537740804,0.0
mtd_ai,200,0.0050780092884166825,0.5208333333333334,5081.08847543179,0.25,150,5,0.11333333333333333,0.8310994399658855,3.085553537740804,0.0
mtd_ai,200,0.005055764387768805,0.5,1201.3770469429842,0.05,150,5,0.11793650793650794,0.31713058570848957,1.3315542838090626,0.0
mtd_ai,200,0.005055764387768805,0.4411764705882353,2510.3005651158865,0.1,150,5,0.11793650793650794,0.31713058570848957,1.3315542838090626,0.0
mtd_ai,200,0.005055764387768805,0.5113636363636364,3172.572852956508,0.15,150,5,0.11793650793650794,0.31713058570848957,1.3315542838090626,0.0
mtd_ai,200,0.005055764387768805,0.47619047619047616,4338.607128091927,0.2,150,5,0.11793650793650794,0.31713058570848957,1.3315542838090626,0.0
mtd_ai,200,0.005055764387768805,0.5208333333333334,4967.135944479208,0.25,150,5,0.11793650793650794,0.31713058570848957,1.3315542838090626,0.0
mtd_ai,200,0.005034362307680649,0.22727272727272727,3697.3000886823647,0.05,150,5,0.15504761904761905,0.6188709518175693,1.7080423883999272,0.0
mtd_ai,200,0.005034362307680649,0.2542372881355932,5852.68092263927,0.1,150,5,0.15504761904761905,0.6188709518175693,1.7080423883999272,0.0
mtd_ai,200,0.005034362307680649,0.27439024390243905,6765.359411429205,0.15,150,5,0.15504761904761905,0.6188709518175693,1.7080423883999272,0.0
mtd_ai,200,0.005034362307680649,0.3225806451612903,7242.20836340404,0.2,150,5,0.15504761904761905,0.6188709518175693,1.7080423883999272,0.0
mtd_ai,200,0.005034362307680649,0.3605769230769231,7705.468921080927,0.25,150,5,0.15504761904761905,0.6188709518175693,1.7080423883999272,0.0
mtd_ai,200,0.0050652116560574644,0.39473684210526316,1851.7616484745827,0.05,150,5,0.16444444444444442,0.2204848582626789,0.49836081888691386,0.0
mtd_ai,200,0.0050652116560574644,0.38461538461538464,3830.9864449506736,0.1,150,5,0.16444444444444442,0.2204848582626789,0.49836081888691386,0.0
mtd_ai,200,0.0050652116560574644,0.45,4310.384383866602,0.15,150,5,0.16444444444444442,0.2204848582626789,0.49836081888691386,0.0
mtd_ai,200,0.0050652116560574644,0.4225352112676056,5315.121676059078,0.2,150,5,0.16444444444444442,0.2204848582626789,0.49836081888691386,0.0
mtd_ai,200,0.0050652116560574644,0.45180722891566266,5888.2936820927025,0.25,150,5,0.16444444444444442,0.2204848582626789,0.49836081888691386,0.0
mtd_ai,200,0.00507089937441436,0.5,1314.2531490139188,0.05,150,5,0.13,1.0509472008927,3.7366534747514186,0.0
mtd_ai,200,0.00507089937441436,0.40540540540540543,2924.7955655283963,0.1,150,5,0.13,1.0509472008927,3.7366534747514186,0.0
mtd_ai,200,0.00507089937441436,0.46875,3663.201285215743,0.15,150,5,0.13,1.0509472008927,3.7366534747514186,0.0
mtd_ai,200,0.00507089937441436,0.47619047619047616,4959.807664835452,0.2,150,5,0.13,1.0509472008927,3.7366534747514186,0.0
mtd_ai,200,0.00507089937441436,0.5208333333333334,5657.527735486278,0.25,150,5,0.13,1.0509472008927,3.7366534747514186,0.0
mtd_ai,200,0.005066579655415414,0.24193548387096775,3236.97698531481,0.05,150,5,0.15789473684210525,4.143365930035847,6.440558978064377,0.0
mtd_ai,200,0.005066579655415414,0.3333333333333333,3950.0890149091515,0.1,150,5,0.15789473684210525,4.143365930035847,6.440558978064377,0.0
mtd_ai,200,0.005066579655415414,0.39473684210526316,4627.7035951168655,0.15,150,5,0.15789473684210525,4.143365930035847,6.440558978064377,0.0
mtd_ai,200,0.005066579655415414,0.43478260869565216,5544.542942009184,0.2,150,5,0.15789473684210525,4.143365930035847,6.440558978064377,0.0
mtd_ai,200,0.005066579655415414,0.4573170731707317,6303.964037431562,0.25,150,5,0.15789473684210525,4.143365930035847,6.440558978064377,0.0
mtd_ai,200,0.005072259476866377,0.35714285714285715,2073.1457214931697,0.05,150,5,0.11222222222222221,0.40895003376061373,1.7754337758067524,0.0
mtd_ai,200,0.005072259476866377,0.39473684210526316,3012.1260162376975,0.1,150,5,0.11222222222222221,0.40895003376061373,1.7754337758067524,0.0
mtd_ai,200,0.005072259476866377,0.42452830188679247,3735.7534354581335,0.15,150,5,0.11222222222222221,0.40895003376061373,1.7754337758067524,0.0
mtd_ai,200,0.005072259476866377,0.40540540540540543,5517.817616030756,0.2,150,5,0.11222222222222221,0.40895003376061373,1.7754337758067524,0.0
mtd_ai,200,0.005072259476866377,0.4411764705882353,5919.954696711388,0.25,150,5,0.11222222222222221,0.40895003376061373,1.7754337758067524,0.0
mtd_ai,200,0.005048266278717387,0.4411764705882353,1876.7978903622852,0.05,150,5,0.08666666666666667,0.93122374733777,3.919048629265247,0.0
mtd_ai,200,0.005048266278717387,0.45454545454545453,3015.0336864676624,0.1,150,5,0.08666666666666667,0.93122374733777,3.919048629265247,0.0
mtd_ai,200,0.005048266278717387,0.4787234042553192,4246.225686948892,0.15,150,5,0.08666666666666667,0.93122374733777,3.919048629265247,0.0
mtd_ai,200,0.005048266278717387,0.5172413793103449,4672.779460657788,0.2,150,5,0.08666666666666667,0.93122374733777,3.919048629265247,0.0
mtd_ai,200,0.005048266278717387,0.5514705882352942,5138.201713377339,0.25,150,5,0.08666666666666667,0.93122374733777,3.919048629265247,0.0
mtd_ai,200,0.005079657795754691,0.4411764705882353,1299.3318486432481,0.05,150,5,0.09333333333333334,0.815764025481805,3.640802791676597,0.0
mtd_ai,200,0.005079657795754691,0.36585365853658536,4019.555521520218,0.1,150,5,0.09333333333333334,0.815764025481805,3.640802791676597,0.0
mtd_ai,200,0.005079657795754691,0.42452830188679247,4715.174722070741,0.15,150,5,0.09333333333333334,0.815764025481805,3.640802791676597,0.0
mtd_ai,200,0.005079657795754691,0.46153846153846156,5421.422368636642,0.2,150,5,0.09333333333333334,0.815764025481805,3.640802791676597,0.0
mtd_ai,200,0.005079657795754691,0.5136986301369864,5793.606209324667,0.25,150,5,0.09333333333333334,0.815764025481805,3.640802791676597,0.0
mtd_ai,200,0.005067921896452987,0.3125,2102.581372880164,0.05,150,5,0.08222222222222222,0.10313684032996827,0.19204432667609675,0.0
mtd_ai,200,0.005067921896452987,0.3488372093023256,3961.002869366755,0.1,150,5,0.08222222222222222,0.10313684032996827,0.19204432667609675,0.0
mtd_ai,200,0.005067921896452987,0.4090909090909091,4682.157023393804,0.15,150,5,0.08222222222222222,0.10313684032996827,0.19204432667609675,0.0
mtd_ai,200,0.005067921896452987,0.42857142857142855,5877.231656767709,0.2,150,5,0.08222222222222222,0.10313684032996827,0.19204432667609675,0.0
mtd_ai,200,0.005067921896452987,0.47468354430379744,6392.045976259116,0.25,150,5,0.08222222222222222,0.10313684032996827,0.19204432667609675,0.0
mtd_ai,200,0.005041450695508313,0.32608695652173914,2434.4586685146087,0.05,150,5,0.14253968253968255,2.4513067260408454,6.049425893212995,3.1470588235294117
mtd_ai,200,0.005041450695508313,0.36585365853658536,3685.453941138018,0.1,150,5,0.14253968253968255,2.4513067260408454,6.049425893212995,3.1470588235294117
mtd_ai,200,0.005041450695508313,0.4017857142857143,4564.79008899668,0.15,150,5,0.14253968253968255,2.4513067260408454,6.049425893212995,3.1470588235294117
mtd_ai,200,0.005041450695508313,0.4411764705882353,5232.814097207627,0.2,150,5,0.14253968253968255,2.4513067260408454,6.049425893212995,3.1470588235294117
mtd_ai,200,0.005041450695508313,0.46875,6057.359643248043,0.25,150,5,0.14253968253968255,2.4513067260408454,6.049425893212995,3.1470588235294117
mtd_ai,200,0.005070704090785022,0.46875,1478.2726513592206,0.05,150,5,0.13444444444444445,0.8093086918306384,2.8876148914873783,0.0
mtd_ai,200,0.005070704090785022,0.46875,2825.1134229263944,0.1,150,5,0.13444444444444445,0.8093086918306384,2.8876148914873783,0.0
mtd_ai,200,0.005070704090785022,0.5357142857142857,3566.1350782688337,0.15,150,5,0.13444444444444445,0.8093086918306384,2.8876148914873783,0.0
mtd_ai,200,0.005070704090785022,0.5172413793103449,4828.619555195268,0.2,150,5,0.13444444444444445,0.8093086918306384,2.8876148914873783,0.0
mtd_ai,200,0.005070704090785022,0.46875,5980.566122723874,0.25,150,5,0.13444444444444445,0.8093086918306384,2.8876148914873783,0.0
mtd_ai,200,0.005086044881778227,0.3125,2647.9220285185547,0.05,150,5,0.12,1.9424137752334383,5.89151300736163,0.0
mtd_ai,200,0.005086044881778227,0.38461538461538464,3500.448716340492,0.1,150,5,0.12,1.9424137752334383,5.89151300736163,0.0
mtd_ai,200,0.005086044881778227,0.45918367346938777,3974.2675241653296,0.15,150,5,0.12,1.9424137752334383,5.89151300736163,0.0
mtd_ai,200,0.005086044881778227,0.47619047619047616,4672.1123685344,0.2,150,5,0.12,1.9424137752334383,5.89151300736163,0.0
mtd_ai,200,0.005086044881778227,0.5136986301369864,5302.5800614986265,0.25,150,5,0.12,1.9424137752334383,5.89151300736163,0.0
mtd_ai,200,0.00503052167162533,0.3125,2354.9656367979014,0.05,150,5,0.14866666666666667,2.4727433817552384,5.1769920896267925,0.0
mtd_ai,200,0.00503052167162533,0.3125,4482.540193185581,0.1,150,5,0.14866666666666667,2.4727433817552384,5.1769920896267925,0.0
mtd_ai,200,0.00503052167162533,0.3515625,5184.849886911708,0.15,150,5,0.14866666666666667,2.4727433817552384,5.1769920896267925,0.0
mtd_ai,200,0.00503052167162533,0.375,6259.804717621847,0.2,150,5,0.14866666666666667,2.4727433817552384,5.1769920896267925,0.0
mtd_ai,200,0.00503052167162533,0.35377358490566035,7545.986766693604,0.25,150,5,0.14866666666666667,2.4727433817552384,5.1769920896267925,0.0
mtd_ai,200,0.00506268013956204,0.32608695652173914,2351.529731694899,0.05,150,5,0.08,0.3798212478021353,1.1944287787885364,0.0
mtd_ai,200,0.00506268013956204,0.3488372093023256,4273.397538396332,0.1,150,5,0.08,0.3798212478021353,1.1944287787885364,0.0
mtd_ai,200,0.00506268013956204,0.39473684210526316,5576.174117372513,0.15,150,5,0.08,0.3798212478021353,1.1944287787885364,0.0
mtd_ai,200,0.00506268013956204,0.44776119402985076,6191.130151801466,0.2,150,5,0.08,0.3798212478021353,1.1944287787885364,0.0
mtd_ai,200,0.00506268013956204,0.4934210526315789,6456.105825183881,0.25,150,5,0.08,0.3798212478021353,1.1944287787885364,0.0
mtd_ai,200,0.005057458085743383,0.39473684210526316,2096.777069621515,0.05,150,5,0.08666666666666667,0.5327290119981319,2.0305454165971364,0.0
mtd_ai,200,0.005057458085743383,0.4411764705882353,3166.9190475471487,0.1,150,5,0.08666666666666667,0.5327290119981319,2.0305454165971364,0.0
mtd_ai,200,0.005057458085743383,0.5113636363636364,3757.2161964204206,0.15,150,5,0.08666666666666667,0.5327290119981319,2.0305454165971364,0.0
mtd_ai,200,0.005057458085743383,0.5084745762711864,4819.422186269487,0.2,150,5,0.08666666666666667,0.5327290119981319,2.0305454165971364,0.0
mtd_ai,200,0.005057458085743383,0.5434782608695652,5423.637634496501,0.25,150,5,0.08666666666666667,0.5327290119981319,2.0305454165971364,0.0
mtd_ai,200,0.005072033862150514,0.3,2615.506150094111,0.05,150,5,0.09555555555555556,1.0254116326314844,3.3958910913050744,0.0
mtd_ai,200,0.005072033862150514,0.35714285714285715,3733.490751269379,0.1,150,5,0.09555555555555556,1.0254116326314844,3.3958910913050744,0.0
mtd_ai,200,0.005072033862150514,0.42452830188679247,4475.568945704243,0.15,150,5,0.09555555555555556,1.0254116326314844,3.3958910913050744,0.0
mtd_ai,200,0.005072033862150514,0.4166666666666667,5739.621510337486,0.2,150,5,0.09555555555555556,1.0254116326314844,3.3958910913050744,0.0
mtd_ai,200,0.005072033862150514,0.436046511627907,6225.06807429443,0.25,150,5,0.09555555555555556,1.0254116326314844,3.3958910913050744,0.0
mtd_ai,200,0.0050594886449919635,0.25862068965517243,3412.8868649976403,0.05,150,5,0.17971428571428572,1.069559331704092,3.8210137618199354,0.0
mtd_ai,200,0.0050594886449919635,0.36585365853658536,4249.540031734455,0.1,150,5,0.17971428571428572,1.069559331704092,3.8210137618199354,0.0
mtd_ai,200,0.0050594886449919635,0.4090909090909091,5037.469166813407,0.15,150,5,0.17971428571428572,1.069559331704092,3.8210137618199354,0.0
mtd_ai,200,0.0050594886449919635,0.42857142857142855,5966.091732687757,0.2,150,5,0.17971428571428572,1.069559331704092,3.8210137618199354,0.0
mtd_ai,200,0.0050594886449919635,0.4411764705882353,6467.214407310637,0.25,150,5,0.17971428571428572,1.069559331704092,3.8210137618199354,0.0
mtd_ai,200,0.005075832179265781,0.3,2719.8937800076274,0.05,150,5,0.2631578947368421,0.7166486796974375,2.320437057339389,0.0
mtd_ai,200,0.005075832179265781,0.3409090909090909,4078.8482041569728,0.1,150,5,0.2631578947368421,0.7166486796974375,2.320437057339389,0.0
mtd_ai,200,0.005075832179265781,0.4017857142857143,4724.503935687659,0.15,150,5,0.2631578947368421,0.7166486796974375,2.320437057339389,0.0
mtd_ai,200,0.005075832179265781,0.4411764705882353,5516.715316032303,0.2,150,5,0.2631578947368421,0.7166486796974375,2.320437057339389,0.0
mtd_ai,200,0.005075832179265781,0.46296296296296297,6230.677318617725,0.25,150,5,0.2631578947368421,0.7166486796974375,2.320437057339389,0.0
mtd_ai,200,0.0050656303961219085,0.22727272727272727,3801.5414959996115,0.05,150,5,0.13269841269841268,0.40703138802401445,1.2153998966651414,0.0
mtd_ai,200,0.0050656303961219085,0.32608695652173914,4284.125643193619,0.1,150,5,0.13269841269841268,0.40703138802401445,1.2153998966651414,0.0
mtd_ai,200,0.0050656303961219085,0.3879310344827586,5004.610726271791,0.15,150,5,0.13269841269841268,0.40703138802401445,1.2153998966651414,0.0
mtd_ai,200,0.0050656303961219085,0.43478260869565216,5512.571366060028,0.2,150,5,0.13269841269841268,0.40703138802401445,1.2153998966651414,0.0
mtd_ai,200,0.0050656303961219085,0.4573170731707317,6301.332855975832,0.25,150,5,0.13269841269841268,0.40703138802401445,1.2153998966651414,0.0
mtd_ai,200,0.005061290371083662,0.35714285714285715,1979.4923926364968,0.05,150,5,0.10333333333333333,1.1073269688761942,4.139675265941795,0.0
mtd_ai,200,0.005061290371083662,0.38461538461538464,3173.4108257647154,0.1,150,5,0.10333333333333333,1.1073269688761942,4.139675265941795,0.0
mtd_ai,200,0.005061290371083662,0.45918367346938777,3962.218429809208,0.15,150,5,0.10333333333333333,1.1073269688761942,4.139675265941795,0.0
mtd_ai,200,0.005061290371083662,0.4,5199.114892218644,0.2,150,5,0.10333333333333333,1.1073269688761942,4.139675265941795,0.0
mtd_ai,200,0.005061290371083662,0.3865979381443299,6224.017171372137,0.25,150,5,0.10333333333333333,1.1073269688761942,4.139675265941795,0.0
mtd_ai,200,0.005056552494471934,0.3409090909090909,2574.456685453154,0.05,150,5,0.08777777777777779,0.9223290373195802,4.059580309025301,0.0
mtd_ai,200,0.005056552494471934,0.38461538461538464,4078.154988891884,0.1,150,5,0.08777777777777779,0.9223290373195802,4.059580309025301,0.0
mtd_ai,200,0.005056552494471934,0.4090909090909091,5387.96518026874,0.15,150,5,0.08777777777777779,0.9223290373195802,4.059580309025301,0.0
mtd_ai,200,0.005056552494471934,0.4411764705882353,6036.944566059841,0.2,150,5,0.08777777777777779,0.9223290373195802,4.059580309025301,0.0
mtd_ai,200,0.005056552494471934,0.4573170731707317,6662.927262854886,0.25,150,5,0.08777777777777779,0.9223290373195802,4.059580309025301,0.0
mtd_ai,200,0.005076771347971027,0.5,1215.7490354238316,0.05,150,5,0.11866666666666667,0.4683456870598141,1.3337267095137575,0.0
mtd_ai,200,0.005076771347971027,0.4411764705882353,2749.697208925806,0.1,150,5,0.11866666666666667,0.4683456870598141,1.3337267095137575,0.0
mtd_ai,200,0.005076771347971027,0.5,3398.1439710501854,0.15,150,5,0.11866666666666667,0.4683456870598141,1.3337267095137575,0.0
mtd_ai,200,0.005076771347971027,0.5172413793103449,4673.665489498944,0.2,150,5,0.11866666666666667,0.4683456870598141,1.3337267095137575,0.0
mtd_ai,200,0.005076771347971027,0.5597014925373134,5203.545807675723,0.25,150,5,0.11866666666666667,0.4683456870598141,1.3337267095137575,0.0
mtd_ai,200,0.005041372188458607,0.375,1843.0234630594323,0.05,150,5,0.12666666666666668,1.5038280816304666,5.110750019184577,0.0
mtd_ai,200,0.005041372188458607,0.39473684210526316,3025.3590302876646,0.1,150,5,0.12666666666666668,1.5038280816304666,5.110750019184577,0.0
mtd_ai,200,0.005041372188458607,0.45918367346938777,3724.451389674439,0.15,150,5,0.12666666666666668,1.5038280816304666,5.110750019184577,0.0
mtd_ai,200,0.005041372188458607,0.47619047619047616,4410.705318012266,0.2,150,5,0.12666666666666668,1.5038280816304666,5.110750019184577,0.0
mtd_ai,200,0.005041372188458607,0.47468354430379744,5516.825117680513,0.25,150,5,0.12666666666666668,1.5038280816304666,5.110750019184577,0.0
mtd_ai,200,0.005038502840119633,0.375,1726.7321443317032,0.05,150,5,0.14955555555555552,0.02651051427671764,0.05818108390453541,0.0
mtd_ai,200,0.005038502840119633,0.4411764705882353,2824.4812105410588,0.1,150,5,0.14955555555555552,0.02651051427671764,0.05818108390453541,0.0
mtd_ai,200,0.005038502840119633,0.4891304347826087,3562.2681774825587,0.15,150,5,0.14955555555555552,0.02651051427671764,0.05818108390453541,0.0
mtd_ai,200,0.005038502840119633,0.37037037037037035,5877.284318751788,0.2,150,5,0.14955555555555552,0.02651051427671764,0.05818108390453541,0.0
mtd_ai,200,0.005038502840119633,0.4166666666666667,6445.967094787153,0.25,150,5,0.14955555555555552,0.02651051427671764,0.05818108390453541,0.0
mtd_ai,200,0.00504371697011555,0.39473684210526316,1361.5882517079467,0.05,150,5,0.145,0.6533609804671744,0.8624366806371387,0.0
mtd_ai,200,0.00504371697011555,0.30612244897959184,3449.275171723542,0.1,150,5,0.145,0.6533609804671744,0.8624366806371387,0.0
mtd_ai,200,0.00504371697011555,0.3515625,5326.932232600631,0.15,150,5,0.145,0.6533609804671744,0.8624366806371387,0.0
mtd_ai,200,0.00504371697011555,0.39473684210526316,5915.652982934924,0.2,150,5,0.145,0.6533609804671744,0.8624366806371387,0.0
mtd_ai,200,0.00504371697011555,0.436046511627907,6318.551587459939,0.25,150,5,0.145,0.6533609804671744,0.8624366806371387,0.0
mtd_ai,200,0.005062013633061269,0.35714285714285715,1890.168066275198,0.05,150,5,0.18181818181818182,0.07573449975612262,0.3335506209436066,0.0
mtd_ai,200,0.005062013633061269,0.4166666666666667,3304.1581337302546,0.1,150,5,0.18181818181818182,0.07573449975612262,0.3335506209436066,0.0
mtd_ai,200,0.005062013633061269,0.45918367346938777,4100.593155862163,0.15,150,5,0.18181818181818182,0.07573449975612262,0.3335506209436066,0.0
mtd_ai,200,0.005062013633061269,0.4918032786885246,4988.328861861611,0.2,150,5,0.18181818181818182,0.07573449975612262,0.3335506209436066,0.0
mtd_ai,200,0.005062013633061269,0.436046511627907,6064.173794125252,0.25,150,5,0.18181818181818182,0.07573449975612262,0.3335506209436066,0.0
mtd_ai,200,0.0050746213568362225,0.5357142857142857,1335.3277898885922,0.05,150,5,0.19907407407407404,0.7292612521776795,2.8655375229011484,0.0
mtd_ai,200,0.0050746213568362225,0.5,2454.4180767562766,0.1,150,5,0.19907407407407404,0.7292612521776795,2.8655375229011484,0.0
mtd_ai,200,0.0050746213568362225,0.5921052631578947,2876.7979479636097,0.15,150,5,0.19907407407407404,0.7292612521776795,2.8655375229011484,0.0
mtd_ai,200,0.0050746213568362225,0.5882352941176471,3592.2487230802344,0.2,150,5,0.19907407407407404,0.7292612521776795,2.8655375229011484,0.0
mtd_ai,200,0.0050746213568362225,0.6147540983606558,4272.812663320151,0.25,150,5,0.19907407407407404,0.7292612521776795,2.8655375229011484,0.0
mtd_ai,200,0.00503517298693727,0.3125,2448.5900246753317,0.05,150,5,0.1261111111111111,0.5952230903172533,2.576451531855652,0.0
mtd_ai,200,0.00503517298693727,0.32608695652173914,4150.237375881413,0.1,150,5,0.1261111111111111,0.5952230903172533,2.576451531855652,0.0
mtd_ai,200,0.00503517298693727,0.36885245901639346,5288.714436629508,0.15,150,5,0.1261111111111111,0.5952230903172533,2.576451531855652,0.0
mtd_ai,200,0.00503517298693727,0.37037037037037035,6534.596697890032,0.2,150,5,0.1261111111111111,0.5952230903172533,2.576451531855652,0.0
mtd_ai,200,0.00503517298693727,0.3865979381443299,7075.409290225662,0.25,150,5,0.1261111111111111,0.5952230903172533,2.576451531855652,0.0
mtd_ai,200,0.005051735217263259,0.375,1820.4571892525028,0.05,150,5,0.132,0.3568775959170798,0.9114555302768111,0.0
mtd_ai,200,0.005051735217263259,0.40540540540540543,3015.796960067497,0.1,150,5,0.132,0.3568775959170798,0.9114555302768111,0.0
mtd_ai,200,0.005051735217263259,0.4787234042553192,3492.3188685861332,0.15,150,5,0.132,0.3568775959170798,0.9114555302768111,0.0
mtd_ai,200,0.005051735217263259,0.5172413793103449,4051.448344234368,0.2,150,5,0.132,0.3568775959170798,0.9114555302768111,0.0
mtd_ai,200,0.005051735217263259,0.5597014925373134,4534.690154824783,0.25,150,5,0.132,0.3568775959170798,0.9114555302768111,0.0
mtd_ai,200,0.005046604012696664,0.35714285714285715,2050.527756785484,0.05,150,5,0.13777777777777775,0.5534137546441399,1.6920726511777855,0.0
mtd_ai,200,0.005046604012696664,0.42857142857142855,3113.5478883254345,0.1,150,5,0.13777777777777775,0.5534137546441399,1.6920726511777855,0.0
mtd_ai,200,0.005046604012696664,0.4411764705882353,4378.209330673137,0.15,150,5,0.13777777777777775,0.5534137546441399,1.6920726511777855,0.0
mtd_ai,200,0.005046604012696664,0.44776119402985076,5250.314379806992,0.2,150,5,0.13777777777777775,0.5534137546441399,1.6920726511777855,0.0
mtd_ai,200,0.005046604012696664,0.390625,6584.464882771832,0.25,150,5,0.13777777777777775,0.5534137546441399,1.6920726511777855,0.0
mtd_ai,200,0.005054939686072522,0.4411764705882353,1178.2048798923001,0.05,150,5,0.16666666666666666,0.966518578729235,3.949244571584279,0.0
mtd_ai,200,0.005054939686072522,0.40540540540540543,2417.140192465168,0.1,150,5,0.16666666666666666,0.966518578729235,3.949244571584279,0.0
mtd_ai,200,0.005054939686072522,0.45,3602.8674787109094,0.15,150,5,0.16666666666666666,0.966518578729235,3.949244571584279,0.0
mtd_ai,200,0.005054939686072522,0.46875,4590.5323896594045,0.2,150,5,0.16666666666666666,0.966518578729235,3.949244571584279,0.0
mtd_ai,200,0.005054939686072522,0.5208333333333334,4905.988078160645,0.25,150,5,0.16666666666666666,0.966518578729235,3.949244571584279,0.0
mtd_ai,200,0.005062540224668533,0.375,1959.0331673851713,0.05,150,5,0.085,0.4465347184102024,1.8692864540986294,0.0
mtd_ai,200,0.005062540224668533,0.36585365853658536,3331.4624544757125,0.1,150,5,0.085,0.4465347184102024,1.8692864540986294,0.0
mtd_ai,200,0.005062540224668533,0.4166666666666667,4162.914638540316,0.15,150,5,0.085,0.4465347184102024,1.8692864540986294,0.0
mtd_ai,200,0.005062540224668533,0.45454545454545453,5064.014948115119,0.2,150,5,0.085,0.4465347184102024,1.8692864540986294,0.0
mtd_ai,200,0.005062540224668533,0.4411764705882353,6048.753981092511,0.25,150,5,0.085,0.4465347184102024,1.8692864540986294,0.0
mtd_ai,200,0.005034818665043578,0.3,2974.7737444786217,0.05,150,5,0.13333333333333333,2.0361959569283314,2.8480971751156905,0.0
mtd_ai,200,0.005034818665043578,0.39473684210526316,3925.871391712687,0.1,150,5,0.13333333333333333,2.0361959569283314,2.8480971751156905,0.0
mtd_ai,200,0.005034818665043578,0.46875,4671.840404147115,0.15,150,5,0.13333333333333333,2.0361959569283314,2.8480971751156905,0.0
mtd_ai,200,0.005034818665043578,0.47619047619047616,5801.823161280807,0.2,150,5,0.13333333333333333,2.0361959569283314,2.8480971751156905,0.0
mtd_ai,200,0.005034818665043578,0.5,6501.517573210631,0.25,150,5,0.13333333333333333,2.0361959569283314,2.8480971751156905,0.0
mtd_ai,200,0.005047727474314672,0.35714285714285715,2224.13614007867,0.05,150,5,0.14285714285714285,0.9303192346219628,4.057134054545372,0.0
mtd_ai,200,0.005047727474314672,0.40540540540540543,3240.2193117095735,0.1,150,5,0.14285714285714285,0.9303192346219628,4.057134054545372,0.0
mtd_ai,200,0.005047727474314672,0.4326923076923077,4316.969949743265,0.15,150,5,0.14285714285714285,0.9303192346219628,4.057134054545372,0.0
mtd_ai,200,0.005047727474314672,0.45454545454545453,5275.848405603455,0.2,150,5,0.14285714285714285,0.9303192346219628,4.057134054545372,0.0
mtd_ai,200,0.005047727474314672,0.4934210526315789,5794.211654468734,0.25,150,5,0.14285714285714285,0.9303192346219628,4.057134054545372,0.0
mtd_ai,200,0.005080846032789148,0.375,1892.5029094125912,0.05,150,5,0.14388888888888887,0.1827341630857296,0.6262112794486048,0.0
mtd_ai,200,0.005080846032789148,0.40540540540540543,3493.425664764681,0.1,150,5,0.14388888888888887,0.1827341630857296,0.6262112794486048,0.0
mtd_ai,200,0.005080846032789148,0.46875,4167.812873391653,0.15,150,5,0.14388888888888887,0.1827341630857296,0.6262112794486048,0.0
mtd_ai,200,0.005080846032789148,0.46153846153846156,4902.518010883724,0.2,150,5,0.14388888888888887,0.1827341630857296,0.6262112794486048,0.0
mtd_ai,200,0.005080846032789148,0.5,5515.29581175684,0.25,150,5,0.14388888888888887,0.1827341630857296,0.6262112794486048,0.0
mtd_ai,200,0.005049735579706965,0.2777777777777778,2358.8640956191666,0.05,150,5,0.14533333333333334,0.25578047490565964,0.48374570831915675,0.0
mtd_ai,200,0.005049735579706965,0.38461538461538464,3130.002277876978,0.1,150,5,0.14533333333333334,0.25578047490565964,0.48374570831915675,0.0
mtd_ai,200,0.005049735579706965,0.4090909090909091,4502.906209093295,0.15,150,5,0.14533333333333334,0.25578047490565964,0.48374570831915675,0.0
mtd_ai,200,0.005049735579706965,0.42857142857142855,5408.190646275167,0.2,150,5,0.14533333333333334,0.25578047490565964,0.48374570831915675,0.0
mtd_ai,200,0.005049735579706965,0.47468354430379744,5733.849049779865,0.25,150,5,0.14533333333333334,0.25578047490565964,0.48374570831915675,0.0
mtd_ai,200,0.0050775280474613365,0.3125,2312.555137474891,0.05,150,5,0.14055555555555554,0.7634163079175335,1.8286295673112336,0.0
mtd_ai,200,0.0050775280474613365,0.36585365853658536,3883.5123851577714,0.1,150,5,0.14055555555555554,0.7634163079175335,1.8286295673112336,0.0
mtd_ai,200,0.0050775280474613365,0.4326923076923077,4533.852591163548,0.15,150,5,0.14055555555555554,0.7634163079175335,1.8286295673112336,0.0
mtd_ai,200,0.0050775280474613365,0.44776119402985076,5345.060978567464,0.2,150,5,0.14055555555555554,0.7634163079175335,1.8286295673112336,0.0
mtd_ai,200,0.0050775280474613365,0.487012987012987,5924.320855344147,0.25,150,5,0.14055555555555554,0.7634163079175335,1.8286295673112336,0.0
mtd_ai,200,0.0050451676367444884,0.3409090909090909,2278.8315667403413,0.05,150,5,0.125,1.4158868331930183,4.986210578422352,-4.466666666666667
mtd_ai,200,0.0050451676367444884,0.4166666666666667,3343.3612148687357,0.1,150,5,0.125,1.4158868331930183,4.986210578422352,-4.466666666666667
mtd_ai,200,0.0050451676367444884,0.45918367346938777,3885.4790121478313,0.15,150,5,0.125,1.4158868331930183,4.986210578422352,-4.466666666666667
mtd_ai,200,0.0050451676367444884,0.46153846153846156,4603.96289721127,0.2,150,5,0.125,1.4158868331930183,4.986210578422352,-4.466666666666667
mtd_ai,200,0.0050451676367444884,0.4934210526315789,5359.350838909968,0.25,150,5,0.125,1.4158868331930183,4.986210578422352,-4.466666666666667
mtd_ai,200,0.005034726719542867,0.26785714285714285,2797.826971326056,0.05,150,5,0.15944444444444444,0.1660058797010833,0.6825238885945027,0.0
mtd_ai,200,0.005034726719542867,0.30612244897959184,4683.451005421917,0.1,150,5,0.15944444444444444,0.1660058797010833,0.6825238885945027,0.0
mtd_ai,200,0.005034726719542867,0.3629032258064516,5146.497702164463,0.15,150,5,0.15944444444444444,0.1660058797010833,0.6825238885945027,0.0
mtd_ai,200,0.005034726719542867,0.39473684210526316,5764.529799396421,0.2,150,5,0.15944444444444444,0.1660058797010833,0.6825238885945027,0.0
mtd_ai,200,0.005034726719542867,0.390625,6631.617605798825,0.25,150,5,0.15944444444444444,0.1660058797010833,0.6825238885945027,0.0
mtd_ai,200,0.0050677841745187325,0.24193548387096775,3774.9744795249126,0.05,150,5,0.12833333333333333,1.9301192900456683,4.38616766279898,0.0
mtd_ai,200,0.0050677841745187325,0.3488372093023256,4747.433419272459,0.1,150,5,0.12833333333333333,1.9301192900456683,4.38616766279898,0.0
mtd_ai,200,0.0050677841745187325,0.4090909090909091,5593.321173888941,0.15,150,5,0.12833333333333333,1.9301192900456683,4.38616766279898,0.0
mtd_ai,200,0.0050677841745187325,0.45454545454545453,6162.671498726384,0.2,150,5,0.12833333333333333,1.9301192900456683,4.38616766279898,0.0
mtd_ai,200,0.0050677841745187325,0.4807692307692308,6674.775893926579,0.25,150,5,0.12833333333333333,1.9301192900456683,4.38616766279898,0.0
mtd_ai,200,0.0050396861754336796,0.22058823529411764,3781.630734924959,0.05,150,5,0.09944444444444445,0.4065089690321108,1.2382278019053543,0.0
mtd_ai,200,0.0050396861754336796,0.3333333333333333,4397.722819364191,0.1,150,5,0.09944444444444445,0.4065089690321108,1.2382278019053543,0.0
mtd_ai,200,0.0050396861754336796,0.3813559322033898,5253.452557363663,0.15,150,5,0.09944444444444445,0.4065089690321108,1.2382278019053543,0.0
mtd_ai,200,0.0050396861754336796,0.4225352112676056,5701.1639323379095,0.2,150,5,0.09944444444444445,0.4065089690321108,1.2382278019053543,0.0
mtd_ai,200,0.0050396861754336796,0.436046511627907,6922.552026379437,0.25,150,5,0.09944444444444445,0.4065089690321108,1.2382278019053543,0.0
mtd_ai,200,0.005072272908174157,0.35714285714285715,2169.5922336128124,0.05,150,5,0.08666666666666667,0.552161410955622,2.4056944112962952,0.0
mtd_ai,200,0.005072272908174157,0.40540540540540543,2933.7089277154028,0.1,150,5,0.08666666666666667,0.552161410955622,2.4056944112962952,0.0
mtd_ai,200,0.005072272908174157,0.45,3794.9187093814635,0.15,150,5,0.08666666666666667,0.552161410955622,2.4056944112962952,0.0
mtd_ai,200,0.005072272908174157,0.46875,5076.0743815735495,0.2,150,5,0.08666666666666667,0.552161410955622,2.4056944112962952,0.0
mtd_ai,200,0.005072272908174157,0.5067567567567568,5414.225349928322,0.25,150,5,0.08666666666666667,0.552161410955622,2.4056944112962952,0.0
mtd_ai,200,0.005085005533339844,0.4166666666666667,1622.2237391640456,0.05,150,5,0.2857142857142857,29.161974055546096,2.5418017017680263,0.0
mtd_ai,200,0.005085005533339844,0.375,4006.8691687291494,0.1,150,5,0.2857142857142857,29.161974055546096,2.5418017017680263,0.0
mtd_ai,200,0.005085005533339844,0.45,4581.090167328264,0.15,150,5,0.2857142857142857,29.161974055546096,2.5418017017680263,0.0
mtd_ai,200,0.005085005533339844,0.5,5067.978908632007,0.2,150,5,0.2857142857142857,29.161974055546096,2.5418017017680263,0.0
mtd_ai,200,0.005085005533339844,0.528169014084507,5592.4749472965705,0.25,150,5,0.2857142857142857,29.161974055546096,2.5418017017680263,0.0
mtd_ai,200,0.00506514007905569,0.3409090909090909,1870.1100362304678,0.05,150,5,0.127,0.24468093441703884,0.9221677718805896,0.0
mtd_ai,200,0.00506514007905569,0.40540540540540543,2870.7760809101546,0.1,150,5,0.127,0.24468093441703884,0.9221677718805896,0.0
mtd_ai,200,0.00506514007905569,0.45,3717.4537854686587,0.15,150,5,0.127,0.24468093441703884,0.9221677718805896,0.0
mtd_ai,200,0.00506514007905569,0.4166666666666667,5611.571529055356,0.2,150,5,0.127,0.24468093441703884,0.9221677718805896,0.0
mtd_ai,200,0.00506514007905569,0.4411764705882353,6204.990165531336,0.25,150,5,0.127,0.24468093441703884,0.9221677718805896,0.0
mtd_ai,200,0.005073315530629974,0.3125,2310.5458040441026,0.05,150,5,0.13253968253968254,0.5174358635425492,1.6327772467412702,0.0
mtd_ai,200,0.005073315530629974,0.36585365853658536,4154.3904037920865,0.1,150,5,0.13253968253968254,0.5174358635425492,1.6327772467412702,0.0
mtd_ai,200,0.005073315530629974,0.4326923076923077,4850.4562872884135,0.15,150,5,0.13253968253968254,0.5174358635425492,1.6327772467412702,0.0
mtd_ai,200,0.005073315530629974,0.45454545454545453,5996.6297399776195,0.2,150,5,0.13253968253968254,0.5174358635425492,1.6327772467412702,0.0
mtd_ai,200,0.005073315530629974,0.5136986301369864,6310.362779261298,0.25,150,5,0.13253968253968254,0.5174358635425492,1.6327772467412702,0.0
mtd_ai,200,0.005034176759675684,0.24193548387096775,3259.2341105889445,0.05,150,5,0.16111111111111112,0.10209036471112382,0.4387609417603173,0.0
mtd_ai,200,0.005034176759675684,0.30612244897959184,4353.5699265079165,0.1,150,5,0.16111111111111112,0.10209036471112382,0.4387609417603173,0.0
mtd_ai,200,0.005034176759675684,0.3409090909090909,5317.676833108405,0.15,150,5,0.16111111111111112,0.10209036471112382,0.4387609417603173,0.0
mtd_ai,200,0.005034176759675684,0.4,5805.245701823784,0.2,150,5,0.16111111111111112,0.10209036471112382,0.4387609417603173,0.0
mtd_ai,200,0.005034176759675684,0.42134831460674155,7003.680140088363,0.25,150,5,0.16111111111111112,0.10209036471112382,0.4387609417603173,0.0
mtd_ai,200,0.005045650255816248,0.2777777777777778,3518.995393907104,0.05,150,5,0.19933333333333333,0.9362660552289608,2.419750845272692,0.0
mtd_ai,200,0.005045650255816248,0.32608695652173914,4950.245146671143,0.1,150,5,0.19933333333333333,0.9362660552289608,2.419750845272692,0.0
mtd_ai,200,0.005045650255816248,0.375,5744.8135443234205,0.15,150,5,0.19933333333333333,0.9362660552289608,2.419750845272692,0.0
mtd_ai,200,0.005045650255816248,0.36585365853658536,6931.129846233851,0.2,150,5,0.19933333333333333,0.9362660552289608,2.419750845272692,0.0
mtd_ai,200,0.005045650255816248,0.33783783783783783,8145.964148557545,0.25,150,5,0.19933333333333333,0.9362660552289608,2.419750845272692,0.0
mtd_ai,200,0.005064009226364538,0.32608695652173914,2422.936096607068,0.05,150,5,0.135,0.6736350097035019,1.999072785192656,0.0
mtd_ai,200,0.005064009226364538,0.36585365853658536,3842.3440061487036,0.1,150,5,0.135,0.6736350097035019,1.999072785192656,0.0
mtd_ai,200,0.005064009226364538,0.375,5254.046857809384,0.15,150,5,0.135,0.6736350097035019,1.999072785192656,0.0
mtd_ai,200,0.005064009226364538,0.4225352112676056,5906.428531303876,0.2,150,5,0.135,0.6736350097035019,1.999072785192656,0.0
mtd_ai,200,0.005064009226364538,0.4411764705882353,6515.486267185444,0.25,150,5,0.135,0.6736350097035019,1.999072785192656,0.0
mtd_ai,200,0.005062894640894181,0.375,1885.4989829817405,0.05,150,5,0.13555555555555554,1.0841244035891096,2.736544717383943,0.0
mtd_ai,200,0.005062894640894181,0.4411764705882353,2950.619215290975,0.1,150,5,0.13555555555555554,1.0841244035891096,2.736544717383943,0.0
mtd_ai,200,0.005062894640894181,0.5357142857142857,3324.959145455632,0.15,150,5,0.13555555555555554,1.0841244035891096,2.736544717383943,0.0
mtd_ai,200,0.005062894640894181,0.5454545454545454,3847.489961562537,0.2,150,5,0.13555555555555554,1.0841244035891096,2.736544717383943,0.0
mtd_ai,200,0.005062894640894181,0.5952380952380952,4246.261435319713,0.25,150,5,0.13555555555555554,1.0841244035891096,2.736544717383943,0.0
mtd_ai,200,0.0050526061685374135,0.375,2006.5453248095032,0.05,150,5,0.2222222222222222,0.16554572541247828,0.7259027112483757,-6.6
mtd_ai,200,0.0050526061685374135,0.4838709677419355,2894.051982170913,0.1,150,5,0.2222222222222222,0.16554572541247828,0.7259027112483757,-6.6
mtd_ai,200,0.0050526061685374135,0.5232558139534884,3623.184744721341,0.15,150,5,0.2222222222222222,0.16554572541247828,0.7259027112483757,-6.6
mtd_ai,200,0.0050526061685374135,0.5,4556.211316825802,0.2,150,5,0.2222222222222222,0.16554572541247828,0.7259027112483757,-6.6
mtd_ai,200,0.0050526061685374135,0.528169014084507,5168.760150297827,0.25,150,5,0.2222222222222222,0.16554572541247828,0.7259027112483757,-6.6
mtd_ai,200,0.005064280045038858,0.35714285714285715,2103.694759874291,0.05,150,5,0.1897777777777778,0.1381002259909913,0.5531201449523213,0.0
mtd_ai,200,0.005064280045038858,0.38461538461538464,3752.185882155026,0.1,150,5,0.1897777777777778,0.1381002259909913,0.5531201449523213,0.0
mtd_ai,200,0.005064280045038858,0.4411764705882353,4606.57609360796,0.15,150,5,0.1897777777777778,0.1381002259909913,0.5531201449523213,0.0
mtd_ai,200,0.005064280045038858,0.46153846153846156,5401.412124351191,0.2,150,5,0.1897777777777778,0.1381002259909913,0.5531201449523213,0.0
mtd_ai,200,0.005064280045038858,0.4807692307692308,6211.013344777378,0.25,150,5,0.1897777777777778,0.1381002259909913,0.5531201449523213,0.0
mtd_ai,200,0.005065064768321423,0.28846153846153844,2282.239169041118,0.05,150,5,0.1322222222222222,0.5083500653758608,2.200649420004615,0.0
mtd_ai,200,0.005065064768321423,0.3191489361702128,3664.7152748253357,0.1,150,5,0.1322222222222222,0.5083500653758608,2.200649420004615,0.0
mtd_ai,200,0.005065064768321423,0.3515625,5170.254345966385,0.15,150,5,0.1322222222222222,0.5083500653758608,2.200649420004615,0.0
mtd_ai,200,0.005065064768321423,0.38961038961038963,6007.613140101661,0.2,150,5,0.1322222222222222,0.5083500653758608,2.200649420004615,0.0
mtd_ai,200,0.005065064768321423,0.42613636363636365,6521.967824941769,0.25,150,5,0.1322222222222222,0.5083500653758608,2.200649420004615,0.0
mtd_ai,200,0.005068833245770804,0.35714285714285715,2749.919631403922,0.05,150,5,0.1825,0.005037797430616975,0.013724019444375249,0.0
mtd_ai,200,0.005068833245770804,0.46875,3387.6263694569498,0.1,150,5,0.1825,0.005037797430616975,0.013724019444375249,0.0
mtd_ai,200,0.005068833245770804,0.5,4326.5973178942695,0.15,150,5,0.1825,0.005037797430616975,0.013724019444375249,0.0
mtd_ai,200,0.005068833245770804,0.4918032786885246,5437.570728244554,0.2,150,5,0.1825,0.005037797430616975,0.013724019444375249,0.0
mtd_ai,200,0.005068833245770804,0.5,5995.036683977426,0.25,150,5,0.1825,0.005037797430616975,0.013724019444375249,0.0
mtd_ai,200,0.005074891356309834,0.3,1847.5929388039626,0.05,150,5,0.11333333333333333,3.2948179118027427,1.130974351553015,0.0
mtd_ai,200,0.005074891356309834,0.36585365853658536,2746.5952941106043,0.1,150,5,0.11333333333333333,3.2948179118027427,1.130974351553015,0.0
mtd_ai,200,0.005074891356309834,0.4166666666666667,3799.943345362075,0.15,150,5,0.11333333333333333,3.2948179118027427,1.130974351553015,0.0
mtd_ai,200,0.005074891356309834,0.4166666666666667,5538.686774939888,0.2,150,5,0.11333333333333333,3.2948179118027427,1.130974351553015,0.0
mtd_ai,200,0.005074891356309834,0.4573170731707317,5963.634317632968,0.25,150,5,0.11333333333333333,3.2948179118027427,1.130974351553015,0.0
mtd_ai,200,0.005060905177152989,0.28846153846153844,2423.0357791397873,0.05,150,5,0.14055555555555554,1.440692565126949,5.121585651865438,0.0
mtd_ai,200,0.005060905177152989,0.25,5366.055115182269,0.1,150,5,0.14055555555555554,1.440692565126949,5.121585651865438,0.0
mtd_ai,200,0.005060905177152989,0.3082191780821918,6181.305539159284,0.15,150,5,0.14055555555555554,1.440692565126949,5.121585651865438,0.0
mtd_ai,200,0.005060905177152989,0.32967032967032966,6955.913449515865,0.2,150,5,0.14055555555555554,1.440692565126949,5.121585651865438,0.0
mtd_ai,200,0.005060905177152989,0.375,7339.94304925994,0.25,150,5,0.14055555555555554,1.440692565126949,5.121585651865438,0.0
mtd_ai,200,0.005055746513450822,0.19736842105263158,5545.364970627892,0.05,150,5,0.12844444444444447,0.08793292964403898,0.15364505049323857,0.0
mtd_ai,200,0.005055746513450822,0.30612244897959184,6186.991331066234,0.1,150,5,0.12844444444444447,0.08793292964403898,0.15364505049323857,0.0
mtd_ai,200,0.005055746513450822,0.375,6904.173185515165,0.15,150,5,0.12844444444444447,0.08793292964403898,0.15364505049323857,0.0
mtd_ai,200,0.005055746513450822,0.410958904109589,7441.214907053455,0.2,150,5,0.12844444444444447,0.08793292964403898,0.15364505049323857,0.0
mtd_ai,200,0.005055746513450822,0.45180722891566266,7777.601338248633,0.25,150,5,0.12844444444444447,0.08793292964403898,0.15364505049323857,0.0
mtd_ai,200,0.005061552407118026,0.24193548387096775,3440.078965002549,0.05,150,5,0.11764705882352941,1.074222258535041,4.099882968057989,0.0
mtd_ai,200,0.005061552407118026,0.3488372093023256,4196.181893802359,0.1,150,5,0.11764705882352941,1.074222258535041,4.099882968057989,0.0
mtd_ai,200,0.005061552407118026,0.4017857142857143,5171.431819838232,0.15,150,5,0.11764705882352941,1.074222258535041,4.099882968057989,0.0
mtd_ai,200,0.005061552407118026,0.410958904109589,6597.534872162018,0.2,150,5,0.11764705882352941,1.074222258535041,4.099882968057989,0.0
mtd_ai,200,0.005061552407118026,0.4411764705882353,7023.854541114956,0.25,150,5,0.11764705882352941,1.074222258535041,4.099882968057989,0.0
mtd_ai,200,0.005045461663842183,0.3409090909090909,2021.6673504534124,0.05,150,5,0.12,0.2730352504778924,1.117086032898428,0.0
mtd_ai,200,0.005045461663842183,0.35714285714285715,4209.212716560542,0.1,150,5,0.12,0.2730352504778924,1.117086032898428,0.0
mtd_ai,200,0.005045461663842183,0.4326923076923077,4753.216803317833,0.15,150,5,0.12,0.2730352504778924,1.117086032898428,0.0
mtd_ai,200,0.005045461663842183,0.47619047619047616,5237.704253026866,0.2,150,5,0.12,0.2730352504778924,1.117086032898428,0.0
mtd_ai,200,0.005045461663842183,0.4934210526315789,5819.837146056181,0.25,150,5,0.12,0.2730352504778924,1.117086032898428,0.0
mtd_ai,200,0.005043875759642118,0.32608695652173914,1905.8119672911694,0.05,150,5,0.11155555555555556,1.472655279760344,3.855984686479068,0.0
mtd_ai,200,0.005043875759642118,0.3191489361702128,4564.96130944741,0.1,150,5,0.11155555555555556,1.472655279760344,3.855984686479068,0.0
mtd_ai,200,0.005043875759642118,0.375,5455.072650023934,0.15,150,5,0.11155555555555556,1.472655279760344,3.855984686479068,0.0
mtd_ai,200,0.005043875759642118,0.4166666666666667,5987.942216425286,0.2,150,5,0.11155555555555556,1.472655279760344,3.855984686479068,0.0
mtd_ai,200,0.005043875759642118,0.46296296296296297,6340.290358219672,0.25,150,5,0.11155555555555556,1.472655279760344,3.855984686479068,0.0
mtd_ai,200,0.005067737709888366,0.375,2003.3750995993732,0.05,150,5,0.12121212121212122,1.9352558467626453,3.016712286583633,0.0
mtd_ai,200,0.005067737709888366,0.4411764705882353,3048.1120102660702,0.1,150,5,0.12121212121212122,1.9352558467626453,3.016712286583633,0.0
mtd_ai,200,0.005067737709888366,0.46875,3956.6632329520953,0.15,150,5,0.12121212121212122,1.9352558467626453,3.016712286583633,0.0
mtd_ai,200,0.005067737709888366,0.5,4641.242740623453,0.2,150,5,0.12121212121212122,1.9352558467626453,3.016712286583633,0.0
mtd_ai,200,0.005067737709888366,0.4573170731707317,6709.59049409471,0.25,150,5,0.12121212121212122,1.9352558467626453,3.016712286583633,0.0
mtd_ai,200,0.0050584446273557225,0.22727272727272727,3995.585387255871,0.05,150,5,0.13333333333333333,0.4493890245782304,1.9530933463097822,0.0
mtd_ai,200,0.0050584446273557225,0.2727272727272727,6055.3401279622085,0.1,150,5,0.13333333333333333,0.4493890245782304,1.9530933463097822,0.0
mtd_ai,200,0.0050584446273557225,0.32608695652173914,6682.239098258298,0.15,150,5,0.13333333333333333,0.4493890245782304,1.9530933463097822,0.0
mtd_ai,200,0.0050584446273557225,0.375,7264.910992834811,0.2,150,5,0.13333333333333333,0.4493890245782304,1.9530933463097822,0.0
mtd_ai,200,0.0050584446273557225,0.4076086956521739,7732.197725620382,0.25,150,5,0.13333333333333333,0.4493890245782304,1.9530933463097822,0.0
mtd_ai,200,0.0050829670098459685,0.3125,2446.188841242263,0.05,150,5,0.09333333333333334,4.131878136991052,3.6454129231990557,0.0
mtd_ai,200,0.0050829670098459685,0.375,3873.2487331903503,0.1,150,5,0.09333333333333334,4.131878136991052,3.6454129231990557,0.0
mtd_ai,200,0.0050829670098459685,0.45918367346938777,4137.989717880221,0.15,150,5,0.09333333333333334,4.131878136991052,3.6454129231990557,0.0
mtd_ai,200,0.0050829670098459685,0.47619047619047616,5239.952140380168,0.2,150,5,0.09333333333333334,4.131878136991052,3.6454129231990557,0.0
mtd_ai,200,0.0050829670098459685,0.5208333333333334,5528.808909220564,0.25,150,5,0.09333333333333334,4.131878136991052,3.6454129231990557,0.0
mtd_ai,200,0.005033300979347571,0.28846153846153844,2909.068470486866,0.05,150,5,0.13944444444444443,0.2843331336957485,1.1176336141216443,0.0
mtd_ai,200,0.005033300979347571,0.39473684210526316,3807.427570017885,0.1,150,5,0.13944444444444443,0.2843331336957485,1.1176336141216443,0.0
mtd_ai,200,0.005033300979347571,0.42452830188679247,4783.3083611785505,0.15,150,5,0.13944444444444443,0.2843331336957485,1.1176336141216443,0.0
mtd_ai,200,0.005033300979347571,0.42857142857142855,6029.830070837665,0.2,150,5,0.13944444444444443,0.2843331336957485,1.1176336141216443,0.0
mtd_ai,200,0.005033300979347571,0.46875,6584.446227341369,0.25,150,5,0.13944444444444443,0.2843331336957485,1.1176336141216443,0.0
mtd_ai,200,0.005034846297160627,0.35714285714285715,2113.3628158142324,0.05,150,5,0.12955555555555556,32.23005158644986,8.647138929115593,0.0
mtd_ai,200,0.005034846297160627,0.22727272727272727,4649.339767386218,0.1,150,5,0.12955555555555556,32.23005158644986,8.647138929115593,0.0
mtd_ai,200,0.005034846297160627,0.2848101265822785,6034.006265122973,0.15,150,5,0.12955555555555556,32.23005158644986,8.647138929115593,0.0
mtd_ai,200,0.005034846297160627,0.32967032967032966,6395.015509405115,0.2,150,5,0.12955555555555556,32.23005158644986,8.647138929115593,0.0
mtd_ai,200,0.005034846297160627,0.3712871287128713,6825.966444610529,0.25,150,5,0.12955555555555556,32.23005158644986,8.647138929115593,0.0
mtd_ai,200,0.005068682937685623,0.39473684210526316,2036.4757413368336,0.05,150,5,0.11833333333333333,0.9888401892884832,1.7468580145889212,0.0
mtd_ai,200,0.005068682937685623,0.38461538461538464,4122.54844616163,0.1,150,5,0.11833333333333333,0.9888401892884832,1.7468580145889212,0.0
mtd_ai,200,0.005068682937685623,0.45918367346938777,4791.8096014743205,0.15,150,5,0.11833333333333333,0.9888401892884832,1.7468580145889212,0.0
mtd_ai,200,0.005068682937685623,0.45454545454545453,5432.98768661006,0.2,150,5,0.11833333333333333,0.9888401892884832,1.7468580145889212,0.0
mtd_ai,200,0.005068682937685623,0.47468354430379744,5895.710388344683,0.25,150,5,0.11833333333333333,0.9888401892884832,1.7468580145889212,0.0
mtd_ai,200,0.0050475033153153945,0.39473684210526316,1751.867027016522,0.05,150,5,0.10333333333333333,1.3906648544579048,3.207189537066508,0.0
mtd_ai,200,0.0050475033153153945,0.4411764705882353,2782.415787378462,0.1,150,5,0.10333333333333333,1.3906648544579048,3.207189537066508,0.0
mtd_ai,200,0.0050475033153153945,0.4787234042553192,3523.4443468074687,0.15,150,5,0.10333333333333333,1.3906648544579048,3.207189537066508,0.0
mtd_ai,200,0.0050475033153153945,0.4918032786885246,4411.749866892996,0.2,150,5,0.10333333333333333,1.3906648544579048,3.207189537066508,0.0
mtd_ai,200,0.0050475033153153945,0.5,5120.794665707232,0.25,150,5,0.10333333333333333,1.3906648544579048,3.207189537066508,0.0
mtd_ai,200,0.005060613182005102,0.28846153846153844,2798.5883747849666,0.05,150,5,0.13333333333333333,0.6141465613123926,1.7346179122704024,0.0
mtd_ai,200,0.005060613182005102,0.3488372093023256,4104.82583050153,0.1,150,5,0.13333333333333333,0.6141465613123926,1.7346179122704024,0.0
mtd_ai,200,0.005060613182005102,0.4017857142857143,5264.109182269176,0.15,150,5,0.13333333333333333,0.6141465613123926,1.7346179122704024,0.0
mtd_ai,200,0.005060613182005102,0.40540540540540543,6403.559884757562,0.2,150,5,0.13333333333333333,0.6141465613123926,1.7346179122704024,0.0
mtd_ai,200,0.005060613182005102,0.4411764705882353,6967.850611779235,0.25,150,5,0.13333333333333333,0.6141465613123926,1.7346179122704024,0.0
mtd_ai,200,0.005052317039084302,0.3125,2895.0094074546064,0.05,150,5,0.175,0.564673608160131,2.4700350168446814,0.0
mtd_ai,200,0.005052317039084302,0.3,6046.3970789667255,0.1,150,5,0.175,0.564673608160131,2.4700350168446814,0.0
mtd_ai,200,0.005052317039084302,0.3629032258064516,6991.462333511838,0.15,150,5,0.175,0.564673608160131,2.4700350168446814,0.0
mtd_ai,200,0.005052317039084302,0.40540540540540543,7502.301283808063,0.2,150,5,0.175,0.564673608160131,2.4700350168446814,0.0
mtd_ai,200,0.005052317039084302,0.4076086956521739,8282.771085911962,0.25,150,5,0.175,0.564673608160131,2.4700350168446814,0.0
mtd_ai,200,0.0050735004541633405,0.19736842105263158,2618.3036031531465,0.05,150,5,0.17833333333333334,0.6495535838648048,1.8363050913439651,0.0
mtd_ai,200,0.0050735004541633405,0.28846153846153844,3671.0672051991046,0.1,150,5,0.17833333333333334,0.6495535838648048,1.8363050913439651,0.0
mtd_ai,200,0.0050735004541633405,0.3515625,4683.288961547951,0.15,150,5,0.17833333333333334,0.6495535838648048,1.8363050913439651,0.0
mtd_ai,200,0.0050735004541633405,0.38961038961038963,5212.824963315903,0.2,150,5,0.17833333333333334,0.6495535838648048,1.8363050913439651,0.0
mtd_ai,200,0.0050735004541633405,0.4166666666666667,5954.222355921947,0.25,150,5,0.17833333333333334,0.6495535838648048,1.8363050913439651,0.0
mtd_ai,200,0.005045399810476152,0.3125,2203.7907912811024,0.05,150,5,0.15511111111111112,0.4940423628622015,2.128289286323334,0.0
mtd_ai,200,0.005045399810476152,0.36585365853658536,3305.7925163469517,0.1,150,5,0.15511111111111112,0.4940423628622015,2.128289286323334,0.0
mtd_ai,200,0.005045399810476152,0.4411764705882353,3855.8388043926734,0.15,150,5,0.15511111111111112,0.4940423628622015,2.128289286323334,0.0
mtd_ai,200,0.005045399810476152,0.43478260869565216,4900.583187886442,0.2,150,5,0.15511111111111112,0.4940423628622015,2.128289286323334,0.0
mtd_ai,200,0.005045399810476152,0.4807692307692308,5221.951788051218,0.25,150,5,0.15511111111111112,0.4940423628622015,2.128289286323334,0.0
mtd_ai,200,0.005041813855401752,0.234375,2598.589544689852,0.05,150,5,0.12,2.6776010481421633,6.350684046917632,0.0
mtd_ai,200,0.005041813855401752,0.3125,3772.8011395535805,0.1,150,5,0.12,2.6776010481421633,6.350684046917632,0.0
mtd_ai,200,0.005041813855401752,0.35714285714285715,4646.905469297668,0.15,150,5,0.12,2.6776010481421633,6.350684046917632,0.0
mtd_ai,200,0.005041813855401752,0.40540540540540543,5128.155557275706,0.2,150,5,0.12,2.6776010481421633,6.350684046917632,0.0
mtd_ai,200,0.005041813855401752,0.4411764705882353,5600.4651693824235,0.25,150,5,0.12,2.6776010481421633,6.350684046917632,0.0
mtd_ai,200,0.005066051896189394,0.24193548387096775,3305.7506644425,0.05,150,5,0.11222222222222224,0.5746142947524544,2.26386330410833,0.0
mtd_ai,200,0.005066051896189394,0.3488372093023256,4023.950963387014,0.1,150,5,0.11222222222222224,0.5746142947524544,2.26386330410833,0.0
mtd_ai,200,0.005066051896189394,0.4166666666666667,4664.525556896953,0.15,150,5,0.11222222222222224,0.5746142947524544,2.26386330410833,0.0
mtd_ai,200,0.005066051896189394,0.410958904109589,6165.632848610034,0.2,150,5,0.11222222222222224,0.5746142947524544,2.26386330410833,0.0
mtd_ai,200,0.005066051896189394,0.44642857142857145,6716.994784927421,0.25,150,5,0.11222222222222224,0.5746142947524544,2.26386330410833,0.0
mtd_ai,200,0.00505004365274439,0.3,2596.006096430104,0.05,150,5,0.15666666666666668,0.2185964617982083,0.7873356639241882,0.0
mtd_ai,200,0.00505004365274439,0.38461538461538464,3654.4188234167073,0.1,150,5,0.15666666666666668,0.2185964617982083,0.7873356639241882,0.0
mtd_ai,200,0.00505004365274439,0.42452830188679247,4333.6151786946575,0.15,150,5,0.15666666666666668,0.2185964617982083,0.7873356639241882,0.0
mtd_ai,200,0.00505004365274439,0.46875,4846.983345229561,0.2,150,5,0.15666666666666668,0.2185964617982083,0.7873356639241882,0.0
mtd_ai,200,0.00505004365274439,0.4934210526315789,5448.164954480959,0.25,150,5,0.15666666666666668,0.2185964617982083,0.7873356639241882,0.0
mtd_ai,200,0.005045935757877069,0.375,1893.978004754475,0.05,150,5,0.095,5.6757216394522585,5.507242985743632,0.0
mtd_ai,200,0.005045935757877069,0.45454545454545453,2440.922947464235,0.1,150,5,0.095,5.6757216394522585,5.507242985743632,0.0
mtd_ai,200,0.005045935757877069,0.45918367346938777,3463.4599474949414,0.15,150,5,0.095,5.6757216394522585,5.507242985743632,0.0
mtd_ai,200,0.005045935757877069,0.42857142857142855,5226.990545273782,0.2,150,5,0.095,5.6757216394522585,5.507242985743632,0.0
mtd_ai,200,0.005045935757877069,0.4411764705882353,6015.633601914025,0.25,150,5,0.095,5.6757216394522585,5.507242985743632,0.0
mtd_ai,200,0.005038038429290737,0.28846153846153844,2977.9904380075677,0.05,150,5,0.12422222222222222,1.0357966315774194,3.8075894853522296,0.0
mtd_ai,200,0.005038038429290737,0.375,3781.290900498328,0.1,150,5,0.12422222222222222,1.0357966315774194,3.8075894853522296,0.0
mtd_ai,200,0.005038038429290737,0.4326923076923077,4595.753915156053,0.15,150,5,0.12422222222222222,1.0357966315774194,3.8075894853522296,0.0
mtd_ai,200,0.005038038429290737,0.4411764705882353,5273.537038221801,0.2,150,5,0.12422222222222222,1.0357966315774194,3.8075894853522296,0.0
mtd_ai,200,0.005038038429290737,0.4807692307692308,5818.759429631657,0.25,150,5,0.12422222222222222,1.0357966315774194,3.8075894853522296,0.0
mtd_ai,200,0.005026677854562921,0.24193548387096775,2896.6602913784345,0.05,150,5,0.1497777777777778,0.2937841569165516,0.9494978295371551,0.0
mtd_ai,200,0.005026677854562921,0.25862068965517243,4515.689989148266,0.1,150,5,0.1497777777777778,0.2937841569165516,0.9494978295371551,0.0
mtd_ai,200,0.005026677854562921,0.32142857142857145,5473.495042499791,0.15,150,5,0.1497777777777778,0.2937841569165516,0.9494978295371551,0.0
mtd_ai,200,0.005026677854562921,0.3333333333333333,6988.34689885258,0.2,150,5,0.1497777777777778,0.2937841569165516,0.9494978295371551,0.0
mtd_ai,200,0.005026677854562921,0.33783783783783783,7855.546524586529,0.25,150,5,0.1497777777777778,0.2937841569165516,0.9494978295371551,0.0
mtd_ai,200,0.005044544340060925,0.375,1686.2760109975789,0.05,150,5,0.13833333333333334,1.7074138414025408,2.998720996938867,0.0
mtd_ai,200,0.005044544340060925,0.40540540540540543,3328.0153965450527,0.1,150,5,0.13833333333333334,1.7074138414025408,2.998720996938867,0.0
mtd_ai,200,0.005044544340060925,0.4411764705882353,4144.841468466719,0.15,150,5,0.13833333333333334,1.7074138414025408,2.998720996938867,0.0
mtd_ai,200,0.005044544340060925,0.45454545454545453,5298.144065519427,0.2,150,5,0.13833333333333334,1.7074138414025408,2.998720996938867,0.0
mtd_ai,200,0.005044544340060925,0.47468354430379744,5848.535496411454,0.25,150,5,0.13833333333333334,1.7074138414025408,2.998720996938867,0.0
mtd_ai,200,0.005064967555351598,0.3409090909090909,2358.5099536951157,0.05,150,5,0.126,0.2553755089582483,0.9185077002385553,0.0
mtd_ai,200,0.005064967555351598,0.40540540540540543,3632.816399362783,0.1,150,5,0.126,0.2553755089582483,0.9185077002385553,0.0
mtd_ai,200,0.005064967555351598,0.45918367346938777,4398.219674776319,0.15,150,5,0.126,0.2553755089582483,0.9185077002385553,0.0
mtd_ai,200,0.005064967555351598,0.46875,5385.583609219559,0.2,150,5,0.126,0.2553755089582483,0.9185077002385553,0.0
mtd_ai,200,0.005064967555351598,0.487012987012987,6283.495998434545,0.25,150,5,0.126,0.2553755089582483,0.9185077002385553,0.0
mtd_ai,200,0.005068667556979748,0.3,2415.084754601949,0.05,150,5,0.11111111111111112,1.2663690240713585,3.868353898765611,0.0
mtd_ai,200,0.005068667556979748,0.32608695652173914,4232.956342147163,0.1,150,5,0.11111111111111112,1.2663690240713585,3.868353898765611,0.0
mtd_ai,200,0.005068667556979748,0.3813559322033898,4915.058262692863,0.15,150,5,0.11111111111111112,1.2663690240713585,3.868353898765611,0.0
mtd_ai,200,0.005068667556979748,0.410958904109589,6068.638945994631,0.2,150,5,0.11111111111111112,1.2663690240713585,3.868353898765611,0.0
mtd_ai,200,0.005068667556979748,0.4411764705882353,6642.162120055076,0.25,150,5,0.11111111111111112,1.2663690240713585,3.868353898765611,0.0
mtd_ai,200,0.005054072419893379,0.4166666666666667,1746.2709456962714,0.05,150,5,0.3,0.8714177491874086,0.7489253047131966,0.0
mtd_ai,200,0.005054072419893379,0.4838709677419355,2706.511106391543,0.1,150,5,0.3,0.8714177491874086,0.7489253047131966,0.0
mtd_ai,200,0.005054072419893379,0.46875,4190.88194168971,0.15,150,5,0.3,0.8714177491874086,0.7489253047131966,0.0
mtd_ai,200,0.005054072419893379,0.37037037037037035,6291.033554161042,0.2,150,5,0.3,0.8714177491874086,0.7489253047131966,0.0
mtd_ai,200,0.005054072419893379,0.39893617021276595,6953.715813756067,0.25,150,5,0.3,0.8714177491874086,0.7489253047131966,0.0
mtd_ai,200,0.005047483618759488,0.3125,2920.232931750562,0.05,150,5,0.12333333333333334,0.0637296996540197,0.1884599754299215,0.0
mtd_ai,200,0.005047483618759488,0.36585365853658536,4095.5570621525994,0.1,150,5,0.12333333333333334,0.0637296996540197,0.1884599754299215,0.0
mtd_ai,200,0.005047483618759488,0.4411764705882353,4655.846121604713,0.15,150,5,0.12333333333333334,0.0637296996540197,0.1884599754299215,0.0
mtd_ai,200,0.005047483618759488,0.47619047619047616,5390.996330979693,0.2,150,5,0.12333333333333334,0.0637296996540197,0.1884599754299215,0.0
mtd_ai,200,0.005047483618759488,0.528169014084507,5828.536369626284,0.25,150,5,0.12333333333333334,0.0637296996540197,0.1884599754299215,0.0
mtd_ai,200,0.005047892567585523,0.25862068965517243,2663.9288633612487,0.05,150,5,0.1511111111111111,0.4830318906277022,1.6788914810778939,0.0
mtd_ai,200,0.005047892567585523,0.3333333333333333,4075.6688442307595,0.1,150,5,0.1511111111111111,0.4830318906277022,1.6788914810778939,0.0
mtd_ai,200,0.005047892567585523,0.4090909090909091,4827.758492123188,0.15,150,5,0.1511111111111111,0.4830318906277022,1.6788914810778939,0.0
mtd_ai,200,0.005047892567585523,0.4411764705882353,5478.4325124723555,0.2,150,5,0.1511111111111111,0.4830318906277022,1.6788914810778939,0.0
mtd_ai,200,0.005047892567585523,0.4573170731707317,6151.748936062106,0.25,150,5,0.1511111111111111,0.4830318906277022,1.6788914810778939,0.0
mtd_ai,200,0.005057925724763895,0.3409090909090909,1708.383127555671,0.05,150,5,0.12,0.5582289688123057,2.254368243777915,0.0
mtd_ai,200,0.005057925724763895,0.36585365853658536,2933.7719008172908,0.1,150,5,0.12,0.5582289688123057,2.254368243777915,0.0
mtd_ai,200,0.005057925724763895,0.4411764705882353,3532.670932291938,0.15,150,5,0.12,0.5582289688123057,2.254368243777915,0.0
mtd_ai,200,0.005057925724763895,0.4166666666666667,5209.158619201655,0.2,150,5,0.12,0.5582289688123057,2.254368243777915,0.0
mtd_ai,200,0.005057925724763895,0.42613636363636365,6607.202729419658,0.25,150,5,0.12,0.5582289688123057,2.254368243777915,0.0
mtd_ai,200,0.00502797745843825,0.3,2526.752961308004,0.05,150,5,0.12333333333333334,0.6766924172940919,0.7295589592190233,0.0
mtd_ai,200,0.00502797745843825,0.39473684210526316,3707.6115731553236,0.1,150,5,0.12333333333333334,0.6766924172940919,0.7295589592190233,0.0
mtd_ai,200,0.00502797745843825,0.39473684210526316,5263.964428759012,0.15,150,5,0.12333333333333334,0.6766924172940919,0.7295589592190233,0.0
mtd_ai,200,0.00502797745843825,0.4,6933.702731248093,0.2,150,5,0.12333333333333334,0.6766924172940919,0.7295589592190233,0.0
mtd_ai,200,0.00502797745843825,0.43103448275862066,7472.021976703798,0.25,150,5,0.12333333333333334,0.6766924172940919,0.7295589592190233,0.0
mtd_ai,200,0.005080507801880375,0.4166666666666667,1708.1052471403311,0.05,150,5,0.21428571428571427,0.5959546260669754,1.1900853945578658,0.0
mtd_ai,200,0.005080507801880375,0.375,3639.563366596886,0.1,150,5,0.21428571428571427,0.5959546260669754,1.1900853945578658,0.0
mtd_ai,200,0.005080507801880375,0.4090909090909091,4686.738321937626,0.15,150,5,0.21428571428571427,0.5959546260669754,1.1900853945578658,0.0
mtd_ai,200,0.005080507801880375,0.44776119402985076,5235.576323681309,0.2,150,5,0.21428571428571427,0.5959546260669754,1.1900853945578658,0.0
mtd_ai,200,0.005080507801880375,0.487012987012987,5593.736741530467,0.25,150,5,0.21428571428571427,0.5959546260669754,1.1900853945578658,0.0
mtd_ai,200,0.00505042303898354,0.4411764705882353,1546.8102772062543,0.05,150,5,0.13,0.28478070091024293,0.9572810157197513,0.0
mtd_ai,200,0.00505042303898354,0.46875,2993.5501916712456,0.1,150,5,0.13,0.28478070091024293,0.9572810157197513,0.0
mtd_ai,200,0.00505042303898354,0.5113636363636364,3784.8075145008816,0.15,150,5,0.13,0.28478070091024293,0.9572810157197513,0.0
mtd_ai,200,0.00505042303898354,0.4918032786885246,4850.439152049733,0.2,150,5,0.13,0.28478070091024293,0.9572810157197513,0.0
mtd_ai,200,0.00505042303898354,0.46296296296296297,5936.571720671259,0.25,150,5,0.13,0.28478070091024293,0.9572810157197513,0.0
mtd_ai,200,0.005059237739104828,0.3,2535.264939828583,0.05,150,5,0.15253968253968253,0.10000770683378175,0.28107480627222836,0.0
mtd_ai,200,0.005059237739104828,0.32608695652173914,4668.173186817902,0.1,150,5,0.15253968253968253,0.10000770683378175,0.28107480627222836,0.0
mtd_ai,200,0.005059237739104828,0.3515625,5921.852437152251,0.15,150,5,0.15253968253968253,0.10000770683378175,0.28107480627222836,0.0
mtd_ai,200,0.005059237739104828,0.38961038961038963,6580.453319321353,0.2,150,5,0.15253968253968253,0.10000770683378175,0.28107480627222836,0.0
mtd_ai,200,0.005059237739104828,0.436046511627907,7120.036079164786,0.25,150,5,0.15253968253968253,0.10000770683378175,0.28107480627222836,0.0
mtd_ai,200,0.0050710830390908795,0.35714285714285715,2202.6732997340605,0.05,150,5,0.11444444444444445,0.8967600647672417,3.9550053223740527,0.0
mtd_ai,200,0.0050710830390908795,0.375,3755.427617335077,0.1,150,5,0.11444444444444445,0.8967600647672417,3.9550053223740527,0.0
mtd_ai,200,0.0050710830390908795,0.45,4410.717541880991,0.15,150,5,0.11444444444444445,0.8967600647672417,3.9550053223740527,0.0
mtd_ai,200,0.0050710830390908795,0.46875,5039.722015336512,0.2,150,5,0.11444444444444445,0.8967600647672417,3.9550053223740527,0.0
mtd_ai,200,0.0050710830390908795,0.487012987012987,5673.438506554203,0.25,150,5,0.11444444444444445,0.8967600647672417,3.9550053223740527,0.0
mtd_ai,200,0.00504491950179965,0.375,1725.2729051726028,0.05,150,5,0.09866666666666667,1.9730043055714237,4.962905326036999,0.0
mtd_ai,200,0.00504491950179965,0.4411764705882353,2751.462563570078,0.1,150,5,0.09866666666666667,1.9730043055714237,4.962905326036999,0.0
mtd_ai,200,0.00504491950179965,0.4787234042553192,4022.534708593264,0.15,150,5,0.09866666666666667,1.9730043055714237,4.962905326036999,0.0
mtd_ai,200,0.00504491950179965,0.5172413793103449,4675.940080067223,0.2,150,5,0.09866666666666667,1.9730043055714237,4.962905326036999,0.0
mtd_ai,200,0.00504491950179965,0.4934210526315789,5502.375848796111,0.25,150,5,0.09866666666666667,1.9730043055714237,4.962905326036999,0.0
mtd_ai,200,0.005044259544896707,0.2777777777777778,3102.5765918278116,0.05,150,5,0.12777777777777777,0.05551859487524356,0.14302932211504824,4.607142857142857
mtd_ai,200,0.005044259544896707,0.40540540540540543,3779.636586228617,0.1,150,5,0.12777777777777777,0.05551859487524356,0.14302932211504824,4.607142857142857
mtd_ai,200,0.005044259544896707,0.46875,4366.549513111386,0.15,150,5,0.12777777777777777,0.05551859487524356,0.14302932211504824,4.607142857142857
mtd_ai,200,0.005044259544896707,0.5,5157.472320882205,0.2,150,5,0.12777777777777777,0.05551859487524356,0.14302932211504824,4.607142857142857
mtd_ai,200,0.005044259544896707,0.5136986301369864,5627.976432469179,0.25,150,5,0.12777777777777777,0.05551859487524356,0.14302932211504824,4.607142857142857
mtd_ai,200,0.005030447065151884,0.3125,2364.3335296244377,0.05,150,5,0.14533333333333334,0.783443417778347,1.8910493796053691,0.0
mtd_ai,200,0.005030447065151884,0.2727272727272727,6349.586421489104,0.1,150,5,0.14533333333333334,0.783443417778347,1.8910493796053691,0.0
mtd_ai,200,0.005030447065151884,0.34615384615384615,6743.660239300716,0.15,150,5,0.14533333333333334,0.783443417778347,1.8910493796053691,0.0
mtd_ai,200,0.005030447065151884,0.4,6976.389251174348,0.2,150,5,0.14533333333333334,0.783443417778347,1.8910493796053691,0.0
mtd_ai,200,0.005030447065151884,0.4411764705882353,7242.505845183058,0.25,150,5,0.14533333333333334,0.783443417778347,1.8910493796053691,0.0
mtd_ai,200,0.005052763205241256,0.32608695652173914,2195.2250291171003,0.05,150,5,0.10555555555555556,0.3893213276590885,1.44496707417323,0.0
mtd_ai,200,0.005052763205241256,0.39473684210526316,2989.787809639749,0.1,150,5,0.10555555555555556,0.3893213276590885,1.44496707417323,0.0
mtd_ai,200,0.005052763205241256,0.45,3842.645078299488,0.15,150,5,0.10555555555555556,0.3893213276590885,1.44496707417323,0.0
mtd_ai,200,0.005052763205241256,0.4838709677419355,4383.173958663458,0.2,150,5,0.10555555555555556,0.3893213276590885,1.44496707417323,0.0
mtd_ai,200,0.005052763205241256,0.4807692307692308,5850.372602743782,0.25,150,5,0.10555555555555556,0.3893213276590885,1.44496707417323,0.0
mtd_ai,200,0.005088710646961817,0.375,1798.0478268579068,0.05,150,5,0.15244444444444444,1.592765861966853,3.0923245953751497,0.0
mtd_ai,200,0.005088710646961817,0.375,2984.214548476154,0.1,150,5,0.15244444444444444,1.592765861966853,3.0923245953751497,0.0
mtd_ai,200,0.005088710646961817,0.4017857142857143,3625.9980564645434,0.15,150,5,0.15244444444444444,1.592765861966853,3.0923245953751497,0.0
mtd_ai,200,0.005088710646961817,0.43478260869565216,4176.837225482139,0.2,150,5,0.15244444444444444,1.592765861966853,3.0923245953751497,0.0
mtd_ai,200,0.005088710646961817,0.487012987012987,4452.588038227495,0.25,150,5,0.15244444444444444,1.592765861966853,3.0923245953751497,0.0
mtd_ai,200,0.005041956553839372,0.3125,2075.140064056899,0.05,150,5,0.17755555555555555,0.5079793753925732,1.959650746252159,0.0
mtd_ai,200,0.005041956553839372,0.39473684210526316,3142.826206927589,0.1,150,5,0.17755555555555555,0.5079793753925732,1.959650746252159,0.0
mtd_ai,200,0.005041956553839372,0.4326923076923077,4165.33435401393,0.15,150,5,0.17755555555555555,0.5079793753925732,1.959650746252159,0.0
mtd_ai,200,0.005041956553839372,0.4411764705882353,5103.547492007254,0.2,150,5,0.17755555555555555,0.5079793753925732,1.959650746252159,0.0
mtd_ai,200,0.005041956553839372,0.46875,5569.577622103567,0.25,150,5,0.17755555555555555,0.5079793753925732,1.959650746252159,0.0
mtd_ai,200,0.005055649788984528,0.39473684210526316,1437.0592369727942,0.05,150,5,0.23809523809523808,0.35688192852276246,1.5981431848789875,0.0
mtd_ai,200,0.005055649788984528,0.40540540540540543,3629.0407772585613,0.1,150,5,0.23809523809523808,0.35688192852276246,1.5981431848789875,0.0
mtd_ai,200,0.005055649788984528,0.4787234042553192,4323.37479594638,0.15,150,5,0.23809523809523808,0.35688192852276246,1.5981431848789875,0.0
mtd_ai,200,0.005055649788984528,0.5172413793103449,4835.706963792723,0.2,150,5,0.23809523809523808,0.35688192852276246,1.5981431848789875,0.0
mtd_ai,200,0.005055649788984528,0.5597014925373134,5278.020107848677,0.25,150,5,0.23809523809523808,0.35688192852276246,1.5981431848789875,0.0
mtd_ai,200,0.005072227003316652,0.2777777777777778,2342.437259568982,0.05,150,5,0.16533333333333333,0.012593868550526096,0.052256744272613835,0.0
mtd_ai,200,0.005072227003316652,0.3409090909090909,3039.3956312670425,0.1,150,5,0.16533333333333333,0.012593868550526096,0.052256744272613835,0.0
mtd_ai,200,0.005072227003316652,0.39473684210526316,4007.050635474373,0.15,150,5,0.16533333333333333,0.012593868550526096,0.052256744272613835,0.0
mtd_ai,200,0.005072227003316652,0.4225352112676056,4934.246940434357,0.2,150,5,0.16533333333333333,0.012593868550526096,0.052256744272613835,0.0
mtd_ai,200,0.005072227003316652,0.4411764705882353,5792.071170668087,0.25,150,5,0.16533333333333333,0.012593868550526096,0.052256744272613835,0.0
mtd_ai,200,0.005052100749151121,0.4166666666666667,1680.4877842575454,0.05,150,5,0.12571428571428572,0.3523851868870343,0.9908116354563046,0.0
mtd_ai,200,0.005052100749151121,0.4411764705882353,2987.010144916797,0.1,150,5,0.12571428571428572,0.3523851868870343,0.9908116354563046,0.0
mtd_ai,200,0.005052100749151121,0.5,3540.184758557237,0.15,150,5,0.12571428571428572,0.3523851868870343,0.9908116354563046,0.0
mtd_ai,200,0.005052100749151121,0.5,4726.503461254188,0.2,150,5,0.12571428571428572,0.3523851868870343,0.9908116354563046,0.0
mtd_ai,200,0.005052100749151121,0.4934210526315789,5636.445497530141,0.25,150,5,0.12571428571428572,0.3523851868870343,0.9908116354563046,0.0
mtd_ai,200,0.005056620845479318,0.39473684210526316,1798.0691809218488,0.05,150,5,0.17444444444444446,0.6195476284800503,2.667355145064123,0.0
mtd_ai,200,0.005056620845479318,0.45454545454545453,2540.9728290522644,0.1,150,5,0.17444444444444446,0.6195476284800503,2.667355145064123,0.0
mtd_ai,200,0.005056620845479318,0.4787234042553192,3270.312914706363,0.15,150,5,0.17444444444444446,0.6195476284800503,2.667355145064123,0.0
mtd_ai,200,0.005056620845479318,0.46875,4396.177674685574,0.2,150,5,0.17444444444444446,0.6195476284800503,2.667355145064123,0.0
mtd_ai,200,0.005056620845479318,0.487012987012987,5008.663298561756,0.25,150,5,0.17444444444444446,0.6195476284800503,2.667355145064123,0.0
mtd_ai,200,0.005087960724830015,0.375,2208.410481019828,0.05,150,5,0.15555555555555556,4.774479925967843,7.160434525887424,0.0
mtd_ai,200,0.005087960724830015,0.45454545454545453,3148.754201698176,0.1,150,5,0.15555555555555556,4.774479925967843,7.160434525887424,0.0
mtd_ai,200,0.005087960724830015,0.46875,4096.5365789355565,0.15,150,5,0.15555555555555556,4.774479925967843,7.160434525887424,0.0
mtd_ai,200,0.005087960724830015,0.4838709677419355,4767.330907205588,0.2,150,5,0.15555555555555556,4.774479925967843,7.160434525887424,0.0
mtd_ai,200,0.005087960724830015,0.5208333333333334,5163.112372103529,0.25,150,5,0.15555555555555556,4.774479925967843,7.160434525887424,0.0
mtd_ai,200,0.005052915129169179,0.32608695652173914,2149.8017855674443,0.05,150,5,0.13636363636363635,0.1724740512098216,0.5837600289187659,0.0
mtd_ai,200,0.005052915129169179,0.35714285714285715,4154.919404366408,0.1,150,5,0.13636363636363635,0.1724740512098216,0.5837600289187659,0.0
mtd_ai,200,0.005052915129169179,0.36885245901639346,5636.7890941831065,0.15,150,5,0.13636363636363635,0.1724740512098216,0.5837600289187659,0.0
mtd_ai,200,0.005052915129169179,0.38961038961038963,6560.906508157728,0.2,150,5,0.13636363636363635,0.1724740512098216,0.5837600289187659,0.0
mtd_ai,200,0.005052915129169179,0.4076086956521739,7357.827189585363,0.25,150,5,0.13636363636363635,0.1724740512098216,0.5837600289187659,0.0
mtd_ai,200,0.005073975469004279,0.5,1121.635335921773,0.05,150,5,0.1061111111111111,2.6088467575766026,6.238028770539137,0.0
mtd_ai,200,0.005073975469004279,0.45454545454545453,2616.394217222605,0.1,150,5,0.1061111111111111,2.6088467575766026,6.238028770539137,0.0
mtd_ai,200,0.005073975469004279,0.4787234042553192,3747.0283694742566,0.15,150,5,0.1061111111111111,2.6088467575766026,6.238028770539137,0.0
mtd_ai,200,0.005073975469004279,0.46875,5054.583333180856,0.2,150,5,0.1061111111111111,2.6088467575766026,6.238028770539137,0.0
mtd_ai,200,0.005073975469004279,0.5,5615.832688557742,0.25,150,5,0.1061111111111111,2.6088467575766026,6.238028770539137,0.0
mtd_ai,200,0.005078834079049614,0.5357142857142857,1177.384641441991,0.05,150,5,0.1,0.5991882729965398,0.812447005250835,0.0
mtd_ai,200,0.005078834079049614,0.46875,3200.161701592887,0.1,150,5,0.1,0.5991882729965398,0.812447005250835,0.0
mtd_ai,200,0.005078834079049614,0.5113636363636364,4425.044932251905,0.15,150,5,0.1,0.5991882729965398,0.812447005250835,0.0
mtd_ai,200,0.005078834079049614,0.5454545454545454,4877.507378579985,0.2,150,5,0.1,0.5991882729965398,0.812447005250835,0.0
mtd_ai,200,0.005078834079049614,0.5769230769230769,5442.855677217655,0.25,150,5,0.1,0.5991882729965398,0.812447005250835,0.0
mtd_ai,200,0.005079636009092312,0.3409090909090909,2476.883073113034,0.05,150,5,0.11,0.5991226720220241,1.887549901442717,0.0
mtd_ai,200,0.005079636009092312,0.40540540540540543,3201.836476141034,0.1,150,5,0.11,0.5991226720220241,1.887549901442717,0.0
mtd_ai,200,0.005079636009092312,0.46875,3832.229975151299,0.15,150,5,0.11,0.5991226720220241,1.887549901442717,0.0
mtd_ai,200,0.005079636009092312,0.5172413793103449,4286.190263229896,0.2,150,5,0.11,0.5991226720220241,1.887549901442717,0.0
mtd_ai,200,0.005079636009092312,0.5357142857142857,5416.3462855331,0.25,150,5,0.11,0.5991226720220241,1.887549901442717,0.0
mtd_ai,200,0.005058205806217983,0.3,1920.727073225238,0.05,150,5,0.145,0.47644615212696906,1.981449842643215,0.0
mtd_ai,200,0.005058205806217983,0.3488372093023256,3526.0195669396035,0.1,150,5,0.145,0.47644615212696906,1.981449842643215,0.0
mtd_ai,200,0.005058205806217983,0.3515625,5723.49453074794,0.15,150,5,0.145,0.47644615212696906,1.981449842643215,0.0
mtd_ai,200,0.005058205806217983,0.39473684210526316,6512.56519264467,0.2,150,5,0.145,0.47644615212696906,1.981449842643215,0.0
mtd_ai,200,0.005058205806217983,0.4411764705882353,6806.346717698077,0.25,150,5,0.145,0.47644615212696906,1.981449842643215,0.0
mtd_ai,200,0.005038462482184116,0.32608695652173914,2091.5503968675703,0.05,150,5,0.1277777777777778,1.3910028723034256,3.3329456119847785,0.0
mtd_ai,200,0.005038462482184116,0.3409090909090909,3915.731931815587,0.1,150,5,0.1277777777777778,1.3910028723034256,3.3329456119847785,0.0
mtd_ai,200,0.005038462482184116,0.39473684210526316,4935.75049306518,0.15,150,5,0.1277777777777778,1.3910028723034256,3.3329456119847785,0.0
mtd_ai,200,0.005038462482184116,0.4225352112676056,6171.447200766803,0.2,150,5,0.1277777777777778,1.3910028723034256,3.3329456119847785,0.0
mtd_ai,200,0.005038462482184116,0.44642857142857145,7041.698812766523,0.25,150,5,0.1277777777777778,1.3910028723034256,3.3329456119847785,0.0
mtd_ai,200,0.005061189383720966,0.32608695652173914,1829.3405408547733,0.05,150,5,0.08666666666666667,0.9937269581043111,3.292170412322849,0.0
mtd_ai,200,0.005061189383720966,0.3488372093023256,4056.314045722386,0.1,150,5,0.08666666666666667,0.9937269581043111,3.292170412322849,0.0
mtd_ai,200,0.005061189383720966,0.375,5189.996077838572,0.15,150,5,0.08666666666666667,0.9937269581043111,3.292170412322849,0.0
mtd_ai,200,0.005061189383720966,0.4166666666666667,5890.689557032983,0.2,150,5,0.08666666666666667,0.9937269581043111,3.292170412322849,0.0
mtd_ai,200,0.005061189383720966,0.45180722891566266,6416.574921035903,0.25,150,5,0.08666666666666667,0.9937269581043111,3.292170412322849,0.0
mtd_ai,200,0.005058510035461835,0.25,3177.929612249016,0.05,150,5,0.1,0.39586244337936033,1.5911563341284503,0.0
mtd_ai,200,0.005058510035461835,0.29411764705882354,5036.0258224130885,0.1,150,5,0.1,0.39586244337936033,1.5911563341284503,0.0
mtd_ai,200,0.005058510035461835,0.35714285714285715,5623.9695593990855,0.15,150,5,0.1,0.39586244337936033,1.5911563341284503,0.0
mtd_ai,200,0.005058510035461835,0.38961038961038963,6338.938436117807,0.2,150,5,0.1,0.39586244337936033,1.5911563341284503,0.0
mtd_ai,200,0.005058510035461835,0.4411764705882353,6728.545225459809,0.25,150,5,0.1,0.39586244337936033,1.5911563341284503,0.0
mtd_ai,200,0.00505718245504266,0.26785714285714285,3115.022239897558,0.05,150,5,0.1243174603174603,0.13049108172472274,0.38711284024699694,0.0
mtd_ai,200,0.00505718245504266,0.3125,4776.7541943200185,0.1,150,5,0.1243174603174603,0.13049108172472274,0.38711284024699694,0.0
mtd_ai,200,0.00505718245504266,0.34615384615384615,5747.009950653293,0.15,150,5,0.1243174603174603,0.13049108172472274,0.38711284024699694,0.0
mtd_ai,200,0.00505718245504266,0.4,6523.319558272913,0.2,150,5,0.1243174603174603,0.13049108172472274,0.38711284024699694,0.0
mtd_ai,200,0.00505718245504266,0.436046511627907,7258.119901687251,0.25,150,5,0.1243174603174603,0.13049108172472274,0.38711284024699694,0.0
mtd_ai,200,0.005054467457389162,0.234375,3177.5802905236724,0.05,150,5,0.14666666666666667,0.23793309518397637,0.9273803062419952,0.0
mtd_ai,200,0.005054467457389162,0.23809523809523808,5344.733470418598,0.1,150,5,0.14666666666666667,0.23793309518397637,0.9273803062419952,0.0
mtd_ai,200,0.005054467457389162,0.2848101265822785,5984.811462570127,0.15,150,5,0.14666666666666667,0.23793309518397637,0.9273803062419952,0.0
mtd_ai,200,0.005054467457389162,0.32608695652173914,6691.221075071083,0.2,150,5,0.14666666666666667,0.23793309518397637,0.9273803062419952,0.0
mtd_ai,200,0.005054467457389162,0.375,7000.120754074162,0.25,150,5,0.14666666666666667,0.23793309518397637,0.9273803062419952,0.0
mtd_ai,200,0.005050637610952534,0.25862068965517243,3208.4886990195046,0.05,150,5,0.13755555555555557,0.5255167953672855,1.6269585468039096,0.0
mtd_ai,200,0.005050637610952534,0.38461538461538464,3750.9076793167196,0.1,150,5,0.13755555555555557,0.5255167953672855,1.6269585468039096,0.0
mtd_ai,200,0.005050637610952534,0.4326923076923077,4735.751432448573,0.15,150,5,0.13755555555555557,0.5255167953672855,1.6269585468039096,0.0
mtd_ai,200,0.005050637610952534,0.4918032786885246,5112.418188294863,0.2,150,5,0.13755555555555557,0.5255167953672855,1.6269585468039096,0.0
mtd_ai,200,0.005050637610952534,0.528169014084507,5670.661092778251,0.25,150,5,0.13755555555555557,0.5255167953672855,1.6269585468039096,0.0
mtd_ai,200,0.005040921025624508,0.14423076923076922,4431.175614732658,0.05,150,5,0.21428571428571427,5.98451439822298,8.12667007110896,0.0
mtd_ai,200,0.005040921025624508,0.22727272727272727,5053.707507113939,0.1,150,5,0.21428571428571427,5.98451439822298,8.12667007110896,0.0
mtd_ai,200,0.005040921025624508,0.28125,5824.282812989841,0.15,150,5,0.21428571428571427,5.98451439822298,8.12667007110896,0.0
mtd_ai,200,0.005040921025624508,0.32967032967032966,6187.001120785944,0.2,150,5,0.21428571428571427,5.98451439822298,8.12667007110896,0.0
mtd_ai,200,0.005040921025624508,0.3605769230769231,7045.614384722453,0.25,150,5,0.21428571428571427,5.98451439822298,8.12667007110896,0.0
mtd_ai,200,0.0050618664263618945,0.46875,1324.7571329112657,0.05,150,5,0.17042857142857146,0.3701914087928388,0.9975343506921474,0.0
mtd_ai,200,0.0050618664263618945,0.4838709677419355,2391.659823632719,0.1,150,5,0.17042857142857146,0.3701914087928388,0.9975343506921474,0.0
mtd_ai,200,0.0050618664263618945,0.5487804878048781,2789.243506009798,0.15,150,5,0.17042857142857146,0.3701914087928388,0.9975343506921474,0.0
mtd_ai,200,0.0050618664263618945,0.5769230769230769,3332.0827554038015,0.2,150,5,0.17042857142857146,0.3701914087928388,0.9975343506921474,0.0
mtd_ai,200,0.0050618664263618945,0.5859375,4229.545376284277,0.25,150,5,0.17042857142857146,0.3701914087928388,0.9975343506921474,0.0
mtd_ai,200,0.0050512933211383955,0.19736842105263158,3507.331598498348,0.05,150,5,0.1875,1.9040559596331574,3.375332338834681,0.0
mtd_ai,200,0.0050512933211383955,0.21428571428571427,5692.720020886729,0.1,150,5,0.1875,1.9040559596331574,3.375332338834681,0.0
mtd_ai,200,0.0050512933211383955,0.28846153846153844,6070.976288957918,0.15,150,5,0.1875,1.9040559596331574,3.375332338834681,0.0
mtd_ai,200,0.0050512933211383955,0.297029702970297,7010.544845721843,0.2,150,5,0.1875,1.9040559596331574,3.375332338834681,0.0
mtd_ai,200,0.0050512933211383955,0.33783783783783783,7829.021317256509,0.25,150,5,0.1875,1.9040559596331574,3.375332338834681,0.0
mtd_ai,200,0.005075083608590625,0.32608695652173914,1998.5712043619112,0.05,150,5,0.16766666666666669,0.3454045080378808,1.446586434974739,0.0
mtd_ai,200,0.005075083608590625,0.40540540540540543,3050.4224890266196,0.1,150,5,0.16766666666666669,0.3454045080378808,1.446586434974739,0.0
mtd_ai,200,0.005075083608590625,0.4411764705882353,4186.099462577236,0.15,150,5,0.16766666666666669,0.3454045080378808,1.446586434974739,0.0
mtd_ai,200,0.005075083608590625,0.46875,4718.339244617631,0.2,150,5,0.16766666666666669,0.3454045080378808,1.446586434974739,0.0
mtd_ai,200,0.005075083608590625,0.47468354430379744,5628.674167363883,0.25,150,5,0.16766666666666669,0.3454045080378808,1.446586434974739,0.0
mtd_ai,200,0.00506357906211741,0.32608695652173914,2024.4677371632872,0.05,150,5,0.14444444444444446,50.31847934217645,7.167079562130845,0.0
mtd_ai,200,0.00506357906211741,0.36585365853658536,3773.382895681818,0.1,150,5,0.14444444444444446,50.31847934217645,7.167079562130845,0.0
mtd_ai,200,0.00506357906211741,0.4166666666666667,4806.237817065634,0.15,150,5,0.14444444444444446,50.31847934217645,7.167079562130845,0.0
mtd_ai,200,0.00506357906211741,0.46153846153846156,5420.313634579858,0.2,150,5,0.14444444444444446,50.31847934217645,7.167079562130845,0.0
mtd_ai,200,0.00506357906211741,0.487012987012987,6259.308431574252,0.25,150,5,0.14444444444444446,50.31847934217645,7.167079562130845,0.0
mtd_ai,200,0.005042215728425277,0.3125,2681.865254689611,0.05,150,5,0.11666666666666667,0.43304165988551796,1.3182867489360601,0.0
mtd_ai,200,0.005042215728425277,0.35714285714285715,4147.653465217019,0.1,150,5,0.11666666666666667,0.43304165988551796,1.3182867489360601,0.0
mtd_ai,200,0.005042215728425277,0.4090909090909091,4920.197585064634,0.15,150,5,0.11666666666666667,0.43304165988551796,1.3182867489360601,0.0
mtd_ai,200,0.005042215728425277,0.42857142857142855,6118.531730594212,0.2,150,5,0.11666666666666667,0.43304165988551796,1.3182867489360601,0.0
mtd_ai,200,0.005042215728425277,0.46875,6576.468235032874,0.25,150,5,0.11666666666666667,0.43304165988551796,1.3182867489360601,0.0
mtd_ai,200,0.005034915042668871,0.16304347826086957,4696.457167113833,0.05,150,5,0.21969696969696972,1.4468443686448142,4.369862681394234,-4.571428571428571
mtd_ai,200,0.005034915042668871,0.2459016393442623,5801.071423068128,0.1,150,5,0.21969696969696972,1.4468443686448142,4.369862681394234,-4.571428571428571
mtd_ai,200,0.005034915042668871,0.3,6869.970901792685,0.15,150,5,0.21969696969696972,1.4468443686448142,4.369862681394234,-4.571428571428571
mtd_ai,200,0.005034915042668871,0.3409090909090909,7606.454360060703,0.2,150,5,0.21969696969696972,1.4468443686448142,4.369862681394234,-4.571428571428571
mtd_ai,200,0.005034915042668871,0.3865979381443299,7825.684963681078,0.25,150,5,0.21969696969696972,1.4468443686448142,4.369862681394234,-4.571428571428571
mtd_ai,200,0.005072220387761805,0.35714285714285715,1657.6768234830975,0.05,150,5,0.2222222222222222,1.4932671009557659,4.516279952124588,0.0
mtd_ai,200,0.005072220387761805,0.39473684210526316,2866.278724648959,0.1,150,5,0.2222222222222222,1.4932671009557659,4.516279952124588,0.0
mtd_ai,200,0.005072220387761805,0.45918367346938777,3616.2303380353906,0.15,150,5,0.2222222222222222,1.4932671009557659,4.516279952124588,0.0
mtd_ai,200,0.005072220387761805,0.4838709677419355,4678.4095711922655,0.2,150,5,0.2222222222222222,1.4932671009557659,4.516279952124588,0.0
mtd_ai,200,0.005072220387761805,0.5,5724.37674812971,0.25,150,5,0.2222222222222222,1.4932671009557659,4.516279952124588,0.0
mtd_ai,200,0.005064650546713477,0.2777777777777778,2757.9113278190835,0.05,150,5,0.14166666666666666,0.6475847347162531,2.8711795307863706,0.0
mtd_ai,200,0.005064650546713477,0.3409090909090909,3810.356967443042,0.1,150,5,0.14166666666666666,0.6475847347162531,2.8711795307863706,0.0
mtd_ai,200,0.005064650546713477,0.3629032258064516,5048.198372517878,0.15,150,5,0.14166666666666666,0.6475847347162531,2.8711795307863706,0.0
mtd_ai,200,0.005064650546713477,0.375,5948.007943955889,0.2,150,5,0.14166666666666666,0.6475847347162531,2.8711795307863706,0.0
mtd_ai,200,0.005064650546713477,0.39893617021276595,6713.308414156871,0.25,150,5,0.14166666666666666,0.6475847347162531,2.8711795307863706,0.0
mtd_ai,200,0.0050547584061527515,0.375,1193.023033990779,0.05,150,5,0.12333333333333334,0.9714838499234728,3.8991336235596474,0.0
mtd_ai,200,0.0050547584061527515,0.35714285714285715,3147.3057638962982,0.1,150,5,0.12333333333333334,0.9714838499234728,3.8991336235596474,0.0
mtd_ai,200,0.0050547584061527515,0.4411764705882353,3779.6086599436285,0.15,150,5,0.12333333333333334,0.9714838499234728,3.8991336235596474,0.0
mtd_ai,200,0.0050547584061527515,0.4838709677419355,4633.8575543958195,0.2,150,5,0.12333333333333334,0.9714838499234728,3.8991336235596474,0.0
mtd_ai,200,0.0050547584061527515,0.528169014084507,4939.97238624284,0.25,150,5,0.12333333333333334,0.9714838499234728,3.8991336235596474,0.0
mtd_ai,200,0.00504452888649975,0.28846153846153844,2443.053835267977,0.05,150,5,0.1101111111111111,1.4043446257784244,5.1066455666666215,4.566666666666666
mtd_ai,200,0.00504452888649975,0.36585365853658536,3526.198861497269,0.1,150,5,0.1101111111111111,1.4043446257784244,5.1066455666666215,4.566666666666666
mtd_ai,200,0.00504452888649975,0.42452830188679247,4265.649243577194,0.15,150,5,0.1101111111111111,1.4043446257784244,5.1066455666666215,4.566666666666666
mtd_ai,200,0.00504452888649975,0.45454545454545453,4944.478151501973,0.2,150,5,0.1101111111111111,1.4043446257784244,5.1066455666666215,4.566666666666666
mtd_ai,200,0.00504452888649975,0.45180722891566266,5706.646850931611,0.25,150,5,0.1101111111111111,1.4043446257784244,5.1066455666666215,4.566666666666666
mtd_ai,200,0.005060494004802387,0.375,1722.5330744857495,0.05,150,5,0.11722222222222221,1.0793100659783632,2.3856449982626247,0.0
mtd_ai,200,0.005060494004802387,0.45454545454545453,2688.9145269378478,0.1,150,5,0.11722222222222221,1.0793100659783632,2.3856449982626247,0.0
mtd_ai,200,0.005060494004802387,0.45918367346938777,3700.676692316411,0.15,150,5,0.11722222222222221,1.0793100659783632,2.3856449982626247,0.0
mtd_ai,200,0.005060494004802387,0.47619047619047616,4771.999906329244,0.2,150,5,0.11722222222222221,1.0793100659783632,2.3856449982626247,0.0
mtd_ai,200,0.005060494004802387,0.42613636363636365,6165.344302405934,0.25,150,5,0.11722222222222221,1.0793100659783632,2.3856449982626247,0.0
mtd_ai,200,0.005037953117961543,0.35714285714285715,1980.2102154573968,0.05,150,5,0.15377777777777776,0.4941481110977222,1.7547334009024906,0.0
mtd_ai,200,0.005037953117961543,0.36585365853658536,3651.2529711244274,0.1,150,5,0.15377777777777776,0.4941481110977222,1.7547334009024906,0.0
mtd_ai,200,0.005037953117961543,0.4411764705882353,4459.345889049193,0.15,150,5,0.15377777777777776,0.4941481110977222,1.7547334009024906,0.0
mtd_ai,200,0.005037953117961543,0.4411764705882353,5914.761921275565,0.2,150,5,0.15377777777777776,0.4941481110977222,1.7547334009024906,0.0
mtd_ai,200,0.005037953117961543,0.45180722891566266,6600.537252686223,0.25,150,5,0.15377777777777776,0.4941481110977222,1.7547334009024906,0.0
mtd_ai,200,0.005086998524344518,0.375,2202.726510071013,0.05,150,5,0.16666666666666666,0.641399435606617,2.0053212785446837,0.0
mtd_ai,200,0.005086998524344518,0.46875,3074.397432141406,0.1,150,5,0.16666666666666666,0.641399435606617,2.0053212785446837,0.0
mtd_ai,200,0.005086998524344518,0.5113636363636364,3867.45560192293,0.15,150,5,0.16666666666666666,0.641399435606617,2.0053212785446837,0.0
mtd_ai,200,0.005086998524344518,0.5084745762711864,4705.19185334033,0.2,150,5,0.16666666666666666,0.641399435606617,2.0053212785446837,0.0
mtd_ai,200,0.005086998524344518,0.5681818181818182,5006.718266319066,0.25,150,5,0.16666666666666666,0.641399435606617,2.0053212785446837,0.0
mtd_ai,200,0.005055358118403514,0.375,2018.7650700755926,0.05,150,5,0.13111111111111112,0.05716313195138399,0.18761396240318717,0.0
mtd_ai,200,0.005055358118403514,0.5172413793103449,2605.6377952029575,0.1,150,5,0.13111111111111112,0.05716313195138399,0.18761396240318717,0.0
mtd_ai,200,0.005055358118403514,0.5357142857142857,3309.254284919532,0.15,150,5,0.13111111111111112,0.05716313195138399,0.18761396240318717,0.0
mtd_ai,200,0.005055358118403514,0.5454545454545454,4392.049944557748,0.2,150,5,0.13111111111111112,0.05716313195138399,0.18761396240318717,0.0
mtd_ai,200,0.005055358118403514,0.5434782608695652,4835.281666669884,0.25,150,5,0.13111111111111112,0.05716313195138399,0.18761396240318717,0.0
mtd_ai,200,0.0050529729347189405,0.3409090909090909,2042.7434673968244,0.05,150,5,0.1751111111111111,0.5228882017678786,1.9653056111592417,0.0
mtd_ai,200,0.0050529729347189405,0.2631578947368421,5732.123845726277,0.1,150,5,0.1751111111111111,0.5228882017678786,1.9653056111592417,0.0
mtd_ai,200,0.0050529729347189405,0.31690140845070425,6557.688009925472,0.15,150,5,0.1751111111111111,0.5228882017678786,1.9653056111592417,0.0
mtd_ai,200,0.0050529729347189405,0.3614457831325301,7186.513742198258,0.2,150,5,0.1751111111111111,0.5228882017678786,1.9653056111592417,0.0
mtd_ai,200,0.0050529729347189405,0.4076086956521739,7484.461187831257,0.25,150,5,0.1751111111111111,0.5228882017678786,1.9653056111592417,0.0
mtd_ai,200,0.005076511292454675,0.28846153846153844,2498.189138986757,0.05,150,5,0.12833333333333333,0.25271024972695805,0.73904162595468,0.0
mtd_ai,200,0.005076511292454675,0.40540540540540543,3544.798100554306,0.1,150,5,0.12833333333333333,0.25271024972695805,0.73904162595468,0.0
mtd_ai,200,0.005076511292454675,0.45918367346938777,4340.518193584795,0.15,150,5,0.12833333333333333,0.25271024972695805,0.73904162595468,0.0
mtd_ai,200,0.005076511292454675,0.47619047619047616,5030.266163678167,0.2,150,5,0.12833333333333333,0.25271024972695805,0.73904162595468,0.0
mtd_ai,200,0.005076511292454675,0.4934210526315789,5841.792359724601,0.25,150,5,0.12833333333333333,0.25271024972695805,0.73904162595468,0.0
mtd_ai,200,0.005085817444714778,0.39473684210526316,1914.1999469610787,0.05,150,5,0.2,0.2258536951390648,0.5681883836861982,0.0
mtd_ai,200,0.005085817444714778,0.4166666666666667,3159.761679931463,0.1,150,5,0.2,0.2258536951390648,0.5681883836861982,0.0
mtd_ai,200,0.005085817444714778,0.4891304347826087,3633.9540116402773,0.15,150,5,0.2,0.2258536951390648,0.5681883836861982,0.0
mtd_ai,200,0.005085817444714778,0.4838709677419355,4636.263059459527,0.2,150,5,0.2,0.2258536951390648,0.5681883836861982,0.0
mtd_ai,200,0.005085817444714778,0.5208333333333334,5286.819477517121,0.25,150,5,0.2,0.2258536951390648,0.5681883836861982,0.0
mtd_ai,200,0.005066194542216523,0.3,2582.2582442623325,0.05,150,5,0.14644444444444443,1.638509112629022,2.737238735965132,0.0
mtd_ai,200,0.005066194542216523,0.3409090909090909,3577.1742831065008,0.1,150,5,0.14644444444444443,1.638509112629022,2.737238735965132,0.0
mtd_ai,200,0.005066194542216523,0.32608695652173914,5153.631384848932,0.15,150,5,0.14644444444444443,1.638509112629022,2.737238735965132,0.0
mtd_ai,200,0.005066194542216523,0.3488372093023256,6061.625921266716,0.2,150,5,0.14644444444444443,1.638509112629022,2.737238735965132,0.0
mtd_ai,200,0.005066194542216523,0.3712871287128713,6684.750713211695,0.25,150,5,0.14644444444444443,1.638509112629022,2.737238735965132,0.0
mtd_ai,200,0.005046507748759233,0.2777777777777778,2452.606879362237,0.05,150,5,0.12,0.002086545831101043,0.005217745068552887,0.0
mtd_ai,200,0.005046507748759233,0.3488372093023256,3646.5986253054807,0.1,150,5,0.12,0.002086545831101043,0.005217745068552887,0.0
mtd_ai,200,0.005046507748759233,0.4017857142857143,4451.182438154674,0.15,150,5,0.12,0.002086545831101043,0.005217745068552887,0.0
mtd_ai,200,0.005046507748759233,0.38961038961038963,5579.193810920526,0.2,150,5,0.12,0.002086545831101043,0.005217745068552887,0.0
mtd_ai,200,0.005046507748759233,0.42613636363636365,6174.913095110408,0.25,150,5,0.12,0.002086545831101043,0.005217745068552887,0.0
mtd_ai,200,0.005045455538668077,0.4166666666666667,2245.6451875336884,0.05,150,5,0.14977777777777776,3.0106255176351806,4.662242949377736,0.0
mtd_ai,200,0.005045455538668077,0.46875,3422.2333704690564,0.1,150,5,0.14977777777777776,3.0106255176351806,4.662242949377736,0.0
mtd_ai,200,0.005045455538668077,0.4787234042553192,4235.475053021657,0.15,150,5,0.14977777777777776,3.0106255176351806,4.662242949377736,0.0
mtd_ai,200,0.005045455538668077,0.4838709677419355,4937.261739314936,0.2,150,5,0.14977777777777776,3.0106255176351806,4.662242949377736,0.0
mtd_ai,200,0.005045455538668077,0.5067567567567568,5762.668002662343,0.25,150,5,0.14977777777777776,3.0106255176351806,4.662242949377736,0.0
mtd_ai,200,0.005053761330563397,0.375,1970.9967618997518,0.05,150,5,0.25207936507936507,0.18446065261325856,0.6413444530450088,0.0
mtd_ai,200,0.005053761330563397,0.4411764705882353,3124.3754186461456,0.1,150,5,0.25207936507936507,0.18446065261325856,0.6413444530450088,0.0
mtd_ai,200,0.005053761330563397,0.5,3953.706820324157,0.15,150,5,0.25207936507936507,0.18446065261325856,0.6413444530450088,0.0
mtd_ai,200,0.005053761330563397,0.5357142857142857,4724.705893202536,0.2,150,5,0.25207936507936507,0.18446065261325856,0.6413444530450088,0.0
mtd_ai,200,0.005053761330563397,0.5597014925373134,5179.75830050659,0.25,150,5,0.25207936507936507,0.18446065261325856,0.6413444530450088,0.0
mtd_ai,200,0.005060881986079735,0.20833333333333334,3069.1906508901257,0.05,150,5,0.1611111111111111,0.27069400695103063,0.8568454230796719,0.0
mtd_ai,200,0.005060881986079735,0.28846153846153844,4223.697130638813,0.1,150,5,0.1611111111111111,0.27069400695103063,0.8568454230796719,0.0
mtd_ai,200,0.005060881986079735,0.34615384615384615,5015.935455317436,0.15,150,5,0.1611111111111111,0.27069400695103063,0.8568454230796719,0.0
mtd_ai,200,0.005060881986079735,0.375,5685.31904724452,0.2,150,5,0.1611111111111111,0.27069400695103063,0.8568454230796719,0.0
mtd_ai,200,0.005060881986079735,0.4076086956521739,6255.459808778778,0.25,150,5,0.1611111111111111,0.27069400695103063,0.8568454230796719,0.0
mtd_ai,200,0.00506772695883515,0.35714285714285715,2188.289096531098,0.05,150,5,0.08444444444444445,0.780234949722512,3.0898075476430513,0.0
mtd_ai,200,0.00506772695883515,0.40540540540540543,3035.5188762332746,0.1,150,5,0.08444444444444445,0.780234949722512,3.0898075476430513,0.0
mtd_ai,200,0.00506772695883515,0.45918367346938777,3897.3356559182794,0.15,150,5,0.08444444444444445,0.780234949722512,3.0898075476430513,0.0
mtd_ai,200,0.00506772695883515,0.4838709677419355,4890.158742015428,0.2,150,5,0.08444444444444445,0.780234949722512,3.0898075476430513,0.0
mtd_ai,200,0.00506772695883515,0.528169014084507,5404.144624770397,0.25,150,5,0.08444444444444445,0.780234949722512,3.0898075476430513,0.0
mtd_ai,200,0.005064171190367507,0.35714285714285715,2076.755629031568,0.05,150,5,0.12855555555555556,0.8557494943504443,2.9074194207957795,0.0
mtd_ai,200,0.005064171190367507,0.4166666666666667,2878.836900695891,0.1,150,5,0.12855555555555556,0.8557494943504443,2.9074194207957795,0.0
mtd_ai,200,0.005064171190367507,0.4411764705882353,3882.711692575672,0.15,150,5,0.12855555555555556,0.8557494943504443,2.9074194207957795,0.0
mtd_ai,200,0.005064171190367507,0.44776119402985076,4892.305350906729,0.2,150,5,0.12855555555555556,0.8557494943504443,2.9074194207957795,0.0
mtd_ai,200,0.005064171190367507,0.4032258064516129,6923.451942210217,0.25,150,5,0.12855555555555556,0.8557494943504443,2.9074194207957795,0.0
mtd_ai,200,0.005055128116608786,0.26785714285714285,3282.2908924614358,0.05,150,5,0.11476190476190477,5.2730597958119745,4.796666658424072,0.0
mtd_ai,200,0.005055128116608786,0.375,4119.799796538613,0.1,150,5,0.11476190476190477,5.2730597958119745,4.796666658424072,0.0
mtd_ai,200,0.005055128116608786,0.3358208955223881,6054.170734154992,0.15,150,5,0.11476190476190477,5.2730597958119745,4.796666658424072,0.0
mtd_ai,200,0.005055128116608786,0.375,6736.780706771535,0.2,150,5,0.11476190476190477,5.2730597958119745,4.796666658424072,0.0
mtd_ai,200,0.005055128116608786,0.390625,7719.524547285998,0.25,150,5,0.11476190476190477,5.2730597958119745,4.796666658424072,0.0
mtd_ai,200,0.00507856333062793,0.4166666666666667,1312.5030224881684,0.05,150,5,0.1211111111111111,0.4834040984805949,0.3314123536352134,0.0
mtd_ai,200,0.00507856333062793,0.4411764705882353,2631.783664198493,0.1,150,5,0.1211111111111111,0.4834040984805949,0.3314123536352134,0.0
mtd_ai,200,0.00507856333062793,0.4166666666666667,4154.294929604128,0.15,150,5,0.1211111111111111,0.4834040984805949,0.3314123536352134,0.0
mtd_ai,200,0.00507856333062793,0.46153846153846156,4711.8849580218275,0.2,150,5,0.1211111111111111,0.4834040984805949,0.3314123536352134,0.0
mtd_ai,200,0.00507856333062793,0.487012987012987,5591.113710668018,0.25,150,5,0.1211111111111111,0.4834040984805949,0.3314123536352134,0.0
mtd_ai,200,0.005046155052322768,0.3125,2313.1056464355656,0.05,150,5,0.17174603174603176,0.25515553444511796,1.0331970142146965,0.0
mtd_ai,200,0.005046155052322768,0.35714285714285715,3330.7554172854107,0.1,150,5,0.17174603174603176,0.25515553444511796,1.0331970142146965,0.0
mtd_ai,200,0.005046155052322768,0.4017857142857143,4199.692902592202,0.15,150,5,0.17174603174603176,0.25515553444511796,1.0331970142146965,0.0
mtd_ai,200,0.005046155052322768,0.43478260869565216,5011.542549342077,0.2,150,5,0.17174603174603176,0.25515553444511796,1.0331970142146965,0.0
mtd_ai,200,0.005046155052322768,0.46875,5590.726549369416,0.25,150,5,0.17174603174603176,0.25515553444511796,1.0331970142146965,0.0
mtd_ai,200,0.0050423068528500006,0.32608695652173914,1820.3373865777776,0.05,150,5,0.17644444444444446,0.0358548863813344,0.055342218952416686,0.0
mtd_ai,200,0.0050423068528500006,0.36585365853658536,3015.2816155682103,0.1,150,5,0.17644444444444446,0.0358548863813344,0.055342218952416686,0.0
mtd_ai,200,0.0050423068528500006,0.42452830188679247,4049.6288740731566,0.15,150,5,0.17644444444444446,0.0358548863813344,0.055342218952416686,0.0
mtd_ai,200,0.0050423068528500006,0.42857142857142855,5035.212545039212,0.2,150,5,0.17644444444444446,0.0358548863813344,0.055342218952416686,0.0
mtd_ai,200,0.0050423068528500006,0.46296296296296297,5788.100572698348,0.25,150,5,0.17644444444444446,0.0358548863813344,0.055342218952416686,0.0
mtd_ai,200,0.005058916639193126,0.375,1634.6454856895093,0.05,150,5,0.09944444444444445,0.7338212028760865,3.015412867648243,0.0
mtd_ai,200,0.005058916639193126,0.35714285714285715,3811.131831385005,0.1,150,5,0.09944444444444445,0.7338212028760865,3.015412867648243,0.0
mtd_ai,200,0.005058916639193126,0.3629032258064516,4967.789325716859,0.15,150,5,0.09944444444444445,0.7338212028760865,3.015412867648243,0.0
mtd_ai,200,0.005058916639193126,0.40540540540540543,5360.0627336432535,0.2,150,5,0.09944444444444445,0.7338212028760865,3.015412867648243,0.0
mtd_ai,200,0.005058916639193126,0.4411764705882353,6103.619388989652,0.25,150,5,0.09944444444444445,0.7338212028760865,3.015412867648243,0.0
mtd_ai,200,0.00506186958887864,0.4166666666666667,1538.4464549252593,0.05,150,5,0.07142857142857142,0.021923481231877744,0.07097400013212071,0.0
mtd_ai,200,0.00506186958887864,0.42857142857142855,2680.681408828745,0.1,150,5,0.07142857142857142,0.021923481231877744,0.07097400013212071,0.0
mtd_ai,200,0.00506186958887864,0.4326923076923077,3626.5110207013595,0.15,150,5,0.07142857142857142,0.021923481231877744,0.07097400013212071,0.0
mtd_ai,200,0.00506186958887864,0.4838709677419355,4003.663765025129,0.2,150,5,0.07142857142857142,0.021923481231877744,0.07097400013212071,0.0
mtd_ai,200,0.00506186958887864,0.5208333333333334,4362.677307537726,0.25,150,5,0.07142857142857142,0.021923481231877744,0.07097400013212071,0.0
mtd_ai,200,0.0050614011714761,0.3,2948.1201508311133,0.05,150,5,0.13777777777777775,0.11729104571130805,0.45709218507085064,0.0
mtd_ai,200,0.0050614011714761,0.35714285714285715,4115.786476613752,0.1,150,5,0.13777777777777775,0.11729104571130805,0.45709218507085064,0.0
mtd_ai,200,0.0050614011714761,0.4166666666666667,4800.472526879119,0.15,150,5,0.13777777777777775,0.11729104571130805,0.45709218507085064,0.0
mtd_ai,200,0.0050614011714761,0.4411764705882353,5741.5349882181,0.2,150,5,0.13777777777777775,0.11729104571130805,0.45709218507085064,0.0
mtd_ai,200,0.0050614011714761,0.4807692307692308,6330.514591911542,0.25,150,5,0.13777777777777775,0.11729104571130805,0.45709218507085064,0.0
mtd_ai,200,0.0050738122090522655,0.32608695652173914,2703.605684745212,0.05,150,5,0.1,0.5662304706422535,1.6248461951248947,0.0
mtd_ai,200,0.0050738122090522655,0.39473684210526316,3780.3833983081768,0.1,150,5,0.1,0.5662304706422535,1.6248461951248947,0.0
mtd_ai,200,0.0050738122090522655,0.45918367346938777,4556.83467128623,0.15,150,5,0.1,0.5662304706422535,1.6248461951248947,0.0
mtd_ai,200,0.0050738122090522655,0.5,5082.740898431741,0.2,150,5,0.1,0.5662304706422535,1.6248461951248947,0.0
mtd_ai,200,0.0050738122090522655,0.528169014084507,5722.680149739349,0.25,150,5,0.1,0.5662304706422535,1.6248461951248947,0.0
