Name,mtd_interval,MEF,ASR,time_to_compromise,host_compromise_ratio,network_size,exposed_endpoints,attack_path_exposure,ROA,risk,shortest_path_variability
mtd_ai,200,0.005093321365676634,0.4166666666666667,1521.6614737687237,0.05,150,5,0.14733333333333332,0.8939912293662017,3.8662312721170045,0.0
mtd_ai,200,0.005093321365676634,0.4166666666666667,2998.346953732453,0.1,150,5,0.14733333333333332,0.8939912293662017,3.8662312721170045,0.0
mtd_ai,200,0.005093321365676634,0.4891304347826087,3586.987107188381,0.15,150,5,0.14733333333333332,0.8939912293662017,3.8662312721170045,0.0
mtd_ai,200,0.005093321365676634,0.5172413793103449,4375.535346202964,0.2,150,5,0.14733333333333332,0.8939912293662017,3.8662312721170045,0.0
mtd_ai,200,0.005093321365676634,0.5434782608695652,4719.359737385613,0.25,150,5,0.14733333333333332,0.8939912293662017,3.8662312721170045,0.0
mtd_ai,200,0.0050728595234159546,0.5,1478.6269087809142,0.05,150,5,0.12388888888888888,0.6659066682165526,1.2792274896825444,0.0
mtd_ai,200,0.0050728595234159546,0.5,2557.02351219902,0.1,150,5,0.12388888888888888,0.6659066682165526,1.2792274896825444,0.0
mtd_ai,200,0.0050728595234159546,0.45918367346938777,3795.485759947006,0.15,150,5,0.12388888888888888,0.6659066682165526,1.2792274896825444,0.0
mtd_ai,200,0.0050728595234159546,0.4838709677419355,4495.6077317104455,0.2,150,5,0.12388888888888888,0.6659066682165526,1.2792274896825444,0.0
mtd_ai,200,0.0050728595234159546,0.4573170731707317,5588.956323731589,0.25,150,5,0.12388888888888888,0.6659066682165526,1.2792274896825444,0.0
mtd_ai,200,0.005081343637358029,0.24193548387096775,2297.840291067924,0.05,150,5,0.11666666666666667,2.2352271490781948,4.997762720001171,0.0
mtd_ai,200,0.005081343637358029,0.3409090909090909,2930.516138718256,0.1,150,5,0.11666666666666667,2.2352271490781948,4.997762720001171,0.0
mtd_ai,200,0.005081343637358029,0.375,4291.636508583359,0.15,150,5,0.11666666666666667,2.2352271490781948,4.997762720001171,0.0
mtd_ai,200,0.005081343637358029,0.4166666666666667,4991.26983808128,0.2,150,5,0.11666666666666667,2.2352271490781948,4.997762720001171,0.0
mtd_ai,200,0.005081343637358029,0.4573170731707317,5433.774954883999,0.25,150,5,0.11666666666666667,2.2352271490781948,4.997762720001171,0.0
mtd_ai,200,0.005067931664358201,0.35714285714285715,1704.2276655168182,0.05,150,5,0.34210526315789475,2.3581969788285946,6.183006392005904,0.0
mtd_ai,200,0.005067931664358201,0.40540540540540543,2917.8205251286345,0.1,150,5,0.34210526315789475,2.3581969788285946,6.183006392005904,0.0
mtd_ai,200,0.005067931664358201,0.4017857142857143,5004.126908223621,0.15,150,5,0.34210526315789475,2.3581969788285946,6.183006392005904,0.0
mtd_ai,200,0.005067931664358201,0.44776119402985076,5594.738174028931,0.2,150,5,0.34210526315789475,2.3581969788285946,6.183006392005904,0.0
mtd_ai,200,0.005067931664358201,0.487012987012987,5960.296991761008,0.25,150,5,0.34210526315789475,2.3581969788285946,6.183006392005904,0.0
mtd_ai,200,0.0050832096426891476,0.4166666666666667,1729.365754332539,0.05,150,5,0.12018518518518519,0.8935067708647766,1.915346227583774,0.0
mtd_ai,200,0.0050832096426891476,0.4166666666666667,3519.4495622925047,0.1,150,5,0.12018518518518519,0.8935067708647766,1.915346227583774,0.0
mtd_ai,200,0.0050832096426891476,0.45918367346938777,4169.522291198411,0.15,150,5,0.12018518518518519,0.8935067708647766,1.915346227583774,0.0
mtd_ai,200,0.0050832096426891476,0.4918032786885246,5014.437062693874,0.2,150,5,0.12018518518518519,0.8935067708647766,1.915346227583774,0.0
mtd_ai,200,0.0050832096426891476,0.5357142857142857,5334.120363072778,0.25,150,5,0.12018518518518519,0.8935067708647766,1.915346227583774,0.0
mtd_ai,200,0.005036658651363367,0.32608695652173914,1805.194333244846,0.05,150,5,0.154,0.24981364195534417,0.6274960979034552,4.862068965517241
mtd_ai,200,0.005036658651363367,0.375,3118.313454274948,0.1,150,5,0.154,0.24981364195534417,0.6274960979034552,4.862068965517241
mtd_ai,200,0.005036658651363367,0.4326923076923077,3852.1848045538873,0.15,150,5,0.154,0.24981364195534417,0.6274960979034552,4.862068965517241
mtd_ai,200,0.005036658651363367,0.3614457831325301,5438.388619215598,0.2,150,5,0.154,0.24981364195534417,0.6274960979034552,4.862068965517241
mtd_ai,200,0.005036658651363367,0.3865979381443299,6324.0247874024835,0.25,150,5,0.154,0.24981364195534417,0.6274960979034552,4.862068965517241
mtd_ai,200,0.005091021839074822,0.39473684210526316,1949.5248478253118,0.05,150,5,0.11366666666666667,0.4720897269891091,1.6953355805735548,0.0
mtd_ai,200,0.005091021839074822,0.39473684210526316,2985.8803596099324,0.1,150,5,0.11366666666666667,0.4720897269891091,1.6953355805735548,0.0
mtd_ai,200,0.005091021839074822,0.45918367346938777,3801.3265681507037,0.15,150,5,0.11366666666666667,0.4720897269891091,1.6953355805735548,0.0
mtd_ai,200,0.005091021839074822,0.46153846153846156,4537.4150005032725,0.2,150,5,0.11366666666666667,0.4720897269891091,1.6953355805735548,0.0
mtd_ai,200,0.005091021839074822,0.5,5000.2025323747675,0.25,150,5,0.11366666666666667,0.4720897269891091,1.6953355805735548,0.0
mtd_ai,200,0.005052502267535773,0.39473684210526316,1758.0826997623944,0.05,150,5,0.10555555555555556,0.8797065489164714,3.6978965990541783,0.0
mtd_ai,200,0.005052502267535773,0.4166666666666667,3565.758624199517,0.1,150,5,0.10555555555555556,0.8797065489164714,3.6978965990541783,0.0
mtd_ai,200,0.005052502267535773,0.4787234042553192,4255.813627766882,0.15,150,5,0.10555555555555556,0.8797065489164714,3.6978965990541783,0.0
mtd_ai,200,0.005052502267535773,0.5172413793103449,5062.602741675097,0.2,150,5,0.10555555555555556,0.8797065489164714,3.6978965990541783,0.0
mtd_ai,200,0.005052502267535773,0.5597014925373134,5385.0260454404215,0.25,150,5,0.10555555555555556,0.8797065489164714,3.6978965990541783,0.0
mtd_ai,200,0.005093082473337094,0.4166666666666667,1688.3287365367717,0.05,150,5,0.18793650793650796,1.410851915099636,5.066656925874725,0.0
mtd_ai,200,0.005093082473337094,0.4838709677419355,2414.19226628675,0.1,150,5,0.18793650793650796,1.410851915099636,5.066656925874725,0.0
mtd_ai,200,0.005093082473337094,0.5487804878048781,3323.686799852232,0.15,150,5,0.18793650793650796,1.410851915099636,5.066656925874725,0.0
mtd_ai,200,0.005093082473337094,0.5882352941176471,3753.0162205285187,0.2,150,5,0.18793650793650796,1.410851915099636,5.066656925874725,0.0
mtd_ai,200,0.005093082473337094,0.6048387096774194,4497.978323175017,0.25,150,5,0.18793650793650796,1.410851915099636,5.066656925874725,0.0
mtd_ai,200,0.005046165128473708,0.25,3529.4151856966696,0.05,150,5,0.08777777777777777,0.06036854179846154,0.21575853810206166,0.0
mtd_ai,200,0.005046165128473708,0.3488372093023256,4327.3478627241275,0.1,150,5,0.08777777777777777,0.06036854179846154,0.21575853810206166,0.0
mtd_ai,200,0.005046165128473708,0.4090909090909091,4897.476105073493,0.15,150,5,0.08777777777777777,0.06036854179846154,0.21575853810206166,0.0
mtd_ai,200,0.005046165128473708,0.43478260869565216,5706.766920589465,0.2,150,5,0.08777777777777777,0.06036854179846154,0.21575853810206166,0.0
mtd_ai,200,0.005046165128473708,0.4807692307692308,6013.669296418539,0.25,150,5,0.08777777777777777,0.06036854179846154,0.21575853810206166,0.0
mtd_ai,200,0.005033736298636386,0.26785714285714285,2980.6102691119613,0.05,150,5,0.134,0.42441329553421264,1.6864828422945328,3.9411764705882355
mtd_ai,200,0.005033736298636386,0.2830188679245283,4893.558716672262,0.1,150,5,0.134,0.42441329553421264,1.6864828422945328,3.9411764705882355
mtd_ai,200,0.005033736298636386,0.3409090909090909,5932.901827337579,0.15,150,5,0.134,0.42441329553421264,1.6864828422945328,3.9411764705882355
mtd_ai,200,0.005033736298636386,0.37037037037037035,6589.819868041649,0.2,150,5,0.134,0.42441329553421264,1.6864828422945328,3.9411764705882355
mtd_ai,200,0.005033736298636386,0.41208791208791207,6966.641090651782,0.25,150,5,0.134,0.42441329553421264,1.6864828422945328,3.9411764705882355
mtd_ai,200,0.005065976637747512,0.3409090909090909,1887.4645060173698,0.05,150,5,0.14666666666666667,3.253913259361748,4.819386446938537,0.0
mtd_ai,200,0.005065976637747512,0.38461538461538464,3158.888254680482,0.1,150,5,0.14666666666666667,3.253913259361748,4.819386446938537,0.0
mtd_ai,200,0.005065976637747512,0.45,3670.857664970378,0.15,150,5,0.14666666666666667,3.253913259361748,4.819386446938537,0.0
mtd_ai,200,0.005065976637747512,0.4918032786885246,4287.12122684922,0.2,150,5,0.14666666666666667,3.253913259361748,4.819386446938537,0.0
mtd_ai,200,0.005065976637747512,0.5434782608695652,4609.390504447318,0.25,150,5,0.14666666666666667,3.253913259361748,4.819386446938537,0.0
mtd_ai,200,0.005061524793748959,0.26785714285714285,2820.6703090512146,0.05,150,5,0.1658888888888889,3.5190970968344724,4.69384511448142,0.0
mtd_ai,200,0.005061524793748959,0.3125,4713.768626429615,0.1,150,5,0.1658888888888889,3.5190970968344724,4.69384511448142,0.0
mtd_ai,200,0.005061524793748959,0.34615384615384615,5890.951440704186,0.15,150,5,0.1658888888888889,3.5190970968344724,4.69384511448142,0.0
mtd_ai,200,0.005061524793748959,0.38961038961038963,6515.185378578015,0.2,150,5,0.1658888888888889,3.5190970968344724,4.69384511448142,0.0
mtd_ai,200,0.005061524793748959,0.4411764705882353,6930.0750833549555,0.25,150,5,0.1658888888888889,3.5190970968344724,4.69384511448142,0.0
mtd_ai,200,0.005078839828007227,0.39473684210526316,2301.924915819979,0.05,150,5,0.1277777777777778,0.9395092140811814,3.7761668170840177,0.0
mtd_ai,200,0.005078839828007227,0.45454545454545453,3556.5966956077555,0.1,150,5,0.1277777777777778,0.9395092140811814,3.7761668170840177,0.0
mtd_ai,200,0.005078839828007227,0.4787234042553192,4587.980455343878,0.15,150,5,0.1277777777777778,0.9395092140811814,3.7761668170840177,0.0
mtd_ai,200,0.005078839828007227,0.5084745762711864,4976.0676847064915,0.2,150,5,0.1277777777777778,0.9395092140811814,3.7761668170840177,0.0
mtd_ai,200,0.005078839828007227,0.5434782608695652,5388.639440792889,0.25,150,5,0.1277777777777778,0.9395092140811814,3.7761668170840177,0.0
mtd_ai,200,0.005068684241045455,0.25862068965517243,2316.2293084736075,0.05,150,5,0.11111111111111109,0.9411657019367673,3.6088644676369097,0.0
mtd_ai,200,0.005068684241045455,0.3488372093023256,3353.3704978440533,0.1,150,5,0.11111111111111109,0.9411657019367673,3.6088644676369097,0.0
mtd_ai,200,0.005068684241045455,0.4090909090909091,4316.648259254911,0.15,150,5,0.11111111111111109,0.9411657019367673,3.6088644676369097,0.0
mtd_ai,200,0.005068684241045455,0.43478260869565216,5180.747696548518,0.2,150,5,0.11111111111111109,0.9411657019367673,3.6088644676369097,0.0
mtd_ai,200,0.005068684241045455,0.46875,5704.4010400567695,0.25,150,5,0.11111111111111109,0.9411657019367673,3.6088644676369097,0.0
mtd_ai,200,0.00505930842440592,0.375,1939.944390592137,0.05,150,5,0.10666666666666667,1.2649306668861038,2.2475314254513132,0.0
mtd_ai,200,0.00505930842440592,0.38461538461538464,3260.5234311801437,0.1,150,5,0.10666666666666667,1.2649306668861038,2.2475314254513132,0.0
mtd_ai,200,0.00505930842440592,0.4411764705882353,3991.839583238972,0.15,150,5,0.10666666666666667,1.2649306668861038,2.2475314254513132,0.0
mtd_ai,200,0.00505930842440592,0.42857142857142855,5782.624617559079,0.2,150,5,0.10666666666666667,1.2649306668861038,2.2475314254513132,0.0
mtd_ai,200,0.00505930842440592,0.39893617021276595,7324.564570647313,0.25,150,5,0.10666666666666667,1.2649306668861038,2.2475314254513132,0.0
mtd_ai,200,0.00508082155600349,0.39473684210526316,1962.381765108355,0.05,150,5,0.15384615384615385,1.649475755676314,4.341179731642474,0.0
mtd_ai,200,0.00508082155600349,0.4411764705882353,3026.38283520026,0.1,150,5,0.15384615384615385,1.649475755676314,4.341179731642474,0.0
mtd_ai,200,0.00508082155600349,0.4326923076923077,3690.456081070045,0.15,150,5,0.15384615384615385,1.649475755676314,4.341179731642474,0.0
mtd_ai,200,0.00508082155600349,0.42857142857142855,5269.893199667535,0.2,150,5,0.15384615384615385,1.649475755676314,4.341179731642474,0.0
mtd_ai,200,0.00508082155600349,0.46296296296296297,5646.201468511301,0.25,150,5,0.15384615384615385,1.649475755676314,4.341179731642474,0.0
mtd_ai,200,0.0050605679305075766,0.3409090909090909,2155.383722582566,0.05,150,5,0.09777777777777778,0.5525327573349457,2.467095452001109,0.0
mtd_ai,200,0.0050605679305075766,0.3488372093023256,4464.44934463852,0.1,150,5,0.09777777777777778,0.5525327573349457,2.467095452001109,0.0
mtd_ai,200,0.0050605679305075766,0.4090909090909091,5312.0469006773055,0.15,150,5,0.09777777777777778,0.5525327573349457,2.467095452001109,0.0
mtd_ai,200,0.0050605679305075766,0.43478260869565216,6169.988775047855,0.2,150,5,0.09777777777777778,0.5525327573349457,2.467095452001109,0.0
mtd_ai,200,0.0050605679305075766,0.47468354430379744,6619.017227580594,0.25,150,5,0.09777777777777778,0.5525327573349457,2.467095452001109,0.0
mtd_ai,200,0.005076413178634833,0.35714285714285715,2411.012206275079,0.05,150,5,0.1522222222222222,0.0909641919899335,0.3620510964181451,0.0
mtd_ai,200,0.005076413178634833,0.4166666666666667,3541.90813384218,0.1,150,5,0.1522222222222222,0.0909641919899335,0.3620510964181451,0.0
mtd_ai,200,0.005076413178634833,0.46875,4215.941758498731,0.15,150,5,0.1522222222222222,0.0909641919899335,0.3620510964181451,0.0
mtd_ai,200,0.005076413178634833,0.47619047619047616,5188.0335480790845,0.2,150,5,0.1522222222222222,0.0909641919899335,0.3620510964181451,0.0
mtd_ai,200,0.005076413178634833,0.4807692307692308,5865.75931785877,0.25,150,5,0.1522222222222222,0.0909641919899335,0.3620510964181451,0.0
mtd_ai,200,0.005079587197885251,0.4166666666666667,1473.1204911401298,0.05,150,5,0.1822222222222222,0.798212830618068,2.453211135061656,0.0
mtd_ai,200,0.005079587197885251,0.4166666666666667,2672.558142788668,0.1,150,5,0.1822222222222222,0.798212830618068,2.453211135061656,0.0
mtd_ai,200,0.005079587197885251,0.45,3671.2935226717664,0.15,150,5,0.1822222222222222,0.798212830618068,2.453211135061656,0.0
mtd_ai,200,0.005079587197885251,0.46153846153846156,4560.069006308811,0.2,150,5,0.1822222222222222,0.798212830618068,2.453211135061656,0.0
mtd_ai,200,0.005079587197885251,0.5067567567567568,4893.7964213204195,0.25,150,5,0.1822222222222222,0.798212830618068,2.453211135061656,0.0
mtd_ai,200,0.005057070572243989,0.20270270270270271,3681.4655557629717,0.05,150,5,0.16111111111111112,0.2612817684217073,0.41546857701070494,0.0
mtd_ai,200,0.005057070572243989,0.30612244897959184,4442.103179069554,0.1,150,5,0.16111111111111112,0.2612817684217073,0.41546857701070494,0.0
mtd_ai,200,0.005057070572243989,0.36885245901639346,5506.593242792031,0.15,150,5,0.16111111111111112,0.2612817684217073,0.41546857701070494,0.0
mtd_ai,200,0.005057070572243989,0.40540540540540543,6230.513721729338,0.2,150,5,0.16111111111111112,0.2612817684217073,0.41546857701070494,0.0
mtd_ai,200,0.005057070572243989,0.436046511627907,6866.222483118001,0.25,150,5,0.16111111111111112,0.2612817684217073,0.41546857701070494,0.0
mtd_ai,200,0.005067948366815075,0.3125,2232.885630695344,0.05,150,5,0.15333333333333332,0.30796887211701,1.0122814053040659,0.0
mtd_ai,200,0.005067948366815075,0.35714285714285715,3498.6358530215985,0.1,150,5,0.15333333333333332,0.30796887211701,1.0122814053040659,0.0
mtd_ai,200,0.005067948366815075,0.4017857142857143,4178.716990165719,0.15,150,5,0.15333333333333332,0.30796887211701,1.0122814053040659,0.0
mtd_ai,200,0.005067948366815075,0.40540540540540543,5440.458110421631,0.2,150,5,0.15333333333333332,0.30796887211701,1.0122814053040659,0.0
mtd_ai,200,0.005067948366815075,0.45180722891566266,5833.473874787134,0.25,150,5,0.15333333333333332,0.30796887211701,1.0122814053040659,0.0
mtd_ai,200,0.0050352389660432584,0.22058823529411764,4589.641680080258,0.05,150,5,0.10333333333333333,0.34503142901549444,1.2201247235591484,0.0
mtd_ai,200,0.0050352389660432584,0.32608695652173914,5264.326149331047,0.1,150,5,0.10333333333333333,0.34503142901549444,1.2201247235591484,0.0
mtd_ai,200,0.0050352389660432584,0.3879310344827586,6000.991410587301,0.15,150,5,0.10333333333333333,0.34503142901549444,1.2201247235591484,0.0
mtd_ai,200,0.0050352389660432584,0.40540540540540543,7061.6214151693475,0.2,150,5,0.10333333333333333,0.34503142901549444,1.2201247235591484,0.0
mtd_ai,200,0.0050352389660432584,0.45180722891566266,7688.161665216945,0.25,150,5,0.10333333333333333,0.34503142901549444,1.2201247235591484,0.0
mtd_ai,200,0.005040025893589669,0.25,3121.8052634214455,0.05,150,5,0.06333333333333334,0.2012028773082285,0.20013888253071233,4.029411764705882
mtd_ai,200,0.005040025893589669,0.35714285714285715,3964.6829105696124,0.1,150,5,0.06333333333333334,0.2012028773082285,0.20013888253071233,4.029411764705882
mtd_ai,200,0.005040025893589669,0.39473684210526316,4641.567749583561,0.15,150,5,0.06333333333333334,0.2012028773082285,0.20013888253071233,4.029411764705882
mtd_ai,200,0.005040025893589669,0.43478260869565216,5345.831337571619,0.2,150,5,0.06333333333333334,0.2012028773082285,0.20013888253071233,4.029411764705882
mtd_ai,200,0.005040025893589669,0.46296296296296297,6182.105993685033,0.25,150,5,0.06333333333333334,0.2012028773082285,0.20013888253071233,4.029411764705882
mtd_ai,200,0.0050440026218653,0.375,2329.6407640684756,0.05,150,5,0.1322222222222222,0.1690914857828715,0.3075555769662447,0.0
mtd_ai,200,0.0050440026218653,0.42857142857142855,3293.3244151725403,0.1,150,5,0.1322222222222222,0.1690914857828715,0.3075555769662447,0.0
mtd_ai,200,0.0050440026218653,0.45918367346938777,3998.395350070523,0.15,150,5,0.1322222222222222,0.1690914857828715,0.3075555769662447,0.0
mtd_ai,200,0.0050440026218653,0.44776119402985076,5206.873939347945,0.2,150,5,0.1322222222222222,0.1690914857828715,0.3075555769662447,0.0
mtd_ai,200,0.0050440026218653,0.4934210526315789,5530.828682722678,0.25,150,5,0.1322222222222222,0.1690914857828715,0.3075555769662447,0.0
mtd_ai,200,0.005065608333770333,0.3125,2326.6443488707946,0.05,150,5,0.13333333333333333,1.1585277252558168,4.3326680814513825,0.0
mtd_ai,200,0.005065608333770333,0.38461538461538464,3774.0993410939595,0.1,150,5,0.13333333333333333,1.1585277252558168,4.3326680814513825,0.0
mtd_ai,200,0.005065608333770333,0.4017857142857143,5022.296307439575,0.15,150,5,0.13333333333333333,1.1585277252558168,4.3326680814513825,0.0
mtd_ai,200,0.005065608333770333,0.44776119402985076,5456.435823480857,0.2,150,5,0.13333333333333333,1.1585277252558168,4.3326680814513825,0.0
mtd_ai,200,0.005065608333770333,0.4807692307692308,6121.134872134222,0.25,150,5,0.13333333333333333,1.1585277252558168,4.3326680814513825,0.0
mtd_ai,200,0.005054604226014618,0.3125,2183.850637257913,0.05,150,5,0.13333333333333333,0.4312083767243495,1.2744042318906939,0.0
mtd_ai,200,0.005054604226014618,0.35714285714285715,3561.1362636414756,0.1,150,5,0.13333333333333333,0.4312083767243495,1.2744042318906939,0.0
mtd_ai,200,0.005054604226014618,0.4326923076923077,4037.8770375931053,0.15,150,5,0.13333333333333333,0.4312083767243495,1.2744042318906939,0.0
mtd_ai,200,0.005054604226014618,0.45454545454545453,4754.13993919228,0.2,150,5,0.13333333333333333,0.4312083767243495,1.2744042318906939,0.0
mtd_ai,200,0.005054604226014618,0.487012987012987,5498.122309750726,0.25,150,5,0.13333333333333333,0.4312083767243495,1.2744042318906939,0.0
mtd_ai,200,0.00505309650933851,0.32608695652173914,2358.2718857251575,0.05,150,5,0.15,0.035216042645543344,0.11392350818567412,0.0
mtd_ai,200,0.00505309650933851,0.28846153846153844,5109.728938341677,0.1,150,5,0.15,0.035216042645543344,0.11392350818567412,0.0
mtd_ai,200,0.00505309650933851,0.35714285714285715,5771.401027712398,0.15,150,5,0.15,0.035216042645543344,0.11392350818567412,0.0
mtd_ai,200,0.00505309650933851,0.35714285714285715,6960.7930505277,0.2,150,5,0.15,0.035216042645543344,0.11392350818567412,0.0
mtd_ai,200,0.00505309650933851,0.3605769230769231,7712.201418181875,0.25,150,5,0.15,0.035216042645543344,0.11392350818567412,0.0
mtd_ai,200,0.005053462422172187,0.375,2089.504367858932,0.05,150,5,0.095,0.6955215270783902,0.8633177979277283,0.0
mtd_ai,200,0.005053462422172187,0.42857142857142855,3178.3780246195784,0.1,150,5,0.095,0.6955215270783902,0.8633177979277283,0.0
mtd_ai,200,0.005053462422172187,0.45918367346938777,4086.473153237249,0.15,150,5,0.095,0.6955215270783902,0.8633177979277283,0.0
mtd_ai,200,0.005053462422172187,0.5,4719.477033098892,0.2,150,5,0.095,0.6955215270783902,0.8633177979277283,0.0
mtd_ai,200,0.005053462422172187,0.528169014084507,5049.697762091653,0.25,150,5,0.095,0.6955215270783902,0.8633177979277283,0.0
mtd_ai,200,0.005045478753497705,0.3125,2536.176380663342,0.05,150,5,0.18755555555555556,2.693017597778219,4.261842988933665,0.0
mtd_ai,200,0.005045478753497705,0.3488372093023256,4216.017155642076,0.1,150,5,0.18755555555555556,2.693017597778219,4.261842988933665,0.0
mtd_ai,200,0.005045478753497705,0.4326923076923077,4730.079599659559,0.15,150,5,0.18755555555555556,2.693017597778219,4.261842988933665,0.0
mtd_ai,200,0.005045478753497705,0.46875,5266.178265061145,0.2,150,5,0.18755555555555556,2.693017597778219,4.261842988933665,0.0
mtd_ai,200,0.005045478753497705,0.487012987012987,6242.957459314851,0.25,150,5,0.18755555555555556,2.693017597778219,4.261842988933665,0.0
mtd_ai,200,0.005040180940855606,0.26785714285714285,2611.668155747125,0.05,150,5,0.1433333333333333,0.6568586818408483,2.8350686906503153,0.0
mtd_ai,200,0.005040180940855606,0.375,3744.190214249029,0.1,150,5,0.1433333333333333,0.6568586818408483,2.8350686906503153,0.0
mtd_ai,200,0.005040180940855606,0.42452830188679247,4347.773950032731,0.15,150,5,0.1433333333333333,0.6568586818408483,2.8350686906503153,0.0
mtd_ai,200,0.005040180940855606,0.46875,4863.006092111805,0.2,150,5,0.1433333333333333,0.6568586818408483,2.8350686906503153,0.0
mtd_ai,200,0.005040180940855606,0.4807692307692308,5689.812783869381,0.25,150,5,0.1433333333333333,0.6568586818408483,2.8350686906503153,0.0
mtd_ai,200,0.005046284593940347,0.25862068965517243,2501.795972065265,0.05,150,5,0.11288888888888889,1.3441259995571297,2.101783292910082,0.0
mtd_ai,200,0.005046284593940347,0.35714285714285715,3353.047804036065,0.1,150,5,0.11288888888888889,1.3441259995571297,2.101783292910082,0.0
mtd_ai,200,0.005046284593940347,0.42452830188679247,4024.31620334078,0.15,150,5,0.11288888888888889,1.3441259995571297,2.101783292910082,0.0
mtd_ai,200,0.005046284593940347,0.44776119402985076,4670.161903912381,0.2,150,5,0.11288888888888889,1.3441259995571297,2.101783292910082,0.0
mtd_ai,200,0.005046284593940347,0.4934210526315789,5217.167117646059,0.25,150,5,0.11288888888888889,1.3441259995571297,2.101783292910082,0.0
mtd_ai,200,0.005036249259375467,0.3125,2039.728649098659,0.05,150,5,0.13333333333333333,0.02532290168303039,0.07403405795543795,-0.0967741935483871
mtd_ai,200,0.005036249259375467,0.32608695652173914,4183.841357841325,0.1,150,5,0.13333333333333333,0.02532290168303039,0.07403405795543795,-0.0967741935483871
mtd_ai,200,0.005036249259375467,0.3515625,5288.579168156187,0.15,150,5,0.13333333333333333,0.02532290168303039,0.07403405795543795,-0.0967741935483871
mtd_ai,200,0.005036249259375467,0.39473684210526316,5947.47803360688,0.2,150,5,0.13333333333333333,0.02532290168303039,0.07403405795543795,-0.0967741935483871
mtd_ai,200,0.005036249259375467,0.41208791208791207,6474.63373715098,0.25,150,5,0.13333333333333333,0.02532290168303039,0.07403405795543795,-0.0967741935483871
mtd_ai,200,0.005074258532063888,0.26785714285714285,2856.770352898593,0.05,150,5,0.15533333333333335,0.22934840392144,0.9597013721805959,0.0
mtd_ai,200,0.005074258532063888,0.375,3612.8848893159948,0.1,150,5,0.15533333333333335,0.22934840392144,0.9597013721805959,0.0
mtd_ai,200,0.005074258532063888,0.4411764705882353,4590.8727075688075,0.15,150,5,0.15533333333333335,0.22934840392144,0.9597013721805959,0.0
mtd_ai,200,0.005074258532063888,0.47619047619047616,5040.488115972234,0.2,150,5,0.15533333333333335,0.22934840392144,0.9597013721805959,0.0
mtd_ai,200,0.005074258532063888,0.5,5407.642332460012,0.25,150,5,0.15533333333333335,0.22934840392144,0.9597013721805959,0.0
mtd_ai,200,0.005055556465025867,0.24193548387096775,4020.2018706219937,0.05,150,5,0.25,0.33847003092924655,0.7686273540754501,0.0
mtd_ai,200,0.005055556465025867,0.3333333333333333,4750.758371073174,0.1,150,5,0.25,0.33847003092924655,0.7686273540754501,0.0
mtd_ai,200,0.005055556465025867,0.3879310344827586,5408.271597716324,0.15,150,5,0.25,0.33847003092924655,0.7686273540754501,0.0
mtd_ai,200,0.005055556465025867,0.38461538461538464,6277.982596208263,0.2,150,5,0.25,0.33847003092924655,0.7686273540754501,0.0
mtd_ai,200,0.005055556465025867,0.42134831460674155,6761.021682095497,0.25,150,5,0.25,0.33847003092924655,0.7686273540754501,0.0
mtd_ai,200,0.005059869912557743,0.234375,3316.4568348491202,0.05,150,5,0.16611111111111113,0.010711961238226743,0.022044108595163068,0.0
mtd_ai,200,0.005059869912557743,0.28846153846153844,5163.243182497012,0.1,150,5,0.16611111111111113,0.010711961238226743,0.022044108595163068,0.0
mtd_ai,200,0.005059869912557743,0.3409090909090909,5975.821724000323,0.15,150,5,0.16611111111111113,0.010711961238226743,0.022044108595163068,0.0
mtd_ai,200,0.005059869912557743,0.38461538461538464,6457.2284748438615,0.2,150,5,0.16611111111111113,0.010711961238226743,0.022044108595163068,0.0
mtd_ai,200,0.005059869912557743,0.42613636363636365,6783.404406124771,0.25,150,5,0.16611111111111113,0.010711961238226743,0.022044108595163068,0.0
mtd_ai,200,0.005041066073061352,0.3409090909090909,2648.1772173571453,0.05,150,5,0.11755555555555555,2.017318834303077,1.595034313725623,0.0
mtd_ai,200,0.005041066073061352,0.38461538461538464,3924.0116154174802,0.1,150,5,0.11755555555555555,2.017318834303077,1.595034313725623,0.0
mtd_ai,200,0.005041066073061352,0.4411764705882353,4934.749400953218,0.15,150,5,0.11755555555555555,2.017318834303077,1.595034313725623,0.0
mtd_ai,200,0.005041066073061352,0.46875,5658.070270345825,0.2,150,5,0.11755555555555555,2.017318834303077,1.595034313725623,0.0
mtd_ai,200,0.005041066073061352,0.5136986301369864,5934.131771770307,0.25,150,5,0.11755555555555555,2.017318834303077,1.595034313725623,0.0
mtd_ai,200,0.005042124557642265,0.3,2537.560058552722,0.05,150,5,0.1211111111111111,1.9574892316271826,4.139137620455834,0.0
mtd_ai,200,0.005042124557642265,0.3333333333333333,3851.819718800617,0.1,150,5,0.1211111111111111,1.9574892316271826,4.139137620455834,0.0
mtd_ai,200,0.005042124557642265,0.3813559322033898,5297.617956128224,0.15,150,5,0.1211111111111111,1.9574892316271826,4.139137620455834,0.0
mtd_ai,200,0.005042124557642265,0.4225352112676056,5838.577896784736,0.2,150,5,0.1211111111111111,1.9574892316271826,4.139137620455834,0.0
mtd_ai,200,0.005042124557642265,0.4573170731707317,6238.571646320604,0.25,150,5,0.1211111111111111,1.9574892316271826,4.139137620455834,0.0
mtd_ai,200,0.005063618632422441,0.3,1947.5898218765738,0.05,150,5,0.09777777777777778,0.41048421819021774,1.7595325447591814,0.0
mtd_ai,200,0.005063618632422441,0.39473684210526316,2961.092996617847,0.1,150,5,0.09777777777777778,0.41048421819021774,1.7595325447591814,0.0
mtd_ai,200,0.005063618632422441,0.4326923076923077,3765.8443685668444,0.15,150,5,0.09777777777777778,0.41048421819021774,1.7595325447591814,0.0
mtd_ai,200,0.005063618632422441,0.45454545454545453,4517.376411014269,0.2,150,5,0.09777777777777778,0.41048421819021774,1.7595325447591814,0.0
mtd_ai,200,0.005063618632422441,0.3826530612244898,6598.881885055272,0.25,150,5,0.09777777777777778,0.41048421819021774,1.7595325447591814,0.0
mtd_ai,200,0.005075501941015863,0.28846153846153844,2920.54161328395,0.05,150,5,0.14277777777777778,1.1018746662979122,2.01875686793796,0.0
mtd_ai,200,0.005075501941015863,0.3409090909090909,4590.469987158685,0.1,150,5,0.14277777777777778,1.1018746662979122,2.01875686793796,0.0
mtd_ai,200,0.005075501941015863,0.4017857142857143,5209.961031002491,0.15,150,5,0.14277777777777778,1.1018746662979122,2.01875686793796,0.0
mtd_ai,200,0.005075501941015863,0.45454545454545453,5732.439388792369,0.2,150,5,0.14277777777777778,1.1018746662979122,2.01875686793796,0.0
mtd_ai,200,0.005075501941015863,0.4934210526315789,6211.040618037115,0.25,150,5,0.14277777777777778,1.1018746662979122,2.01875686793796,0.0
mtd_ai,200,0.00507671412346191,0.32608695652173914,2364.946301048439,0.05,150,5,0.11333333333333333,1.7031697827026095,3.124443092372151,0.0
mtd_ai,200,0.00507671412346191,0.40540540540540543,3257.2844146989682,0.1,150,5,0.11333333333333333,1.7031697827026095,3.124443092372151,0.0
mtd_ai,200,0.00507671412346191,0.45918367346938777,4208.173073556507,0.15,150,5,0.11333333333333333,1.7031697827026095,3.124443092372151,0.0
mtd_ai,200,0.00507671412346191,0.4411764705882353,5008.116862503138,0.2,150,5,0.11333333333333333,1.7031697827026095,3.124443092372151,0.0
mtd_ai,200,0.00507671412346191,0.4807692307692308,5461.991765931895,0.25,150,5,0.11333333333333333,1.7031697827026095,3.124443092372151,0.0
mtd_ai,200,0.005088404889404358,0.35714285714285715,1859.6662937356714,0.05,150,5,0.15333333333333332,0.488320802503873,2.038692769596961,0.0
mtd_ai,200,0.005088404889404358,0.46875,2520.4584552867027,0.1,150,5,0.15333333333333332,0.488320802503873,2.038692769596961,0.0
mtd_ai,200,0.005088404889404358,0.5113636363636364,3191.2017119256566,0.15,150,5,0.15333333333333332,0.488320802503873,2.038692769596961,0.0
mtd_ai,200,0.005088404889404358,0.5084745762711864,4361.742186458115,0.2,150,5,0.15333333333333332,0.488320802503873,2.038692769596961,0.0
mtd_ai,200,0.005088404889404358,0.5514705882352942,4860.155934555866,0.25,150,5,0.15333333333333332,0.488320802503873,2.038692769596961,0.0
mtd_ai,200,0.005065181871818489,0.26785714285714285,3156.524308560279,0.05,150,5,0.1111111111111111,0.3952001889410478,1.1251871196556384,0.0
mtd_ai,200,0.005065181871818489,0.36585365853658536,4093.521348510331,0.1,150,5,0.1111111111111111,0.3952001889410478,1.1251871196556384,0.0
mtd_ai,200,0.005065181871818489,0.42452830188679247,4903.9440680258995,0.15,150,5,0.1111111111111111,0.3952001889410478,1.1251871196556384,0.0
mtd_ai,200,0.005065181871818489,0.45454545454545453,5614.541651496393,0.2,150,5,0.1111111111111111,0.3952001889410478,1.1251871196556384,0.0
mtd_ai,200,0.005065181871818489,0.4934210526315789,6213.161376036547,0.25,150,5,0.1111111111111111,0.3952001889410478,1.1251871196556384,0.0
mtd_ai,200,0.005056423828340986,0.39473684210526316,1690.3162539060086,0.05,150,5,0.08688888888888889,0.9026699770695978,2.6574401551246716,0.0
mtd_ai,200,0.005056423828340986,0.39473684210526316,3481.4419804119057,0.1,150,5,0.08688888888888889,0.9026699770695978,2.6574401551246716,0.0
mtd_ai,200,0.005056423828340986,0.4787234042553192,3888.1426972601407,0.15,150,5,0.08688888888888889,0.9026699770695978,2.6574401551246716,0.0
mtd_ai,200,0.005056423828340986,0.47619047619047616,4533.15531159738,0.2,150,5,0.08688888888888889,0.9026699770695978,2.6574401551246716,0.0
mtd_ai,200,0.005056423828340986,0.4934210526315789,5201.6384640376045,0.25,150,5,0.08688888888888889,0.9026699770695978,2.6574401551246716,0.0
mtd_ai,200,0.005056706847568583,0.375,1715.3592842982446,0.05,150,5,0.1661111111111111,0.19297389639422038,0.8675299511926703,0.0
mtd_ai,200,0.005056706847568583,0.4838709677419355,2611.9367785696504,0.1,150,5,0.1661111111111111,0.19297389639422038,0.8675299511926703,0.0
mtd_ai,200,0.005056706847568583,0.5625,3109.915205272069,0.15,150,5,0.1661111111111111,0.19297389639422038,0.8675299511926703,0.0
mtd_ai,200,0.005056706847568583,0.5555555555555556,3857.193039821442,0.2,150,5,0.1661111111111111,0.19297389639422038,0.8675299511926703,0.0
mtd_ai,200,0.005056706847568583,0.5597014925373134,4916.452436664996,0.25,150,5,0.1661111111111111,0.19297389639422038,0.8675299511926703,0.0
mtd_ai,200,0.005067034234253319,0.25,3376.1006715615977,0.05,150,5,0.2,0.5828158782862127,2.3279578810838446,0.0
mtd_ai,200,0.005067034234253319,0.32608695652173914,4733.283501917641,0.1,150,5,0.2,0.5828158782862127,2.3279578810838446,0.0
mtd_ai,200,0.005067034234253319,0.3879310344827586,5453.131551325595,0.15,150,5,0.2,0.5828158782862127,2.3279578810838446,0.0
mtd_ai,200,0.005067034234253319,0.4225352112676056,6321.038917331941,0.2,150,5,0.2,0.5828158782862127,2.3279578810838446,0.0
mtd_ai,200,0.005067034234253319,0.46296296296296297,6646.814744445952,0.25,150,5,0.2,0.5828158782862127,2.3279578810838446,0.0
mtd_ai,200,0.005041150869286648,0.3,3006.1355052680706,0.05,150,5,0.08333333333333333,0.37147847068884876,1.6047733330191576,-6.9
mtd_ai,200,0.005041150869286648,0.38461538461538464,4069.430096096973,0.1,150,5,0.08333333333333333,0.37147847068884876,1.6047733330191576,-6.9
mtd_ai,200,0.005041150869286648,0.45,4695.92412236203,0.15,150,5,0.08333333333333333,0.37147847068884876,1.6047733330191576,-6.9
mtd_ai,200,0.005041150869286648,0.46153846153846156,5571.793199801714,0.2,150,5,0.08333333333333333,0.37147847068884876,1.6047733330191576,-6.9
mtd_ai,200,0.005041150869286648,0.5,6019.60351394492,0.25,150,5,0.08333333333333333,0.37147847068884876,1.6047733330191576,-6.9
mtd_ai,200,0.005033806991628853,0.375,1902.4645379211975,0.05,150,5,0.112,12.867736833873662,5.992829805830965,0.0
mtd_ai,200,0.005033806991628853,0.30612244897959184,4872.8662475583715,0.1,150,5,0.112,12.867736833873662,5.992829805830965,0.0
mtd_ai,200,0.005033806991628853,0.35714285714285715,5772.970532483556,0.15,150,5,0.112,12.867736833873662,5.992829805830965,0.0
mtd_ai,200,0.005033806991628853,0.40540540540540543,6275.025272782526,0.2,150,5,0.112,12.867736833873662,5.992829805830965,0.0
mtd_ai,200,0.005033806991628853,0.4411764705882353,6768.910522710339,0.25,150,5,0.112,12.867736833873662,5.992829805830965,0.0
mtd_ai,200,0.005061365774575242,0.20833333333333334,4179.558864778146,0.05,150,5,0.13636363636363635,0.6547429515641402,2.5054487063501085,0.0
mtd_ai,200,0.005061365774575242,0.28846153846153844,5266.64537645696,0.1,150,5,0.13636363636363635,0.6547429515641402,2.5054487063501085,0.0
mtd_ai,200,0.005061365774575242,0.35714285714285715,6020.0032974869155,0.15,150,5,0.13636363636363635,0.6547429515641402,2.5054487063501085,0.0
mtd_ai,200,0.005061365774575242,0.38961038961038963,6477.592645713198,0.2,150,5,0.13636363636363635,0.6547429515641402,2.5054487063501085,0.0
mtd_ai,200,0.005061365774575242,0.4411764705882353,6779.4869723630545,0.25,150,5,0.13636363636363635,0.6547429515641402,2.5054487063501085,0.0
mtd_ai,200,0.005071913795142365,0.3,2277.693894160203,0.05,150,5,0.13015873015873014,0.31283866152943385,1.3416293085633844,0.0
mtd_ai,200,0.005071913795142365,0.35714285714285715,3149.529131336275,0.1,150,5,0.13015873015873014,0.31283866152943385,1.3416293085633844,0.0
mtd_ai,200,0.005071913795142365,0.42452830188679247,3743.2956278460797,0.15,150,5,0.13015873015873014,0.31283866152943385,1.3416293085633844,0.0
mtd_ai,200,0.005071913795142365,0.375,5259.902068952503,0.2,150,5,0.13015873015873014,0.31283866152943385,1.3416293085633844,0.0
mtd_ai,200,0.005071913795142365,0.4032258064516129,6059.559040411335,0.25,150,5,0.13015873015873014,0.31283866152943385,1.3416293085633844,0.0
mtd_ai,200,0.0050446552098380995,0.4166666666666667,1390.0021490736563,0.05,150,5,0.12666666666666668,0.04618054675562233,0.08663146944987347,0.0
mtd_ai,200,0.0050446552098380995,0.4411764705882353,2944.79469716292,0.1,150,5,0.12666666666666668,0.04618054675562233,0.08663146944987347,0.0
mtd_ai,200,0.0050446552098380995,0.45918367346938777,4189.375928536601,0.15,150,5,0.12666666666666668,0.04618054675562233,0.08663146944987347,0.0
mtd_ai,200,0.0050446552098380995,0.4918032786885246,5254.780027042424,0.2,150,5,0.12666666666666668,0.04618054675562233,0.08663146944987347,0.0
mtd_ai,200,0.0050446552098380995,0.5136986301369864,5702.809090445,0.25,150,5,0.12666666666666668,0.04618054675562233,0.08663146944987347,0.0
mtd_ai,200,0.005060675070252215,0.3409090909090909,2340.3740597554947,0.05,150,5,0.13407407407407407,0.6600311996619502,2.346344485958457,0.0
mtd_ai,200,0.005060675070252215,0.3488372093023256,3711.7415450963063,0.1,150,5,0.13407407407407407,0.6600311996619502,2.346344485958457,0.0
mtd_ai,200,0.005060675070252215,0.3629032258064516,5292.200664320923,0.15,150,5,0.13407407407407407,0.6600311996619502,2.346344485958457,0.0
mtd_ai,200,0.005060675070252215,0.4225352112676056,5713.60334862962,0.2,150,5,0.13407407407407407,0.6600311996619502,2.346344485958457,0.0
mtd_ai,200,0.005060675070252215,0.4573170731707317,6255.111026538571,0.25,150,5,0.13407407407407407,0.6600311996619502,2.346344485958457,0.0
mtd_ai,200,0.005040876594046958,0.2777777777777778,2189.4934945827,0.05,150,5,0.14277777777777778,0.7485641348984362,3.1085881252626213,0.0
mtd_ai,200,0.005040876594046958,0.3409090909090909,3466.0869639969596,0.1,150,5,0.14277777777777778,0.7485641348984362,3.1085881252626213,0.0
mtd_ai,200,0.005040876594046958,0.4090909090909091,4125.0691287679465,0.15,150,5,0.14277777777777778,0.7485641348984362,3.1085881252626213,0.0
mtd_ai,200,0.005040876594046958,0.4411764705882353,4794.135920031309,0.2,150,5,0.14277777777777778,0.7485641348984362,3.1085881252626213,0.0
mtd_ai,200,0.005040876594046958,0.4411764705882353,5914.787101915582,0.25,150,5,0.14277777777777778,0.7485641348984362,3.1085881252626213,0.0
mtd_ai,200,0.005068892700077756,0.4166666666666667,1956.2575197781828,0.05,150,5,0.10888888888888891,1.2597370421084124,4.616348861235364,0.0
mtd_ai,200,0.005068892700077756,0.45454545454545453,3011.9840759487543,0.1,150,5,0.10888888888888891,1.2597370421084124,4.616348861235364,0.0
mtd_ai,200,0.005068892700077756,0.4411764705882353,4033.330834162416,0.15,150,5,0.10888888888888891,1.2597370421084124,4.616348861235364,0.0
mtd_ai,200,0.005068892700077756,0.410958904109589,5205.075259300944,0.2,150,5,0.10888888888888891,1.2597370421084124,4.616348861235364,0.0
mtd_ai,200,0.005068892700077756,0.390625,6255.22366604425,0.25,150,5,0.10888888888888891,1.2597370421084124,4.616348861235364,0.0
mtd_ai,200,0.005060886680538848,0.3125,1830.3225718978395,0.05,150,5,0.16777777777777778,1.3670155027913273,2.2537606925117095,0.0
mtd_ai,200,0.005060886680538848,0.3488372093023256,3604.4891444508876,0.1,150,5,0.16777777777777778,1.3670155027913273,2.2537606925117095,0.0
mtd_ai,200,0.005060886680538848,0.39473684210526316,4416.158775515043,0.15,150,5,0.16777777777777778,1.3670155027913273,2.2537606925117095,0.0
mtd_ai,200,0.005060886680538848,0.40540540540540543,5448.270312312454,0.2,150,5,0.16777777777777778,1.3670155027913273,2.2537606925117095,0.0
mtd_ai,200,0.005060886680538848,0.390625,6394.496851423036,0.25,150,5,0.16777777777777778,1.3670155027913273,2.2537606925117095,0.0
mtd_ai,200,0.005067619466108287,0.3409090909090909,2410.332640884023,0.05,150,5,0.1611111111111111,2.0278553414038334,3.792736591374725,0.0
mtd_ai,200,0.005067619466108287,0.4166666666666667,3117.6607028718554,0.1,150,5,0.1611111111111111,2.0278553414038334,3.792736591374725,0.0
mtd_ai,200,0.005067619466108287,0.45,4276.070690788081,0.15,150,5,0.1611111111111111,2.0278553414038334,3.792736591374725,0.0
mtd_ai,200,0.005067619466108287,0.4838709677419355,5102.670505574693,0.2,150,5,0.1611111111111111,2.0278553414038334,3.792736591374725,0.0
mtd_ai,200,0.005067619466108287,0.528169014084507,5807.707326700243,0.25,150,5,0.1611111111111111,2.0278553414038334,3.792736591374725,0.0
mtd_ai,200,0.005057339539719195,0.22727272727272727,3071.8840824645704,0.05,150,5,0.12833333333333333,3.020214192305586,4.370994567259522,0.0
mtd_ai,200,0.005057339539719195,0.28846153846153844,4708.922808420135,0.1,150,5,0.12833333333333333,3.020214192305586,4.370994567259522,0.0
mtd_ai,200,0.005057339539719195,0.3629032258064516,5249.4349015506605,0.15,150,5,0.12833333333333333,3.020214192305586,4.370994567259522,0.0
mtd_ai,200,0.005057339539719195,0.40540540540540543,5791.054267858626,0.2,150,5,0.12833333333333333,3.020214192305586,4.370994567259522,0.0
mtd_ai,200,0.005057339539719195,0.43103448275862066,6678.231729910098,0.25,150,5,0.12833333333333333,3.020214192305586,4.370994567259522,0.0
mtd_ai,200,0.005084408128222325,0.4411764705882353,1628.7881135705652,0.05,150,5,0.1538888888888889,0.3791502442734602,1.663446479578068,0.0
mtd_ai,200,0.005084408128222325,0.5555555555555556,2130.7107510018777,0.1,150,5,0.1538888888888889,0.3791502442734602,1.663446479578068,0.0
mtd_ai,200,0.005084408128222325,0.5487804878048781,3627.365927238878,0.15,150,5,0.1538888888888889,0.3791502442734602,1.663446479578068,0.0
mtd_ai,200,0.005084408128222325,0.5357142857142857,4401.722288348592,0.2,150,5,0.1538888888888889,0.3791502442734602,1.663446479578068,0.0
mtd_ai,200,0.005084408128222325,0.5067567567567568,5174.82102791929,0.25,150,5,0.1538888888888889,0.3791502442734602,1.663446479578068,0.0
mtd_ai,200,0.00509650673357539,0.39473684210526316,1436.2405615461248,0.05,150,5,0.185,1.267959451144151,4.583070761637656,0.0
mtd_ai,200,0.00509650673357539,0.46875,2495.8426998643426,0.1,150,5,0.185,1.267959451144151,4.583070761637656,0.0
mtd_ai,200,0.00509650673357539,0.5232558139534884,3246.437889177975,0.15,150,5,0.185,1.267959451144151,4.583070761637656,0.0
mtd_ai,200,0.00509650673357539,0.5555555555555556,3880.2672056933716,0.2,150,5,0.185,1.267959451144151,4.583070761637656,0.0
mtd_ai,200,0.00509650673357539,0.5859375,4356.051549031297,0.25,150,5,0.185,1.267959451144151,4.583070761637656,0.0
mtd_ai,200,0.0050779413381010965,0.3,1954.7389915501183,0.05,150,5,0.10666666666666667,0.4413886836426228,0.7583947465106496,0.0
mtd_ai,200,0.0050779413381010965,0.35714285714285715,3158.434014934981,0.1,150,5,0.10666666666666667,0.4413886836426228,0.7583947465106496,0.0
mtd_ai,200,0.0050779413381010965,0.4166666666666667,4205.395205661034,0.15,150,5,0.10666666666666667,0.4413886836426228,0.7583947465106496,0.0
mtd_ai,200,0.0050779413381010965,0.44776119402985076,5029.914781270113,0.2,150,5,0.10666666666666667,0.4413886836426228,0.7583947465106496,0.0
mtd_ai,200,0.0050779413381010965,0.47468354430379744,5817.942730262826,0.25,150,5,0.10666666666666667,0.4413886836426228,0.7583947465106496,0.0
mtd_ai,200,0.005073774056550922,0.3125,2447.71370536702,0.05,150,5,0.14903846153846154,0.11430943824071625,0.4545482789748224,0.0
mtd_ai,200,0.005073774056550922,0.35714285714285715,4067.195808281726,0.1,150,5,0.14903846153846154,0.11430943824071625,0.4545482789748224,0.0
mtd_ai,200,0.005073774056550922,0.3813559322033898,5013.17116336837,0.15,150,5,0.14903846153846154,0.11430943824071625,0.4545482789748224,0.0
mtd_ai,200,0.005073774056550922,0.43478260869565216,5389.199115083398,0.2,150,5,0.14903846153846154,0.11430943824071625,0.4545482789748224,0.0
mtd_ai,200,0.005073774056550922,0.46875,6064.710606463936,0.25,150,5,0.14903846153846154,0.11430943824071625,0.4545482789748224,0.0
mtd_ai,200,0.005082691177484916,0.5,1597.1728660111555,0.05,150,5,0.15666666666666668,0.13940166395912765,0.4964214077702174,0.0
mtd_ai,200,0.005082691177484916,0.4838709677419355,2800.2224858283025,0.1,150,5,0.15666666666666668,0.13940166395912765,0.4964214077702174,0.0
mtd_ai,200,0.005082691177484916,0.5113636363636364,3619.1930655402775,0.15,150,5,0.15666666666666668,0.13940166395912765,0.4964214077702174,0.0
mtd_ai,200,0.005082691177484916,0.5263157894736842,4772.3218615498445,0.2,150,5,0.15666666666666668,0.13940166395912765,0.4964214077702174,0.0
mtd_ai,200,0.005082691177484916,0.5434782608695652,5227.111099451453,0.25,150,5,0.15666666666666668,0.13940166395912765,0.4964214077702174,0.0
mtd_ai,200,0.00504613099059693,0.26785714285714285,2658.67124592666,0.05,150,5,0.12833333333333333,0.08636577199853658,0.36230816443792185,0.0
mtd_ai,200,0.00504613099059693,0.3488372093023256,3716.4095094634476,0.1,150,5,0.12833333333333333,0.08636577199853658,0.36230816443792185,0.0
mtd_ai,200,0.00504613099059693,0.39473684210526316,4694.957730935356,0.15,150,5,0.12833333333333333,0.08636577199853658,0.36230816443792185,0.0
mtd_ai,200,0.00504613099059693,0.42857142857142855,5256.1369180576185,0.2,150,5,0.12833333333333333,0.08636577199853658,0.36230816443792185,0.0
mtd_ai,200,0.00504613099059693,0.4573170731707317,5682.674830049489,0.25,150,5,0.12833333333333333,0.08636577199853658,0.36230816443792185,0.0
mtd_ai,200,0.005031999665515432,0.39473684210526316,1721.2247753650122,0.05,150,5,0.17647058823529413,0.2131970730902685,0.5075248429104091,-4.290322580645161
mtd_ai,200,0.005031999665515432,0.40540540540540543,3431.0718685459797,0.1,150,5,0.17647058823529413,0.2131970730902685,0.5075248429104091,-4.290322580645161
mtd_ai,200,0.005031999665515432,0.36885245901639346,5012.569995714643,0.15,150,5,0.17647058823529413,0.2131970730902685,0.5075248429104091,-4.290322580645161
mtd_ai,200,0.005031999665515432,0.39473684210526316,6085.0588422339,0.2,150,5,0.17647058823529413,0.2131970730902685,0.5075248429104091,-4.290322580645161
mtd_ai,200,0.005031999665515432,0.42134831460674155,6767.130494504451,0.25,150,5,0.17647058823529413,0.2131970730902685,0.5075248429104091,-4.290322580645161
mtd_ai,200,0.005073277498431661,0.22058823529411764,3338.058144682292,0.05,150,5,0.14,1.5084346920059215,4.314678263612826,0.0
mtd_ai,200,0.005073277498431661,0.3125,4160.413646766394,0.1,150,5,0.14,1.5084346920059215,4.314678263612826,0.0
mtd_ai,200,0.005073277498431661,0.35714285714285715,5337.681506166313,0.15,150,5,0.14,1.5084346920059215,4.314678263612826,0.0
mtd_ai,200,0.005073277498431661,0.4,5882.0656730756245,0.2,150,5,0.14,1.5084346920059215,4.314678263612826,0.0
mtd_ai,200,0.005073277498431661,0.45180722891566266,6154.107453841037,0.25,150,5,0.14,1.5084346920059215,4.314678263612826,0.0
mtd_ai,200,0.005074299040910452,0.32608695652173914,2498.2019908919665,0.05,150,5,0.0,0.8900121340236195,3.2974967933509567,0.0
mtd_ai,200,0.005074299040910452,0.38461538461538464,3889.5547034816454,0.1,150,5,0.0,0.8900121340236195,3.2974967933509567,0.0
mtd_ai,200,0.005074299040910452,0.4411764705882353,4700.819243852239,0.15,150,5,0.0,0.8900121340236195,3.2974967933509567,0.0
mtd_ai,200,0.005074299040910452,0.46875,5212.970489169102,0.2,150,5,0.0,0.8900121340236195,3.2974967933509567,0.0
mtd_ai,200,0.005074299040910452,0.487012987012987,6016.2437456512125,0.25,150,5,0.0,0.8900121340236195,3.2974967933509567,0.0
mtd_ai,200,0.005041546840555909,0.3409090909090909,2036.1577736695817,0.05,150,5,0.1288888888888889,1.2737906843229718,3.5524839926544396,0.0
mtd_ai,200,0.005041546840555909,0.38461538461538464,3370.3073755399582,0.1,150,5,0.1288888888888889,1.2737906843229718,3.5524839926544396,0.0
mtd_ai,200,0.005041546840555909,0.3358208955223881,5181.507537862361,0.15,150,5,0.1288888888888889,1.2737906843229718,3.5524839926544396,0.0
mtd_ai,200,0.005041546840555909,0.38461538461538464,5711.857597696403,0.2,150,5,0.1288888888888889,1.2737906843229718,3.5524839926544396,0.0
mtd_ai,200,0.005041546840555909,0.43103448275862066,6280.354965197739,0.25,150,5,0.1288888888888889,1.2737906843229718,3.5524839926544396,0.0
mtd_ai,200,0.005042149126643515,0.2777777777777778,2792.0373592806,0.05,150,5,0.17166666666666666,2.067541483867672,5.362974505278514,0.0
mtd_ai,200,0.005042149126643515,0.36585365853658536,3754.741923169543,0.1,150,5,0.17166666666666666,2.067541483867672,5.362974505278514,0.0
mtd_ai,200,0.005042149126643515,0.4090909090909091,4806.463504467448,0.15,150,5,0.17166666666666666,2.067541483867672,5.362974505278514,0.0
mtd_ai,200,0.005042149126643515,0.4225352112676056,5855.457707409701,0.2,150,5,0.17166666666666666,2.067541483867672,5.362974505278514,0.0
mtd_ai,200,0.005042149126643515,0.46296296296296297,6251.965147113505,0.25,150,5,0.17166666666666666,2.067541483867672,5.362974505278514,0.0
mtd_ai,200,0.005067164112056835,0.3125,2489.820772586686,0.05,150,5,0.18031746031746035,0.21142613992305706,0.1861235027902592,0.0
mtd_ai,200,0.005067164112056835,0.32608695652173914,4846.203390798918,0.1,150,5,0.18031746031746035,0.21142613992305706,0.1861235027902592,0.0
mtd_ai,200,0.005067164112056835,0.39473684210526316,5498.196867636027,0.15,150,5,0.18031746031746035,0.21142613992305706,0.1861235027902592,0.0
mtd_ai,200,0.005067164112056835,0.44776119402985076,5950.482513218834,0.2,150,5,0.18031746031746035,0.21142613992305706,0.1861235027902592,0.0
mtd_ai,200,0.005067164112056835,0.47468354430379744,6393.723251108993,0.25,150,5,0.18031746031746035,0.21142613992305706,0.1861235027902592,0.0
mtd_ai,200,0.005072040774535574,0.375,2033.0590420593612,0.05,150,5,0.0871111111111111,1.862321909150609,5.100391840270315,0.0
mtd_ai,200,0.005072040774535574,0.46875,2656.546579631742,0.1,150,5,0.0871111111111111,1.862321909150609,5.100391840270315,0.0
mtd_ai,200,0.005072040774535574,0.45918367346938777,4573.773071966134,0.15,150,5,0.0871111111111111,1.862321909150609,5.100391840270315,0.0
mtd_ai,200,0.005072040774535574,0.46153846153846156,5649.497715880365,0.2,150,5,0.0871111111111111,1.862321909150609,5.100391840270315,0.0
mtd_ai,200,0.005072040774535574,0.4934210526315789,6196.829450798494,0.25,150,5,0.0871111111111111,1.862321909150609,5.100391840270315,0.0
mtd_ai,200,0.005066687980986493,0.28846153846153844,2668.990650384035,0.05,150,5,0.1317777777777778,0.31375966173463,1.0978309540664895,0.0
mtd_ai,200,0.005066687980986493,0.3333333333333333,4267.016549456251,0.1,150,5,0.1317777777777778,0.31375966173463,1.0978309540664895,0.0
mtd_ai,200,0.005066687980986493,0.4166666666666667,4966.369270257437,0.15,150,5,0.1317777777777778,0.31375966173463,1.0978309540664895,0.0
mtd_ai,200,0.005066687980986493,0.4411764705882353,5790.663733846423,0.2,150,5,0.1317777777777778,0.31375966173463,1.0978309540664895,0.0
mtd_ai,200,0.005066687980986493,0.46875,6384.687781904499,0.25,150,5,0.1317777777777778,0.31375966173463,1.0978309540664895,0.0
mtd_ai,200,0.005045796150670894,0.4166666666666667,1277.5955779962253,0.05,150,5,0.17049999999999998,2.511703214324538,3.739169039233837,0.0
mtd_ai,200,0.005045796150670894,0.40540540540540543,3075.2167869628865,0.1,150,5,0.17049999999999998,2.511703214324538,3.739169039233837,0.0
mtd_ai,200,0.005045796150670894,0.45,3877.3424725169903,0.15,150,5,0.17049999999999998,2.511703214324538,3.739169039233837,0.0
mtd_ai,200,0.005045796150670894,0.4411764705882353,5113.827716027481,0.2,150,5,0.17049999999999998,2.511703214324538,3.739169039233837,0.0
mtd_ai,200,0.005045796150670894,0.487012987012987,5558.401635093809,0.25,150,5,0.17049999999999998,2.511703214324538,3.739169039233837,0.0
mtd_ai,200,0.005050005686554079,0.28846153846153844,2724.417636560709,0.05,150,5,0.07142857142857142,2.092299495360043,4.647854655809147,-4.857142857142857
mtd_ai,200,0.005050005686554079,0.38461538461538464,3657.449031162488,0.1,150,5,0.07142857142857142,2.092299495360043,4.647854655809147,-4.857142857142857
mtd_ai,200,0.005050005686554079,0.4787234042553192,3965.6555506184236,0.15,150,5,0.07142857142857142,2.092299495360043,4.647854655809147,-4.857142857142857
mtd_ai,200,0.005050005686554079,0.5172413793103449,4513.1890612098,0.2,150,5,0.07142857142857142,2.092299495360043,4.647854655809147,-4.857142857142857
mtd_ai,200,0.005050005686554079,0.5136986301369864,5416.427427398569,0.25,150,5,0.07142857142857142,2.092299495360043,4.647854655809147,-4.857142857142857
mtd_ai,200,0.005040757917754536,0.32608695652173914,2622.496667614488,0.05,150,5,0.13222222222222224,0.7276072785646874,2.7949898321964453,0.0
mtd_ai,200,0.005040757917754536,0.3488372093023256,4347.885350749763,0.1,150,5,0.13222222222222224,0.7276072785646874,2.7949898321964453,0.0
mtd_ai,200,0.005040757917754536,0.4090909090909091,5244.344918943868,0.15,150,5,0.13222222222222224,0.7276072785646874,2.7949898321964453,0.0
mtd_ai,200,0.005040757917754536,0.46153846153846156,5615.6591446279745,0.2,150,5,0.13222222222222224,0.7276072785646874,2.7949898321964453,0.0
mtd_ai,200,0.005040757917754536,0.5,5980.766656911887,0.25,150,5,0.13222222222222224,0.7276072785646874,2.7949898321964453,0.0
mtd_ai,200,0.005083728392184728,0.4166666666666667,1323.544462154801,0.05,150,5,0.18888888888888888,3.6728196453992945,5.848243937745951,0.0
mtd_ai,200,0.005083728392184728,0.4411764705882353,2106.359410777125,0.1,150,5,0.18888888888888888,3.6728196453992945,5.848243937745951,0.0
mtd_ai,200,0.005083728392184728,0.4326923076923077,3524.7770409266695,0.15,150,5,0.18888888888888888,3.6728196453992945,5.848243937745951,0.0
mtd_ai,200,0.005083728392184728,0.4225352112676056,4867.573707990949,0.2,150,5,0.18888888888888888,3.6728196453992945,5.848243937745951,0.0
mtd_ai,200,0.005083728392184728,0.46296296296296297,5445.967945086606,0.25,150,5,0.18888888888888888,3.6728196453992945,5.848243937745951,0.0
mtd_ai,200,0.005041732621246559,0.24193548387096775,3195.889470703064,0.05,150,5,0.15033333333333335,3.3217029958996482,5.569642055099589,0.0
mtd_ai,200,0.005041732621246559,0.32608695652173914,4150.456009363641,0.1,150,5,0.15033333333333335,3.3217029958996482,5.569642055099589,0.0
mtd_ai,200,0.005041732621246559,0.39473684210526316,4915.79398672818,0.15,150,5,0.15033333333333335,3.3217029958996482,5.569642055099589,0.0
mtd_ai,200,0.005041732621246559,0.42857142857142855,5558.581740138443,0.2,150,5,0.15033333333333335,3.3217029958996482,5.569642055099589,0.0
mtd_ai,200,0.005041732621246559,0.487012987012987,5814.176058199213,0.25,150,5,0.15033333333333335,3.3217029958996482,5.569642055099589,0.0
mtd_ai,200,0.005093678670330565,0.28846153846153844,2071.174778335938,0.05,150,5,0.1797777777777778,0.958578508822947,2.94102331186741,0.0
mtd_ai,200,0.005093678670330565,0.40540540540540543,2816.5516066329933,0.1,150,5,0.1797777777777778,0.958578508822947,2.94102331186741,0.0
mtd_ai,200,0.005093678670330565,0.4891304347826087,3378.0673671121417,0.15,150,5,0.1797777777777778,0.958578508822947,2.94102331186741,0.0
mtd_ai,200,0.005093678670330565,0.5172413793103449,4359.944178612441,0.2,150,5,0.1797777777777778,0.958578508822947,2.94102331186741,0.0
mtd_ai,200,0.005093678670330565,0.528169014084507,4863.4683843363455,0.25,150,5,0.1797777777777778,0.958578508822947,2.94102331186741,0.0
mtd_ai,200,0.00507149427643374,0.25862068965517243,2792.616210010916,0.05,150,5,0.12555555555555556,0.7002512371753077,2.6979066695732246,0.0
mtd_ai,200,0.00507149427643374,0.3125,4243.375700330673,0.1,150,5,0.12555555555555556,0.7002512371753077,2.6979066695732246,0.0
mtd_ai,200,0.00507149427643374,0.36885245901639346,5012.228284696094,0.15,150,5,0.12555555555555556,0.7002512371753077,2.6979066695732246,0.0
mtd_ai,200,0.00507149427643374,0.410958904109589,5731.458825019626,0.2,150,5,0.12555555555555556,0.7002512371753077,2.6979066695732246,0.0
mtd_ai,200,0.00507149427643374,0.4573170731707317,6173.7794013627245,0.25,150,5,0.12555555555555556,0.7002512371753077,2.6979066695732246,0.0
mtd_ai,200,0.005043286135060652,0.39473684210526316,1695.1828141844799,0.05,150,5,0.14888888888888888,0.4094543836860519,1.1583749770265268,0.0
mtd_ai,200,0.005043286135060652,0.38461538461538464,3343.5823693871234,0.1,150,5,0.14888888888888888,0.4094543836860519,1.1583749770265268,0.0
mtd_ai,200,0.005043286135060652,0.4326923076923077,4031.5122258408574,0.15,150,5,0.14888888888888888,0.4094543836860519,1.1583749770265268,0.0
mtd_ai,200,0.005043286135060652,0.45454545454545453,4925.928187252066,0.2,150,5,0.14888888888888888,0.4094543836860519,1.1583749770265268,0.0
mtd_ai,200,0.005043286135060652,0.5067567567567568,5336.882453949291,0.25,150,5,0.14888888888888888,0.4094543836860519,1.1583749770265268,0.0
mtd_ai,200,0.0050389588601430476,0.375,1791.3610273709924,0.05,150,5,0.21428571428571427,0.5714054590115747,2.1492609282979007,0.0
mtd_ai,200,0.0050389588601430476,0.38461538461538464,3570.3053900340274,0.1,150,5,0.21428571428571427,0.5714054590115747,2.1492609282979007,0.0
mtd_ai,200,0.0050389588601430476,0.4411764705882353,4510.622124764244,0.15,150,5,0.21428571428571427,0.5714054590115747,2.1492609282979007,0.0
mtd_ai,200,0.0050389588601430476,0.45454545454545453,5618.942034630298,0.2,150,5,0.21428571428571427,0.5714054590115747,2.1492609282979007,0.0
mtd_ai,200,0.0050389588601430476,0.4934210526315789,6244.017371606109,0.25,150,5,0.21428571428571427,0.5714054590115747,2.1492609282979007,0.0
mtd_ai,200,0.005081527764005804,0.39473684210526316,1618.5756501773037,0.05,150,5,0.1688888888888889,0.1411230053925839,0.5587538944940637,0.0
mtd_ai,200,0.005081527764005804,0.5,2245.2446120913073,0.1,150,5,0.1688888888888889,0.1411230053925839,0.5587538944940637,0.0
mtd_ai,200,0.005081527764005804,0.45,3679.2507254308175,0.15,150,5,0.1688888888888889,0.1411230053925839,0.5587538944940637,0.0
mtd_ai,200,0.005081527764005804,0.4918032786885246,4294.576222625834,0.2,150,5,0.1688888888888889,0.1411230053925839,0.5587538944940637,0.0
mtd_ai,200,0.005081527764005804,0.4934210526315789,5486.876524599086,0.25,150,5,0.1688888888888889,0.1411230053925839,0.5587538944940637,0.0
mtd_ai,200,0.005050334561083024,0.4166666666666667,1666.159309138753,0.05,150,5,0.1288888888888889,199.97909614355,8.528209274008214,0.0
mtd_ai,200,0.005050334561083024,0.3409090909090909,4085.2653923836697,0.1,150,5,0.1288888888888889,199.97909614355,8.528209274008214,0.0
mtd_ai,200,0.005050334561083024,0.39473684210526316,4726.757397435174,0.15,150,5,0.1288888888888889,199.97909614355,8.528209274008214,0.0
mtd_ai,200,0.005050334561083024,0.43478260869565216,5188.2458148242895,0.2,150,5,0.1288888888888889,199.97909614355,8.528209274008214,0.0
mtd_ai,200,0.005050334561083024,0.46875,5678.847326003142,0.25,150,5,0.1288888888888889,199.97909614355,8.528209274008214,0.0
mtd_ai,200,0.005059980481072952,0.35714285714285715,2014.4049875315975,0.05,150,5,0.17511111111111113,0.5506406961221278,1.9139531251571957,0.0
mtd_ai,200,0.005059980481072952,0.3409090909090909,3961.5193077631893,0.1,150,5,0.17511111111111113,0.5506406961221278,1.9139531251571957,0.0
mtd_ai,200,0.005059980481072952,0.35714285714285715,5523.583232915398,0.15,150,5,0.17511111111111113,0.5506406961221278,1.9139531251571957,0.0
mtd_ai,200,0.005059980481072952,0.39473684210526316,6126.836710651356,0.2,150,5,0.17511111111111113,0.5506406961221278,1.9139531251571957,0.0
mtd_ai,200,0.005059980481072952,0.43103448275862066,6640.9003443758975,0.25,150,5,0.17511111111111113,0.5506406961221278,1.9139531251571957,0.0
mtd_ai,200,0.005074322265963899,0.35714285714285715,2251.0686491588267,0.05,150,5,0.11555555555555555,0.58871314886009,1.7773444711741146,0.0
mtd_ai,200,0.005074322265963899,0.38461538461538464,3739.4039636326465,0.1,150,5,0.11555555555555555,0.58871314886009,1.7773444711741146,0.0
mtd_ai,200,0.005074322265963899,0.4166666666666667,4540.408290270765,0.15,150,5,0.11555555555555555,0.58871314886009,1.7773444711741146,0.0
mtd_ai,200,0.005074322265963899,0.45454545454545453,5307.629168848438,0.2,150,5,0.11555555555555555,0.58871314886009,1.7773444711741146,0.0
mtd_ai,200,0.005074322265963899,0.487012987012987,5708.690999446042,0.25,150,5,0.11555555555555555,0.58871314886009,1.7773444711741146,0.0
mtd_ai,200,0.005040890360940475,0.24193548387096775,3068.305782218493,0.05,150,5,0.1234074074074074,0.32223709991746835,1.2838998072591215,0.0
mtd_ai,200,0.005040890360940475,0.2777777777777778,4362.999051396138,0.1,150,5,0.1234074074074074,0.32223709991746835,1.2838998072591215,0.0
mtd_ai,200,0.005040890360940475,0.33088235294117646,5068.107817270384,0.15,150,5,0.1234074074074074,0.32223709991746835,1.2838998072591215,0.0
mtd_ai,200,0.005040890360940475,0.38461538461538464,5571.956604804309,0.2,150,5,0.1234074074074074,0.32223709991746835,1.2838998072591215,0.0
mtd_ai,200,0.005040890360940475,0.4032258064516129,6185.005996344062,0.25,150,5,0.1234074074074074,0.32223709991746835,1.2838998072591215,0.0
mtd_ai,200,0.005081806679757386,0.26785714285714285,2940.1347021055517,0.05,150,5,0.14055555555555557,7.773806582323764,8.137414728369166,0.0
mtd_ai,200,0.005081806679757386,0.3333333333333333,3589.809493916726,0.1,150,5,0.14055555555555557,7.773806582323764,8.137414728369166,0.0
mtd_ai,200,0.005081806679757386,0.4017857142857143,4236.928753940909,0.15,150,5,0.14055555555555557,7.773806582323764,8.137414728369166,0.0
mtd_ai,200,0.005081806679757386,0.39473684210526316,5065.437765336626,0.2,150,5,0.14055555555555557,7.773806582323764,8.137414728369166,0.0
mtd_ai,200,0.005081806679757386,0.436046511627907,5551.361195550797,0.25,150,5,0.14055555555555557,7.773806582323764,8.137414728369166,0.0
mtd_ai,200,0.005075174012541489,0.25862068965517243,2301.0489882461497,0.05,150,5,0.105,0.36576790603699433,1.3923207919231604,0.0
mtd_ai,200,0.005075174012541489,0.3191489361702128,3935.170603442739,0.1,150,5,0.105,0.36576790603699433,1.3923207919231604,0.0
mtd_ai,200,0.005075174012541489,0.4017857142857143,4312.610601153282,0.15,150,5,0.105,0.36576790603699433,1.3923207919231604,0.0
mtd_ai,200,0.005075174012541489,0.4225352112676056,5267.469865980624,0.2,150,5,0.105,0.36576790603699433,1.3923207919231604,0.0
mtd_ai,200,0.005075174012541489,0.43103448275862066,6029.445917712531,0.25,150,5,0.105,0.36576790603699433,1.3923207919231604,0.0
mtd_ai,200,0.005070793840511936,0.46875,1541.3016370344567,0.05,150,5,0.12833333333333333,0.35972850869208994,1.3997086167990105,0.0
mtd_ai,200,0.005070793840511936,0.40540540540540543,3428.2971276709195,0.1,150,5,0.12833333333333333,0.35972850869208994,1.3997086167990105,0.0
mtd_ai,200,0.005070793840511936,0.4891304347826087,3874.0574142784044,0.15,150,5,0.12833333333333333,0.35972850869208994,1.3997086167990105,0.0
mtd_ai,200,0.005070793840511936,0.46153846153846156,5159.515193656531,0.2,150,5,0.12833333333333333,0.35972850869208994,1.3997086167990105,0.0
mtd_ai,200,0.005070793840511936,0.4934210526315789,5758.110295061277,0.25,150,5,0.12833333333333333,0.35972850869208994,1.3997086167990105,0.0
mtd_ai,200,0.005056785735723139,0.35714285714285715,1830.7836340422432,0.05,150,5,0.17222222222222222,0.6324024307428219,2.760970394476359,0.0
mtd_ai,200,0.005056785735723139,0.2727272727272727,4428.827373890563,0.1,150,5,0.17222222222222222,0.6324024307428219,2.760970394476359,0.0
mtd_ai,200,0.005056785735723139,0.3358208955223881,4980.951106126731,0.15,150,5,0.17222222222222222,0.6324024307428219,2.760970394476359,0.0
mtd_ai,200,0.005056785735723139,0.3448275862068966,5881.1928121422425,0.2,150,5,0.17222222222222222,0.6324024307428219,2.760970394476359,0.0
mtd_ai,200,0.005056785735723139,0.36764705882352944,6677.850266159612,0.25,150,5,0.17222222222222222,0.6324024307428219,2.760970394476359,0.0
mtd_ai,200,0.005091485222985988,0.3409090909090909,1852.042397797957,0.05,150,5,0.12,0.2060837771023718,0.7864023247436005,0.0
mtd_ai,200,0.005091485222985988,0.38461538461538464,3240.304959553674,0.1,150,5,0.12,0.2060837771023718,0.7864023247436005,0.0
mtd_ai,200,0.005091485222985988,0.45,3760.0557905560154,0.15,150,5,0.12,0.2060837771023718,0.7864023247436005,0.0
mtd_ai,200,0.005091485222985988,0.5172413793103449,4054.427638259931,0.2,150,5,0.12,0.2060837771023718,0.7864023247436005,0.0
mtd_ai,200,0.005091485222985988,0.5357142857142857,4836.528557652389,0.25,150,5,0.12,0.2060837771023718,0.7864023247436005,0.0
mtd_ai,200,0.00507718944321307,0.35714285714285715,2382.4768923418505,0.05,150,5,0.0808888888888889,0.03440436299442981,0.126251787425356,0.0
mtd_ai,200,0.00507718944321307,0.45454545454545453,3412.545551681837,0.1,150,5,0.0808888888888889,0.03440436299442981,0.126251787425356,0.0
mtd_ai,200,0.00507718944321307,0.4787234042553192,4218.773696303524,0.15,150,5,0.0808888888888889,0.03440436299442981,0.126251787425356,0.0
mtd_ai,200,0.00507718944321307,0.5,5250.085220073908,0.2,150,5,0.0808888888888889,0.03440436299442981,0.126251787425356,0.0
mtd_ai,200,0.00507718944321307,0.5434782608695652,5858.184070520087,0.25,150,5,0.0808888888888889,0.03440436299442981,0.126251787425356,0.0
mtd_ai,200,0.005037328246745285,0.39473684210526316,1621.8762078694322,0.05,150,5,0.15155555555555555,3.7423763609693803,5.22574584259384,0.0
mtd_ai,200,0.005037328246745285,0.46875,2544.521834228328,0.1,150,5,0.15155555555555555,3.7423763609693803,5.22574584259384,0.0
mtd_ai,200,0.005037328246745285,0.4090909090909091,4167.609142345309,0.15,150,5,0.15155555555555555,3.7423763609693803,5.22574584259384,0.0
mtd_ai,200,0.005037328246745285,0.38961038961038963,6067.767692869387,0.2,150,5,0.15155555555555555,3.7423763609693803,5.22574584259384,0.0
mtd_ai,200,0.005037328246745285,0.4411764705882353,6418.56820862008,0.25,150,5,0.15155555555555555,3.7423763609693803,5.22574584259384,0.0
mtd_ai,200,0.005052263406658666,0.25862068965517243,3874.584186003405,0.05,150,5,0.2,0.345667437183406,0.66642383805335,0.0
mtd_ai,200,0.005052263406658666,0.3125,4880.871032426904,0.1,150,5,0.2,0.345667437183406,0.66642383805335,0.0
mtd_ai,200,0.005052263406658666,0.34615384615384615,6335.824886101585,0.15,150,5,0.2,0.345667437183406,0.66642383805335,0.0
mtd_ai,200,0.005052263406658666,0.3614457831325301,7193.848195980241,0.2,150,5,0.2,0.345667437183406,0.66642383805335,0.0
mtd_ai,200,0.005052263406658666,0.390625,7772.550477001358,0.25,150,5,0.2,0.345667437183406,0.66642383805335,0.0
mtd_ai,200,0.00505510472954554,0.35714285714285715,2428.8905685563177,0.05,150,5,0.12955555555555556,0.5689787470339969,0.12424830378269978,0.0
mtd_ai,200,0.00505510472954554,0.4166666666666667,3834.4472963058333,0.1,150,5,0.12955555555555556,0.5689787470339969,0.12424830378269978,0.0
mtd_ai,200,0.00505510472954554,0.4017857142857143,5658.431053933462,0.15,150,5,0.12955555555555556,0.5689787470339969,0.12424830378269978,0.0
mtd_ai,200,0.00505510472954554,0.4166666666666667,7058.098120888372,0.2,150,5,0.12955555555555556,0.5689787470339969,0.12424830378269978,0.0
mtd_ai,200,0.00505510472954554,0.41208791208791207,7961.339630594438,0.25,150,5,0.12955555555555556,0.5689787470339969,0.12424830378269978,0.0
mtd_ai,200,0.005039282141476198,0.234375,3486.8429447975213,0.05,150,5,0.13,0.9936837334024875,2.4489542740922134,0.0
mtd_ai,200,0.005039282141476198,0.30612244897959184,4613.902304675779,0.1,150,5,0.13,0.9936837334024875,2.4489542740922134,0.0
mtd_ai,200,0.005039282141476198,0.3879310344827586,5028.975609191912,0.15,150,5,0.13,0.9936837334024875,2.4489542740922134,0.0
mtd_ai,200,0.005039282141476198,0.4166666666666667,5712.740151628752,0.2,150,5,0.13,0.9936837334024875,2.4489542740922134,0.0
mtd_ai,200,0.005039282141476198,0.4166666666666667,6516.35255124883,0.25,150,5,0.13,0.9936837334024875,2.4489542740922134,0.0
mtd_ai,200,0.005095346941596356,0.3,1951.007638865995,0.05,150,5,0.25,0.5391945504554742,0.6979427850511997,0.0
mtd_ai,200,0.005095346941596356,0.4166666666666667,2699.268634325338,0.1,150,5,0.25,0.5391945504554742,0.6979427850511997,0.0
mtd_ai,200,0.005095346941596356,0.45,3251.463802341749,0.15,150,5,0.25,0.5391945504554742,0.6979427850511997,0.0
mtd_ai,200,0.005095346941596356,0.4838709677419355,3842.805421427638,0.2,150,5,0.25,0.5391945504554742,0.6979427850511997,0.0
mtd_ai,200,0.005095346941596356,0.528169014084507,4333.802456407344,0.25,150,5,0.25,0.5391945504554742,0.6979427850511997,0.0
mtd_ai,200,0.005048108110306179,0.375,1909.7942307016785,0.05,150,5,0.14,1.2946880910454264,3.933741746383186,0.0
mtd_ai,200,0.005048108110306179,0.38461538461538464,3444.231136677041,0.1,150,5,0.14,1.2946880910454264,3.933741746383186,0.0
mtd_ai,200,0.005048108110306179,0.45918367346938777,4231.751201091033,0.15,150,5,0.14,1.2946880910454264,3.933741746383186,0.0
mtd_ai,200,0.005048108110306179,0.46875,5090.532012090164,0.2,150,5,0.14,1.2946880910454264,3.933741746383186,0.0
mtd_ai,200,0.005048108110306179,0.5067567567567568,5555.3062067337305,0.25,150,5,0.14,1.2946880910454264,3.933741746383186,0.0
mtd_ai,200,0.005034171238579372,0.24193548387096775,3962.093054176334,0.05,150,5,0.11333333333333333,2.319587904810843,5.64031080684128,0.0
mtd_ai,200,0.005034171238579372,0.3488372093023256,4858.327508161491,0.1,150,5,0.11333333333333333,2.319587904810843,5.64031080684128,0.0
mtd_ai,200,0.005034171238579372,0.4017857142857143,5648.287511811011,0.15,150,5,0.11333333333333333,2.319587904810843,5.64031080684128,0.0
mtd_ai,200,0.005034171238579372,0.43478260869565216,6410.127063050636,0.2,150,5,0.11333333333333333,2.319587904810843,5.64031080684128,0.0
mtd_ai,200,0.005034171238579372,0.4807692307692308,6721.537467363395,0.25,150,5,0.11333333333333333,2.319587904810843,5.64031080684128,0.0
mtd_ai,200,0.005044396389437805,0.32608695652173914,2409.904625860432,0.05,150,5,0.14166666666666666,1.7335718323047693,3.8904164352746253,0.0
mtd_ai,200,0.005044396389437805,0.36585365853658536,3596.2191189698924,0.1,150,5,0.14166666666666666,1.7335718323047693,3.8904164352746253,0.0
mtd_ai,200,0.005044396389437805,0.4017857142857143,4299.763980409663,0.15,150,5,0.14166666666666666,1.7335718323047693,3.8904164352746253,0.0
mtd_ai,200,0.005044396389437805,0.4225352112676056,5297.933666415387,0.2,150,5,0.14166666666666666,1.7335718323047693,3.8904164352746253,0.0
mtd_ai,200,0.005044396389437805,0.47468354430379744,5738.751431151782,0.25,150,5,0.14166666666666666,1.7335718323047693,3.8904164352746253,0.0
mtd_ai,200,0.005050288990125705,0.39473684210526316,1480.770097148899,0.05,150,5,0.14944444444444446,0.3681061498172061,1.1064437602476431,0.0
mtd_ai,200,0.005050288990125705,0.3409090909090909,4025.3377856262155,0.1,150,5,0.14944444444444446,0.3681061498172061,1.1064437602476431,0.0
mtd_ai,200,0.005050288990125705,0.42452830188679247,4380.608536859125,0.15,150,5,0.14944444444444446,0.3681061498172061,1.1064437602476431,0.0
mtd_ai,200,0.005050288990125705,0.46153846153846156,5018.12200846081,0.2,150,5,0.14944444444444446,0.3681061498172061,1.1064437602476431,0.0
mtd_ai,200,0.005050288990125705,0.4807692307692308,5639.665025154001,0.25,150,5,0.14944444444444446,0.3681061498172061,1.1064437602476431,0.0
mtd_ai,200,0.005042779753059115,0.4411764705882353,1439.7353524000705,0.05,150,5,0.15555555555555556,5.258838507939069,1.1647568654317542,0.0
mtd_ai,200,0.005042779753059115,0.3409090909090909,3406.4073432286277,0.1,150,5,0.15555555555555556,5.258838507939069,1.1647568654317542,0.0
mtd_ai,200,0.005042779753059115,0.4090909090909091,4341.5707620059575,0.15,150,5,0.15555555555555556,5.258838507939069,1.1647568654317542,0.0
mtd_ai,200,0.005042779753059115,0.37037037037037035,5978.163034301842,0.2,150,5,0.15555555555555556,5.258838507939069,1.1647568654317542,0.0
mtd_ai,200,0.005042779753059115,0.41208791208791207,6455.5242058603935,0.25,150,5,0.15555555555555556,5.258838507939069,1.1647568654317542,0.0
mtd_ai,200,0.005052167562732658,0.22727272727272727,3494.5992861205814,0.05,150,5,0.2857142857142857,0.8695647352760687,2.9782570740919745,0.0
mtd_ai,200,0.005052167562732658,0.2777777777777778,5654.079357456434,0.1,150,5,0.2857142857142857,0.8695647352760687,2.9782570740919745,0.0
mtd_ai,200,0.005052167562732658,0.3409090909090909,6488.06483415275,0.15,150,5,0.2857142857142857,0.8695647352760687,2.9782570740919745,0.0
mtd_ai,200,0.005052167562732658,0.36585365853658536,7381.929541291511,0.2,150,5,0.2857142857142857,0.8695647352760687,2.9782570740919745,0.0
mtd_ai,200,0.005052167562732658,0.3826530612244898,8055.871789112802,0.25,150,5,0.2857142857142857,0.8695647352760687,2.9782570740919745,0.0
mtd_ai,200,0.005048922302539243,0.26785714285714285,2380.9032561973418,0.05,150,5,0.18374603174603177,2.2429029307961836,5.945554539710376,0.0
mtd_ai,200,0.005048922302539243,0.3191489361702128,3790.242098711205,0.1,150,5,0.18374603174603177,2.2429029307961836,5.945554539710376,0.0
mtd_ai,200,0.005048922302539243,0.39473684210526316,4442.086629779396,0.15,150,5,0.18374603174603177,2.2429029307961836,5.945554539710376,0.0
mtd_ai,200,0.005048922302539243,0.44776119402985076,5202.978635173675,0.2,150,5,0.18374603174603177,2.2429029307961836,5.945554539710376,0.0
mtd_ai,200,0.005048922302539243,0.4807692307692308,5831.410694817825,0.25,150,5,0.18374603174603177,2.2429029307961836,5.945554539710376,0.0
mtd_ai,200,0.005031264714808575,0.3,2901.016933110627,0.05,150,5,0.13063492063492063,0.17875560872116067,0.7348975794656829,0.0
mtd_ai,200,0.005031264714808575,0.28846153846153844,4715.982768837121,0.1,150,5,0.13063492063492063,0.17875560872116067,0.7348975794656829,0.0
mtd_ai,200,0.005031264714808575,0.35714285714285715,5481.893719327347,0.15,150,5,0.13063492063492063,0.17875560872116067,0.7348975794656829,0.0
mtd_ai,200,0.005031264714808575,0.39473684210526316,6109.914138181977,0.2,150,5,0.13063492063492063,0.17875560872116067,0.7348975794656829,0.0
mtd_ai,200,0.005031264714808575,0.4076086956521739,6944.808733015188,0.25,150,5,0.13063492063492063,0.17875560872116067,0.7348975794656829,0.0
mtd_ai,200,0.0050476168589725645,0.35714285714285715,2443.0892735516272,0.05,150,5,0.3333333333333333,1.062939688028956,3.529837156843217,-5.4
mtd_ai,200,0.0050476168589725645,0.375,3433.3775705851067,0.1,150,5,0.3333333333333333,1.062939688028956,3.529837156843217,-5.4
mtd_ai,200,0.0050476168589725645,0.4017857142857143,4122.5356152999375,0.15,150,5,0.3333333333333333,1.062939688028956,3.529837156843217,-5.4
mtd_ai,200,0.0050476168589725645,0.4411764705882353,4641.281258550426,0.2,150,5,0.3333333333333333,1.062939688028956,3.529837156843217,-5.4
mtd_ai,200,0.0050476168589725645,0.47468354430379744,5112.770484410433,0.25,150,5,0.3333333333333333,1.062939688028956,3.529837156843217,-5.4
mtd_ai,200,0.005044399401091091,0.35714285714285715,2127.554400434509,0.05,150,5,0.12933333333333333,0.688140504380507,3.033596986235775,0.0
mtd_ai,200,0.005044399401091091,0.4411764705882353,3390.3218457532835,0.1,150,5,0.12933333333333333,0.688140504380507,3.033596986235775,0.0
mtd_ai,200,0.005044399401091091,0.46875,4392.130944378136,0.15,150,5,0.12933333333333333,0.688140504380507,3.033596986235775,0.0
mtd_ai,200,0.005044399401091091,0.4918032786885246,5457.46191671118,0.2,150,5,0.12933333333333333,0.688140504380507,3.033596986235775,0.0
mtd_ai,200,0.005044399401091091,0.487012987012987,6308.681585223946,0.25,150,5,0.12933333333333333,0.688140504380507,3.033596986235775,0.0
mtd_ai,200,0.005069191273661853,0.3125,2015.2903479876938,0.05,150,5,0.5,0.37376396172167575,1.5795578094925706,0.0
mtd_ai,200,0.005069191273661853,0.30612244897959184,4061.721560076615,0.1,150,5,0.5,0.37376396172167575,1.5795578094925706,0.0
mtd_ai,200,0.005069191273661853,0.32142857142857145,5124.384315982208,0.15,150,5,0.5,0.37376396172167575,1.5795578094925706,0.0
mtd_ai,200,0.005069191273661853,0.3488372093023256,5808.41382585789,0.2,150,5,0.5,0.37376396172167575,1.5795578094925706,0.0
mtd_ai,200,0.005069191273661853,0.390625,6257.448775589637,0.25,150,5,0.5,0.37376396172167575,1.5795578094925706,0.0
mtd_ai,200,0.005052675059285765,0.21428571428571427,3077.235840882553,0.05,150,5,0.2,0.9384155997675337,3.6392127041632514,0.0
mtd_ai,200,0.005052675059285765,0.20270270270270271,6476.056297516575,0.1,150,5,0.2,0.9384155997675337,3.6392127041632514,0.0
mtd_ai,200,0.005052675059285765,0.2647058823529412,7145.536377093872,0.15,150,5,0.2,0.9384155997675337,3.6392127041632514,0.0
mtd_ai,200,0.005052675059285765,0.30927835051546393,7688.710156184769,0.2,150,5,0.2,0.9384155997675337,3.6392127041632514,0.0
mtd_ai,200,0.005052675059285765,0.3472222222222222,8211.01218534329,0.25,150,5,0.2,0.9384155997675337,3.6392127041632514,0.0
mtd_ai,200,0.005050221153592141,0.25,3995.6065349664036,0.05,150,5,0.13333333333333333,0.05097184150902778,0.10222775093590562,0.0
mtd_ai,200,0.005050221153592141,0.35714285714285715,4627.702090936438,0.1,150,5,0.13333333333333333,0.05097184150902778,0.10222775093590562,0.0
mtd_ai,200,0.005050221153592141,0.4090909090909091,5139.373562751034,0.15,150,5,0.13333333333333333,0.05097184150902778,0.10222775093590562,0.0
mtd_ai,200,0.005050221153592141,0.45454545454545453,5676.156127601463,0.2,150,5,0.13333333333333333,0.05097184150902778,0.10222775093590562,0.0
mtd_ai,200,0.005050221153592141,0.4934210526315789,6124.303248430824,0.25,150,5,0.13333333333333333,0.05097184150902778,0.10222775093590562,0.0
mtd_ai,200,0.005032042525258991,0.3,1853.786280821822,0.05,150,5,0.13088888888888892,0.29546342227122496,1.3263230689920462,0.0
mtd_ai,200,0.005032042525258991,0.3191489361702128,3596.1337360934363,0.1,150,5,0.13088888888888892,0.29546342227122496,1.3263230689920462,0.0
mtd_ai,200,0.005032042525258991,0.3813559322033898,4545.504808739421,0.15,150,5,0.13088888888888892,0.29546342227122496,1.3263230689920462,0.0
mtd_ai,200,0.005032042525258991,0.36585365853658536,6278.562999934869,0.2,150,5,0.13088888888888892,0.29546342227122496,1.3263230689920462,0.0
mtd_ai,200,0.005032042525258991,0.4076086956521739,6784.876517452029,0.25,150,5,0.13088888888888892,0.29546342227122496,1.3263230689920462,0.0
mtd_ai,200,0.005080197459802534,0.35714285714285715,2002.6331504521895,0.05,150,5,0.18083333333333335,2.5319329406281676,4.8861518149065635,0.0
mtd_ai,200,0.005080197459802534,0.42857142857142855,3074.4534836896332,0.1,150,5,0.18083333333333335,2.5319329406281676,4.8861518149065635,0.0
mtd_ai,200,0.005080197459802534,0.4891304347826087,3488.952835218966,0.15,150,5,0.18083333333333335,2.5319329406281676,4.8861518149065635,0.0
mtd_ai,200,0.005080197459802534,0.4838709677419355,4405.103690487644,0.2,150,5,0.18083333333333335,2.5319329406281676,4.8861518149065635,0.0
mtd_ai,200,0.005080197459802534,0.5067567567567568,5112.627093995121,0.25,150,5,0.18083333333333335,2.5319329406281676,4.8861518149065635,0.0
mtd_ai,200,0.005070581413851887,0.3,2394.823344868184,0.05,150,5,0.1173015873015873,0.8742312449339079,2.843521062388573,0.0
mtd_ai,200,0.005070581413851887,0.32608695652173914,4131.976151598039,0.1,150,5,0.1173015873015873,0.8742312449339079,2.843521062388573,0.0
mtd_ai,200,0.005070581413851887,0.3813559322033898,5038.031244314252,0.15,150,5,0.1173015873015873,0.8742312449339079,2.843521062388573,0.0
mtd_ai,200,0.005070581413851887,0.4225352112676056,5816.2915552402765,0.2,150,5,0.1173015873015873,0.8742312449339079,2.843521062388573,0.0
mtd_ai,200,0.005070581413851887,0.47468354430379744,6240.577826917763,0.25,150,5,0.1173015873015873,0.8742312449339079,2.843521062388573,0.0
mtd_ai,200,0.0050958126514210455,0.32608695652173914,2090.458853526149,0.05,150,5,0.17125925925925928,0.5813980903818403,1.5686048541871493,0.0
mtd_ai,200,0.0050958126514210455,0.40540540540540543,3469.1123311429665,0.1,150,5,0.17125925925925928,0.5813980903818403,1.5686048541871493,0.0
mtd_ai,200,0.0050958126514210455,0.45918367346938777,4328.853278264506,0.15,150,5,0.17125925925925928,0.5813980903818403,1.5686048541871493,0.0
mtd_ai,200,0.0050958126514210455,0.5,4696.007715050942,0.2,150,5,0.17125925925925928,0.5813980903818403,1.5686048541871493,0.0
mtd_ai,200,0.0050958126514210455,0.5434782608695652,4942.71461882185,0.25,150,5,0.17125925925925928,0.5813980903818403,1.5686048541871493,0.0
mtd_ai,200,0.005039299232970368,0.375,2047.4946286321547,0.05,150,5,0.12266666666666666,0.35359244139689217,0.842616973209154,0.0
mtd_ai,200,0.005039299232970368,0.39473684210526316,3392.2066775321528,0.1,150,5,0.12266666666666666,0.35359244139689217,0.842616973209154,0.0
mtd_ai,200,0.005039299232970368,0.4166666666666667,4470.772555382004,0.15,150,5,0.12266666666666666,0.35359244139689217,0.842616973209154,0.0
mtd_ai,200,0.005039299232970368,0.43478260869565216,5512.843051877879,0.2,150,5,0.12266666666666666,0.35359244139689217,0.842616973209154,0.0
mtd_ai,200,0.005039299232970368,0.47468354430379744,5953.459809849675,0.25,150,5,0.12266666666666666,0.35359244139689217,0.842616973209154,0.0
mtd_ai,200,0.0050707940686293505,0.32608695652173914,2182.413150478646,0.05,150,5,0.10111111111111112,0.568027608537246,2.4773135502354786,0.0
mtd_ai,200,0.0050707940686293505,0.375,3278.2150372943297,0.1,150,5,0.10111111111111112,0.568027608537246,2.4773135502354786,0.0
mtd_ai,200,0.0050707940686293505,0.45,3775.7183305960175,0.15,150,5,0.10111111111111112,0.568027608537246,2.4773135502354786,0.0
mtd_ai,200,0.0050707940686293505,0.42857142857142855,5517.731592746402,0.2,150,5,0.10111111111111112,0.568027608537246,2.4773135502354786,0.0
mtd_ai,200,0.0050707940686293505,0.44642857142857145,6312.007489831933,0.25,150,5,0.10111111111111112,0.568027608537246,2.4773135502354786,0.0
mtd_ai,200,0.0050553998565359935,0.234375,3752.3764338926812,0.05,150,5,0.13666666666666666,0.6848682053577556,1.3760561441118695,0.0
mtd_ai,200,0.0050553998565359935,0.3,5253.179888501891,0.1,150,5,0.13666666666666666,0.6848682053577556,1.3760561441118695,0.0
mtd_ai,200,0.0050553998565359935,0.3629032258064516,6203.734745164387,0.15,150,5,0.13666666666666666,0.6848682053577556,1.3760561441118695,0.0
mtd_ai,200,0.0050553998565359935,0.4166666666666667,6600.10647369933,0.2,150,5,0.13666666666666666,0.6848682053577556,1.3760561441118695,0.0
mtd_ai,200,0.0050553998565359935,0.4573170731707317,6984.1335902927785,0.25,150,5,0.13666666666666666,0.6848682053577556,1.3760561441118695,0.0
mtd_ai,200,0.005034820410585559,0.25862068965517243,3244.419828372782,0.05,150,5,0.12200000000000001,43.869061102813255,8.34133251586436,0.0
mtd_ai,200,0.005034820410585559,0.3488372093023256,4306.1183458024025,0.1,150,5,0.12200000000000001,43.869061102813255,8.34133251586436,0.0
mtd_ai,200,0.005034820410585559,0.42452830188679247,4891.637459412388,0.15,150,5,0.12200000000000001,43.869061102813255,8.34133251586436,0.0
mtd_ai,200,0.005034820410585559,0.43478260869565216,5816.038093615853,0.2,150,5,0.12200000000000001,43.869061102813255,8.34133251586436,0.0
mtd_ai,200,0.005034820410585559,0.4076086956521739,7003.421319966283,0.25,150,5,0.12200000000000001,43.869061102813255,8.34133251586436,0.0
mtd_ai,200,0.0050436798722337675,0.3125,1948.3186552061072,0.05,150,5,0.12904761904761905,4.475656721315571,5.848599635794514,0.0
mtd_ai,200,0.0050436798722337675,0.32608695652173914,3621.4945342598894,0.1,150,5,0.12904761904761905,4.475656721315571,5.848599635794514,0.0
mtd_ai,200,0.0050436798722337675,0.4017857142857143,4231.831680902951,0.15,150,5,0.12904761904761905,4.475656721315571,5.848599635794514,0.0
mtd_ai,200,0.0050436798722337675,0.4411764705882353,4876.071827647651,0.2,150,5,0.12904761904761905,4.475656721315571,5.848599635794514,0.0
mtd_ai,200,0.0050436798722337675,0.487012987012987,5433.221292884098,0.25,150,5,0.12904761904761905,4.475656721315571,5.848599635794514,0.0
mtd_ai,200,0.005042292481662875,0.39473684210526316,1465.066951324438,0.05,150,5,0.152,1.011697378627924,1.78724116923333,0.0
mtd_ai,200,0.005042292481662875,0.21739130434782608,3816.8677425269866,0.1,150,5,0.152,1.011697378627924,1.78724116923333,0.0
mtd_ai,200,0.005042292481662875,0.2848101265822785,4472.039184842961,0.15,150,5,0.152,1.011697378627924,1.78724116923333,0.0
mtd_ai,200,0.005042292481662875,0.32608695652173914,5230.904535329009,0.2,150,5,0.152,1.011697378627924,1.78724116923333,0.0
mtd_ai,200,0.005042292481662875,0.3640776699029126,5617.961320938366,0.25,150,5,0.152,1.011697378627924,1.78724116923333,0.0
mtd_ai,200,0.005068984322054508,0.25862068965517243,3362.8295312035034,0.05,150,5,0.09333333333333334,5.037539472646413,4.453122667305888,0.0
mtd_ai,200,0.005068984322054508,0.3488372093023256,4078.032273696782,0.1,150,5,0.09333333333333334,5.037539472646413,4.453122667305888,0.0
mtd_ai,200,0.005068984322054508,0.4166666666666667,4874.68553873197,0.15,150,5,0.09333333333333334,5.037539472646413,4.453122667305888,0.0
mtd_ai,200,0.005068984322054508,0.46153846153846156,5304.423660139271,0.2,150,5,0.09333333333333334,5.037539472646413,4.453122667305888,0.0
mtd_ai,200,0.005068984322054508,0.4934210526315789,5963.344666759018,0.25,150,5,0.09333333333333334,5.037539472646413,4.453122667305888,0.0
mtd_ai,200,0.005063187735480187,0.26785714285714285,2755.3577220924517,0.05,150,5,0.14833333333333334,0.909823068275697,3.7572478038988844,0.0
mtd_ai,200,0.005063187735480187,0.3191489361702128,4140.959233438911,0.1,150,5,0.14833333333333334,0.909823068275697,3.7572478038988844,0.0
mtd_ai,200,0.005063187735480187,0.3879310344827586,4910.528777587314,0.15,150,5,0.14833333333333334,0.909823068275697,3.7572478038988844,0.0
mtd_ai,200,0.005063187735480187,0.410958904109589,5775.793626134045,0.2,150,5,0.14833333333333334,0.909823068275697,3.7572478038988844,0.0
mtd_ai,200,0.005063187735480187,0.39893617021276595,6604.025786892058,0.25,150,5,0.14833333333333334,0.909823068275697,3.7572478038988844,0.0
mtd_ai,200,0.005075039432176664,0.28846153846153844,2661.2307895130825,0.05,150,5,0.14,0.7829958396900918,1.9890933143750542,0.0
mtd_ai,200,0.005075039432176664,0.36585365853658536,3817.9210034708226,0.1,150,5,0.14,0.7829958396900918,1.9890933143750542,0.0
mtd_ai,200,0.005075039432176664,0.45,4151.785569976171,0.15,150,5,0.14,0.7829958396900918,1.9890933143750542,0.0
mtd_ai,200,0.005075039432176664,0.46153846153846156,4921.453054274065,0.2,150,5,0.14,0.7829958396900918,1.9890933143750542,0.0
mtd_ai,200,0.005075039432176664,0.4807692307692308,5388.264908466113,0.25,150,5,0.14,0.7829958396900918,1.9890933143750542,0.0
mtd_ai,200,0.005044110114981445,0.234375,2507.56210242754,0.05,150,5,0.12055555555555554,0.051465519416341025,0.170229709041076,0.0
mtd_ai,200,0.005044110114981445,0.2542372881355932,4086.87180676403,0.1,150,5,0.12055555555555554,0.051465519416341025,0.170229709041076,0.0
mtd_ai,200,0.005044110114981445,0.3,5182.845930416895,0.15,150,5,0.12055555555555554,0.051465519416341025,0.170229709041076,0.0
mtd_ai,200,0.005044110114981445,0.3488372093023256,5571.998867624502,0.2,150,5,0.12055555555555554,0.051465519416341025,0.170229709041076,0.0
mtd_ai,200,0.005044110114981445,0.36764705882352944,6281.752700645428,0.25,150,5,0.12055555555555554,0.051465519416341025,0.170229709041076,0.0
mtd_ai,200,0.005058005460678569,0.3409090909090909,2663.2991106650143,0.05,150,5,0.08444444444444445,0.3980157510808776,0.743350334982946,0.0
mtd_ai,200,0.005058005460678569,0.4166666666666667,3535.8626042393876,0.1,150,5,0.08444444444444445,0.3980157510808776,0.743350334982946,0.0
mtd_ai,200,0.005058005460678569,0.4326923076923077,4810.660727791172,0.15,150,5,0.08444444444444445,0.3980157510808776,0.743350334982946,0.0
mtd_ai,200,0.005058005460678569,0.44776119402985076,6168.385194453544,0.2,150,5,0.08444444444444445,0.3980157510808776,0.743350334982946,0.0
mtd_ai,200,0.005058005460678569,0.4411764705882353,7062.535746903202,0.25,150,5,0.08444444444444445,0.3980157510808776,0.743350334982946,0.0
mtd_ai,200,0.005047108698496018,0.2777777777777778,2954.238225429809,0.05,150,5,0.12122222222222222,0.043114179789094334,0.12244532813273665,0.0
mtd_ai,200,0.005047108698496018,0.3488372093023256,4077.6923305415157,0.1,150,5,0.12122222222222222,0.043114179789094334,0.12244532813273665,0.0
mtd_ai,200,0.005047108698496018,0.4326923076923077,4583.28988769137,0.15,150,5,0.12122222222222222,0.043114179789094334,0.12244532813273665,0.0
mtd_ai,200,0.005047108698496018,0.46153846153846156,5600.362679347214,0.2,150,5,0.12122222222222222,0.043114179789094334,0.12244532813273665,0.0
mtd_ai,200,0.005047108698496018,0.4807692307692308,6281.849905010096,0.25,150,5,0.12122222222222222,0.043114179789094334,0.12244532813273665,0.0
mtd_ai,200,0.005033369356871669,0.25,3385.6007401954985,0.05,150,5,0.12199999999999998,0.051206831402486275,0.07271458594556128,0.0
mtd_ai,200,0.005033369356871669,0.3,5372.140733541033,0.1,150,5,0.12199999999999998,0.051206831402486275,0.07271458594556128,0.0
mtd_ai,200,0.005033369356871669,0.3629032258064516,6161.244313050476,0.15,150,5,0.12199999999999998,0.051206831402486275,0.07271458594556128,0.0
mtd_ai,200,0.005033369356871669,0.4,6913.4788620467025,0.2,150,5,0.12199999999999998,0.051206831402486275,0.07271458594556128,0.0
mtd_ai,200,0.005033369356871669,0.45180722891566266,7396.782731328694,0.25,150,5,0.12199999999999998,0.051206831402486275,0.07271458594556128,0.0
mtd_ai,200,0.005056261363227265,0.35714285714285715,1721.5205995669478,0.05,150,5,0.13599999999999998,0.21950642841676807,0.9502142816457863,0.0
mtd_ai,200,0.005056261363227265,0.38461538461538464,2917.3680615107887,0.1,150,5,0.13599999999999998,0.21950642841676807,0.9502142816457863,0.0
mtd_ai,200,0.005056261363227265,0.35714285714285715,4976.207091966131,0.15,150,5,0.13599999999999998,0.21950642841676807,0.9502142816457863,0.0
mtd_ai,200,0.005056261363227265,0.375,6083.916617067922,0.2,150,5,0.13599999999999998,0.21950642841676807,0.9502142816457863,0.0
mtd_ai,200,0.005056261363227265,0.4032258064516129,7116.373183291646,0.25,150,5,0.13599999999999998,0.21950642841676807,0.9502142816457863,0.0
mtd_ai,200,0.005085227520271203,0.4411764705882353,1686.5919106213626,0.05,150,5,0.09666666666666666,52.57257716494209,9.370842604703931,0.0
mtd_ai,200,0.005085227520271203,0.46875,2498.3994782620784,0.1,150,5,0.09666666666666666,52.57257716494209,9.370842604703931,0.0
mtd_ai,200,0.005085227520271203,0.4891304347826087,3386.677052722047,0.15,150,5,0.09666666666666666,52.57257716494209,9.370842604703931,0.0
mtd_ai,200,0.005085227520271203,0.5084745762711864,4474.558599058942,0.2,150,5,0.09666666666666666,52.57257716494209,9.370842604703931,0.0
mtd_ai,200,0.005085227520271203,0.5597014925373134,4914.951900887522,0.25,150,5,0.09666666666666666,52.57257716494209,9.370842604703931,0.0
mtd_ai,200,0.005081968521974255,0.375,1887.7256826292921,0.05,150,5,0.14285714285714285,1.1144065907157465,3.665351310011805,0.0
mtd_ai,200,0.005081968521974255,0.46875,2805.113889619195,0.1,150,5,0.14285714285714285,1.1144065907157465,3.665351310011805,0.0
mtd_ai,200,0.005081968521974255,0.5357142857142857,3539.090675939744,0.15,150,5,0.14285714285714285,1.1144065907157465,3.665351310011805,0.0
mtd_ai,200,0.005081968521974255,0.5357142857142857,4630.655303907825,0.2,150,5,0.14285714285714285,1.1144065907157465,3.665351310011805,0.0
mtd_ai,200,0.005081968521974255,0.5859375,5109.2023977889285,0.25,150,5,0.14285714285714285,1.1144065907157465,3.665351310011805,0.0
mtd_ai,200,0.005030205995094482,0.39473684210526316,1728.9552170306276,0.05,150,5,0.11666666666666667,0.5647662178088234,2.3724141611056884,0.0
mtd_ai,200,0.005030205995094482,0.36585365853658536,3868.0832170072263,0.1,150,5,0.11666666666666667,0.5647662178088234,2.3724141611056884,0.0
mtd_ai,200,0.005030205995094482,0.3629032258064516,5508.091106771324,0.15,150,5,0.11666666666666667,0.5647662178088234,2.3724141611056884,0.0
mtd_ai,200,0.005030205995094482,0.379746835443038,7104.97618269591,0.2,150,5,0.11666666666666667,0.5647662178088234,2.3724141611056884,0.0
mtd_ai,200,0.005030205995094482,0.42134831460674155,7465.717859893614,0.25,150,5,0.11666666666666667,0.5647662178088234,2.3724141611056884,0.0
mtd_ai,200,0.00505366007492114,0.20833333333333334,3777.2622019660107,0.05,150,5,0.13043478260869565,0.3342954907092667,1.2749811758667704,0.0
mtd_ai,200,0.00505366007492114,0.29411764705882354,4909.7296354419395,0.1,150,5,0.13043478260869565,0.3342954907092667,1.2749811758667704,0.0
mtd_ai,200,0.00505366007492114,0.36885245901639346,5369.445699601942,0.15,150,5,0.13043478260869565,0.3342954907092667,1.2749811758667704,0.0
mtd_ai,200,0.00505366007492114,0.39473684210526316,6664.08351134857,0.2,150,5,0.13043478260869565,0.3342954907092667,1.2749811758667704,0.0
mtd_ai,200,0.00505366007492114,0.39473684210526316,7819.365742644017,0.25,150,5,0.13043478260869565,0.3342954907092667,1.2749811758667704,0.0
mtd_ai,200,0.005038095510699867,0.28846153846153844,3008.330081224386,0.05,150,5,0.13166666666666665,0.19928060036874934,0.6063549349421893,0.0
mtd_ai,200,0.005038095510699867,0.36585365853658536,4630.823534511668,0.1,150,5,0.13166666666666665,0.19928060036874934,0.6063549349421893,0.0
mtd_ai,200,0.005038095510699867,0.3879310344827586,6119.362922743503,0.15,150,5,0.13166666666666665,0.19928060036874934,0.6063549349421893,0.0
mtd_ai,200,0.005038095510699867,0.4225352112676056,6584.682076669544,0.2,150,5,0.13166666666666665,0.19928060036874934,0.6063549349421893,0.0
mtd_ai,200,0.005038095510699867,0.45180722891566266,7272.6518840108665,0.25,150,5,0.13166666666666665,0.19928060036874934,0.6063549349421893,0.0
mtd_ai,200,0.005037211060950322,0.3409090909090909,2346.2103806154955,0.05,150,5,0.25,3.7930467317829315,3.483692459832301,-4.758620689655173
mtd_ai,200,0.005037211060950322,0.38461538461538464,4365.886170309159,0.1,150,5,0.25,3.7930467317829315,3.483692459832301,-4.758620689655173
mtd_ai,200,0.005037211060950322,0.46875,4837.929564510814,0.15,150,5,0.25,3.7930467317829315,3.483692459832301,-4.758620689655173
mtd_ai,200,0.005037211060950322,0.4918032786885246,5633.5167837329955,0.2,150,5,0.25,3.7930467317829315,3.483692459832301,-4.758620689655173
mtd_ai,200,0.005037211060950322,0.528169014084507,5978.267965625546,0.25,150,5,0.25,3.7930467317829315,3.483692459832301,-4.758620689655173
mtd_ai,200,0.005032998136969678,0.25,2809.5550494209447,0.05,150,5,0.17777777777777776,3.4122453804256616,2.4845508333830675,0.0
mtd_ai,200,0.005032998136969678,0.3191489361702128,4107.080443154715,0.1,150,5,0.17777777777777776,3.4122453804256616,2.4845508333830675,0.0
mtd_ai,200,0.005032998136969678,0.34615384615384615,5551.673050075181,0.15,150,5,0.17777777777777776,3.4122453804256616,2.4845508333830675,0.0
mtd_ai,200,0.005032998136969678,0.38461538461538464,6495.718324684003,0.2,150,5,0.17777777777777776,3.4122453804256616,2.4845508333830675,0.0
mtd_ai,200,0.005032998136969678,0.4076086956521739,7104.670369642774,0.25,150,5,0.17777777777777776,3.4122453804256616,2.4845508333830675,0.0
mtd_ai,200,0.005062848023771912,0.22058823529411764,3019.0293048372705,0.05,150,5,0.12266666666666666,0.6984982303618295,2.1185482430505354,0.0
mtd_ai,200,0.005062848023771912,0.3191489361702128,3740.682219350697,0.1,150,5,0.12266666666666666,0.6984982303618295,2.1185482430505354,0.0
mtd_ai,200,0.005062848023771912,0.3629032258064516,4581.318803889481,0.15,150,5,0.12266666666666666,0.6984982303618295,2.1185482430505354,0.0
mtd_ai,200,0.005062848023771912,0.39473684210526316,5356.265204613412,0.2,150,5,0.12266666666666666,0.6984982303618295,2.1185482430505354,0.0
mtd_ai,200,0.005062848023771912,0.41208791208791207,6012.104762551782,0.25,150,5,0.12266666666666666,0.6984982303618295,2.1185482430505354,0.0
mtd_ai,200,0.0050435263360774744,0.26785714285714285,2962.0880904229307,0.05,150,5,0.12125925925925926,0.25339411300130843,0.7959485330599483,0.0
mtd_ai,200,0.0050435263360774744,0.39473684210526316,3520.334316145357,0.1,150,5,0.12125925925925926,0.25339411300130843,0.7959485330599483,0.0
mtd_ai,200,0.0050435263360774744,0.4411764705882353,4213.9768730204905,0.15,150,5,0.12125925925925926,0.25339411300130843,0.7959485330599483,0.0
mtd_ai,200,0.0050435263360774744,0.45454545454545453,5088.81405840779,0.2,150,5,0.12125925925925926,0.25339411300130843,0.7959485330599483,0.0
mtd_ai,200,0.0050435263360774744,0.487012987012987,5957.669707981592,0.25,150,5,0.12125925925925926,0.25339411300130843,0.7959485330599483,0.0
mtd_ai,200,0.0050762038796623304,0.32608695652173914,1644.2663135174694,0.05,150,5,0.1488888888888889,0.28750766577977793,0.9639824423009433,0.0
mtd_ai,200,0.0050762038796623304,0.3191489361702128,3246.416176100941,0.1,150,5,0.1488888888888889,0.28750766577977793,0.9639824423009433,0.0
mtd_ai,200,0.0050762038796623304,0.35714285714285715,4935.252780785024,0.15,150,5,0.1488888888888889,0.28750766577977793,0.9639824423009433,0.0
mtd_ai,200,0.0050762038796623304,0.410958904109589,5526.667264731952,0.2,150,5,0.1488888888888889,0.28750766577977793,0.9639824423009433,0.0
mtd_ai,200,0.0050762038796623304,0.45180722891566266,5997.186831778248,0.25,150,5,0.1488888888888889,0.28750766577977793,0.9639824423009433,0.0
mtd_ai,200,0.005026550014813782,0.3409090909090909,1768.0443229080674,0.05,150,5,0.08333333333333333,2.4821391867269367,3.8316284155622475,-5.04
mtd_ai,200,0.005026550014813782,0.40540540540540543,2823.5589172521277,0.1,150,5,0.08333333333333333,2.4821391867269367,3.8316284155622475,-5.04
mtd_ai,200,0.005026550014813782,0.28846153846153844,4976.58634370479,0.15,150,5,0.08333333333333333,2.4821391867269367,3.8316284155622475,-5.04
mtd_ai,200,0.005026550014813782,0.28846153846153844,6948.009060568254,0.2,150,5,0.08333333333333333,2.4821391867269367,3.8316284155622475,-5.04
mtd_ai,200,0.005026550014813782,0.33185840707964603,7413.562940639267,0.25,150,5,0.08333333333333333,2.4821391867269367,3.8316284155622475,-5.04
mtd_ai,200,0.0050684105907866485,0.375,1991.0779582353284,0.05,150,5,0.14333333333333334,0.6202738812302797,1.4718922264028842,0.0
mtd_ai,200,0.0050684105907866485,0.39473684210526316,3086.201061188077,0.1,150,5,0.14333333333333334,0.6202738812302797,1.4718922264028842,0.0
mtd_ai,200,0.0050684105907866485,0.3879310344827586,4403.568982867758,0.15,150,5,0.14333333333333334,0.6202738812302797,1.4718922264028842,0.0
mtd_ai,200,0.0050684105907866485,0.410958904109589,5222.139268846162,0.2,150,5,0.14333333333333334,0.6202738812302797,1.4718922264028842,0.0
mtd_ai,200,0.0050684105907866485,0.45180722891566266,5712.210615244411,0.25,150,5,0.14333333333333334,0.6202738812302797,1.4718922264028842,0.0
mtd_ai,200,0.005032218529037793,0.32608695652173914,1763.26676942785,0.05,150,5,0.13833333333333336,0.09542712654737312,0.25846419520935404,0.0
mtd_ai,200,0.005032218529037793,0.30612244897959184,3760.5813521598966,0.1,150,5,0.13833333333333336,0.09542712654737312,0.25846419520935404,0.0
mtd_ai,200,0.005032218529037793,0.3409090909090909,5288.131628481345,0.15,150,5,0.13833333333333336,0.09542712654737312,0.25846419520935404,0.0
mtd_ai,200,0.005032218529037793,0.37037037037037035,6644.716381583868,0.2,150,5,0.13833333333333336,0.09542712654737312,0.25846419520935404,0.0
mtd_ai,200,0.005032218529037793,0.4076086956521739,7307.949036382145,0.25,150,5,0.13833333333333336,0.09542712654737312,0.25846419520935404,0.0
mtd_ai,200,0.005066734057275643,0.3409090909090909,2241.321968764786,0.05,150,5,0.09866666666666667,0.42296441503203697,1.7718998540750317,0.0
mtd_ai,200,0.005066734057275643,0.42857142857142855,2972.207072112323,0.1,150,5,0.09866666666666667,0.42296441503203697,1.7718998540750317,0.0
mtd_ai,200,0.005066734057275643,0.42452830188679247,4139.204113890799,0.15,150,5,0.09866666666666667,0.42296441503203697,1.7718998540750317,0.0
mtd_ai,200,0.005066734057275643,0.4225352112676056,5168.946980875591,0.2,150,5,0.09866666666666667,0.42296441503203697,1.7718998540750317,0.0
mtd_ai,200,0.005066734057275643,0.3865979381443299,6388.368255004467,0.25,150,5,0.09866666666666667,0.42296441503203697,1.7718998540750317,0.0
mtd_ai,200,0.005079614478765583,0.3,2918.5650814094174,0.05,150,5,0.13,0.7437013924054738,2.934689199748994,0.0
mtd_ai,200,0.005079614478765583,0.38461538461538464,3744.911697649194,0.1,150,5,0.13,0.7437013924054738,2.934689199748994,0.0
mtd_ai,200,0.005079614478765583,0.45918367346938777,4185.982642465078,0.15,150,5,0.13,0.7437013924054738,2.934689199748994,0.0
mtd_ai,200,0.005079614478765583,0.46153846153846156,5006.772954326367,0.2,150,5,0.13,0.7437013924054738,2.934689199748994,0.0
mtd_ai,200,0.005079614478765583,0.487012987012987,5675.258889653704,0.25,150,5,0.13,0.7437013924054738,2.934689199748994,0.0
mtd_ai,200,0.005035988875450144,0.3,2715.405702228203,0.05,150,5,0.1367777777777778,1.3924303250837526,4.301584873734706,0.0
mtd_ai,200,0.005035988875450144,0.3125,4338.222332267109,0.1,150,5,0.1367777777777778,1.3924303250837526,4.301584873734706,0.0
mtd_ai,200,0.005035988875450144,0.36885245901639346,5292.84834856294,0.15,150,5,0.1367777777777778,1.3924303250837526,4.301584873734706,0.0
mtd_ai,200,0.005035988875450144,0.4166666666666667,5955.5842569007955,0.2,150,5,0.1367777777777778,1.3924303250837526,4.301584873734706,0.0
mtd_ai,200,0.005035988875450144,0.436046511627907,6794.931317535471,0.25,150,5,0.1367777777777778,1.3924303250837526,4.301584873734706,0.0
mtd_ai,200,0.005036431395747185,0.46875,1395.501573079102,0.05,150,5,0.0,1.0289939033753204,2.7155988421584483,-4.862068965517241
mtd_ai,200,0.005036431395747185,0.36585365853658536,3990.5768468410142,0.1,150,5,0.0,1.0289939033753204,2.7155988421584483,-4.862068965517241
mtd_ai,200,0.005036431395747185,0.375,5310.616388246752,0.15,150,5,0.0,1.0289939033753204,2.7155988421584483,-4.862068965517241
mtd_ai,200,0.005036431395747185,0.39473684210526316,5969.84558022704,0.2,150,5,0.0,1.0289939033753204,2.7155988421584483,-4.862068965517241
mtd_ai,200,0.005036431395747185,0.4411764705882353,6393.510659182199,0.25,150,5,0.0,1.0289939033753204,2.7155988421584483,-4.862068965517241
mtd_ai,200,0.005048540268309605,0.39473684210526316,1227.3331567773075,0.05,150,5,0.15922222222222224,0.6174537991548896,1.0860624002863537,0.0
mtd_ai,200,0.005048540268309605,0.45454545454545453,2406.82045307704,0.1,150,5,0.15922222222222224,0.6174537991548896,1.0860624002863537,0.0
mtd_ai,200,0.005048540268309605,0.5357142857142857,2807.4132502316384,0.15,150,5,0.15922222222222224,0.6174537991548896,1.0860624002863537,0.0
mtd_ai,200,0.005048540268309605,0.5172413793103449,3990.7305860378865,0.2,150,5,0.15922222222222224,0.6174537991548896,1.0860624002863537,0.0
mtd_ai,200,0.005048540268309605,0.5,4910.580297796484,0.25,150,5,0.15922222222222224,0.6174537991548896,1.0860624002863537,0.0
mtd_ai,200,0.0050426115792441785,0.3,2470.024317033758,0.05,150,5,0.1746666666666667,1.5446808647326544,5.123391513502544,0.0
mtd_ai,200,0.0050426115792441785,0.38461538461538464,3125.663667484093,0.1,150,5,0.1746666666666667,1.5446808647326544,5.123391513502544,0.0
mtd_ai,200,0.0050426115792441785,0.4326923076923077,4148.638398041132,0.15,150,5,0.1746666666666667,1.5446808647326544,5.123391513502544,0.0
mtd_ai,200,0.0050426115792441785,0.4411764705882353,5628.835468465561,0.2,150,5,0.1746666666666667,1.5446808647326544,5.123391513502544,0.0
mtd_ai,200,0.0050426115792441785,0.47468354430379744,6149.869503847298,0.25,150,5,0.1746666666666667,1.5446808647326544,5.123391513502544,0.0
mtd_ai,200,0.005035533699531766,0.234375,2689.9854259112035,0.05,150,5,0.16044444444444445,0.4232673964008464,1.4604347874436603,0.0
mtd_ai,200,0.005035533699531766,0.30612244897959184,3907.5643319790524,0.1,150,5,0.16044444444444445,0.4232673964008464,1.4604347874436603,0.0
mtd_ai,200,0.005035533699531766,0.36885245901639346,4884.6124552573565,0.15,150,5,0.16044444444444445,0.4232673964008464,1.4604347874436603,0.0
mtd_ai,200,0.005035533699531766,0.38461538461538464,5821.543463042608,0.2,150,5,0.16044444444444445,0.4232673964008464,1.4604347874436603,0.0
mtd_ai,200,0.005035533699531766,0.39893617021276595,6669.236718687451,0.25,150,5,0.16044444444444445,0.4232673964008464,1.4604347874436603,0.0
mtd_ai,200,0.005080026894206746,0.2777777777777778,2595.3624707666563,0.05,150,5,0.10666666666666667,14.72974180628495,6.830681463535359,0.0
mtd_ai,200,0.005080026894206746,0.3,3921.065526318686,0.1,150,5,0.10666666666666667,14.72974180628495,6.830681463535359,0.0
mtd_ai,200,0.005080026894206746,0.36885245901639346,4347.3840836907875,0.15,150,5,0.10666666666666667,14.72974180628495,6.830681463535359,0.0
mtd_ai,200,0.005080026894206746,0.410958904109589,4900.89312723962,0.2,150,5,0.10666666666666667,14.72974180628495,6.830681463535359,0.0
mtd_ai,200,0.005080026894206746,0.4411764705882353,5680.824165552693,0.25,150,5,0.10666666666666667,14.72974180628495,6.830681463535359,0.0
mtd_ai,200,0.005042718740035442,0.2777777777777778,2526.7508835256167,0.05,150,5,0.14442857142857143,1.297274282798755,4.4310004064114565,0.0
mtd_ai,200,0.005042718740035442,0.3333333333333333,3880.0492179802986,0.1,150,5,0.14442857142857143,1.297274282798755,4.4310004064114565,0.0
mtd_ai,200,0.005042718740035442,0.4090909090909091,4298.829325685749,0.15,150,5,0.14442857142857143,1.297274282798755,4.4310004064114565,0.0
mtd_ai,200,0.005042718740035442,0.43478260869565216,5360.62405812542,0.2,150,5,0.14442857142857143,1.297274282798755,4.4310004064114565,0.0
mtd_ai,200,0.005042718740035442,0.4411764705882353,6262.06646423177,0.25,150,5,0.14442857142857143,1.297274282798755,4.4310004064114565,0.0
mtd_ai,200,0.005044178762539576,0.22727272727272727,2961.579293594256,0.05,150,5,0.13444444444444442,0.6056922331790058,2.2513526627786713,0.0
mtd_ai,200,0.005044178762539576,0.30612244897959184,4135.168885426097,0.1,150,5,0.13444444444444442,0.6056922331790058,2.2513526627786713,0.0
mtd_ai,200,0.005044178762539576,0.3515625,5079.119622203589,0.15,150,5,0.13444444444444442,0.6056922331790058,2.2513526627786713,0.0
mtd_ai,200,0.005044178762539576,0.38461538461538464,5877.999165924466,0.2,150,5,0.13444444444444442,0.6056922331790058,2.2513526627786713,0.0
mtd_ai,200,0.005044178762539576,0.42613636363636365,6219.681520144535,0.25,150,5,0.13444444444444442,0.6056922331790058,2.2513526627786713,0.0
mtd_ai,200,0.0050657298657254424,0.39473684210526316,1646.071468785176,0.05,150,5,0.12200000000000001,0.04270066615625956,0.18561085274335215,0.0
mtd_ai,200,0.0050657298657254424,0.38461538461538464,3415.524161086681,0.1,150,5,0.12200000000000001,0.04270066615625956,0.18561085274335215,0.0
mtd_ai,200,0.0050657298657254424,0.375,5105.619872763013,0.15,150,5,0.12200000000000001,0.04270066615625956,0.18561085274335215,0.0
mtd_ai,200,0.0050657298657254424,0.42857142857142855,5766.916179760523,0.2,150,5,0.12200000000000001,0.04270066615625956,0.18561085274335215,0.0
mtd_ai,200,0.0050657298657254424,0.46296296296296297,6367.251155268829,0.25,150,5,0.12200000000000001,0.04270066615625956,0.18561085274335215,0.0
mtd_ai,200,0.005057189349640496,0.3125,2539.5442497429913,0.05,150,5,0.1471111111111111,0.9786229299851527,1.6702807026320352,0.0
mtd_ai,200,0.005057189349640496,0.375,3598.8385955068466,0.1,150,5,0.1471111111111111,0.9786229299851527,1.6702807026320352,0.0
mtd_ai,200,0.005057189349640496,0.42452830188679247,4479.740573583542,0.15,150,5,0.1471111111111111,0.9786229299851527,1.6702807026320352,0.0
mtd_ai,200,0.005057189349640496,0.47619047619047616,4917.026720432908,0.2,150,5,0.1471111111111111,0.9786229299851527,1.6702807026320352,0.0
mtd_ai,200,0.005057189349640496,0.5136986301369864,5303.983975140332,0.25,150,5,0.1471111111111111,0.9786229299851527,1.6702807026320352,0.0
mtd_ai,200,0.005039835348041849,0.3125,2056.3807695040673,0.05,150,5,0.17391304347826086,0.027638601885556863,0.1237731302316115,-3.8484848484848486
mtd_ai,200,0.005039835348041849,0.35714285714285715,3580.6529177459515,0.1,150,5,0.17391304347826086,0.027638601885556863,0.1237731302316115,-3.8484848484848486
mtd_ai,200,0.005039835348041849,0.36885245901639346,5359.222047229846,0.15,150,5,0.17391304347826086,0.027638601885556863,0.1237731302316115,-3.8484848484848486
mtd_ai,200,0.005039835348041849,0.4225352112676056,5737.8184322132,0.2,150,5,0.17391304347826086,0.027638601885556863,0.1237731302316115,-3.8484848484848486
mtd_ai,200,0.005039835348041849,0.45180722891566266,6269.769890013788,0.25,150,5,0.17391304347826086,0.027638601885556863,0.1237731302316115,-3.8484848484848486
mtd_ai,200,0.005072904982812335,0.5,1227.7622617093743,0.05,150,5,0.08311111111111111,0.12613021919108597,0.13149607803151184,0.0
mtd_ai,200,0.005072904982812335,0.5357142857142857,2142.514017034613,0.1,150,5,0.08311111111111111,0.12613021919108597,0.13149607803151184,0.0
mtd_ai,200,0.005072904982812335,0.5232558139534884,3480.0457936940807,0.15,150,5,0.08311111111111111,0.12613021919108597,0.13149607803151184,0.0
mtd_ai,200,0.005072904982812335,0.5,5096.003511876814,0.2,150,5,0.08311111111111111,0.12613021919108597,0.13149607803151184,0.0
mtd_ai,200,0.005072904982812335,0.5208333333333334,5541.244214550119,0.25,150,5,0.08311111111111111,0.12613021919108597,0.13149607803151184,0.0
mtd_ai,200,0.00503323643755079,0.25862068965517243,2557.4722423863427,0.05,150,5,0.11666666666666667,0.5057145877319552,1.8303592883428839,0.0
mtd_ai,200,0.00503323643755079,0.3125,4234.4604051780225,0.1,150,5,0.11666666666666667,0.5057145877319552,1.8303592883428839,0.0
mtd_ai,200,0.00503323643755079,0.3879310344827586,4758.195073391635,0.15,150,5,0.11666666666666667,0.5057145877319552,1.8303592883428839,0.0
mtd_ai,200,0.00503323643755079,0.39473684210526316,6448.820981252465,0.2,150,5,0.11666666666666667,0.5057145877319552,1.8303592883428839,0.0
mtd_ai,200,0.00503323643755079,0.43103448275862066,6994.673793770986,0.25,150,5,0.11666666666666667,0.5057145877319552,1.8303592883428839,0.0
mtd_ai,200,0.005035280398481441,0.21428571428571427,3645.945542432404,0.05,150,5,0.16411111111111112,0.39788051052000184,1.5220825278917365,0.0
mtd_ai,200,0.005035280398481441,0.29411764705882354,4503.979452722482,0.1,150,5,0.16411111111111112,0.39788051052000184,1.5220825278917365,0.0
mtd_ai,200,0.005035280398481441,0.3409090909090909,5181.907493891707,0.15,150,5,0.16411111111111112,0.39788051052000184,1.5220825278917365,0.0
mtd_ai,200,0.005035280398481441,0.379746835443038,5836.799569351346,0.2,150,5,0.16411111111111112,0.39788051052000184,1.5220825278917365,0.0
mtd_ai,200,0.005035280398481441,0.41208791208791207,6474.0224094068635,0.25,150,5,0.16411111111111112,0.39788051052000184,1.5220825278917365,0.0
mtd_ai,200,0.0050382388664567375,0.4166666666666667,1957.2661893211425,0.05,150,5,0.16055555555555553,0.5421237807690014,2.1349406563664735,0.0
mtd_ai,200,0.0050382388664567375,0.3125,4501.937650567552,0.1,150,5,0.16055555555555553,0.5421237807690014,2.1349406563664735,0.0
mtd_ai,200,0.0050382388664567375,0.3879310344827586,4918.481695501452,0.15,150,5,0.16055555555555553,0.5421237807690014,2.1349406563664735,0.0
mtd_ai,200,0.0050382388664567375,0.410958904109589,6112.407293366534,0.2,150,5,0.16055555555555553,0.5421237807690014,2.1349406563664735,0.0
mtd_ai,200,0.0050382388664567375,0.4573170731707317,6588.862204171195,0.25,150,5,0.16055555555555553,0.5421237807690014,2.1349406563664735,0.0
mtd_ai,200,0.005058735893521859,0.234375,4166.659039179085,0.05,150,5,0.11,0.07117100843453976,0.28959162795029175,0.0
mtd_ai,200,0.005058735893521859,0.3409090909090909,4852.856192562667,0.1,150,5,0.11,0.07117100843453976,0.28959162795029175,0.0
mtd_ai,200,0.005058735893521859,0.4411764705882353,5221.795913379756,0.15,150,5,0.11,0.07117100843453976,0.28959162795029175,0.0
mtd_ai,200,0.005058735893521859,0.44776119402985076,6372.767968605416,0.2,150,5,0.11,0.07117100843453976,0.28959162795029175,0.0
mtd_ai,200,0.005058735893521859,0.4934210526315789,6784.702630567458,0.25,150,5,0.11,0.07117100843453976,0.28959162795029175,0.0
mtd_ai,200,0.005081037025640761,0.3125,2273.0112920291795,0.05,150,5,0.18047619047619048,0.9930684008083227,3.7289209973921973,0.0
mtd_ai,200,0.005081037025640761,0.4166666666666667,3041.4332676581075,0.1,150,5,0.18047619047619048,0.9930684008083227,3.7289209973921973,0.0
mtd_ai,200,0.005081037025640761,0.45,3936.253927432343,0.15,150,5,0.18047619047619048,0.9930684008083227,3.7289209973921973,0.0
mtd_ai,200,0.005081037025640761,0.4838709677419355,4851.3867260147035,0.2,150,5,0.18047619047619048,0.9930684008083227,3.7289209973921973,0.0
mtd_ai,200,0.005081037025640761,0.5,5543.0293364250665,0.25,150,5,0.18047619047619048,0.9930684008083227,3.7289209973921973,0.0
mtd_ai,200,0.005070987171881802,0.39473684210526316,1554.2972622116044,0.05,150,5,0.11,0.07398638537267253,0.2283034376592377,0.0
mtd_ai,200,0.005070987171881802,0.38461538461538464,3487.8012960425303,0.1,150,5,0.11,0.07398638537267253,0.2283034376592377,0.0
mtd_ai,200,0.005070987171881802,0.4411764705882353,4047.810587371142,0.15,150,5,0.11,0.07398638537267253,0.2283034376592377,0.0
mtd_ai,200,0.005070987171881802,0.46875,5153.701804239308,0.2,150,5,0.11,0.07398638537267253,0.2283034376592377,0.0
mtd_ai,200,0.005070987171881802,0.5067567567567568,5823.899434746052,0.25,150,5,0.11,0.07398638537267253,0.2283034376592377,0.0
mtd_ai,200,0.00511189751265293,0.5357142857142857,1523.7180838810698,0.05,150,5,0.11866666666666667,0.8991475252516857,3.6895744654923828,0.0
mtd_ai,200,0.00511189751265293,0.5769230769230769,2520.962507243048,0.1,150,5,0.11866666666666667,0.8991475252516857,3.6895744654923828,0.0
mtd_ai,200,0.00511189751265293,0.625,3189.728176740089,0.15,150,5,0.11866666666666667,0.8991475252516857,3.6895744654923828,0.0
mtd_ai,200,0.00511189751265293,0.6521739130434783,3643.138847966192,0.2,150,5,0.11866666666666667,0.8991475252516857,3.6895744654923828,0.0
mtd_ai,200,0.00511189751265293,0.6696428571428571,4177.563216077966,0.25,150,5,0.11866666666666667,0.8991475252516857,3.6895744654923828,0.0
mtd_ai,200,0.005046037845804946,0.3,1808.0649725369044,0.05,150,5,0.16351851851851854,0.8062451559224967,2.6156454529104667,0.0
mtd_ai,200,0.005046037845804946,0.3191489361702128,4212.926326607738,0.1,150,5,0.16351851851851854,0.8062451559224967,2.6156454529104667,0.0
mtd_ai,200,0.005046037845804946,0.3515625,5400.7965779656715,0.15,150,5,0.16351851851851854,0.8062451559224967,2.6156454529104667,0.0
mtd_ai,200,0.005046037845804946,0.39473684210526316,6142.622625811426,0.2,150,5,0.16351851851851854,0.8062451559224967,2.6156454529104667,0.0
mtd_ai,200,0.005046037845804946,0.43103448275862066,6607.6974679099,0.25,150,5,0.16351851851851854,0.8062451559224967,2.6156454529104667,0.0
mtd_ai,200,0.005067995008487769,0.24193548387096775,2512.3593409392015,0.05,150,5,0.14583333333333334,0.5108139110735086,2.096973902977947,0.0
mtd_ai,200,0.005067995008487769,0.26785714285714285,3845.1796161499474,0.1,150,5,0.14583333333333334,0.5108139110735086,2.096973902977947,0.0
mtd_ai,200,0.005067995008487769,0.32142857142857145,4669.278577043058,0.15,150,5,0.14583333333333334,0.5108139110735086,2.096973902977947,0.0
mtd_ai,200,0.005067995008487769,0.35714285714285715,5356.3695533272385,0.2,150,5,0.14583333333333334,0.5108139110735086,2.096973902977947,0.0
mtd_ai,200,0.005067995008487769,0.35046728971962615,6179.272792274913,0.25,150,5,0.14583333333333334,0.5108139110735086,2.096973902977947,0.0
mtd_ai,200,0.0050372715193405665,0.32608695652173914,2139.1844090298564,0.05,150,5,0.24,0.5723446502962791,2.3378803780502957,-4.310344827586207
mtd_ai,200,0.0050372715193405665,0.39473684210526316,3479.4001502631363,0.1,150,5,0.24,0.5723446502962791,2.3378803780502957,-4.310344827586207
mtd_ai,200,0.0050372715193405665,0.4326923076923077,4286.086263067848,0.15,150,5,0.24,0.5723446502962791,2.3378803780502957,-4.310344827586207
mtd_ai,200,0.0050372715193405665,0.46875,5155.652840464829,0.2,150,5,0.24,0.5723446502962791,2.3378803780502957,-4.310344827586207
mtd_ai,200,0.0050372715193405665,0.47468354430379744,6296.68435108905,0.25,150,5,0.24,0.5723446502962791,2.3378803780502957,-4.310344827586207
mtd_ai,200,0.005056588581597104,0.3409090909090909,2210.2512971406827,0.05,150,5,0.13533333333333333,2.158935398049143,3.6780408796953603,0.0
mtd_ai,200,0.005056588581597104,0.3409090909090909,4194.428031358286,0.1,150,5,0.13533333333333333,2.158935398049143,3.6780408796953603,0.0
mtd_ai,200,0.005056588581597104,0.34615384615384615,5717.5469708240125,0.15,150,5,0.13533333333333333,2.158935398049143,3.6780408796953603,0.0
mtd_ai,200,0.005056588581597104,0.37037037037037035,6894.200577764747,0.2,150,5,0.13533333333333333,2.158935398049143,3.6780408796953603,0.0
mtd_ai,200,0.005056588581597104,0.41208791208791207,7240.576147478979,0.25,150,5,0.13533333333333333,2.158935398049143,3.6780408796953603,0.0
mtd_ai,200,0.005046948006947057,0.28846153846153844,2886.4450242232706,0.05,150,5,0.16948148148148148,0.7871614199719158,2.9752495763615276,0.0
mtd_ai,200,0.005046948006947057,0.3488372093023256,4407.429890875162,0.1,150,5,0.16948148148148148,0.7871614199719158,2.9752495763615276,0.0
mtd_ai,200,0.005046948006947057,0.33088235294117646,6088.439052399928,0.15,150,5,0.16948148148148148,0.7871614199719158,2.9752495763615276,0.0
mtd_ai,200,0.005046948006947057,0.32967032967032966,7574.979336942159,0.2,150,5,0.16948148148148148,0.7871614199719158,2.9752495763615276,0.0
mtd_ai,200,0.005046948006947057,0.32051282051282054,8562.47736578854,0.25,150,5,0.16948148148148148,0.7871614199719158,2.9752495763615276,0.0
mtd_ai,200,0.0050936898269991916,0.3409090909090909,2193.8302916471225,0.05,150,5,0.126,1.1229333830110442,1.638745424575597,0.0
mtd_ai,200,0.0050936898269991916,0.38461538461538464,3242.1896747503715,0.1,150,5,0.126,1.1229333830110442,1.638745424575597,0.0
mtd_ai,200,0.0050936898269991916,0.45918367346938777,3885.923982163699,0.15,150,5,0.126,1.1229333830110442,1.638745424575597,0.0
mtd_ai,200,0.0050936898269991916,0.4918032786885246,4362.184943608114,0.2,150,5,0.126,1.1229333830110442,1.638745424575597,0.0
mtd_ai,200,0.0050936898269991916,0.528169014084507,4903.979086700532,0.25,150,5,0.126,1.1229333830110442,1.638745424575597,0.0
mtd_ai,200,0.005065715867989578,0.375,2083.578616129898,0.05,150,5,0.12200000000000001,0.16736898398804395,0.6593673902525586,0.0
mtd_ai,200,0.005065715867989578,0.3409090909090909,4152.768631606865,0.1,150,5,0.12200000000000001,0.16736898398804395,0.6593673902525586,0.0
mtd_ai,200,0.005065715867989578,0.39473684210526316,5186.593486430031,0.15,150,5,0.12200000000000001,0.16736898398804395,0.6593673902525586,0.0
mtd_ai,200,0.005065715867989578,0.45454545454545453,5651.132192183059,0.2,150,5,0.12200000000000001,0.16736898398804395,0.6593673902525586,0.0
mtd_ai,200,0.005065715867989578,0.4807692307692308,6373.300725010537,0.25,150,5,0.12200000000000001,0.16736898398804395,0.6593673902525586,0.0
mtd_ai,200,0.005056050176175355,0.4166666666666667,1547.1713099569922,0.05,150,5,0.15023809523809523,0.4603775935370324,1.4645835759286268,0.0
mtd_ai,200,0.005056050176175355,0.36585365853658536,4251.828312905829,0.1,150,5,0.15023809523809523,0.4603775935370324,1.4645835759286268,0.0
mtd_ai,200,0.005056050176175355,0.4326923076923077,5003.587529878795,0.15,150,5,0.15023809523809523,0.4603775935370324,1.4645835759286268,0.0
mtd_ai,200,0.005056050176175355,0.410958904109589,6011.6892814508865,0.2,150,5,0.15023809523809523,0.4603775935370324,1.4645835759286268,0.0
mtd_ai,200,0.005056050176175355,0.39473684210526316,6999.603478960296,0.25,150,5,0.15023809523809523,0.4603775935370324,1.4645835759286268,0.0
mtd_ai,200,0.005046331163998204,0.35714285714285715,1875.8066493099273,0.05,150,5,0.1457142857142857,0.5708564666637799,1.3632374075641565,3.392857142857143
mtd_ai,200,0.005046331163998204,0.4411764705882353,2667.300972154959,0.1,150,5,0.1457142857142857,0.5708564666637799,1.3632374075641565,3.392857142857143
mtd_ai,200,0.005046331163998204,0.5232558139534884,3092.6353078081547,0.15,150,5,0.1457142857142857,0.5708564666637799,1.3632374075641565,3.392857142857143
mtd_ai,200,0.005046331163998204,0.5172413793103449,4134.722168295302,0.2,150,5,0.1457142857142857,0.5708564666637799,1.3632374075641565,3.392857142857143
mtd_ai,200,0.005046331163998204,0.5208333333333334,5116.734346039177,0.25,150,5,0.1457142857142857,0.5708564666637799,1.3632374075641565,3.392857142857143
mtd_ai,200,0.00503073184637208,0.35714285714285715,2228.61904737957,0.05,150,5,0.16166666666666665,0.15619963103349443,0.6476112417996512,0.0
mtd_ai,200,0.00503073184637208,0.36585365853658536,4100.550498720521,0.1,150,5,0.16166666666666665,0.15619963103349443,0.6476112417996512,0.0
mtd_ai,200,0.00503073184637208,0.42452830188679247,4777.260603814344,0.15,150,5,0.16166666666666665,0.15619963103349443,0.6476112417996512,0.0
mtd_ai,200,0.00503073184637208,0.39473684210526316,6057.905615975071,0.2,150,5,0.16166666666666665,0.15619963103349443,0.6476112417996512,0.0
mtd_ai,200,0.00503073184637208,0.4166666666666667,6674.742792635661,0.25,150,5,0.16166666666666665,0.15619963103349443,0.6476112417996512,0.0
mtd_ai,200,0.005069875567666956,0.35714285714285715,1654.9357818834967,0.05,150,5,0.1522222222222222,0.7057761118203101,2.555046451376771,0.0
mtd_ai,200,0.005069875567666956,0.40540540540540543,3177.2757538879077,0.1,150,5,0.1522222222222222,0.7057761118203101,2.555046451376771,0.0
mtd_ai,200,0.005069875567666956,0.4411764705882353,4413.140418000412,0.15,150,5,0.1522222222222222,0.7057761118203101,2.555046451376771,0.0
mtd_ai,200,0.005069875567666956,0.46875,5273.264408848561,0.2,150,5,0.1522222222222222,0.7057761118203101,2.555046451376771,0.0
mtd_ai,200,0.005069875567666956,0.4934210526315789,5799.8204886905205,0.25,150,5,0.1522222222222222,0.7057761118203101,2.555046451376771,0.0
mtd_ai,200,0.005091746767258995,0.46875,1254.9142674324958,0.05,150,5,0.12,0.190171849099838,0.10416052932730135,0.0
mtd_ai,200,0.005091746767258995,0.5,2213.74473554919,0.1,150,5,0.12,0.190171849099838,0.10416052932730135,0.0
mtd_ai,200,0.005091746767258995,0.5769230769230769,2751.626194004308,0.15,150,5,0.12,0.190171849099838,0.10416052932730135,0.0
mtd_ai,200,0.005091746767258995,0.4918032786885246,3903.7523585208237,0.2,150,5,0.12,0.190171849099838,0.10416052932730135,0.0
mtd_ai,200,0.005091746767258995,0.5136986301369864,4704.168461986845,0.25,150,5,0.12,0.190171849099838,0.10416052932730135,0.0
mtd_ai,200,0.005055635705325132,0.26785714285714285,3430.3421418337575,0.05,150,5,0.13666666666666666,0.39181877742496524,1.7079427505437186,0.0
mtd_ai,200,0.005055635705325132,0.3125,5075.479058381794,0.1,150,5,0.13666666666666666,0.39181877742496524,1.7079427505437186,0.0
mtd_ai,200,0.005055635705325132,0.3813559322033898,5782.199788817366,0.15,150,5,0.13666666666666666,0.39181877742496524,1.7079427505437186,0.0
mtd_ai,200,0.005055635705325132,0.375,6657.632210542436,0.2,150,5,0.13666666666666666,0.39181877742496524,1.7079427505437186,0.0
mtd_ai,200,0.005055635705325132,0.3865979381443299,7561.111963012785,0.25,150,5,0.13666666666666666,0.39181877742496524,1.7079427505437186,0.0
mtd_ai,200,0.005043659626244187,0.24193548387096775,4022.3083909068164,0.05,150,5,0.2857142857142857,2.1336843990772882,5.742164611908712,0.0
mtd_ai,200,0.005043659626244187,0.35714285714285715,4587.639691837361,0.1,150,5,0.2857142857142857,2.1336843990772882,5.742164611908712,0.0
mtd_ai,200,0.005043659626244187,0.4090909090909091,5340.350210169341,0.15,150,5,0.2857142857142857,2.1336843990772882,5.742164611908712,0.0
mtd_ai,200,0.005043659626244187,0.4411764705882353,5784.663220110318,0.2,150,5,0.2857142857142857,2.1336843990772882,5.742164611908712,0.0
mtd_ai,200,0.005043659626244187,0.47468354430379744,6185.67820673105,0.25,150,5,0.2857142857142857,2.1336843990772882,5.742164611908712,0.0
mtd_ai,200,0.005068908149435919,0.22727272727272727,3251.715692528838,0.05,150,5,0.16033333333333333,0.11796424012389391,0.42156417117632955,0.0
mtd_ai,200,0.005068908149435919,0.32608695652173914,4112.82091983216,0.1,150,5,0.16033333333333333,0.11796424012389391,0.42156417117632955,0.0
mtd_ai,200,0.005068908149435919,0.3879310344827586,4662.731967974938,0.15,150,5,0.16033333333333333,0.11796424012389391,0.42156417117632955,0.0
mtd_ai,200,0.005068908149435919,0.410958904109589,5822.856755776983,0.2,150,5,0.16033333333333333,0.11796424012389391,0.42156417117632955,0.0
mtd_ai,200,0.005068908149435919,0.44642857142857145,6246.507972393583,0.25,150,5,0.16033333333333333,0.11796424012389391,0.42156417117632955,0.0
mtd_ai,200,0.005062576408859819,0.3409090909090909,1603.5399041259143,0.05,150,5,0.13333333333333333,0.8684158306524913,2.9027001447867247,5.1923076923076925
mtd_ai,200,0.005062576408859819,0.4166666666666667,2533.7689030096026,0.1,150,5,0.13333333333333333,0.8684158306524913,2.9027001447867247,5.1923076923076925
mtd_ai,200,0.005062576408859819,0.5,3029.562476946909,0.15,150,5,0.13333333333333333,0.8684158306524913,2.9027001447867247,5.1923076923076925
mtd_ai,200,0.005062576408859819,0.5357142857142857,3673.0092497689266,0.2,150,5,0.13333333333333333,0.8684158306524913,2.9027001447867247,5.1923076923076925
mtd_ai,200,0.005062576408859819,0.5597014925373134,4203.098847946787,0.25,150,5,0.13333333333333333,0.8684158306524913,2.9027001447867247,5.1923076923076925
mtd_ai,200,0.005028800545752026,0.375,1699.458459510378,0.05,150,5,0.2424242424242424,0.23517492504670173,1.0144085448538764,-4.088235294117647
mtd_ai,200,0.005028800545752026,0.29411764705882354,5335.639572812347,0.1,150,5,0.2424242424242424,0.23517492504670173,1.0144085448538764,-4.088235294117647
mtd_ai,200,0.005028800545752026,0.36885245901639346,5973.3755683636255,0.15,150,5,0.2424242424242424,0.23517492504670173,1.0144085448538764,-4.088235294117647
mtd_ai,200,0.005028800545752026,0.39473684210526316,6735.090000402333,0.2,150,5,0.2424242424242424,0.23517492504670173,1.0144085448538764,-4.088235294117647
mtd_ai,200,0.005028800545752026,0.436046511627907,7258.103730957631,0.25,150,5,0.2424242424242424,0.23517492504670173,1.0144085448538764,-4.088235294117647
mtd_ai,200,0.005064348908667028,0.32608695652173914,2185.747343542679,0.05,150,5,0.12,0.30071095718071766,1.2845794162041202,0.0
mtd_ai,200,0.005064348908667028,0.38461538461538464,3673.137407718885,0.1,150,5,0.12,0.30071095718071766,1.2845794162041202,0.0
mtd_ai,200,0.005064348908667028,0.46875,4083.7636679132183,0.15,150,5,0.12,0.30071095718071766,1.2845794162041202,0.0
mtd_ai,200,0.005064348908667028,0.44776119402985076,5556.795786418226,0.2,150,5,0.12,0.30071095718071766,1.2845794162041202,0.0
mtd_ai,200,0.005064348908667028,0.5,5829.8876164946105,0.25,150,5,0.12,0.30071095718071766,1.2845794162041202,0.0
mtd_ai,200,0.005070012776421926,0.3,2677.7880147382084,0.05,150,5,0.30434782608695654,0.8196141249004399,2.8013663769022803,0.0
mtd_ai,200,0.005070012776421926,0.36585365853658536,4007.538664767296,0.1,150,5,0.30434782608695654,0.8196141249004399,2.8013663769022803,0.0
mtd_ai,200,0.005070012776421926,0.4166666666666667,4775.366191052922,0.15,150,5,0.30434782608695654,0.8196141249004399,2.8013663769022803,0.0
mtd_ai,200,0.005070012776421926,0.46153846153846156,5338.987685225124,0.2,150,5,0.30434782608695654,0.8196141249004399,2.8013663769022803,0.0
mtd_ai,200,0.005070012776421926,0.5067567567567568,5676.444960044938,0.25,150,5,0.30434782608695654,0.8196141249004399,2.8013663769022803,0.0
mtd_ai,200,0.005070023437033782,0.3125,2076.0018882539034,0.05,150,5,0.10666666666666667,2.230661004545782,5.822476767335392,0.0
mtd_ai,200,0.005070023437033782,0.36585365853658536,3560.1277576472153,0.1,150,5,0.10666666666666667,2.230661004545782,5.822476767335392,0.0
mtd_ai,200,0.005070023437033782,0.4090909090909091,5042.904897286979,0.15,150,5,0.10666666666666667,2.230661004545782,5.822476767335392,0.0
mtd_ai,200,0.005070023437033782,0.45454545454545453,5604.308113383016,0.2,150,5,0.10666666666666667,2.230661004545782,5.822476767335392,0.0
mtd_ai,200,0.005070023437033782,0.487012987012987,6019.856806737154,0.25,150,5,0.10666666666666667,2.230661004545782,5.822476767335392,0.0
mtd_ai,200,0.005041974456630597,0.32608695652173914,1863.4214495683282,0.05,150,5,0.10444444444444444,0.09192271106838565,0.2991233999930239,0.0
mtd_ai,200,0.005041974456630597,0.40540540540540543,2775.1965787360878,0.1,150,5,0.10444444444444444,0.09192271106838565,0.2991233999930239,0.0
mtd_ai,200,0.005041974456630597,0.42452830188679247,4046.8073375654135,0.15,150,5,0.10444444444444444,0.09192271106838565,0.2991233999930239,0.0
mtd_ai,200,0.005041974456630597,0.40540540540540543,5414.613260261782,0.2,150,5,0.10444444444444444,0.09192271106838565,0.2991233999930239,0.0
mtd_ai,200,0.005041974456630597,0.45180722891566266,5856.131712764745,0.25,150,5,0.10444444444444444,0.09192271106838565,0.2991233999930239,0.0
mtd_ai,200,0.005027423471873865,0.18292682926829268,3333.0278075953256,0.05,150,5,0.14200000000000002,0.16317625669003044,0.6940179314184841,0.0
mtd_ai,200,0.005027423471873865,0.2542372881355932,4761.247244848299,0.1,150,5,0.14200000000000002,0.16317625669003044,0.6940179314184841,0.0
mtd_ai,200,0.005027423471873865,0.32142857142857145,5718.626575022234,0.15,150,5,0.14200000000000002,0.16317625669003044,0.6940179314184841,0.0
mtd_ai,200,0.005027423471873865,0.35294117647058826,6835.666538756799,0.2,150,5,0.14200000000000002,0.16317625669003044,0.6940179314184841,0.0
mtd_ai,200,0.005027423471873865,0.3787878787878788,7580.2955154579795,0.25,150,5,0.14200000000000002,0.16317625669003044,0.6940179314184841,0.0
mtd_ai,200,0.005054043145828564,0.35714285714285715,2400.7368121600903,0.05,150,5,0.146984126984127,0.07082371679919874,0.14430654601152149,0.0
mtd_ai,200,0.005054043145828564,0.40540540540540543,3338.704401165436,0.1,150,5,0.146984126984127,0.07082371679919874,0.14430654601152149,0.0
mtd_ai,200,0.005054043145828564,0.4166666666666667,4331.233950050362,0.15,150,5,0.146984126984127,0.07082371679919874,0.14430654601152149,0.0
mtd_ai,200,0.005054043145828564,0.3409090909090909,5954.873521524955,0.2,150,5,0.146984126984127,0.07082371679919874,0.14430654601152149,0.0
mtd_ai,200,0.005054043145828564,0.3712871287128713,6892.6285282664885,0.25,150,5,0.146984126984127,0.07082371679919874,0.14430654601152149,0.0
mtd_ai,200,0.005074942023990377,0.28846153846153844,2410.4973266652296,0.05,150,5,0.2,5.715193690845832,5.683585293378059,0.0
mtd_ai,200,0.005074942023990377,0.38461538461538464,3242.818539814019,0.1,150,5,0.2,5.715193690845832,5.683585293378059,0.0
mtd_ai,200,0.005074942023990377,0.45918367346938777,3565.107005274265,0.15,150,5,0.2,5.715193690845832,5.683585293378059,0.0
mtd_ai,200,0.005074942023990377,0.5,4371.702115887665,0.2,150,5,0.2,5.715193690845832,5.683585293378059,0.0
mtd_ai,200,0.005074942023990377,0.43103448275862066,5480.155784617151,0.25,150,5,0.2,5.715193690845832,5.683585293378059,0.0
mtd_ai,200,0.005039121967451282,0.3125,2372.0002767531614,0.05,150,5,0.11444444444444445,0.8773376580230775,2.6675191982704303,0.0
mtd_ai,200,0.005039121967451282,0.3409090909090909,4394.19983938274,0.1,150,5,0.11444444444444445,0.8773376580230775,2.6675191982704303,0.0
mtd_ai,200,0.005039121967451282,0.4090909090909091,5212.436414079608,0.15,150,5,0.11444444444444445,0.8773376580230775,2.6675191982704303,0.0
mtd_ai,200,0.005039121967451282,0.43478260869565216,6141.637806178498,0.2,150,5,0.11444444444444445,0.8773376580230775,2.6675191982704303,0.0
mtd_ai,200,0.005039121967451282,0.4807692307692308,6737.381158940283,0.25,150,5,0.11444444444444445,0.8773376580230775,2.6675191982704303,0.0
mtd_ai,200,0.0050694738880670935,0.2777777777777778,2426.211516188774,0.05,150,5,0.155,1.6417754026252804,4.515052583367611,0.0
mtd_ai,200,0.0050694738880670935,0.3488372093023256,4129.293449034876,0.1,150,5,0.155,1.6417754026252804,4.515052583367611,0.0
mtd_ai,200,0.0050694738880670935,0.4326923076923077,4874.907132525282,0.15,150,5,0.155,1.6417754026252804,4.515052583367611,0.0
mtd_ai,200,0.0050694738880670935,0.47619047619047616,5204.454379142302,0.2,150,5,0.155,1.6417754026252804,4.515052583367611,0.0
mtd_ai,200,0.0050694738880670935,0.5067567567567568,5755.323261049765,0.25,150,5,0.155,1.6417754026252804,4.515052583367611,0.0
mtd_ai,200,0.005046796437742523,0.46875,1455.3102341263084,0.05,150,5,0.15977777777777777,1.5404911708136972,5.32204433055659,0.0
mtd_ai,200,0.005046796437742523,0.42857142857142855,3304.1600265689485,0.1,150,5,0.15977777777777777,1.5404911708136972,5.32204433055659,0.0
mtd_ai,200,0.005046796437742523,0.45918367346938777,4129.221788628744,0.15,150,5,0.15977777777777777,1.5404911708136972,5.32204433055659,0.0
mtd_ai,200,0.005046796437742523,0.4411764705882353,5095.9329301275875,0.2,150,5,0.15977777777777777,1.5404911708136972,5.32204433055659,0.0
mtd_ai,200,0.005046796437742523,0.45180722891566266,6107.685831487151,0.25,150,5,0.15977777777777777,1.5404911708136972,5.32204433055659,0.0
mtd_ai,200,0.005064542704960682,0.3,2632.9029839328646,0.05,150,5,0.20155555555555557,0.322048093689393,0.8658409701491364,0.0
mtd_ai,200,0.005064542704960682,0.3409090909090909,3847.5558439216197,0.1,150,5,0.20155555555555557,0.322048093689393,0.8658409701491364,0.0
mtd_ai,200,0.005064542704960682,0.4017857142857143,4385.991388070381,0.15,150,5,0.20155555555555557,0.322048093689393,0.8658409701491364,0.0
mtd_ai,200,0.005064542704960682,0.4166666666666667,5469.218706936588,0.2,150,5,0.20155555555555557,0.322048093689393,0.8658409701491364,0.0
mtd_ai,200,0.005064542704960682,0.43103448275862066,6316.985655959612,0.25,150,5,0.20155555555555557,0.322048093689393,0.8658409701491364,0.0
mtd_ai,200,0.005061359681510036,0.39473684210526316,1743.9306818554473,0.05,150,5,0.14866666666666667,0.5578610606092477,2.3322689832709553,0.0
mtd_ai,200,0.005061359681510036,0.38461538461538464,3196.6528329407015,0.1,150,5,0.14866666666666667,0.5578610606092477,2.3322689832709553,0.0
mtd_ai,200,0.005061359681510036,0.42452830188679247,3908.553571506522,0.15,150,5,0.14866666666666667,0.5578610606092477,2.3322689832709553,0.0
mtd_ai,200,0.005061359681510036,0.46153846153846156,4478.538026454964,0.2,150,5,0.14866666666666667,0.5578610606092477,2.3322689832709553,0.0
mtd_ai,200,0.005061359681510036,0.4934210526315789,4929.713090550802,0.25,150,5,0.14866666666666667,0.5578610606092477,2.3322689832709553,0.0
mtd_ai,200,0.0050709551534039166,0.375,1459.2064923217808,0.05,150,5,0.15838095238095237,0.0784946022875361,0.12125717835933002,0.0
mtd_ai,200,0.0050709551534039166,0.2777777777777778,4573.400505001824,0.1,150,5,0.15838095238095237,0.0784946022875361,0.12125717835933002,0.0
mtd_ai,200,0.0050709551534039166,0.3515625,5177.992786189007,0.15,150,5,0.15838095238095237,0.0784946022875361,0.12125717835933002,0.0
mtd_ai,200,0.0050709551534039166,0.38961038961038963,5772.864389445734,0.2,150,5,0.15838095238095237,0.0784946022875361,0.12125717835933002,0.0
mtd_ai,200,0.0050709551534039166,0.42613636363636365,6255.042099562566,0.25,150,5,0.15838095238095237,0.0784946022875361,0.12125717835933002,0.0
mtd_ai,200,0.005034789293215079,0.375,1563.5806298926545,0.05,150,5,0.12,0.3603837647558154,1.4116736878303309,0.0
mtd_ai,200,0.005034789293215079,0.38461538461538464,2995.9731611428597,0.1,150,5,0.12,0.3603837647558154,1.4116736878303309,0.0
mtd_ai,200,0.005034789293215079,0.3813559322033898,5202.168199434089,0.15,150,5,0.12,0.3603837647558154,1.4116736878303309,0.0
mtd_ai,200,0.005034789293215079,0.39473684210526316,6309.595508292435,0.2,150,5,0.12,0.3603837647558154,1.4116736878303309,0.0
mtd_ai,200,0.005034789293215079,0.42134831460674155,6884.511737564784,0.25,150,5,0.12,0.3603837647558154,1.4116736878303309,0.0
mtd_ai,200,0.005067412623710132,0.39473684210526316,2301.423862520488,0.05,150,5,0.155,1.3084657745159487,4.6335964497866895,0.0
mtd_ai,200,0.005067412623710132,0.35714285714285715,4181.865281726925,0.1,150,5,0.155,1.3084657745159487,4.6335964497866895,0.0
mtd_ai,200,0.005067412623710132,0.4090909090909091,4807.909170002971,0.15,150,5,0.155,1.3084657745159487,4.6335964497866895,0.0
mtd_ai,200,0.005067412623710132,0.44776119402985076,5516.863936639516,0.2,150,5,0.155,1.3084657745159487,4.6335964497866895,0.0
mtd_ai,200,0.005067412623710132,0.4934210526315789,6018.007591641743,0.25,150,5,0.155,1.3084657745159487,4.6335964497866895,0.0
mtd_ai,200,0.005072653078475685,0.35714285714285715,2571.2839621079283,0.05,150,5,0.14793650793650792,0.24284375300691274,1.056566924800891,0.0
mtd_ai,200,0.005072653078475685,0.39473684210526316,4601.3239679091375,0.1,150,5,0.14793650793650792,0.24284375300691274,1.056566924800891,0.0
mtd_ai,200,0.005072653078475685,0.4891304347826087,5021.424630201972,0.15,150,5,0.14793650793650792,0.24284375300691274,1.056566924800891,0.0
mtd_ai,200,0.005072653078475685,0.5263157894736842,5513.057048478298,0.2,150,5,0.14793650793650792,0.24284375300691274,1.056566924800891,0.0
mtd_ai,200,0.005072653078475685,0.5769230769230769,5895.011118129414,0.25,150,5,0.14793650793650792,0.24284375300691274,1.056566924800891,0.0
mtd_ai,200,0.005068082907924573,0.3409090909090909,2399.860533056135,0.05,150,5,0.11104761904761906,0.4118181700065954,1.5231729375247065,0.0
mtd_ai,200,0.005068082907924573,0.4166666666666667,3571.656130440351,0.1,150,5,0.11104761904761906,0.4118181700065954,1.5231729375247065,0.0
mtd_ai,200,0.005068082907924573,0.4787234042553192,4623.6906628618835,0.15,150,5,0.11104761904761906,0.4118181700065954,1.5231729375247065,0.0
mtd_ai,200,0.005068082907924573,0.5084745762711864,5275.874814121115,0.2,150,5,0.11104761904761906,0.4118181700065954,1.5231729375247065,0.0
mtd_ai,200,0.005068082907924573,0.5514705882352942,5833.635813940195,0.25,150,5,0.11104761904761906,0.4118181700065954,1.5231729375247065,0.0
mtd_ai,200,0.005036504774747733,0.234375,3140.74524857123,0.05,150,5,0.13666666666666666,1.1133096536689655,3.6125194919590196,4.655172413793103
mtd_ai,200,0.005036504774747733,0.28846153846153844,4574.707287212187,0.1,150,5,0.13666666666666666,1.1133096536689655,3.6125194919590196,4.655172413793103
mtd_ai,200,0.005036504774747733,0.3358208955223881,5273.825375629658,0.15,150,5,0.13666666666666666,1.1133096536689655,3.6125194919590196,4.655172413793103
mtd_ai,200,0.005036504774747733,0.38461538461538464,5941.10826315763,0.2,150,5,0.13666666666666666,1.1133096536689655,3.6125194919590196,4.655172413793103
mtd_ai,200,0.005036504774747733,0.4166666666666667,6840.268066732569,0.25,150,5,0.13666666666666666,1.1133096536689655,3.6125194919590196,4.655172413793103
mtd_ai,200,0.005063577333674238,0.3409090909090909,2342.76487615611,0.05,150,5,0.08666666666666667,0.12568855073969062,0.3730895722284696,0.0
mtd_ai,200,0.005063577333674238,0.3488372093023256,3909.385071828011,0.1,150,5,0.08666666666666667,0.12568855073969062,0.3730895722284696,0.0
mtd_ai,200,0.005063577333674238,0.4090909090909091,4494.938600450633,0.15,150,5,0.08666666666666667,0.12568855073969062,0.3730895722284696,0.0
mtd_ai,200,0.005063577333674238,0.4225352112676056,5295.760818664507,0.2,150,5,0.08666666666666667,0.12568855073969062,0.3730895722284696,0.0
mtd_ai,200,0.005063577333674238,0.4573170731707317,5678.793661078073,0.25,150,5,0.08666666666666667,0.12568855073969062,0.3730895722284696,0.0
mtd_ai,200,0.005035014934322921,0.20270270270270271,4463.962062637656,0.05,150,5,0.14637037037037037,0.4762347827248004,1.0224059443822953,0.0
mtd_ai,200,0.005035014934322921,0.30612244897959184,5219.736476134796,0.1,150,5,0.14637037037037037,0.4762347827248004,1.0224059443822953,0.0
mtd_ai,200,0.005035014934322921,0.3409090909090909,6208.219643168547,0.15,150,5,0.14637037037037037,0.4762347827248004,1.0224059443822953,0.0
mtd_ai,200,0.005035014934322921,0.38461538461538464,6630.316058069476,0.2,150,5,0.14637037037037037,0.4762347827248004,1.0224059443822953,0.0
mtd_ai,200,0.005035014934322921,0.41208791208791207,7571.191565399348,0.25,150,5,0.14637037037037037,0.4762347827248004,1.0224059443822953,0.0
mtd_ai,200,0.005048786578695375,0.3125,2229.4703369272606,0.05,150,5,0.17333333333333334,0.05720161307449363,0.2462010177652843,0.0
mtd_ai,200,0.005048786578695375,0.38461538461538464,2999.8381032713155,0.1,150,5,0.17333333333333334,0.05720161307449363,0.2462010177652843,0.0
mtd_ai,200,0.005048786578695375,0.4166666666666667,3777.9156494911044,0.15,150,5,0.17333333333333334,0.05720161307449363,0.2462010177652843,0.0
mtd_ai,200,0.005048786578695375,0.44776119402985076,4761.580402504596,0.2,150,5,0.17333333333333334,0.05720161307449363,0.2462010177652843,0.0
mtd_ai,200,0.005048786578695375,0.5,5113.192530879634,0.25,150,5,0.17333333333333334,0.05720161307449363,0.2462010177652843,0.0
mtd_ai,200,0.005039355132699794,0.22727272727272727,3756.634576765374,0.05,150,5,0.11777777777777776,0.6509518641749954,2.0566790771172077,0.0
mtd_ai,200,0.005039355132699794,0.3191489361702128,5053.309403476029,0.1,150,5,0.11777777777777776,0.6509518641749954,2.0566790771172077,0.0
mtd_ai,200,0.005039355132699794,0.3813559322033898,5601.000506848006,0.15,150,5,0.11777777777777776,0.6509518641749954,2.0566790771172077,0.0
mtd_ai,200,0.005039355132699794,0.4225352112676056,6596.85604124501,0.2,150,5,0.11777777777777776,0.6509518641749954,2.0566790771172077,0.0
mtd_ai,200,0.005039355132699794,0.4411764705882353,7334.3112659009585,0.25,150,5,0.11777777777777776,0.6509518641749954,2.0566790771172077,0.0
