Name,mtd_interval,MEF,ASR,time_to_compromise,host_compromise_ratio,network_size,exposed_endpoints,attack_path_exposure,ROA,risk,shortest_path_variability
mtd_ai,200,0.005050368966732845,0.3125,2473.4789904783065,0.05,150,5,0.20722222222222222,0.29538100529949013,1.1235958381972444,0.0
mtd_ai,200,0.005050368966732845,0.3333333333333333,3848.486649936791,0.1,150,5,0.20722222222222222,0.29538100529949013,1.1235958381972444,0.0
mtd_ai,200,0.005050368966732845,0.36885245901639346,5339.49623740283,0.15,150,5,0.20722222222222222,0.29538100529949013,1.1235958381972444,0.0
mtd_ai,200,0.005050368966732845,0.40540540540540543,6116.70924993367,0.2,150,5,0.20722222222222222,0.29538100529949013,1.1235958381972444,0.0
mtd_ai,200,0.005050368966732845,0.3826530612244898,7901.706955824517,0.25,150,5,0.20722222222222222,0.29538100529949013,1.1235958381972444,0.0
mtd_ai,200,0.005071669691607075,0.39473684210526316,1804.0556545537104,0.05,150,5,0.20454545454545456,0.2598812863076408,1.0550617842772458,0.0
mtd_ai,200,0.005071669691607075,0.4411764705882353,3008.5737318666543,0.1,150,5,0.20454545454545456,0.2598812863076408,1.0550617842772458,0.0
mtd_ai,200,0.005071669691607075,0.4166666666666667,4253.655796710929,0.15,150,5,0.20454545454545456,0.2598812863076408,1.0550617842772458,0.0
mtd_ai,200,0.005071669691607075,0.45454545454545453,5093.184711724393,0.2,150,5,0.20454545454545456,0.2598812863076408,1.0550617842772458,0.0
mtd_ai,200,0.005071669691607075,0.4807692307692308,5602.287331255893,0.25,150,5,0.20454545454545456,0.2598812863076408,1.0550617842772458,0.0
mtd_ai,200,0.005056609805502722,0.3125,2697.434473767911,0.05,150,5,0.1248888888888889,0.03112106548665448,0.11616527617120614,0.0
mtd_ai,200,0.005056609805502722,0.4166666666666667,3454.9997017583364,0.1,150,5,0.1248888888888889,0.03112106548665448,0.11616527617120614,0.0
mtd_ai,200,0.005056609805502722,0.4891304347826087,4064.7667813564067,0.15,150,5,0.1248888888888889,0.03112106548665448,0.11616527617120614,0.0
mtd_ai,200,0.005056609805502722,0.5084745762711864,4771.609939992059,0.2,150,5,0.1248888888888889,0.03112106548665448,0.11616527617120614,0.0
mtd_ai,200,0.005056609805502722,0.5514705882352942,5045.759055234397,0.25,150,5,0.1248888888888889,0.03112106548665448,0.11616527617120614,0.0
mtd_ai,200,0.005044286282808114,0.35714285714285715,2429.011870825318,0.05,150,5,0.2030075187969925,0.06433163821106877,0.22635960499614283,0.0
mtd_ai,200,0.005044286282808114,0.46875,3085.4227030230822,0.1,150,5,0.2030075187969925,0.06433163821106877,0.22635960499614283,0.0
mtd_ai,200,0.005044286282808114,0.5232558139534884,3569.2561496285225,0.15,150,5,0.2030075187969925,0.06433163821106877,0.22635960499614283,0.0
mtd_ai,200,0.005044286282808114,0.47619047619047616,5577.823215338032,0.2,150,5,0.2030075187969925,0.06433163821106877,0.22635960499614283,0.0
mtd_ai,200,0.005044286282808114,0.44642857142857145,6535.601431640402,0.25,150,5,0.2030075187969925,0.06433163821106877,0.22635960499614283,0.0
mtd_ai,200,0.005054111094270227,0.32608695652173914,1857.1617741031803,0.05,150,5,0.09,1.251845669508149,3.6271961522795486,5.208333333333333
mtd_ai,200,0.005054111094270227,0.39473684210526316,2899.4310079129955,0.1,150,5,0.09,1.251845669508149,3.6271961522795486,5.208333333333333
mtd_ai,200,0.005054111094270227,0.4090909090909091,4663.153545792964,0.15,150,5,0.09,1.251845669508149,3.6271961522795486,5.208333333333333
mtd_ai,200,0.005054111094270227,0.45454545454545453,5129.166783824145,0.2,150,5,0.09,1.251845669508149,3.6271961522795486,5.208333333333333
mtd_ai,200,0.005054111094270227,0.5067567567567568,5407.045939761393,0.25,150,5,0.09,1.251845669508149,3.6271961522795486,5.208333333333333
mtd_ai,200,0.005053668469824535,0.20833333333333334,2670.9319073420006,0.05,150,5,0.14833333333333334,0.03584688865200147,0.09418512587388132,0.0
mtd_ai,200,0.005053668469824535,0.3,3837.2718123449367,0.1,150,5,0.14833333333333334,0.03584688865200147,0.09418512587388132,0.0
mtd_ai,200,0.005053668469824535,0.3515625,4583.602601395634,0.15,150,5,0.14833333333333334,0.03584688865200147,0.09418512587388132,0.0
mtd_ai,200,0.005053668469824535,0.38961038961038963,5203.152794372363,0.2,150,5,0.14833333333333334,0.03584688865200147,0.09418512587388132,0.0
mtd_ai,200,0.005053668469824535,0.42613636363636365,5531.082418043714,0.25,150,5,0.14833333333333334,0.03584688865200147,0.09418512587388132,0.0
mtd_ai,200,0.005060905490099021,0.24193548387096775,3664.801941765638,0.05,150,5,0.153,1.053529546336508,1.1540483925591414,0.0
mtd_ai,200,0.005060905490099021,0.3333333333333333,5106.250493901925,0.1,150,5,0.153,1.053529546336508,1.1540483925591414,0.0
mtd_ai,200,0.005060905490099021,0.39473684210526316,5951.796288240911,0.15,150,5,0.153,1.053529546336508,1.1540483925591414,0.0
mtd_ai,200,0.005060905490099021,0.410958904109589,6696.469950638552,0.2,150,5,0.153,1.053529546336508,1.1540483925591414,0.0
mtd_ai,200,0.005060905490099021,0.4411764705882353,7153.769972400035,0.25,150,5,0.153,1.053529546336508,1.1540483925591414,0.0
mtd_ai,200,0.00505541046855727,0.3409090909090909,2179.755263082526,0.05,150,5,0.16666666666666666,0.9947635237895612,4.230994802378395,-4.928571428571429
mtd_ai,200,0.00505541046855727,0.38461538461538464,3393.2071520339014,0.1,150,5,0.16666666666666666,0.9947635237895612,4.230994802378395,-4.928571428571429
mtd_ai,200,0.00505541046855727,0.45918367346938777,3739.6643189855004,0.15,150,5,0.16666666666666666,0.9947635237895612,4.230994802378395,-4.928571428571429
mtd_ai,200,0.00505541046855727,0.4918032786885246,4520.691028399724,0.2,150,5,0.16666666666666666,0.9947635237895612,4.230994802378395,-4.928571428571429
mtd_ai,200,0.00505541046855727,0.5067567567567568,5088.485951489161,0.25,150,5,0.16666666666666666,0.9947635237895612,4.230994802378395,-4.928571428571429
mtd_ai,200,0.0050748441751389305,0.2777777777777778,2131.981633424083,0.05,150,5,0.11,0.9611279007149719,3.2150763729546674,0.0
mtd_ai,200,0.0050748441751389305,0.375,2889.48016856952,0.1,150,5,0.11,0.9611279007149719,3.2150763729546674,0.0
mtd_ai,200,0.0050748441751389305,0.4166666666666667,3526.614117521507,0.15,150,5,0.11,0.9611279007149719,3.2150763729546674,0.0
mtd_ai,200,0.0050748441751389305,0.4411764705882353,4382.973417595248,0.2,150,5,0.11,0.9611279007149719,3.2150763729546674,0.0
mtd_ai,200,0.0050748441751389305,0.44642857142857145,5823.611733422682,0.25,150,5,0.11,0.9611279007149719,3.2150763729546674,0.0
mtd_ai,200,0.005079767739964157,0.39473684210526316,1592.1923052389811,0.05,150,5,0.1875,0.29852833186761385,0.8902015022141385,0.0
mtd_ai,200,0.005079767739964157,0.4166666666666667,3023.5393856975024,0.1,150,5,0.1875,0.29852833186761385,0.8902015022141385,0.0
mtd_ai,200,0.005079767739964157,0.4787234042553192,3961.4619870129104,0.15,150,5,0.1875,0.29852833186761385,0.8902015022141385,0.0
mtd_ai,200,0.005079767739964157,0.5,4563.987298689282,0.2,150,5,0.1875,0.29852833186761385,0.8902015022141385,0.0
mtd_ai,200,0.005079767739964157,0.4934210526315789,5320.162548751028,0.25,150,5,0.1875,0.29852833186761385,0.8902015022141385,0.0
mtd_ai,200,0.005057688143641262,0.24193548387096775,3431.713483469075,0.05,150,5,0.12333333333333331,1.5830491269429772,2.356578968137653,0.0
mtd_ai,200,0.005057688143641262,0.3191489361702128,5123.193049632402,0.1,150,5,0.12333333333333331,1.5830491269429772,2.356578968137653,0.0
mtd_ai,200,0.005057688143641262,0.3515625,6303.178068931667,0.15,150,5,0.12333333333333331,1.5830491269429772,2.356578968137653,0.0
mtd_ai,200,0.005057688143641262,0.38461538461538464,6880.921015211501,0.2,150,5,0.12333333333333331,1.5830491269429772,2.356578968137653,0.0
mtd_ai,200,0.005057688143641262,0.41208791208791207,7423.196715640541,0.25,150,5,0.12333333333333331,1.5830491269429772,2.356578968137653,0.0
mtd_ai,200,0.005052274736926251,0.1875,3327.398322356775,0.05,150,5,0.17,0.5095152000137693,0.8912319902106165,0.0
mtd_ai,200,0.005052274736926251,0.24193548387096775,4806.580094604148,0.1,150,5,0.17,0.5095152000137693,0.8912319902106165,0.0
mtd_ai,200,0.005052274736926251,0.29605263157894735,5819.380257127991,0.15,150,5,0.17,0.5095152000137693,0.8912319902106165,0.0
mtd_ai,200,0.005052274736926251,0.32967032967032966,6591.616937298021,0.2,150,5,0.17,0.5095152000137693,0.8912319902106165,0.0
mtd_ai,200,0.005052274736926251,0.31512605042016806,7875.440967136884,0.25,150,5,0.17,0.5095152000137693,0.8912319902106165,0.0
mtd_ai,200,0.005072451617533484,0.3125,2406.711332645396,0.05,150,5,0.12955555555555556,0.5727420420422935,2.391808876932688,0.0
mtd_ai,200,0.005072451617533484,0.35714285714285715,3407.4994850894373,0.1,150,5,0.12955555555555556,0.5727420420422935,2.391808876932688,0.0
mtd_ai,200,0.005072451617533484,0.4090909090909091,4278.546226793089,0.15,150,5,0.12955555555555556,0.5727420420422935,2.391808876932688,0.0
mtd_ai,200,0.005072451617533484,0.46153846153846156,4837.010967053625,0.2,150,5,0.12955555555555556,0.5727420420422935,2.391808876932688,0.0
mtd_ai,200,0.005072451617533484,0.39473684210526316,6196.290243231567,0.25,150,5,0.12955555555555556,0.5727420420422935,2.391808876932688,0.0
mtd_ai,200,0.005053063430081874,0.28846153846153844,2835.5053469525005,0.05,150,5,0.15444444444444444,1.3269190025821078,4.076165573937196,0.0
mtd_ai,200,0.005053063430081874,0.35714285714285715,3681.950567820475,0.1,150,5,0.15444444444444444,1.3269190025821078,4.076165573937196,0.0
mtd_ai,200,0.005053063430081874,0.4090909090909091,4877.755306649633,0.15,150,5,0.15444444444444444,1.3269190025821078,4.076165573937196,0.0
mtd_ai,200,0.005053063430081874,0.3191489361702128,7259.249955053003,0.2,150,5,0.15444444444444444,1.3269190025821078,4.076165573937196,0.0
mtd_ai,200,0.005053063430081874,0.3605769230769231,7957.966578730106,0.25,150,5,0.15444444444444444,1.3269190025821078,4.076165573937196,0.0
mtd_ai,200,0.0050359008428392206,0.25,2984.829304541975,0.05,150,5,0.14,0.009556302302197464,0.006197321897399221,0.0
mtd_ai,200,0.0050359008428392206,0.3333333333333333,3765.9701259290287,0.1,150,5,0.14,0.009556302302197464,0.006197321897399221,0.0
mtd_ai,200,0.0050359008428392206,0.34615384615384615,5010.207403036398,0.15,150,5,0.14,0.009556302302197464,0.006197321897399221,0.0
mtd_ai,200,0.0050359008428392206,0.38461538461538464,5647.741876436796,0.2,150,5,0.14,0.009556302302197464,0.006197321897399221,0.0
mtd_ai,200,0.0050359008428392206,0.41208791208791207,6533.401986138303,0.25,150,5,0.14,0.009556302302197464,0.006197321897399221,0.0
mtd_ai,200,0.005061833602809959,0.3125,2751.7343428987797,0.05,150,5,0.13333333333333333,3.0193247194036066,6.279326940389541,0.0
mtd_ai,200,0.005061833602809959,0.3488372093023256,4005.522024452625,0.1,150,5,0.13333333333333333,3.0193247194036066,6.279326940389541,0.0
mtd_ai,200,0.005061833602809959,0.3879310344827586,5352.81687321137,0.15,150,5,0.13333333333333333,3.0193247194036066,6.279326940389541,0.0
mtd_ai,200,0.005061833602809959,0.4225352112676056,5955.40290382933,0.2,150,5,0.13333333333333333,3.0193247194036066,6.279326940389541,0.0
mtd_ai,200,0.005061833602809959,0.46875,6376.738068032956,0.25,150,5,0.13333333333333333,3.0193247194036066,6.279326940389541,0.0
mtd_ai,200,0.005067465951720469,0.3125,2397.3278144108376,0.05,150,5,0.14666666666666667,0.7549631577195877,2.00803149215961,0.0
mtd_ai,200,0.005067465951720469,0.32608695652173914,3772.2045099997913,0.1,150,5,0.14666666666666667,0.7549631577195877,2.00803149215961,0.0
mtd_ai,200,0.005067465951720469,0.3879310344827586,4806.627204072977,0.15,150,5,0.14666666666666667,0.7549631577195877,2.00803149215961,0.0
mtd_ai,200,0.005067465951720469,0.375,6019.373642165103,0.2,150,5,0.14666666666666667,0.7549631577195877,2.00803149215961,0.0
mtd_ai,200,0.005067465951720469,0.3865979381443299,6736.221679973041,0.25,150,5,0.14666666666666667,0.7549631577195877,2.00803149215961,0.0
mtd_ai,200,0.00506958704659768,0.375,2305.330434722442,0.05,150,5,0.12,1.2877674779491373,3.987267565118962,0.0
mtd_ai,200,0.00506958704659768,0.39473684210526316,3398.6351634417642,0.1,150,5,0.12,1.2877674779491373,3.987267565118962,0.0
mtd_ai,200,0.00506958704659768,0.4017857142857143,4525.607147745483,0.15,150,5,0.12,1.2877674779491373,3.987267565118962,0.0
mtd_ai,200,0.00506958704659768,0.42857142857142855,5387.932724386517,0.2,150,5,0.12,1.2877674779491373,3.987267565118962,0.0
mtd_ai,200,0.00506958704659768,0.42134831460674155,6318.554419409877,0.25,150,5,0.12,1.2877674779491373,3.987267565118962,0.0
mtd_ai,200,0.005036019702239901,0.35714285714285715,1761.9314027762077,0.05,150,5,0.18577777777777776,0.6489198302619033,1.4645926079726763,3.7777777777777777
mtd_ai,200,0.005036019702239901,0.3488372093023256,3776.9568458415542,0.1,150,5,0.18577777777777776,0.6489198302619033,1.4645926079726763,3.7777777777777777
mtd_ai,200,0.005036019702239901,0.3813559322033898,4860.172109060686,0.15,150,5,0.18577777777777776,0.6489198302619033,1.4645926079726763,3.7777777777777777
mtd_ai,200,0.005036019702239901,0.39473684210526316,6265.271071403421,0.2,150,5,0.18577777777777776,0.6489198302619033,1.4645926079726763,3.7777777777777777
mtd_ai,200,0.005036019702239901,0.4411764705882353,6687.713205860926,0.25,150,5,0.18577777777777776,0.6489198302619033,1.4645926079726763,3.7777777777777777
mtd_ai,200,0.005070820999715906,0.4411764705882353,2084.9273623041054,0.05,150,5,0.2160493827160494,1.068092915137266,4.3598802655306175,0.0
mtd_ai,200,0.005070820999715906,0.375,4260.864492443623,0.1,150,5,0.2160493827160494,1.068092915137266,4.3598802655306175,0.0
mtd_ai,200,0.005070820999715906,0.45,5166.507287525402,0.15,150,5,0.2160493827160494,1.068092915137266,4.3598802655306175,0.0
mtd_ai,200,0.005070820999715906,0.4838709677419355,5868.919332453583,0.2,150,5,0.2160493827160494,1.068092915137266,4.3598802655306175,0.0
mtd_ai,200,0.005070820999715906,0.5067567567567568,6460.841182500295,0.25,150,5,0.2160493827160494,1.068092915137266,4.3598802655306175,0.0
mtd_ai,200,0.005061623194557799,0.3125,1909.8636938253035,0.05,150,5,0.09,0.5099477409638293,2.0289789033427903,0.0
mtd_ai,200,0.005061623194557799,0.3333333333333333,3569.541954027151,0.1,150,5,0.09,0.5099477409638293,2.0289789033427903,0.0
mtd_ai,200,0.005061623194557799,0.34615384615384615,5282.099897892443,0.15,150,5,0.09,0.5099477409638293,2.0289789033427903,0.0
mtd_ai,200,0.005061623194557799,0.375,6301.2818961303965,0.2,150,5,0.09,0.5099477409638293,2.0289789033427903,0.0
mtd_ai,200,0.005061623194557799,0.4166666666666667,6873.02854692469,0.25,150,5,0.09,0.5099477409638293,2.0289789033427903,0.0
mtd_ai,200,0.005047592391216153,0.3409090909090909,2106.1408091031963,0.05,150,5,0.10666666666666667,0.27709028417403525,1.1370380867148304,0.0
mtd_ai,200,0.005047592391216153,0.39473684210526316,3517.713081304839,0.1,150,5,0.10666666666666667,0.27709028417403525,1.1370380867148304,0.0
mtd_ai,200,0.005047592391216153,0.45918367346938777,4166.549059469751,0.15,150,5,0.10666666666666667,0.27709028417403525,1.1370380867148304,0.0
mtd_ai,200,0.005047592391216153,0.44776119402985076,5942.511423312155,0.2,150,5,0.10666666666666667,0.27709028417403525,1.1370380867148304,0.0
mtd_ai,200,0.005047592391216153,0.47468354430379744,6471.2661574461445,0.25,150,5,0.10666666666666667,0.27709028417403525,1.1370380867148304,0.0
mtd_ai,200,0.005036528507781083,0.22727272727272727,3163.2401158801376,0.05,150,5,0.09533333333333334,0.48963159704723996,2.1655682471681077,0.0
mtd_ai,200,0.005036528507781083,0.2631578947368421,4953.829613729629,0.1,150,5,0.09533333333333334,0.48963159704723996,2.1655682471681077,0.0
mtd_ai,200,0.005036528507781083,0.31690140845070425,5995.850356384799,0.15,150,5,0.09533333333333334,0.48963159704723996,2.1655682471681077,0.0
mtd_ai,200,0.005036528507781083,0.35294117647058826,6893.987123550012,0.2,150,5,0.09533333333333334,0.48963159704723996,2.1655682471681077,0.0
mtd_ai,200,0.005036528507781083,0.39473684210526316,7403.069292936536,0.25,150,5,0.09533333333333334,0.48963159704723996,2.1655682471681077,0.0
mtd_ai,200,0.0050792970417573415,0.26785714285714285,2601.090198053842,0.05,150,5,0.13611111111111113,0.7892554879669899,1.276679548065598,0.0
mtd_ai,200,0.0050792970417573415,0.36585365853658536,3521.168883297976,0.1,150,5,0.13611111111111113,0.7892554879669899,1.276679548065598,0.0
mtd_ai,200,0.0050792970417573415,0.42452830188679247,4164.424620566949,0.15,150,5,0.13611111111111113,0.7892554879669899,1.276679548065598,0.0
mtd_ai,200,0.0050792970417573415,0.46875,4547.644821050642,0.2,150,5,0.13611111111111113,0.7892554879669899,1.276679548065598,0.0
mtd_ai,200,0.0050792970417573415,0.5136986301369864,5236.7137662589885,0.25,150,5,0.13611111111111113,0.7892554879669899,1.276679548065598,0.0
mtd_ai,200,0.005078912705878515,0.3409090909090909,1860.4283706007786,0.05,150,5,0.11888888888888888,0.4326798427761638,1.5672773924735957,0.0
mtd_ai,200,0.005078912705878515,0.35714285714285715,3935.9010236509534,0.1,150,5,0.11888888888888888,0.4326798427761638,1.5672773924735957,0.0
mtd_ai,200,0.005078912705878515,0.4411764705882353,4399.747204286583,0.15,150,5,0.11888888888888888,0.4326798427761638,1.5672773924735957,0.0
mtd_ai,200,0.005078912705878515,0.4838709677419355,4912.950289695098,0.2,150,5,0.11888888888888888,0.4326798427761638,1.5672773924735957,0.0
mtd_ai,200,0.005078912705878515,0.5136986301369864,5448.046854967284,0.25,150,5,0.11888888888888888,0.4326798427761638,1.5672773924735957,0.0
mtd_ai,200,0.005036490924965855,0.39473684210526316,1830.8277744106397,0.05,150,5,0.11888888888888888,0.25820299864258806,0.8544302163383789,0.0
mtd_ai,200,0.005036490924965855,0.35714285714285715,3762.82891417653,0.1,150,5,0.11888888888888888,0.25820299864258806,0.8544302163383789,0.0
mtd_ai,200,0.005036490924965855,0.4090909090909091,4542.267188061653,0.15,150,5,0.11888888888888888,0.25820299864258806,0.8544302163383789,0.0
mtd_ai,200,0.005036490924965855,0.4166666666666667,5576.697370580952,0.2,150,5,0.11888888888888888,0.25820299864258806,0.8544302163383789,0.0
mtd_ai,200,0.005036490924965855,0.42613636363636365,6249.614173452789,0.25,150,5,0.11888888888888888,0.25820299864258806,0.8544302163383789,0.0
mtd_ai,200,0.005070704022031445,0.35714285714285715,1826.3527353261745,0.05,150,5,0.15644444444444447,14.785508905175558,2.4892783180948417,0.0
mtd_ai,200,0.005070704022031445,0.30612244897959184,3693.158409028776,0.1,150,5,0.15644444444444447,14.785508905175558,2.4892783180948417,0.0
mtd_ai,200,0.005070704022031445,0.3629032258064516,4578.986138335507,0.15,150,5,0.15644444444444447,14.785508905175558,2.4892783180948417,0.0
mtd_ai,200,0.005070704022031445,0.39473684210526316,5325.66085132695,0.2,150,5,0.15644444444444447,14.785508905175558,2.4892783180948417,0.0
mtd_ai,200,0.005070704022031445,0.4076086956521739,6193.27824034691,0.25,150,5,0.15644444444444447,14.785508905175558,2.4892783180948417,0.0
mtd_ai,200,0.0050755809278099605,0.35714285714285715,2347.90837401748,0.05,150,5,0.11066666666666668,2.2958327225329294,4.90756395383456,0.0
mtd_ai,200,0.0050755809278099605,0.45454545454545453,3492.898491492894,0.1,150,5,0.11066666666666668,2.2958327225329294,4.90756395383456,0.0
mtd_ai,200,0.0050755809278099605,0.5,4317.985566054422,0.15,150,5,0.11066666666666668,2.2958327225329294,4.90756395383456,0.0
mtd_ai,200,0.0050755809278099605,0.5,5049.0245640681605,0.2,150,5,0.11066666666666668,2.2958327225329294,4.90756395383456,0.0
mtd_ai,200,0.0050755809278099605,0.528169014084507,5534.530060974078,0.25,150,5,0.11066666666666668,2.2958327225329294,4.90756395383456,0.0
mtd_ai,200,0.005035130754597421,0.26785714285714285,2645.402016118306,0.05,150,5,0.3076923076923077,0.547047172918759,1.799249983284517,-0.1
mtd_ai,200,0.005035130754597421,0.32608695652173914,4075.1061103977127,0.1,150,5,0.3076923076923077,0.547047172918759,1.799249983284517,-0.1
mtd_ai,200,0.005035130754597421,0.3409090909090909,5409.121272220096,0.15,150,5,0.3076923076923077,0.547047172918759,1.799249983284517,-0.1
mtd_ai,200,0.005035130754597421,0.37037037037037035,5986.84666172936,0.2,150,5,0.3076923076923077,0.547047172918759,1.799249983284517,-0.1
mtd_ai,200,0.005035130754597421,0.42613636363636365,6250.5123300899095,0.25,150,5,0.3076923076923077,0.547047172918759,1.799249983284517,-0.1
mtd_ai,200,0.005048706936315777,0.3409090909090909,1886.904900768573,0.05,150,5,0.13666666666666666,0.06569140077121774,0.2932743599385555,0.0
mtd_ai,200,0.005048706936315777,0.375,3255.9155376824533,0.1,150,5,0.13666666666666666,0.06569140077121774,0.2932743599385555,0.0
mtd_ai,200,0.005048706936315777,0.4326923076923077,3943.400454113515,0.15,150,5,0.13666666666666666,0.06569140077121774,0.2932743599385555,0.0
mtd_ai,200,0.005048706936315777,0.45454545454545453,4539.119114875024,0.2,150,5,0.13666666666666666,0.06569140077121774,0.2932743599385555,0.0
mtd_ai,200,0.005048706936315777,0.4807692307692308,5155.530463415891,0.25,150,5,0.13666666666666666,0.06569140077121774,0.2932743599385555,0.0
mtd_ai,200,0.005055682190447775,0.375,2014.687815535056,0.05,150,5,0.2229312169312169,0.3727442971297656,1.2688685366589314,0.0
mtd_ai,200,0.005055682190447775,0.4166666666666667,3087.325146444529,0.1,150,5,0.2229312169312169,0.3727442971297656,1.2688685366589314,0.0
mtd_ai,200,0.005055682190447775,0.45918367346938777,3968.832090796905,0.15,150,5,0.2229312169312169,0.3727442971297656,1.2688685366589314,0.0
mtd_ai,200,0.005055682190447775,0.5172413793103449,4497.6704651312575,0.2,150,5,0.2229312169312169,0.3727442971297656,1.2688685366589314,0.0
mtd_ai,200,0.005055682190447775,0.528169014084507,5045.12219840714,0.25,150,5,0.2229312169312169,0.3727442971297656,1.2688685366589314,0.0
mtd_ai,200,0.00503188606694209,0.35714285714285715,2478.7388696901135,0.05,150,5,0.14333333333333334,0.8112888714884583,2.7621708374228793,3.6842105263157894
mtd_ai,200,0.00503188606694209,0.3125,5383.852514764476,0.1,150,5,0.14333333333333334,0.8112888714884583,2.7621708374228793,3.6842105263157894
mtd_ai,200,0.00503188606694209,0.375,6467.241946808129,0.15,150,5,0.14333333333333334,0.8112888714884583,2.7621708374228793,3.6842105263157894
mtd_ai,200,0.00503188606694209,0.410958904109589,6912.172421203022,0.2,150,5,0.14333333333333334,0.8112888714884583,2.7621708374228793,3.6842105263157894
mtd_ai,200,0.00503188606694209,0.4573170731707317,7225.055979236709,0.25,150,5,0.14333333333333334,0.8112888714884583,2.7621708374228793,3.6842105263157894
mtd_ai,200,0.005045574042238353,0.32608695652173914,1798.9477306744411,0.05,150,5,0.12666666666666668,1.2592087095612454,4.111295066646479,0.0
mtd_ai,200,0.005045574042238353,0.36585365853658536,3333.9155047426198,0.1,150,5,0.12666666666666668,1.2592087095612454,4.111295066646479,0.0
mtd_ai,200,0.005045574042238353,0.4017857142857143,4325.820840386119,0.15,150,5,0.12666666666666668,1.2592087095612454,4.111295066646479,0.0
mtd_ai,200,0.005045574042238353,0.4166666666666667,5969.845407014098,0.2,150,5,0.12666666666666668,1.2592087095612454,4.111295066646479,0.0
mtd_ai,200,0.005045574042238353,0.4573170731707317,6386.896528963316,0.25,150,5,0.12666666666666668,1.2592087095612454,4.111295066646479,0.0
mtd_ai,200,0.005077020016743276,0.4411764705882353,1323.085410792144,0.05,150,5,0.14844444444444443,0.5846342942911648,1.393505641135975,0.0
mtd_ai,200,0.005077020016743276,0.42857142857142855,2844.0928551525785,0.1,150,5,0.14844444444444443,0.5846342942911648,1.393505641135975,0.0
mtd_ai,200,0.005077020016743276,0.45,4046.5525602853686,0.15,150,5,0.14844444444444443,0.5846342942911648,1.393505641135975,0.0
mtd_ai,200,0.005077020016743276,0.4838709677419355,4830.8984127931035,0.2,150,5,0.14844444444444443,0.5846342942911648,1.393505641135975,0.0
mtd_ai,200,0.005077020016743276,0.5067567567567568,5424.126830671208,0.25,150,5,0.14844444444444443,0.5846342942911648,1.393505641135975,0.0
mtd_ai,200,0.005073030041677702,0.4166666666666667,1530.852189156913,0.05,150,5,0.14333333333333334,0.9708451149761228,4.020484839819436,0.0
mtd_ai,200,0.005073030041677702,0.46875,2589.2503633951223,0.1,150,5,0.14333333333333334,0.9708451149761228,4.020484839819436,0.0
mtd_ai,200,0.005073030041677702,0.4411764705882353,4628.590811997596,0.15,150,5,0.14333333333333334,0.9708451149761228,4.020484839819436,0.0
mtd_ai,200,0.005073030041677702,0.47619047619047616,5321.101745740105,0.2,150,5,0.14333333333333334,0.9708451149761228,4.020484839819436,0.0
mtd_ai,200,0.005073030041677702,0.5136986301369864,5669.297013037338,0.25,150,5,0.14333333333333334,0.9708451149761228,4.020484839819436,0.0
mtd_ai,200,0.0050821027570854506,0.4411764705882353,1697.1423095368903,0.05,150,5,0.14755555555555555,5.588769062709263,6.259988214327786,0.0
mtd_ai,200,0.0050821027570854506,0.40540540540540543,3261.603603194424,0.1,150,5,0.14755555555555555,5.588769062709263,6.259988214327786,0.0
mtd_ai,200,0.0050821027570854506,0.45,3909.6342799714575,0.15,150,5,0.14755555555555555,5.588769062709263,6.259988214327786,0.0
mtd_ai,200,0.0050821027570854506,0.410958904109589,4936.785559086121,0.2,150,5,0.14755555555555555,5.588769062709263,6.259988214327786,0.0
mtd_ai,200,0.0050821027570854506,0.4573170731707317,5252.648113908983,0.25,150,5,0.14755555555555555,5.588769062709263,6.259988214327786,0.0
mtd_ai,200,0.0050322617963790275,0.25862068965517243,2410.0671391809005,0.05,150,5,0.18538095238095237,0.16148359366665294,0.6836059646472991,0.0
mtd_ai,200,0.0050322617963790275,0.3191489361702128,3884.216300723315,0.1,150,5,0.18538095238095237,0.16148359366665294,0.6836059646472991,0.0
mtd_ai,200,0.0050322617963790275,0.3409090909090909,5403.9259657952225,0.15,150,5,0.18538095238095237,0.16148359366665294,0.6836059646472991,0.0
mtd_ai,200,0.0050322617963790275,0.33707865168539325,6420.2197936635275,0.2,150,5,0.18538095238095237,0.16148359366665294,0.6836059646472991,0.0
mtd_ai,200,0.0050322617963790275,0.32894736842105265,7539.323043236742,0.25,150,5,0.18538095238095237,0.16148359366665294,0.6836059646472991,0.0
mtd_ai,200,0.005042818319269539,0.26785714285714285,3088.542329848993,0.05,150,5,0.23529411764705882,0.5664089804512231,1.4986378277440653,-6.045454545454546
mtd_ai,200,0.005042818319269539,0.36585365853658536,4022.7036333795763,0.1,150,5,0.23529411764705882,0.5664089804512231,1.4986378277440653,-6.045454545454546
mtd_ai,200,0.005042818319269539,0.3879310344827586,5356.865143021485,0.15,150,5,0.23529411764705882,0.5664089804512231,1.4986378277440653,-6.045454545454546
mtd_ai,200,0.005042818319269539,0.4225352112676056,5887.518606936648,0.2,150,5,0.23529411764705882,0.5664089804512231,1.4986378277440653,-6.045454545454546
mtd_ai,200,0.005042818319269539,0.45180722891566266,6397.244137141461,0.25,150,5,0.23529411764705882,0.5664089804512231,1.4986378277440653,-6.045454545454546
mtd_ai,200,0.005059516044750341,0.46875,1774.448577412934,0.05,150,5,0.13,0.3278300780376779,0.9636514507314493,0.0
mtd_ai,200,0.005059516044750341,0.4411764705882353,2819.5817223839035,0.1,150,5,0.13,0.3278300780376779,0.9636514507314493,0.0
mtd_ai,200,0.005059516044750341,0.5,3309.587296371401,0.15,150,5,0.13,0.3278300780376779,0.9636514507314493,0.0
mtd_ai,200,0.005059516044750341,0.4838709677419355,4525.205336062425,0.2,150,5,0.13,0.3278300780376779,0.9636514507314493,0.0
mtd_ai,200,0.005059516044750341,0.528169014084507,4851.313810544194,0.25,150,5,0.13,0.3278300780376779,0.9636514507314493,0.0
mtd_ai,200,0.005063743429135173,0.2777777777777778,2742.612435480305,0.05,150,5,0.1208888888888889,6.8314768343581616,6.812726351886056,0.0
mtd_ai,200,0.005063743429135173,0.2727272727272727,5219.985588207046,0.1,150,5,0.1208888888888889,6.8314768343581616,6.812726351886056,0.0
mtd_ai,200,0.005063743429135173,0.3358208955223881,5749.490810245439,0.15,150,5,0.1208888888888889,6.8314768343581616,6.812726351886056,0.0
mtd_ai,200,0.005063743429135173,0.379746835443038,6290.230662784665,0.2,150,5,0.1208888888888889,6.8314768343581616,6.812726351886056,0.0
mtd_ai,200,0.005063743429135173,0.4166666666666667,6879.8974892175265,0.25,150,5,0.1208888888888889,6.8314768343581616,6.812726351886056,0.0
mtd_ai,200,0.005033593694639771,0.234375,3724.8209671644026,0.05,150,5,0.13222222222222224,2.3968045592485856,5.675664903684156,0.0
mtd_ai,200,0.005033593694639771,0.32608695652173914,4551.8112440509885,0.1,150,5,0.13222222222222224,2.3968045592485856,5.675664903684156,0.0
mtd_ai,200,0.005033593694639771,0.375,5698.989746367703,0.15,150,5,0.13222222222222224,2.3968045592485856,5.675664903684156,0.0
mtd_ai,200,0.005033593694639771,0.4225352112676056,5995.360952215802,0.2,150,5,0.13222222222222224,2.3968045592485856,5.675664903684156,0.0
mtd_ai,200,0.005033593694639771,0.42613636363636365,6858.457113359023,0.25,150,5,0.13222222222222224,2.3968045592485856,5.675664903684156,0.0
mtd_ai,200,0.005043272654847892,0.3,2864.3161559637583,0.05,150,5,0.1577777777777778,1.1881699539032915,3.8681201332218516,0.0
mtd_ai,200,0.005043272654847892,0.375,3852.014592357168,0.1,150,5,0.1577777777777778,1.1881699539032915,3.8681201332218516,0.0
mtd_ai,200,0.005043272654847892,0.45,4555.361845462989,0.15,150,5,0.1577777777777778,1.1881699539032915,3.8681201332218516,0.0
mtd_ai,200,0.005043272654847892,0.44776119402985076,5811.946411125336,0.2,150,5,0.1577777777777778,1.1881699539032915,3.8681201332218516,0.0
mtd_ai,200,0.005043272654847892,0.46296296296296297,6738.31928013859,0.25,150,5,0.1577777777777778,1.1881699539032915,3.8681201332218516,0.0
mtd_ai,200,0.005042000030231821,0.2777777777777778,2779.4341821151274,0.05,150,5,0.11,0.42089608013320523,0.8941760439546118,0.0
mtd_ai,200,0.005042000030231821,0.3488372093023256,4259.712832789824,0.1,150,5,0.11,0.42089608013320523,0.8941760439546118,0.0
mtd_ai,200,0.005042000030231821,0.42452830188679247,4778.197021876351,0.15,150,5,0.11,0.42089608013320523,0.8941760439546118,0.0
mtd_ai,200,0.005042000030231821,0.4411764705882353,5836.529801500808,0.2,150,5,0.11,0.42089608013320523,0.8941760439546118,0.0
mtd_ai,200,0.005042000030231821,0.46296296296296297,6887.712886573117,0.25,150,5,0.11,0.42089608013320523,0.8941760439546118,0.0
mtd_ai,200,0.0050427359146078725,0.3409090909090909,2095.645525167436,0.05,150,5,0.1345,1.7083293978785608,5.594667862641547,0.0
mtd_ai,200,0.0050427359146078725,0.39473684210526316,3513.2943429127718,0.1,150,5,0.1345,1.7083293978785608,5.594667862641547,0.0
mtd_ai,200,0.0050427359146078725,0.46875,4142.003413460792,0.15,150,5,0.1345,1.7083293978785608,5.594667862641547,0.0
mtd_ai,200,0.0050427359146078725,0.43478260869565216,5281.719333373819,0.2,150,5,0.1345,1.7083293978785608,5.594667862641547,0.0
mtd_ai,200,0.0050427359146078725,0.47468354430379744,5897.505064071172,0.25,150,5,0.1345,1.7083293978785608,5.594667862641547,0.0
mtd_ai,200,0.005071776952700668,0.28846153846153844,2878.481175213269,0.05,150,5,0.10666666666666667,1.229781220534381,4.108502187891139,0.0
mtd_ai,200,0.005071776952700668,0.3333333333333333,4206.180458154533,0.1,150,5,0.10666666666666667,1.229781220534381,4.108502187891139,0.0
mtd_ai,200,0.005071776952700668,0.36885245901639346,5041.626218044865,0.15,150,5,0.10666666666666667,1.229781220534381,4.108502187891139,0.0
mtd_ai,200,0.005071776952700668,0.4,5513.475548625611,0.2,150,5,0.10666666666666667,1.229781220534381,4.108502187891139,0.0
mtd_ai,200,0.005071776952700668,0.436046511627907,6082.708842417693,0.25,150,5,0.10666666666666667,1.229781220534381,4.108502187891139,0.0
mtd_ai,200,0.005077046750779149,0.26785714285714285,2313.8134443133504,0.05,150,5,0.13285714285714287,0.8423083599672935,3.0568187724193994,0.0
mtd_ai,200,0.005077046750779149,0.3333333333333333,3738.743118834898,0.1,150,5,0.13285714285714287,0.8423083599672935,3.0568187724193994,0.0
mtd_ai,200,0.005077046750779149,0.35714285714285715,4728.420857050871,0.15,150,5,0.13285714285714287,0.8423083599672935,3.0568187724193994,0.0
mtd_ai,200,0.005077046750779149,0.4,5462.138623835286,0.2,150,5,0.13285714285714287,0.8423083599672935,3.0568187724193994,0.0
mtd_ai,200,0.005077046750779149,0.4411764705882353,5894.91800637712,0.25,150,5,0.13285714285714287,0.8423083599672935,3.0568187724193994,0.0
mtd_ai,200,0.005056807969200023,0.39473684210526316,1533.4772645880762,0.05,150,5,0.08592592592592593,1.0523507372268706,3.1097318984101108,0.0
mtd_ai,200,0.005056807969200023,0.38461538461538464,2891.6529366844998,0.1,150,5,0.08592592592592593,1.0523507372268706,3.1097318984101108,0.0
mtd_ai,200,0.005056807969200023,0.46875,3410.7845112246155,0.15,150,5,0.08592592592592593,1.0523507372268706,3.1097318984101108,0.0
mtd_ai,200,0.005056807969200023,0.5263157894736842,3772.100636451938,0.2,150,5,0.08592592592592593,1.0523507372268706,3.1097318984101108,0.0
mtd_ai,200,0.005056807969200023,0.5681818181818182,4119.85277183738,0.25,150,5,0.08592592592592593,1.0523507372268706,3.1097318984101108,0.0
mtd_ai,200,0.005034642090418598,0.35714285714285715,2362.615405882824,0.05,150,5,0.09833333333333333,0.9090818844345071,2.047182745128565,0.0
mtd_ai,200,0.005034642090418598,0.3488372093023256,3786.0793638172972,0.1,150,5,0.09833333333333333,0.9090818844345071,2.047182745128565,0.0
mtd_ai,200,0.005034642090418598,0.4090909090909091,4785.096758869568,0.15,150,5,0.09833333333333333,0.9090818844345071,2.047182745128565,0.0
mtd_ai,200,0.005034642090418598,0.4411764705882353,5835.316547548418,0.2,150,5,0.09833333333333333,0.9090818844345071,2.047182745128565,0.0
mtd_ai,200,0.005034642090418598,0.46296296296296297,6594.674543785957,0.25,150,5,0.09833333333333333,0.9090818844345071,2.047182745128565,0.0
mtd_ai,200,0.0050516654641578704,0.39473684210526316,1712.3395945281045,0.05,150,5,0.08,0.5448019702882474,0.32733708333832323,0.0
mtd_ai,200,0.0050516654641578704,0.3333333333333333,4217.690624819899,0.1,150,5,0.08,0.5448019702882474,0.32733708333832323,0.0
mtd_ai,200,0.0050516654641578704,0.3879310344827586,4930.185089847804,0.15,150,5,0.08,0.5448019702882474,0.32733708333832323,0.0
mtd_ai,200,0.0050516654641578704,0.410958904109589,6098.328316045391,0.2,150,5,0.08,0.5448019702882474,0.32733708333832323,0.0
mtd_ai,200,0.0050516654641578704,0.436046511627907,7001.358080797181,0.25,150,5,0.08,0.5448019702882474,0.32733708333832323,0.0
mtd_ai,200,0.005030081744693827,0.19736842105263158,4395.376741338059,0.05,150,5,0.11,0.5709802793382438,2.356047962152616,0.0
mtd_ai,200,0.005030081744693827,0.2631578947368421,5891.97940077758,0.1,150,5,0.11,0.5709802793382438,2.356047962152616,0.0
mtd_ai,200,0.005030081744693827,0.32608695652173914,6670.373850649159,0.15,150,5,0.11,0.5709802793382438,2.356047962152616,0.0
mtd_ai,200,0.005030081744693827,0.36585365853658536,7101.505737102554,0.2,150,5,0.11,0.5709802793382438,2.356047962152616,0.0
mtd_ai,200,0.005030081744693827,0.39893617021276595,7916.596892682673,0.25,150,5,0.11,0.5709802793382438,2.356047962152616,0.0
mtd_ai,200,0.0050827223370470895,0.26785714285714285,3036.8127029457323,0.05,150,5,0.13,1.8281767282122126,3.5887578721633977,0.0
mtd_ai,200,0.0050827223370470895,0.375,3824.828804665774,0.1,150,5,0.13,1.8281767282122126,3.5887578721633977,0.0
mtd_ai,200,0.0050827223370470895,0.45918367346938777,4292.486307903366,0.15,150,5,0.13,1.8281767282122126,3.5887578721633977,0.0
mtd_ai,200,0.0050827223370470895,0.5,4624.4302470113125,0.2,150,5,0.13,1.8281767282122126,3.5887578721633977,0.0
mtd_ai,200,0.0050827223370470895,0.5136986301369864,5494.659610123444,0.25,150,5,0.13,1.8281767282122126,3.5887578721633977,0.0
mtd_ai,200,0.005043760527052197,0.26785714285714285,2315.7334175007095,0.05,150,5,0.14904761904761907,0.5533571565567734,1.9872749097460034,0.0
mtd_ai,200,0.005043760527052197,0.3409090909090909,3623.7714925515675,0.1,150,5,0.14904761904761907,0.5533571565567734,1.9872749097460034,0.0
mtd_ai,200,0.005043760527052197,0.4090909090909091,4439.922382797978,0.15,150,5,0.14904761904761907,0.5533571565567734,1.9872749097460034,0.0
mtd_ai,200,0.005043760527052197,0.46153846153846156,5001.974444838725,0.2,150,5,0.14904761904761907,0.5533571565567734,1.9872749097460034,0.0
mtd_ai,200,0.005043760527052197,0.5136986301369864,5370.845875043388,0.25,150,5,0.14904761904761907,0.5533571565567734,1.9872749097460034,0.0
mtd_ai,200,0.005027512038036561,0.35714285714285715,2158.418629237448,0.05,150,5,0.17780952380952383,4.509798955794814,6.261032108315288,0.0
mtd_ai,200,0.005027512038036561,0.38461538461538464,3709.6854067195436,0.1,150,5,0.17780952380952383,4.509798955794814,6.261032108315288,0.0
mtd_ai,200,0.005027512038036561,0.45918367346938777,4440.409795544231,0.15,150,5,0.17780952380952383,4.509798955794814,6.261032108315288,0.0
mtd_ai,200,0.005027512038036561,0.46875,5332.247323130297,0.2,150,5,0.17780952380952383,4.509798955794814,6.261032108315288,0.0
mtd_ai,200,0.005027512038036561,0.3024193548387097,8411.590699540595,0.25,150,5,0.17780952380952383,4.509798955794814,6.261032108315288,0.0
mtd_ai,200,0.005077983042746671,0.32608695652173914,1969.698492664911,0.05,150,5,0.14,0.8067681643794673,2.9759881403547475,0.0
mtd_ai,200,0.005077983042746671,0.38461538461538464,3081.277567190451,0.1,150,5,0.14,0.8067681643794673,2.9759881403547475,0.0
mtd_ai,200,0.005077983042746671,0.4411764705882353,4009.9720627222923,0.15,150,5,0.14,0.8067681643794673,2.9759881403547475,0.0
mtd_ai,200,0.005077983042746671,0.47619047619047616,4471.276978572074,0.2,150,5,0.14,0.8067681643794673,2.9759881403547475,0.0
mtd_ai,200,0.005077983042746671,0.46875,5714.1793917915775,0.25,150,5,0.14,0.8067681643794673,2.9759881403547475,0.0
mtd_ai,200,0.005096686149967193,0.4166666666666667,1381.5438903652346,0.05,150,5,0.21933333333333338,1.1811954319022913,4.644411010364501,0.0
mtd_ai,200,0.005096686149967193,0.46875,2536.8870238178292,0.1,150,5,0.21933333333333338,1.1811954319022913,4.644411010364501,0.0
mtd_ai,200,0.005096686149967193,0.5357142857142857,3040.3970715994856,0.15,150,5,0.21933333333333338,1.1811954319022913,4.644411010364501,0.0
mtd_ai,200,0.005096686149967193,0.47619047619047616,4072.0738808182978,0.2,150,5,0.21933333333333338,1.1811954319022913,4.644411010364501,0.0
mtd_ai,200,0.005096686149967193,0.5067567567567568,4600.450614585178,0.25,150,5,0.21933333333333338,1.1811954319022913,4.644411010364501,0.0
mtd_ai,200,0.005064533977164317,0.26785714285714285,3129.580117795867,0.05,150,5,0.152,0.18892079694790748,0.754946314172495,0.0
mtd_ai,200,0.005064533977164317,0.35714285714285715,4175.031958381565,0.1,150,5,0.152,0.18892079694790748,0.754946314172495,0.0
mtd_ai,200,0.005064533977164317,0.4166666666666667,4953.305063983694,0.15,150,5,0.152,0.18892079694790748,0.754946314172495,0.0
mtd_ai,200,0.005064533977164317,0.37037037037037035,6195.872790374301,0.2,150,5,0.152,0.18892079694790748,0.754946314172495,0.0
mtd_ai,200,0.005064533977164317,0.4032258064516129,6767.4519696251555,0.25,150,5,0.152,0.18892079694790748,0.754946314172495,0.0
mtd_ai,200,0.005053076725555619,0.46875,1384.3146191862575,0.05,150,5,0.10444444444444444,0.13592575330983955,0.5445917104789434,0.0
mtd_ai,200,0.005053076725555619,0.4838709677419355,2576.7857735734597,0.1,150,5,0.10444444444444444,0.13592575330983955,0.5445917104789434,0.0
mtd_ai,200,0.005053076725555619,0.5487804878048781,3228.252054479055,0.15,150,5,0.10444444444444444,0.13592575330983955,0.5445917104789434,0.0
mtd_ai,200,0.005053076725555619,0.5357142857142857,4255.366793593772,0.2,150,5,0.10444444444444444,0.13592575330983955,0.5445917104789434,0.0
mtd_ai,200,0.005053076725555619,0.4807692307692308,5141.675539455909,0.25,150,5,0.10444444444444444,0.13592575330983955,0.5445917104789434,0.0
mtd_ai,200,0.005049392161655049,0.35714285714285715,1928.9052832690363,0.05,150,5,0.07666666666666666,0.017484042493640748,0.06985647668037497,0.0
mtd_ai,200,0.005049392161655049,0.3333333333333333,3888.16403982289,0.1,150,5,0.07666666666666666,0.017484042493640748,0.06985647668037497,0.0
mtd_ai,200,0.005049392161655049,0.4090909090909091,4462.1679252204485,0.15,150,5,0.07666666666666666,0.017484042493640748,0.06985647668037497,0.0
mtd_ai,200,0.005049392161655049,0.4225352112676056,5697.740878842665,0.2,150,5,0.07666666666666666,0.017484042493640748,0.06985647668037497,0.0
mtd_ai,200,0.005049392161655049,0.46296296296296297,6021.63221172457,0.25,150,5,0.07666666666666666,0.017484042493640748,0.06985647668037497,0.0
mtd_ai,200,0.005070228009958277,0.2777777777777778,2645.4147862222217,0.05,150,5,0.10666666666666667,0.5032757729449772,1.9808585018490248,0.0
mtd_ai,200,0.005070228009958277,0.3333333333333333,4064.88447373401,0.1,150,5,0.10666666666666667,0.5032757729449772,1.9808585018490248,0.0
mtd_ai,200,0.005070228009958277,0.4090909090909091,4427.183199428571,0.15,150,5,0.10666666666666667,0.5032757729449772,1.9808585018490248,0.0
mtd_ai,200,0.005070228009958277,0.42857142857142855,5304.961670189905,0.2,150,5,0.10666666666666667,0.5032757729449772,1.9808585018490248,0.0
mtd_ai,200,0.005070228009958277,0.45180722891566266,5861.700483102582,0.25,150,5,0.10666666666666667,0.5032757729449772,1.9808585018490248,0.0
mtd_ai,200,0.0050831395224890255,0.3,2143.024616092864,0.05,150,5,0.1308888888888889,1.7539649410711993,4.695563599673784,0.0
mtd_ai,200,0.0050831395224890255,0.3333333333333333,3629.352896343683,0.1,150,5,0.1308888888888889,1.7539649410711993,4.695563599673784,0.0
mtd_ai,200,0.0050831395224890255,0.3813559322033898,4485.979087203743,0.15,150,5,0.1308888888888889,1.7539649410711993,4.695563599673784,0.0
mtd_ai,200,0.0050831395224890255,0.42857142857142855,5113.999503372486,0.2,150,5,0.1308888888888889,1.7539649410711993,4.695563599673784,0.0
mtd_ai,200,0.0050831395224890255,0.4807692307692308,5421.175294784936,0.25,150,5,0.1308888888888889,1.7539649410711993,4.695563599673784,0.0
mtd_ai,200,0.005055207050726132,0.18292682926829268,4127.388206861813,0.05,150,5,0.10333333333333333,0.19799068615643228,0.6603777332598417,0.0
mtd_ai,200,0.005055207050726132,0.26785714285714285,5315.857406676705,0.1,150,5,0.10333333333333333,0.19799068615643228,0.6603777332598417,0.0
mtd_ai,200,0.005055207050726132,0.30405405405405406,6073.453653690825,0.15,150,5,0.10333333333333333,0.19799068615643228,0.6603777332598417,0.0
mtd_ai,200,0.005055207050726132,0.3333333333333333,6893.50091255545,0.2,150,5,0.10333333333333333,0.19799068615643228,0.6603777332598417,0.0
mtd_ai,200,0.005055207050726132,0.3712871287128713,7418.795630409998,0.25,150,5,0.10333333333333333,0.19799068615643228,0.6603777332598417,0.0
mtd_ai,200,0.005040864866214328,0.4166666666666667,1891.595582992415,0.05,150,5,0.13066666666666668,0.5601942640374648,1.7719646552770008,4.6
mtd_ai,200,0.005040864866214328,0.375,3432.647625950216,0.1,150,5,0.13066666666666668,0.5601942640374648,1.7719646552770008,4.6
mtd_ai,200,0.005040864866214328,0.45,3968.094229935562,0.15,150,5,0.13066666666666668,0.5601942640374648,1.7719646552770008,4.6
mtd_ai,200,0.005040864866214328,0.47619047619047616,4717.556192918985,0.2,150,5,0.13066666666666668,0.5601942640374648,1.7719646552770008,4.6
mtd_ai,200,0.005040864866214328,0.4807692307692308,5864.993452638883,0.25,150,5,0.13066666666666668,0.5601942640374648,1.7719646552770008,4.6
mtd_ai,200,0.005069931187960833,0.32608695652173914,2254.8908322492507,0.05,150,5,0.07033333333333334,0.583535944295813,1.7524804611271894,0.0
mtd_ai,200,0.005069931187960833,0.30612244897959184,4447.002505359425,0.1,150,5,0.07033333333333334,0.583535944295813,1.7524804611271894,0.0
mtd_ai,200,0.005069931187960833,0.3813559322033898,4832.86214358142,0.15,150,5,0.07033333333333334,0.583535944295813,1.7524804611271894,0.0
mtd_ai,200,0.005069931187960833,0.44776119402985076,5278.240180671012,0.2,150,5,0.07033333333333334,0.583535944295813,1.7524804611271894,0.0
mtd_ai,200,0.005069931187960833,0.47468354430379744,6333.183070501285,0.25,150,5,0.07033333333333334,0.583535944295813,1.7524804611271894,0.0
mtd_ai,200,0.005038020561593534,0.32608695652173914,2191.563385078494,0.05,150,5,0.13333333333333333,0.9186672001697079,4.027985990453213,0.0
mtd_ai,200,0.005038020561593534,0.4166666666666667,3092.021227429877,0.1,150,5,0.13333333333333333,0.9186672001697079,4.027985990453213,0.0
mtd_ai,200,0.005038020561593534,0.4891304347826087,3833.6124385951375,0.15,150,5,0.13333333333333333,0.9186672001697079,4.027985990453213,0.0
mtd_ai,200,0.005038020561593534,0.46875,5664.180270136301,0.2,150,5,0.13333333333333333,0.9186672001697079,4.027985990453213,0.0
mtd_ai,200,0.005038020561593534,0.4807692307692308,6274.685867337681,0.25,150,5,0.13333333333333333,0.9186672001697079,4.027985990453213,0.0
mtd_ai,200,0.005043276189995014,0.3,3001.603441475906,0.05,150,5,0.08,0.0034660176875648515,0.004716576654249121,0.0
mtd_ai,200,0.005043276189995014,0.40540540540540543,3802.5715258561786,0.1,150,5,0.08,0.0034660176875648515,0.004716576654249121,0.0
mtd_ai,200,0.005043276189995014,0.46875,4357.968534592379,0.15,150,5,0.08,0.0034660176875648515,0.004716576654249121,0.0
mtd_ai,200,0.005043276189995014,0.4918032786885246,5028.205259729502,0.2,150,5,0.08,0.0034660176875648515,0.004716576654249121,0.0
mtd_ai,200,0.005043276189995014,0.5208333333333334,5761.35712446188,0.25,150,5,0.08,0.0034660176875648515,0.004716576654249121,0.0
mtd_ai,200,0.0050582567232912,0.3409090909090909,2303.401604279136,0.05,150,5,0.15444444444444444,0.20308345341534417,0.3775309484785816,0.0
mtd_ai,200,0.0050582567232912,0.36585365853658536,3793.4696815030293,0.1,150,5,0.15444444444444444,0.20308345341534417,0.3775309484785816,0.0
mtd_ai,200,0.0050582567232912,0.4090909090909091,4899.720674938777,0.15,150,5,0.15444444444444444,0.20308345341534417,0.3775309484785816,0.0
mtd_ai,200,0.0050582567232912,0.375,6752.54131178949,0.2,150,5,0.15444444444444444,0.20308345341534417,0.3775309484785816,0.0
mtd_ai,200,0.0050582567232912,0.4166666666666667,7207.644374824493,0.25,150,5,0.15444444444444444,0.20308345341534417,0.3775309484785816,0.0
mtd_ai,200,0.005064477833588852,0.3409090909090909,2366.182922651184,0.05,150,5,0.0911111111111111,0.13215297624367922,0.03735810641392087,0.0
mtd_ai,200,0.005064477833588852,0.36585365853658536,4060.982796160854,0.1,150,5,0.0911111111111111,0.13215297624367922,0.03735810641392087,0.0
mtd_ai,200,0.005064477833588852,0.3879310344827586,5370.379300123221,0.15,150,5,0.0911111111111111,0.13215297624367922,0.03735810641392087,0.0
mtd_ai,200,0.005064477833588852,0.4166666666666667,5920.8943613082865,0.2,150,5,0.0911111111111111,0.13215297624367922,0.03735810641392087,0.0
mtd_ai,200,0.005064477833588852,0.46296296296296297,6397.789154758162,0.25,150,5,0.0911111111111111,0.13215297624367922,0.03735810641392087,0.0
mtd_ai,200,0.005027070096306019,0.26785714285714285,3286.5492304832333,0.05,150,5,0.095,1.2578383931498534,4.515873444406083,0.0
mtd_ai,200,0.005027070096306019,0.36585365853658536,4016.7963108137783,0.1,150,5,0.095,1.2578383931498534,4.515873444406083,0.0
mtd_ai,200,0.005027070096306019,0.36885245901639346,5287.209503472937,0.15,150,5,0.095,1.2578383931498534,4.515873444406083,0.0
mtd_ai,200,0.005027070096306019,0.3225806451612903,7155.708148966827,0.2,150,5,0.095,1.2578383931498534,4.515873444406083,0.0
mtd_ai,200,0.005027070096306019,0.3024193548387097,8354.177987871957,0.25,150,5,0.095,1.2578383931498534,4.515873444406083,0.0
mtd_ai,200,0.005070914261632089,0.35714285714285715,2512.574384711442,0.05,150,5,0.05555555555555555,0.7625376557062329,2.1355157831778993,0.0
mtd_ai,200,0.005070914261632089,0.40540540540540543,4118.189115980564,0.1,150,5,0.05555555555555555,0.7625376557062329,2.1355157831778993,0.0
mtd_ai,200,0.005070914261632089,0.3813559322033898,5231.938061145866,0.15,150,5,0.05555555555555555,0.7625376557062329,2.1355157831778993,0.0
mtd_ai,200,0.005070914261632089,0.410958904109589,5985.129003654898,0.2,150,5,0.05555555555555555,0.7625376557062329,2.1355157831778993,0.0
mtd_ai,200,0.005070914261632089,0.44642857142857145,6447.16675651607,0.25,150,5,0.05555555555555555,0.7625376557062329,2.1355157831778993,0.0
mtd_ai,200,0.005059013245196298,0.21428571428571427,4313.282667539681,0.05,150,5,0.13904761904761906,1.6900353018290923,3.276044653763661,0.0
mtd_ai,200,0.005059013245196298,0.30612244897959184,5585.1256938119695,0.1,150,5,0.13904761904761906,1.6900353018290923,3.276044653763661,0.0
mtd_ai,200,0.005059013245196298,0.3879310344827586,6117.876791089891,0.15,150,5,0.13904761904761906,1.6900353018290923,3.276044653763661,0.0
mtd_ai,200,0.005059013245196298,0.43478260869565216,6743.322356765896,0.2,150,5,0.13904761904761906,1.6900353018290923,3.276044653763661,0.0
mtd_ai,200,0.005059013245196298,0.4807692307692308,7075.869746528941,0.25,150,5,0.13904761904761906,1.6900353018290923,3.276044653763661,0.0
mtd_ai,200,0.0050667411414391595,0.39473684210526316,1336.725583999475,0.05,150,5,0.13,1.3245413171264095,1.4370521770756992,0.0
mtd_ai,200,0.0050667411414391595,0.4166666666666667,2643.7429571091398,0.1,150,5,0.13,1.3245413171264095,1.4370521770756992,0.0
mtd_ai,200,0.0050667411414391595,0.46875,3276.604157823241,0.15,150,5,0.13,1.3245413171264095,1.4370521770756992,0.0
mtd_ai,200,0.0050667411414391595,0.43478260869565216,4798.8998414215075,0.2,150,5,0.13,1.3245413171264095,1.4370521770756992,0.0
mtd_ai,200,0.0050667411414391595,0.43103448275862066,5523.536929797707,0.25,150,5,0.13,1.3245413171264095,1.4370521770756992,0.0
mtd_ai,200,0.005068536964942258,0.3,1829.9380020134695,0.05,150,5,0.15511904761904763,0.7185308618973797,3.003206907032523,0.0
mtd_ai,200,0.005068536964942258,0.3191489361702128,3323.59162823075,0.1,150,5,0.15511904761904763,0.7185308618973797,3.003206907032523,0.0
mtd_ai,200,0.005068536964942258,0.375,4493.109434261016,0.15,150,5,0.15511904761904763,0.7185308618973797,3.003206907032523,0.0
mtd_ai,200,0.005068536964942258,0.40540540540540543,5216.505631394428,0.2,150,5,0.15511904761904763,0.7185308618973797,3.003206907032523,0.0
mtd_ai,200,0.005068536964942258,0.41208791208791207,6375.243292582447,0.25,150,5,0.15511904761904763,0.7185308618973797,3.003206907032523,0.0
mtd_ai,200,0.005052597999457195,0.28846153846153844,2430.120312726287,0.05,150,5,0.07692307692307693,1.2226668584529643,2.7148670431035726,0.0
mtd_ai,200,0.005052597999457195,0.3333333333333333,4057.952665216373,0.1,150,5,0.07692307692307693,1.2226668584529643,2.7148670431035726,0.0
mtd_ai,200,0.005052597999457195,0.36885245901639346,5413.144062351067,0.15,150,5,0.07692307692307693,1.2226668584529643,2.7148670431035726,0.0
mtd_ai,200,0.005052597999457195,0.3448275862068966,6985.285767625338,0.2,150,5,0.07692307692307693,1.2226668584529643,2.7148670431035726,0.0
mtd_ai,200,0.005052597999457195,0.3787878787878788,7511.6155544252315,0.25,150,5,0.07692307692307693,1.2226668584529643,2.7148670431035726,0.0
mtd_ai,200,0.0050612546248607875,0.28846153846153844,2390.317894426027,0.05,150,5,0.15158730158730158,0.32180749788927315,1.3877974971884972,0.0
mtd_ai,200,0.0050612546248607875,0.3409090909090909,3926.6055181644674,0.1,150,5,0.15158730158730158,0.32180749788927315,1.3877974971884972,0.0
mtd_ai,200,0.0050612546248607875,0.4090909090909091,4514.172528182249,0.15,150,5,0.15158730158730158,0.32180749788927315,1.3877974971884972,0.0
mtd_ai,200,0.0050612546248607875,0.4411764705882353,5013.348137421452,0.2,150,5,0.15158730158730158,0.32180749788927315,1.3877974971884972,0.0
mtd_ai,200,0.0050612546248607875,0.4076086956521739,6869.13377582755,0.25,150,5,0.15158730158730158,0.32180749788927315,1.3877974971884972,0.0
mtd_ai,200,0.005091374181120041,0.46875,1725.7194234578933,0.05,150,5,0.13888888888888887,0.27791954516050804,1.1685870259304223,0.0
mtd_ai,200,0.005091374181120041,0.4838709677419355,2774.2950386928433,0.1,150,5,0.13888888888888887,0.27791954516050804,1.1685870259304223,0.0
mtd_ai,200,0.005091374181120041,0.5487804878048781,3349.332141107142,0.15,150,5,0.13888888888888887,0.27791954516050804,1.1685870259304223,0.0
mtd_ai,200,0.005091374181120041,0.5769230769230769,3923.091958851828,0.2,150,5,0.13888888888888887,0.27791954516050804,1.1685870259304223,0.0
mtd_ai,200,0.005091374181120041,0.6048387096774194,4488.615374863579,0.25,150,5,0.13888888888888887,0.27791954516050804,1.1685870259304223,0.0
mtd_ai,200,0.0050527633828231855,0.4166666666666667,1160.0363688149234,0.05,150,5,0.10444444444444444,0.7402319411414533,3.301238593612308,0.0
mtd_ai,200,0.0050527633828231855,0.39473684210526316,3197.5467427681388,0.1,150,5,0.10444444444444444,0.7402319411414533,3.301238593612308,0.0
mtd_ai,200,0.0050527633828231855,0.45,4190.37349660005,0.15,150,5,0.10444444444444444,0.7402319411414533,3.301238593612308,0.0
mtd_ai,200,0.0050527633828231855,0.5,4647.436276001206,0.2,150,5,0.10444444444444444,0.7402319411414533,3.301238593612308,0.0
mtd_ai,200,0.0050527633828231855,0.5514705882352942,4870.527296901828,0.25,150,5,0.10444444444444444,0.7402319411414533,3.301238593612308,0.0
mtd_ai,200,0.005039171350290381,0.26785714285714285,2939.203967606695,0.05,150,5,0.08333333333333333,0.32474498960249787,1.1775961527490413,0.0
mtd_ai,200,0.005039171350290381,0.2727272727272727,4615.089704443588,0.1,150,5,0.08333333333333333,0.32474498960249787,1.1775961527490413,0.0
mtd_ai,200,0.005039171350290381,0.3515625,5064.772569933937,0.15,150,5,0.08333333333333333,0.32474498960249787,1.1775961527490413,0.0
mtd_ai,200,0.005039171350290381,0.4,5574.543149005922,0.2,150,5,0.08333333333333333,0.32474498960249787,1.1775961527490413,0.0
mtd_ai,200,0.005039171350290381,0.42134831460674155,6871.158273537663,0.25,150,5,0.08333333333333333,0.32474498960249787,1.1775961527490413,0.0
mtd_ai,200,0.005074487116965218,0.46875,1279.0682552658077,0.05,150,5,0.1517037037037037,1.8641671823653954,2.001479182503823,0.0
mtd_ai,200,0.005074487116965218,0.45454545454545453,2640.064790717932,0.1,150,5,0.1517037037037037,1.8641671823653954,2.001479182503823,0.0
mtd_ai,200,0.005074487116965218,0.4891304347826087,3604.2267725228926,0.15,150,5,0.1517037037037037,1.8641671823653954,2.001479182503823,0.0
mtd_ai,200,0.005074487116965218,0.47619047619047616,4455.374219201305,0.2,150,5,0.1517037037037037,1.8641671823653954,2.001479182503823,0.0
mtd_ai,200,0.005074487116965218,0.4934210526315789,5643.37494131214,0.25,150,5,0.1517037037037037,1.8641671823653954,2.001479182503823,0.0
mtd_ai,200,0.0050424182830601984,0.25862068965517243,3659.4025230952952,0.05,150,5,0.1,0.009627557974003382,0.03923310457085554,0.0
mtd_ai,200,0.0050424182830601984,0.3488372093023256,4666.822363501929,0.1,150,5,0.1,0.009627557974003382,0.03923310457085554,0.0
mtd_ai,200,0.0050424182830601984,0.4166666666666667,5417.241624552191,0.15,150,5,0.1,0.009627557974003382,0.03923310457085554,0.0
mtd_ai,200,0.0050424182830601984,0.43478260869565216,6180.207533626144,0.2,150,5,0.1,0.009627557974003382,0.03923310457085554,0.0
mtd_ai,200,0.0050424182830601984,0.487012987012987,6541.420508230873,0.25,150,5,0.1,0.009627557974003382,0.03923310457085554,0.0
mtd_ai,200,0.005051030092274147,0.32608695652173914,2508.275596987418,0.05,150,5,0.3333333333333333,0.08637836711975343,0.3420935420104165,-0.6
mtd_ai,200,0.005051030092274147,0.3488372093023256,3598.787965714715,0.1,150,5,0.3333333333333333,0.08637836711975343,0.3420935420104165,-0.6
mtd_ai,200,0.005051030092274147,0.42452830188679247,4197.092483112103,0.15,150,5,0.3333333333333333,0.08637836711975343,0.3420935420104165,-0.6
mtd_ai,200,0.005051030092274147,0.46875,4859.623211455129,0.2,150,5,0.3333333333333333,0.08637836711975343,0.3420935420104165,-0.6
mtd_ai,200,0.005051030092274147,0.5,5249.499246466119,0.25,150,5,0.3333333333333333,0.08637836711975343,0.3420935420104165,-0.6
mtd_ai,200,0.0050866245284707495,0.2777777777777778,2687.8527705562583,0.05,150,5,0.12666666666666668,0.7927956723812507,3.130487482826123,0.0
mtd_ai,200,0.0050866245284707495,0.3488372093023256,3735.726009502862,0.1,150,5,0.12666666666666668,0.7927956723812507,3.130487482826123,0.0
mtd_ai,200,0.0050866245284707495,0.4166666666666667,4188.827654082939,0.15,150,5,0.12666666666666668,0.7927956723812507,3.130487482826123,0.0
mtd_ai,200,0.0050866245284707495,0.44776119402985076,4831.416324659271,0.2,150,5,0.12666666666666668,0.7927956723812507,3.130487482826123,0.0
mtd_ai,200,0.0050866245284707495,0.4807692307692308,5240.33018938715,0.25,150,5,0.12666666666666668,0.7927956723812507,3.130487482826123,0.0
mtd_ai,200,0.0050429659909913644,0.25,2656.7188662751496,0.05,150,5,0.08365079365079366,0.42850925696346864,1.1125181514237197,0.0
mtd_ai,200,0.0050429659909913644,0.3488372093023256,3427.080607985419,0.1,150,5,0.08365079365079366,0.42850925696346864,1.1125181514237197,0.0
mtd_ai,200,0.0050429659909913644,0.4090909090909091,4262.66168418087,0.15,150,5,0.08365079365079366,0.42850925696346864,1.1125181514237197,0.0
mtd_ai,200,0.0050429659909913644,0.4411764705882353,4951.359105972613,0.2,150,5,0.08365079365079366,0.42850925696346864,1.1125181514237197,0.0
mtd_ai,200,0.0050429659909913644,0.46875,5904.289299591635,0.25,150,5,0.08365079365079366,0.42850925696346864,1.1125181514237197,0.0
mtd_ai,200,0.005044794404964591,0.4166666666666667,2048.5544893911706,0.05,150,5,0.11466666666666667,0.10699295284405781,0.42047629433213307,0.0
mtd_ai,200,0.005044794404964591,0.40540540540540543,3826.6494748261275,0.1,150,5,0.11466666666666667,0.10699295284405781,0.42047629433213307,0.0
mtd_ai,200,0.005044794404964591,0.45,4667.508858906858,0.15,150,5,0.11466666666666667,0.10699295284405781,0.42047629433213307,0.0
mtd_ai,200,0.005044794404964591,0.47619047619047616,5287.620747486895,0.2,150,5,0.11466666666666667,0.10699295284405781,0.42047629433213307,0.0
mtd_ai,200,0.005044794404964591,0.5136986301369864,5710.052139180911,0.25,150,5,0.11466666666666667,0.10699295284405781,0.42047629433213307,0.0
mtd_ai,200,0.005066638879078204,0.32608695652173914,1988.2545272142625,0.05,150,5,0.10833333333333334,0.3122619295208437,0.2631421182915698,0.0
mtd_ai,200,0.005066638879078204,0.3333333333333333,4092.682502404071,0.1,150,5,0.10833333333333334,0.3122619295208437,0.2631421182915698,0.0
mtd_ai,200,0.005066638879078204,0.4090909090909091,4571.430584810244,0.15,150,5,0.10833333333333334,0.3122619295208437,0.2631421182915698,0.0
mtd_ai,200,0.005066638879078204,0.40540540540540543,5584.574273970096,0.2,150,5,0.10833333333333334,0.3122619295208437,0.2631421182915698,0.0
mtd_ai,200,0.005066638879078204,0.4411764705882353,6143.211072143251,0.25,150,5,0.10833333333333334,0.3122619295208437,0.2631421182915698,0.0
mtd_ai,200,0.005038309466227871,0.25862068965517243,2601.0898724076724,0.05,150,5,0.09333333333333334,0.3505835781131875,1.5250803467571872,0.0
mtd_ai,200,0.005038309466227871,0.375,3092.6942311932503,0.1,150,5,0.09333333333333334,0.3505835781131875,1.5250803467571872,0.0
mtd_ai,200,0.005038309466227871,0.4326923076923077,3729.508490153088,0.15,150,5,0.09333333333333334,0.3505835781131875,1.5250803467571872,0.0
mtd_ai,200,0.005038309466227871,0.4225352112676056,5244.541113385889,0.2,150,5,0.09333333333333334,0.3505835781131875,1.5250803467571872,0.0
mtd_ai,200,0.005038309466227871,0.45180722891566266,5734.5521044160105,0.25,150,5,0.09333333333333334,0.3505835781131875,1.5250803467571872,0.0
mtd_ai,200,0.0050481788277609635,0.26785714285714285,2310.9040115036337,0.05,150,5,0.1466666666666667,0.968349778127076,2.948511681018982,0.0
mtd_ai,200,0.0050481788277609635,0.35714285714285715,3311.832547471484,0.1,150,5,0.1466666666666667,0.968349778127076,2.948511681018982,0.0
mtd_ai,200,0.0050481788277609635,0.4166666666666667,4194.4044074706435,0.15,150,5,0.1466666666666667,0.968349778127076,2.948511681018982,0.0
mtd_ai,200,0.0050481788277609635,0.40540540540540543,4885.686462822494,0.2,150,5,0.1466666666666667,0.968349778127076,2.948511681018982,0.0
mtd_ai,200,0.0050481788277609635,0.42613636363636365,5628.355953489199,0.25,150,5,0.1466666666666667,0.968349778127076,2.948511681018982,0.0
mtd_ai,200,0.005084121286694593,0.375,1596.7443695143254,0.05,150,5,0.135,0.018200420155865676,0.03558575370876452,0.0
mtd_ai,200,0.005084121286694593,0.4166666666666667,2619.7993246720043,0.1,150,5,0.135,0.018200420155865676,0.03558575370876452,0.0
mtd_ai,200,0.005084121286694593,0.46875,3430.3977652391463,0.15,150,5,0.135,0.018200420155865676,0.03558575370876452,0.0
mtd_ai,200,0.005084121286694593,0.4838709677419355,4346.387464999523,0.2,150,5,0.135,0.018200420155865676,0.03558575370876452,0.0
mtd_ai,200,0.005084121286694593,0.5208333333333334,4751.309347132303,0.25,150,5,0.135,0.018200420155865676,0.03558575370876452,0.0
mtd_ai,200,0.0050428058307279335,0.234375,2944.53784085769,0.05,150,5,0.26666666666666666,5.874358187196356,7.82820390617671,0.0
mtd_ai,200,0.0050428058307279335,0.3125,4222.128062973061,0.1,150,5,0.26666666666666666,5.874358187196356,7.82820390617671,0.0
mtd_ai,200,0.0050428058307279335,0.3629032258064516,5035.81389234265,0.15,150,5,0.26666666666666666,5.874358187196356,7.82820390617671,0.0
mtd_ai,200,0.0050428058307279335,0.39473684210526316,6160.0250814458,0.2,150,5,0.26666666666666666,5.874358187196356,7.82820390617671,0.0
mtd_ai,200,0.0050428058307279335,0.42613636363636365,6847.27103559175,0.25,150,5,0.26666666666666666,5.874358187196356,7.82820390617671,0.0
mtd_ai,200,0.005048029217164669,0.375,2240.7801759786535,0.05,150,5,0.10333333333333333,0.010867918429144746,0.013557513736643293,0.0
mtd_ai,200,0.005048029217164669,0.4166666666666667,3326.3708588142226,0.1,150,5,0.10333333333333333,0.010867918429144746,0.013557513736643293,0.0
mtd_ai,200,0.005048029217164669,0.46875,4150.1349232192615,0.15,150,5,0.10333333333333333,0.010867918429144746,0.013557513736643293,0.0
mtd_ai,200,0.005048029217164669,0.4838709677419355,4986.683618675768,0.2,150,5,0.10333333333333333,0.010867918429144746,0.013557513736643293,0.0
mtd_ai,200,0.005048029217164669,0.5067567567567568,5392.828674456563,0.25,150,5,0.10333333333333333,0.010867918429144746,0.013557513736643293,0.0
mtd_ai,200,0.005080576803304703,0.25862068965517243,2162.1716235652884,0.05,150,5,0.13305555555555554,0.1637588330942999,0.6495051704284268,0.0
mtd_ai,200,0.005080576803304703,0.3409090909090909,3028.199419162677,0.1,150,5,0.13305555555555554,0.1637588330942999,0.6495051704284268,0.0
mtd_ai,200,0.005080576803304703,0.3813559322033898,3949.682363347285,0.15,150,5,0.13305555555555554,0.1637588330942999,0.6495051704284268,0.0
mtd_ai,200,0.005080576803304703,0.40540540540540543,4607.4461748680405,0.2,150,5,0.13305555555555554,0.1637588330942999,0.6495051704284268,0.0
mtd_ai,200,0.005080576803304703,0.42613636363636365,5557.6566676987595,0.25,150,5,0.13305555555555554,0.1637588330942999,0.6495051704284268,0.0
mtd_ai,200,0.005048475739704539,0.4166666666666667,1859.2686544516996,0.05,150,5,0.13266666666666668,0.9045498500474934,2.6222069377887687,0.0
mtd_ai,200,0.005048475739704539,0.45454545454545453,2925.8859331553044,0.1,150,5,0.13266666666666668,0.9045498500474934,2.6222069377887687,0.0
mtd_ai,200,0.005048475739704539,0.4411764705882353,4105.2452117011435,0.15,150,5,0.13266666666666668,0.9045498500474934,2.6222069377887687,0.0
mtd_ai,200,0.005048475739704539,0.47619047619047616,4714.560943292276,0.2,150,5,0.13266666666666668,0.9045498500474934,2.6222069377887687,0.0
mtd_ai,200,0.005048475739704539,0.4807692307692308,5418.861071667396,0.25,150,5,0.13266666666666668,0.9045498500474934,2.6222069377887687,0.0
mtd_ai,200,0.005061665597865628,0.26785714285714285,3104.6849524871595,0.05,150,5,0.13190476190476189,1.2001329972671486,3.2485423357950514,0.0
mtd_ai,200,0.005061665597865628,0.3488372093023256,4151.918894869936,0.1,150,5,0.13190476190476189,1.2001329972671486,3.2485423357950514,0.0
mtd_ai,200,0.005061665597865628,0.3879310344827586,5260.647993821782,0.15,150,5,0.13190476190476189,1.2001329972671486,3.2485423357950514,0.0
mtd_ai,200,0.005061665597865628,0.4225352112676056,6273.940879763411,0.2,150,5,0.13190476190476189,1.2001329972671486,3.2485423357950514,0.0
mtd_ai,200,0.005061665597865628,0.46296296296296297,6898.932445383427,0.25,150,5,0.13190476190476189,1.2001329972671486,3.2485423357950514,0.0
mtd_ai,200,0.005060275857996143,0.39473684210526316,1603.6221815040321,0.05,150,5,0.13455555555555557,1.3622235964299971,3.1083885533999736,0.0
mtd_ai,200,0.005060275857996143,0.2777777777777778,3940.7798767934546,0.1,150,5,0.13455555555555557,1.3622235964299971,3.1083885533999736,0.0
mtd_ai,200,0.005060275857996143,0.34615384615384615,4744.563080650538,0.15,150,5,0.13455555555555557,1.3622235964299971,3.1083885533999736,0.0
mtd_ai,200,0.005060275857996143,0.35294117647058826,6078.404558502889,0.2,150,5,0.13455555555555557,1.3622235964299971,3.1083885533999736,0.0
mtd_ai,200,0.005060275857996143,0.3826530612244898,6563.890474208109,0.25,150,5,0.13455555555555557,1.3622235964299971,3.1083885533999736,0.0
mtd_ai,200,0.005072651454272495,0.3125,2287.2292217193367,0.05,150,5,0.1111111111111111,0.28786470671460557,0.6108301413747133,0.0
mtd_ai,200,0.005072651454272495,0.35714285714285715,3608.367060580646,0.1,150,5,0.1111111111111111,0.28786470671460557,0.6108301413747133,0.0
mtd_ai,200,0.005072651454272495,0.4090909090909091,4471.760113553904,0.15,150,5,0.1111111111111111,0.28786470671460557,0.6108301413747133,0.0
mtd_ai,200,0.005072651454272495,0.45454545454545453,4949.091106327645,0.2,150,5,0.1111111111111111,0.28786470671460557,0.6108301413747133,0.0
mtd_ai,200,0.005072651454272495,0.4807692307692308,5565.407839796888,0.25,150,5,0.1111111111111111,0.28786470671460557,0.6108301413747133,0.0
mtd_ai,200,0.00507044869962122,0.3125,2534.315376830502,0.05,150,5,0.10666666666666667,0.01786568736242057,0.012740344619148965,0.0
mtd_ai,200,0.00507044869962122,0.375,3658.314622847393,0.1,150,5,0.10666666666666667,0.01786568736242057,0.012740344619148965,0.0
mtd_ai,200,0.00507044869962122,0.45,4277.570685411471,0.15,150,5,0.10666666666666667,0.01786568736242057,0.012740344619148965,0.0
mtd_ai,200,0.00507044869962122,0.47619047619047616,5023.204827245183,0.2,150,5,0.10666666666666667,0.01786568736242057,0.012740344619148965,0.0
mtd_ai,200,0.00507044869962122,0.5,5464.787056311838,0.25,150,5,0.10666666666666667,0.01786568736242057,0.012740344619148965,0.0
mtd_ai,200,0.005042459077364796,0.3409090909090909,1867.8392894179692,0.05,150,5,0.17200000000000001,0.8445993008928403,3.416186357998084,5.24
mtd_ai,200,0.005042459077364796,0.3488372093023256,4050.020367549974,0.1,150,5,0.17200000000000001,0.8445993008928403,3.416186357998084,5.24
mtd_ai,200,0.005042459077364796,0.42452830188679247,4592.490949600566,0.15,150,5,0.17200000000000001,0.8445993008928403,3.416186357998084,5.24
mtd_ai,200,0.005042459077364796,0.43478260869565216,5656.80176604269,0.2,150,5,0.17200000000000001,0.8445993008928403,3.416186357998084,5.24
mtd_ai,200,0.005042459077364796,0.487012987012987,5988.586241710256,0.25,150,5,0.17200000000000001,0.8445993008928403,3.416186357998084,5.24
mtd_ai,200,0.005059841220094518,0.39473684210526316,1622.7453546010086,0.05,150,5,0.1061111111111111,0.38998632392938426,1.5538135994378717,0.0
mtd_ai,200,0.005059841220094518,0.3488372093023256,4520.394877531968,0.1,150,5,0.1061111111111111,0.38998632392938426,1.5538135994378717,0.0
mtd_ai,200,0.005059841220094518,0.4090909090909091,5304.457119018256,0.15,150,5,0.1061111111111111,0.38998632392938426,1.5538135994378717,0.0
mtd_ai,200,0.005059841220094518,0.46153846153846156,5804.403077097779,0.2,150,5,0.1061111111111111,0.38998632392938426,1.5538135994378717,0.0
mtd_ai,200,0.005059841220094518,0.5,6258.458935024086,0.25,150,5,0.1061111111111111,0.38998632392938426,1.5538135994378717,0.0
mtd_ai,200,0.005050663076616495,0.4166666666666667,1931.6858014145405,0.05,150,5,0.1625,0.2786281832707668,0.9142158895221835,0.0
mtd_ai,200,0.005050663076616495,0.46875,2572.485380062047,0.1,150,5,0.1625,0.2786281832707668,0.9142158895221835,0.0
mtd_ai,200,0.005050663076616495,0.5,3587.391894413794,0.15,150,5,0.1625,0.2786281832707668,0.9142158895221835,0.0
mtd_ai,200,0.005050663076616495,0.46875,4941.958315568678,0.2,150,5,0.1625,0.2786281832707668,0.9142158895221835,0.0
mtd_ai,200,0.005050663076616495,0.47468354430379744,5924.852583513071,0.25,150,5,0.1625,0.2786281832707668,0.9142158895221835,0.0
mtd_ai,200,0.005039812255441908,0.2777777777777778,2090.1580111911976,0.05,150,5,0.13066666666666668,0.28934750394415165,0.8784868980478516,0.0
mtd_ai,200,0.005039812255441908,0.2830188679245283,3999.577494408191,0.1,150,5,0.13066666666666668,0.28934750394415165,0.8784868980478516,0.0
mtd_ai,200,0.005039812255441908,0.3409090909090909,4761.488944278725,0.15,150,5,0.13066666666666668,0.28934750394415165,0.8784868980478516,0.0
mtd_ai,200,0.005039812255441908,0.375,5598.400763094733,0.2,150,5,0.13066666666666668,0.28934750394415165,0.8784868980478516,0.0
mtd_ai,200,0.005039812255441908,0.42134831460674155,6204.962732929942,0.25,150,5,0.13066666666666668,0.28934750394415165,0.8784868980478516,0.0
mtd_ai,200,0.005069667761535581,0.3125,2572.7918152180027,0.05,150,5,0.13555555555555554,0.2295856430339261,0.8146585834050902,0.0
mtd_ai,200,0.005069667761535581,0.39473684210526316,3576.2274666918374,0.1,150,5,0.13555555555555554,0.2295856430339261,0.8146585834050902,0.0
mtd_ai,200,0.005069667761535581,0.45918367346938777,4469.517535235491,0.15,150,5,0.13555555555555554,0.2295856430339261,0.8146585834050902,0.0
mtd_ai,200,0.005069667761535581,0.46153846153846156,5708.054087458187,0.2,150,5,0.13555555555555554,0.2295856430339261,0.8146585834050902,0.0
mtd_ai,200,0.005069667761535581,0.4807692307692308,6449.788632994753,0.25,150,5,0.13555555555555554,0.2295856430339261,0.8146585834050902,0.0
mtd_ai,200,0.005074333131987961,0.3409090909090909,2054.2786799418336,0.05,150,5,0.13755555555555554,0.29557232589115995,1.2454415121095794,0.0
mtd_ai,200,0.005074333131987961,0.40540540540540543,3109.438338444197,0.1,150,5,0.13755555555555554,0.29557232589115995,1.2454415121095794,0.0
mtd_ai,200,0.005074333131987961,0.4326923076923077,4327.91040301366,0.15,150,5,0.13755555555555554,0.29557232589115995,1.2454415121095794,0.0
mtd_ai,200,0.005074333131987961,0.43478260869565216,5382.579701098277,0.2,150,5,0.13755555555555554,0.29557232589115995,1.2454415121095794,0.0
mtd_ai,200,0.005074333131987961,0.47468354430379744,5977.25951908571,0.25,150,5,0.13755555555555554,0.29557232589115995,1.2454415121095794,0.0
mtd_ai,200,0.005087298178333505,0.32608695652173914,1949.4458599777417,0.05,150,5,0.1572222222222222,0.9201206250961437,4.0467135330897674,0.0
mtd_ai,200,0.005087298178333505,0.3488372093023256,3096.6033468763694,0.1,150,5,0.1572222222222222,0.9201206250961437,4.0467135330897674,0.0
mtd_ai,200,0.005087298178333505,0.4090909090909091,3805.520070683543,0.15,150,5,0.1572222222222222,0.9201206250961437,4.0467135330897674,0.0
mtd_ai,200,0.005087298178333505,0.43478260869565216,4782.937578899133,0.2,150,5,0.1572222222222222,0.9201206250961437,4.0467135330897674,0.0
mtd_ai,200,0.005087298178333505,0.4807692307692308,5202.098946300557,0.25,150,5,0.1572222222222222,0.9201206250961437,4.0467135330897674,0.0
mtd_ai,200,0.005038721521592944,0.24193548387096775,2891.014421693628,0.05,150,5,0.19077777777777777,0.33302258697383164,1.0476070046217576,0.0
mtd_ai,200,0.005038721521592944,0.3191489361702128,3701.3420831490407,0.1,150,5,0.19077777777777777,0.33302258697383164,1.0476070046217576,0.0
mtd_ai,200,0.005038721521592944,0.3629032258064516,5582.041172312167,0.15,150,5,0.19077777777777777,0.33302258697383164,1.0476070046217576,0.0
mtd_ai,200,0.005038721521592944,0.38961038961038963,6517.0446423020785,0.2,150,5,0.19077777777777777,0.33302258697383164,1.0476070046217576,0.0
mtd_ai,200,0.005038721521592944,0.42613636363636365,6866.130221654648,0.25,150,5,0.19077777777777777,0.33302258697383164,1.0476070046217576,0.0
mtd_ai,200,0.005041831995816194,0.25,2915.623711635918,0.05,150,5,0.14449206349206348,2.070132800519341,5.518083509243703,0.0
mtd_ai,200,0.005041831995816194,0.29411764705882354,4783.658522689491,0.1,150,5,0.14449206349206348,2.070132800519341,5.518083509243703,0.0
mtd_ai,200,0.005041831995816194,0.36885245901639346,5167.083809147534,0.15,150,5,0.14449206349206348,2.070132800519341,5.518083509243703,0.0
mtd_ai,200,0.005041831995816194,0.4225352112676056,5922.6824373866875,0.2,150,5,0.14449206349206348,2.070132800519341,5.518083509243703,0.0
mtd_ai,200,0.005041831995816194,0.45180722891566266,6521.510557316735,0.25,150,5,0.14449206349206348,2.070132800519341,5.518083509243703,0.0
mtd_ai,200,0.00506425770690788,0.39473684210526316,1668.85366427384,0.05,150,5,0.16666666666666666,0.5048740578441391,2.1373648684982434,0.0
mtd_ai,200,0.00506425770690788,0.39473684210526316,3375.0538931640926,0.1,150,5,0.16666666666666666,0.5048740578441391,2.1373648684982434,0.0
mtd_ai,200,0.00506425770690788,0.42452830188679247,4444.018438481822,0.15,150,5,0.16666666666666666,0.5048740578441391,2.1373648684982434,0.0
mtd_ai,200,0.00506425770690788,0.4411764705882353,5447.772951182385,0.2,150,5,0.16666666666666666,0.5048740578441391,2.1373648684982434,0.0
mtd_ai,200,0.00506425770690788,0.4807692307692308,5957.845550627453,0.25,150,5,0.16666666666666666,0.5048740578441391,2.1373648684982434,0.0
mtd_ai,200,0.005046478221864646,0.26785714285714285,3506.859968877775,0.05,150,5,0.11599999999999999,0.13813328751357973,0.4744968575661857,0.0
mtd_ai,200,0.005046478221864646,0.3333333333333333,4518.7069819076705,0.1,150,5,0.11599999999999999,0.13813328751357973,0.4744968575661857,0.0
mtd_ai,200,0.005046478221864646,0.3879310344827586,5446.963126486689,0.15,150,5,0.11599999999999999,0.13813328751357973,0.4744968575661857,0.0
mtd_ai,200,0.005046478221864646,0.42857142857142855,5891.680454152885,0.2,150,5,0.11599999999999999,0.13813328751357973,0.4744968575661857,0.0
mtd_ai,200,0.005046478221864646,0.436046511627907,6460.932955629985,0.25,150,5,0.11599999999999999,0.13813328751357973,0.4744968575661857,0.0
mtd_ai,200,0.005085248531180483,0.4411764705882353,1382.204759212572,0.05,150,5,0.1322222222222222,0.3201308653628915,1.355901533966956,0.0
mtd_ai,200,0.005085248531180483,0.4411764705882353,2809.4705125994806,0.1,150,5,0.1322222222222222,0.3201308653628915,1.355901533966956,0.0
mtd_ai,200,0.005085248531180483,0.46875,4082.288428945074,0.15,150,5,0.1322222222222222,0.3201308653628915,1.355901533966956,0.0
mtd_ai,200,0.005085248531180483,0.5,4851.754015010569,0.2,150,5,0.1322222222222222,0.3201308653628915,1.355901533966956,0.0
mtd_ai,200,0.005085248531180483,0.5357142857142857,5478.7703922900255,0.25,150,5,0.1322222222222222,0.3201308653628915,1.355901533966956,0.0
mtd_ai,200,0.005046142054564639,0.234375,2294.512980052822,0.05,150,5,0.14814814814814814,0.8334462928491206,3.074703231786585,-5.3478260869565215
mtd_ai,200,0.005046142054564639,0.3409090909090909,2826.416933101087,0.1,150,5,0.14814814814814814,0.8334462928491206,3.074703231786585,-5.3478260869565215
mtd_ai,200,0.005046142054564639,0.3879310344827586,3891.642708039932,0.15,150,5,0.14814814814814814,0.8334462928491206,3.074703231786585,-5.3478260869565215
mtd_ai,200,0.005046142054564639,0.4166666666666667,4765.7557047579085,0.2,150,5,0.14814814814814814,0.8334462928491206,3.074703231786585,-5.3478260869565215
mtd_ai,200,0.005046142054564639,0.45180722891566266,5385.292587763808,0.25,150,5,0.14814814814814814,0.8334462928491206,3.074703231786585,-5.3478260869565215
mtd_ai,200,0.005046012905219761,0.3409090909090909,2417.6298517141577,0.05,150,5,0.11777777777777779,0.36170422111110273,1.0720984584399416,0.0
mtd_ai,200,0.005046012905219761,0.375,3367.2263738415004,0.1,150,5,0.11777777777777779,0.36170422111110273,1.0720984584399416,0.0
mtd_ai,200,0.005046012905219761,0.4411764705882353,4034.8477511506944,0.15,150,5,0.11777777777777779,0.36170422111110273,1.0720984584399416,0.0
mtd_ai,200,0.005046012905219761,0.46875,4744.903259022929,0.2,150,5,0.11777777777777779,0.36170422111110273,1.0720984584399416,0.0
mtd_ai,200,0.005046012905219761,0.5067567567567568,5453.429283820928,0.25,150,5,0.11777777777777779,0.36170422111110273,1.0720984584399416,0.0
mtd_ai,200,0.005050294742530944,0.3,2606.7276987507257,0.05,150,5,0.4117647058823529,0.01072796542332359,0.047073944535771794,0.0
mtd_ai,200,0.005050294742530944,0.3125,4372.211850583057,0.1,150,5,0.4117647058823529,0.01072796542332359,0.047073944535771794,0.0
mtd_ai,200,0.005050294742530944,0.34615384615384615,5054.989605328665,0.15,150,5,0.4117647058823529,0.01072796542332359,0.047073944535771794,0.0
mtd_ai,200,0.005050294742530944,0.3333333333333333,6631.606096342786,0.2,150,5,0.4117647058823529,0.01072796542332359,0.047073944535771794,0.0
mtd_ai,200,0.005050294742530944,0.32894736842105265,8294.525775981636,0.25,150,5,0.4117647058823529,0.01072796542332359,0.047073944535771794,0.0
mtd_ai,200,0.005071048650739546,0.25862068965517243,2274.662567428638,0.05,150,5,0.10811111111111113,0.022889482159404662,0.04590168844755451,0.0
mtd_ai,200,0.005071048650739546,0.3409090909090909,3285.6152935585856,0.1,150,5,0.10811111111111113,0.022889482159404662,0.04590168844755451,0.0
mtd_ai,200,0.005071048650739546,0.36885245901639346,4093.256504933068,0.15,150,5,0.10811111111111113,0.022889482159404662,0.04590168844755451,0.0
mtd_ai,200,0.005071048650739546,0.4,5207.815428322564,0.2,150,5,0.10811111111111113,0.022889482159404662,0.04590168844755451,0.0
mtd_ai,200,0.005071048650739546,0.42613636363636365,5926.586478085985,0.25,150,5,0.10811111111111113,0.022889482159404662,0.04590168844755451,0.0
mtd_ai,200,0.005059488111991418,0.35714285714285715,1869.6777607627519,0.05,150,5,0.19022222222222224,0.075870351674503,0.29314393282128703,0.0
mtd_ai,200,0.005059488111991418,0.45454545454545453,2504.0927806345876,0.1,150,5,0.19022222222222224,0.075870351674503,0.29314393282128703,0.0
mtd_ai,200,0.005059488111991418,0.4891304347826087,3498.094173509455,0.15,150,5,0.19022222222222224,0.075870351674503,0.29314393282128703,0.0
mtd_ai,200,0.005059488111991418,0.5357142857142857,3814.1123056548395,0.2,150,5,0.19022222222222224,0.075870351674503,0.29314393282128703,0.0
mtd_ai,200,0.005059488111991418,0.5514705882352942,4408.573477265675,0.25,150,5,0.19022222222222224,0.075870351674503,0.29314393282128703,0.0
mtd_ai,200,0.005056006937403048,0.5,1394.269045808101,0.05,150,5,0.1338888888888889,0.28324036949511705,1.053424311249134,0.0
mtd_ai,200,0.005056006937403048,0.46875,2524.01244277938,0.1,150,5,0.1338888888888889,0.28324036949511705,1.053424311249134,0.0
mtd_ai,200,0.005056006937403048,0.5357142857142857,3004.0668020693442,0.15,150,5,0.1338888888888889,0.28324036949511705,1.053424311249134,0.0
mtd_ai,200,0.005056006937403048,0.5172413793103449,4402.625505686079,0.2,150,5,0.1338888888888889,0.28324036949511705,1.053424311249134,0.0
mtd_ai,200,0.005056006937403048,0.5357142857142857,5235.274193182335,0.25,150,5,0.1338888888888889,0.28324036949511705,1.053424311249134,0.0
mtd_ai,200,0.00508565157432817,0.18292682926829268,3556.4978597480335,0.05,150,5,0.13555555555555554,1.1994669690203756,4.654329134913068,0.0
mtd_ai,200,0.00508565157432817,0.29411764705882354,4061.7876961779407,0.1,150,5,0.13555555555555554,1.1994669690203756,4.654329134913068,0.0
mtd_ai,200,0.00508565157432817,0.3629032258064516,4604.95966428184,0.15,150,5,0.13555555555555554,1.1994669690203756,4.654329134913068,0.0
mtd_ai,200,0.00508565157432817,0.4166666666666667,5068.299546149381,0.2,150,5,0.13555555555555554,1.1994669690203756,4.654329134913068,0.0
mtd_ai,200,0.00508565157432817,0.45180722891566266,5451.879709651006,0.25,150,5,0.13555555555555554,1.1994669690203756,4.654329134913068,0.0
mtd_ai,200,0.005033965584962061,0.3,2426.498454275228,0.05,150,5,0.17567567567567569,0.5466454234848025,1.9345173986617832,-2.8974358974358974
mtd_ai,200,0.005033965584962061,0.40540540540540543,3362.1899339371334,0.1,150,5,0.17567567567567569,0.5466454234848025,1.9345173986617832,-2.8974358974358974
mtd_ai,200,0.005033965584962061,0.4017857142857143,4939.565805018938,0.15,150,5,0.17567567567567569,0.5466454234848025,1.9345173986617832,-2.8974358974358974
mtd_ai,200,0.005033965584962061,0.4166666666666667,5921.277032994216,0.2,150,5,0.17567567567567569,0.5466454234848025,1.9345173986617832,-2.8974358974358974
mtd_ai,200,0.005033965584962061,0.4411764705882353,6894.774028074036,0.25,150,5,0.17567567567567569,0.5466454234848025,1.9345173986617832,-2.8974358974358974
mtd_ai,200,0.005070255640603157,0.4411764705882353,1364.346565679872,0.05,150,5,0.14422222222222222,0.5069137713820463,2.1377105052388288,0.0
mtd_ai,200,0.005070255640603157,0.5,2302.616482688476,0.1,150,5,0.14422222222222222,0.5069137713820463,2.1377105052388288,0.0
mtd_ai,200,0.005070255640603157,0.5769230769230769,2765.709654098551,0.15,150,5,0.14422222222222222,0.5069137713820463,2.1377105052388288,0.0
mtd_ai,200,0.005070255640603157,0.6122448979591837,3410.046901548094,0.2,150,5,0.14422222222222222,0.5069137713820463,2.1377105052388288,0.0
mtd_ai,200,0.005070255640603157,0.5952380952380952,4144.486655733909,0.25,150,5,0.14422222222222222,0.5069137713820463,2.1377105052388288,0.0
mtd_ai,200,0.005062931215330725,0.25,3601.5299257545903,0.05,150,5,0.137,6.087747486684378,8.20283758137303,0.0
mtd_ai,200,0.005062931215330725,0.3488372093023256,4107.976867427798,0.1,150,5,0.137,6.087747486684378,8.20283758137303,0.0
mtd_ai,200,0.005062931215330725,0.42452830188679247,4624.975266171705,0.15,150,5,0.137,6.087747486684378,8.20283758137303,0.0
mtd_ai,200,0.005062931215330725,0.44776119402985076,5494.219054397949,0.2,150,5,0.137,6.087747486684378,8.20283758137303,0.0
mtd_ai,200,0.005062931215330725,0.47468354430379744,6103.116300665337,0.25,150,5,0.137,6.087747486684378,8.20283758137303,0.0
mtd_ai,200,0.0050554529435706186,0.2777777777777778,2424.009223052767,0.05,150,5,0.12644444444444447,0.22345043362946387,0.8524168994974176,0.0
mtd_ai,200,0.0050554529435706186,0.32608695652173914,3518.5753958540054,0.1,150,5,0.12644444444444447,0.22345043362946387,0.8524168994974176,0.0
mtd_ai,200,0.0050554529435706186,0.3629032258064516,4053.677167576908,0.15,150,5,0.12644444444444447,0.22345043362946387,0.8524168994974176,0.0
mtd_ai,200,0.0050554529435706186,0.3448275862068966,5814.978900637165,0.2,150,5,0.12644444444444447,0.22345043362946387,0.8524168994974176,0.0
mtd_ai,200,0.0050554529435706186,0.3440366972477064,6852.623235903362,0.25,150,5,0.12644444444444447,0.22345043362946387,0.8524168994974176,0.0
mtd_ai,200,0.005034534552285856,0.32608695652173914,1771.854360358831,0.05,150,5,0.10200000000000001,0.7949234507438374,3.006800227716421,0.0
mtd_ai,200,0.005034534552285856,0.375,3685.1138861024224,0.1,150,5,0.10200000000000001,0.7949234507438374,3.006800227716421,0.0
mtd_ai,200,0.005034534552285856,0.4166666666666667,4868.293357629998,0.15,150,5,0.10200000000000001,0.7949234507438374,3.006800227716421,0.0
mtd_ai,200,0.005034534552285856,0.42857142857142855,5793.829252856602,0.2,150,5,0.10200000000000001,0.7949234507438374,3.006800227716421,0.0
mtd_ai,200,0.005034534552285856,0.44642857142857145,7112.220578817525,0.25,150,5,0.10200000000000001,0.7949234507438374,3.006800227716421,0.0
mtd_ai,200,0.005069022954880638,0.25862068965517243,3767.88324116021,0.05,150,5,0.08,0.0389551124682999,0.12737447985500133,0.0
mtd_ai,200,0.005069022954880638,0.38461538461538464,4695.053731188702,0.1,150,5,0.08,0.0389551124682999,0.12737447985500133,0.0
mtd_ai,200,0.005069022954880638,0.45,5565.303739240788,0.15,150,5,0.08,0.0389551124682999,0.12737447985500133,0.0
mtd_ai,200,0.005069022954880638,0.5,5924.744164206267,0.2,150,5,0.08,0.0389551124682999,0.12737447985500133,0.0
mtd_ai,200,0.005069022954880638,0.5434782608695652,6216.360863607834,0.25,150,5,0.08,0.0389551124682999,0.12737447985500133,0.0
mtd_ai,200,0.005042181656756321,0.2777777777777778,2428.418982533134,0.05,150,5,0.18455555555555556,0.38409531613488535,1.726562336863275,0.0
mtd_ai,200,0.005042181656756321,0.3409090909090909,3166.355598099967,0.1,150,5,0.18455555555555556,0.38409531613488535,1.726562336863275,0.0
mtd_ai,200,0.005042181656756321,0.4090909090909091,3922.033747226832,0.15,150,5,0.18455555555555556,0.38409531613488535,1.726562336863275,0.0
mtd_ai,200,0.005042181656756321,0.44776119402985076,4680.20899765449,0.2,150,5,0.18455555555555556,0.38409531613488535,1.726562336863275,0.0
mtd_ai,200,0.005042181656756321,0.4076086956521739,5787.831190428116,0.25,150,5,0.18455555555555556,0.38409531613488535,1.726562336863275,0.0
mtd_ai,200,0.005072088417821347,0.4411764705882353,1510.5290007337421,0.05,150,5,0.22888888888888886,1.7550903485421692,2.9337981994064286,0.0
mtd_ai,200,0.005072088417821347,0.3488372093023256,3392.9510166675595,0.1,150,5,0.22888888888888886,1.7550903485421692,2.9337981994064286,0.0
mtd_ai,200,0.005072088417821347,0.4166666666666667,4146.695521271271,0.15,150,5,0.22888888888888886,1.7550903485421692,2.9337981994064286,0.0
mtd_ai,200,0.005072088417821347,0.4411764705882353,5052.192094646749,0.2,150,5,0.22888888888888886,1.7550903485421692,2.9337981994064286,0.0
mtd_ai,200,0.005072088417821347,0.4573170731707317,6019.382554911514,0.25,150,5,0.22888888888888886,1.7550903485421692,2.9337981994064286,0.0
mtd_ai,200,0.005072488089504538,0.25,3172.4356430742246,0.05,150,5,0.3,0.7117468348722372,2.663946584837356,0.0
mtd_ai,200,0.005072488089504538,0.3333333333333333,3780.40214429563,0.1,150,5,0.3,0.7117468348722372,2.663946584837356,0.0
mtd_ai,200,0.005072488089504538,0.4017857142857143,4467.304342507812,0.15,150,5,0.3,0.7117468348722372,2.663946584837356,0.0
mtd_ai,200,0.005072488089504538,0.4411764705882353,5224.3354302218695,0.2,150,5,0.3,0.7117468348722372,2.663946584837356,0.0
mtd_ai,200,0.005072488089504538,0.487012987012987,5542.723348786387,0.25,150,5,0.3,0.7117468348722372,2.663946584837356,0.0
mtd_ai,200,0.005058148630910127,0.24193548387096775,2945.8300299639786,0.05,150,5,0.13738095238095238,0.13334617355526504,0.544517444852686,0.0
mtd_ai,200,0.005058148630910127,0.2830188679245283,4055.266352664698,0.1,150,5,0.13738095238095238,0.13334617355526504,0.544517444852686,0.0
mtd_ai,200,0.005058148630910127,0.28846153846153844,5238.696117741174,0.15,150,5,0.13738095238095238,0.13334617355526504,0.544517444852686,0.0
mtd_ai,200,0.005058148630910127,0.3,6497.9290137503485,0.2,150,5,0.13738095238095238,0.13334617355526504,0.544517444852686,0.0
mtd_ai,200,0.005058148630910127,0.33482142857142855,6865.368451874598,0.25,150,5,0.13738095238095238,0.13334617355526504,0.544517444852686,0.0
mtd_ai,200,0.005058949852870808,0.234375,3952.7642558419325,0.05,150,5,0.12666666666666668,2.674092583523195,6.562646452287904,0.0
mtd_ai,200,0.005058949852870808,0.2727272727272727,5263.836949600809,0.1,150,5,0.12666666666666668,2.674092583523195,6.562646452287904,0.0
mtd_ai,200,0.005058949852870808,0.32608695652173914,6102.831553298251,0.15,150,5,0.12666666666666668,2.674092583523195,6.562646452287904,0.0
mtd_ai,200,0.005058949852870808,0.35714285714285715,6777.182052924185,0.2,150,5,0.12666666666666668,2.674092583523195,6.562646452287904,0.0
mtd_ai,200,0.005058949852870808,0.39473684210526316,7258.798678544622,0.25,150,5,0.12666666666666668,2.674092583523195,6.562646452287904,0.0
mtd_ai,200,0.005064428456870922,0.3125,2257.37400588339,0.05,150,5,0.2,0.6395525055777883,2.2388018876949416,0.0
mtd_ai,200,0.005064428456870922,0.39473684210526316,3134.6537791128585,0.1,150,5,0.2,0.6395525055777883,2.2388018876949416,0.0
mtd_ai,200,0.005064428456870922,0.4411764705882353,3944.104925646363,0.15,150,5,0.2,0.6395525055777883,2.2388018876949416,0.0
mtd_ai,200,0.005064428456870922,0.3448275862068966,5726.662259474375,0.2,150,5,0.2,0.6395525055777883,2.2388018876949416,0.0
mtd_ai,200,0.005064428456870922,0.375,6224.619612916675,0.25,150,5,0.2,0.6395525055777883,2.2388018876949416,0.0
mtd_ai,200,0.005046714736622411,0.375,2014.4855556454154,0.05,150,5,0.15733333333333335,0.4398640747870533,1.527205662079837,0.0
mtd_ai,200,0.005046714736622411,0.45454545454545453,3013.244742793275,0.1,150,5,0.15733333333333335,0.4398640747870533,1.527205662079837,0.0
mtd_ai,200,0.005046714736622411,0.4411764705882353,4491.608578893501,0.15,150,5,0.15733333333333335,0.4398640747870533,1.527205662079837,0.0
mtd_ai,200,0.005046714736622411,0.4918032786885246,4795.79455382662,0.2,150,5,0.15733333333333335,0.4398640747870533,1.527205662079837,0.0
mtd_ai,200,0.005046714736622411,0.5067567567567568,5584.871271841412,0.25,150,5,0.15733333333333335,0.4398640747870533,1.527205662079837,0.0
mtd_ai,200,0.005075923129324004,0.25862068965517243,2264.814165520287,0.05,150,5,0.13,0.12680384643589945,0.5050178632993794,0.0
mtd_ai,200,0.005075923129324004,0.30612244897959184,3695.8389956781593,0.1,150,5,0.13,0.12680384643589945,0.5050178632993794,0.0
mtd_ai,200,0.005075923129324004,0.36885245901639346,4377.920107095173,0.15,150,5,0.13,0.12680384643589945,0.5050178632993794,0.0
mtd_ai,200,0.005075923129324004,0.4166666666666667,4943.072932868359,0.2,150,5,0.13,0.12680384643589945,0.5050178632993794,0.0
mtd_ai,200,0.005075923129324004,0.46296296296296297,5257.574046644263,0.25,150,5,0.13,0.12680384643589945,0.5050178632993794,0.0
mtd_ai,200,0.0050830601881823164,0.3125,1816.859330436571,0.05,150,5,0.15666666666666668,2.7138813533430826,4.08567450214237,0.0
mtd_ai,200,0.0050830601881823164,0.3488372093023256,3006.6250830568615,0.1,150,5,0.15666666666666668,2.7138813533430826,4.08567450214237,0.0
mtd_ai,200,0.0050830601881823164,0.4090909090909091,3645.600148864779,0.15,150,5,0.15666666666666668,2.7138813533430826,4.08567450214237,0.0
mtd_ai,200,0.0050830601881823164,0.45454545454545453,4017.8149176170336,0.2,150,5,0.15666666666666668,2.7138813533430826,4.08567450214237,0.0
mtd_ai,200,0.0050830601881823164,0.4934210526315789,4764.404649390197,0.25,150,5,0.15666666666666668,2.7138813533430826,4.08567450214237,0.0
mtd_ai,200,0.005099014490957366,0.3125,2368.587384235169,0.05,150,5,0.13777777777777778,0.13148718761164005,0.42755065676090037,0.0
mtd_ai,200,0.005099014490957366,0.45454545454545453,2841.5375922988687,0.1,150,5,0.13777777777777778,0.13148718761164005,0.42755065676090037,0.0
mtd_ai,200,0.005099014490957366,0.4891304347826087,3731.528322595333,0.15,150,5,0.13777777777777778,0.13148718761164005,0.42755065676090037,0.0
mtd_ai,200,0.005099014490957366,0.5172413793103449,4105.212850896689,0.2,150,5,0.13777777777777778,0.13148718761164005,0.42755065676090037,0.0
mtd_ai,200,0.005099014490957366,0.5357142857142857,4553.703220795584,0.25,150,5,0.13777777777777778,0.13148718761164005,0.42755065676090037,0.0
mtd_ai,200,0.005071910217412813,0.19230769230769232,3947.263167537236,0.05,150,5,0.10533333333333333,0.027141360172892145,0.12075791501114508,0.0
mtd_ai,200,0.005071910217412813,0.3,4416.712643840256,0.1,150,5,0.10533333333333333,0.027141360172892145,0.12075791501114508,0.0
mtd_ai,200,0.005071910217412813,0.3629032258064516,5223.811300225503,0.15,150,5,0.10533333333333333,0.027141360172892145,0.12075791501114508,0.0
mtd_ai,200,0.005071910217412813,0.375,6047.641660201136,0.2,150,5,0.10533333333333333,0.027141360172892145,0.12075791501114508,0.0
mtd_ai,200,0.005071910217412813,0.42613636363636365,6275.411111875752,0.25,150,5,0.10533333333333333,0.027141360172892145,0.12075791501114508,0.0
mtd_ai,200,0.005073006259639836,0.26785714285714285,2624.256104825993,0.05,150,5,0.1511111111111111,1.0236210294957462,3.9858715115777255,0.0
mtd_ai,200,0.005073006259639836,0.3488372093023256,3768.758899885142,0.1,150,5,0.1511111111111111,1.0236210294957462,3.9858715115777255,0.0
mtd_ai,200,0.005073006259639836,0.39473684210526316,4929.550813212192,0.15,150,5,0.1511111111111111,1.0236210294957462,3.9858715115777255,0.0
mtd_ai,200,0.005073006259639836,0.43478260869565216,5476.960626298022,0.2,150,5,0.1511111111111111,1.0236210294957462,3.9858715115777255,0.0
mtd_ai,200,0.005073006259639836,0.46296296296296297,6021.7822868471685,0.25,150,5,0.1511111111111111,1.0236210294957462,3.9858715115777255,0.0
mtd_ai,200,0.005067882343263117,0.3409090909090909,2230.442226687397,0.05,150,5,0.15384615384615385,0.5661243000018041,0.9107408776552585,0.0
mtd_ai,200,0.005067882343263117,0.375,4139.490006117393,0.1,150,5,0.15384615384615385,0.5661243000018041,0.9107408776552585,0.0
mtd_ai,200,0.005067882343263117,0.4326923076923077,4979.428630509507,0.15,150,5,0.15384615384615385,0.5661243000018041,0.9107408776552585,0.0
mtd_ai,200,0.005067882343263117,0.4838709677419355,5558.882820612778,0.2,150,5,0.15384615384615385,0.5661243000018041,0.9107408776552585,0.0
mtd_ai,200,0.005067882343263117,0.528169014084507,5970.456451830876,0.25,150,5,0.15384615384615385,0.5661243000018041,0.9107408776552585,0.0
mtd_ai,200,0.005068724998979743,0.2777777777777778,3279.1614806983916,0.05,150,5,0.0,0.4741442968911546,0.9935025929581818,0.0
mtd_ai,200,0.005068724998979743,0.3488372093023256,4040.3665872431966,0.1,150,5,0.0,0.4741442968911546,0.9935025929581818,0.0
mtd_ai,200,0.005068724998979743,0.4166666666666667,4435.652569926984,0.15,150,5,0.0,0.4741442968911546,0.9935025929581818,0.0
mtd_ai,200,0.005068724998979743,0.45454545454545453,5200.872682571331,0.2,150,5,0.0,0.4741442968911546,0.9935025929581818,0.0
mtd_ai,200,0.005068724998979743,0.4934210526315789,5788.761986018483,0.25,150,5,0.0,0.4741442968911546,0.9935025929581818,0.0
mtd_ai,200,0.005061534772258115,0.3125,2014.5924540065416,0.05,150,5,0.15384615384615385,1.128187532083639,2.3609213158283313,0.0
mtd_ai,200,0.005061534772258115,0.3488372093023256,3685.877394753381,0.1,150,5,0.15384615384615385,1.128187532083639,2.3609213158283313,0.0
mtd_ai,200,0.005061534772258115,0.4017857142857143,4459.3753445858365,0.15,150,5,0.15384615384615385,1.128187532083639,2.3609213158283313,0.0
mtd_ai,200,0.005061534772258115,0.44776119402985076,5257.956586972031,0.2,150,5,0.15384615384615385,1.128187532083639,2.3609213158283313,0.0
mtd_ai,200,0.005061534772258115,0.45180722891566266,6414.892390519093,0.25,150,5,0.15384615384615385,1.128187532083639,2.3609213158283313,0.0
mtd_ai,200,0.005064655738087,0.28846153846153844,3298.9906070847646,0.05,150,5,0.09333333333333334,0.15221857313219794,0.43449653411700645,0.0
mtd_ai,200,0.005064655738087,0.35714285714285715,4624.21568938418,0.1,150,5,0.09333333333333334,0.15221857313219794,0.43449653411700645,0.0
mtd_ai,200,0.005064655738087,0.4017857142857143,5231.391998283243,0.15,150,5,0.09333333333333334,0.15221857313219794,0.43449653411700645,0.0
mtd_ai,200,0.005064655738087,0.44776119402985076,5901.339124401658,0.2,150,5,0.09333333333333334,0.15221857313219794,0.43449653411700645,0.0
mtd_ai,200,0.005064655738087,0.4934210526315789,6394.420575624457,0.25,150,5,0.09333333333333334,0.15221857313219794,0.43449653411700645,0.0
mtd_ai,200,0.005063369541423687,0.32608695652173914,2138.067743515414,0.05,150,5,0.12936507936507938,104.2654756957249,7.569067423608785,0.0
mtd_ai,200,0.005063369541423687,0.35714285714285715,3786.8716610840634,0.1,150,5,0.12936507936507938,104.2654756957249,7.569067423608785,0.0
mtd_ai,200,0.005063369541423687,0.36885245901639346,5725.9272348061895,0.15,150,5,0.12936507936507938,104.2654756957249,7.569067423608785,0.0
mtd_ai,200,0.005063369541423687,0.410958904109589,6299.5921928639145,0.2,150,5,0.12936507936507938,104.2654756957249,7.569067423608785,0.0
mtd_ai,200,0.005063369541423687,0.436046511627907,6946.7748195542645,0.25,150,5,0.12936507936507938,104.2654756957249,7.569067423608785,0.0
mtd_ai,200,0.005092968830758148,0.4166666666666667,1697.931460863435,0.05,150,5,0.1173015873015873,0.11162430828869693,0.38730943510927995,0.0
mtd_ai,200,0.005092968830758148,0.4411764705882353,2887.5902303510516,0.1,150,5,0.1173015873015873,0.11162430828869693,0.38730943510927995,0.0
mtd_ai,200,0.005092968830758148,0.5113636363636364,3598.307891172207,0.15,150,5,0.1173015873015873,0.11162430828869693,0.38730943510927995,0.0
mtd_ai,200,0.005092968830758148,0.5172413793103449,4161.773743902263,0.2,150,5,0.1173015873015873,0.11162430828869693,0.38730943510927995,0.0
mtd_ai,200,0.005092968830758148,0.5434782608695652,4761.9609907282775,0.25,150,5,0.1173015873015873,0.11162430828869693,0.38730943510927995,0.0
mtd_ai,200,0.005031100219084418,0.25862068965517243,2931.6957049099283,0.05,150,5,0.13333333333333333,1.030677570996396,3.9547101772098445,0.0
mtd_ai,200,0.005031100219084418,0.3409090909090909,3811.821458810179,0.1,150,5,0.13333333333333333,1.030677570996396,3.9547101772098445,0.0
mtd_ai,200,0.005031100219084418,0.375,4566.009198806249,0.15,150,5,0.13333333333333333,1.030677570996396,3.9547101772098445,0.0
mtd_ai,200,0.005031100219084418,0.4,5302.40720650836,0.2,150,5,0.13333333333333333,1.030677570996396,3.9547101772098445,0.0
mtd_ai,200,0.005031100219084418,0.39893617021276595,6830.433576340456,0.25,150,5,0.13333333333333333,1.030677570996396,3.9547101772098445,0.0
mtd_ai,200,0.005061600024018786,0.22058823529411764,2701.366621987386,0.05,150,5,0.12866666666666668,1.3339628416370948,4.2938162904752,0.0
mtd_ai,200,0.005061600024018786,0.3,4174.500696767778,0.1,150,5,0.12866666666666668,1.3339628416370948,4.2938162904752,0.0
mtd_ai,200,0.005061600024018786,0.32608695652173914,5617.16251554056,0.15,150,5,0.12866666666666668,1.3339628416370948,4.2938162904752,0.0
mtd_ai,200,0.005061600024018786,0.35714285714285715,6370.321771086519,0.2,150,5,0.12866666666666668,1.3339628416370948,4.2938162904752,0.0
mtd_ai,200,0.005061600024018786,0.39893617021276595,6733.56974128676,0.25,150,5,0.12866666666666668,1.3339628416370948,4.2938162904752,0.0
mtd_ai,200,0.005027868810501444,0.25862068965517243,3414.720415069348,0.05,150,5,0.13666666666666666,3.1162701863061297,5.857643104098954,0.0
mtd_ai,200,0.005027868810501444,0.3488372093023256,4291.074168077828,0.1,150,5,0.13666666666666666,3.1162701863061297,5.857643104098954,0.0
mtd_ai,200,0.005027868810501444,0.4017857142857143,5393.694222124961,0.15,150,5,0.13666666666666666,3.1162701863061297,5.857643104098954,0.0
mtd_ai,200,0.005027868810501444,0.4,6260.430348961192,0.2,150,5,0.13666666666666666,3.1162701863061297,5.857643104098954,0.0
mtd_ai,200,0.005027868810501444,0.3826530612244898,7171.09459263566,0.25,150,5,0.13666666666666666,3.1162701863061297,5.857643104098954,0.0
mtd_ai,200,0.005069045772821901,0.46875,1168.7353940940732,0.05,150,5,0.2222222222222222,0.3908299324178238,0.5152287690570623,0.0
mtd_ai,200,0.005069045772821901,0.42857142857142855,2620.5116725954076,0.1,150,5,0.2222222222222222,0.3908299324178238,0.5152287690570623,0.0
mtd_ai,200,0.005069045772821901,0.42452830188679247,4313.536385387237,0.15,150,5,0.2222222222222222,0.3908299324178238,0.5152287690570623,0.0
mtd_ai,200,0.005069045772821901,0.4411764705882353,5445.642873711797,0.2,150,5,0.2222222222222222,0.3908299324178238,0.5152287690570623,0.0
mtd_ai,200,0.005069045772821901,0.46296296296296297,6337.631429281648,0.25,150,5,0.2222222222222222,0.3908299324178238,0.5152287690570623,0.0
mtd_ai,200,0.005033878465454889,0.22727272727272727,3776.7179830976156,0.05,150,5,0.11666666666666667,0.13456233621726674,0.4107829721781716,0.0
mtd_ai,200,0.005033878465454889,0.3191489361702128,4634.947463306684,0.1,150,5,0.11666666666666667,0.13456233621726674,0.4107829721781716,0.0
mtd_ai,200,0.005033878465454889,0.375,5351.401183071317,0.15,150,5,0.11666666666666667,0.13456233621726674,0.4107829721781716,0.0
mtd_ai,200,0.005033878465454889,0.410958904109589,6058.766960216201,0.2,150,5,0.11666666666666667,0.13456233621726674,0.4107829721781716,0.0
mtd_ai,200,0.005033878465454889,0.43103448275862066,6714.474592636267,0.25,150,5,0.11666666666666667,0.13456233621726674,0.4107829721781716,0.0
mtd_ai,200,0.005046085391288283,0.3,2002.8049582957997,0.05,150,5,0.14388888888888887,1.8381660829962114,5.658509703422119,0.0
mtd_ai,200,0.005046085391288283,0.38461538461538464,2985.870042455109,0.1,150,5,0.14388888888888887,1.8381660829962114,5.658509703422119,0.0
mtd_ai,200,0.005046085391288283,0.42452830188679247,3827.329311530825,0.15,150,5,0.14388888888888887,1.8381660829962114,5.658509703422119,0.0
mtd_ai,200,0.005046085391288283,0.4411764705882353,5046.87890535262,0.2,150,5,0.14388888888888887,1.8381660829962114,5.658509703422119,0.0
mtd_ai,200,0.005046085391288283,0.487012987012987,5755.428240233263,0.25,150,5,0.14388888888888887,1.8381660829962114,5.658509703422119,0.0
mtd_ai,200,0.005069796893854712,0.3,2580.983814725887,0.05,150,5,0.15668202764976957,0.9960520054127023,3.8506567720368787,0.0
mtd_ai,200,0.005069796893854712,0.36585365853658536,3766.4646062492784,0.1,150,5,0.15668202764976957,0.9960520054127023,3.8506567720368787,0.0
mtd_ai,200,0.005069796893854712,0.375,5143.903106272528,0.15,150,5,0.15668202764976957,0.9960520054127023,3.8506567720368787,0.0
mtd_ai,200,0.005069796893854712,0.43478260869565216,5501.510744824198,0.2,150,5,0.15668202764976957,0.9960520054127023,3.8506567720368787,0.0
mtd_ai,200,0.005069796893854712,0.47468354430379744,6064.195072341263,0.25,150,5,0.15668202764976957,0.9960520054127023,3.8506567720368787,0.0
mtd_ai,200,0.005042918833588593,0.46875,1474.9347596577165,0.05,150,5,0.125,0.5240013714928056,1.1107246164473432,-5.36
mtd_ai,200,0.005042918833588593,0.5,2226.6667673209686,0.1,150,5,0.125,0.5240013714928056,1.1107246164473432,-5.36
mtd_ai,200,0.005042918833588593,0.45,3502.6175878463414,0.15,150,5,0.125,0.5240013714928056,1.1107246164473432,-5.36
mtd_ai,200,0.005042918833588593,0.45454545454545453,5253.531442968742,0.2,150,5,0.125,0.5240013714928056,1.1107246164473432,-5.36
mtd_ai,200,0.005042918833588593,0.4807692307692308,5807.614808941915,0.25,150,5,0.125,0.5240013714928056,1.1107246164473432,-5.36
mtd_ai,200,0.005038357431017944,0.22058823529411764,2689.681649096724,0.05,150,5,0.14,0.4170531204615061,1.2948246524283489,0.0
mtd_ai,200,0.005038357431017944,0.2542372881355932,4346.948982325457,0.1,150,5,0.14,0.4170531204615061,1.2948246524283489,0.0
mtd_ai,200,0.005038357431017944,0.30405405405405406,5276.847470963056,0.15,150,5,0.14,0.4170531204615061,1.2948246524283489,0.0
mtd_ai,200,0.005038357431017944,0.3333333333333333,6079.469128184655,0.2,150,5,0.14,0.4170531204615061,1.2948246524283489,0.0
mtd_ai,200,0.005038357431017944,0.3472222222222222,6976.9970494852305,0.25,150,5,0.14,0.4170531204615061,1.2948246524283489,0.0
mtd_ai,200,0.005055942278079928,0.20270270270270271,3964.746696669711,0.05,150,5,0.115,0.8987177555056197,3.623840635706725,0.0
mtd_ai,200,0.005055942278079928,0.2830188679245283,4967.36747063081,0.1,150,5,0.115,0.8987177555056197,3.623840635706725,0.0
mtd_ai,200,0.005055942278079928,0.33088235294117646,5957.239407953253,0.15,150,5,0.115,0.8987177555056197,3.623840635706725,0.0
mtd_ai,200,0.005055942278079928,0.37037037037037035,6741.724835000272,0.2,150,5,0.115,0.8987177555056197,3.623840635706725,0.0
mtd_ai,200,0.005055942278079928,0.4166666666666667,7239.388817560084,0.25,150,5,0.115,0.8987177555056197,3.623840635706725,0.0
mtd_ai,200,0.005082652621363106,0.2777777777777778,2540.448908623502,0.05,150,5,0.1622222222222222,0.8689759242977094,2.765668250222355,0.0
mtd_ai,200,0.005082652621363106,0.38461538461538464,3518.485074399069,0.1,150,5,0.1622222222222222,0.8689759242977094,2.765668250222355,0.0
mtd_ai,200,0.005082652621363106,0.4411764705882353,4283.483073490313,0.15,150,5,0.1622222222222222,0.8689759242977094,2.765668250222355,0.0
mtd_ai,200,0.005082652621363106,0.46153846153846156,5003.460160100152,0.2,150,5,0.1622222222222222,0.8689759242977094,2.765668250222355,0.0
mtd_ai,200,0.005082652621363106,0.5067567567567568,5471.219145798747,0.25,150,5,0.1622222222222222,0.8689759242977094,2.765668250222355,0.0
mtd_ai,200,0.005069163988450292,0.375,2277.4491544459534,0.05,150,5,0.11333333333333333,3.177535951540768,5.912235574209884,0.0
mtd_ai,200,0.005069163988450292,0.375,3619.695005767503,0.1,150,5,0.11333333333333333,3.177535951540768,5.912235574209884,0.0
mtd_ai,200,0.005069163988450292,0.4326923076923077,4394.974497667261,0.15,150,5,0.11333333333333333,3.177535951540768,5.912235574209884,0.0
mtd_ai,200,0.005069163988450292,0.45454545454545453,5029.994200005309,0.2,150,5,0.11333333333333333,3.177535951540768,5.912235574209884,0.0
mtd_ai,200,0.005069163988450292,0.4807692307692308,5530.991456109689,0.25,150,5,0.11333333333333333,3.177535951540768,5.912235574209884,0.0
mtd_ai,200,0.005042745087936107,0.4166666666666667,1822.6783801183906,0.05,150,5,0.15833333333333333,0.41417632937393534,1.4716083653743737,0.0
mtd_ai,200,0.005042745087936107,0.375,3855.762009810494,0.1,150,5,0.15833333333333333,0.41417632937393534,1.4716083653743737,0.0
mtd_ai,200,0.005042745087936107,0.4166666666666667,4823.739196669047,0.15,150,5,0.15833333333333333,0.41417632937393534,1.4716083653743737,0.0
mtd_ai,200,0.005042745087936107,0.42857142857142855,5795.334749026371,0.2,150,5,0.15833333333333333,0.41417632937393534,1.4716083653743737,0.0
mtd_ai,200,0.005042745087936107,0.4573170731707317,6749.983042281705,0.25,150,5,0.15833333333333333,0.41417632937393534,1.4716083653743737,0.0
mtd_ai,200,0.0050869438095629705,0.32608695652173914,1934.5864521095564,0.05,150,5,0.09777777777777777,2.2911053028675235,3.7329923519932295,0.0
mtd_ai,200,0.0050869438095629705,0.39473684210526316,3383.0032158845715,0.1,150,5,0.09777777777777777,2.2911053028675235,3.7329923519932295,0.0
mtd_ai,200,0.0050869438095629705,0.45918367346938777,3873.5051110233926,0.15,150,5,0.09777777777777777,2.2911053028675235,3.7329923519932295,0.0
mtd_ai,200,0.0050869438095629705,0.4918032786885246,4760.032472479542,0.2,150,5,0.09777777777777777,2.2911053028675235,3.7329923519932295,0.0
mtd_ai,200,0.0050869438095629705,0.5136986301369864,5282.690521413077,0.25,150,5,0.09777777777777777,2.2911053028675235,3.7329923519932295,0.0
mtd_ai,200,0.005076333915033584,0.375,1674.1889447981398,0.05,150,5,0.16904761904761906,0.28890719503117673,1.0990070462428911,0.0
mtd_ai,200,0.005076333915033584,0.35714285714285715,3636.9204034047657,0.1,150,5,0.16904761904761906,0.28890719503117673,1.0990070462428911,0.0
mtd_ai,200,0.005076333915033584,0.4166666666666667,4220.834062103664,0.15,150,5,0.16904761904761906,0.28890719503117673,1.0990070462428911,0.0
mtd_ai,200,0.005076333915033584,0.44776119402985076,5194.82585446289,0.2,150,5,0.16904761904761906,0.28890719503117673,1.0990070462428911,0.0
mtd_ai,200,0.005076333915033584,0.5067567567567568,5397.283237184436,0.25,150,5,0.16904761904761906,0.28890719503117673,1.0990070462428911,0.0
mtd_ai,200,0.005040387667723498,0.4411764705882353,1574.6921059310137,0.05,150,5,0.11542857142857145,2.0371594792716343,4.603988793479897,0.0
mtd_ai,200,0.005040387667723498,0.4411764705882353,2992.3843062634005,0.1,150,5,0.11542857142857145,2.0371594792716343,4.603988793479897,0.0
mtd_ai,200,0.005040387667723498,0.45918367346938777,3936.2083309705286,0.15,150,5,0.11542857142857145,2.0371594792716343,4.603988793479897,0.0
mtd_ai,200,0.005040387667723498,0.46153846153846156,4964.87420291661,0.2,150,5,0.11542857142857145,2.0371594792716343,4.603988793479897,0.0
mtd_ai,200,0.005040387667723498,0.4807692307692308,6128.388813400364,0.25,150,5,0.11542857142857145,2.0371594792716343,4.603988793479897,0.0
mtd_ai,200,0.005055415761168866,0.22058823529411764,3170.081216675628,0.05,150,5,0.14955555555555552,0.25391822202124753,0.204509092785229,0.0
mtd_ai,200,0.005055415761168866,0.2542372881355932,5787.977942635222,0.1,150,5,0.14955555555555552,0.25391822202124753,0.204509092785229,0.0
mtd_ai,200,0.005055415761168866,0.2922077922077922,6794.084730514451,0.15,150,5,0.14955555555555552,0.25391822202124753,0.204509092785229,0.0
mtd_ai,200,0.005055415761168866,0.32967032967032966,7396.060561084831,0.2,150,5,0.14955555555555552,0.25391822202124753,0.204509092785229,0.0
mtd_ai,200,0.005055415761168866,0.35377358490566035,7862.854795593828,0.25,150,5,0.14955555555555552,0.25391822202124753,0.204509092785229,0.0
mtd_ai,200,0.005062893383510748,0.375,1668.0911468901763,0.05,150,5,0.16666666666666666,0.9912273621840364,3.7724318862845987,0.0
mtd_ai,200,0.005062893383510748,0.40540540540540543,3183.063699632432,0.1,150,5,0.16666666666666666,0.9912273621840364,3.7724318862845987,0.0
mtd_ai,200,0.005062893383510748,0.45,4264.508150168656,0.15,150,5,0.16666666666666666,0.9912273621840364,3.7724318862845987,0.0
mtd_ai,200,0.005062893383510748,0.44776119402985076,5504.906441395251,0.2,150,5,0.16666666666666666,0.9912273621840364,3.7724318862845987,0.0
mtd_ai,200,0.005062893383510748,0.4032258064516129,6564.3445980147135,0.25,150,5,0.16666666666666666,0.9912273621840364,3.7724318862845987,0.0
mtd_ai,200,0.005068502138353387,0.3409090909090909,1709.3002888650385,0.05,150,5,0.11555555555555558,3.8207041031745206,4.695194164581393,0.0
mtd_ai,200,0.005068502138353387,0.3333333333333333,4630.955813652886,0.1,150,5,0.11555555555555558,3.8207041031745206,4.695194164581393,0.0
mtd_ai,200,0.005068502138353387,0.4166666666666667,5131.213110687414,0.15,150,5,0.11555555555555558,3.8207041031745206,4.695194164581393,0.0
mtd_ai,200,0.005068502138353387,0.46875,5819.37738603063,0.2,150,5,0.11555555555555558,3.8207041031745206,4.695194164581393,0.0
mtd_ai,200,0.005068502138353387,0.5067567567567568,6230.864623257046,0.25,150,5,0.11555555555555558,3.8207041031745206,4.695194164581393,0.0
mtd_ai,200,0.005038543263630524,0.375,1930.8051788055623,0.05,150,5,0.14888888888888888,0.6632778651641257,2.3466466459268314,0.0
mtd_ai,200,0.005038543263630524,0.40540540540540543,3181.4234862615185,0.1,150,5,0.14888888888888888,0.6632778651641257,2.3466466459268314,0.0
mtd_ai,200,0.005038543263630524,0.3629032258064516,4739.831768124332,0.15,150,5,0.14888888888888888,0.6632778651641257,2.3466466459268314,0.0
mtd_ai,200,0.005038543263630524,0.40540540540540543,5312.047878888456,0.2,150,5,0.14888888888888888,0.6632778651641257,2.3466466459268314,0.0
mtd_ai,200,0.005038543263630524,0.43103448275862066,6160.73930676123,0.25,150,5,0.14888888888888888,0.6632778651641257,2.3466466459268314,0.0
mtd_ai,200,0.005093126905979715,0.3,1854.9380734620174,0.05,150,5,0.08333333333333333,3.1961475861464446,6.867415233972702,0.0
mtd_ai,200,0.005093126905979715,0.39473684210526316,2837.9976347158145,0.1,150,5,0.08333333333333333,3.1961475861464446,6.867415233972702,0.0
mtd_ai,200,0.005093126905979715,0.45,3867.202323507468,0.15,150,5,0.08333333333333333,3.1961475861464446,6.867415233972702,0.0
mtd_ai,200,0.005093126905979715,0.4918032786885246,4513.067305282292,0.2,150,5,0.08333333333333333,3.1961475861464446,6.867415233972702,0.0
mtd_ai,200,0.005093126905979715,0.5208333333333334,4891.172099150316,0.25,150,5,0.08333333333333333,3.1961475861464446,6.867415233972702,0.0
mtd_ai,200,0.0050830361221177135,0.375,1743.2231449605788,0.05,150,5,0.12866666666666668,0.9869216933051282,2.069824794168806,0.0
mtd_ai,200,0.0050830361221177135,0.38461538461538464,3971.7873369281238,0.1,150,5,0.12866666666666668,0.9869216933051282,2.069824794168806,0.0
mtd_ai,200,0.0050830361221177135,0.45918367346938777,4580.327191780028,0.15,150,5,0.12866666666666668,0.9869216933051282,2.069824794168806,0.0
mtd_ai,200,0.0050830361221177135,0.5,5029.582035855154,0.2,150,5,0.12866666666666668,0.9869216933051282,2.069824794168806,0.0
mtd_ai,200,0.0050830361221177135,0.5514705882352942,5441.805681403755,0.25,150,5,0.12866666666666668,0.9869216933051282,2.069824794168806,0.0
mtd_ai,200,0.0050434822274628005,0.28846153846153844,2294.473960512839,0.05,150,5,0.2423888888888889,0.6593432801732199,1.4455742974356283,0.0
mtd_ai,200,0.0050434822274628005,0.39473684210526316,2827.831574778412,0.1,150,5,0.2423888888888889,0.6593432801732199,1.4455742974356283,0.0
mtd_ai,200,0.0050434822274628005,0.4326923076923077,3846.820374956067,0.15,150,5,0.2423888888888889,0.6593432801732199,1.4455742974356283,0.0
mtd_ai,200,0.0050434822274628005,0.4225352112676056,4859.604215817702,0.2,150,5,0.2423888888888889,0.6593432801732199,1.4455742974356283,0.0
mtd_ai,200,0.0050434822274628005,0.4411764705882353,5462.501479800412,0.25,150,5,0.2423888888888889,0.6593432801732199,1.4455742974356283,0.0
mtd_ai,200,0.005080905358014988,0.3,1912.4957664147828,0.05,150,5,0.15333333333333335,0.5112538077003603,1.7835389494522316,0.0
mtd_ai,200,0.005080905358014988,0.3488372093023256,3595.748578244857,0.1,150,5,0.15333333333333335,0.5112538077003603,1.7835389494522316,0.0
mtd_ai,200,0.005080905358014988,0.4326923076923077,4105.119775326462,0.15,150,5,0.15333333333333335,0.5112538077003603,1.7835389494522316,0.0
mtd_ai,200,0.005080905358014988,0.4838709677419355,4726.017535746165,0.2,150,5,0.15333333333333335,0.5112538077003603,1.7835389494522316,0.0
mtd_ai,200,0.005080905358014988,0.5357142857142857,5131.309322608964,0.25,150,5,0.15333333333333335,0.5112538077003603,1.7835389494522316,0.0
mtd_ai,200,0.005078384869442441,0.4411764705882353,1668.2405912783083,0.05,150,5,0.24,7.97233816952782,5.145344376532636,0.0
mtd_ai,200,0.005078384869442441,0.5,2365.747195748163,0.1,150,5,0.24,7.97233816952782,5.145344376532636,0.0
mtd_ai,200,0.005078384869442441,0.5357142857142857,3082.995341848444,0.15,150,5,0.24,7.97233816952782,5.145344376532636,0.0
mtd_ai,200,0.005078384869442441,0.5555555555555556,4009.2877644269083,0.2,150,5,0.24,7.97233816952782,5.145344376532636,0.0
mtd_ai,200,0.005078384869442441,0.5357142857142857,5364.591937832411,0.25,150,5,0.24,7.97233816952782,5.145344376532636,0.0
mtd_ai,200,0.00507441925698578,0.32608695652173914,2234.967399087557,0.05,150,5,0.11922222222222224,0.4824321874312248,1.1676409874379543,0.0
mtd_ai,200,0.00507441925698578,0.4166666666666667,3198.7832383505065,0.1,150,5,0.11922222222222224,0.4824321874312248,1.1676409874379543,0.0
mtd_ai,200,0.00507441925698578,0.4411764705882353,4032.11445175057,0.15,150,5,0.11922222222222224,0.4824321874312248,1.1676409874379543,0.0
mtd_ai,200,0.00507441925698578,0.44776119402985076,5119.159970899359,0.2,150,5,0.11922222222222224,0.4824321874312248,1.1676409874379543,0.0
mtd_ai,200,0.00507441925698578,0.4807692307692308,5733.961852779084,0.25,150,5,0.11922222222222224,0.4824321874312248,1.1676409874379543,0.0
mtd_ai,200,0.005063561423089585,0.20833333333333334,3589.9256411343817,0.05,150,5,0.13866666666666666,0.5447866413922798,2.308481099147767,0.0
mtd_ai,200,0.005063561423089585,0.29411764705882354,4679.415085746523,0.1,150,5,0.13866666666666666,0.5447866413922798,2.308481099147767,0.0
mtd_ai,200,0.005063561423089585,0.3813559322033898,4913.404246146823,0.15,150,5,0.13866666666666666,0.5447866413922798,2.308481099147767,0.0
mtd_ai,200,0.005063561423089585,0.410958904109589,5930.031301130095,0.2,150,5,0.13866666666666666,0.5447866413922798,2.308481099147767,0.0
mtd_ai,200,0.005063561423089585,0.4411764705882353,6436.566260793128,0.25,150,5,0.13866666666666666,0.5447866413922798,2.308481099147767,0.0
mtd_ai,200,0.00505734907453319,0.375,1961.8956439591066,0.05,150,5,0.11777777777777779,1.9081329240879457,1.1443438069431289,0.0
mtd_ai,200,0.00505734907453319,0.40540540540540543,3488.1587927001606,0.1,150,5,0.11777777777777779,1.9081329240879457,1.1443438069431289,0.0
mtd_ai,200,0.00505734907453319,0.4017857142857143,5289.213435526001,0.15,150,5,0.11777777777777779,1.9081329240879457,1.1443438069431289,0.0
mtd_ai,200,0.00505734907453319,0.4225352112676056,5955.172522426976,0.2,150,5,0.11777777777777779,1.9081329240879457,1.1443438069431289,0.0
mtd_ai,200,0.00505734907453319,0.45180722891566266,6885.459096930384,0.25,150,5,0.11777777777777779,1.9081329240879457,1.1443438069431289,0.0
mtd_ai,200,0.005037151287535291,0.35714285714285715,1774.860628754583,0.05,150,5,0.14755555555555555,0.6085127797926468,0.8535930494176087,0.0
mtd_ai,200,0.005037151287535291,0.375,4255.724267779451,0.1,150,5,0.14755555555555555,0.6085127797926468,0.8535930494176087,0.0
mtd_ai,200,0.005037151287535291,0.45,4700.150914555226,0.15,150,5,0.14755555555555555,0.6085127797926468,0.8535930494176087,0.0
mtd_ai,200,0.005037151287535291,0.4838709677419355,5610.904716141577,0.2,150,5,0.14755555555555555,0.6085127797926468,0.8535930494176087,0.0
mtd_ai,200,0.005037151287535291,0.3787878787878788,7188.43939810282,0.25,150,5,0.14755555555555555,0.6085127797926468,0.8535930494176087,0.0
mtd_ai,200,0.00506258385032451,0.25,3578.7454579669857,0.05,150,5,0.13126984126984126,0.20896856201746378,0.5573315633612617,0.0
mtd_ai,200,0.00506258385032451,0.35714285714285715,4402.2597027217735,0.1,150,5,0.13126984126984126,0.20896856201746378,0.5573315633612617,0.0
mtd_ai,200,0.00506258385032451,0.375,5456.153852140926,0.15,150,5,0.13126984126984126,0.20896856201746378,0.5573315633612617,0.0
mtd_ai,200,0.00506258385032451,0.4225352112676056,5853.217631477237,0.2,150,5,0.13126984126984126,0.20896856201746378,0.5573315633612617,0.0
mtd_ai,200,0.00506258385032451,0.39893617021276595,6791.559136266193,0.25,150,5,0.13126984126984126,0.20896856201746378,0.5573315633612617,0.0
mtd_ai,200,0.005067392935040432,0.2777777777777778,3059.3803736058817,0.05,150,5,0.09222222222222222,0.4654578368116673,1.6993784757267423,0.0
mtd_ai,200,0.005067392935040432,0.3488372093023256,4389.11964088895,0.1,150,5,0.09222222222222222,0.4654578368116673,1.6993784757267423,0.0
mtd_ai,200,0.005067392935040432,0.4166666666666667,4857.745282884322,0.15,150,5,0.09222222222222222,0.4654578368116673,1.6993784757267423,0.0
mtd_ai,200,0.005067392935040432,0.44776119402985076,6059.846307520199,0.2,150,5,0.09222222222222222,0.4654578368116673,1.6993784757267423,0.0
mtd_ai,200,0.005067392935040432,0.5,6289.105499538794,0.25,150,5,0.09222222222222222,0.4654578368116673,1.6993784757267423,0.0
mtd_ai,200,0.005038731287188556,0.234375,2633.382536547583,0.05,150,5,0.11,0.44662236199865646,1.4009209431204128,0.0
mtd_ai,200,0.005038731287188556,0.3333333333333333,3514.9646796424768,0.1,150,5,0.11,0.44662236199865646,1.4009209431204128,0.0
mtd_ai,200,0.005038731287188556,0.3879310344827586,4417.1313752685255,0.15,150,5,0.11,0.44662236199865646,1.4009209431204128,0.0
mtd_ai,200,0.005038731287188556,0.410958904109589,5226.810991993465,0.2,150,5,0.11,0.44662236199865646,1.4009209431204128,0.0
mtd_ai,200,0.005038731287188556,0.4166666666666667,6544.22454117452,0.25,150,5,0.11,0.44662236199865646,1.4009209431204128,0.0
mtd_ai,200,0.005092100309496005,0.3409090909090909,2242.9776690673625,0.05,150,5,0.25,1.5328575142831633,5.176855625927926,0.0
mtd_ai,200,0.005092100309496005,0.4411764705882353,3357.980491866924,0.1,150,5,0.25,1.5328575142831633,5.176855625927926,0.0
mtd_ai,200,0.005092100309496005,0.5487804878048781,3861.0219350020006,0.15,150,5,0.25,1.5328575142831633,5.176855625927926,0.0
mtd_ai,200,0.005092100309496005,0.5454545454545454,4527.206977278229,0.2,150,5,0.25,1.5328575142831633,5.176855625927926,0.0
mtd_ai,200,0.005092100309496005,0.5952380952380952,4810.015682887592,0.25,150,5,0.25,1.5328575142831633,5.176855625927926,0.0
mtd_ai,200,0.00506393796701306,0.2777777777777778,2150.365869040945,0.05,150,5,0.15066666666666667,2.513802013542872,6.142351509675394,0.0
mtd_ai,200,0.00506393796701306,0.3488372093023256,3309.707639704936,0.1,150,5,0.15066666666666667,2.513802013542872,6.142351509675394,0.0
mtd_ai,200,0.00506393796701306,0.3813559322033898,4100.340404717741,0.15,150,5,0.15066666666666667,2.513802013542872,6.142351509675394,0.0
mtd_ai,200,0.00506393796701306,0.38461538461538464,5456.694966663053,0.2,150,5,0.15066666666666667,2.513802013542872,6.142351509675394,0.0
mtd_ai,200,0.00506393796701306,0.4166666666666667,5805.928500414962,0.25,150,5,0.15066666666666667,2.513802013542872,6.142351509675394,0.0
mtd_ai,200,0.005071382686604665,0.25862068965517243,3588.01147931426,0.05,150,5,0.16444444444444442,0.1401672236287209,0.4979595519819373,0.0
mtd_ai,200,0.005071382686604665,0.3409090909090909,4757.17098525419,0.1,150,5,0.16444444444444442,0.1401672236287209,0.4979595519819373,0.0
mtd_ai,200,0.005071382686604665,0.39473684210526316,5393.033424124202,0.15,150,5,0.16444444444444442,0.1401672236287209,0.4979595519819373,0.0
mtd_ai,200,0.005071382686604665,0.44776119402985076,5989.071080753534,0.2,150,5,0.16444444444444442,0.1401672236287209,0.4979595519819373,0.0
mtd_ai,200,0.005071382686604665,0.5,6341.211302027386,0.25,150,5,0.16444444444444442,0.1401672236287209,0.4979595519819373,0.0
mtd_ai,200,0.005055739206005055,0.3,1646.1913182189671,0.05,150,5,0.1488888888888889,0.8774271268496969,3.1732846662459546,0.0
mtd_ai,200,0.005055739206005055,0.35714285714285715,2584.0204796868065,0.1,150,5,0.1488888888888889,0.8774271268496969,3.1732846662459546,0.0
mtd_ai,200,0.005055739206005055,0.3879310344827586,3613.436337221436,0.15,150,5,0.1488888888888889,0.8774271268496969,3.1732846662459546,0.0
mtd_ai,200,0.005055739206005055,0.4166666666666667,4452.853931875251,0.2,150,5,0.1488888888888889,0.8774271268496969,3.1732846662459546,0.0
mtd_ai,200,0.005055739206005055,0.47468354430379744,4911.1787193761775,0.25,150,5,0.1488888888888889,0.8774271268496969,3.1732846662459546,0.0
mtd_ai,200,0.005034160621459061,0.5,1371.9787229535605,0.05,150,5,0.13433333333333333,0.10970962596170493,0.4538343829878774,4.193548387096774
mtd_ai,200,0.005034160621459061,0.39473684210526316,4246.539964494454,0.1,150,5,0.13433333333333333,0.10970962596170493,0.4538343829878774,4.193548387096774
mtd_ai,200,0.005034160621459061,0.45918367346938777,4935.9999045937275,0.15,150,5,0.13433333333333333,0.10970962596170493,0.4538343829878774,4.193548387096774
mtd_ai,200,0.005034160621459061,0.46153846153846156,5714.366283344099,0.2,150,5,0.13433333333333333,0.10970962596170493,0.4538343829878774,4.193548387096774
mtd_ai,200,0.005034160621459061,0.4411764705882353,6691.366772559159,0.25,150,5,0.13433333333333333,0.10970962596170493,0.4538343829878774,4.193548387096774
mtd_ai,200,0.005065836589590971,0.26785714285714285,3011.328303731961,0.05,150,5,0.12738095238095237,0.19411438841319933,0.5168261889468462,0.0
mtd_ai,200,0.005065836589590971,0.36585365853658536,3878.2184954843815,0.1,150,5,0.12738095238095237,0.19411438841319933,0.5168261889468462,0.0
mtd_ai,200,0.005065836589590971,0.4017857142857143,5514.943977801053,0.15,150,5,0.12738095238095237,0.19411438841319933,0.5168261889468462,0.0
mtd_ai,200,0.005065836589590971,0.4225352112676056,6256.034200898354,0.2,150,5,0.12738095238095237,0.19411438841319933,0.5168261889468462,0.0
mtd_ai,200,0.005065836589590971,0.46296296296296297,6634.361190474316,0.25,150,5,0.12738095238095237,0.19411438841319933,0.5168261889468462,0.0
mtd_ai,200,0.005038718489325438,0.26785714285714285,3625.4141421820605,0.05,150,5,0.13733333333333334,0.23975130283799015,0.9712508667628319,0.0
mtd_ai,200,0.005038718489325438,0.36585365853658536,4550.521895328282,0.1,150,5,0.13733333333333334,0.23975130283799015,0.9712508667628319,0.0
mtd_ai,200,0.005038718489325438,0.39473684210526316,5604.041602197247,0.15,150,5,0.13733333333333334,0.23975130283799015,0.9712508667628319,0.0
mtd_ai,200,0.005038718489325438,0.38961038961038963,6430.834170314998,0.2,150,5,0.13733333333333334,0.23975130283799015,0.9712508667628319,0.0
mtd_ai,200,0.005038718489325438,0.41208791208791207,7019.333297964451,0.25,150,5,0.13733333333333334,0.23975130283799015,0.9712508667628319,0.0
mtd_ai,200,0.00503669678852678,0.3125,2228.6175072668466,0.05,150,5,0.12444444444444445,0.2458338380938178,0.7977164238264238,0.0
mtd_ai,200,0.00503669678852678,0.36585365853658536,3861.661557814735,0.1,150,5,0.12444444444444445,0.2458338380938178,0.7977164238264238,0.0
mtd_ai,200,0.00503669678852678,0.4166666666666667,4857.914245065511,0.15,150,5,0.12444444444444445,0.2458338380938178,0.7977164238264238,0.0
mtd_ai,200,0.00503669678852678,0.44776119402985076,5578.926296556998,0.2,150,5,0.12444444444444445,0.2458338380938178,0.7977164238264238,0.0
mtd_ai,200,0.00503669678852678,0.4411764705882353,6489.0223060480275,0.25,150,5,0.12444444444444445,0.2458338380938178,0.7977164238264238,0.0
mtd_ai,200,0.00506084214351287,0.3,2223.9876994693595,0.05,150,5,0.11111111111111112,0.7516926593296577,3.280364948612042,0.0
mtd_ai,200,0.00506084214351287,0.3191489361702128,3796.9643865598423,0.1,150,5,0.11111111111111112,0.7516926593296577,3.280364948612042,0.0
mtd_ai,200,0.00506084214351287,0.36885245901639346,4481.858173872577,0.15,150,5,0.11111111111111112,0.7516926593296577,3.280364948612042,0.0
mtd_ai,200,0.00506084214351287,0.379746835443038,5752.150234582885,0.2,150,5,0.11111111111111112,0.7516926593296577,3.280364948612042,0.0
mtd_ai,200,0.00506084214351287,0.39473684210526316,6854.716547209486,0.25,150,5,0.11111111111111112,0.7516926593296577,3.280364948612042,0.0
mtd_ai,200,0.00504918094121124,0.375,2214.7331947263556,0.05,150,5,0.11666666666666667,0.012455187210522115,0.04673485287258485,0.0
mtd_ai,200,0.00504918094121124,0.40540540540540543,3541.838013495676,0.1,150,5,0.11666666666666667,0.012455187210522115,0.04673485287258485,0.0
mtd_ai,200,0.00504918094121124,0.45918367346938777,4332.798871633335,0.15,150,5,0.11666666666666667,0.012455187210522115,0.04673485287258485,0.0
mtd_ai,200,0.00504918094121124,0.4838709677419355,5013.190573417366,0.2,150,5,0.11666666666666667,0.012455187210522115,0.04673485287258485,0.0
mtd_ai,200,0.00504918094121124,0.5208333333333334,5436.389853848781,0.25,150,5,0.11666666666666667,0.012455187210522115,0.04673485287258485,0.0
mtd_ai,200,0.005062939524941434,0.35714285714285715,1838.8633881986766,0.05,150,5,0.13,1.8387031707808879,5.666129187170984,0.0
mtd_ai,200,0.005062939524941434,0.375,3499.30039498184,0.1,150,5,0.13,1.8387031707808879,5.666129187170984,0.0
mtd_ai,200,0.005062939524941434,0.39473684210526316,4892.099453411887,0.15,150,5,0.13,1.8387031707808879,5.666129187170984,0.0
mtd_ai,200,0.005062939524941434,0.42857142857142855,5672.622669169848,0.2,150,5,0.13,1.8387031707808879,5.666129187170984,0.0
mtd_ai,200,0.005062939524941434,0.45180722891566266,6687.290701935319,0.25,150,5,0.13,1.8387031707808879,5.666129187170984,0.0
mtd_ai,200,0.005037198913730317,0.3125,1969.5549489159825,0.05,150,5,0.0,0.2667838785536185,1.128780724355269,0.0
mtd_ai,200,0.005037198913730317,0.32608695652173914,3277.6267675107283,0.1,150,5,0.0,0.2667838785536185,1.128780724355269,0.0
mtd_ai,200,0.005037198913730317,0.3358208955223881,5166.4891345908745,0.15,150,5,0.0,0.2667838785536185,1.128780724355269,0.0
mtd_ai,200,0.005037198913730317,0.3448275862068966,6180.18894981343,0.2,150,5,0.0,0.2667838785536185,1.128780724355269,0.0
mtd_ai,200,0.005037198913730317,0.3640776699029126,7512.505539831479,0.25,150,5,0.0,0.2667838785536185,1.128780724355269,0.0
mtd_ai,200,0.00508023295152145,0.4411764705882353,1411.5648012901795,0.05,150,5,0.1508994708994709,0.2685080001740556,1.2028358239420258,0.0
mtd_ai,200,0.00508023295152145,0.4838709677419355,2171.7929658531357,0.1,150,5,0.1508994708994709,0.2685080001740556,1.2028358239420258,0.0
mtd_ai,200,0.00508023295152145,0.4166666666666667,3696.282356596439,0.15,150,5,0.1508994708994709,0.2685080001740556,1.2028358239420258,0.0
mtd_ai,200,0.00508023295152145,0.4411764705882353,4429.787859282558,0.2,150,5,0.1508994708994709,0.2685080001740556,1.2028358239420258,0.0
mtd_ai,200,0.00508023295152145,0.47468354430379744,4953.564250951507,0.25,150,5,0.1508994708994709,0.2685080001740556,1.2028358239420258,0.0
mtd_ai,200,0.005038386071717937,0.3,2953.6829572742263,0.05,150,5,0.12166666666666667,1.07169383508944,1.5500480003050456,0.0
mtd_ai,200,0.005038386071717937,0.40540540540540543,3786.676855438277,0.1,150,5,0.12166666666666667,1.07169383508944,1.5500480003050456,0.0
mtd_ai,200,0.005038386071717937,0.4090909090909091,5183.703927871556,0.15,150,5,0.12166666666666667,1.07169383508944,1.5500480003050456,0.0
mtd_ai,200,0.005038386071717937,0.36585365853658536,6207.4919576196935,0.2,150,5,0.12166666666666667,1.07169383508944,1.5500480003050456,0.0
mtd_ai,200,0.005038386071717937,0.3826530612244898,6695.221433497447,0.25,150,5,0.12166666666666667,1.07169383508944,1.5500480003050456,0.0
mtd_ai,200,0.005085922829405661,0.35714285714285715,1879.8618113494836,0.05,150,5,0.1292222222222222,0.14472527421599776,0.5440523469242605,0.0
mtd_ai,200,0.005085922829405661,0.40540540540540543,3093.356230710871,0.1,150,5,0.1292222222222222,0.14472527421599776,0.5440523469242605,0.0
mtd_ai,200,0.005085922829405661,0.46875,3661.299645989847,0.15,150,5,0.1292222222222222,0.14472527421599776,0.5440523469242605,0.0
mtd_ai,200,0.005085922829405661,0.5084745762711864,4461.143021672285,0.2,150,5,0.1292222222222222,0.14472527421599776,0.5440523469242605,0.0
mtd_ai,200,0.005085922829405661,0.5434782608695652,4898.970337667381,0.25,150,5,0.1292222222222222,0.14472527421599776,0.5440523469242605,0.0
mtd_ai,200,0.005034478740454859,0.25862068965517243,3300.7297131438613,0.05,150,5,0.12,1.9222308811068882,5.332429803990933,0.0
mtd_ai,200,0.005034478740454859,0.3488372093023256,4107.281311562281,0.1,150,5,0.12,1.9222308811068882,5.332429803990933,0.0
mtd_ai,200,0.005034478740454859,0.39473684210526316,5006.794844794875,0.15,150,5,0.12,1.9222308811068882,5.332429803990933,0.0
mtd_ai,200,0.005034478740454859,0.4411764705882353,5431.5741801602,0.2,150,5,0.12,1.9222308811068882,5.332429803990933,0.0
mtd_ai,200,0.005034478740454859,0.46875,6166.580329231618,0.25,150,5,0.12,1.9222308811068882,5.332429803990933,0.0
mtd_ai,200,0.005059259208170584,0.46875,1575.3054054316622,0.05,150,5,0.14944444444444444,1.2661465685357767,4.403267402318567,0.0
mtd_ai,200,0.005059259208170584,0.4838709677419355,2756.139462467124,0.1,150,5,0.14944444444444444,1.2661465685357767,4.403267402318567,0.0
mtd_ai,200,0.005059259208170584,0.5232558139534884,3924.908211865298,0.15,150,5,0.14944444444444444,1.2661465685357767,4.403267402318567,0.0
mtd_ai,200,0.005059259208170584,0.5357142857142857,4772.965312376943,0.2,150,5,0.14944444444444444,1.2661465685357767,4.403267402318567,0.0
mtd_ai,200,0.005059259208170584,0.5769230769230769,5249.825095210323,0.25,150,5,0.14944444444444444,1.2661465685357767,4.403267402318567,0.0
mtd_ai,200,0.0050548032562519754,0.2777777777777778,3057.7946782917734,0.05,150,5,0.13333333333333333,0.7151642957368547,2.4736993451387534,0.0
mtd_ai,200,0.0050548032562519754,0.36585365853658536,4147.027011675686,0.1,150,5,0.13333333333333333,0.7151642957368547,2.4736993451387534,0.0
mtd_ai,200,0.0050548032562519754,0.39473684210526316,5306.970787055517,0.15,150,5,0.13333333333333333,0.7151642957368547,2.4736993451387534,0.0
mtd_ai,200,0.0050548032562519754,0.3409090909090909,6543.699360504936,0.2,150,5,0.13333333333333333,0.7151642957368547,2.4736993451387534,0.0
mtd_ai,200,0.0050548032562519754,0.3826530612244898,7105.826964690959,0.25,150,5,0.13333333333333333,0.7151642957368547,2.4736993451387534,0.0
mtd_ai,200,0.005077618253763597,0.3409090909090909,2247.5614503314264,0.05,150,5,0.08666666666666667,2.761389834463342,6.1661912746368985,0.0
mtd_ai,200,0.005077618253763597,0.38461538461538464,3916.4985475218787,0.1,150,5,0.08666666666666667,2.761389834463342,6.1661912746368985,0.0
mtd_ai,200,0.005077618253763597,0.46875,4528.502412821208,0.15,150,5,0.08666666666666667,2.761389834463342,6.1661912746368985,0.0
mtd_ai,200,0.005077618253763597,0.5084745762711864,4831.993007419399,0.2,150,5,0.08666666666666667,2.761389834463342,6.1661912746368985,0.0
mtd_ai,200,0.005077618253763597,0.5,5829.651551035917,0.25,150,5,0.08666666666666667,2.761389834463342,6.1661912746368985,0.0
mtd_ai,200,0.005066520071715987,0.5357142857142857,1154.7148529685826,0.05,150,5,0.11142857142857143,0.4227326459148115,1.879652961839653,0.0
mtd_ai,200,0.005066520071715987,0.5357142857142857,2076.0090400528484,0.1,150,5,0.11142857142857143,0.4227326459148115,1.879652961839653,0.0
mtd_ai,200,0.005066520071715987,0.5625,2973.354472018202,0.15,150,5,0.11142857142857143,0.4227326459148115,1.879652961839653,0.0
mtd_ai,200,0.005066520071715987,0.5660377358490566,3589.599044414321,0.2,150,5,0.11142857142857143,0.4227326459148115,1.879652961839653,0.0
mtd_ai,200,0.005066520071715987,0.5859375,4604.099290967473,0.25,150,5,0.11142857142857143,0.4227326459148115,1.879652961839653,0.0
mtd_ai,200,0.005039589352720177,0.3125,2939.225980138737,0.05,150,5,0.14,10.919785706814329,6.362732053870848,0.0
mtd_ai,200,0.005039589352720177,0.38461538461538464,4028.1591559055673,0.1,150,5,0.14,10.919785706814329,6.362732053870848,0.0
mtd_ai,200,0.005039589352720177,0.45,4640.903601493357,0.15,150,5,0.14,10.919785706814329,6.362732053870848,0.0
mtd_ai,200,0.005039589352720177,0.46875,5585.881043929914,0.2,150,5,0.14,10.919785706814329,6.362732053870848,0.0
mtd_ai,200,0.005039589352720177,0.5136986301369864,5981.75028742969,0.25,150,5,0.14,10.919785706814329,6.362732053870848,0.0
mtd_ai,200,0.005085703267527099,0.4411764705882353,1802.9351667295773,0.05,150,5,0.14955555555555555,0.6660193488526381,2.5567836635757066,0.0
mtd_ai,200,0.005085703267527099,0.4411764705882353,3265.1585093043623,0.1,150,5,0.14955555555555555,0.6660193488526381,2.5567836635757066,0.0
mtd_ai,200,0.005085703267527099,0.4787234042553192,4214.683776301599,0.15,150,5,0.14955555555555555,0.6660193488526381,2.5567836635757066,0.0
mtd_ai,200,0.005085703267527099,0.5172413793103449,4763.829128138166,0.2,150,5,0.14955555555555555,0.6660193488526381,2.5567836635757066,0.0
mtd_ai,200,0.005085703267527099,0.5514705882352942,5254.369071954983,0.25,150,5,0.14955555555555555,0.6660193488526381,2.5567836635757066,0.0
mtd_ai,200,0.00507206349080673,0.32608695652173914,3002.3732455099926,0.05,150,5,0.11777777777777779,0.9219195389931734,2.4502653375336334,0.0
mtd_ai,200,0.00507206349080673,0.39473684210526316,3939.928018249211,0.1,150,5,0.11777777777777779,0.9219195389931734,2.4502653375336334,0.0
mtd_ai,200,0.00507206349080673,0.45918367346938777,4382.0449403029115,0.15,150,5,0.11777777777777779,0.9219195389931734,2.4502653375336334,0.0
mtd_ai,200,0.00507206349080673,0.5,4898.38264411945,0.2,150,5,0.11777777777777779,0.9219195389931734,2.4502653375336334,0.0
mtd_ai,200,0.00507206349080673,0.5208333333333334,5623.804991145117,0.25,150,5,0.11777777777777779,0.9219195389931734,2.4502653375336334,0.0
mtd_ai,200,0.005074217507518351,0.3,2872.558219285127,0.05,150,5,0.15151515151515152,0.0725680248482121,0.20695447029283107,0.0
mtd_ai,200,0.005074217507518351,0.38461538461538464,4186.160287079321,0.1,150,5,0.15151515151515152,0.0725680248482121,0.20695447029283107,0.0
mtd_ai,200,0.005074217507518351,0.4411764705882353,4955.979868266166,0.15,150,5,0.15151515151515152,0.0725680248482121,0.20695447029283107,0.0
mtd_ai,200,0.005074217507518351,0.4838709677419355,5514.934622687912,0.2,150,5,0.15151515151515152,0.0725680248482121,0.20695447029283107,0.0
mtd_ai,200,0.005074217507518351,0.5208333333333334,6087.47919012455,0.25,150,5,0.15151515151515152,0.0725680248482121,0.20695447029283107,0.0
mtd_ai,200,0.0050783751628132685,0.3409090909090909,2173.4306764230396,0.05,150,5,0.128,1.2692397413145202,4.853355869407226,0.0
mtd_ai,200,0.0050783751628132685,0.375,3607.5621674105696,0.1,150,5,0.128,1.2692397413145202,4.853355869407226,0.0
mtd_ai,200,0.0050783751628132685,0.4166666666666667,4677.737903764737,0.15,150,5,0.128,1.2692397413145202,4.853355869407226,0.0
mtd_ai,200,0.0050783751628132685,0.46153846153846156,5260.854464889225,0.2,150,5,0.128,1.2692397413145202,4.853355869407226,0.0
mtd_ai,200,0.0050783751628132685,0.4807692307692308,5775.5641076742295,0.25,150,5,0.128,1.2692397413145202,4.853355869407226,0.0
mtd_ai,200,0.005073832346520158,0.39473684210526316,1924.1669913260414,0.05,150,5,0.08666666666666667,0.41294919257938334,1.5366814036553342,0.0
mtd_ai,200,0.005073832346520158,0.4411764705882353,3292.9171200885557,0.1,150,5,0.08666666666666667,0.41294919257938334,1.5366814036553342,0.0
mtd_ai,200,0.005073832346520158,0.46875,4270.206741597892,0.15,150,5,0.08666666666666667,0.41294919257938334,1.5366814036553342,0.0
mtd_ai,200,0.005073832346520158,0.5084745762711864,4851.083959320229,0.2,150,5,0.08666666666666667,0.41294919257938334,1.5366814036553342,0.0
mtd_ai,200,0.005073832346520158,0.487012987012987,5591.378115337715,0.25,150,5,0.08666666666666667,0.41294919257938334,1.5366814036553342,0.0
mtd_ai,200,0.00504166797984778,0.35714285714285715,2252.5715989138994,0.05,150,5,0.125,0.47681257252612763,1.2851629354150986,0.0
mtd_ai,200,0.00504166797984778,0.40540540540540543,3541.712016914008,0.1,150,5,0.125,0.47681257252612763,1.2851629354150986,0.0
mtd_ai,200,0.00504166797984778,0.45918367346938777,4192.988842883882,0.15,150,5,0.125,0.47681257252612763,1.2851629354150986,0.0
mtd_ai,200,0.00504166797984778,0.46875,5053.262029553287,0.2,150,5,0.125,0.47681257252612763,1.2851629354150986,0.0
mtd_ai,200,0.00504166797984778,0.4573170731707317,5839.5627673915005,0.25,150,5,0.125,0.47681257252612763,1.2851629354150986,0.0
mtd_ai,200,0.005035822101319705,0.2777777777777778,3116.7535660465173,0.05,150,5,0.1677777777777778,1.535192852782737,1.5611613758938954,0.0
mtd_ai,200,0.005035822101319705,0.3333333333333333,4747.971985752775,0.1,150,5,0.1677777777777778,1.535192852782737,1.5611613758938954,0.0
mtd_ai,200,0.005035822101319705,0.3879310344827586,5406.488888777209,0.15,150,5,0.1677777777777778,1.535192852782737,1.5611613758938954,0.0
mtd_ai,200,0.005035822101319705,0.4411764705882353,5902.960714696324,0.2,150,5,0.1677777777777778,1.535192852782737,1.5611613758938954,0.0
mtd_ai,200,0.005035822101319705,0.44642857142857145,6768.219066489089,0.25,150,5,0.1677777777777778,1.535192852782737,1.5611613758938954,0.0
mtd_ai,200,0.005060529150532519,0.3,2715.794047503925,0.05,150,5,0.0,0.60646535680051,1.5312337742763233,0.0
mtd_ai,200,0.005060529150532519,0.2830188679245283,4389.821490585913,0.1,150,5,0.0,0.60646535680051,1.5312337742763233,0.0
mtd_ai,200,0.005060529150532519,0.32608695652173914,5099.469295364565,0.15,150,5,0.0,0.60646535680051,1.5312337742763233,0.0
mtd_ai,200,0.005060529150532519,0.33707865168539325,6092.331222020246,0.2,150,5,0.0,0.60646535680051,1.5312337742763233,0.0
mtd_ai,200,0.005060529150532519,0.3640776699029126,6744.454153442295,0.25,150,5,0.0,0.60646535680051,1.5312337742763233,0.0
mtd_ai,200,0.005066764264894182,0.46875,1047.678517859187,0.05,150,5,0.17904761904761904,6.282481010199445,1.3425568530748149,0.0
mtd_ai,200,0.005066764264894182,0.46875,2488.6886990065545,0.1,150,5,0.17904761904761904,6.282481010199445,1.3425568530748149,0.0
mtd_ai,200,0.005066764264894182,0.5113636363636364,3170.6519999106554,0.15,150,5,0.17904761904761904,6.282481010199445,1.3425568530748149,0.0
mtd_ai,200,0.005066764264894182,0.5172413793103449,4077.6283046830936,0.2,150,5,0.17904761904761904,6.282481010199445,1.3425568530748149,0.0
mtd_ai,200,0.005066764264894182,0.487012987012987,6084.8331013114675,0.25,150,5,0.17904761904761904,6.282481010199445,1.3425568530748149,0.0
