Name,mtd_interval,MEF,ASR,time_to_compromise,host_compromise_ratio,network_size,exposed_endpoints,attack_path_exposure,ROA,risk,shortest_path_variability
mtd_ai,200,0.005065880068965004,0.24193548387096775,3246.9218165983207,0.05,150,5,0.23076923076923078,3.031601440407704,5.353438332300651,0.0
mtd_ai,200,0.005065880068965004,0.3125,4634.218185769683,0.1,150,5,0.23076923076923078,3.031601440407704,5.353438332300651,0.0
mtd_ai,200,0.005065880068965004,0.39473684210526316,5135.736729140784,0.15,150,5,0.23076923076923078,3.031601440407704,5.353438332300651,0.0
mtd_ai,200,0.005065880068965004,0.42857142857142855,5753.3383498926105,0.2,150,5,0.23076923076923078,3.031601440407704,5.353438332300651,0.0
mtd_ai,200,0.005065880068965004,0.46875,6216.375650603609,0.25,150,5,0.23076923076923078,3.031601440407704,5.353438332300651,0.0
mtd_ai,200,0.005046166940801435,0.3125,1836.362993850045,0.05,150,5,0.14444444444444446,0.22070204112516933,0.7179140795372597,0.0
mtd_ai,200,0.005046166940801435,0.3333333333333333,3512.245198210131,0.1,150,5,0.14444444444444446,0.22070204112516933,0.7179140795372597,0.0
mtd_ai,200,0.005046166940801435,0.4017857142857143,4019.250628682049,0.15,150,5,0.14444444444444446,0.22070204112516933,0.7179140795372597,0.0
mtd_ai,200,0.005046166940801435,0.46153846153846156,4461.7955799180545,0.2,150,5,0.14444444444444446,0.22070204112516933,0.7179140795372597,0.0
mtd_ai,200,0.005046166940801435,0.46296296296296297,5349.42030494181,0.25,150,5,0.14444444444444446,0.22070204112516933,0.7179140795372597,0.0
mtd_ai,200,0.005025687409313867,0.25,2778.7199738096406,0.05,150,5,0.12333333333333334,2.695019148458977,5.41154593841146,0.0
mtd_ai,200,0.005025687409313867,0.32608695652173914,3864.1511526863014,0.1,150,5,0.12333333333333334,2.695019148458977,5.41154593841146,0.0
mtd_ai,200,0.005025687409313867,0.36885245901639346,4694.629705841927,0.15,150,5,0.12333333333333334,2.695019148458977,5.41154593841146,0.0
mtd_ai,200,0.005025687409313867,0.379746835443038,5555.362156864276,0.2,150,5,0.12333333333333334,2.695019148458977,5.41154593841146,0.0
mtd_ai,200,0.005025687409313867,0.3712871287128713,7672.621362827233,0.25,150,5,0.12333333333333334,2.695019148458977,5.41154593841146,0.0
mtd_ai,200,0.005072335340762407,0.1875,2860.0169022667224,0.05,150,5,0.13476190476190478,0.576241911227016,1.2985151869625373,0.0
mtd_ai,200,0.005072335340762407,0.2777777777777778,3538.9516135175536,0.1,150,5,0.13476190476190478,0.576241911227016,1.2985151869625373,0.0
mtd_ai,200,0.005072335340762407,0.3515625,4004.676881876223,0.15,150,5,0.13476190476190478,0.576241911227016,1.2985151869625373,0.0
mtd_ai,200,0.005072335340762407,0.3614457831325301,5233.399777035389,0.2,150,5,0.13476190476190478,0.576241911227016,1.2985151869625373,0.0
mtd_ai,200,0.005072335340762407,0.39893617021276595,5737.105915356566,0.25,150,5,0.13476190476190478,0.576241911227016,1.2985151869625373,0.0
mtd_ai,200,0.005074904609703985,0.2777777777777778,2173.834130706167,0.05,150,5,0.14200000000000002,8.053925087707592,2.639330737216479,0.0
mtd_ai,200,0.005074904609703985,0.32608695652173914,3557.846148457763,0.1,150,5,0.14200000000000002,8.053925087707592,2.639330737216479,0.0
mtd_ai,200,0.005074904609703985,0.36885245901639346,4324.471935835159,0.15,150,5,0.14200000000000002,8.053925087707592,2.639330737216479,0.0
mtd_ai,200,0.005074904609703985,0.40540540540540543,4860.16792571545,0.2,150,5,0.14200000000000002,8.053925087707592,2.639330737216479,0.0
mtd_ai,200,0.005074904609703985,0.44642857142857145,5278.700799892299,0.25,150,5,0.14200000000000002,8.053925087707592,2.639330737216479,0.0
mtd_ai,200,0.0050398936775129174,0.28846153846153844,2763.8496734396913,0.05,150,5,0.13333333333333333,1.7484396709465935,5.3647237890783925,0.0
mtd_ai,200,0.0050398936775129174,0.4166666666666667,3298.4436308956306,0.1,150,5,0.13333333333333333,1.7484396709465935,5.3647237890783925,0.0
mtd_ai,200,0.0050398936775129174,0.4326923076923077,4570.485064126136,0.15,150,5,0.13333333333333333,1.7484396709465935,5.3647237890783925,0.0
mtd_ai,200,0.0050398936775129174,0.4411764705882353,5556.610255876514,0.2,150,5,0.13333333333333333,1.7484396709465935,5.3647237890783925,0.0
mtd_ai,200,0.0050398936775129174,0.47468354430379744,6200.024161039308,0.25,150,5,0.13333333333333333,1.7484396709465935,5.3647237890783925,0.0
mtd_ai,200,0.005085022325957336,0.35714285714285715,1863.5999659503232,0.05,150,5,0.11904761904761905,0.5052396874394972,2.0253047162662567,0.0
mtd_ai,200,0.005085022325957336,0.4411764705882353,2653.195300455192,0.1,150,5,0.11904761904761905,0.5052396874394972,2.0253047162662567,0.0
mtd_ai,200,0.005085022325957336,0.5113636363636364,3093.257594691322,0.15,150,5,0.11904761904761905,0.5052396874394972,2.0253047162662567,0.0
mtd_ai,200,0.005085022325957336,0.5555555555555556,3587.7256606874034,0.2,150,5,0.11904761904761905,0.5052396874394972,2.0253047162662567,0.0
mtd_ai,200,0.005085022325957336,0.5514705882352942,4827.233529103703,0.25,150,5,0.11904761904761905,0.5052396874394972,2.0253047162662567,0.0
mtd_ai,200,0.005073643211240156,0.375,2102.849707206993,0.05,150,5,0.45454545454545453,0.3374726085563019,1.3894730908359718,0.0
mtd_ai,200,0.005073643211240156,0.4411764705882353,3365.7221994414135,0.1,150,5,0.45454545454545453,0.3374726085563019,1.3894730908359718,0.0
mtd_ai,200,0.005073643211240156,0.45918367346938777,4176.98375420729,0.15,150,5,0.45454545454545453,0.3374726085563019,1.3894730908359718,0.0
mtd_ai,200,0.005073643211240156,0.46153846153846156,4934.0716524168,0.2,150,5,0.45454545454545453,0.3374726085563019,1.3894730908359718,0.0
mtd_ai,200,0.005073643211240156,0.4807692307692308,5672.996824574306,0.25,150,5,0.45454545454545453,0.3374726085563019,1.3894730908359718,0.0
mtd_ai,200,0.005068231409013003,0.3125,2366.219555960113,0.05,150,5,0.09777777777777777,0.5897664563173074,2.1495377201792234,0.0
mtd_ai,200,0.005068231409013003,0.35714285714285715,3817.953780863854,0.1,150,5,0.09777777777777777,0.5897664563173074,2.1495377201792234,0.0
mtd_ai,200,0.005068231409013003,0.39473684210526316,4679.245729994225,0.15,150,5,0.09777777777777777,0.5897664563173074,2.1495377201792234,0.0
mtd_ai,200,0.005068231409013003,0.40540540540540543,6039.959641666968,0.2,150,5,0.09777777777777777,0.5897664563173074,2.1495377201792234,0.0
mtd_ai,200,0.005068231409013003,0.42613636363636365,6584.736209893565,0.25,150,5,0.09777777777777777,0.5897664563173074,2.1495377201792234,0.0
mtd_ai,200,0.005062221698316753,0.32608695652173914,1810.8383965764485,0.05,150,5,0.11166666666666666,1.027343271202238,4.187173229147326,0.0
mtd_ai,200,0.005062221698316753,0.375,2786.4487167179204,0.1,150,5,0.11166666666666666,1.027343271202238,4.187173229147326,0.0
mtd_ai,200,0.005062221698316753,0.39473684210526316,4608.849595744916,0.15,150,5,0.11166666666666666,1.027343271202238,4.187173229147326,0.0
mtd_ai,200,0.005062221698316753,0.410958904109589,6235.215859085479,0.2,150,5,0.11166666666666666,1.027343271202238,4.187173229147326,0.0
mtd_ai,200,0.005062221698316753,0.43103448275862066,6933.610029647937,0.25,150,5,0.11166666666666666,1.027343271202238,4.187173229147326,0.0
mtd_ai,200,0.0050681706021201475,0.4411764705882353,1682.9161114713195,0.05,150,5,0.11333333333333333,2.005570651688863,5.701535137300646,0.0
mtd_ai,200,0.0050681706021201475,0.4838709677419355,2887.5463813604174,0.1,150,5,0.11333333333333333,2.005570651688863,5.701535137300646,0.0
mtd_ai,200,0.0050681706021201475,0.5487804878048781,3467.1979276535576,0.15,150,5,0.11333333333333333,2.005570651688863,5.701535137300646,0.0
mtd_ai,200,0.0050681706021201475,0.5555555555555556,4119.252392997054,0.2,150,5,0.11333333333333333,2.005570651688863,5.701535137300646,0.0
mtd_ai,200,0.0050681706021201475,0.5952380952380952,4553.548047209678,0.25,150,5,0.11333333333333333,2.005570651688863,5.701535137300646,0.0
mtd_ai,200,0.005038396066389497,0.375,2243.714453626142,0.05,150,5,0.17304761904761906,0.10052654766911111,0.20640381351049217,0.0
mtd_ai,200,0.005038396066389497,0.4166666666666667,2987.31124413634,0.1,150,5,0.17304761904761906,0.10052654766911111,0.20640381351049217,0.0
mtd_ai,200,0.005038396066389497,0.45918367346938777,4035.355238064859,0.15,150,5,0.17304761904761906,0.10052654766911111,0.20640381351049217,0.0
mtd_ai,200,0.005038396066389497,0.4,5433.8734595350015,0.2,150,5,0.17304761904761906,0.10052654766911111,0.20640381351049217,0.0
mtd_ai,200,0.005038396066389497,0.43103448275862066,5949.713422752167,0.25,150,5,0.17304761904761906,0.10052654766911111,0.20640381351049217,0.0
mtd_ai,200,0.005040320135392787,0.39473684210526316,1356.533941594822,0.05,150,5,0.08,1.2081041752154895,4.740235900365858,0.0
mtd_ai,200,0.005040320135392787,0.3125,4309.43028576629,0.1,150,5,0.08,1.2081041752154895,4.740235900365858,0.0
mtd_ai,200,0.005040320135392787,0.35714285714285715,5537.963388277391,0.15,150,5,0.08,1.2081041752154895,4.740235900365858,0.0
mtd_ai,200,0.005040320135392787,0.40540540540540543,6110.401574364725,0.2,150,5,0.08,1.2081041752154895,4.740235900365858,0.0
mtd_ai,200,0.005040320135392787,0.44642857142857145,6540.535372822097,0.25,150,5,0.08,1.2081041752154895,4.740235900365858,0.0
mtd_ai,200,0.005044116611626872,0.32608695652173914,2824.3456144853385,0.05,150,5,0.14833333333333334,2.09258597822665,4.701025650763214,0.0
mtd_ai,200,0.005044116611626872,0.40540540540540543,3828.669717721647,0.1,150,5,0.14833333333333334,2.09258597822665,4.701025650763214,0.0
mtd_ai,200,0.005044116611626872,0.45,4920.361351624606,0.15,150,5,0.14833333333333334,2.09258597822665,4.701025650763214,0.0
mtd_ai,200,0.005044116611626872,0.46875,5483.675478782838,0.2,150,5,0.14833333333333334,2.09258597822665,4.701025650763214,0.0
mtd_ai,200,0.005044116611626872,0.5136986301369864,6080.702874346156,0.25,150,5,0.14833333333333334,2.09258597822665,4.701025650763214,0.0
mtd_ai,200,0.005043197362196871,0.28846153846153844,2503.2360655586176,0.05,150,5,0.21875,29.72879130020017,1.7939892031844635,-4.37037037037037
mtd_ai,200,0.005043197362196871,0.35714285714285715,3976.6784566859687,0.1,150,5,0.21875,29.72879130020017,1.7939892031844635,-4.37037037037037
mtd_ai,200,0.005043197362196871,0.4326923076923077,4511.315623483014,0.15,150,5,0.21875,29.72879130020017,1.7939892031844635,-4.37037037037037
mtd_ai,200,0.005043197362196871,0.44776119402985076,5164.291913460737,0.2,150,5,0.21875,29.72879130020017,1.7939892031844635,-4.37037037037037
mtd_ai,200,0.005043197362196871,0.4573170731707317,5940.329036569608,0.25,150,5,0.21875,29.72879130020017,1.7939892031844635,-4.37037037037037
mtd_ai,200,0.00504331104434457,0.375,2104.7137823044122,0.05,150,5,0.1647777777777778,0.3280565878412256,0.9854503816963625,0.0
mtd_ai,200,0.00504331104434457,0.375,3853.708482145363,0.1,150,5,0.1647777777777778,0.3280565878412256,0.9854503816963625,0.0
mtd_ai,200,0.00504331104434457,0.46875,4296.631853646457,0.15,150,5,0.1647777777777778,0.3280565878412256,0.9854503816963625,0.0
mtd_ai,200,0.00504331104434457,0.5084745762711864,4768.21064928922,0.2,150,5,0.1647777777777778,0.3280565878412256,0.9854503816963625,0.0
mtd_ai,200,0.00504331104434457,0.5434782608695652,5341.689626984886,0.25,150,5,0.1647777777777778,0.3280565878412256,0.9854503816963625,0.0
mtd_ai,200,0.005034180524152256,0.3125,2454.2570783813408,0.05,150,5,0.11600000000000002,1.2009989986751461,3.7135697234700604,0.0
mtd_ai,200,0.005034180524152256,0.3191489361702128,4627.8934776585465,0.1,150,5,0.11600000000000002,1.2009989986751461,3.7135697234700604,0.0
mtd_ai,200,0.005034180524152256,0.3879310344827586,5317.264572155824,0.15,150,5,0.11600000000000002,1.2009989986751461,3.7135697234700604,0.0
mtd_ai,200,0.005034180524152256,0.4166666666666667,6146.289097233378,0.2,150,5,0.11600000000000002,1.2009989986751461,3.7135697234700604,0.0
mtd_ai,200,0.005034180524152256,0.43103448275862066,6758.374058558576,0.25,150,5,0.11600000000000002,1.2009989986751461,3.7135697234700604,0.0
mtd_ai,200,0.005089790188145433,0.39473684210526316,1671.4712044820903,0.05,150,5,0.10333333333333333,1.0917697358927883,3.172156772124387,0.0
mtd_ai,200,0.005089790188145433,0.4838709677419355,2483.7044258481,0.1,150,5,0.10333333333333333,1.0917697358927883,3.172156772124387,0.0
mtd_ai,200,0.005089790188145433,0.46875,3741.0431268380926,0.15,150,5,0.10333333333333333,1.0917697358927883,3.172156772124387,0.0
mtd_ai,200,0.005089790188145433,0.4918032786885246,4681.555522579736,0.2,150,5,0.10333333333333333,1.0917697358927883,3.172156772124387,0.0
mtd_ai,200,0.005089790188145433,0.5067567567567568,5440.591014756843,0.25,150,5,0.10333333333333333,1.0917697358927883,3.172156772124387,0.0
mtd_ai,200,0.005030997227898599,0.375,1658.556934958724,0.05,150,5,0.09,3.4046182152362032,5.691921563905526,0.0
mtd_ai,200,0.005030997227898599,0.32608695652173914,4119.040669425216,0.1,150,5,0.09,3.4046182152362032,5.691921563905526,0.0
mtd_ai,200,0.005030997227898599,0.3515625,5228.283891278565,0.15,150,5,0.09,3.4046182152362032,5.691921563905526,0.0
mtd_ai,200,0.005030997227898599,0.375,6109.022344400327,0.2,150,5,0.09,3.4046182152362032,5.691921563905526,0.0
mtd_ai,200,0.005030997227898599,0.3640776699029126,7573.344278654739,0.25,150,5,0.09,3.4046182152362032,5.691921563905526,0.0
mtd_ai,200,0.0050455679372798145,0.26785714285714285,2746.1208600497575,0.05,150,5,0.17444444444444443,0.9495813189873273,2.088275947184313,0.0
mtd_ai,200,0.0050455679372798145,0.3409090909090909,3837.450721718899,0.1,150,5,0.17444444444444443,0.9495813189873273,2.088275947184313,0.0
mtd_ai,200,0.0050455679372798145,0.3515625,4987.399445658082,0.15,150,5,0.17444444444444443,0.9495813189873273,2.088275947184313,0.0
mtd_ai,200,0.0050455679372798145,0.410958904109589,5275.152910233413,0.2,150,5,0.17444444444444443,0.9495813189873273,2.088275947184313,0.0
mtd_ai,200,0.0050455679372798145,0.45180722891566266,5743.9037197121215,0.25,150,5,0.17444444444444443,0.9495813189873273,2.088275947184313,0.0
mtd_ai,200,0.005064179136561143,0.39473684210526316,1845.714904011271,0.05,150,5,0.11666666666666667,0.06987950768741012,0.13458675673079076,0.0
mtd_ai,200,0.005064179136561143,0.45454545454545453,2781.0983702292106,0.1,150,5,0.11666666666666667,0.06987950768741012,0.13458675673079076,0.0
mtd_ai,200,0.005064179136561143,0.5113636363636364,3462.3879841167845,0.15,150,5,0.11666666666666667,0.06987950768741012,0.13458675673079076,0.0
mtd_ai,200,0.005064179136561143,0.5454545454545454,4253.881185693322,0.2,150,5,0.11666666666666667,0.06987950768741012,0.13458675673079076,0.0
mtd_ai,200,0.005064179136561143,0.5952380952380952,4631.314826696448,0.25,150,5,0.11666666666666667,0.06987950768741012,0.13458675673079076,0.0
mtd_ai,200,0.005060268210447398,0.3125,2177.986762785413,0.05,150,5,0.15311111111111111,0.6709992655625225,2.8742527327364793,0.0
mtd_ai,200,0.005060268210447398,0.3125,4286.353423547802,0.1,150,5,0.15311111111111111,0.6709992655625225,2.8742527327364793,0.0
mtd_ai,200,0.005060268210447398,0.3515625,5477.091078543748,0.15,150,5,0.15311111111111111,0.6709992655625225,2.8742527327364793,0.0
mtd_ai,200,0.005060268210447398,0.375,6569.211506270431,0.2,150,5,0.15311111111111111,0.6709992655625225,2.8742527327364793,0.0
mtd_ai,200,0.005060268210447398,0.4166666666666667,7236.832352935266,0.25,150,5,0.15311111111111111,0.6709992655625225,2.8742527327364793,0.0
mtd_ai,200,0.005045742514149726,0.28846153846153844,2529.0652256777653,0.05,150,5,0.141,0.580803857211317,2.0156268691974315,0.0
mtd_ai,200,0.005045742514149726,0.39473684210526316,3167.6342198539055,0.1,150,5,0.141,0.580803857211317,2.0156268691974315,0.0
mtd_ai,200,0.005045742514149726,0.46875,3701.095785124002,0.15,150,5,0.141,0.580803857211317,2.0156268691974315,0.0
mtd_ai,200,0.005045742514149726,0.4838709677419355,4675.704893374447,0.2,150,5,0.141,0.580803857211317,2.0156268691974315,0.0
mtd_ai,200,0.005045742514149726,0.5136986301369864,5314.661487389828,0.25,150,5,0.141,0.580803857211317,2.0156268691974315,0.0
mtd_ai,200,0.0050380714789752395,0.20270270270270271,3385.6732685606084,0.05,150,5,0.10111111111111111,0.17257409320965827,0.5960504608693232,0.0
mtd_ai,200,0.0050380714789752395,0.2777777777777778,4431.253184926583,0.1,150,5,0.10111111111111111,0.17257409320965827,0.5960504608693232,0.0
mtd_ai,200,0.0050380714789752395,0.3358208955223881,5496.098389839031,0.15,150,5,0.10111111111111111,0.17257409320965827,0.5960504608693232,0.0
mtd_ai,200,0.0050380714789752395,0.375,5935.342163735213,0.2,150,5,0.10111111111111111,0.17257409320965827,0.5960504608693232,0.0
mtd_ai,200,0.0050380714789752395,0.4166666666666667,6263.824963863235,0.25,150,5,0.10111111111111111,0.17257409320965827,0.5960504608693232,0.0
mtd_ai,200,0.005055405105523164,0.1744186046511628,4429.8338589249615,0.05,150,5,0.12555555555555556,0.4086247302760747,0.9370108001274506,0.0
mtd_ai,200,0.005055405105523164,0.2631578947368421,5618.82155603341,0.1,150,5,0.12555555555555556,0.4086247302760747,0.9370108001274506,0.0
mtd_ai,200,0.005055405105523164,0.31690140845070425,6283.904647187686,0.15,150,5,0.12555555555555556,0.4086247302760747,0.9370108001274506,0.0
mtd_ai,200,0.005055405105523164,0.35714285714285715,6930.831190990147,0.2,150,5,0.12555555555555556,0.4086247302760747,0.9370108001274506,0.0
mtd_ai,200,0.005055405105523164,0.3826530612244898,7472.062396771101,0.25,150,5,0.12555555555555556,0.4086247302760747,0.9370108001274506,0.0
mtd_ai,200,0.005045483970818529,0.5,1333.6568712331323,0.05,150,5,0.12200000000000001,0.9700432955975379,2.6342966395505636,0.0
mtd_ai,200,0.005045483970818529,0.4166666666666667,3647.749796506222,0.1,150,5,0.12200000000000001,0.9700432955975379,2.6342966395505636,0.0
mtd_ai,200,0.005045483970818529,0.5,3935.9830767492067,0.15,150,5,0.12200000000000001,0.9700432955975379,2.6342966395505636,0.0
mtd_ai,200,0.005045483970818529,0.47619047619047616,5144.398338357008,0.2,150,5,0.12200000000000001,0.9700432955975379,2.6342966395505636,0.0
mtd_ai,200,0.005045483970818529,0.5136986301369864,5589.144396748832,0.25,150,5,0.12200000000000001,0.9700432955975379,2.6342966395505636,0.0
mtd_ai,200,0.005065719700587444,0.32608695652173914,2727.7697239103936,0.05,150,5,0.12733333333333333,0.10883721872330195,0.4178385717435559,0.0
mtd_ai,200,0.005065719700587444,0.38461538461538464,3808.322582525889,0.1,150,5,0.12733333333333333,0.10883721872330195,0.4178385717435559,0.0
mtd_ai,200,0.005065719700587444,0.42452830188679247,4936.653899989518,0.15,150,5,0.12733333333333333,0.10883721872330195,0.4178385717435559,0.0
mtd_ai,200,0.005065719700587444,0.46875,5584.482568707301,0.2,150,5,0.12733333333333333,0.10883721872330195,0.4178385717435559,0.0
mtd_ai,200,0.005065719700587444,0.4934210526315789,6056.979329651744,0.25,150,5,0.12733333333333333,0.10883721872330195,0.4178385717435559,0.0
mtd_ai,200,0.005068375928603306,0.25862068965517243,2889.1145079679186,0.05,150,5,0.10666666666666667,0.9395499962438496,3.317847493177361,0.0
mtd_ai,200,0.005068375928603306,0.3333333333333333,4101.58535659711,0.1,150,5,0.10666666666666667,0.9395499962438496,3.317847493177361,0.0
mtd_ai,200,0.005068375928603306,0.3879310344827586,4925.321389592773,0.15,150,5,0.10666666666666667,0.9395499962438496,3.317847493177361,0.0
mtd_ai,200,0.005068375928603306,0.43478260869565216,5434.780102396166,0.2,150,5,0.10666666666666667,0.9395499962438496,3.317847493177361,0.0
mtd_ai,200,0.005068375928603306,0.46296296296296297,6251.888202092387,0.25,150,5,0.10666666666666667,0.9395499962438496,3.317847493177361,0.0
mtd_ai,200,0.005076540696016232,0.4166666666666667,1531.554939563251,0.05,150,5,0.13777777777777775,2.649105462360483,6.592712731403126,0.0
mtd_ai,200,0.005076540696016232,0.4838709677419355,2414.245445928765,0.1,150,5,0.13777777777777775,2.649105462360483,6.592712731403126,0.0
mtd_ai,200,0.005076540696016232,0.46875,3369.4452350710676,0.15,150,5,0.13777777777777775,2.649105462360483,6.592712731403126,0.0
mtd_ai,200,0.005076540696016232,0.375,5042.954089387171,0.2,150,5,0.13777777777777775,2.649105462360483,6.592712731403126,0.0
mtd_ai,200,0.005076540696016232,0.39893617021276595,5659.706139923628,0.25,150,5,0.13777777777777775,2.649105462360483,6.592712731403126,0.0
mtd_ai,200,0.0050458666187939375,0.3125,2103.641916395188,0.05,150,5,0.1588888888888889,0.05088454981619933,0.15911734059359015,0.0
mtd_ai,200,0.0050458666187939375,0.3488372093023256,3225.394187082552,0.1,150,5,0.1588888888888889,0.05088454981619933,0.15911734059359015,0.0
mtd_ai,200,0.0050458666187939375,0.39473684210526316,4130.005647596537,0.15,150,5,0.1588888888888889,0.05088454981619933,0.15911734059359015,0.0
mtd_ai,200,0.0050458666187939375,0.44776119402985076,4489.890418697523,0.2,150,5,0.1588888888888889,0.05088454981619933,0.15911734059359015,0.0
mtd_ai,200,0.0050458666187939375,0.4411764705882353,5664.957075647352,0.25,150,5,0.1588888888888889,0.05088454981619933,0.15911734059359015,0.0
mtd_ai,200,0.005045773812995098,0.3,2690.4991985201295,0.05,150,5,0.13533333333333333,0.007266466767356786,0.02703891608386276,0.0
mtd_ai,200,0.005045773812995098,0.375,3758.0725026786354,0.1,150,5,0.13533333333333333,0.007266466767356786,0.02703891608386276,0.0
mtd_ai,200,0.005045773812995098,0.4411764705882353,4700.787909309562,0.15,150,5,0.13533333333333333,0.007266466767356786,0.02703891608386276,0.0
mtd_ai,200,0.005045773812995098,0.46153846153846156,5580.870725299517,0.2,150,5,0.13533333333333333,0.007266466767356786,0.02703891608386276,0.0
mtd_ai,200,0.005045773812995098,0.5,6078.163456950223,0.25,150,5,0.13533333333333333,0.007266466767356786,0.02703891608386276,0.0
mtd_ai,200,0.005082642351931932,0.3409090909090909,2295.596573851741,0.05,150,5,0.12366666666666667,0.29726760047118317,0.5589835818568442,0.0
mtd_ai,200,0.005082642351931932,0.38461538461538464,3179.9025166387655,0.1,150,5,0.12366666666666667,0.29726760047118317,0.5589835818568442,0.0
mtd_ai,200,0.005082642351931932,0.4411764705882353,3848.3056483091605,0.15,150,5,0.12366666666666667,0.29726760047118317,0.5589835818568442,0.0
mtd_ai,200,0.005082642351931932,0.4838709677419355,4763.814231162256,0.2,150,5,0.12366666666666667,0.29726760047118317,0.5589835818568442,0.0
mtd_ai,200,0.005082642351931932,0.528169014084507,5431.759095170719,0.25,150,5,0.12366666666666667,0.29726760047118317,0.5589835818568442,0.0
mtd_ai,200,0.005053144513560462,0.234375,2889.2773104963135,0.05,150,5,0.15682539682539684,0.008256708732107883,0.03714046892636976,0.0
mtd_ai,200,0.005053144513560462,0.3125,3997.8153882386177,0.1,150,5,0.15682539682539684,0.008256708732107883,0.03714046892636976,0.0
mtd_ai,200,0.005053144513560462,0.3629032258064516,4739.4314917132,0.15,150,5,0.15682539682539684,0.008256708732107883,0.03714046892636976,0.0
mtd_ai,200,0.005053144513560462,0.379746835443038,5877.57936540895,0.2,150,5,0.15682539682539684,0.008256708732107883,0.03714046892636976,0.0
mtd_ai,200,0.005053144513560462,0.35714285714285715,7033.462400900192,0.25,150,5,0.15682539682539684,0.008256708732107883,0.03714046892636976,0.0
mtd_ai,200,0.005032506866114156,0.3409090909090909,2083.154341987033,0.05,150,5,0.15166666666666667,0.5724184896534902,1.1805027425924461,0.0
mtd_ai,200,0.005032506866114156,0.32608695652173914,4863.189322300044,0.1,150,5,0.15166666666666667,0.5724184896534902,1.1805027425924461,0.0
mtd_ai,200,0.005032506866114156,0.4090909090909091,5383.795234153908,0.15,150,5,0.15166666666666667,0.5724184896534902,1.1805027425924461,0.0
mtd_ai,200,0.005032506866114156,0.4166666666666667,6331.272260336497,0.2,150,5,0.15166666666666667,0.5724184896534902,1.1805027425924461,0.0
mtd_ai,200,0.005032506866114156,0.41208791208791207,7259.448476470047,0.25,150,5,0.15166666666666667,0.5724184896534902,1.1805027425924461,0.0
mtd_ai,200,0.005042850807868052,0.3409090909090909,1528.8092057694469,0.05,150,5,0.11,0.2378266039245709,1.0182804034669413,0.0
mtd_ai,200,0.005042850807868052,0.39473684210526316,2773.0574853181834,0.1,150,5,0.11,0.2378266039245709,1.0182804034669413,0.0
mtd_ai,200,0.005042850807868052,0.45,3295.8889783460436,0.15,150,5,0.11,0.2378266039245709,1.0182804034669413,0.0
mtd_ai,200,0.005042850807868052,0.44776119402985076,4922.648860726511,0.2,150,5,0.11,0.2378266039245709,1.0182804034669413,0.0
mtd_ai,200,0.005042850807868052,0.4573170731707317,5942.239086968642,0.25,150,5,0.11,0.2378266039245709,1.0182804034669413,0.0
mtd_ai,200,0.005081677680470671,0.3125,2186.399630265382,0.05,150,5,0.13666666666666666,3.8912267631963857,7.422097593328678,0.0
mtd_ai,200,0.005081677680470671,0.35714285714285715,3308.4351198548648,0.1,150,5,0.13666666666666666,3.8912267631963857,7.422097593328678,0.0
mtd_ai,200,0.005081677680470671,0.4017857142857143,4179.672884431537,0.15,150,5,0.13666666666666666,3.8912267631963857,7.422097593328678,0.0
mtd_ai,200,0.005081677680470671,0.45454545454545453,4675.2024734207,0.2,150,5,0.13666666666666666,3.8912267631963857,7.422097593328678,0.0
mtd_ai,200,0.005081677680470671,0.487012987012987,5200.948842534154,0.25,150,5,0.13666666666666666,3.8912267631963857,7.422097593328678,0.0
mtd_ai,200,0.005069000169111083,0.4166666666666667,1513.776789883469,0.05,150,5,0.13044444444444445,0.1835472397713031,0.7723035727587474,0.0
mtd_ai,200,0.005069000169111083,0.40540540540540543,3106.551420843428,0.1,150,5,0.13044444444444445,0.1835472397713031,0.7723035727587474,0.0
mtd_ai,200,0.005069000169111083,0.4017857142857143,4866.68923211874,0.15,150,5,0.13044444444444445,0.1835472397713031,0.7723035727587474,0.0
mtd_ai,200,0.005069000169111083,0.42857142857142855,6169.317066368712,0.2,150,5,0.13044444444444445,0.1835472397713031,0.7723035727587474,0.0
mtd_ai,200,0.005069000169111083,0.46875,6693.11551085711,0.25,150,5,0.13044444444444445,0.1835472397713031,0.7723035727587474,0.0
mtd_ai,200,0.005065293796177395,0.4166666666666667,1415.677145694402,0.05,150,5,0.11666666666666667,0.1683126928993595,0.6828238483826772,0.0
mtd_ai,200,0.005065293796177395,0.38461538461538464,3331.015711606472,0.1,150,5,0.11666666666666667,0.1683126928993595,0.6828238483826772,0.0
mtd_ai,200,0.005065293796177395,0.42452830188679247,4657.396701393698,0.15,150,5,0.11666666666666667,0.1683126928993595,0.6828238483826772,0.0
mtd_ai,200,0.005065293796177395,0.42857142857142855,6346.4797656586325,0.2,150,5,0.11666666666666667,0.1683126928993595,0.6828238483826772,0.0
mtd_ai,200,0.005065293796177395,0.47468354430379744,6670.1152373602,0.25,150,5,0.11666666666666667,0.1683126928993595,0.6828238483826772,0.0
mtd_ai,200,0.005033800636738348,0.3,2400.083037620093,0.05,150,5,0.1443809523809524,0.17649561806554775,0.7598795127234618,0.0
mtd_ai,200,0.005033800636738348,0.3125,3990.6546241903548,0.1,150,5,0.1443809523809524,0.17649561806554775,0.7598795127234618,0.0
mtd_ai,200,0.005033800636738348,0.2922077922077922,5833.869830442282,0.15,150,5,0.1443809523809524,0.17649561806554775,0.7598795127234618,0.0
mtd_ai,200,0.005033800636738348,0.3409090909090909,6374.293280114067,0.2,150,5,0.1443809523809524,0.17649561806554775,0.7598795127234618,0.0
mtd_ai,200,0.005033800636738348,0.3865979381443299,6854.034469014387,0.25,150,5,0.1443809523809524,0.17649561806554775,0.7598795127234618,0.0
mtd_ai,200,0.005081257390552142,0.375,1915.3868010914068,0.05,150,5,0.12571428571428572,0.3845765822627408,1.4443143967676273,0.0
mtd_ai,200,0.005081257390552142,0.45454545454545453,2772.8490443015407,0.1,150,5,0.12571428571428572,0.3845765822627408,1.4443143967676273,0.0
mtd_ai,200,0.005081257390552142,0.4891304347826087,3483.3188058757596,0.15,150,5,0.12571428571428572,0.3845765822627408,1.4443143967676273,0.0
mtd_ai,200,0.005081257390552142,0.410958904109589,4668.423850635574,0.2,150,5,0.12571428571428572,0.3845765822627408,1.4443143967676273,0.0
mtd_ai,200,0.005081257390552142,0.4411764705882353,5180.551467660476,0.25,150,5,0.12571428571428572,0.3845765822627408,1.4443143967676273,0.0
mtd_ai,200,0.005043347863932069,0.4411764705882353,1295.7174667034428,0.05,150,5,0.13666666666666666,0.7421923057723027,3.023045922923825,0.0
mtd_ai,200,0.005043347863932069,0.4166666666666667,2481.3894290958333,0.1,150,5,0.13666666666666666,0.7421923057723027,3.023045922923825,0.0
mtd_ai,200,0.005043347863932069,0.45,3237.4658228034314,0.15,150,5,0.13666666666666666,0.7421923057723027,3.023045922923825,0.0
mtd_ai,200,0.005043347863932069,0.47619047619047616,3732.1966519867983,0.2,150,5,0.13666666666666666,0.7421923057723027,3.023045922923825,0.0
mtd_ai,200,0.005043347863932069,0.42613636363636365,5867.851606963979,0.25,150,5,0.13666666666666666,0.7421923057723027,3.023045922923825,0.0
mtd_ai,200,0.005051271453022045,0.3409090909090909,2403.7978602400954,0.05,150,5,0.11333333333333333,0.4784457801626896,1.7836899174174377,0.0
mtd_ai,200,0.005051271453022045,0.375,4120.109449451175,0.1,150,5,0.11333333333333333,0.4784457801626896,1.7836899174174377,0.0
mtd_ai,200,0.005051271453022045,0.45918367346938777,4415.17293591702,0.15,150,5,0.11333333333333333,0.4784457801626896,1.7836899174174377,0.0
mtd_ai,200,0.005051271453022045,0.4838709677419355,5167.844392397264,0.2,150,5,0.11333333333333333,0.4784457801626896,1.7836899174174377,0.0
mtd_ai,200,0.005051271453022045,0.5136986301369864,5776.952614481487,0.25,150,5,0.11333333333333333,0.4784457801626896,1.7836899174174377,0.0
mtd_ai,200,0.00503895615639278,0.3,2749.0897645739506,0.05,150,5,0.13,0.061488917145315646,0.23467182078764237,3.7586206896551726
mtd_ai,200,0.00503895615639278,0.35714285714285715,4188.728148973063,0.1,150,5,0.13,0.061488917145315646,0.23467182078764237,3.7586206896551726
mtd_ai,200,0.00503895615639278,0.4090909090909091,5144.302939988024,0.15,150,5,0.13,0.061488917145315646,0.23467182078764237,3.7586206896551726
mtd_ai,200,0.00503895615639278,0.45454545454545453,5651.206799194169,0.2,150,5,0.13,0.061488917145315646,0.23467182078764237,3.7586206896551726
mtd_ai,200,0.00503895615639278,0.487012987012987,6216.925104136495,0.25,150,5,0.13,0.061488917145315646,0.23467182078764237,3.7586206896551726
mtd_ai,200,0.005064949935904785,0.46875,1331.2469523980262,0.05,150,5,0.11266666666666665,3.342399583980456,4.56028610843183,0.0
mtd_ai,200,0.005064949935904785,0.42857142857142855,2748.2896410647654,0.1,150,5,0.11266666666666665,3.342399583980456,4.56028610843183,0.0
mtd_ai,200,0.005064949935904785,0.4411764705882353,3788.44503987909,0.15,150,5,0.11266666666666665,3.342399583980456,4.56028610843183,0.0
mtd_ai,200,0.005064949935904785,0.44776119402985076,4896.964534430896,0.2,150,5,0.11266666666666665,3.342399583980456,4.56028610843183,0.0
mtd_ai,200,0.005064949935904785,0.47468354430379744,5924.564728791211,0.25,150,5,0.11266666666666665,3.342399583980456,4.56028610843183,0.0
mtd_ai,200,0.005057406513706135,0.24193548387096775,4187.196178423175,0.05,150,5,0.09333333333333334,0.08986391359123554,0.21628034591604764,0.0
mtd_ai,200,0.005057406513706135,0.3409090909090909,4830.56039163284,0.1,150,5,0.09333333333333334,0.08986391359123554,0.21628034591604764,0.0
mtd_ai,200,0.005057406513706135,0.4090909090909091,5753.157721099065,0.15,150,5,0.09333333333333334,0.08986391359123554,0.21628034591604764,0.0
mtd_ai,200,0.005057406513706135,0.46875,6285.512296809204,0.2,150,5,0.09333333333333334,0.08986391359123554,0.21628034591604764,0.0
mtd_ai,200,0.005057406513706135,0.5208333333333334,6624.983671070162,0.25,150,5,0.09333333333333334,0.08986391359123554,0.21628034591604764,0.0
mtd_ai,200,0.005071952753813284,0.35714285714285715,2449.327255581248,0.05,150,5,0.1561111111111111,0.12390751530732744,0.4542659760499867,0.0
mtd_ai,200,0.005071952753813284,0.4411764705882353,3376.9522556283764,0.1,150,5,0.1561111111111111,0.12390751530732744,0.4542659760499867,0.0
mtd_ai,200,0.005071952753813284,0.42452830188679247,4819.531817976133,0.15,150,5,0.1561111111111111,0.12390751530732744,0.4542659760499867,0.0
mtd_ai,200,0.005071952753813284,0.47619047619047616,5320.811356566223,0.2,150,5,0.1561111111111111,0.12390751530732744,0.4542659760499867,0.0
mtd_ai,200,0.005071952753813284,0.528169014084507,5596.346130976088,0.25,150,5,0.1561111111111111,0.12390751530732744,0.4542659760499867,0.0
mtd_ai,200,0.0050365155396833935,0.32608695652173914,2335.777563020085,0.05,150,5,0.2,0.5900982676273693,1.9521387024478605,-5.185185185185185
mtd_ai,200,0.0050365155396833935,0.36585365853658536,4116.207160709049,0.1,150,5,0.2,0.5900982676273693,1.9521387024478605,-5.185185185185185
mtd_ai,200,0.0050365155396833935,0.4090909090909091,4910.593771471047,0.15,150,5,0.2,0.5900982676273693,1.9521387024478605,-5.185185185185185
mtd_ai,200,0.0050365155396833935,0.43478260869565216,5579.976213329582,0.2,150,5,0.2,0.5900982676273693,1.9521387024478605,-5.185185185185185
mtd_ai,200,0.0050365155396833935,0.4573170731707317,6122.8191559476145,0.25,150,5,0.2,0.5900982676273693,1.9521387024478605,-5.185185185185185
mtd_ai,200,0.005042740198331936,0.3,2789.499605863174,0.05,150,5,0.11333333333333336,0.6387718970661894,2.3996872364187807,0.0
mtd_ai,200,0.005042740198331936,0.4166666666666667,3652.6964676017315,0.1,150,5,0.11333333333333336,0.6387718970661894,2.3996872364187807,0.0
mtd_ai,200,0.005042740198331936,0.45,4632.339672895045,0.15,150,5,0.11333333333333336,0.6387718970661894,2.3996872364187807,0.0
mtd_ai,200,0.005042740198331936,0.46153846153846156,5786.089073273386,0.2,150,5,0.11333333333333336,0.6387718970661894,2.3996872364187807,0.0
mtd_ai,200,0.005042740198331936,0.5067567567567568,6181.151877545739,0.25,150,5,0.11333333333333336,0.6387718970661894,2.3996872364187807,0.0
mtd_ai,200,0.005073920146056363,0.2777777777777778,2605.8474592471425,0.05,150,5,0.13,1.279363264493747,4.3689809505915145,0.0
mtd_ai,200,0.005073920146056363,0.3488372093023256,4061.2934288935053,0.1,150,5,0.13,1.279363264493747,4.3689809505915145,0.0
mtd_ai,200,0.005073920146056363,0.4090909090909091,4514.914477211734,0.15,150,5,0.13,1.279363264493747,4.3689809505915145,0.0
mtd_ai,200,0.005073920146056363,0.42857142857142855,5245.485210049012,0.2,150,5,0.13,1.279363264493747,4.3689809505915145,0.0
mtd_ai,200,0.005073920146056363,0.4573170731707317,6054.0767388755285,0.25,150,5,0.13,1.279363264493747,4.3689809505915145,0.0
mtd_ai,200,0.005072855446474184,0.35714285714285715,1889.146301905665,0.05,150,5,0.13666666666666666,0.5020897689860546,2.073467979817675,0.0
mtd_ai,200,0.005072855446474184,0.40540540540540543,3184.239696709251,0.1,150,5,0.13666666666666666,0.5020897689860546,2.073467979817675,0.0
mtd_ai,200,0.005072855446474184,0.45918367346938777,3716.6429743170556,0.15,150,5,0.13666666666666666,0.5020897689860546,2.073467979817675,0.0
mtd_ai,200,0.005072855446474184,0.44776119402985076,4796.479290702757,0.2,150,5,0.13666666666666666,0.5020897689860546,2.073467979817675,0.0
mtd_ai,200,0.005072855446474184,0.45180722891566266,5693.288481619105,0.25,150,5,0.13666666666666666,0.5020897689860546,2.073467979817675,0.0
mtd_ai,200,0.005082497655481069,0.35714285714285715,1839.920231235349,0.05,150,5,0.09233333333333334,0.8082690029724617,3.248349536489584,0.0
mtd_ai,200,0.005082497655481069,0.39473684210526316,3081.71316623798,0.1,150,5,0.09233333333333334,0.8082690029724617,3.248349536489584,0.0
mtd_ai,200,0.005082497655481069,0.46875,3493.158800711814,0.15,150,5,0.09233333333333334,0.8082690029724617,3.248349536489584,0.0
mtd_ai,200,0.005082497655481069,0.5,4358.901478524611,0.2,150,5,0.09233333333333334,0.8082690029724617,3.248349536489584,0.0
mtd_ai,200,0.005082497655481069,0.5208333333333334,5196.14087738367,0.25,150,5,0.09233333333333334,0.8082690029724617,3.248349536489584,0.0
mtd_ai,200,0.005037849069902014,0.3409090909090909,2103.177410126276,0.05,150,5,0.12855555555555553,0.03363367480261176,0.1346238344079329,0.0
mtd_ai,200,0.005037849069902014,0.40540540540540543,3453.381689845287,0.1,150,5,0.12855555555555553,0.03363367480261176,0.1346238344079329,0.0
mtd_ai,200,0.005037849069902014,0.4326923076923077,4314.890636263007,0.15,150,5,0.12855555555555553,0.03363367480261176,0.1346238344079329,0.0
mtd_ai,200,0.005037849069902014,0.46875,4838.916751840231,0.2,150,5,0.12855555555555553,0.03363367480261176,0.1346238344079329,0.0
mtd_ai,200,0.005037849069902014,0.4807692307692308,6411.31432660733,0.25,150,5,0.12855555555555553,0.03363367480261176,0.1346238344079329,0.0
mtd_ai,200,0.005057355689108443,0.3,2244.8285186365238,0.05,150,5,0.1522222222222222,0.01951505678732293,0.06920972445915774,0.0
mtd_ai,200,0.005057355689108443,0.4166666666666667,2774.2101671874784,0.1,150,5,0.1522222222222222,0.01951505678732293,0.06920972445915774,0.0
mtd_ai,200,0.005057355689108443,0.4787234042553192,3252.302637685345,0.15,150,5,0.1522222222222222,0.01951505678732293,0.06920972445915774,0.0
mtd_ai,200,0.005057355689108443,0.4838709677419355,4020.1116303009444,0.2,150,5,0.1522222222222222,0.01951505678732293,0.06920972445915774,0.0
mtd_ai,200,0.005057355689108443,0.5067567567567568,4972.586087185675,0.25,150,5,0.1522222222222222,0.01951505678732293,0.06920972445915774,0.0
mtd_ai,200,0.005082434491395142,0.28846153846153844,2328.1487296462346,0.05,150,5,0.25,0.6219900946520844,2.1487446654856166,0.0
mtd_ai,200,0.005082434491395142,0.3125,4101.475451593338,0.1,150,5,0.25,0.6219900946520844,2.1487446654856166,0.0
mtd_ai,200,0.005082434491395142,0.3879310344827586,4443.274283051598,0.15,150,5,0.25,0.6219900946520844,2.1487446654856166,0.0
mtd_ai,200,0.005082434491395142,0.4411764705882353,4900.795104660115,0.2,150,5,0.25,0.6219900946520844,2.1487446654856166,0.0
mtd_ai,200,0.005082434491395142,0.4807692307692308,5548.306412671941,0.25,150,5,0.25,0.6219900946520844,2.1487446654856166,0.0
mtd_ai,200,0.0050445195389931695,0.375,1837.3568330729324,0.05,150,5,0.21466666666666667,0.005600655577344772,0.021583143039880074,0.0
mtd_ai,200,0.0050445195389931695,0.32608695652173914,3940.137011591789,0.1,150,5,0.21466666666666667,0.005600655577344772,0.021583143039880074,0.0
mtd_ai,200,0.0050445195389931695,0.39473684210526316,4509.802630448909,0.15,150,5,0.21466666666666667,0.005600655577344772,0.021583143039880074,0.0
mtd_ai,200,0.0050445195389931695,0.42857142857142855,5425.385588349489,0.2,150,5,0.21466666666666667,0.005600655577344772,0.021583143039880074,0.0
mtd_ai,200,0.0050445195389931695,0.45180722891566266,5922.148527524863,0.25,150,5,0.21466666666666667,0.005600655577344772,0.021583143039880074,0.0
mtd_ai,200,0.005066363544047136,0.24193548387096775,3885.743728726405,0.05,150,5,0.15333333333333332,0.6873774303591668,1.4308668719709206,0.0
mtd_ai,200,0.005066363544047136,0.3488372093023256,4536.178800073289,0.1,150,5,0.15333333333333332,0.6873774303591668,1.4308668719709206,0.0
mtd_ai,200,0.005066363544047136,0.42452830188679247,5250.716254555364,0.15,150,5,0.15333333333333332,0.6873774303591668,1.4308668719709206,0.0
mtd_ai,200,0.005066363544047136,0.4225352112676056,6197.54725109583,0.2,150,5,0.15333333333333332,0.6873774303591668,1.4308668719709206,0.0
mtd_ai,200,0.005066363544047136,0.46875,6594.1057726522395,0.25,150,5,0.15333333333333332,0.6873774303591668,1.4308668719709206,0.0
mtd_ai,200,0.005057325421626925,0.3,2912.6508154353187,0.05,150,5,0.11733333333333335,0.4718355930085879,0.9174314732467683,0.0
mtd_ai,200,0.005057325421626925,0.375,4017.8482641408505,0.1,150,5,0.11733333333333335,0.4718355930085879,0.9174314732467683,0.0
mtd_ai,200,0.005057325421626925,0.36885245901639346,6206.105124464657,0.15,150,5,0.11733333333333335,0.4718355930085879,0.9174314732467683,0.0
mtd_ai,200,0.005057325421626925,0.40540540540540543,6732.089340879014,0.2,150,5,0.11733333333333335,0.4718355930085879,0.9174314732467683,0.0
mtd_ai,200,0.005057325421626925,0.4573170731707317,7158.705155830105,0.25,150,5,0.11733333333333335,0.4718355930085879,0.9174314732467683,0.0
mtd_ai,200,0.005063603544532039,0.28846153846153844,1764.8047764168684,0.05,150,5,0.13833333333333334,3.557228941889732,5.906932746424576,0.0
mtd_ai,200,0.005063603544532039,0.36585365853658536,3010.962171441527,0.1,150,5,0.13833333333333334,3.557228941889732,5.906932746424576,0.0
mtd_ai,200,0.005063603544532039,0.4166666666666667,3843.439635120644,0.15,150,5,0.13833333333333334,3.557228941889732,5.906932746424576,0.0
mtd_ai,200,0.005063603544532039,0.4225352112676056,5119.021767221189,0.2,150,5,0.13833333333333334,3.557228941889732,5.906932746424576,0.0
mtd_ai,200,0.005063603544532039,0.4573170731707317,5734.416836608274,0.25,150,5,0.13833333333333334,3.557228941889732,5.906932746424576,0.0
mtd_ai,200,0.005053899641079258,0.3409090909090909,2024.3327372511487,0.05,150,5,0.10933333333333332,0.5891721360085013,1.8183325069181473,0.0
mtd_ai,200,0.005053899641079258,0.45454545454545453,2616.982215719687,0.1,150,5,0.10933333333333332,0.5891721360085013,1.8183325069181473,0.0
mtd_ai,200,0.005053899641079258,0.45918367346938777,3435.994310470227,0.15,150,5,0.10933333333333332,0.5891721360085013,1.8183325069181473,0.0
mtd_ai,200,0.005053899641079258,0.43478260869565216,4537.110537341445,0.2,150,5,0.10933333333333332,0.5891721360085013,1.8183325069181473,0.0
mtd_ai,200,0.005053899641079258,0.46875,5076.4136648490385,0.25,150,5,0.10933333333333332,0.5891721360085013,1.8183325069181473,0.0
mtd_ai,200,0.005060252579101675,0.375,1821.185751696676,0.05,150,5,0.16,0.001174342766656454,0.0020918370574874727,0.0
mtd_ai,200,0.005060252579101675,0.46875,2644.65043067186,0.1,150,5,0.16,0.001174342766656454,0.0020918370574874727,0.0
mtd_ai,200,0.005060252579101675,0.5357142857142857,3199.883121759961,0.15,150,5,0.16,0.001174342766656454,0.0020918370574874727,0.0
mtd_ai,200,0.005060252579101675,0.5555555555555556,3992.0315517078416,0.2,150,5,0.16,0.001174342766656454,0.0020918370574874727,0.0
mtd_ai,200,0.005060252579101675,0.5681818181818182,4734.566872640093,0.25,150,5,0.16,0.001174342766656454,0.0020918370574874727,0.0
mtd_ai,200,0.005033777003123343,0.4166666666666667,2301.0157729064963,0.05,150,5,0.23076923076923078,0.5784260608014138,2.5660019737512356,0.0
mtd_ai,200,0.005033777003123343,0.35714285714285715,4219.460657877383,0.1,150,5,0.23076923076923078,0.5784260608014138,2.5660019737512356,0.0
mtd_ai,200,0.005033777003123343,0.36885245901639346,5412.557271360772,0.15,150,5,0.23076923076923078,0.5784260608014138,2.5660019737512356,0.0
mtd_ai,200,0.005033777003123343,0.4,6593.328371391155,0.2,150,5,0.23076923076923078,0.5784260608014138,2.5660019737512356,0.0
mtd_ai,200,0.005033777003123343,0.43103448275862066,7343.289306355722,0.25,150,5,0.23076923076923078,0.5784260608014138,2.5660019737512356,0.0
mtd_ai,200,0.005058722859477302,0.22727272727272727,2427.5647334946316,0.05,150,5,0.13666666666666666,0.04337507441536999,0.1897151010460598,0.0
mtd_ai,200,0.005058722859477302,0.2777777777777778,3653.749630441506,0.1,150,5,0.13666666666666666,0.04337507441536999,0.1897151010460598,0.0
mtd_ai,200,0.005058722859477302,0.3358208955223881,4464.077241257486,0.15,150,5,0.13666666666666666,0.04337507441536999,0.1897151010460598,0.0
mtd_ai,200,0.005058722859477302,0.32608695652173914,6178.274435577119,0.2,150,5,0.13666666666666666,0.04337507441536999,0.1897151010460598,0.0
mtd_ai,200,0.005058722859477302,0.3605769230769231,6932.289492200693,0.25,150,5,0.13666666666666666,0.04337507441536999,0.1897151010460598,0.0
mtd_ai,200,0.005084455958142136,0.32608695652173914,2729.6362146716347,0.05,150,5,0.13,1.740106009550207,3.7277286619908785,0.0
mtd_ai,200,0.005084455958142136,0.45454545454545453,3496.1552543081843,0.1,150,5,0.13,1.740106009550207,3.7277286619908785,0.0
mtd_ai,200,0.005084455958142136,0.5232558139534884,3850.0277636163823,0.15,150,5,0.13,1.740106009550207,3.7277286619908785,0.0
mtd_ai,200,0.005084455958142136,0.5263157894736842,4409.594718563292,0.2,150,5,0.13,1.740106009550207,3.7277286619908785,0.0
mtd_ai,200,0.005084455958142136,0.5434782608695652,5044.651454616044,0.25,150,5,0.13,1.740106009550207,3.7277286619908785,0.0
mtd_ai,200,0.005071749462343312,0.35714285714285715,1426.5809204639338,0.05,150,5,0.18833333333333332,0.2738582863919279,0.7854105346773745,0.0
mtd_ai,200,0.005071749462343312,0.38461538461538464,2748.332883682031,0.1,150,5,0.18833333333333332,0.2738582863919279,0.7854105346773745,0.0
mtd_ai,200,0.005071749462343312,0.3879310344827586,4452.0322363035,0.15,150,5,0.18833333333333332,0.2738582863919279,0.7854105346773745,0.0
mtd_ai,200,0.005071749462343312,0.379746835443038,5596.86283330331,0.2,150,5,0.18833333333333332,0.2738582863919279,0.7854105346773745,0.0
mtd_ai,200,0.005071749462343312,0.4166666666666667,6178.853206096754,0.25,150,5,0.18833333333333332,0.2738582863919279,0.7854105346773745,0.0
mtd_ai,200,0.00509907268366569,0.4166666666666667,1522.2887340997374,0.05,150,5,0.22116666666666665,0.44881970419174566,1.577995037503508,0.0
mtd_ai,200,0.00509907268366569,0.4166666666666667,2931.685563356632,0.1,150,5,0.22116666666666665,0.44881970419174566,1.577995037503508,0.0
mtd_ai,200,0.00509907268366569,0.4891304347826087,3505.732585799794,0.15,150,5,0.22116666666666665,0.44881970419174566,1.577995037503508,0.0
mtd_ai,200,0.00509907268366569,0.5084745762711864,4159.286553053804,0.2,150,5,0.22116666666666665,0.44881970419174566,1.577995037503508,0.0
mtd_ai,200,0.00509907268366569,0.5597014925373134,4572.627844831764,0.25,150,5,0.22116666666666665,0.44881970419174566,1.577995037503508,0.0
mtd_ai,200,0.005072112502440458,0.25862068965517243,3546.2717291592367,0.05,150,5,0.19255555555555556,0.15587606502287846,0.7004642947453107,0.0
mtd_ai,200,0.005072112502440458,0.3191489361702128,4436.241563518617,0.1,150,5,0.19255555555555556,0.15587606502287846,0.7004642947453107,0.0
mtd_ai,200,0.005072112502440458,0.3813559322033898,5100.358476948517,0.15,150,5,0.19255555555555556,0.15587606502287846,0.7004642947453107,0.0
mtd_ai,200,0.005072112502440458,0.4166666666666667,5653.727071950741,0.2,150,5,0.19255555555555556,0.15587606502287846,0.7004642947453107,0.0
mtd_ai,200,0.005072112502440458,0.45180722891566266,6354.065664057587,0.25,150,5,0.19255555555555556,0.15587606502287846,0.7004642947453107,0.0
mtd_ai,200,0.005068567756879696,0.26785714285714285,2299.625071949563,0.05,150,5,0.11555555555555555,0.9004518890684671,3.8207194112986653,0.0
mtd_ai,200,0.005068567756879696,0.3409090909090909,3695.149661120305,0.1,150,5,0.11555555555555555,0.9004518890684671,3.8207194112986653,0.0
mtd_ai,200,0.005068567756879696,0.3813559322033898,4743.208870737737,0.15,150,5,0.11555555555555555,0.9004518890684671,3.8207194112986653,0.0
mtd_ai,200,0.005068567756879696,0.40540540540540543,5897.427146078318,0.2,150,5,0.11555555555555555,0.9004518890684671,3.8207194112986653,0.0
mtd_ai,200,0.005068567756879696,0.436046511627907,6419.360643026979,0.25,150,5,0.11555555555555555,0.9004518890684671,3.8207194112986653,0.0
mtd_ai,200,0.005063693294060835,0.32608695652173914,2568.531100817395,0.05,150,5,0.11466666666666667,0.3136794315374922,1.2038540147587795,0.0
mtd_ai,200,0.005063693294060835,0.3333333333333333,4852.30145454763,0.1,150,5,0.11466666666666667,0.3136794315374922,1.2038540147587795,0.0
mtd_ai,200,0.005063693294060835,0.39473684210526316,5833.740593589511,0.15,150,5,0.11466666666666667,0.3136794315374922,1.2038540147587795,0.0
mtd_ai,200,0.005063693294060835,0.42857142857142855,6439.894041095052,0.2,150,5,0.11466666666666667,0.3136794315374922,1.2038540147587795,0.0
mtd_ai,200,0.005063693294060835,0.46875,6891.386194044481,0.25,150,5,0.11466666666666667,0.3136794315374922,1.2038540147587795,0.0
mtd_ai,200,0.005047614777742604,0.3409090909090909,2393.632613870014,0.05,150,5,0.12333333333333334,0.8502561829077155,2.1918671715862525,0.0
mtd_ai,200,0.005047614777742604,0.42857142857142855,3376.340432343982,0.1,150,5,0.12333333333333334,0.8502561829077155,2.1918671715862525,0.0
mtd_ai,200,0.005047614777742604,0.4787234042553192,4292.070898770486,0.15,150,5,0.12333333333333334,0.8502561829077155,2.1918671715862525,0.0
mtd_ai,200,0.005047614777742604,0.5084745762711864,5113.128345224259,0.2,150,5,0.12333333333333334,0.8502561829077155,2.1918671715862525,0.0
mtd_ai,200,0.005047614777742604,0.5514705882352942,5528.818589329569,0.25,150,5,0.12333333333333334,0.8502561829077155,2.1918671715862525,0.0
mtd_ai,200,0.005063457737873287,0.4411764705882353,1603.5429090571793,0.05,150,5,0.14333333333333334,0.8991166931694614,3.377213954830497,0.0
mtd_ai,200,0.005063457737873287,0.45454545454545453,2987.6568947503265,0.1,150,5,0.14333333333333334,0.8991166931694614,3.377213954830497,0.0
mtd_ai,200,0.005063457737873287,0.46875,4483.1119802088415,0.15,150,5,0.14333333333333334,0.8991166931694614,3.377213954830497,0.0
mtd_ai,200,0.005063457737873287,0.46153846153846156,5982.992733959865,0.2,150,5,0.14333333333333334,0.8991166931694614,3.377213954830497,0.0
mtd_ai,200,0.005063457737873287,0.4934210526315789,6439.568054699417,0.25,150,5,0.14333333333333334,0.8991166931694614,3.377213954830497,0.0
mtd_ai,200,0.005057666983426245,0.2777777777777778,2417.69898463735,0.05,150,5,0.17,0.6829623048051935,1.604422689204424,0.0
mtd_ai,200,0.005057666983426245,0.3191489361702128,4097.708349882056,0.1,150,5,0.17,0.6829623048051935,1.604422689204424,0.0
mtd_ai,200,0.005057666983426245,0.3813559322033898,4775.688531762247,0.15,150,5,0.17,0.6829623048051935,1.604422689204424,0.0
mtd_ai,200,0.005057666983426245,0.4225352112676056,5393.837573771694,0.2,150,5,0.17,0.6829623048051935,1.604422689204424,0.0
mtd_ai,200,0.005057666983426245,0.436046511627907,6439.300784871022,0.25,150,5,0.17,0.6829623048051935,1.604422689204424,0.0
mtd_ai,200,0.005047172455131225,0.3409090909090909,2179.69335707395,0.05,150,5,0.10111111111111111,0.7644136510579761,3.2367999863046246,0.0
mtd_ai,200,0.005047172455131225,0.35714285714285715,4100.362186669704,0.1,150,5,0.10111111111111111,0.7644136510579761,3.2367999863046246,0.0
mtd_ai,200,0.005047172455131225,0.45,4486.21637494185,0.15,150,5,0.10111111111111111,0.7644136510579761,3.2367999863046246,0.0
mtd_ai,200,0.005047172455131225,0.5084745762711864,5078.384628379669,0.2,150,5,0.10111111111111111,0.7644136510579761,3.2367999863046246,0.0
mtd_ai,200,0.005047172455131225,0.5434782608695652,5525.192776722507,0.25,150,5,0.10111111111111111,0.7644136510579761,3.2367999863046246,0.0
mtd_ai,200,0.005080221486972396,0.3,2709.567337857323,0.05,150,5,0.12666666666666668,0.8866813097179348,2.022214619172043,0.0
mtd_ai,200,0.005080221486972396,0.39473684210526316,3470.686994797243,0.1,150,5,0.12666666666666668,0.8866813097179348,2.022214619172043,0.0
mtd_ai,200,0.005080221486972396,0.4411764705882353,4082.748286654438,0.15,150,5,0.12666666666666668,0.8866813097179348,2.022214619172043,0.0
mtd_ai,200,0.005080221486972396,0.4411764705882353,4812.415961762172,0.2,150,5,0.12666666666666668,0.8866813097179348,2.022214619172043,0.0
mtd_ai,200,0.005080221486972396,0.46875,5544.9598981173385,0.25,150,5,0.12666666666666668,0.8866813097179348,2.022214619172043,0.0
mtd_ai,200,0.005046197026753457,0.32608695652173914,2437.766440942776,0.05,150,5,0.10526315789473684,3.6032609156700914,2.5452515599348686,-4.678571428571429
mtd_ai,200,0.005046197026753457,0.36585365853658536,3406.099709968783,0.1,150,5,0.10526315789473684,3.6032609156700914,2.5452515599348686,-4.678571428571429
mtd_ai,200,0.005046197026753457,0.3879310344827586,4210.300520357158,0.15,150,5,0.10526315789473684,3.6032609156700914,2.5452515599348686,-4.678571428571429
mtd_ai,200,0.005046197026753457,0.42857142857142855,5037.624189220147,0.2,150,5,0.10526315789473684,3.6032609156700914,2.5452515599348686,-4.678571428571429
mtd_ai,200,0.005046197026753457,0.487012987012987,5363.871058456625,0.25,150,5,0.10526315789473684,3.6032609156700914,2.5452515599348686,-4.678571428571429
mtd_ai,200,0.005042067846825457,0.3,2762.2666870158137,0.05,150,5,0.12944444444444445,0.08513292008173502,0.2605515653332036,0.0
mtd_ai,200,0.005042067846825457,0.39473684210526316,3882.961482670917,0.1,150,5,0.12944444444444445,0.08513292008173502,0.2605515653332036,0.0
mtd_ai,200,0.005042067846825457,0.36885245901639346,5359.713219596426,0.15,150,5,0.12944444444444445,0.08513292008173502,0.2605515653332036,0.0
mtd_ai,200,0.005042067846825457,0.375,6161.416902641209,0.2,150,5,0.12944444444444445,0.08513292008173502,0.2605515653332036,0.0
mtd_ai,200,0.005042067846825457,0.42134831460674155,6480.77410115842,0.25,150,5,0.12944444444444445,0.08513292008173502,0.2605515653332036,0.0
mtd_ai,200,0.0050357810617885634,0.32608695652173914,1790.0050334613416,0.05,150,5,0.173,0.7256745269361243,1.6025427403469894,0.0
mtd_ai,200,0.0050357810617885634,0.25862068965517243,5455.414562872942,0.1,150,5,0.173,0.7256745269361243,1.6025427403469894,0.0
mtd_ai,200,0.0050357810617885634,0.23195876288659795,7017.563219332051,0.15,150,5,0.173,0.7256745269361243,1.6025427403469894,0.0
mtd_ai,200,0.0050357810617885634,0.2777777777777778,7498.813581124739,0.2,150,5,0.173,0.7256745269361243,1.6025427403469894,0.0
mtd_ai,200,0.0050357810617885634,0.3125,8012.504695503287,0.25,150,5,0.173,0.7256745269361243,1.6025427403469894,0.0
mtd_ai,200,0.00507631388692106,0.32608695652173914,1927.3232708359592,0.05,150,5,0.10933333333333332,0.5882720758767168,1.7436070857453565,0.0
mtd_ai,200,0.00507631388692106,0.375,3430.298312099996,0.1,150,5,0.10933333333333332,0.5882720758767168,1.7436070857453565,0.0
mtd_ai,200,0.00507631388692106,0.4326923076923077,4186.442811855272,0.15,150,5,0.10933333333333332,0.5882720758767168,1.7436070857453565,0.0
mtd_ai,200,0.00507631388692106,0.44776119402985076,5399.733006157818,0.2,150,5,0.10933333333333332,0.5882720758767168,1.7436070857453565,0.0
mtd_ai,200,0.00507631388692106,0.487012987012987,6125.788619463777,0.25,150,5,0.10933333333333332,0.5882720758767168,1.7436070857453565,0.0
mtd_ai,200,0.005058155029245832,0.3125,2337.4815255759686,0.05,150,5,0.15944444444444444,0.4228209749509288,1.856936501989804,0.0
mtd_ai,200,0.005058155029245832,0.3488372093023256,3563.835859493928,0.1,150,5,0.15944444444444444,0.4228209749509288,1.856936501989804,0.0
mtd_ai,200,0.005058155029245832,0.3879310344827586,4718.423129482386,0.15,150,5,0.15944444444444444,0.4228209749509288,1.856936501989804,0.0
mtd_ai,200,0.005058155029245832,0.39473684210526316,6179.497460990035,0.2,150,5,0.15944444444444444,0.4228209749509288,1.856936501989804,0.0
mtd_ai,200,0.005058155029245832,0.42613636363636365,6664.335907861631,0.25,150,5,0.15944444444444444,0.4228209749509288,1.856936501989804,0.0
mtd_ai,200,0.00507588765972722,0.234375,2450.1084976470147,0.05,150,5,0.23076923076923078,0.8972344403057564,3.0604503311772144,0.0
mtd_ai,200,0.00507588765972722,0.28846153846153844,3640.7060690202934,0.1,150,5,0.23076923076923078,0.8972344403057564,3.0604503311772144,0.0
mtd_ai,200,0.00507588765972722,0.3629032258064516,4050.7478923887165,0.15,150,5,0.23076923076923078,0.8972344403057564,3.0604503311772144,0.0
mtd_ai,200,0.00507588765972722,0.40540540540540543,4623.479236490558,0.2,150,5,0.23076923076923078,0.8972344403057564,3.0604503311772144,0.0
mtd_ai,200,0.00507588765972722,0.42134831460674155,5805.127091628318,0.25,150,5,0.23076923076923078,0.8972344403057564,3.0604503311772144,0.0
mtd_ai,200,0.005039317258976487,0.28846153846153844,2076.936526151224,0.05,150,5,0.11644444444444443,0.19381376583023852,0.8259158981179993,0.0
mtd_ai,200,0.005039317258976487,0.38461538461538464,3027.0792799644337,0.1,150,5,0.11644444444444443,0.19381376583023852,0.8259158981179993,0.0
mtd_ai,200,0.005039317258976487,0.4090909090909091,4601.711651108697,0.15,150,5,0.11644444444444443,0.19381376583023852,0.8259158981179993,0.0
mtd_ai,200,0.005039317258976487,0.43478260869565216,5308.743267437483,0.2,150,5,0.11644444444444443,0.19381376583023852,0.8259158981179993,0.0
mtd_ai,200,0.005039317258976487,0.47468354430379744,5782.026432461438,0.25,150,5,0.11644444444444443,0.19381376583023852,0.8259158981179993,0.0
mtd_ai,200,0.005023277891408885,0.17857142857142858,4105.827425565377,0.05,150,5,0.13666666666666666,0.11360112183995193,0.4531997387355448,0.0
mtd_ai,200,0.005023277891408885,0.234375,6271.960006367621,0.1,150,5,0.13666666666666666,0.11360112183995193,0.4531997387355448,0.0
mtd_ai,200,0.005023277891408885,0.3125,6630.167233479646,0.15,150,5,0.13666666666666666,0.11360112183995193,0.4531997387355448,0.0
mtd_ai,200,0.005023277891408885,0.3488372093023256,7920.187627647943,0.2,150,5,0.13666666666666666,0.11360112183995193,0.4531997387355448,0.0
mtd_ai,200,0.005023277891408885,0.3826530612244898,8611.041348456978,0.25,150,5,0.13666666666666666,0.11360112183995193,0.4531997387355448,0.0
mtd_ai,200,0.005058931611527406,0.5,1146.6399172263646,0.05,150,5,0.11733333333333335,0.43525602281771514,1.403444629368719,0.0
mtd_ai,200,0.005058931611527406,0.625,1755.1366327227138,0.1,150,5,0.11733333333333335,0.43525602281771514,1.403444629368719,0.0
mtd_ai,200,0.005058931611527406,0.5769230769230769,2863.707200362288,0.15,150,5,0.11733333333333335,0.43525602281771514,1.403444629368719,0.0
mtd_ai,200,0.005058931611527406,0.5555555555555556,4034.533413845491,0.2,150,5,0.11733333333333335,0.43525602281771514,1.403444629368719,0.0
mtd_ai,200,0.005058931611527406,0.5136986301369864,5039.689610974956,0.25,150,5,0.11733333333333335,0.43525602281771514,1.403444629368719,0.0
mtd_ai,200,0.005079017658437694,0.26785714285714285,2373.414041051916,0.05,150,5,0.17555555555555555,0.03129938771359169,0.10158715499097062,0.0
mtd_ai,200,0.005079017658437694,0.3333333333333333,3540.8051303559523,0.1,150,5,0.17555555555555555,0.03129938771359169,0.10158715499097062,0.0
mtd_ai,200,0.005079017658437694,0.4090909090909091,4008.3900243705393,0.15,150,5,0.17555555555555555,0.03129938771359169,0.10158715499097062,0.0
mtd_ai,200,0.005079017658437694,0.4411764705882353,4604.948325031088,0.2,150,5,0.17555555555555555,0.03129938771359169,0.10158715499097062,0.0
mtd_ai,200,0.005079017658437694,0.487012987012987,4966.249496616601,0.25,150,5,0.17555555555555555,0.03129938771359169,0.10158715499097062,0.0
mtd_ai,200,0.005052502266418885,0.21428571428571427,3998.959116442781,0.05,150,5,0.08444444444444445,0.36860303251039234,1.217526408972489,0.0
mtd_ai,200,0.005052502266418885,0.2777777777777778,5185.6395045623285,0.1,150,5,0.08444444444444445,0.36860303251039234,1.217526408972489,0.0
mtd_ai,200,0.005052502266418885,0.2710843373493976,7416.021052725081,0.15,150,5,0.08444444444444445,0.36860303251039234,1.217526408972489,0.0
mtd_ai,200,0.005052502266418885,0.32967032967032966,7666.390998559698,0.2,150,5,0.08444444444444445,0.36860303251039234,1.217526408972489,0.0
mtd_ai,200,0.005052502266418885,0.3605769230769231,8451.957336746807,0.25,150,5,0.08444444444444445,0.36860303251039234,1.217526408972489,0.0
mtd_ai,200,0.005072990861188483,0.375,1686.7424087167662,0.05,150,5,0.1549206349206349,0.1618131835164478,0.48351213807748705,0.0
mtd_ai,200,0.005072990861188483,0.3125,4139.7992582469915,0.1,150,5,0.1549206349206349,0.1618131835164478,0.48351213807748705,0.0
mtd_ai,200,0.005072990861188483,0.375,4914.608000701246,0.15,150,5,0.1549206349206349,0.1618131835164478,0.48351213807748705,0.0
mtd_ai,200,0.005072990861188483,0.4,5806.249344732934,0.2,150,5,0.1549206349206349,0.1618131835164478,0.48351213807748705,0.0
mtd_ai,200,0.005072990861188483,0.436046511627907,6322.169003744463,0.25,150,5,0.1549206349206349,0.1618131835164478,0.48351213807748705,0.0
mtd_ai,200,0.005067666046436869,0.3125,3198.30959046789,0.05,150,5,0.11222222222222224,4.922426522640836,5.796058536739381,0.0
mtd_ai,200,0.005067666046436869,0.39473684210526316,3925.085561081875,0.1,150,5,0.11222222222222224,4.922426522640836,5.796058536739381,0.0
mtd_ai,200,0.005067666046436869,0.42452830188679247,4831.198673366691,0.15,150,5,0.11222222222222224,4.922426522640836,5.796058536739381,0.0
mtd_ai,200,0.005067666046436869,0.44776119402985076,5643.210614731117,0.2,150,5,0.11222222222222224,4.922426522640836,5.796058536739381,0.0
mtd_ai,200,0.005067666046436869,0.5,6018.0744854478635,0.25,150,5,0.11222222222222224,4.922426522640836,5.796058536739381,0.0
mtd_ai,200,0.005073464049754568,0.32608695652173914,2142.1619744585796,0.05,150,5,0.11666666666666667,1.41206758694264,5.142701021869617,0.0
mtd_ai,200,0.005073464049754568,0.3191489361702128,4705.302216190863,0.1,150,5,0.11666666666666667,1.41206758694264,5.142701021869617,0.0
mtd_ai,200,0.005073464049754568,0.375,5280.043861133559,0.15,150,5,0.11666666666666667,1.41206758694264,5.142701021869617,0.0
mtd_ai,200,0.005073464049754568,0.4225352112676056,5862.944068636176,0.2,150,5,0.11666666666666667,1.41206758694264,5.142701021869617,0.0
mtd_ai,200,0.005073464049754568,0.46875,6152.582384814068,0.25,150,5,0.11666666666666667,1.41206758694264,5.142701021869617,0.0
mtd_ai,200,0.005052471157362361,0.32608695652173914,2181.3254861958285,0.05,150,5,0.18666666666666668,0.5435732747897836,1.4367042407492672,5.565217391304348
mtd_ai,200,0.005052471157362361,0.40540540540540543,3099.608660260993,0.1,150,5,0.18666666666666668,0.5435732747897836,1.4367042407492672,5.565217391304348
mtd_ai,200,0.005052471157362361,0.4787234042553192,3617.7486902641895,0.15,150,5,0.18666666666666668,0.5435732747897836,1.4367042407492672,5.565217391304348
mtd_ai,200,0.005052471157362361,0.5,4332.905039002526,0.2,150,5,0.18666666666666668,0.5435732747897836,1.4367042407492672,5.565217391304348
mtd_ai,200,0.005052471157362361,0.5597014925373134,4742.385605315771,0.25,150,5,0.18666666666666668,0.5435732747897836,1.4367042407492672,5.565217391304348
mtd_ai,200,0.005060338925829358,0.3125,2084.7098761860107,0.05,150,5,0.09666666666666666,0.5805838512950441,1.1203155989558313,0.0
mtd_ai,200,0.005060338925829358,0.4166666666666667,2765.6362610271344,0.1,150,5,0.09666666666666666,0.5805838512950441,1.1203155989558313,0.0
mtd_ai,200,0.005060338925829358,0.4411764705882353,3579.4448641788035,0.15,150,5,0.09666666666666666,0.5805838512950441,1.1203155989558313,0.0
mtd_ai,200,0.005060338925829358,0.45454545454545453,4466.003833260374,0.2,150,5,0.09666666666666666,0.5805838512950441,1.1203155989558313,0.0
mtd_ai,200,0.005060338925829358,0.5136986301369864,4817.007880013582,0.25,150,5,0.09666666666666666,0.5805838512950441,1.1203155989558313,0.0
mtd_ai,200,0.005044619893791298,0.35714285714285715,1937.0723702148316,0.05,150,5,0.1543809523809524,0.26116730857456183,0.8197320512121768,0.0
mtd_ai,200,0.005044619893791298,0.3333333333333333,4208.531953422681,0.1,150,5,0.1543809523809524,0.26116730857456183,0.8197320512121768,0.0
mtd_ai,200,0.005044619893791298,0.36885245901639346,5169.787141291492,0.15,150,5,0.1543809523809524,0.26116730857456183,0.8197320512121768,0.0
mtd_ai,200,0.005044619893791298,0.43478260869565216,5453.24558488661,0.2,150,5,0.1543809523809524,0.26116730857456183,0.8197320512121768,0.0
mtd_ai,200,0.005044619893791298,0.4807692307692308,5834.022167118987,0.25,150,5,0.1543809523809524,0.26116730857456183,0.8197320512121768,0.0
mtd_ai,200,0.0050615999812553495,0.39473684210526316,2055.677655585951,0.05,150,5,0.2222222222222222,0.013120950565877768,0.046204445679178106,0.0
mtd_ai,200,0.0050615999812553495,0.4838709677419355,2978.344103429974,0.1,150,5,0.2222222222222222,0.013120950565877768,0.046204445679178106,0.0
mtd_ai,200,0.0050615999812553495,0.45,4196.316351255236,0.15,150,5,0.2222222222222222,0.013120950565877768,0.046204445679178106,0.0
mtd_ai,200,0.0050615999812553495,0.43478260869565216,5416.172123989958,0.2,150,5,0.2222222222222222,0.013120950565877768,0.046204445679178106,0.0
mtd_ai,200,0.0050615999812553495,0.4166666666666667,6766.786327718057,0.25,150,5,0.2222222222222222,0.013120950565877768,0.046204445679178106,0.0
mtd_ai,200,0.00505384882383729,0.22727272727272727,4614.046240291019,0.05,150,5,0.1111111111111111,1.503832494961782,3.8656860314896186,0.0
mtd_ai,200,0.00505384882383729,0.32608695652173914,5220.882571737984,0.1,150,5,0.1111111111111111,1.503832494961782,3.8656860314896186,0.0
mtd_ai,200,0.00505384882383729,0.375,6137.883177060366,0.15,150,5,0.1111111111111111,1.503832494961782,3.8656860314896186,0.0
mtd_ai,200,0.00505384882383729,0.4,6858.553081680061,0.2,150,5,0.1111111111111111,1.503832494961782,3.8656860314896186,0.0
mtd_ai,200,0.00505384882383729,0.44642857142857145,7132.525519396703,0.25,150,5,0.1111111111111111,1.503832494961782,3.8656860314896186,0.0
mtd_ai,200,0.0050622363627990975,0.28846153846153844,3120.3925677555076,0.05,150,5,0.11599999999999999,0.29328806180616046,0.4771576717966591,0.0
mtd_ai,200,0.0050622363627990975,0.36585365853658536,4390.100969929339,0.1,150,5,0.11599999999999999,0.29328806180616046,0.4771576717966591,0.0
mtd_ai,200,0.0050622363627990975,0.4090909090909091,5417.551009204868,0.15,150,5,0.11599999999999999,0.29328806180616046,0.4771576717966591,0.0
mtd_ai,200,0.0050622363627990975,0.4166666666666667,6231.0246984013975,0.2,150,5,0.11599999999999999,0.29328806180616046,0.4771576717966591,0.0
mtd_ai,200,0.0050622363627990975,0.44642857142857145,6788.734923183358,0.25,150,5,0.11599999999999999,0.29328806180616046,0.4771576717966591,0.0
mtd_ai,200,0.005030545047178523,0.2777777777777778,3283.666038159511,0.05,150,5,0.12266666666666666,0.45917244826335146,2.0438663836798323,0.0
mtd_ai,200,0.005030545047178523,0.3125,4645.478829842967,0.1,150,5,0.12266666666666666,0.45917244826335146,2.0438663836798323,0.0
mtd_ai,200,0.005030545047178523,0.3358208955223881,6721.948339807728,0.15,150,5,0.12266666666666666,0.45917244826335146,2.0438663836798323,0.0
mtd_ai,200,0.005030545047178523,0.375,7118.567676236369,0.2,150,5,0.12266666666666666,0.45917244826335146,2.0438663836798323,0.0
mtd_ai,200,0.005030545047178523,0.4166666666666667,7567.059844747857,0.25,150,5,0.12266666666666666,0.45917244826335146,2.0438663836798323,0.0
mtd_ai,200,0.005068197646294619,0.28846153846153844,2748.139021346906,0.05,150,5,0.3333333333333333,0.7717436910229193,3.248425913704647,0.0
mtd_ai,200,0.005068197646294619,0.375,4103.649646194221,0.1,150,5,0.3333333333333333,0.7717436910229193,3.248425913704647,0.0
mtd_ai,200,0.005068197646294619,0.45918367346938777,4620.796651444496,0.15,150,5,0.3333333333333333,0.7717436910229193,3.248425913704647,0.0
mtd_ai,200,0.005068197646294619,0.4411764705882353,5776.214378171351,0.2,150,5,0.3333333333333333,0.7717436910229193,3.248425913704647,0.0
mtd_ai,200,0.005068197646294619,0.487012987012987,6032.157393783229,0.25,150,5,0.3333333333333333,0.7717436910229193,3.248425913704647,0.0
mtd_ai,200,0.005065346188195032,0.4166666666666667,1853.3551565994508,0.05,150,5,0.134,0.009447536501587975,0.038530856354589575,0.0
mtd_ai,200,0.005065346188195032,0.45454545454545453,2938.5404926368365,0.1,150,5,0.134,0.009447536501587975,0.038530856354589575,0.0
mtd_ai,200,0.005065346188195032,0.5113636363636364,3556.250101869471,0.15,150,5,0.134,0.009447536501587975,0.038530856354589575,0.0
mtd_ai,200,0.005065346188195032,0.5,4534.308788416564,0.2,150,5,0.134,0.009447536501587975,0.038530856354589575,0.0
mtd_ai,200,0.005065346188195032,0.45180722891566266,5674.02501824604,0.25,150,5,0.134,0.009447536501587975,0.038530856354589575,0.0
mtd_ai,200,0.005057273865453009,0.3,2332.970576631792,0.05,150,5,0.14733333333333334,0.12836262315761948,0.4912111134891064,0.0
mtd_ai,200,0.005057273865453009,0.375,3191.2260208153143,0.1,150,5,0.14733333333333334,0.12836262315761948,0.4912111134891064,0.0
mtd_ai,200,0.005057273865453009,0.4411764705882353,3863.415606474518,0.15,150,5,0.14733333333333334,0.12836262315761948,0.4912111134891064,0.0
mtd_ai,200,0.005057273865453009,0.40540540540540543,4758.643227554043,0.2,150,5,0.14733333333333334,0.12836262315761948,0.4912111134891064,0.0
mtd_ai,200,0.005057273865453009,0.44642857142857145,5271.075123991584,0.25,150,5,0.14733333333333334,0.12836262315761948,0.4912111134891064,0.0
mtd_ai,200,0.005047491531842435,0.28846153846153844,2325.9473395073164,0.05,150,5,0.10333333333333333,1.1863874139601036,2.7008344882274855,0.0
mtd_ai,200,0.005047491531842435,0.3409090909090909,4125.889626493277,0.1,150,5,0.10333333333333333,1.1863874139601036,2.7008344882274855,0.0
mtd_ai,200,0.005047491531842435,0.4017857142857143,4752.495210344707,0.15,150,5,0.10333333333333333,1.1863874139601036,2.7008344882274855,0.0
mtd_ai,200,0.005047491531842435,0.42857142857142855,5516.281418716391,0.2,150,5,0.10333333333333333,1.1863874139601036,2.7008344882274855,0.0
mtd_ai,200,0.005047491531842435,0.4807692307692308,5850.446967377822,0.25,150,5,0.10333333333333333,1.1863874139601036,2.7008344882274855,0.0
mtd_ai,200,0.005080908757067114,0.39473684210526316,1897.7514471289023,0.05,150,5,0.08666666666666667,0.29754481480787504,1.061177638545882,0.0
mtd_ai,200,0.005080908757067114,0.40540540540540543,3510.303288128965,0.1,150,5,0.08666666666666667,0.29754481480787504,1.061177638545882,0.0
mtd_ai,200,0.005080908757067114,0.45918367346938777,4007.597173215108,0.15,150,5,0.08666666666666667,0.29754481480787504,1.061177638545882,0.0
mtd_ai,200,0.005080908757067114,0.5084745762711864,4479.95834912887,0.2,150,5,0.08666666666666667,0.29754481480787504,1.061177638545882,0.0
mtd_ai,200,0.005080908757067114,0.5357142857142857,5193.498377326145,0.25,150,5,0.08666666666666667,0.29754481480787504,1.061177638545882,0.0
mtd_ai,200,0.005059255552546008,0.4411764705882353,1583.0711806897043,0.05,150,5,0.12222222222222223,0.08984069494583989,0.3052662878742495,5.269230769230769
mtd_ai,200,0.005059255552546008,0.4411764705882353,3463.6313526691833,0.1,150,5,0.12222222222222223,0.08984069494583989,0.3052662878742495,5.269230769230769
mtd_ai,200,0.005059255552546008,0.5,4032.4086198439377,0.15,150,5,0.12222222222222223,0.08984069494583989,0.3052662878742495,5.269230769230769
mtd_ai,200,0.005059255552546008,0.5454545454545454,4467.713085464928,0.2,150,5,0.12222222222222223,0.08984069494583989,0.3052662878742495,5.269230769230769
mtd_ai,200,0.005059255552546008,0.5597014925373134,4989.483309431391,0.25,150,5,0.12222222222222223,0.08984069494583989,0.3052662878742495,5.269230769230769
mtd_ai,200,0.0050599239211395015,0.24193548387096775,3060.2784059893056,0.05,150,5,0.15044444444444444,0.5883000274491904,1.6540161155051236,0.0
mtd_ai,200,0.0050599239211395015,0.3125,4431.728721708345,0.1,150,5,0.15044444444444444,0.5883000274491904,1.6540161155051236,0.0
mtd_ai,200,0.0050599239211395015,0.35714285714285715,5721.149529120771,0.15,150,5,0.15044444444444444,0.5883000274491904,1.6540161155051236,0.0
mtd_ai,200,0.0050599239211395015,0.38961038961038963,6570.958198111086,0.2,150,5,0.15044444444444444,0.5883000274491904,1.6540161155051236,0.0
mtd_ai,200,0.0050599239211395015,0.4076086956521739,7182.776433255329,0.25,150,5,0.15044444444444444,0.5883000274491904,1.6540161155051236,0.0
mtd_ai,200,0.00506932321993989,0.28846153846153844,2882.5076390533686,0.05,150,5,0.14200000000000002,0.05452465230738854,0.24065252518854302,0.0
mtd_ai,200,0.00506932321993989,0.3333333333333333,4674.4029309279795,0.1,150,5,0.14200000000000002,0.05452465230738854,0.24065252518854302,0.0
mtd_ai,200,0.00506932321993989,0.4326923076923077,5059.736397149768,0.15,150,5,0.14200000000000002,0.05452465230738854,0.24065252518854302,0.0
mtd_ai,200,0.00506932321993989,0.47619047619047616,5657.203326343206,0.2,150,5,0.14200000000000002,0.05452465230738854,0.24065252518854302,0.0
mtd_ai,200,0.00506932321993989,0.5,6284.143163279657,0.25,150,5,0.14200000000000002,0.05452465230738854,0.24065252518854302,0.0
mtd_ai,200,0.005064116779682567,0.26785714285714285,3333.785394958166,0.05,150,5,0.10866666666666668,0.16482177053488856,0.5293965266146049,0.0
mtd_ai,200,0.005064116779682567,0.35714285714285715,4089.1745056952645,0.1,150,5,0.10866666666666668,0.16482177053488856,0.5293965266146049,0.0
mtd_ai,200,0.005064116779682567,0.4166666666666667,4699.82784872609,0.15,150,5,0.10866666666666668,0.16482177053488856,0.5293965266146049,0.0
mtd_ai,200,0.005064116779682567,0.410958904109589,6481.111496641834,0.2,150,5,0.10866666666666668,0.16482177053488856,0.5293965266146049,0.0
mtd_ai,200,0.005064116779682567,0.45180722891566266,6865.865702198345,0.25,150,5,0.10866666666666668,0.16482177053488856,0.5293965266146049,0.0
mtd_ai,200,0.00507748141942904,0.5,1322.2619402621003,0.05,150,5,0.21088888888888888,0.4444503804303406,0.9713090437614912,0.0
mtd_ai,200,0.00507748141942904,0.42857142857142855,3487.513663947526,0.1,150,5,0.21088888888888888,0.4444503804303406,0.9713090437614912,0.0
mtd_ai,200,0.00507748141942904,0.46875,4396.6578588832745,0.15,150,5,0.21088888888888888,0.4444503804303406,0.9713090437614912,0.0
mtd_ai,200,0.00507748141942904,0.4918032786885246,5345.136262498133,0.2,150,5,0.21088888888888888,0.4444503804303406,0.9713090437614912,0.0
mtd_ai,200,0.00507748141942904,0.5208333333333334,5694.793119839637,0.25,150,5,0.21088888888888888,0.4444503804303406,0.9713090437614912,0.0
mtd_ai,200,0.005035566417064793,0.28846153846153844,2574.4890925613663,0.05,150,5,0.11,0.24415922876997698,0.9858452378859612,0.0
mtd_ai,200,0.005035566417064793,0.375,3446.9111140799378,0.1,150,5,0.11,0.24415922876997698,0.9858452378859612,0.0
mtd_ai,200,0.005035566417064793,0.39473684210526316,5064.868157266168,0.15,150,5,0.11,0.24415922876997698,0.9858452378859612,0.0
mtd_ai,200,0.005035566417064793,0.43478260869565216,5624.667966160388,0.2,150,5,0.11,0.24415922876997698,0.9858452378859612,0.0
mtd_ai,200,0.005035566417064793,0.4807692307692308,6197.969295504814,0.25,150,5,0.11,0.24415922876997698,0.9858452378859612,0.0
mtd_ai,200,0.005071208872169831,0.3409090909090909,2247.700334003612,0.05,150,5,0.14380952380952383,0.4886094375586085,1.967221839197135,0.0
mtd_ai,200,0.005071208872169831,0.35714285714285715,4216.618794061764,0.1,150,5,0.14380952380952383,0.4886094375586085,1.967221839197135,0.0
mtd_ai,200,0.005071208872169831,0.4326923076923077,4596.950565519759,0.15,150,5,0.14380952380952383,0.4886094375586085,1.967221839197135,0.0
mtd_ai,200,0.005071208872169831,0.4411764705882353,5294.9799693125615,0.2,150,5,0.14380952380952383,0.4886094375586085,1.967221839197135,0.0
mtd_ai,200,0.005071208872169831,0.45180722891566266,6511.956945006565,0.25,150,5,0.14380952380952383,0.4886094375586085,1.967221839197135,0.0
mtd_ai,200,0.005043421517536476,0.32608695652173914,2228.7214910883977,0.05,150,5,0.12333333333333334,4.4842035614220155,7.561277990367148,0.0
mtd_ai,200,0.005043421517536476,0.38461538461538464,3695.9497583890206,0.1,150,5,0.12333333333333334,4.4842035614220155,7.561277990367148,0.0
mtd_ai,200,0.005043421517536476,0.4326923076923077,4376.608684114466,0.15,150,5,0.12333333333333334,4.4842035614220155,7.561277990367148,0.0
mtd_ai,200,0.005043421517536476,0.43478260869565216,5158.1175257136565,0.2,150,5,0.12333333333333334,4.4842035614220155,7.561277990367148,0.0
mtd_ai,200,0.005043421517536476,0.47468354430379744,5628.5502005614335,0.25,150,5,0.12333333333333334,4.4842035614220155,7.561277990367148,0.0
mtd_ai,200,0.005036909222319386,0.24193548387096775,3225.4296109472316,0.05,150,5,0.1,0.800375987910147,2.3150038409554394,0.0
mtd_ai,200,0.005036909222319386,0.32608695652173914,4299.102635348164,0.1,150,5,0.1,0.800375987910147,2.3150038409554394,0.0
mtd_ai,200,0.005036909222319386,0.3629032258064516,5119.003562686512,0.15,150,5,0.1,0.800375987910147,2.3150038409554394,0.0
mtd_ai,200,0.005036909222319386,0.39473684210526316,5871.606058167291,0.2,150,5,0.1,0.800375987910147,2.3150038409554394,0.0
mtd_ai,200,0.005036909222319386,0.42613636363636365,6266.083233074838,0.25,150,5,0.1,0.800375987910147,2.3150038409554394,0.0
mtd_ai,200,0.0050689059289279435,0.35714285714285715,1706.249564632646,0.05,150,5,0.3,0.3341323210853356,1.2874969985720577,0.0
mtd_ai,200,0.0050689059289279435,0.42857142857142855,2573.4670616767507,0.1,150,5,0.3,0.3341323210853356,1.2874969985720577,0.0
mtd_ai,200,0.0050689059289279435,0.4787234042553192,3203.534856971751,0.15,150,5,0.3,0.3341323210853356,1.2874969985720577,0.0
mtd_ai,200,0.0050689059289279435,0.5,3954.835183160042,0.2,150,5,0.3,0.3341323210853356,1.2874969985720577,0.0
mtd_ai,200,0.0050689059289279435,0.5357142857142857,4363.510362049809,0.25,150,5,0.3,0.3341323210853356,1.2874969985720577,0.0
mtd_ai,200,0.005036408024632016,0.28846153846153844,2713.8280420092533,0.05,150,5,0.11825396825396825,0.5726615837682351,1.533490615518739,3.484848484848485
mtd_ai,200,0.005036408024632016,0.3333333333333333,4018.3614782277054,0.1,150,5,0.11825396825396825,0.5726615837682351,1.533490615518739,3.484848484848485
mtd_ai,200,0.005036408024632016,0.3358208955223881,5544.0454417481305,0.15,150,5,0.11825396825396825,0.5726615837682351,1.533490615518739,3.484848484848485
mtd_ai,200,0.005036408024632016,0.375,6021.829214615888,0.2,150,5,0.11825396825396825,0.5726615837682351,1.533490615518739,3.484848484848485
mtd_ai,200,0.005036408024632016,0.41208791208791207,6515.630627612341,0.25,150,5,0.11825396825396825,0.5726615837682351,1.533490615518739,3.484848484848485
mtd_ai,200,0.005072852377341379,0.3409090909090909,2005.6920400590716,0.05,150,5,0.11814814814814814,1.3332188412271364,2.9493647568154273,0.0
mtd_ai,200,0.005072852377341379,0.38461538461538464,3485.8387494528615,0.1,150,5,0.11814814814814814,1.3332188412271364,2.9493647568154273,0.0
mtd_ai,200,0.005072852377341379,0.42452830188679247,4522.292898599273,0.15,150,5,0.11814814814814814,1.3332188412271364,2.9493647568154273,0.0
mtd_ai,200,0.005072852377341379,0.45454545454545453,5074.867385898272,0.2,150,5,0.11814814814814814,1.3332188412271364,2.9493647568154273,0.0
mtd_ai,200,0.005072852377341379,0.4807692307692308,5929.356052357074,0.25,150,5,0.11814814814814814,1.3332188412271364,2.9493647568154273,0.0
mtd_ai,200,0.005038043255487754,0.32608695652173914,2654.641650434905,0.05,150,5,0.11722222222222224,0.1692324217534418,0.6169072939682235,0.0
mtd_ai,200,0.005038043255487754,0.36585365853658536,3687.1734059878254,0.1,150,5,0.11722222222222224,0.1692324217534418,0.6169072939682235,0.0
mtd_ai,200,0.005038043255487754,0.4017857142857143,4747.082350920399,0.15,150,5,0.11722222222222224,0.1692324217534418,0.6169072939682235,0.0
mtd_ai,200,0.005038043255487754,0.42857142857142855,5867.9688571754095,0.2,150,5,0.11722222222222224,0.1692324217534418,0.6169072939682235,0.0
mtd_ai,200,0.005038043255487754,0.47468354430379744,6267.570241853092,0.25,150,5,0.11722222222222224,0.1692324217534418,0.6169072939682235,0.0
mtd_ai,200,0.005048943021522031,0.35714285714285715,2667.6457739048756,0.05,150,5,0.132,0.17322185742294366,0.1805565692339927,6.2727272727272725
mtd_ai,200,0.005048943021522031,0.36585365853658536,3724.3116406335166,0.1,150,5,0.132,0.17322185742294366,0.1805565692339927,6.2727272727272725
mtd_ai,200,0.005048943021522031,0.4411764705882353,4260.449576830977,0.15,150,5,0.132,0.17322185742294366,0.1805565692339927,6.2727272727272725
mtd_ai,200,0.005048943021522031,0.4918032786885246,4672.511849661036,0.2,150,5,0.132,0.17322185742294366,0.1805565692339927,6.2727272727272725
mtd_ai,200,0.005048943021522031,0.528169014084507,5057.4743661077155,0.25,150,5,0.132,0.17322185742294366,0.1805565692339927,6.2727272727272725
mtd_ai,200,0.005071024076590895,0.375,1759.9053720165816,0.05,150,5,0.156,0.049367281657623156,0.17872624879717489,0.0
mtd_ai,200,0.005071024076590895,0.40540540540540543,2777.5214276968204,0.1,150,5,0.156,0.049367281657623156,0.17872624879717489,0.0
mtd_ai,200,0.005071024076590895,0.45918367346938777,3722.781367660467,0.15,150,5,0.156,0.049367281657623156,0.17872624879717489,0.0
mtd_ai,200,0.005071024076590895,0.44776119402985076,4929.129063811164,0.2,150,5,0.156,0.049367281657623156,0.17872624879717489,0.0
mtd_ai,200,0.005071024076590895,0.44642857142857145,5517.232696620444,0.25,150,5,0.156,0.049367281657623156,0.17872624879717489,0.0
mtd_ai,200,0.005043276639322208,0.26785714285714285,3215.4773349709417,0.05,150,5,0.20333333333333334,0.2880222878709977,1.268501704558818,0.0
mtd_ai,200,0.005043276639322208,0.3409090909090909,4086.3414770610293,0.1,150,5,0.20333333333333334,0.2880222878709977,1.268501704558818,0.0
mtd_ai,200,0.005043276639322208,0.4017857142857143,4919.967983213033,0.15,150,5,0.20333333333333334,0.2880222878709977,1.268501704558818,0.0
mtd_ai,200,0.005043276639322208,0.375,6182.135705359725,0.2,150,5,0.20333333333333334,0.2880222878709977,1.268501704558818,0.0
mtd_ai,200,0.005043276639322208,0.4166666666666667,6583.385272494239,0.25,150,5,0.20333333333333334,0.2880222878709977,1.268501704558818,0.0
mtd_ai,200,0.0050392274173318725,0.25,3005.213182879122,0.05,150,5,0.12083333333333333,5.158185982728386,7.340848172920919,0.0
mtd_ai,200,0.0050392274173318725,0.32608695652173914,4368.446050535475,0.1,150,5,0.12083333333333333,5.158185982728386,7.340848172920919,0.0
mtd_ai,200,0.0050392274173318725,0.4090909090909091,4760.5443417104925,0.15,150,5,0.12083333333333333,5.158185982728386,7.340848172920919,0.0
mtd_ai,200,0.0050392274173318725,0.4225352112676056,6178.931149078984,0.2,150,5,0.12083333333333333,5.158185982728386,7.340848172920919,0.0
mtd_ai,200,0.0050392274173318725,0.4573170731707317,6643.372813300895,0.25,150,5,0.12083333333333333,5.158185982728386,7.340848172920919,0.0
mtd_ai,200,0.005058504778476611,0.39473684210526316,1509.3175272870883,0.05,150,5,0.15333333333333332,1.3129088985047728,4.116159849380581,0.0
mtd_ai,200,0.005058504778476611,0.3488372093023256,4543.113773038837,0.1,150,5,0.15333333333333332,1.3129088985047728,4.116159849380581,0.0
mtd_ai,200,0.005058504778476611,0.4017857142857143,5786.747605376917,0.15,150,5,0.15333333333333332,1.3129088985047728,4.116159849380581,0.0
mtd_ai,200,0.005058504778476611,0.45454545454545453,6242.395169977329,0.2,150,5,0.15333333333333332,1.3129088985047728,4.116159849380581,0.0
mtd_ai,200,0.005058504778476611,0.46875,7297.388603131942,0.25,150,5,0.15333333333333332,1.3129088985047728,4.116159849380581,0.0
mtd_ai,200,0.005057240639189909,0.375,2024.599080874647,0.05,150,5,0.13333333333333333,0.3081679078081824,0.9357293184455469,0.0
mtd_ai,200,0.005057240639189909,0.46875,2681.690706271177,0.1,150,5,0.13333333333333333,0.3081679078081824,0.9357293184455469,0.0
mtd_ai,200,0.005057240639189909,0.5,3378.883741366763,0.15,150,5,0.13333333333333333,0.3081679078081824,0.9357293184455469,0.0
mtd_ai,200,0.005057240639189909,0.5,4679.841295681208,0.2,150,5,0.13333333333333333,0.3081679078081824,0.9357293184455469,0.0
mtd_ai,200,0.005057240639189909,0.5208333333333334,5267.114499896035,0.25,150,5,0.13333333333333333,0.3081679078081824,0.9357293184455469,0.0
mtd_ai,200,0.00507020714554401,0.35714285714285715,1971.189119710015,0.05,150,5,0.12833333333333333,0.3988143315161583,1.7368767728261691,0.0
mtd_ai,200,0.00507020714554401,0.32608695652173914,4192.523371574464,0.1,150,5,0.12833333333333333,0.3988143315161583,1.7368767728261691,0.0
mtd_ai,200,0.00507020714554401,0.3879310344827586,4813.831900999625,0.15,150,5,0.12833333333333333,0.3988143315161583,1.7368767728261691,0.0
mtd_ai,200,0.00507020714554401,0.43478260869565216,5395.860935173786,0.2,150,5,0.12833333333333333,0.3988143315161583,1.7368767728261691,0.0
mtd_ai,200,0.00507020714554401,0.4807692307692308,5781.410854887815,0.25,150,5,0.12833333333333333,0.3988143315161583,1.7368767728261691,0.0
mtd_ai,200,0.005074458378221879,0.32608695652173914,2451.1165269258317,0.05,150,5,0.1161111111111111,2.1564898805446258,3.336437712322935,0.0
mtd_ai,200,0.005074458378221879,0.42857142857142855,3107.161329057968,0.1,150,5,0.1161111111111111,2.1564898805446258,3.336437712322935,0.0
mtd_ai,200,0.005074458378221879,0.46875,3899.962170840064,0.15,150,5,0.1161111111111111,2.1564898805446258,3.336437712322935,0.0
mtd_ai,200,0.005074458378221879,0.4918032786885246,4593.995170505328,0.2,150,5,0.1161111111111111,2.1564898805446258,3.336437712322935,0.0
mtd_ai,200,0.005074458378221879,0.5,5333.726728515281,0.25,150,5,0.1161111111111111,2.1564898805446258,3.336437712322935,0.0
mtd_ai,200,0.005054180699746068,0.4411764705882353,1567.7496539977524,0.05,150,5,0.12333333333333335,1.7061590790301189,4.846490628877987,0.0
mtd_ai,200,0.005054180699746068,0.40540540540540543,3101.2673669556757,0.1,150,5,0.12333333333333335,1.7061590790301189,4.846490628877987,0.0
mtd_ai,200,0.005054180699746068,0.45,4021.903430583773,0.15,150,5,0.12333333333333335,1.7061590790301189,4.846490628877987,0.0
mtd_ai,200,0.005054180699746068,0.4838709677419355,4674.631793612619,0.2,150,5,0.12333333333333335,1.7061590790301189,4.846490628877987,0.0
mtd_ai,200,0.005054180699746068,0.528169014084507,5038.034854366353,0.25,150,5,0.12333333333333335,1.7061590790301189,4.846490628877987,0.0
mtd_ai,200,0.0050640472010213804,0.3125,2378.120804738468,0.05,150,5,0.15800000000000003,0.32188393379792923,0.936548152230095,0.0
mtd_ai,200,0.0050640472010213804,0.36585365853658536,3408.728755769528,0.1,150,5,0.15800000000000003,0.32188393379792923,0.936548152230095,0.0
mtd_ai,200,0.0050640472010213804,0.3629032258064516,4613.782015329109,0.15,150,5,0.15800000000000003,0.32188393379792923,0.936548152230095,0.0
mtd_ai,200,0.0050640472010213804,0.35294117647058826,5773.16763346671,0.2,150,5,0.15800000000000003,0.32188393379792923,0.936548152230095,0.0
mtd_ai,200,0.0050640472010213804,0.375,6360.057309460507,0.25,150,5,0.15800000000000003,0.32188393379792923,0.936548152230095,0.0
mtd_ai,200,0.005036374375790798,0.20833333333333334,5011.337068047036,0.05,150,5,0.10166666666666667,2.5445696680105137,6.41324347973234,0.0
mtd_ai,200,0.005036374375790798,0.3191489361702128,5669.034961360003,0.1,150,5,0.10166666666666667,2.5445696680105137,6.41324347973234,0.0
mtd_ai,200,0.005036374375790798,0.375,6284.688044658878,0.15,150,5,0.10166666666666667,2.5445696680105137,6.41324347973234,0.0
mtd_ai,200,0.005036374375790798,0.42857142857142855,6719.572566785398,0.2,150,5,0.10166666666666667,2.5445696680105137,6.41324347973234,0.0
mtd_ai,200,0.005036374375790798,0.47468354430379744,7067.4157644419365,0.25,150,5,0.10166666666666667,2.5445696680105137,6.41324347973234,0.0
mtd_ai,200,0.00506931745600572,0.5,1624.2236149676867,0.05,150,5,0.11755555555555555,3.172897636059417,4.050055276030769,0.0
mtd_ai,200,0.00506931745600572,0.4838709677419355,3169.2362149334813,0.1,150,5,0.11755555555555555,3.172897636059417,4.050055276030769,0.0
mtd_ai,200,0.00506931745600572,0.4787234042553192,4477.55546385095,0.15,150,5,0.11755555555555555,3.172897636059417,4.050055276030769,0.0
mtd_ai,200,0.00506931745600572,0.4918032786885246,5474.759285281134,0.2,150,5,0.11755555555555555,3.172897636059417,4.050055276030769,0.0
mtd_ai,200,0.00506931745600572,0.5357142857142857,5801.06190173277,0.25,150,5,0.11755555555555555,3.172897636059417,4.050055276030769,0.0
mtd_ai,200,0.005041076571070022,0.3,2978.3302848796843,0.05,150,5,0.12333333333333334,0.5111691079230132,0.6917727921791175,0.0
mtd_ai,200,0.005041076571070022,0.40540540540540543,3484.556815306022,0.1,150,5,0.12333333333333334,0.5111691079230132,0.6917727921791175,0.0
mtd_ai,200,0.005041076571070022,0.4326923076923077,4665.135492860444,0.15,150,5,0.12333333333333334,0.5111691079230132,0.6917727921791175,0.0
mtd_ai,200,0.005041076571070022,0.4225352112676056,5654.145740328991,0.2,150,5,0.12333333333333334,0.5111691079230132,0.6917727921791175,0.0
mtd_ai,200,0.005041076571070022,0.46875,6084.570535328256,0.25,150,5,0.12333333333333334,0.5111691079230132,0.6917727921791175,0.0
mtd_ai,200,0.00506769995755283,0.3125,2603.220863148308,0.05,150,5,0.13666666666666666,0.7454948468491861,2.1818515383965758,0.0
mtd_ai,200,0.00506769995755283,0.40540540540540543,3722.1347969236717,0.1,150,5,0.13666666666666666,0.7454948468491861,2.1818515383965758,0.0
mtd_ai,200,0.00506769995755283,0.46875,4315.236814648515,0.15,150,5,0.13666666666666666,0.7454948468491861,2.1818515383965758,0.0
mtd_ai,200,0.00506769995755283,0.4838709677419355,5033.384713796404,0.2,150,5,0.13666666666666666,0.7454948468491861,2.1818515383965758,0.0
mtd_ai,200,0.00506769995755283,0.5,5714.055286733519,0.25,150,5,0.13666666666666666,0.7454948468491861,2.1818515383965758,0.0
mtd_ai,200,0.00504287718769887,0.25862068965517243,2516.2493288805867,0.05,150,5,0.1597777777777778,1.0602899643223365,3.691972927961709,0.0
mtd_ai,200,0.00504287718769887,0.36585365853658536,3536.3715944098735,0.1,150,5,0.1597777777777778,1.0602899643223365,3.691972927961709,0.0
mtd_ai,200,0.00504287718769887,0.4411764705882353,4209.212107152185,0.15,150,5,0.1597777777777778,1.0602899643223365,3.691972927961709,0.0
mtd_ai,200,0.00504287718769887,0.46153846153846156,4982.635412244586,0.2,150,5,0.1597777777777778,1.0602899643223365,3.691972927961709,0.0
mtd_ai,200,0.00504287718769887,0.4573170731707317,5727.302597495738,0.25,150,5,0.1597777777777778,1.0602899643223365,3.691972927961709,0.0
mtd_ai,200,0.005030593552454884,0.22727272727272727,2869.577273093845,0.05,150,5,0.21634920634920637,0.386159175424621,1.6877951137375573,0.0
mtd_ai,200,0.005030593552454884,0.3125,3989.1563486190316,0.1,150,5,0.21634920634920637,0.386159175424621,1.6877951137375573,0.0
mtd_ai,200,0.005030593552454884,0.36885245901639346,4596.2159391340265,0.15,150,5,0.21634920634920637,0.386159175424621,1.6877951137375573,0.0
mtd_ai,200,0.005030593552454884,0.38461538461538464,6263.914232254506,0.2,150,5,0.21634920634920637,0.386159175424621,1.6877951137375573,0.0
mtd_ai,200,0.005030593552454884,0.42613636363636365,6720.666378121374,0.25,150,5,0.21634920634920637,0.386159175424621,1.6877951137375573,0.0
mtd_ai,200,0.005035090482418671,0.2777777777777778,2664.4766987612056,0.05,150,5,0.10777777777777779,0.5029597357268656,2.1001013586682467,0.0
mtd_ai,200,0.005035090482418671,0.38461538461538464,3401.6849417533977,0.1,150,5,0.10777777777777779,0.5029597357268656,2.1001013586682467,0.0
mtd_ai,200,0.005035090482418671,0.4411764705882353,4218.6680159169655,0.15,150,5,0.10777777777777779,0.5029597357268656,2.1001013586682467,0.0
mtd_ai,200,0.005035090482418671,0.38461538461538464,7491.085648870476,0.2,150,5,0.10777777777777779,0.5029597357268656,2.1001013586682467,0.0
mtd_ai,200,0.005035090482418671,0.436046511627907,7819.246419422943,0.25,150,5,0.10777777777777779,0.5029597357268656,2.1001013586682467,0.0
mtd_ai,200,0.005074667084497761,0.22727272727272727,3674.9932722991925,0.05,150,5,0.1375925925925926,0.31227602291859713,0.7375869663493146,0.0
mtd_ai,200,0.005074667084497761,0.29411764705882354,4827.51289670987,0.1,150,5,0.1375925925925926,0.31227602291859713,0.7375869663493146,0.0
mtd_ai,200,0.005074667084497761,0.3629032258064516,5238.457542836845,0.15,150,5,0.1375925925925926,0.31227602291859713,0.7375869663493146,0.0
mtd_ai,200,0.005074667084497761,0.410958904109589,5889.718195564933,0.2,150,5,0.1375925925925926,0.31227602291859713,0.7375869663493146,0.0
mtd_ai,200,0.005074667084497761,0.4573170731707317,6423.149070256193,0.25,150,5,0.1375925925925926,0.31227602291859713,0.7375869663493146,0.0
mtd_ai,200,0.005032790441922314,0.28846153846153844,2972.51965906256,0.05,150,5,0.13904761904761906,40.783496853825234,6.230859811302873,0.0
mtd_ai,200,0.005032790441922314,0.39473684210526316,4083.879580741619,0.1,150,5,0.13904761904761906,40.783496853825234,6.230859811302873,0.0
mtd_ai,200,0.005032790441922314,0.4411764705882353,5165.398358370261,0.15,150,5,0.13904761904761906,40.783496853825234,6.230859811302873,0.0
mtd_ai,200,0.005032790441922314,0.46875,6101.126262082563,0.2,150,5,0.13904761904761906,40.783496853825234,6.230859811302873,0.0
mtd_ai,200,0.005032790441922314,0.487012987012987,6676.716948616817,0.25,150,5,0.13904761904761906,40.783496853825234,6.230859811302873,0.0
mtd_ai,200,0.005053245996023615,0.4166666666666667,1655.85303057878,0.05,150,5,0.18866666666666668,3.6773785701644672,6.575409233116431,3.8666666666666667
mtd_ai,200,0.005053245996023615,0.40540540540540543,3463.803025274157,0.1,150,5,0.18866666666666668,3.6773785701644672,6.575409233116431,3.8666666666666667
mtd_ai,200,0.005053245996023615,0.4411764705882353,4132.578322448122,0.15,150,5,0.18866666666666668,3.6773785701644672,6.575409233116431,3.8666666666666667
mtd_ai,200,0.005053245996023615,0.4838709677419355,4625.795917794159,0.2,150,5,0.18866666666666668,3.6773785701644672,6.575409233116431,3.8666666666666667
mtd_ai,200,0.005053245996023615,0.4573170731707317,5516.627688438408,0.25,150,5,0.18866666666666668,3.6773785701644672,6.575409233116431,3.8666666666666667
mtd_ai,200,0.005049861020692543,0.32608695652173914,2414.7833637925696,0.05,150,5,0.10333333333333333,0.17423233477192165,0.7133201201709057,0.0
mtd_ai,200,0.005049861020692543,0.375,3448.1989329027683,0.1,150,5,0.10333333333333333,0.17423233477192165,0.7133201201709057,0.0
mtd_ai,200,0.005049861020692543,0.45918367346938777,3999.4057993171036,0.15,150,5,0.10333333333333333,0.17423233477192165,0.7133201201709057,0.0
mtd_ai,200,0.005049861020692543,0.5,4685.974422997288,0.2,150,5,0.10333333333333333,0.17423233477192165,0.7133201201709057,0.0
mtd_ai,200,0.005049861020692543,0.487012987012987,5639.683321117764,0.25,150,5,0.10333333333333333,0.17423233477192165,0.7133201201709057,0.0
mtd_ai,200,0.005043803643959478,0.26785714285714285,2741.5379436898584,0.05,150,5,0.24,1.2196878239140665,4.023407653916496,-4.464285714285714
mtd_ai,200,0.005043803643959478,0.375,3421.0697480792405,0.1,150,5,0.24,1.2196878239140665,4.023407653916496,-4.464285714285714
mtd_ai,200,0.005043803643959478,0.36885245901639346,4455.379142908335,0.15,150,5,0.24,1.2196878239140665,4.023407653916496,-4.464285714285714
mtd_ai,200,0.005043803643959478,0.38461538461538464,5386.651474347621,0.2,150,5,0.24,1.2196878239140665,4.023407653916496,-4.464285714285714
mtd_ai,200,0.005043803643959478,0.43103448275862066,5906.459371419451,0.25,150,5,0.24,1.2196878239140665,4.023407653916496,-4.464285714285714
mtd_ai,200,0.005047742032307842,0.3,2316.051483194784,0.05,150,5,0.15533333333333335,1.1411007777668345,2.7460365176823673,0.0
mtd_ai,200,0.005047742032307842,0.38461538461538464,3224.1014209402047,0.1,150,5,0.15533333333333335,1.1411007777668345,2.7460365176823673,0.0
mtd_ai,200,0.005047742032307842,0.4326923076923077,4121.855168691694,0.15,150,5,0.15533333333333335,1.1411007777668345,2.7460365176823673,0.0
mtd_ai,200,0.005047742032307842,0.44776119402985076,5360.13464127987,0.2,150,5,0.15533333333333335,1.1411007777668345,2.7460365176823673,0.0
mtd_ai,200,0.005047742032307842,0.487012987012987,6114.774882377113,0.25,150,5,0.15533333333333335,1.1411007777668345,2.7460365176823673,0.0
mtd_ai,200,0.005049888851090096,0.2777777777777778,2820.919296363964,0.05,150,5,0.12444444444444443,0.7032271179289155,2.5247659567284937,0.0
mtd_ai,200,0.005049888851090096,0.38461538461538464,3464.0791477453818,0.1,150,5,0.12444444444444443,0.7032271179289155,2.5247659567284937,0.0
mtd_ai,200,0.005049888851090096,0.4326923076923077,5014.307169620517,0.15,150,5,0.12444444444444443,0.7032271179289155,2.5247659567284937,0.0
mtd_ai,200,0.005049888851090096,0.46875,5738.706537784807,0.2,150,5,0.12444444444444443,0.7032271179289155,2.5247659567284937,0.0
mtd_ai,200,0.005049888851090096,0.5067567567567568,6069.415633269036,0.25,150,5,0.12444444444444443,0.7032271179289155,2.5247659567284937,0.0
mtd_ai,200,0.005040568813505637,0.2777777777777778,3022.197283377541,0.05,150,5,0.13833333333333336,0.6350088921310828,2.8493513659068754,0.0
mtd_ai,200,0.005040568813505637,0.3333333333333333,4472.688628490498,0.1,150,5,0.13833333333333336,0.6350088921310828,2.8493513659068754,0.0
mtd_ai,200,0.005040568813505637,0.375,5173.710887409605,0.15,150,5,0.13833333333333336,0.6350088921310828,2.8493513659068754,0.0
mtd_ai,200,0.005040568813505637,0.39473684210526316,5836.280719371291,0.2,150,5,0.13833333333333336,0.6350088921310828,2.8493513659068754,0.0
mtd_ai,200,0.005040568813505637,0.41208791208791207,6562.266836424584,0.25,150,5,0.13833333333333336,0.6350088921310828,2.8493513659068754,0.0
mtd_ai,200,0.005080608413753067,0.35714285714285715,1746.224277551457,0.05,150,5,0.2777777777777778,1.7178732187940622,4.453629160495597,0.0
mtd_ai,200,0.005080608413753067,0.3333333333333333,3609.329927817384,0.1,150,5,0.2777777777777778,1.7178732187940622,4.453629160495597,0.0
mtd_ai,200,0.005080608413753067,0.39473684210526316,4269.778284180855,0.15,150,5,0.2777777777777778,1.7178732187940622,4.453629160495597,0.0
mtd_ai,200,0.005080608413753067,0.42857142857142855,5165.210888009786,0.2,150,5,0.2777777777777778,1.7178732187940622,4.453629160495597,0.0
mtd_ai,200,0.005080608413753067,0.47468354430379744,5454.475822795244,0.25,150,5,0.2777777777777778,1.7178732187940622,4.453629160495597,0.0
mtd_ai,200,0.005081837646313967,0.3409090909090909,1622.799451615742,0.05,150,5,0.11633333333333336,2.149656182880211,4.3724666268090315,0.0
mtd_ai,200,0.005081837646313967,0.3333333333333333,3228.3069296618232,0.1,150,5,0.11633333333333336,2.149656182880211,4.3724666268090315,0.0
mtd_ai,200,0.005081837646313967,0.3629032258064516,4011.656245520264,0.15,150,5,0.11633333333333336,2.149656182880211,4.3724666268090315,0.0
mtd_ai,200,0.005081837646313967,0.4,4440.412282664778,0.2,150,5,0.11633333333333336,2.149656182880211,4.3724666268090315,0.0
mtd_ai,200,0.005081837646313967,0.436046511627907,4946.993407775395,0.25,150,5,0.11633333333333336,2.149656182880211,4.3724666268090315,0.0
mtd_ai,200,0.005061286099727199,0.234375,2564.968039194097,0.05,150,5,0.14,0.9222765808523294,3.154083160891183,0.0
mtd_ai,200,0.005061286099727199,0.3,3991.7133854914664,0.1,150,5,0.14,0.9222765808523294,3.154083160891183,0.0
mtd_ai,200,0.005061286099727199,0.35714285714285715,5109.796772232533,0.15,150,5,0.14,0.9222765808523294,3.154083160891183,0.0
mtd_ai,200,0.005061286099727199,0.39473684210526316,5705.279740795026,0.2,150,5,0.14,0.9222765808523294,3.154083160891183,0.0
mtd_ai,200,0.005061286099727199,0.41208791208791207,6855.181070798677,0.25,150,5,0.14,0.9222765808523294,3.154083160891183,0.0
mtd_ai,200,0.0050480098449196455,0.2777777777777778,2938.7296791727304,0.05,150,5,0.1388888888888889,0.03336672491903548,0.018181720633535625,0.0
mtd_ai,200,0.0050480098449196455,0.35714285714285715,3980.525350058813,0.1,150,5,0.1388888888888889,0.03336672491903548,0.018181720633535625,0.0
mtd_ai,200,0.0050480098449196455,0.4017857142857143,4826.8808630951025,0.15,150,5,0.1388888888888889,0.03336672491903548,0.018181720633535625,0.0
mtd_ai,200,0.0050480098449196455,0.4411764705882353,5371.962685872393,0.2,150,5,0.1388888888888889,0.03336672491903548,0.018181720633535625,0.0
mtd_ai,200,0.0050480098449196455,0.487012987012987,5836.197759464892,0.25,150,5,0.1388888888888889,0.03336672491903548,0.018181720633535625,0.0
mtd_ai,200,0.005060951847937715,0.3409090909090909,2369.8042486648874,0.05,150,5,0.16755555555555557,1.0552607250028796,2.0604366189233674,0.0
mtd_ai,200,0.005060951847937715,0.38461538461538464,3277.588921662791,0.1,150,5,0.16755555555555557,1.0552607250028796,2.0604366189233674,0.0
mtd_ai,200,0.005060951847937715,0.4326923076923077,3979.070106350976,0.15,150,5,0.16755555555555557,1.0552607250028796,2.0604366189233674,0.0
mtd_ai,200,0.005060951847937715,0.46875,4406.182126739152,0.2,150,5,0.16755555555555557,1.0552607250028796,2.0604366189233674,0.0
mtd_ai,200,0.005060951847937715,0.5136986301369864,4841.719736080242,0.25,150,5,0.16755555555555557,1.0552607250028796,2.0604366189233674,0.0
mtd_ai,200,0.005062762846567289,0.3125,2035.2095900538495,0.05,150,5,0.10583333333333333,0.6324007884615969,1.8412821469781098,0.0
mtd_ai,200,0.005062762846567289,0.3333333333333333,4275.823213438388,0.1,150,5,0.10583333333333333,0.6324007884615969,1.8412821469781098,0.0
mtd_ai,200,0.005062762846567289,0.39473684210526316,5153.4679423283615,0.15,150,5,0.10583333333333333,0.6324007884615969,1.8412821469781098,0.0
mtd_ai,200,0.005062762846567289,0.4166666666666667,6566.30260038979,0.2,150,5,0.10583333333333333,0.6324007884615969,1.8412821469781098,0.0
mtd_ai,200,0.005062762846567289,0.45180722891566266,7018.896713179347,0.25,150,5,0.10583333333333333,0.6324007884615969,1.8412821469781098,0.0
mtd_ai,200,0.005049452401074813,0.35714285714285715,2496.6653081215604,0.05,150,5,0.11222222222222224,1.2264950893340485,3.421026755067727,0.0
mtd_ai,200,0.005049452401074813,0.4166666666666667,3732.238277516143,0.1,150,5,0.11222222222222224,1.2264950893340485,3.421026755067727,0.0
mtd_ai,200,0.005049452401074813,0.39473684210526316,5666.96436150929,0.15,150,5,0.11222222222222224,1.2264950893340485,3.421026755067727,0.0
mtd_ai,200,0.005049452401074813,0.40540540540540543,6863.070338461908,0.2,150,5,0.11222222222222224,1.2264950893340485,3.421026755067727,0.0
mtd_ai,200,0.005049452401074813,0.436046511627907,7449.736451451961,0.25,150,5,0.11222222222222224,1.2264950893340485,3.421026755067727,0.0
mtd_ai,200,0.00504898076214841,0.4411764705882353,1493.314148334975,0.05,150,5,0.12866666666666668,0.1835818674172092,0.6440988081133615,0.0
mtd_ai,200,0.00504898076214841,0.46875,2923.4357837219895,0.1,150,5,0.12866666666666668,0.1835818674172092,0.6440988081133615,0.0
mtd_ai,200,0.00504898076214841,0.45918367346938777,4566.522682014329,0.15,150,5,0.12866666666666668,0.1835818674172092,0.6440988081133615,0.0
mtd_ai,200,0.00504898076214841,0.46153846153846156,5623.827011490872,0.2,150,5,0.12866666666666668,0.1835818674172092,0.6440988081133615,0.0
mtd_ai,200,0.00504898076214841,0.5,6012.611575233568,0.25,150,5,0.12866666666666668,0.1835818674172092,0.6440988081133615,0.0
mtd_ai,200,0.005038244224801244,0.375,1970.4209712739234,0.05,150,5,0.11666666666666667,0.5543898956484363,2.0294133149740374,0.0
mtd_ai,200,0.005038244224801244,0.3488372093023256,3751.1458896949384,0.1,150,5,0.11666666666666667,0.5543898956484363,2.0294133149740374,0.0
mtd_ai,200,0.005038244224801244,0.39473684210526316,4771.254830933503,0.15,150,5,0.11666666666666667,0.5543898956484363,2.0294133149740374,0.0
mtd_ai,200,0.005038244224801244,0.4411764705882353,5327.700348577546,0.2,150,5,0.11666666666666667,0.5543898956484363,2.0294133149740374,0.0
mtd_ai,200,0.005038244224801244,0.4573170731707317,6215.115989184385,0.25,150,5,0.11666666666666667,0.5543898956484363,2.0294133149740374,0.0
mtd_ai,200,0.005051516849457872,0.3125,2517.63466144855,0.05,150,5,0.12333333333333334,1.069675131369179,3.3926910059674373,4.896551724137931
mtd_ai,200,0.005051516849457872,0.4166666666666667,3215.2654859714985,0.1,150,5,0.12333333333333334,1.069675131369179,3.3926910059674373,4.896551724137931
mtd_ai,200,0.005051516849457872,0.45918367346938777,4184.718519638013,0.15,150,5,0.12333333333333334,1.069675131369179,3.3926910059674373,4.896551724137931
mtd_ai,200,0.005051516849457872,0.5084745762711864,4688.216456989654,0.2,150,5,0.12333333333333334,1.069675131369179,3.3926910059674373,4.896551724137931
mtd_ai,200,0.005051516849457872,0.5357142857142857,5397.093589000383,0.25,150,5,0.12333333333333334,1.069675131369179,3.3926910059674373,4.896551724137931
mtd_ai,200,0.0050638117858801445,0.26785714285714285,1865.0089453899136,0.05,150,5,0.14311111111111113,4.684664849807034,6.545458727077821,0.0
mtd_ai,200,0.0050638117858801445,0.24193548387096775,4851.692576959564,0.1,150,5,0.14311111111111113,4.684664849807034,6.545458727077821,0.0
mtd_ai,200,0.0050638117858801445,0.3082191780821918,5304.61320333076,0.15,150,5,0.14311111111111113,4.684664849807034,6.545458727077821,0.0
mtd_ai,200,0.0050638117858801445,0.3448275862068966,6285.588409874408,0.2,150,5,0.14311111111111113,4.684664849807034,6.545458727077821,0.0
mtd_ai,200,0.0050638117858801445,0.3865979381443299,6622.7475949900945,0.25,150,5,0.14311111111111113,4.684664849807034,6.545458727077821,0.0
mtd_ai,200,0.005065705242583805,0.4166666666666667,1322.9035526297546,0.05,150,5,0.1406666666666667,0.5304944336600721,0.6460215534368592,0.0
mtd_ai,200,0.005065705242583805,0.39473684210526316,2248.2162949513595,0.1,150,5,0.1406666666666667,0.5304944336600721,0.6460215534368592,0.0
mtd_ai,200,0.005065705242583805,0.33088235294117646,4833.196007818294,0.15,150,5,0.1406666666666667,0.5304944336600721,0.6460215534368592,0.0
mtd_ai,200,0.005065705242583805,0.37037037037037035,5476.071054525964,0.2,150,5,0.1406666666666667,0.5304944336600721,0.6460215534368592,0.0
mtd_ai,200,0.005065705242583805,0.36764705882352944,6309.761430786546,0.25,150,5,0.1406666666666667,0.5304944336600721,0.6460215534368592,0.0
mtd_ai,200,0.005045370999846412,0.3409090909090909,2406.626838526773,0.05,150,5,0.12333333333333334,4.084978004109609,5.167692578896958,0.0
mtd_ai,200,0.005045370999846412,0.45454545454545453,2975.256547732055,0.1,150,5,0.12333333333333334,4.084978004109609,5.167692578896958,0.0
mtd_ai,200,0.005045370999846412,0.5,3874.6562892739485,0.15,150,5,0.12333333333333334,4.084978004109609,5.167692578896958,0.0
mtd_ai,200,0.005045370999846412,0.47619047619047616,5069.87238162236,0.2,150,5,0.12333333333333334,4.084978004109609,5.167692578896958,0.0
mtd_ai,200,0.005045370999846412,0.4807692307692308,5782.646094586557,0.25,150,5,0.12333333333333334,4.084978004109609,5.167692578896958,0.0
mtd_ai,200,0.005074354274770898,0.25862068965517243,2921.5436418781965,0.05,150,5,0.13333333333333333,0.3740732581331038,1.0668368518819087,0.0
mtd_ai,200,0.005074354274770898,0.36585365853658536,3469.1517041235666,0.1,150,5,0.13333333333333333,0.3740732581331038,1.0668368518819087,0.0
mtd_ai,200,0.005074354274770898,0.4326923076923077,3877.981500334914,0.15,150,5,0.13333333333333333,0.3740732581331038,1.0668368518819087,0.0
mtd_ai,200,0.005074354274770898,0.42857142857142855,4849.422399138192,0.2,150,5,0.13333333333333333,0.3740732581331038,1.0668368518819087,0.0
mtd_ai,200,0.005074354274770898,0.45180722891566266,5349.349212942198,0.25,150,5,0.13333333333333333,0.3740732581331038,1.0668368518819087,0.0
mtd_ai,200,0.005029840974943761,0.24193548387096775,3250.6742791191004,0.05,150,5,0.15311111111111111,0.5987532538117766,1.8610675554824092,0.0
mtd_ai,200,0.005029840974943761,0.2631578947368421,5851.680952038403,0.1,150,5,0.15311111111111111,0.5987532538117766,1.8610675554824092,0.0
mtd_ai,200,0.005029840974943761,0.2848101265822785,6872.971678677612,0.15,150,5,0.15311111111111111,0.5987532538117766,1.8610675554824092,0.0
mtd_ai,200,0.005029840974943761,0.32967032967032966,7472.847000896716,0.2,150,5,0.15311111111111111,0.5987532538117766,1.8610675554824092,0.0
mtd_ai,200,0.005029840974943761,0.33783783783783783,8223.616231810862,0.25,150,5,0.15311111111111111,0.5987532538117766,1.8610675554824092,0.0
mtd_ai,200,0.005053612406679664,0.35714285714285715,2010.8378363178015,0.05,150,5,0.13333333333333333,0.5596038948687958,2.38142700269063,0.0
mtd_ai,200,0.005053612406679664,0.25862068965517243,5630.698921008745,0.1,150,5,0.13333333333333333,0.5596038948687958,2.38142700269063,0.0
mtd_ai,200,0.005053612406679664,0.28125,6523.551056069351,0.15,150,5,0.13333333333333333,0.5596038948687958,2.38142700269063,0.0
mtd_ai,200,0.005053612406679664,0.30927835051546393,7527.808865120284,0.2,150,5,0.13333333333333333,0.5596038948687958,2.38142700269063,0.0
mtd_ai,200,0.005053612406679664,0.3440366972477064,8116.385312625713,0.25,150,5,0.13333333333333333,0.5596038948687958,2.38142700269063,0.0
mtd_ai,200,0.005071973134469577,0.26785714285714285,2932.200158103344,0.05,150,5,0.11333333333333333,0.08475961272461091,0.37752569569305744,0.0
mtd_ai,200,0.005071973134469577,0.3409090909090909,3733.5619758778917,0.1,150,5,0.11333333333333333,0.08475961272461091,0.37752569569305744,0.0
mtd_ai,200,0.005071973134469577,0.4017857142857143,4596.672646582834,0.15,150,5,0.11333333333333333,0.08475961272461091,0.37752569569305744,0.0
mtd_ai,200,0.005071973134469577,0.4225352112676056,5247.655895264612,0.2,150,5,0.11333333333333333,0.08475961272461091,0.37752569569305744,0.0
mtd_ai,200,0.005071973134469577,0.45180722891566266,5722.476514957574,0.25,150,5,0.11333333333333333,0.08475961272461091,0.37752569569305744,0.0
mtd_ai,200,0.005062356637464696,0.3,2922.250440048848,0.05,150,5,0.1627777777777778,1.3741802118579738,3.6080488753746054,0.0
mtd_ai,200,0.005062356637464696,0.38461538461538464,3837.5253339723918,0.1,150,5,0.1627777777777778,1.3741802118579738,3.6080488753746054,0.0
mtd_ai,200,0.005062356637464696,0.4411764705882353,4839.467411184532,0.15,150,5,0.1627777777777778,1.3741802118579738,3.6080488753746054,0.0
mtd_ai,200,0.005062356637464696,0.36585365853658536,6820.908594958187,0.2,150,5,0.1627777777777778,1.3741802118579738,3.6080488753746054,0.0
mtd_ai,200,0.005062356637464696,0.41208791208791207,7357.235653884718,0.25,150,5,0.1627777777777778,1.3741802118579738,3.6080488753746054,0.0
mtd_ai,200,0.005033112327029587,0.39473684210526316,1749.5477808947512,0.05,150,5,0.10133333333333333,0.2771059863447796,1.1495744142641777,0.0
mtd_ai,200,0.005033112327029587,0.35714285714285715,3388.8216745631235,0.1,150,5,0.10133333333333333,0.2771059863447796,1.1495744142641777,0.0
mtd_ai,200,0.005033112327029587,0.4017857142857143,4364.31598711546,0.15,150,5,0.10133333333333333,0.2771059863447796,1.1495744142641777,0.0
mtd_ai,200,0.005033112327029587,0.39473684210526316,5248.876747262713,0.2,150,5,0.10133333333333333,0.2771059863447796,1.1495744142641777,0.0
mtd_ai,200,0.005033112327029587,0.41208791208791207,6625.476625588364,0.25,150,5,0.10133333333333333,0.2771059863447796,1.1495744142641777,0.0
mtd_ai,200,0.005058373346041415,0.3,2280.950327855009,0.05,150,5,0.15166666666666667,2.2199826248771686,4.151139527520195,0.0
mtd_ai,200,0.005058373346041415,0.35714285714285715,3475.793005560452,0.1,150,5,0.15166666666666667,2.2199826248771686,4.151139527520195,0.0
mtd_ai,200,0.005058373346041415,0.4166666666666667,4095.5244218358803,0.15,150,5,0.15166666666666667,2.2199826248771686,4.151139527520195,0.0
mtd_ai,200,0.005058373346041415,0.4,5978.571055220413,0.2,150,5,0.15166666666666667,2.2199826248771686,4.151139527520195,0.0
mtd_ai,200,0.005058373346041415,0.4411764705882353,6429.174606037583,0.25,150,5,0.15166666666666667,2.2199826248771686,4.151139527520195,0.0
mtd_ai,200,0.005038300576439795,0.28846153846153844,2297.9790763015544,0.05,150,5,0.15055555555555555,4.240569047751938,7.289842277135807,0.0
mtd_ai,200,0.005038300576439795,0.375,3620.556270850575,0.1,150,5,0.15055555555555555,4.240569047751938,7.289842277135807,0.0
mtd_ai,200,0.005038300576439795,0.4411764705882353,4208.305033606601,0.15,150,5,0.15055555555555555,4.240569047751938,7.289842277135807,0.0
mtd_ai,200,0.005038300576439795,0.40540540540540543,5452.892785049659,0.2,150,5,0.15055555555555555,4.240569047751938,7.289842277135807,0.0
mtd_ai,200,0.005038300576439795,0.44642857142857145,5869.339193544696,0.25,150,5,0.15055555555555555,4.240569047751938,7.289842277135807,0.0
mtd_ai,200,0.005079575600398622,0.3,2348.630616532919,0.05,150,5,0.09333333333333334,0.14007845930169702,0.6079437311334329,0.0
mtd_ai,200,0.005079575600398622,0.38461538461538464,3217.2711099179505,0.1,150,5,0.09333333333333334,0.14007845930169702,0.6079437311334329,0.0
mtd_ai,200,0.005079575600398622,0.4326923076923077,4056.687596734149,0.15,150,5,0.09333333333333334,0.14007845930169702,0.6079437311334329,0.0
mtd_ai,200,0.005079575600398622,0.40540540540540543,5477.522960866056,0.2,150,5,0.09333333333333334,0.14007845930169702,0.6079437311334329,0.0
mtd_ai,200,0.005079575600398622,0.44642857142857145,5882.419520141813,0.25,150,5,0.09333333333333334,0.14007845930169702,0.6079437311334329,0.0
mtd_ai,200,0.005049478363303028,0.3,2880.2018313917333,0.05,150,5,0.13733333333333334,0.9572370886501719,3.9895064939963376,0.0
mtd_ai,200,0.005049478363303028,0.40540540540540543,3518.022129824081,0.1,150,5,0.13733333333333334,0.9572370886501719,3.9895064939963376,0.0
mtd_ai,200,0.005049478363303028,0.45918367346938777,4314.160904782371,0.15,150,5,0.13733333333333334,0.9572370886501719,3.9895064939963376,0.0
mtd_ai,200,0.005049478363303028,0.5172413793103449,4777.181676015985,0.2,150,5,0.13733333333333334,0.9572370886501719,3.9895064939963376,0.0
mtd_ai,200,0.005049478363303028,0.5597014925373134,5056.253413911609,0.25,150,5,0.13733333333333334,0.9572370886501719,3.9895064939963376,0.0
mtd_ai,200,0.005057358994317004,0.24193548387096775,3479.5768201386763,0.05,150,5,0.16444444444444445,0.738344065744539,3.138461059453384,0.0
mtd_ai,200,0.005057358994317004,0.36585365853658536,3971.7336623014953,0.1,150,5,0.16444444444444445,0.738344065744539,3.138461059453384,0.0
mtd_ai,200,0.005057358994317004,0.42452830188679247,4628.277690333223,0.15,150,5,0.16444444444444445,0.738344065744539,3.138461059453384,0.0
mtd_ai,200,0.005057358994317004,0.39473684210526316,6015.723120618059,0.2,150,5,0.16444444444444445,0.738344065744539,3.138461059453384,0.0
mtd_ai,200,0.005057358994317004,0.43103448275862066,6710.462421548274,0.25,150,5,0.16444444444444445,0.738344065744539,3.138461059453384,0.0
mtd_ai,200,0.005044352449575042,0.35714285714285715,2222.63958146066,0.05,150,5,0.0,0.6828069349903035,2.0346319428081396,-5.75
mtd_ai,200,0.005044352449575042,0.39473684210526316,3425.2323127319346,0.1,150,5,0.0,0.6828069349903035,2.0346319428081396,-5.75
mtd_ai,200,0.005044352449575042,0.4166666666666667,4338.796816753802,0.15,150,5,0.0,0.6828069349903035,2.0346319428081396,-5.75
mtd_ai,200,0.005044352449575042,0.45454545454545453,4736.598112844469,0.2,150,5,0.0,0.6828069349903035,2.0346319428081396,-5.75
mtd_ai,200,0.005044352449575042,0.4934210526315789,5455.097896524414,0.25,150,5,0.0,0.6828069349903035,2.0346319428081396,-5.75
mtd_ai,200,0.005044861231377663,0.39473684210526316,1761.958439692418,0.05,150,5,0.24677777777777776,2.623771036308575,3.8943563047739724,0.0
mtd_ai,200,0.005044861231377663,0.32608695652173914,2960.773862422154,0.1,150,5,0.24677777777777776,2.623771036308575,3.8943563047739724,0.0
mtd_ai,200,0.005044861231377663,0.3515625,4451.953291069362,0.15,150,5,0.24677777777777776,2.623771036308575,3.8943563047739724,0.0
mtd_ai,200,0.005044861231377663,0.38961038961038963,4920.238354341988,0.2,150,5,0.24677777777777776,2.623771036308575,3.8943563047739724,0.0
mtd_ai,200,0.005044861231377663,0.4411764705882353,5102.992700413317,0.25,150,5,0.24677777777777776,2.623771036308575,3.8943563047739724,0.0
mtd_ai,200,0.005037203619886359,0.39473684210526316,1894.6569627586323,0.05,150,5,0.14753968253968253,1.289362693888162,2.7948772685827468,0.0
mtd_ai,200,0.005037203619886359,0.4166666666666667,3411.215817898375,0.1,150,5,0.14753968253968253,1.289362693888162,2.7948772685827468,0.0
mtd_ai,200,0.005037203619886359,0.375,4784.47603198149,0.15,150,5,0.14753968253968253,1.289362693888162,2.7948772685827468,0.0
mtd_ai,200,0.005037203619886359,0.37037037037037035,5895.96000168305,0.2,150,5,0.14753968253968253,1.289362693888162,2.7948772685827468,0.0
mtd_ai,200,0.005037203619886359,0.4166666666666667,6263.53168830182,0.25,150,5,0.14753968253968253,1.289362693888162,2.7948772685827468,0.0
mtd_ai,200,0.00506946926513689,0.35714285714285715,2196.807454735016,0.05,150,5,0.14277777777777778,0.3884945335007447,1.5254642719718683,0.0
mtd_ai,200,0.00506946926513689,0.4166666666666667,3412.8965994629834,0.1,150,5,0.14277777777777778,0.3884945335007447,1.5254642719718683,0.0
mtd_ai,200,0.00506946926513689,0.4326923076923077,4408.5417650055,0.15,150,5,0.14277777777777778,0.3884945335007447,1.5254642719718683,0.0
mtd_ai,200,0.00506946926513689,0.4225352112676056,5547.99699428502,0.2,150,5,0.14277777777777778,0.3884945335007447,1.5254642719718683,0.0
mtd_ai,200,0.00506946926513689,0.4573170731707317,5974.689184841892,0.25,150,5,0.14277777777777778,0.3884945335007447,1.5254642719718683,0.0
mtd_ai,200,0.005056111629250473,0.32608695652173914,1869.6695943535385,0.05,150,5,0.15866666666666668,1.5126704898499792,4.529508657892266,0.0
mtd_ai,200,0.005056111629250473,0.40540540540540543,2708.826516988902,0.1,150,5,0.15866666666666668,1.5126704898499792,4.529508657892266,0.0
mtd_ai,200,0.005056111629250473,0.45918367346938777,3511.625336378267,0.15,150,5,0.15866666666666668,1.5126704898499792,4.529508657892266,0.0
mtd_ai,200,0.005056111629250473,0.4918032786885246,4169.078451339533,0.2,150,5,0.15866666666666668,1.5126704898499792,4.529508657892266,0.0
mtd_ai,200,0.005056111629250473,0.528169014084507,4692.231735526844,0.25,150,5,0.15866666666666668,1.5126704898499792,4.529508657892266,0.0
mtd_ai,200,0.0050585667419815765,0.3125,1775.7520976491014,0.05,150,5,0.15,2.599273685145637,5.615487887883247,-4.333333333333333
mtd_ai,200,0.0050585667419815765,0.375,2894.7689687969914,0.1,150,5,0.15,2.599273685145637,5.615487887883247,-4.333333333333333
mtd_ai,200,0.0050585667419815765,0.46875,3250.3850832050575,0.15,150,5,0.15,2.599273685145637,5.615487887883247,-4.333333333333333
mtd_ai,200,0.0050585667419815765,0.4918032786885246,4143.822193008351,0.2,150,5,0.15,2.599273685145637,5.615487887883247,-4.333333333333333
mtd_ai,200,0.0050585667419815765,0.5,5154.994381844095,0.25,150,5,0.15,2.599273685145637,5.615487887883247,-4.333333333333333
mtd_ai,200,0.00505126604785351,0.26785714285714285,2324.382020016448,0.05,150,5,0.15111111111111108,1.1501960111455842,3.741865571821926,0.0
mtd_ai,200,0.00505126604785351,0.35714285714285715,3268.1069756490087,0.1,150,5,0.15111111111111108,1.1501960111455842,3.741865571821926,0.0
mtd_ai,200,0.00505126604785351,0.3879310344827586,4524.635308722261,0.15,150,5,0.15111111111111108,1.1501960111455842,3.741865571821926,0.0
mtd_ai,200,0.00505126604785351,0.45454545454545453,4821.055671482727,0.2,150,5,0.15111111111111108,1.1501960111455842,3.741865571821926,0.0
mtd_ai,200,0.00505126604785351,0.4934210526315789,5469.885607598291,0.25,150,5,0.15111111111111108,1.1501960111455842,3.741865571821926,0.0
mtd_ai,200,0.005065752826465168,0.3125,2490.4112987370345,0.05,150,5,0.14442857142857143,0.13164354547719845,0.5343839010590762,0.0
mtd_ai,200,0.005065752826465168,0.3191489361702128,3899.22927890639,0.1,150,5,0.14442857142857143,0.13164354547719845,0.5343839010590762,0.0
mtd_ai,200,0.005065752826465168,0.35714285714285715,5057.819732452148,0.15,150,5,0.14442857142857143,0.13164354547719845,0.5343839010590762,0.0
mtd_ai,200,0.005065752826465168,0.39473684210526316,5534.278026255943,0.2,150,5,0.14442857142857143,0.13164354547719845,0.5343839010590762,0.0
mtd_ai,200,0.005065752826465168,0.4166666666666667,6198.843817303329,0.25,150,5,0.14442857142857143,0.13164354547719845,0.5343839010590762,0.0
mtd_ai,200,0.0050396593189761954,0.39473684210526316,1869.6665659934806,0.05,150,5,0.085,19.600603425542197,8.331607081766176,0.0
mtd_ai,200,0.0050396593189761954,0.375,3563.4916397728157,0.1,150,5,0.085,19.600603425542197,8.331607081766176,0.0
mtd_ai,200,0.0050396593189761954,0.4326923076923077,4316.504570887016,0.15,150,5,0.085,19.600603425542197,8.331607081766176,0.0
mtd_ai,200,0.0050396593189761954,0.43478260869565216,5962.185946611343,0.2,150,5,0.085,19.600603425542197,8.331607081766176,0.0
mtd_ai,200,0.0050396593189761954,0.4573170731707317,6868.57695102673,0.25,150,5,0.085,19.600603425542197,8.331607081766176,0.0
mtd_ai,200,0.005031690709624021,0.25862068965517243,2930.379785352625,0.05,150,5,0.11333333333333333,0.6493571819243491,2.6005776010466786,0.0
mtd_ai,200,0.005031690709624021,0.3,4660.051628419469,0.1,150,5,0.11333333333333333,0.6493571819243491,2.6005776010466786,0.0
mtd_ai,200,0.005031690709624021,0.3629032258064516,5602.671793222978,0.15,150,5,0.11333333333333333,0.6493571819243491,2.6005776010466786,0.0
mtd_ai,200,0.005031690709624021,0.3448275862068966,6846.169987971389,0.2,150,5,0.11333333333333333,0.6493571819243491,2.6005776010466786,0.0
mtd_ai,200,0.005031690709624021,0.3826530612244898,7588.915505508804,0.25,150,5,0.11333333333333333,0.6493571819243491,2.6005776010466786,0.0
mtd_ai,200,0.005091751052782569,0.39473684210526316,1994.452176938013,0.05,150,5,0.14833333333333334,0.8308999315199144,2.705412629036953,0.0
mtd_ai,200,0.005091751052782569,0.5172413793103449,2673.994634775655,0.1,150,5,0.14833333333333334,0.8308999315199144,2.705412629036953,0.0
mtd_ai,200,0.005091751052782569,0.5232558139534884,3830.87770415232,0.15,150,5,0.14833333333333334,0.8308999315199144,2.705412629036953,0.0
mtd_ai,200,0.005091751052782569,0.5660377358490566,4367.076306421133,0.2,150,5,0.14833333333333334,0.8308999315199144,2.705412629036953,0.0
mtd_ai,200,0.005091751052782569,0.5859375,4784.941665383041,0.25,150,5,0.14833333333333334,0.8308999315199144,2.705412629036953,0.0
mtd_ai,200,0.005061584926562038,0.20833333333333334,3558.914067685074,0.05,150,5,0.11370370370370371,0.3148416956385266,1.2004136829681786,0.0
mtd_ai,200,0.005061584926562038,0.3191489361702128,4228.7271203984,0.1,150,5,0.11370370370370371,0.3148416956385266,1.2004136829681786,0.0
mtd_ai,200,0.005061584926562038,0.39473684210526316,4777.575230461125,0.15,150,5,0.11370370370370371,0.3148416956385266,1.2004136829681786,0.0
mtd_ai,200,0.005061584926562038,0.38961038961038963,5877.540723722715,0.2,150,5,0.11370370370370371,0.3148416956385266,1.2004136829681786,0.0
mtd_ai,200,0.005061584926562038,0.36764705882352944,6857.602683138671,0.25,150,5,0.11370370370370371,0.3148416956385266,1.2004136829681786,0.0
mtd_ai,200,0.0050519153038181734,0.35714285714285715,1567.907156195692,0.05,150,5,0.15888888888888889,0.6918151221432486,2.4369861801757393,0.0
mtd_ai,200,0.0050519153038181734,0.35714285714285715,3204.4643438463445,0.1,150,5,0.15888888888888889,0.6918151221432486,2.4369861801757393,0.0
mtd_ai,200,0.0050519153038181734,0.3358208955223881,4562.490139174546,0.15,150,5,0.15888888888888889,0.6918151221432486,2.4369861801757393,0.0
mtd_ai,200,0.0050519153038181734,0.3448275862068966,5919.484302327556,0.2,150,5,0.15888888888888889,0.6918151221432486,2.4369861801757393,0.0
mtd_ai,200,0.0050519153038181734,0.375,6799.828693681008,0.25,150,5,0.15888888888888889,0.6918151221432486,2.4369861801757393,0.0
mtd_ai,200,0.005090708506740113,0.35714285714285715,1959.2560275730402,0.05,150,5,0.16333333333333333,0.05800084037727705,0.13273667653141857,0.0
mtd_ai,200,0.005090708506740113,0.45454545454545453,2860.7985433597423,0.1,150,5,0.16333333333333333,0.05800084037727705,0.13273667653141857,0.0
mtd_ai,200,0.005090708506740113,0.5625,3197.797541257887,0.15,150,5,0.16333333333333333,0.05800084037727705,0.13273667653141857,0.0
mtd_ai,200,0.005090708506740113,0.5172413793103449,4162.916055080494,0.2,150,5,0.16333333333333333,0.05800084037727705,0.13273667653141857,0.0
mtd_ai,200,0.005090708506740113,0.5514705882352942,4724.2718440776825,0.25,150,5,0.16333333333333333,0.05800084037727705,0.13273667653141857,0.0
mtd_ai,200,0.0050347912346775355,0.28846153846153844,2345.146840260416,0.05,150,5,0.13777777777777778,0.3342726270052023,1.4858427568868653,0.0
mtd_ai,200,0.0050347912346775355,0.32608695652173914,3537.432268330289,0.1,150,5,0.13777777777777778,0.3342726270052023,1.4858427568868653,0.0
mtd_ai,200,0.0050347912346775355,0.3515625,4872.437203290707,0.15,150,5,0.13777777777777778,0.3342726270052023,1.4858427568868653,0.0
mtd_ai,200,0.0050347912346775355,0.3488372093023256,7434.151301126572,0.2,150,5,0.13777777777777778,0.3342726270052023,1.4858427568868653,0.0
mtd_ai,200,0.0050347912346775355,0.3640776699029126,8309.815150449376,0.25,150,5,0.13777777777777778,0.3342726270052023,1.4858427568868653,0.0
mtd_ai,200,0.0050372943316353445,0.25,2577.528172939519,0.05,150,5,0.11,0.5124090015192675,1.9814447491378255,0.0
mtd_ai,200,0.0050372943316353445,0.29411764705882354,4220.120580318439,0.1,150,5,0.11,0.5124090015192675,1.9814447491378255,0.0
mtd_ai,200,0.0050372943316353445,0.3515625,5306.048822750815,0.15,150,5,0.11,0.5124090015192675,1.9814447491378255,0.0
mtd_ai,200,0.0050372943316353445,0.375,6537.205570890117,0.2,150,5,0.11,0.5124090015192675,1.9814447491378255,0.0
mtd_ai,200,0.0050372943316353445,0.4032258064516129,7381.166547629227,0.25,150,5,0.11,0.5124090015192675,1.9814447491378255,0.0
mtd_ai,200,0.005085344341476157,0.5,1196.6722386867316,0.05,150,5,0.11599999999999999,1.7936090863418803,2.0096585514172594,0.0
mtd_ai,200,0.005085344341476157,0.3488372093023256,3216.3404631116555,0.1,150,5,0.11599999999999999,1.7936090863418803,2.0096585514172594,0.0
mtd_ai,200,0.005085344341476157,0.4017857142857143,4499.653839040369,0.15,150,5,0.11599999999999999,1.7936090863418803,2.0096585514172594,0.0
mtd_ai,200,0.005085344341476157,0.4411764705882353,5095.710167868414,0.2,150,5,0.11599999999999999,1.7936090863418803,2.0096585514172594,0.0
mtd_ai,200,0.005085344341476157,0.487012987012987,5395.975708865675,0.25,150,5,0.11599999999999999,1.7936090863418803,2.0096585514172594,0.0
mtd_ai,200,0.005073462582890612,0.28846153846153844,2906.0777422907713,0.05,150,5,0.115,0.2960587553447317,1.0724044219045596,0.0
mtd_ai,200,0.005073462582890612,0.375,4316.220843759049,0.1,150,5,0.115,0.2960587553447317,1.0724044219045596,0.0
mtd_ai,200,0.005073462582890612,0.4411764705882353,5175.352103633763,0.15,150,5,0.115,0.2960587553447317,1.0724044219045596,0.0
mtd_ai,200,0.005073462582890612,0.5,5632.472158703191,0.2,150,5,0.115,0.2960587553447317,1.0724044219045596,0.0
mtd_ai,200,0.005073462582890612,0.528169014084507,6007.506927952732,0.25,150,5,0.115,0.2960587553447317,1.0724044219045596,0.0
mtd_ai,200,0.005074323359107512,0.3409090909090909,2051.393336124788,0.05,150,5,0.11694444444444443,0.8552634776684723,3.7528161633858024,0.0
mtd_ai,200,0.005074323359107512,0.40540540540540543,3066.211749627702,0.1,150,5,0.11694444444444443,0.8552634776684723,3.7528161633858024,0.0
mtd_ai,200,0.005074323359107512,0.4326923076923077,3908.5929337073253,0.15,150,5,0.11694444444444443,0.8552634776684723,3.7528161633858024,0.0
mtd_ai,200,0.005074323359107512,0.4225352112676056,5446.48413238602,0.2,150,5,0.11694444444444443,0.8552634776684723,3.7528161633858024,0.0
mtd_ai,200,0.005074323359107512,0.46296296296296297,5888.936154214729,0.25,150,5,0.11694444444444443,0.8552634776684723,3.7528161633858024,0.0
mtd_ai,200,0.005039260224098831,0.3,2784.6838523692,0.05,150,5,0.11833333333333333,6.034527005238098,4.553030793566071,0.0
mtd_ai,200,0.005039260224098831,0.36585365853658536,3777.736597822261,0.1,150,5,0.11833333333333333,6.034527005238098,4.553030793566071,0.0
mtd_ai,200,0.005039260224098831,0.45,4112.099497832831,0.15,150,5,0.11833333333333333,6.034527005238098,4.553030793566071,0.0
mtd_ai,200,0.005039260224098831,0.46153846153846156,5095.120339022415,0.2,150,5,0.11833333333333333,6.034527005238098,4.553030793566071,0.0
mtd_ai,200,0.005039260224098831,0.4807692307692308,6208.725472360128,0.25,150,5,0.11833333333333333,6.034527005238098,4.553030793566071,0.0
mtd_ai,200,0.005062975955196617,0.375,1807.835834614049,0.05,150,5,0.21212121212121213,1.3055728904537753,4.412678980650391,0.0
mtd_ai,200,0.005062975955196617,0.42857142857142855,2870.544859369229,0.1,150,5,0.21212121212121213,1.3055728904537753,4.412678980650391,0.0
mtd_ai,200,0.005062975955196617,0.4787234042553192,3435.0865503160394,0.15,150,5,0.21212121212121213,1.3055728904537753,4.412678980650391,0.0
mtd_ai,200,0.005062975955196617,0.5,4333.029815844909,0.2,150,5,0.21212121212121213,1.3055728904537753,4.412678980650391,0.0
mtd_ai,200,0.005062975955196617,0.5357142857142857,4765.455246280809,0.25,150,5,0.21212121212121213,1.3055728904537753,4.412678980650391,0.0
mtd_ai,200,0.0050456584237909925,0.4411764705882353,1717.1638762906828,0.05,150,5,0.1,1.118371951217914,3.972470164338327,6.75
mtd_ai,200,0.0050456584237909925,0.4411764705882353,3334.288508249115,0.1,150,5,0.1,1.118371951217914,3.972470164338327,6.75
mtd_ai,200,0.0050456584237909925,0.4891304347826087,3967.7703996963924,0.15,150,5,0.1,1.118371951217914,3.972470164338327,6.75
mtd_ai,200,0.0050456584237909925,0.5084745762711864,4509.009245639503,0.2,150,5,0.1,1.118371951217914,3.972470164338327,6.75
mtd_ai,200,0.0050456584237909925,0.4807692307692308,5695.236498596125,0.25,150,5,0.1,1.118371951217914,3.972470164338327,6.75
mtd_ai,200,0.005046546724380117,0.46875,1129.5849050004415,0.05,150,5,0.1875,0.9098362159131893,1.2473655569971198,-4.1875
mtd_ai,200,0.005046546724380117,0.45454545454545453,2595.6241610800084,0.1,150,5,0.1875,0.9098362159131893,1.2473655569971198,-4.1875
mtd_ai,200,0.005046546724380117,0.46875,4347.563905295447,0.15,150,5,0.1875,0.9098362159131893,1.2473655569971198,-4.1875
mtd_ai,200,0.005046546724380117,0.4918032786885246,4839.786504068006,0.2,150,5,0.1875,0.9098362159131893,1.2473655569971198,-4.1875
mtd_ai,200,0.005046546724380117,0.528169014084507,5336.200805519161,0.25,150,5,0.1875,0.9098362159131893,1.2473655569971198,-4.1875
mtd_ai,200,0.005110178483685142,0.3409090909090909,1905.0980296769899,0.05,150,5,0.11511111111111111,0.6783950903069778,3.000955380349128,0.0
mtd_ai,200,0.005110178483685142,0.45454545454545453,2433.7909155008183,0.1,150,5,0.11511111111111111,0.6783950903069778,3.000955380349128,0.0
mtd_ai,200,0.005110178483685142,0.5,2971.139838241445,0.15,150,5,0.11511111111111111,0.6783950903069778,3.000955380349128,0.0
mtd_ai,200,0.005110178483685142,0.5084745762711864,3638.29827484019,0.2,150,5,0.11511111111111111,0.6783950903069778,3.000955380349128,0.0
mtd_ai,200,0.005110178483685142,0.5357142857142857,4067.8945271245966,0.25,150,5,0.11511111111111111,0.6783950903069778,3.000955380349128,0.0
mtd_ai,200,0.005073575199077994,0.32608695652173914,2079.8801526355956,0.05,150,5,0.11,0.10038353303640554,0.12537492459301672,0.0
mtd_ai,200,0.005073575199077994,0.375,3646.7710929560917,0.1,150,5,0.11,0.10038353303640554,0.12537492459301672,0.0
mtd_ai,200,0.005073575199077994,0.4326923076923077,4359.8388224444325,0.15,150,5,0.11,0.10038353303640554,0.12537492459301672,0.0
mtd_ai,200,0.005073575199077994,0.47619047619047616,4898.5194077911265,0.2,150,5,0.11,0.10038353303640554,0.12537492459301672,0.0
mtd_ai,200,0.005073575199077994,0.5067567567567568,5346.291086454955,0.25,150,5,0.11,0.10038353303640554,0.12537492459301672,0.0
mtd_ai,200,0.005071845205694532,0.3125,1853.9511091174722,0.05,150,5,0.13644444444444442,0.1172838483224,0.4608111890079103,0.0
mtd_ai,200,0.005071845205694532,0.375,2708.717279158466,0.1,150,5,0.13644444444444442,0.1172838483224,0.4608111890079103,0.0
mtd_ai,200,0.005071845205694532,0.4326923076923077,3505.7909154710633,0.15,150,5,0.13644444444444442,0.1172838483224,0.4608111890079103,0.0
mtd_ai,200,0.005071845205694532,0.45454545454545453,4404.287568172405,0.2,150,5,0.13644444444444442,0.1172838483224,0.4608111890079103,0.0
mtd_ai,200,0.005071845205694532,0.4166666666666667,5954.159330174603,0.25,150,5,0.13644444444444442,0.1172838483224,0.4608111890079103,0.0
mtd_ai,200,0.005040639655112944,0.39473684210526316,1821.5410715328694,0.05,150,5,0.10222222222222223,0.2541543538497406,0.936955799097761,0.0
mtd_ai,200,0.005040639655112944,0.38461538461538464,3848.1698728477686,0.1,150,5,0.10222222222222223,0.2541543538497406,0.936955799097761,0.0
mtd_ai,200,0.005040639655112944,0.45,4567.080331462537,0.15,150,5,0.10222222222222223,0.2541543538497406,0.936955799097761,0.0
mtd_ai,200,0.005040639655112944,0.47619047619047616,5348.0275654284005,0.2,150,5,0.10222222222222223,0.2541543538497406,0.936955799097761,0.0
mtd_ai,200,0.005040639655112944,0.5136986301369864,5758.413398643284,0.25,150,5,0.10222222222222223,0.2541543538497406,0.936955799097761,0.0
mtd_ai,200,0.005050629136304812,0.28846153846153844,2547.0637111518745,0.05,150,5,0.1438095238095238,2.3243498707212282,5.063789660030001,0.0
mtd_ai,200,0.005050629136304812,0.375,3383.7504399708732,0.1,150,5,0.1438095238095238,2.3243498707212282,5.063789660030001,0.0
mtd_ai,200,0.005050629136304812,0.4411764705882353,4107.803179632607,0.15,150,5,0.1438095238095238,2.3243498707212282,5.063789660030001,0.0
mtd_ai,200,0.005050629136304812,0.46875,4733.7294194832375,0.2,150,5,0.1438095238095238,2.3243498707212282,5.063789660030001,0.0
mtd_ai,200,0.005050629136304812,0.487012987012987,5582.0816823635105,0.25,150,5,0.1438095238095238,2.3243498707212282,5.063789660030001,0.0
mtd_ai,200,0.005082013439216735,0.375,1803.7459061455331,0.05,150,5,0.09333333333333332,11.198791831069771,8.270622821977215,0.0
mtd_ai,200,0.005082013439216735,0.38461538461538464,3435.5545625127334,0.1,150,5,0.09333333333333332,11.198791831069771,8.270622821977215,0.0
mtd_ai,200,0.005082013439216735,0.45918367346938777,4016.697665886906,0.15,150,5,0.09333333333333332,11.198791831069771,8.270622821977215,0.0
mtd_ai,200,0.005082013439216735,0.4918032786885246,4940.3506628856885,0.2,150,5,0.09333333333333332,11.198791831069771,8.270622821977215,0.0
mtd_ai,200,0.005082013439216735,0.5208333333333334,5446.176922725712,0.25,150,5,0.09333333333333332,11.198791831069771,8.270622821977215,0.0
mtd_ai,200,0.005061491105904002,0.26785714285714285,3317.603027792027,0.05,150,5,0.1,0.27929173451297884,0.9813648977829728,0.0
mtd_ai,200,0.005061491105904002,0.375,3874.9496977537906,0.1,150,5,0.1,0.27929173451297884,0.9813648977829728,0.0
mtd_ai,200,0.005061491105904002,0.4326923076923077,4918.319237063291,0.15,150,5,0.1,0.27929173451297884,0.9813648977829728,0.0
mtd_ai,200,0.005061491105904002,0.46875,5594.534987329464,0.2,150,5,0.1,0.27929173451297884,0.9813648977829728,0.0
mtd_ai,200,0.005061491105904002,0.487012987012987,6630.013758698189,0.25,150,5,0.1,0.27929173451297884,0.9813648977829728,0.0
mtd_ai,200,0.005061672261396872,0.20270270270270271,3780.5125649329125,0.05,150,5,0.135,0.09006716424968439,0.35920274365808424,0.0
mtd_ai,200,0.005061672261396872,0.28846153846153844,4690.986281540849,0.1,150,5,0.135,0.09006716424968439,0.35920274365808424,0.0
mtd_ai,200,0.005061672261396872,0.36885245901639346,5156.612746122793,0.15,150,5,0.135,0.09006716424968439,0.35920274365808424,0.0
mtd_ai,200,0.005061672261396872,0.39473684210526316,5847.995358176046,0.2,150,5,0.135,0.09006716424968439,0.35920274365808424,0.0
mtd_ai,200,0.005061672261396872,0.43103448275862066,6703.267629347796,0.25,150,5,0.135,0.09006716424968439,0.35920274365808424,0.0
mtd_ai,200,0.00505395118523653,0.28846153846153844,2365.151973834819,0.05,150,5,0.12338888888888888,2.513385728229169,6.473592560614885,0.0
mtd_ai,200,0.00505395118523653,0.35714285714285715,3462.4555784530357,0.1,150,5,0.12338888888888888,2.513385728229169,6.473592560614885,0.0
mtd_ai,200,0.00505395118523653,0.4411764705882353,3953.5620229682445,0.15,150,5,0.12338888888888888,2.513385728229169,6.473592560614885,0.0
mtd_ai,200,0.00505395118523653,0.46875,4521.789146436582,0.2,150,5,0.12338888888888888,2.513385728229169,6.473592560614885,0.0
mtd_ai,200,0.00505395118523653,0.4807692307692308,5456.276813558766,0.25,150,5,0.12338888888888888,2.513385728229169,6.473592560614885,0.0
mtd_ai,200,0.005077278075837479,0.2777777777777778,2695.5874980970652,0.05,150,5,0.21428571428571427,0.20469440673284592,0.8208501686226068,0.0
mtd_ai,200,0.005077278075837479,0.375,3449.2503866533452,0.1,150,5,0.21428571428571427,0.20469440673284592,0.8208501686226068,0.0
mtd_ai,200,0.005077278075837479,0.4090909090909091,4183.37484449242,0.15,150,5,0.21428571428571427,0.20469440673284592,0.8208501686226068,0.0
mtd_ai,200,0.005077278075837479,0.4411764705882353,4916.718277930456,0.2,150,5,0.21428571428571427,0.20469440673284592,0.8208501686226068,0.0
mtd_ai,200,0.005077278075837479,0.487012987012987,5336.103791071766,0.25,150,5,0.21428571428571427,0.20469440673284592,0.8208501686226068,0.0
mtd_ai,200,0.005050803953654273,0.35714285714285715,2431.9601670420284,0.05,150,5,0.09555555555555555,0.984475539602793,4.1435067742834155,0.0
mtd_ai,200,0.005050803953654273,0.40540540540540543,3263.990764247021,0.1,150,5,0.09555555555555555,0.984475539602793,4.1435067742834155,0.0
mtd_ai,200,0.005050803953654273,0.45,4144.6194081827225,0.15,150,5,0.09555555555555555,0.984475539602793,4.1435067742834155,0.0
mtd_ai,200,0.005050803953654273,0.46875,4955.630306027868,0.2,150,5,0.09555555555555555,0.984475539602793,4.1435067742834155,0.0
mtd_ai,200,0.005050803953654273,0.5136986301369864,5499.311733641133,0.25,150,5,0.09555555555555555,0.984475539602793,4.1435067742834155,0.0
mtd_ai,200,0.0050817207053022026,0.3409090909090909,2418.9443325917573,0.05,150,5,0.13099999999999998,7.406910042190601,7.741712925851065,0.0
mtd_ai,200,0.0050817207053022026,0.40540540540540543,3389.79671159746,0.1,150,5,0.13099999999999998,7.406910042190601,7.741712925851065,0.0
mtd_ai,200,0.0050817207053022026,0.4891304347826087,4183.940101354807,0.15,150,5,0.13099999999999998,7.406910042190601,7.741712925851065,0.0
mtd_ai,200,0.0050817207053022026,0.4838709677419355,4953.888883838624,0.2,150,5,0.13099999999999998,7.406910042190601,7.741712925851065,0.0
mtd_ai,200,0.0050817207053022026,0.5067567567567568,5473.917870218411,0.25,150,5,0.13099999999999998,7.406910042190601,7.741712925851065,0.0
mtd_ai,200,0.005075253072908255,0.4166666666666667,1680.8924536398295,0.05,150,5,0.13933333333333334,0.7161189129077592,2.328100746596742,0.0
mtd_ai,200,0.005075253072908255,0.45454545454545453,2860.5898315326867,0.1,150,5,0.13933333333333334,0.7161189129077592,2.328100746596742,0.0
mtd_ai,200,0.005075253072908255,0.4326923076923077,4826.378264081407,0.15,150,5,0.13933333333333334,0.7161189129077592,2.328100746596742,0.0
mtd_ai,200,0.005075253072908255,0.46153846153846156,5289.852623967876,0.2,150,5,0.13933333333333334,0.7161189129077592,2.328100746596742,0.0
mtd_ai,200,0.005075253072908255,0.4934210526315789,5864.078480255021,0.25,150,5,0.13933333333333334,0.7161189129077592,2.328100746596742,0.0
mtd_ai,200,0.005061174562154215,0.3409090909090909,2030.2068531417603,0.05,150,5,0.15666666666666668,0.9819754486365287,2.7811651365251175,0.0
mtd_ai,200,0.005061174562154215,0.40540540540540543,3219.4729599479265,0.1,150,5,0.15666666666666668,0.9819754486365287,2.7811651365251175,0.0
mtd_ai,200,0.005061174562154215,0.46875,3955.06286892055,0.15,150,5,0.15666666666666668,0.9819754486365287,2.7811651365251175,0.0
mtd_ai,200,0.005061174562154215,0.5,4360.866079706895,0.2,150,5,0.15666666666666668,0.9819754486365287,2.7811651365251175,0.0
mtd_ai,200,0.005061174562154215,0.5514705882352942,4611.561485179156,0.25,150,5,0.15666666666666668,0.9819754486365287,2.7811651365251175,0.0
mtd_ai,200,0.005037855199614775,0.28846153846153844,2731.831756834629,0.05,150,5,0.1797777777777778,0.08512839813897582,0.31791544633783553,0.0
mtd_ai,200,0.005037855199614775,0.36585365853658536,3565.6332039171325,0.1,150,5,0.1797777777777778,0.08512839813897582,0.31791544633783553,0.0
mtd_ai,200,0.005037855199614775,0.42452830188679247,4292.1543138653615,0.15,150,5,0.1797777777777778,0.08512839813897582,0.31791544633783553,0.0
mtd_ai,200,0.005037855199614775,0.4166666666666667,4941.91425043597,0.2,150,5,0.1797777777777778,0.08512839813897582,0.31791544633783553,0.0
mtd_ai,200,0.005037855199614775,0.44642857142857145,5988.784673516386,0.25,150,5,0.1797777777777778,0.08512839813897582,0.31791544633783553,0.0
mtd_ai,200,0.005061807222465805,0.2777777777777778,2584.7086126437816,0.05,150,5,0.09666666666666666,0.8424103236393176,3.2609994666028763,0.0
mtd_ai,200,0.005061807222465805,0.38461538461538464,3444.9937861425524,0.1,150,5,0.09666666666666666,0.8424103236393176,3.2609994666028763,0.0
mtd_ai,200,0.005061807222465805,0.42452830188679247,4436.957701818031,0.15,150,5,0.09666666666666666,0.8424103236393176,3.2609994666028763,0.0
mtd_ai,200,0.005061807222465805,0.46875,5690.052792984779,0.2,150,5,0.09666666666666666,0.8424103236393176,3.2609994666028763,0.0
mtd_ai,200,0.005061807222465805,0.5067567567567568,6234.667008803121,0.25,150,5,0.09666666666666666,0.8424103236393176,3.2609994666028763,0.0
