Name,mtd_interval,MEF,ASR,time_to_compromise,host_compromise_ratio,network_size,exposed_endpoints,attack_path_exposure,ROA,risk,shortest_path_variability
mtd_ai,200,0.005074428772593867,0.46875,1328.7053210588874,0.05,150,5,0.14925925925925926,4.17604910772775,6.517650363930074,0.0
mtd_ai,200,0.005074428772593867,0.35714285714285715,4440.568424896642,0.1,150,5,0.14925925925925926,4.17604910772775,6.517650363930074,0.0
mtd_ai,200,0.005074428772593867,0.4411764705882353,4968.178536315999,0.15,150,5,0.14925925925925926,4.17604910772775,6.517650363930074,0.0
mtd_ai,200,0.005074428772593867,0.46875,5642.857589917897,0.2,150,5,0.14925925925925926,4.17604910772775,6.517650363930074,0.0
mtd_ai,200,0.005074428772593867,0.5208333333333334,5833.63533384024,0.25,150,5,0.14925925925925926,4.17604910772775,6.517650363930074,0.0
mtd_ai,200,0.005058092536323189,0.22727272727272727,4202.140352215458,0.05,150,5,0.14933333333333332,1.0919864245106268,2.8304340437033955,0.0
mtd_ai,200,0.005058092536323189,0.3191489361702128,5336.977169160345,0.1,150,5,0.14933333333333332,1.0919864245106268,2.8304340437033955,0.0
mtd_ai,200,0.005058092536323189,0.34615384615384615,6252.31077958144,0.15,150,5,0.14933333333333332,1.0919864245106268,2.8304340437033955,0.0
mtd_ai,200,0.005058092536323189,0.4,6555.53953707351,0.2,150,5,0.14933333333333332,1.0919864245106268,2.8304340437033955,0.0
mtd_ai,200,0.005058092536323189,0.436046511627907,7012.916508311455,0.25,150,5,0.14933333333333332,1.0919864245106268,2.8304340437033955,0.0
mtd_ai,200,0.005040212767629195,0.22058823529411764,3092.6453948037097,0.05,150,5,0.12333333333333334,0.2810920558468207,1.0556832066883106,0.0
mtd_ai,200,0.005040212767629195,0.29411764705882354,4038.152168011809,0.1,150,5,0.12333333333333334,0.2810920558468207,1.0556832066883106,0.0
mtd_ai,200,0.005040212767629195,0.375,4506.016707134879,0.15,150,5,0.12333333333333334,0.2810920558468207,1.0556832066883106,0.0
mtd_ai,200,0.005040212767629195,0.40540540540540543,5235.37897154149,0.2,150,5,0.12333333333333334,0.2810920558468207,1.0556832066883106,0.0
mtd_ai,200,0.005040212767629195,0.4166666666666667,5925.347483427824,0.25,150,5,0.12333333333333334,0.2810920558468207,1.0556832066883106,0.0
mtd_ai,200,0.005043794882722654,0.35714285714285715,1437.4333003797933,0.05,150,5,0.1608888888888889,0.03988127612578924,0.12245184052649145,0.0
mtd_ai,200,0.005043794882722654,0.4166666666666667,2519.349534970107,0.1,150,5,0.1608888888888889,0.03988127612578924,0.12245184052649145,0.0
mtd_ai,200,0.005043794882722654,0.4787234042553192,3328.1487333613495,0.15,150,5,0.1608888888888889,0.03988127612578924,0.12245184052649145,0.0
mtd_ai,200,0.005043794882722654,0.42857142857142855,5773.655012070954,0.2,150,5,0.1608888888888889,0.03988127612578924,0.12245184052649145,0.0
mtd_ai,200,0.005043794882722654,0.47468354430379744,6083.191549149045,0.25,150,5,0.1608888888888889,0.03988127612578924,0.12245184052649145,0.0
mtd_ai,200,0.005029945929370146,0.22058823529411764,3162.9457256079577,0.05,150,5,0.14722222222222223,0.3222402498422617,0.8295363420772413,0.0
mtd_ai,200,0.005029945929370146,0.3125,4373.60898430047,0.1,150,5,0.14722222222222223,0.3222402498422617,0.8295363420772413,0.0
mtd_ai,200,0.005029945929370146,0.33088235294117646,6185.992371035641,0.15,150,5,0.14722222222222223,0.3222402498422617,0.8295363420772413,0.0
mtd_ai,200,0.005029945929370146,0.379746835443038,6652.1527075820295,0.2,150,5,0.14722222222222223,0.3222402498422617,0.8295363420772413,0.0
mtd_ai,200,0.005029945929370146,0.39473684210526316,7354.623432854004,0.25,150,5,0.14722222222222223,0.3222402498422617,0.8295363420772413,0.0
mtd_ai,200,0.005035226090919354,0.39473684210526316,1664.6700121465278,0.05,150,5,0.10904761904761905,2.8817533957026913,5.836523039054445,0.0
mtd_ai,200,0.005035226090919354,0.39473684210526316,3114.4305283601298,0.1,150,5,0.10904761904761905,2.8817533957026913,5.836523039054445,0.0
mtd_ai,200,0.005035226090919354,0.4411764705882353,4129.5219625244845,0.15,150,5,0.10904761904761905,2.8817533957026913,5.836523039054445,0.0
mtd_ai,200,0.005035226090919354,0.4411764705882353,5146.85568521727,0.2,150,5,0.10904761904761905,2.8817533957026913,5.836523039054445,0.0
mtd_ai,200,0.005035226090919354,0.39473684210526316,6524.375763698601,0.25,150,5,0.10904761904761905,2.8817533957026913,5.836523039054445,0.0
mtd_ai,200,0.00506948123435143,0.35714285714285715,2023.6467608243427,0.05,150,5,0.11333333333333333,0.9991538778493637,2.1829912214301683,0.0
mtd_ai,200,0.00506948123435143,0.4166666666666667,2961.175830956188,0.1,150,5,0.11333333333333333,0.9991538778493637,2.1829912214301683,0.0
mtd_ai,200,0.00506948123435143,0.375,4227.238546674355,0.15,150,5,0.11333333333333333,0.9991538778493637,2.1829912214301683,0.0
mtd_ai,200,0.00506948123435143,0.38461538461538464,5530.709340442932,0.2,150,5,0.11333333333333333,0.9991538778493637,2.1829912214301683,0.0
mtd_ai,200,0.00506948123435143,0.436046511627907,5820.176128334309,0.25,150,5,0.11333333333333333,0.9991538778493637,2.1829912214301683,0.0
mtd_ai,200,0.005041385973352138,0.26785714285714285,2660.4565644170425,0.05,150,5,0.12977777777777777,2.156152554131318,4.6976010812946125,0.0
mtd_ai,200,0.005041385973352138,0.36585365853658536,3536.910408311671,0.1,150,5,0.12977777777777777,2.156152554131318,4.6976010812946125,0.0
mtd_ai,200,0.005041385973352138,0.39473684210526316,4899.150935125177,0.15,150,5,0.12977777777777777,2.156152554131318,4.6976010812946125,0.0
mtd_ai,200,0.005041385973352138,0.42857142857142855,5747.449708565697,0.2,150,5,0.12977777777777777,2.156152554131318,4.6976010812946125,0.0
mtd_ai,200,0.005041385973352138,0.46296296296296297,6380.97081255667,0.25,150,5,0.12977777777777777,2.156152554131318,4.6976010812946125,0.0
mtd_ai,200,0.005061049631512577,0.21428571428571427,2839.7079997758865,0.05,150,5,0.15999999999999998,0.1732954990725473,0.7310561734785418,0.0
mtd_ai,200,0.005061049631512577,0.3191489361702128,3715.895864858628,0.1,150,5,0.15999999999999998,0.1732954990725473,0.7310561734785418,0.0
mtd_ai,200,0.005061049631512577,0.3879310344827586,4402.373924408355,0.15,150,5,0.15999999999999998,0.1732954990725473,0.7310561734785418,0.0
mtd_ai,200,0.005061049631512577,0.4166666666666667,5277.952029205435,0.2,150,5,0.15999999999999998,0.1732954990725473,0.7310561734785418,0.0
mtd_ai,200,0.005061049631512577,0.4032258064516129,6309.129400869062,0.25,150,5,0.15999999999999998,0.1732954990725473,0.7310561734785418,0.0
mtd_ai,200,0.005060818687722474,0.3,2446.697608696062,0.05,150,5,0.06666666666666667,0.2946093454484567,0.5182812500166463,0.0
mtd_ai,200,0.005060818687722474,0.3409090909090909,4071.2993307958654,0.1,150,5,0.06666666666666667,0.2946093454484567,0.5182812500166463,0.0
mtd_ai,200,0.005060818687722474,0.3629032258064516,5309.438555662232,0.15,150,5,0.06666666666666667,0.2946093454484567,0.5182812500166463,0.0
mtd_ai,200,0.005060818687722474,0.39473684210526316,6143.085295127994,0.2,150,5,0.06666666666666667,0.2946093454484567,0.5182812500166463,0.0
mtd_ai,200,0.005060818687722474,0.436046511627907,6770.558899359743,0.25,150,5,0.06666666666666667,0.2946093454484567,0.5182812500166463,0.0
mtd_ai,200,0.005048616661133451,0.26785714285714285,1851.271008152457,0.05,150,5,0.12425396825396827,2.1102839697614093,3.0277938189644376,0.0
mtd_ai,200,0.005048616661133451,0.35714285714285715,2876.036484458479,0.1,150,5,0.12425396825396827,2.1102839697614093,3.0277938189644376,0.0
mtd_ai,200,0.005048616661133451,0.39473684210526316,3810.581467724549,0.15,150,5,0.12425396825396827,2.1102839697614093,3.0277938189644376,0.0
mtd_ai,200,0.005048616661133451,0.42857142857142855,4977.2542228082275,0.2,150,5,0.12425396825396827,2.1102839697614093,3.0277938189644376,0.0
mtd_ai,200,0.005048616661133451,0.46875,5801.3185196926015,0.25,150,5,0.12425396825396827,2.1102839697614093,3.0277938189644376,0.0
mtd_ai,200,0.005088420326183119,0.28846153846153844,1795.4426567107812,0.05,150,5,0.14777777777777776,0.057354592305726156,0.18928496158779945,0.0
mtd_ai,200,0.005088420326183119,0.39473684210526316,2569.2678927611305,0.1,150,5,0.14777777777777776,0.057354592305726156,0.18928496158779945,0.0
mtd_ai,200,0.005088420326183119,0.45,3421.8080410168022,0.15,150,5,0.14777777777777776,0.057354592305726156,0.18928496158779945,0.0
mtd_ai,200,0.005088420326183119,0.45454545454545453,3949.0212478863086,0.2,150,5,0.14777777777777776,0.057354592305726156,0.18928496158779945,0.0
mtd_ai,200,0.005088420326183119,0.5,4633.820987394172,0.25,150,5,0.14777777777777776,0.057354592305726156,0.18928496158779945,0.0
mtd_ai,200,0.005042849525961789,0.2777777777777778,2465.283153794606,0.05,150,5,0.15,0.06988724279434738,0.303845725377009,0.0
mtd_ai,200,0.005042849525961789,0.35714285714285715,3268.140903122943,0.1,150,5,0.15,0.06988724279434738,0.303845725377009,0.0
mtd_ai,200,0.005042849525961789,0.32608695652173914,4637.071804646203,0.15,150,5,0.15,0.06988724279434738,0.303845725377009,0.0
mtd_ai,200,0.005042849525961789,0.37037037037037035,5152.9766171644205,0.2,150,5,0.15,0.06988724279434738,0.303845725377009,0.0
mtd_ai,200,0.005042849525961789,0.41208791208791207,5577.555547487145,0.25,150,5,0.15,0.06988724279434738,0.303845725377009,0.0
mtd_ai,200,0.005056940895661174,0.4166666666666667,1917.9545877249434,0.05,150,5,0.11658730158730159,0.048653024470990465,0.17036558450234815,0.0
mtd_ai,200,0.005056940895661174,0.40540540540540543,3642.207588869848,0.1,150,5,0.11658730158730159,0.048653024470990465,0.17036558450234815,0.0
mtd_ai,200,0.005056940895661174,0.46875,4237.717585785334,0.15,150,5,0.11658730158730159,0.048653024470990465,0.17036558450234815,0.0
mtd_ai,200,0.005056940895661174,0.5084745762711864,4778.635139625017,0.2,150,5,0.11658730158730159,0.048653024470990465,0.17036558450234815,0.0
mtd_ai,200,0.005056940895661174,0.5434782608695652,5275.175209959199,0.25,150,5,0.11658730158730159,0.048653024470990465,0.17036558450234815,0.0
mtd_ai,200,0.0050452776435593845,0.22058823529411764,3046.2580361241367,0.05,150,5,0.13777777777777778,0.20075134418816465,0.33072628903524226,0.0
mtd_ai,200,0.0050452776435593845,0.29411764705882354,4315.862961549679,0.1,150,5,0.13777777777777778,0.20075134418816465,0.33072628903524226,0.0
mtd_ai,200,0.0050452776435593845,0.32608695652173914,5589.738547845585,0.15,150,5,0.13777777777777778,0.20075134418816465,0.33072628903524226,0.0
mtd_ai,200,0.0050452776435593845,0.3409090909090909,6966.285637901266,0.2,150,5,0.13777777777777778,0.20075134418816465,0.33072628903524226,0.0
mtd_ai,200,0.0050452776435593845,0.3472222222222222,8029.9646365285425,0.25,150,5,0.13777777777777778,0.20075134418816465,0.33072628903524226,0.0
mtd_ai,200,0.00507554786362325,0.32608695652173914,2387.06857851533,0.05,150,5,0.1515151515151515,0.07857844600037876,0.26816899222351986,0.0
mtd_ai,200,0.00507554786362325,0.375,3742.440295140967,0.1,150,5,0.1515151515151515,0.07857844600037876,0.26816899222351986,0.0
mtd_ai,200,0.00507554786362325,0.42452830188679247,4913.222325042798,0.15,150,5,0.1515151515151515,0.07857844600037876,0.26816899222351986,0.0
mtd_ai,200,0.00507554786362325,0.46875,5576.823138114355,0.2,150,5,0.1515151515151515,0.07857844600037876,0.26816899222351986,0.0
mtd_ai,200,0.00507554786362325,0.4807692307692308,6124.901868708115,0.25,150,5,0.1515151515151515,0.07857844600037876,0.26816899222351986,0.0
mtd_ai,200,0.005057624900825227,0.22727272727272727,4035.736499164207,0.05,150,5,0.13603174603174606,2.3837331319152266,4.856378596596513,0.0
mtd_ai,200,0.005057624900825227,0.25,5357.750223510646,0.1,150,5,0.13603174603174606,2.3837331319152266,4.856378596596513,0.0
mtd_ai,200,0.005057624900825227,0.3,6077.919594370375,0.15,150,5,0.13603174603174606,2.3837331319152266,4.856378596596513,0.0
mtd_ai,200,0.005057624900825227,0.3488372093023256,6531.5320224853,0.2,150,5,0.13603174603174606,2.3837331319152266,4.856378596596513,0.0
mtd_ai,200,0.005057624900825227,0.3865979381443299,7110.223941240949,0.25,150,5,0.13603174603174606,2.3837331319152266,4.856378596596513,0.0
mtd_ai,200,0.005050669623292208,0.35714285714285715,1654.507869984032,0.05,150,5,0.15366666666666667,0.3754963890834382,1.2545707562168398,4.4375
mtd_ai,200,0.005050669623292208,0.39473684210526316,3325.4060723275775,0.1,150,5,0.15366666666666667,0.3754963890834382,1.2545707562168398,4.4375
mtd_ai,200,0.005050669623292208,0.45,4014.6906454995287,0.15,150,5,0.15366666666666667,0.3754963890834382,1.2545707562168398,4.4375
mtd_ai,200,0.005050669623292208,0.410958904109589,5392.486537318624,0.2,150,5,0.15366666666666667,0.3754963890834382,1.2545707562168398,4.4375
mtd_ai,200,0.005050669623292208,0.45180722891566266,5933.530477853866,0.25,150,5,0.15366666666666667,0.3754963890834382,1.2545707562168398,4.4375
mtd_ai,200,0.005062588086283986,0.375,1832.318739031691,0.05,150,5,0.1338888888888889,0.8298377222175835,2.7157775445363526,0.0
mtd_ai,200,0.005062588086283986,0.45454545454545453,2638.563784245465,0.1,150,5,0.1338888888888889,0.8298377222175835,2.7157775445363526,0.0
mtd_ai,200,0.005062588086283986,0.4166666666666667,5145.636303054267,0.15,150,5,0.1338888888888889,0.8298377222175835,2.7157775445363526,0.0
mtd_ai,200,0.005062588086283986,0.42857142857142855,6184.391133030164,0.2,150,5,0.1338888888888889,0.8298377222175835,2.7157775445363526,0.0
mtd_ai,200,0.005062588086283986,0.46875,6735.079037755391,0.25,150,5,0.1338888888888889,0.8298377222175835,2.7157775445363526,0.0
mtd_ai,200,0.005041353288484956,0.234375,3759.973487509958,0.05,150,5,0.12333333333333334,2.739439287805663,3.4782383303405218,0.0
mtd_ai,200,0.005041353288484956,0.3125,4705.565621710057,0.1,150,5,0.12333333333333334,2.739439287805663,3.4782383303405218,0.0
mtd_ai,200,0.005041353288484956,0.3879310344827586,5231.305028482564,0.15,150,5,0.12333333333333334,2.739439287805663,3.4782383303405218,0.0
mtd_ai,200,0.005041353288484956,0.42857142857142855,5707.526463662269,0.2,150,5,0.12333333333333334,2.739439287805663,3.4782383303405218,0.0
mtd_ai,200,0.005041353288484956,0.46296296296296297,6510.396967596507,0.25,150,5,0.12333333333333334,2.739439287805663,3.4782383303405218,0.0
mtd_ai,200,0.005070154856691524,0.32608695652173914,2334.5203915366583,0.05,150,5,0.1357142857142857,0.006560842313601957,0.00575868003437927,0.0
mtd_ai,200,0.005070154856691524,0.40540540540540543,3570.5486534079732,0.1,150,5,0.1357142857142857,0.006560842313601957,0.00575868003437927,0.0
mtd_ai,200,0.005070154856691524,0.4411764705882353,4313.105925130914,0.15,150,5,0.1357142857142857,0.006560842313601957,0.00575868003437927,0.0
mtd_ai,200,0.005070154856691524,0.46153846153846156,5263.042023205397,0.2,150,5,0.1357142857142857,0.006560842313601957,0.00575868003437927,0.0
mtd_ai,200,0.005070154856691524,0.47468354430379744,6205.538534155656,0.25,150,5,0.1357142857142857,0.006560842313601957,0.00575868003437927,0.0
mtd_ai,200,0.005061729459210678,0.375,1987.1705633885517,0.05,150,5,0.1511111111111111,1.0101620631359638,3.934947139256588,0.0
mtd_ai,200,0.005061729459210678,0.46875,2816.3032393830945,0.1,150,5,0.1511111111111111,1.0101620631359638,3.934947139256588,0.0
mtd_ai,200,0.005061729459210678,0.5232558139534884,3446.678843901989,0.15,150,5,0.1511111111111111,1.0101620631359638,3.934947139256588,0.0
mtd_ai,200,0.005061729459210678,0.5769230769230769,3926.5737484278475,0.2,150,5,0.1511111111111111,1.0101620631359638,3.934947139256588,0.0
mtd_ai,200,0.005061729459210678,0.6048387096774194,4345.0223179478835,0.25,150,5,0.1511111111111111,1.0101620631359638,3.934947139256588,0.0
mtd_ai,200,0.0050697943655122904,0.35714285714285715,1674.2669036529555,0.05,150,5,0.11944444444444442,0.6773204245346873,2.188437832323811,0.0
mtd_ai,200,0.0050697943655122904,0.375,3642.027462162144,0.1,150,5,0.11944444444444442,0.6773204245346873,2.188437832323811,0.0
mtd_ai,200,0.0050697943655122904,0.4326923076923077,4248.725383086373,0.15,150,5,0.11944444444444442,0.6773204245346873,2.188437832323811,0.0
mtd_ai,200,0.0050697943655122904,0.36585365853658536,5403.577239897515,0.2,150,5,0.11944444444444442,0.6773204245346873,2.188437832323811,0.0
mtd_ai,200,0.0050697943655122904,0.35046728971962615,6315.589072469986,0.25,150,5,0.11944444444444442,0.6773204245346873,2.188437832323811,0.0
mtd_ai,200,0.005066878197740033,0.32608695652173914,2131.1131725040395,0.05,150,5,0.11266666666666665,0.015819578224240866,0.04286534875951658,0.0
mtd_ai,200,0.005066878197740033,0.375,3653.3202959454484,0.1,150,5,0.11266666666666665,0.015819578224240866,0.04286534875951658,0.0
mtd_ai,200,0.005066878197740033,0.45,4296.246351977344,0.15,150,5,0.11266666666666665,0.015819578224240866,0.04286534875951658,0.0
mtd_ai,200,0.005066878197740033,0.46153846153846156,5079.544722694117,0.2,150,5,0.11266666666666665,0.015819578224240866,0.04286534875951658,0.0
mtd_ai,200,0.005066878197740033,0.4807692307692308,6088.129647063821,0.25,150,5,0.11266666666666665,0.015819578224240866,0.04286534875951658,0.0
mtd_ai,200,0.005054092689484291,0.3409090909090909,2335.1069004888004,0.05,150,5,0.146984126984127,2.310087202272872,4.743814131177255,0.0
mtd_ai,200,0.005054092689484291,0.42857142857142855,3214.164028852402,0.1,150,5,0.146984126984127,2.310087202272872,4.743814131177255,0.0
mtd_ai,200,0.005054092689484291,0.4891304347826087,3857.111103906564,0.15,150,5,0.146984126984127,2.310087202272872,4.743814131177255,0.0
mtd_ai,200,0.005054092689484291,0.5357142857142857,4390.015187122883,0.2,150,5,0.146984126984127,2.310087202272872,4.743814131177255,0.0
mtd_ai,200,0.005054092689484291,0.5514705882352942,5240.222572303448,0.25,150,5,0.146984126984127,2.310087202272872,4.743814131177255,0.0
mtd_ai,200,0.005069239859170932,0.28846153846153844,2138.546282470052,0.05,150,5,0.10676190476190478,0.2564665977777261,0.6093593507752664,0.0
mtd_ai,200,0.005069239859170932,0.38461538461538464,2817.7980951733734,0.1,150,5,0.10676190476190478,0.2564665977777261,0.6093593507752664,0.0
mtd_ai,200,0.005069239859170932,0.4326923076923077,3852.8210170837897,0.15,150,5,0.10676190476190478,0.2564665977777261,0.6093593507752664,0.0
mtd_ai,200,0.005069239859170932,0.40540540540540543,5333.1755049788335,0.2,150,5,0.10676190476190478,0.2564665977777261,0.6093593507752664,0.0
mtd_ai,200,0.005069239859170932,0.42134831460674155,6259.227644528106,0.25,150,5,0.10676190476190478,0.2564665977777261,0.6093593507752664,0.0
mtd_ai,200,0.0050712498412259,0.3,2212.17957088318,0.05,150,5,0.17412698412698413,0.14867688677116914,0.13900342747143568,0.0
mtd_ai,200,0.0050712498412259,0.36585365853658536,3339.4925232586347,0.1,150,5,0.17412698412698413,0.14867688677116914,0.13900342747143568,0.0
mtd_ai,200,0.0050712498412259,0.4166666666666667,3943.7876909771644,0.15,150,5,0.17412698412698413,0.14867688677116914,0.13900342747143568,0.0
mtd_ai,200,0.0050712498412259,0.4166666666666667,5300.821149511785,0.2,150,5,0.17412698412698413,0.14867688677116914,0.13900342747143568,0.0
mtd_ai,200,0.0050712498412259,0.44642857142857145,5899.065361341287,0.25,150,5,0.17412698412698413,0.14867688677116914,0.13900342747143568,0.0
mtd_ai,200,0.005032179984616923,0.25,2396.9085914222615,0.05,150,5,0.1,0.5950332068954237,1.550747451775731,0.0
mtd_ai,200,0.005032179984616923,0.2830188679245283,3840.8048713431926,0.1,150,5,0.1,0.5950332068954237,1.550747451775731,0.0
mtd_ai,200,0.005032179984616923,0.33088235294117646,5195.081960101708,0.15,150,5,0.1,0.5950332068954237,1.550747451775731,0.0
mtd_ai,200,0.005032179984616923,0.3614457831325301,6272.573087446335,0.2,150,5,0.1,0.5950332068954237,1.550747451775731,0.0
mtd_ai,200,0.005032179984616923,0.41208791208791207,6845.392508941807,0.25,150,5,0.1,0.5950332068954237,1.550747451775731,0.0
mtd_ai,200,0.005048757134916942,0.35714285714285715,1796.968233375686,0.05,150,5,0.1882222222222222,0.3625221297846666,1.6139370437160276,0.0
mtd_ai,200,0.005048757134916942,0.40540540540540543,2981.775309147398,0.1,150,5,0.1882222222222222,0.3625221297846666,1.6139370437160276,0.0
mtd_ai,200,0.005048757134916942,0.42452830188679247,3941.2584104670427,0.15,150,5,0.1882222222222222,0.3625221297846666,1.6139370437160276,0.0
mtd_ai,200,0.005048757134916942,0.46153846153846156,4429.837004952458,0.2,150,5,0.1882222222222222,0.3625221297846666,1.6139370437160276,0.0
mtd_ai,200,0.005048757134916942,0.5136986301369864,4792.572541117313,0.25,150,5,0.1882222222222222,0.3625221297846666,1.6139370437160276,0.0
mtd_ai,200,0.00509944869127111,0.32608695652173914,2088.0930466431028,0.05,150,5,0.12333333333333334,1.0172542681310095,3.7729342528667154,0.0
mtd_ai,200,0.00509944869127111,0.39473684210526316,3061.545251713087,0.1,150,5,0.12333333333333334,1.0172542681310095,3.7729342528667154,0.0
mtd_ai,200,0.00509944869127111,0.46875,3573.416455144282,0.15,150,5,0.12333333333333334,1.0172542681310095,3.7729342528667154,0.0
mtd_ai,200,0.00509944869127111,0.5172413793103449,4140.101137589135,0.2,150,5,0.12333333333333334,1.0172542681310095,3.7729342528667154,0.0
mtd_ai,200,0.00509944869127111,0.5514705882352942,4697.347360580888,0.25,150,5,0.12333333333333334,1.0172542681310095,3.7729342528667154,0.0
mtd_ai,200,0.005058441954801658,0.4411764705882353,1938.6766996945864,0.05,150,5,0.09090909090909091,0.036397941107261675,0.12990583897078994,0.0
mtd_ai,200,0.005058441954801658,0.3333333333333333,4863.86483659853,0.1,150,5,0.09090909090909091,0.036397941107261675,0.12990583897078994,0.0
mtd_ai,200,0.005058441954801658,0.39473684210526316,5319.134981662632,0.15,150,5,0.09090909090909091,0.036397941107261675,0.12990583897078994,0.0
mtd_ai,200,0.005058441954801658,0.410958904109589,6488.693322605481,0.2,150,5,0.09090909090909091,0.036397941107261675,0.12990583897078994,0.0
mtd_ai,200,0.005058441954801658,0.4573170731707317,6986.084669268219,0.25,150,5,0.09090909090909091,0.036397941107261675,0.12990583897078994,0.0
mtd_ai,200,0.005043298124247594,0.3,2853.6112751727655,0.05,150,5,0.2,0.6584257708291756,2.823392696302014,-4.821428571428571
mtd_ai,200,0.005043298124247594,0.3333333333333333,3980.10987300297,0.1,150,5,0.2,0.6584257708291756,2.823392696302014,-4.821428571428571
mtd_ai,200,0.005043298124247594,0.39473684210526316,4958.816188596733,0.15,150,5,0.2,0.6584257708291756,2.823392696302014,-4.821428571428571
mtd_ai,200,0.005043298124247594,0.38961038961038963,5906.561417733947,0.2,150,5,0.2,0.6584257708291756,2.823392696302014,-4.821428571428571
mtd_ai,200,0.005043298124247594,0.4411764705882353,6274.783971809553,0.25,150,5,0.2,0.6584257708291756,2.823392696302014,-4.821428571428571
mtd_ai,200,0.005067353112782934,0.4166666666666667,1467.2743257369239,0.05,150,5,0.0951111111111111,0.17891789373476463,0.3927363076314483,0.0
mtd_ai,200,0.005067353112782934,0.4838709677419355,2398.545933069716,0.1,150,5,0.0951111111111111,0.17891789373476463,0.3927363076314483,0.0
mtd_ai,200,0.005067353112782934,0.46875,3924.0114940963263,0.15,150,5,0.0951111111111111,0.17891789373476463,0.3927363076314483,0.0
mtd_ai,200,0.005067353112782934,0.46875,5551.856123487514,0.2,150,5,0.0951111111111111,0.17891789373476463,0.3927363076314483,0.0
mtd_ai,200,0.005067353112782934,0.5,6097.099469096787,0.25,150,5,0.0951111111111111,0.17891789373476463,0.3927363076314483,0.0
mtd_ai,200,0.005063779070918059,0.25,2315.6137167310917,0.05,150,5,0.12666666666666668,0.2176225775861979,0.7783579635278189,0.0
mtd_ai,200,0.005063779070918059,0.28846153846153844,3832.6293979819243,0.1,150,5,0.12666666666666668,0.2176225775861979,0.7783579635278189,0.0
mtd_ai,200,0.005063779070918059,0.31690140845070425,4780.730302713273,0.15,150,5,0.12666666666666668,0.2176225775861979,0.7783579635278189,0.0
mtd_ai,200,0.005063779070918059,0.35294117647058826,5958.423363629574,0.2,150,5,0.12666666666666668,0.2176225775861979,0.7783579635278189,0.0
mtd_ai,200,0.005063779070918059,0.39893617021276595,6307.459507087521,0.25,150,5,0.12666666666666668,0.2176225775861979,0.7783579635278189,0.0
mtd_ai,200,0.005061993178809933,0.3,2026.227137104166,0.05,150,5,0.13366666666666668,0.16780624977028052,0.6252900673844467,0.0
mtd_ai,200,0.005061993178809933,0.39473684210526316,2679.044419852345,0.1,150,5,0.13366666666666668,0.16780624977028052,0.6252900673844467,0.0
mtd_ai,200,0.005061993178809933,0.4017857142857143,3701.5650589649067,0.15,150,5,0.13366666666666668,0.16780624977028052,0.6252900673844467,0.0
mtd_ai,200,0.005061993178809933,0.3409090909090909,6365.276925729181,0.2,150,5,0.13366666666666668,0.16780624977028052,0.6252900673844467,0.0
mtd_ai,200,0.005061993178809933,0.3787878787878788,7006.877381342172,0.25,150,5,0.13366666666666668,0.16780624977028052,0.6252900673844467,0.0
mtd_ai,200,0.00506741056245458,0.39473684210526316,1778.1723123284578,0.05,150,5,0.13377777777777777,4.815677475046111,7.708712012467025,0.0
mtd_ai,200,0.00506741056245458,0.38461538461538464,3445.6393247279207,0.1,150,5,0.13377777777777777,4.815677475046111,7.708712012467025,0.0
mtd_ai,200,0.00506741056245458,0.4090909090909091,4748.108506727207,0.15,150,5,0.13377777777777777,4.815677475046111,7.708712012467025,0.0
mtd_ai,200,0.00506741056245458,0.38961038961038963,5686.124261853394,0.2,150,5,0.13377777777777777,4.815677475046111,7.708712012467025,0.0
mtd_ai,200,0.00506741056245458,0.41208791208791207,6440.606826569396,0.25,150,5,0.13377777777777777,4.815677475046111,7.708712012467025,0.0
mtd_ai,200,0.00505944095908962,0.25,2905.0299639552277,0.05,150,5,0.06666666666666667,0.0924516727271517,0.1450580934113376,0.0
mtd_ai,200,0.00505944095908962,0.2777777777777778,4624.475815343914,0.1,150,5,0.06666666666666667,0.0924516727271517,0.1450580934113376,0.0
mtd_ai,200,0.00505944095908962,0.3409090909090909,5087.024596452555,0.15,150,5,0.06666666666666667,0.0924516727271517,0.1450580934113376,0.0
mtd_ai,200,0.00505944095908962,0.38461538461538464,5672.233793755395,0.2,150,5,0.06666666666666667,0.0924516727271517,0.1450580934113376,0.0
mtd_ai,200,0.00505944095908962,0.42134831460674155,6370.298433395343,0.25,150,5,0.06666666666666667,0.0924516727271517,0.1450580934113376,0.0
mtd_ai,200,0.0050340700418381795,0.3409090909090909,2217.3127489142244,0.05,150,5,0.10866666666666668,0.30688080762348674,1.2481289507349402,0.0
mtd_ai,200,0.0050340700418381795,0.3333333333333333,4446.888451547309,0.1,150,5,0.10866666666666668,0.30688080762348674,1.2481289507349402,0.0
mtd_ai,200,0.0050340700418381795,0.375,5686.770909569133,0.15,150,5,0.10866666666666668,0.30688080762348674,1.2481289507349402,0.0
mtd_ai,200,0.0050340700418381795,0.4225352112676056,6371.092513098831,0.2,150,5,0.10866666666666668,0.30688080762348674,1.2481289507349402,0.0
mtd_ai,200,0.0050340700418381795,0.46875,6967.764147201957,0.25,150,5,0.10866666666666668,0.30688080762348674,1.2481289507349402,0.0
mtd_ai,200,0.005050596675932865,0.375,1641.7788145072332,0.05,150,5,0.38461538461538464,1.1282635636990828,4.211597593396668,-4.566666666666666
mtd_ai,200,0.005050596675932865,0.39473684210526316,2953.3108763070877,0.1,150,5,0.38461538461538464,1.1282635636990828,4.211597593396668,-4.566666666666666
mtd_ai,200,0.005050596675932865,0.45918367346938777,3775.6882896600227,0.15,150,5,0.38461538461538464,1.1282635636990828,4.211597593396668,-4.566666666666666
mtd_ai,200,0.005050596675932865,0.4411764705882353,4972.205091781656,0.2,150,5,0.38461538461538464,1.1282635636990828,4.211597593396668,-4.566666666666666
mtd_ai,200,0.005050596675932865,0.47468354430379744,5719.19729236177,0.25,150,5,0.38461538461538464,1.1282635636990828,4.211597593396668,-4.566666666666666
mtd_ai,200,0.005043097146725306,0.3409090909090909,2098.2371172402563,0.05,150,5,0.13,0.9151457901253955,2.4806807240575814,0.0
mtd_ai,200,0.005043097146725306,0.35714285714285715,4172.164152393682,0.1,150,5,0.13,0.9151457901253955,2.4806807240575814,0.0
mtd_ai,200,0.005043097146725306,0.39473684210526316,4840.8890591433155,0.15,150,5,0.13,0.9151457901253955,2.4806807240575814,0.0
mtd_ai,200,0.005043097146725306,0.44776119402985076,5185.8641850389195,0.2,150,5,0.13,0.9151457901253955,2.4806807240575814,0.0
mtd_ai,200,0.005043097146725306,0.487012987012987,5628.167642469345,0.25,150,5,0.13,0.9151457901253955,2.4806807240575814,0.0
mtd_ai,200,0.005057060438518112,0.3,2354.5619781029027,0.05,150,5,0.17333333333333334,0.5724005744575034,2.155880460669019,0.0
mtd_ai,200,0.005057060438518112,0.3488372093023256,3417.9284828478867,0.1,150,5,0.17333333333333334,0.5724005744575034,2.155880460669019,0.0
mtd_ai,200,0.005057060438518112,0.4017857142857143,4927.41566040848,0.15,150,5,0.17333333333333334,0.5724005744575034,2.155880460669019,0.0
mtd_ai,200,0.005057060438518112,0.42857142857142855,6223.412989619428,0.2,150,5,0.17333333333333334,0.5724005744575034,2.155880460669019,0.0
mtd_ai,200,0.005057060438518112,0.4573170731707317,6803.222255032313,0.25,150,5,0.17333333333333334,0.5724005744575034,2.155880460669019,0.0
mtd_ai,200,0.0050393529018269035,0.1875,2642.7330188855776,0.05,150,5,0.15755555555555556,0.16872345738817246,0.6520480918017922,0.0
mtd_ai,200,0.0050393529018269035,0.26785714285714285,3658.9216366270616,0.1,150,5,0.15755555555555556,0.16872345738817246,0.6520480918017922,0.0
mtd_ai,200,0.0050393529018269035,0.33088235294117646,4649.4063521094085,0.15,150,5,0.15755555555555556,0.16872345738817246,0.6520480918017922,0.0
mtd_ai,200,0.0050393529018269035,0.3409090909090909,5615.254730859158,0.2,150,5,0.15755555555555556,0.16872345738817246,0.6520480918017922,0.0
mtd_ai,200,0.0050393529018269035,0.3472222222222222,6422.613105392984,0.25,150,5,0.15755555555555556,0.16872345738817246,0.6520480918017922,0.0
mtd_ai,200,0.0050765628092991405,0.4411764705882353,1516.8382752447653,0.05,150,5,0.09444444444444444,0.9231442112922049,2.8148911433546893,0.0
mtd_ai,200,0.0050765628092991405,0.46875,2528.1352560811238,0.1,150,5,0.09444444444444444,0.9231442112922049,2.8148911433546893,0.0
mtd_ai,200,0.0050765628092991405,0.5232558139534884,3292.7576450505567,0.15,150,5,0.09444444444444444,0.9231442112922049,2.8148911433546893,0.0
mtd_ai,200,0.0050765628092991405,0.5357142857142857,4076.111651592986,0.2,150,5,0.09444444444444444,0.9231442112922049,2.8148911433546893,0.0
mtd_ai,200,0.0050765628092991405,0.528169014084507,5089.895260446272,0.25,150,5,0.09444444444444444,0.9231442112922049,2.8148911433546893,0.0
mtd_ai,200,0.005072945102143397,0.2777777777777778,2290.1969850304,0.05,150,5,0.12444444444444443,1.4423679329612369,4.272741092291437,0.0
mtd_ai,200,0.005072945102143397,0.3333333333333333,3595.9112237825398,0.1,150,5,0.12444444444444443,1.4423679329612369,4.272741092291437,0.0
mtd_ai,200,0.005072945102143397,0.4090909090909091,4244.632716044369,0.15,150,5,0.12444444444444443,1.4423679329612369,4.272741092291437,0.0
mtd_ai,200,0.005072945102143397,0.4225352112676056,5380.6270584602225,0.2,150,5,0.12444444444444443,1.4423679329612369,4.272741092291437,0.0
mtd_ai,200,0.005072945102143397,0.44642857142857145,6059.316307473386,0.25,150,5,0.12444444444444443,1.4423679329612369,4.272741092291437,0.0
mtd_ai,200,0.0050393542255890355,0.25862068965517243,2556.6800045357013,0.05,150,5,0.13722222222222225,0.6790152549105848,2.8050866259853136,0.0
mtd_ai,200,0.0050393542255890355,0.29411764705882354,4285.420403850219,0.1,150,5,0.13722222222222225,0.6790152549105848,2.8050866259853136,0.0
mtd_ai,200,0.0050393542255890355,0.3409090909090909,5123.983765561745,0.15,150,5,0.13722222222222225,0.6790152549105848,2.8050866259853136,0.0
mtd_ai,200,0.0050393542255890355,0.35714285714285715,6490.065667958377,0.2,150,5,0.13722222222222225,0.6790152549105848,2.8050866259853136,0.0
mtd_ai,200,0.0050393542255890355,0.3787878787878788,7271.54148322268,0.25,150,5,0.13722222222222225,0.6790152549105848,2.8050866259853136,0.0
mtd_ai,200,0.0050365934757015994,0.24193548387096775,3423.301371507373,0.05,150,5,0.13166666666666665,0.005360469185274422,0.02257334317003818,0.0
mtd_ai,200,0.0050365934757015994,0.30612244897959184,4591.7252580263885,0.1,150,5,0.13166666666666665,0.005360469185274422,0.02257334317003818,0.0
mtd_ai,200,0.0050365934757015994,0.3813559322033898,5096.83512612073,0.15,150,5,0.13166666666666665,0.005360469185274422,0.02257334317003818,0.0
mtd_ai,200,0.0050365934757015994,0.4166666666666667,5755.349723954578,0.2,150,5,0.13166666666666665,0.005360469185274422,0.02257334317003818,0.0
mtd_ai,200,0.0050365934757015994,0.436046511627907,6427.08572829883,0.25,150,5,0.13166666666666665,0.005360469185274422,0.02257334317003818,0.0
mtd_ai,200,0.005064193716448125,0.32608695652173914,2184.3448729961456,0.05,150,5,0.12333333333333334,0.3439660113166744,0.4871512274856682,0.0
mtd_ai,200,0.005064193716448125,0.3488372093023256,3281.896043943274,0.1,150,5,0.12333333333333334,0.3439660113166744,0.4871512274856682,0.0
mtd_ai,200,0.005064193716448125,0.3629032258064516,4724.947216631303,0.15,150,5,0.12333333333333334,0.3439660113166744,0.4871512274856682,0.0
mtd_ai,200,0.005064193716448125,0.38961038961038963,5812.344729662964,0.2,150,5,0.12333333333333334,0.3439660113166744,0.4871512274856682,0.0
mtd_ai,200,0.005064193716448125,0.436046511627907,6236.853653078944,0.25,150,5,0.12333333333333334,0.3439660113166744,0.4871512274856682,0.0
mtd_ai,200,0.005070326367025611,0.3125,1919.5799031547813,0.05,150,5,0.12444444444444443,0.3213616516351851,1.364941212587486,0.0
mtd_ai,200,0.005070326367025611,0.3488372093023256,3852.979766012006,0.1,150,5,0.12444444444444443,0.3213616516351851,1.364941212587486,0.0
mtd_ai,200,0.005070326367025611,0.42452830188679247,4412.832103480424,0.15,150,5,0.12444444444444443,0.3213616516351851,1.364941212587486,0.0
mtd_ai,200,0.005070326367025611,0.46875,5337.979493855944,0.2,150,5,0.12444444444444443,0.3213616516351851,1.364941212587486,0.0
mtd_ai,200,0.005070326367025611,0.5208333333333334,5768.398401473075,0.25,150,5,0.12444444444444443,0.3213616516351851,1.364941212587486,0.0
mtd_ai,200,0.005045928015189945,0.375,1830.8177064787978,0.05,150,5,0.11222222222222224,2.512196841494571,5.621692113682796,0.0
mtd_ai,200,0.005045928015189945,0.4166666666666667,3026.858413750845,0.1,150,5,0.11222222222222224,2.512196841494571,5.621692113682796,0.0
mtd_ai,200,0.005045928015189945,0.4411764705882353,3820.4383234915636,0.15,150,5,0.11222222222222224,2.512196841494571,5.621692113682796,0.0
mtd_ai,200,0.005045928015189945,0.46153846153846156,4327.519687079843,0.2,150,5,0.11222222222222224,2.512196841494571,5.621692113682796,0.0
mtd_ai,200,0.005045928015189945,0.4166666666666667,5477.83598047984,0.25,150,5,0.11222222222222224,2.512196841494571,5.621692113682796,0.0
mtd_ai,200,0.005044766350713401,0.3125,2264.272009274565,0.05,150,5,0.12925925925925927,0.13989333983511645,0.628318439754715,0.0
mtd_ai,200,0.005044766350713401,0.36585365853658536,3704.495528381942,0.1,150,5,0.12925925925925927,0.13989333983511645,0.628318439754715,0.0
mtd_ai,200,0.005044766350713401,0.4090909090909091,4919.16454127685,0.15,150,5,0.12925925925925927,0.13989333983511645,0.628318439754715,0.0
mtd_ai,200,0.005044766350713401,0.46153846153846156,5345.948612849668,0.2,150,5,0.12925925925925927,0.13989333983511645,0.628318439754715,0.0
mtd_ai,200,0.005044766350713401,0.5,5959.715809215913,0.25,150,5,0.12925925925925927,0.13989333983511645,0.628318439754715,0.0
mtd_ai,200,0.005051093926407107,0.3409090909090909,1488.957002706624,0.05,150,5,0.11666666666666667,0.8774603228059888,3.8562397467373013,4.962962962962963
mtd_ai,200,0.005051093926407107,0.40540540540540543,2483.2760546881163,0.1,150,5,0.11666666666666667,0.8774603228059888,3.8562397467373013,4.962962962962963
mtd_ai,200,0.005051093926407107,0.4326923076923077,3991.887232002614,0.15,150,5,0.11666666666666667,0.8774603228059888,3.8562397467373013,4.962962962962963
mtd_ai,200,0.005051093926407107,0.47619047619047616,4555.273311022731,0.2,150,5,0.11666666666666667,0.8774603228059888,3.8562397467373013,4.962962962962963
mtd_ai,200,0.005051093926407107,0.5136986301369864,4994.125128200576,0.25,150,5,0.11666666666666667,0.8774603228059888,3.8562397467373013,4.962962962962963
mtd_ai,200,0.00503384161420973,0.3409090909090909,2810.492038817442,0.05,150,5,0.14666666666666667,1.9722349884221153,5.82644690870617,0.0
mtd_ai,200,0.00503384161420973,0.4166666666666667,4152.842999883838,0.1,150,5,0.14666666666666667,1.9722349884221153,5.82644690870617,0.0
mtd_ai,200,0.00503384161420973,0.4166666666666667,5682.705848329874,0.15,150,5,0.14666666666666667,1.9722349884221153,5.82644690870617,0.0
mtd_ai,200,0.00503384161420973,0.42857142857142855,6696.486105321336,0.2,150,5,0.14666666666666667,1.9722349884221153,5.82644690870617,0.0
mtd_ai,200,0.00503384161420973,0.46875,6997.486861457696,0.25,150,5,0.14666666666666667,1.9722349884221153,5.82644690870617,0.0
mtd_ai,200,0.005078453668080522,0.3,2518.767493555736,0.05,150,5,0.0625,0.6541148338845121,2.9303581589152525,0.0
mtd_ai,200,0.005078453668080522,0.36585365853658536,3611.056361820416,0.1,150,5,0.0625,0.6541148338845121,2.9303581589152525,0.0
mtd_ai,200,0.005078453668080522,0.4166666666666667,4369.874086880402,0.15,150,5,0.0625,0.6541148338845121,2.9303581589152525,0.0
mtd_ai,200,0.005078453668080522,0.40540540540540543,5354.732495583661,0.2,150,5,0.0625,0.6541148338845121,2.9303581589152525,0.0
mtd_ai,200,0.005078453668080522,0.45180722891566266,5675.9643220459275,0.25,150,5,0.0625,0.6541148338845121,2.9303581589152525,0.0
mtd_ai,200,0.005060955402201954,0.3125,2279.278583413259,0.05,150,5,0.2857142857142857,1.6038643747378207,3.7325331056291313,0.0
mtd_ai,200,0.005060955402201954,0.3333333333333333,3974.575556761544,0.1,150,5,0.2857142857142857,1.6038643747378207,3.7325331056291313,0.0
mtd_ai,200,0.005060955402201954,0.35714285714285715,5325.740461651769,0.15,150,5,0.2857142857142857,1.6038643747378207,3.7325331056291313,0.0
mtd_ai,200,0.005060955402201954,0.379746835443038,6398.396308839476,0.2,150,5,0.2857142857142857,1.6038643747378207,3.7325331056291313,0.0
mtd_ai,200,0.005060955402201954,0.42134831460674155,6793.86768877453,0.25,150,5,0.2857142857142857,1.6038643747378207,3.7325331056291313,0.0
mtd_ai,200,0.005084552768723802,0.46875,1385.8120124883294,0.05,150,5,0.16320634920634922,2.304679350019787,2.175888247850548,0.0
mtd_ai,200,0.005084552768723802,0.39473684210526316,3250.4446574725625,0.1,150,5,0.16320634920634922,2.304679350019787,2.175888247850548,0.0
mtd_ai,200,0.005084552768723802,0.42452830188679247,4538.361959915711,0.15,150,5,0.16320634920634922,2.304679350019787,2.175888247850548,0.0
mtd_ai,200,0.005084552768723802,0.46875,4986.871294492459,0.2,150,5,0.16320634920634922,2.304679350019787,2.175888247850548,0.0
mtd_ai,200,0.005084552768723802,0.5136986301369864,5440.530900363096,0.25,150,5,0.16320634920634922,2.304679350019787,2.175888247850548,0.0
mtd_ai,200,0.005039349588571641,0.28846153846153844,2957.259889333429,0.05,150,5,0.25,0.8711705083478399,3.184289371172381,-4.181818181818182
mtd_ai,200,0.005039349588571641,0.375,3862.677287668903,0.1,150,5,0.25,0.8711705083478399,3.184289371172381,-4.181818181818182
mtd_ai,200,0.005039349588571641,0.42452830188679247,4825.739775623995,0.15,150,5,0.25,0.8711705083478399,3.184289371172381,-4.181818181818182
mtd_ai,200,0.005039349588571641,0.46875,5380.1183096116765,0.2,150,5,0.25,0.8711705083478399,3.184289371172381,-4.181818181818182
mtd_ai,200,0.005039349588571641,0.5208333333333334,5815.123893664264,0.25,150,5,0.25,0.8711705083478399,3.184289371172381,-4.181818181818182
mtd_ai,200,0.005076672373187211,0.3409090909090909,1980.4033137154142,0.05,150,5,0.13,1.419215132361564,4.540901080295546,0.0
mtd_ai,200,0.005076672373187211,0.35714285714285715,4015.283608935875,0.1,150,5,0.13,1.419215132361564,4.540901080295546,0.0
mtd_ai,200,0.005076672373187211,0.4326923076923077,4453.095572228674,0.15,150,5,0.13,1.419215132361564,4.540901080295546,0.0
mtd_ai,200,0.005076672373187211,0.4918032786885246,4929.719368553087,0.2,150,5,0.13,1.419215132361564,4.540901080295546,0.0
mtd_ai,200,0.005076672373187211,0.5067567567567568,5466.700774238561,0.25,150,5,0.13,1.419215132361564,4.540901080295546,0.0
mtd_ai,200,0.005069754483349606,0.3125,2385.2700525199657,0.05,150,5,0.14133333333333334,0.22639144690859814,0.9704099841252228,0.0
mtd_ai,200,0.005069754483349606,0.38461538461538464,3255.0601387382576,0.1,150,5,0.14133333333333334,0.22639144690859814,0.9704099841252228,0.0
mtd_ai,200,0.005069754483349606,0.39473684210526316,4247.34777666808,0.15,150,5,0.14133333333333334,0.22639144690859814,0.9704099841252228,0.0
mtd_ai,200,0.005069754483349606,0.42857142857142855,5218.850600508489,0.2,150,5,0.14133333333333334,0.22639144690859814,0.9704099841252228,0.0
mtd_ai,200,0.005069754483349606,0.46296296296296297,6042.218406226485,0.25,150,5,0.14133333333333334,0.22639144690859814,0.9704099841252228,0.0
mtd_ai,200,0.005043839398050925,0.32608695652173914,2100.3733730554663,0.05,150,5,0.09444444444444444,0.09504403449386072,0.16011040096349896,0.0
mtd_ai,200,0.005043839398050925,0.36585365853658536,3777.9560607471085,0.1,150,5,0.09444444444444444,0.09504403449386072,0.16011040096349896,0.0
mtd_ai,200,0.005043839398050925,0.4326923076923077,4567.381055096555,0.15,150,5,0.09444444444444444,0.09504403449386072,0.16011040096349896,0.0
mtd_ai,200,0.005043839398050925,0.46875,5179.679540621754,0.2,150,5,0.09444444444444444,0.09504403449386072,0.16011040096349896,0.0
mtd_ai,200,0.005043839398050925,0.487012987012987,6041.115290303815,0.25,150,5,0.09444444444444444,0.09504403449386072,0.16011040096349896,0.0
mtd_ai,200,0.005033464776878913,0.26785714285714285,3449.7358467728745,0.05,150,5,0.11144444444444446,1.0446135080839078,0.9992549353776066,0.0
mtd_ai,200,0.005033464776878913,0.35714285714285715,4386.090131369368,0.1,150,5,0.11144444444444446,1.0446135080839078,0.9992549353776066,0.0
mtd_ai,200,0.005033464776878913,0.42452830188679247,5496.331154628191,0.15,150,5,0.11144444444444446,1.0446135080839078,0.9992549353776066,0.0
mtd_ai,200,0.005033464776878913,0.46875,5976.345110200949,0.2,150,5,0.11144444444444446,1.0446135080839078,0.9992549353776066,0.0
mtd_ai,200,0.005033464776878913,0.487012987012987,7058.340270388712,0.25,150,5,0.11144444444444446,1.0446135080839078,0.9992549353776066,0.0
mtd_ai,200,0.005076247967833592,0.2777777777777778,2502.4759840346787,0.05,150,5,0.12166666666666667,0.2355416540511856,1.0298696342239446,0.0
mtd_ai,200,0.005076247967833592,0.375,3171.6943748545777,0.1,150,5,0.12166666666666667,0.2355416540511856,1.0298696342239446,0.0
mtd_ai,200,0.005076247967833592,0.45918367346938777,3546.445270530362,0.15,150,5,0.12166666666666667,0.2355416540511856,1.0298696342239446,0.0
mtd_ai,200,0.005076247967833592,0.45454545454545453,4803.020132202011,0.2,150,5,0.12166666666666667,0.2355416540511856,1.0298696342239446,0.0
mtd_ai,200,0.005076247967833592,0.4573170731707317,5569.531480919872,0.25,150,5,0.12166666666666667,0.2355416540511856,1.0298696342239446,0.0
mtd_ai,200,0.005039399451125453,0.39473684210526316,1663.994489602664,0.05,150,5,0.12571428571428572,4.379282410338335,7.082858137915047,0.0
mtd_ai,200,0.005039399451125453,0.3333333333333333,4182.826538941745,0.1,150,5,0.12571428571428572,4.379282410338335,7.082858137915047,0.0
mtd_ai,200,0.005039399451125453,0.4166666666666667,4534.68319566496,0.15,150,5,0.12571428571428572,4.379282410338335,7.082858137915047,0.0
mtd_ai,200,0.005039399451125453,0.44776119402985076,5425.871648228576,0.2,150,5,0.12571428571428572,4.379282410338335,7.082858137915047,0.0
mtd_ai,200,0.005039399451125453,0.4807692307692308,5869.666859432902,0.25,150,5,0.12571428571428572,4.379282410338335,7.082858137915047,0.0
mtd_ai,200,0.005032009102814789,0.234375,4372.259912948092,0.05,150,5,0.1,1.0647513000029836,3.852353641720807,0.0
mtd_ai,200,0.005032009102814789,0.3191489361702128,5566.648675456162,0.1,150,5,0.1,1.0647513000029836,3.852353641720807,0.0
mtd_ai,200,0.005032009102814789,0.36885245901639346,6219.513357597978,0.15,150,5,0.1,1.0647513000029836,3.852353641720807,0.0
mtd_ai,200,0.005032009102814789,0.4,7085.0563356972925,0.2,150,5,0.1,1.0647513000029836,3.852353641720807,0.0
mtd_ai,200,0.005032009102814789,0.44642857142857145,7486.0117223426005,0.25,150,5,0.1,1.0647513000029836,3.852353641720807,0.0
mtd_ai,200,0.0050446127649093385,0.22727272727272727,2579.3740009944095,0.05,150,5,0.14444444444444446,0.78857945589802,2.7631186513998727,0.0
mtd_ai,200,0.0050446127649093385,0.3125,3711.030527820329,0.1,150,5,0.14444444444444446,0.78857945589802,2.7631186513998727,0.0
mtd_ai,200,0.0050446127649093385,0.35714285714285715,4713.78738011317,0.15,150,5,0.14444444444444446,0.78857945589802,2.7631186513998727,0.0
mtd_ai,200,0.0050446127649093385,0.40540540540540543,5250.364150919539,0.2,150,5,0.14444444444444446,0.78857945589802,2.7631186513998727,0.0
mtd_ai,200,0.0050446127649093385,0.43103448275862066,6213.0495002839,0.25,150,5,0.14444444444444446,0.78857945589802,2.7631186513998727,0.0
mtd_ai,200,0.005079500949694557,0.35714285714285715,1800.168722639762,0.05,150,5,0.1288888888888889,0.4105238739962905,0.45345958925835805,0.0
mtd_ai,200,0.005079500949694557,0.40540540540540543,2968.921946738973,0.1,150,5,0.1288888888888889,0.4105238739962905,0.45345958925835805,0.0
mtd_ai,200,0.005079500949694557,0.4411764705882353,3895.650406034012,0.15,150,5,0.1288888888888889,0.4105238739962905,0.45345958925835805,0.0
mtd_ai,200,0.005079500949694557,0.46875,4850.038446573211,0.2,150,5,0.1288888888888889,0.4105238739962905,0.45345958925835805,0.0
mtd_ai,200,0.005079500949694557,0.5,5573.132727755094,0.25,150,5,0.1288888888888889,0.4105238739962905,0.45345958925835805,0.0
mtd_ai,200,0.005047102084618487,0.17857142857142858,5372.051547842034,0.05,150,5,0.12666666666666668,0.24187616899668937,0.9887736360665697,0.0
mtd_ai,200,0.005047102084618487,0.28846153846153844,5865.825841482846,0.1,150,5,0.12666666666666668,0.24187616899668937,0.9887736360665697,0.0
mtd_ai,200,0.005047102084618487,0.32608695652173914,7189.3074535407595,0.15,150,5,0.12666666666666668,0.24187616899668937,0.9887736360665697,0.0
mtd_ai,200,0.005047102084618487,0.38461538461538464,7581.434420820881,0.2,150,5,0.12666666666666668,0.24187616899668937,0.9887736360665697,0.0
mtd_ai,200,0.005047102084618487,0.42134831460674155,8054.88223350744,0.25,150,5,0.12666666666666668,0.24187616899668937,0.9887736360665697,0.0
mtd_ai,200,0.005046154992911554,0.22727272727272727,4399.405814869768,0.05,150,5,0.13066666666666668,4.562291645488052,1.967001965474963,0.0
mtd_ai,200,0.005046154992911554,0.3488372093023256,4916.294973681411,0.1,150,5,0.13066666666666668,4.562291645488052,1.967001965474963,0.0
mtd_ai,200,0.005046154992911554,0.42452830188679247,5429.273770183461,0.15,150,5,0.13066666666666668,4.562291645488052,1.967001965474963,0.0
mtd_ai,200,0.005046154992911554,0.46153846153846156,6011.00282261736,0.2,150,5,0.13066666666666668,4.562291645488052,1.967001965474963,0.0
mtd_ai,200,0.005046154992911554,0.5067567567567568,6391.008640921397,0.25,150,5,0.13066666666666668,4.562291645488052,1.967001965474963,0.0
mtd_ai,200,0.005031892052866158,0.3409090909090909,2166.5980926629063,0.05,150,5,0.15966666666666665,0.5757027650258035,2.459045822471364,0.0
mtd_ai,200,0.005031892052866158,0.3125,5353.670254200804,0.1,150,5,0.15966666666666665,0.5757027650258035,2.459045822471364,0.0
mtd_ai,200,0.005031892052866158,0.3879310344827586,5811.406855215044,0.15,150,5,0.15966666666666665,0.5757027650258035,2.459045822471364,0.0
mtd_ai,200,0.005031892052866158,0.40540540540540543,6743.018757433711,0.2,150,5,0.15966666666666665,0.5757027650258035,2.459045822471364,0.0
mtd_ai,200,0.005031892052866158,0.44642857142857145,7174.487464673948,0.25,150,5,0.15966666666666665,0.5757027650258035,2.459045822471364,0.0
mtd_ai,200,0.005053319352699829,0.3,2158.3573343137623,0.05,150,5,0.1037037037037037,0.28940661812946616,1.0038128843491048,0.0
mtd_ai,200,0.005053319352699829,0.35714285714285715,3534.2859976950913,0.1,150,5,0.1037037037037037,0.28940661812946616,1.0038128843491048,0.0
mtd_ai,200,0.005053319352699829,0.35714285714285715,4681.862532389593,0.15,150,5,0.1037037037037037,0.28940661812946616,1.0038128843491048,0.0
mtd_ai,200,0.005053319352699829,0.38461538461538464,5475.343826214128,0.2,150,5,0.1037037037037037,0.28940661812946616,1.0038128843491048,0.0
mtd_ai,200,0.005053319352699829,0.390625,7111.409394951964,0.25,150,5,0.1037037037037037,0.28940661812946616,1.0038128843491048,0.0
mtd_ai,200,0.00503340394169588,0.2777777777777778,3062.3707572027292,0.05,150,5,0.08952380952380952,0.3713995618212848,1.3020448702544203,0.0
mtd_ai,200,0.00503340394169588,0.35714285714285715,4147.554094356322,0.1,150,5,0.08952380952380952,0.3713995618212848,1.3020448702544203,0.0
mtd_ai,200,0.00503340394169588,0.30405405405405406,6449.998472401112,0.15,150,5,0.08952380952380952,0.3713995618212848,1.3020448702544203,0.0
mtd_ai,200,0.00503340394169588,0.3488372093023256,7206.786279972976,0.2,150,5,0.08952380952380952,0.3713995618212848,1.3020448702544203,0.0
mtd_ai,200,0.00503340394169588,0.3865979381443299,7676.2790116613405,0.25,150,5,0.08952380952380952,0.3713995618212848,1.3020448702544203,0.0
mtd_ai,200,0.0050528332202497426,0.35714285714285715,1619.1543676495282,0.05,150,5,0.17644444444444446,2.613165614777693,2.6750888270775475,0.0
mtd_ai,200,0.0050528332202497426,0.3488372093023256,3664.5476662629653,0.1,150,5,0.17644444444444446,2.613165614777693,2.6750888270775475,0.0
mtd_ai,200,0.0050528332202497426,0.4017857142857143,4281.654773645621,0.15,150,5,0.17644444444444446,2.613165614777693,2.6750888270775475,0.0
mtd_ai,200,0.0050528332202497426,0.42857142857142855,4910.023187084313,0.2,150,5,0.17644444444444446,2.613165614777693,2.6750888270775475,0.0
mtd_ai,200,0.0050528332202497426,0.47468354430379744,5308.674030289363,0.25,150,5,0.17644444444444446,2.613165614777693,2.6750888270775475,0.0
mtd_ai,200,0.0050563622765323534,0.3,2526.8392237607122,0.05,150,5,0.1638888888888889,0.2634329053809427,0.9466796984289325,0.0
mtd_ai,200,0.0050563622765323534,0.39473684210526316,3280.6138010678374,0.1,150,5,0.1638888888888889,0.2634329053809427,0.9466796984289325,0.0
mtd_ai,200,0.0050563622765323534,0.375,5906.422531100356,0.15,150,5,0.1638888888888889,0.2634329053809427,0.9466796984289325,0.0
mtd_ai,200,0.0050563622765323534,0.4,6576.975445436665,0.2,150,5,0.1638888888888889,0.2634329053809427,0.9466796984289325,0.0
mtd_ai,200,0.0050563622765323534,0.4411764705882353,6959.734799990484,0.25,150,5,0.1638888888888889,0.2634329053809427,0.9466796984289325,0.0
mtd_ai,200,0.0050714546163632334,0.35714285714285715,2112.293923417134,0.05,150,5,0.18421052631578946,0.2883678979876268,1.0469933899236876,0.0
mtd_ai,200,0.0050714546163632334,0.30612244897959184,4431.799704278503,0.1,150,5,0.18421052631578946,0.2883678979876268,1.0469933899236876,0.0
mtd_ai,200,0.0050714546163632334,0.3879310344827586,4792.126458515167,0.15,150,5,0.18421052631578946,0.2883678979876268,1.0469933899236876,0.0
mtd_ai,200,0.0050714546163632334,0.42857142857142855,5237.323188986499,0.2,150,5,0.18421052631578946,0.2883678979876268,1.0469933899236876,0.0
mtd_ai,200,0.0050714546163632334,0.39893617021276595,6251.900273738848,0.25,150,5,0.18421052631578946,0.2883678979876268,1.0469933899236876,0.0
mtd_ai,200,0.005056729162985985,0.25862068965517243,3470.391170053974,0.05,150,5,0.09,2.968884374429622,4.6033734558664365,0.0
mtd_ai,200,0.005056729162985985,0.35714285714285715,4329.097136941155,0.1,150,5,0.09,2.968884374429622,4.6033734558664365,0.0
mtd_ai,200,0.005056729162985985,0.39473684210526316,5348.7925036982115,0.15,150,5,0.09,2.968884374429622,4.6033734558664365,0.0
mtd_ai,200,0.005056729162985985,0.4166666666666667,6444.925062732171,0.2,150,5,0.09,2.968884374429622,4.6033734558664365,0.0
mtd_ai,200,0.005056729162985985,0.4573170731707317,7050.853661060408,0.25,150,5,0.09,2.968884374429622,4.6033734558664365,0.0
mtd_ai,200,0.005098831674133737,0.375,1753.522304479675,0.05,150,5,0.14844444444444443,1.5286375375060512,4.992973713727278,0.0
mtd_ai,200,0.005098831674133737,0.4166666666666667,2762.601646421029,0.1,150,5,0.14844444444444443,1.5286375375060512,4.992973713727278,0.0
mtd_ai,200,0.005098831674133737,0.5113636363636364,3150.8405117237207,0.15,150,5,0.14844444444444443,1.5286375375060512,4.992973713727278,0.0
mtd_ai,200,0.005098831674133737,0.5357142857142857,4132.7656560460055,0.2,150,5,0.14844444444444443,1.5286375375060512,4.992973713727278,0.0
mtd_ai,200,0.005098831674133737,0.5434782608695652,4866.281378175794,0.25,150,5,0.14844444444444443,1.5286375375060512,4.992973713727278,0.0
mtd_ai,200,0.005046135960340359,0.5,1343.7854710498823,0.05,150,5,0.13444444444444445,0.7078416629306421,1.2265985348712494,0.0
mtd_ai,200,0.005046135960340359,0.4166666666666667,3169.7753696824143,0.1,150,5,0.13444444444444445,0.7078416629306421,1.2265985348712494,0.0
mtd_ai,200,0.005046135960340359,0.45,4241.86889228906,0.15,150,5,0.13444444444444445,0.7078416629306421,1.2265985348712494,0.0
mtd_ai,200,0.005046135960340359,0.4918032786885246,4684.805794334235,0.2,150,5,0.13444444444444445,0.7078416629306421,1.2265985348712494,0.0
mtd_ai,200,0.005046135960340359,0.487012987012987,5664.790221949964,0.25,150,5,0.13444444444444445,0.7078416629306421,1.2265985348712494,0.0
mtd_ai,200,0.005037584823542763,0.3409090909090909,2135.2426247773537,0.05,150,5,0.17733333333333334,0.7529673448003529,2.2627956250532857,0.0
mtd_ai,200,0.005037584823542763,0.45454545454545453,2717.429523275332,0.1,150,5,0.17733333333333334,0.7529673448003529,2.2627956250532857,0.0
mtd_ai,200,0.005037584823542763,0.4787234042553192,3778.6414110369183,0.15,150,5,0.17733333333333334,0.7529673448003529,2.2627956250532857,0.0
mtd_ai,200,0.005037584823542763,0.47619047619047616,5793.564741180524,0.2,150,5,0.17733333333333334,0.7529673448003529,2.2627956250532857,0.0
mtd_ai,200,0.005037584823542763,0.5208333333333334,6356.8187706032295,0.25,150,5,0.17733333333333334,0.7529673448003529,2.2627956250532857,0.0
mtd_ai,200,0.00507023898074436,0.28846153846153844,2748.7677864691577,0.05,150,5,0.15222222222222223,0.5251447798899901,1.4739676500327983,0.0
mtd_ai,200,0.00507023898074436,0.3488372093023256,3978.473027992619,0.1,150,5,0.15222222222222223,0.5251447798899901,1.4739676500327983,0.0
mtd_ai,200,0.00507023898074436,0.3813559322033898,4994.983584781689,0.15,150,5,0.15222222222222223,0.5251447798899901,1.4739676500327983,0.0
mtd_ai,200,0.00507023898074436,0.43478260869565216,5442.056319566385,0.2,150,5,0.15222222222222223,0.5251447798899901,1.4739676500327983,0.0
mtd_ai,200,0.00507023898074436,0.4807692307692308,5870.09984181209,0.25,150,5,0.15222222222222223,0.5251447798899901,1.4739676500327983,0.0
mtd_ai,200,0.005056134071978736,0.4166666666666667,1585.503662695844,0.05,150,5,0.13777777777777778,1.100247124383587,4.28342678984568,0.0
mtd_ai,200,0.005056134071978736,0.5357142857142857,2307.834039780879,0.1,150,5,0.13777777777777778,1.100247124383587,4.28342678984568,0.0
mtd_ai,200,0.005056134071978736,0.5769230769230769,2912.1784868376303,0.15,150,5,0.13777777777777778,1.100247124383587,4.28342678984568,0.0
mtd_ai,200,0.005056134071978736,0.5882352941176471,3739.757518089535,0.2,150,5,0.13777777777777778,1.100247124383587,4.28342678984568,0.0
mtd_ai,200,0.005056134071978736,0.5514705882352942,5230.63394237626,0.25,150,5,0.13777777777777778,1.100247124383587,4.28342678984568,0.0
mtd_ai,200,0.005080517743787791,0.32608695652173914,2778.480777994221,0.05,150,5,0.13,5.243686789254353,1.3091483855018686,0.0
mtd_ai,200,0.005080517743787791,0.4166666666666667,3583.136586577438,0.1,150,5,0.13,5.243686789254353,1.3091483855018686,0.0
mtd_ai,200,0.005080517743787791,0.46875,4177.355267253514,0.15,150,5,0.13,5.243686789254353,1.3091483855018686,0.0
mtd_ai,200,0.005080517743787791,0.5,4794.635840502378,0.2,150,5,0.13,5.243686789254353,1.3091483855018686,0.0
mtd_ai,200,0.005080517743787791,0.5208333333333334,5401.148991165628,0.25,150,5,0.13,5.243686789254353,1.3091483855018686,0.0
mtd_ai,200,0.005038200601322056,0.2777777777777778,2757.478917566101,0.05,150,5,0.14122222222222225,0.2609255554098227,0.5964146281725645,0.0
mtd_ai,200,0.005038200601322056,0.3488372093023256,4134.90377148093,0.1,150,5,0.14122222222222225,0.2609255554098227,0.5964146281725645,0.0
mtd_ai,200,0.005038200601322056,0.4017857142857143,4742.540717854919,0.15,150,5,0.14122222222222225,0.2609255554098227,0.5964146281725645,0.0
mtd_ai,200,0.005038200601322056,0.42857142857142855,5435.961265169835,0.2,150,5,0.14122222222222225,0.2609255554098227,0.5964146281725645,0.0
mtd_ai,200,0.005038200601322056,0.4573170731707317,6367.038915398491,0.25,150,5,0.14122222222222225,0.2609255554098227,0.5964146281725645,0.0
mtd_ai,200,0.005046679634178964,0.32608695652173914,2388.695591280763,0.05,150,5,0.1577777777777778,1.5644378953930906,5.330682555215177,0.0
mtd_ai,200,0.005046679634178964,0.42857142857142855,3169.4719174289407,0.1,150,5,0.1577777777777778,1.5644378953930906,5.330682555215177,0.0
mtd_ai,200,0.005046679634178964,0.4787234042553192,3829.906599492383,0.15,150,5,0.1577777777777778,1.5644378953930906,5.330682555215177,0.0
mtd_ai,200,0.005046679634178964,0.5172413793103449,4306.154080296878,0.2,150,5,0.1577777777777778,1.5644378953930906,5.330682555215177,0.0
mtd_ai,200,0.005046679634178964,0.5136986301369864,5312.921380197194,0.25,150,5,0.1577777777777778,1.5644378953930906,5.330682555215177,0.0
mtd_ai,200,0.005058497183061631,0.32608695652173914,1703.4209638954603,0.05,150,5,0.09533333333333334,1.8387380717140762,5.070082301806433,0.0
mtd_ai,200,0.005058497183061631,0.3333333333333333,3776.9083790061795,0.1,150,5,0.09533333333333334,1.8387380717140762,5.070082301806433,0.0
mtd_ai,200,0.005058497183061631,0.32608695652173914,4957.015937302123,0.15,150,5,0.09533333333333334,1.8387380717140762,5.070082301806433,0.0
mtd_ai,200,0.005058497183061631,0.3409090909090909,6225.129715933302,0.2,150,5,0.09533333333333334,1.8387380717140762,5.070082301806433,0.0
mtd_ai,200,0.005058497183061631,0.3787878787878788,6671.99451949867,0.25,150,5,0.09533333333333334,1.8387380717140762,5.070082301806433,0.0
mtd_ai,200,0.005067026265903444,0.2777777777777778,2150.4422779340475,0.05,150,5,0.17033333333333334,0.9452779263661901,2.4951660013366315,0.0
mtd_ai,200,0.005067026265903444,0.3125,3373.05133741455,0.1,150,5,0.17033333333333334,0.9452779263661901,2.4951660013366315,0.0
mtd_ai,200,0.005067026265903444,0.3082191780821918,5518.223033903569,0.15,150,5,0.17033333333333334,0.9452779263661901,2.4951660013366315,0.0
mtd_ai,200,0.005067026265903444,0.35294117647058826,6299.816550870704,0.2,150,5,0.17033333333333334,0.9452779263661901,2.4951660013366315,0.0
mtd_ai,200,0.005067026265903444,0.39473684210526316,6765.334698589184,0.25,150,5,0.17033333333333334,0.9452779263661901,2.4951660013366315,0.0
mtd_ai,200,0.005060775209449515,0.24193548387096775,2974.270256068646,0.05,150,5,0.12333333333333334,0.9290223711020005,4.039930101907578,0.0
mtd_ai,200,0.005060775209449515,0.30612244897959184,4430.988492166637,0.1,150,5,0.12333333333333334,0.9290223711020005,4.039930101907578,0.0
mtd_ai,200,0.005060775209449515,0.3515625,5440.931207815036,0.15,150,5,0.12333333333333334,0.9290223711020005,4.039930101907578,0.0
mtd_ai,200,0.005060775209449515,0.375,6117.536793393724,0.2,150,5,0.12333333333333334,0.9290223711020005,4.039930101907578,0.0
mtd_ai,200,0.005060775209449515,0.4032258064516129,6602.699482172075,0.25,150,5,0.12333333333333334,0.9290223711020005,4.039930101907578,0.0
mtd_ai,200,0.005058953226285242,0.3409090909090909,1841.754151585029,0.05,150,5,0.12,0.34918376361857456,1.4576663051941137,0.0
mtd_ai,200,0.005058953226285242,0.39473684210526316,3425.446436608646,0.1,150,5,0.12,0.34918376361857456,1.4576663051941137,0.0
mtd_ai,200,0.005058953226285242,0.46875,3838.3702149407272,0.15,150,5,0.12,0.34918376361857456,1.4576663051941137,0.0
mtd_ai,200,0.005058953226285242,0.5084745762711864,4365.182762237176,0.2,150,5,0.12,0.34918376361857456,1.4576663051941137,0.0
mtd_ai,200,0.005058953226285242,0.5681818181818182,4725.3511316515805,0.25,150,5,0.12,0.34918376361857456,1.4576663051941137,0.0
mtd_ai,200,0.005045415740923035,0.4166666666666667,1600.006625004249,0.05,150,5,0.26666666666666666,1.2501461339147537,2.8886784180164984,-0.25
mtd_ai,200,0.005045415740923035,0.375,3462.4081001284003,0.1,150,5,0.26666666666666666,1.2501461339147537,2.8886784180164984,-0.25
mtd_ai,200,0.005045415740923035,0.42452830188679247,4467.048737386226,0.15,150,5,0.26666666666666666,1.2501461339147537,2.8886784180164984,-0.25
mtd_ai,200,0.005045415740923035,0.46153846153846156,4981.028963343058,0.2,150,5,0.26666666666666666,1.2501461339147537,2.8886784180164984,-0.25
mtd_ai,200,0.005045415740923035,0.5,5455.910279152626,0.25,150,5,0.26666666666666666,1.2501461339147537,2.8886784180164984,-0.25
mtd_ai,200,0.005080646679208587,0.4166666666666667,1520.9885169352865,0.05,150,5,0.082,0.2985322540075659,0.8313684572673407,0.0
mtd_ai,200,0.005080646679208587,0.4166666666666667,3099.560639732136,0.1,150,5,0.082,0.2985322540075659,0.8313684572673407,0.0
mtd_ai,200,0.005080646679208587,0.4787234042553192,3806.8879091816407,0.15,150,5,0.082,0.2985322540075659,0.8313684572673407,0.0
mtd_ai,200,0.005080646679208587,0.47619047619047616,4613.47807965326,0.2,150,5,0.082,0.2985322540075659,0.8313684572673407,0.0
mtd_ai,200,0.005080646679208587,0.5067567567567568,5305.058410466936,0.25,150,5,0.082,0.2985322540075659,0.8313684572673407,0.0
mtd_ai,200,0.005071023203587388,0.20270270270270271,2676.9859717411,0.05,150,5,0.11,0.4963547503089277,1.295262057053439,0.0
mtd_ai,200,0.005071023203587388,0.28846153846153844,3603.537700526598,0.1,150,5,0.11,0.4963547503089277,1.295262057053439,0.0
mtd_ai,200,0.005071023203587388,0.31690140845070425,4841.323226373324,0.15,150,5,0.11,0.4963547503089277,1.295262057053439,0.0
mtd_ai,200,0.005071023203587388,0.35714285714285715,5415.827113625786,0.2,150,5,0.11,0.4963547503089277,1.295262057053439,0.0
mtd_ai,200,0.005071023203587388,0.3787878787878788,6015.040396912501,0.25,150,5,0.11,0.4963547503089277,1.295262057053439,0.0
mtd_ai,200,0.005067436035047704,0.35714285714285715,1793.5494080256362,0.05,150,5,0.12111111111111111,0.4289353215113812,0.6276328273089715,0.0
mtd_ai,200,0.005067436035047704,0.45454545454545453,2770.921272514526,0.1,150,5,0.12111111111111111,0.4289353215113812,0.6276328273089715,0.0
mtd_ai,200,0.005067436035047704,0.4787234042553192,3511.973455003787,0.15,150,5,0.12111111111111111,0.4289353215113812,0.6276328273089715,0.0
mtd_ai,200,0.005067436035047704,0.5172413793103449,4098.472368237204,0.2,150,5,0.12111111111111111,0.4289353215113812,0.6276328273089715,0.0
mtd_ai,200,0.005067436035047704,0.42613636363636365,5593.333769738638,0.25,150,5,0.12111111111111111,0.4289353215113812,0.6276328273089715,0.0
mtd_ai,200,0.0050651257158488075,0.375,1829.095334431429,0.05,150,5,0.17200000000000001,1.5765048882131159,4.780387902258046,0.0
mtd_ai,200,0.0050651257158488075,0.38461538461538464,3367.6319496116835,0.1,150,5,0.17200000000000001,1.5765048882131159,4.780387902258046,0.0
mtd_ai,200,0.0050651257158488075,0.4411764705882353,4076.4077962046726,0.15,150,5,0.17200000000000001,1.5765048882131159,4.780387902258046,0.0
mtd_ai,200,0.0050651257158488075,0.44776119402985076,5894.189938402429,0.2,150,5,0.17200000000000001,1.5765048882131159,4.780387902258046,0.0
mtd_ai,200,0.0050651257158488075,0.487012987012987,6451.660651460717,0.25,150,5,0.17200000000000001,1.5765048882131159,4.780387902258046,0.0
mtd_ai,200,0.005057308930343354,0.3125,2581.653426063726,0.05,150,5,0.0,1.0748217159943532,4.336149662852754,0.0
mtd_ai,200,0.005057308930343354,0.3488372093023256,4782.578433663508,0.1,150,5,0.0,1.0748217159943532,4.336149662852754,0.0
mtd_ai,200,0.005057308930343354,0.4166666666666667,5479.023592105605,0.15,150,5,0.0,1.0748217159943532,4.336149662852754,0.0
mtd_ai,200,0.005057308930343354,0.44776119402985076,6061.033641129694,0.2,150,5,0.0,1.0748217159943532,4.336149662852754,0.0
mtd_ai,200,0.005057308930343354,0.46296296296296297,6896.789803061967,0.25,150,5,0.0,1.0748217159943532,4.336149662852754,0.0
mtd_ai,200,0.005067460143455969,0.28846153846153844,2325.155825318039,0.05,150,5,0.30434782608695654,1.0974979437087997,3.8832560389171613,0.0
mtd_ai,200,0.005067460143455969,0.375,3324.0926478134506,0.1,150,5,0.30434782608695654,1.0974979437087997,3.8832560389171613,0.0
mtd_ai,200,0.005067460143455969,0.4166666666666667,3854.8711678675936,0.15,150,5,0.30434782608695654,1.0974979437087997,3.8832560389171613,0.0
mtd_ai,200,0.005067460143455969,0.4411764705882353,4790.412184093239,0.2,150,5,0.30434782608695654,1.0974979437087997,3.8832560389171613,0.0
mtd_ai,200,0.005067460143455969,0.46875,5610.5157745825445,0.25,150,5,0.30434782608695654,1.0974979437087997,3.8832560389171613,0.0
mtd_ai,200,0.005057078577636222,0.234375,3261.0708800700513,0.05,150,5,0.1355555555555555,0.004517600948388841,0.01741392873480079,0.0
mtd_ai,200,0.005057078577636222,0.24193548387096775,5282.77848485442,0.1,150,5,0.1355555555555555,0.004517600948388841,0.01741392873480079,0.0
mtd_ai,200,0.005057078577636222,0.3082191780821918,5824.86210165561,0.15,150,5,0.1355555555555555,0.004517600948388841,0.01741392873480079,0.0
mtd_ai,200,0.005057078577636222,0.3614457831325301,6228.392035909538,0.2,150,5,0.1355555555555555,0.004517600948388841,0.01741392873480079,0.0
mtd_ai,200,0.005057078577636222,0.39473684210526316,7078.668205713228,0.25,150,5,0.1355555555555555,0.004517600948388841,0.01741392873480079,0.0
mtd_ai,200,0.005047410061649929,0.28846153846153844,2802.7547508832804,0.05,150,5,0.14111111111111113,1.57110073593985,5.137002841281436,0.0
mtd_ai,200,0.005047410061649929,0.36585365853658536,3578.76443010985,0.1,150,5,0.14111111111111113,1.57110073593985,5.137002841281436,0.0
mtd_ai,200,0.005047410061649929,0.4166666666666667,4106.045145291317,0.15,150,5,0.14111111111111113,1.57110073593985,5.137002841281436,0.0
mtd_ai,200,0.005047410061649929,0.40540540540540543,6020.597877022065,0.2,150,5,0.14111111111111113,1.57110073593985,5.137002841281436,0.0
mtd_ai,200,0.005047410061649929,0.44642857142857145,6412.461256725683,0.25,150,5,0.14111111111111113,1.57110073593985,5.137002841281436,0.0
mtd_ai,200,0.005074223695427052,0.35714285714285715,1855.6770504116867,0.05,150,5,0.12,0.671945467764948,2.8063760356789227,0.0
mtd_ai,200,0.005074223695427052,0.3409090909090909,4246.30528993892,0.1,150,5,0.12,0.671945467764948,2.8063760356789227,0.0
mtd_ai,200,0.005074223695427052,0.42452830188679247,4835.811448508404,0.15,150,5,0.12,0.671945467764948,2.8063760356789227,0.0
mtd_ai,200,0.005074223695427052,0.46875,5403.35482495613,0.2,150,5,0.12,0.671945467764948,2.8063760356789227,0.0
mtd_ai,200,0.005074223695427052,0.47468354430379744,6215.356111558499,0.25,150,5,0.12,0.671945467764948,2.8063760356789227,0.0
mtd_ai,200,0.005045167746164099,0.3409090909090909,2029.6741006299492,0.05,150,5,0.17244444444444443,0.563466731460621,2.139748951233439,5.0
mtd_ai,200,0.005045167746164099,0.42857142857142855,2853.860621979439,0.1,150,5,0.17244444444444443,0.563466731460621,2.139748951233439,5.0
mtd_ai,200,0.005045167746164099,0.45918367346938777,3446.7984153674925,0.15,150,5,0.17244444444444443,0.563466731460621,2.139748951233439,5.0
mtd_ai,200,0.005045167746164099,0.4411764705882353,4684.995405944531,0.2,150,5,0.17244444444444443,0.563466731460621,2.139748951233439,5.0
mtd_ai,200,0.005045167746164099,0.46875,5332.434490226167,0.25,150,5,0.17244444444444443,0.563466731460621,2.139748951233439,5.0
mtd_ai,200,0.005041303198307079,0.4166666666666667,1866.8425021907672,0.05,150,5,0.1446666666666667,0.49490965172024043,1.5158842971366144,0.0
mtd_ai,200,0.005041303198307079,0.45454545454545453,3110.79638661846,0.1,150,5,0.1446666666666667,0.49490965172024043,1.5158842971366144,0.0
mtd_ai,200,0.005041303198307079,0.42452830188679247,4635.8276566731665,0.15,150,5,0.1446666666666667,0.49490965172024043,1.5158842971366144,0.0
mtd_ai,200,0.005041303198307079,0.4225352112676056,5685.790616799188,0.2,150,5,0.1446666666666667,0.49490965172024043,1.5158842971366144,0.0
mtd_ai,200,0.005041303198307079,0.45180722891566266,6337.419829956529,0.25,150,5,0.1446666666666667,0.49490965172024043,1.5158842971366144,0.0
mtd_ai,200,0.005035861576072633,0.28846153846153844,3077.399612624651,0.05,150,5,0.09,3.1104991032271636,5.432947634113774,0.0
mtd_ai,200,0.005035861576072633,0.3409090909090909,5019.676265492724,0.1,150,5,0.09,3.1104991032271636,5.432947634113774,0.0
mtd_ai,200,0.005035861576072633,0.4017857142857143,5749.588844717208,0.15,150,5,0.09,3.1104991032271636,5.432947634113774,0.0
mtd_ai,200,0.005035861576072633,0.44776119402985076,6210.786735663791,0.2,150,5,0.09,3.1104991032271636,5.432947634113774,0.0
mtd_ai,200,0.005035861576072633,0.47468354430379744,6670.659121216973,0.25,150,5,0.09,3.1104991032271636,5.432947634113774,0.0
mtd_ai,200,0.005072867735871964,0.39473684210526316,1598.6903626771257,0.05,150,5,0.165,0.10184782263329595,0.2522530628333856,0.0
mtd_ai,200,0.005072867735871964,0.38461538461538464,3495.387605685656,0.1,150,5,0.165,0.10184782263329595,0.2522530628333856,0.0
mtd_ai,200,0.005072867735871964,0.3879310344827586,4825.011581964315,0.15,150,5,0.165,0.10184782263329595,0.2522530628333856,0.0
mtd_ai,200,0.005072867735871964,0.410958904109589,5764.938083602116,0.2,150,5,0.165,0.10184782263329595,0.2522530628333856,0.0
mtd_ai,200,0.005072867735871964,0.46296296296296297,6056.572725937332,0.25,150,5,0.165,0.10184782263329595,0.2522530628333856,0.0
mtd_ai,200,0.005032423280792372,0.3409090909090909,2194.137718506153,0.05,150,5,0.12177777777777778,0.1723868758882426,0.7129732086216185,0.0
mtd_ai,200,0.005032423280792372,0.30612244897959184,4630.683174097363,0.1,150,5,0.12177777777777778,0.1723868758882426,0.7129732086216185,0.0
mtd_ai,200,0.005032423280792372,0.3629032258064516,5454.218334039117,0.15,150,5,0.12177777777777778,0.1723868758882426,0.7129732086216185,0.0
mtd_ai,200,0.005032423280792372,0.4,6121.745739549977,0.2,150,5,0.12177777777777778,0.1723868758882426,0.7129732086216185,0.0
mtd_ai,200,0.005032423280792372,0.42613636363636365,6843.620290591396,0.25,150,5,0.12177777777777778,0.1723868758882426,0.7129732086216185,0.0
mtd_ai,200,0.0050394505230534434,0.234375,4100.8488956716865,0.05,150,5,0.14333333333333334,0.14386824325674902,0.5562056823092913,0.0
mtd_ai,200,0.0050394505230534434,0.3191489361702128,5353.486755641541,0.1,150,5,0.14333333333333334,0.14386824325674902,0.5562056823092913,0.0
mtd_ai,200,0.0050394505230534434,0.3813559322033898,6328.850845081832,0.15,150,5,0.14333333333333334,0.14386824325674902,0.5562056823092913,0.0
mtd_ai,200,0.0050394505230534434,0.43478260869565216,6919.501481235497,0.2,150,5,0.14333333333333334,0.14386824325674902,0.5562056823092913,0.0
mtd_ai,200,0.0050394505230534434,0.46875,7287.843640938649,0.25,150,5,0.14333333333333334,0.14386824325674902,0.5562056823092913,0.0
mtd_ai,200,0.005052973753112946,0.28846153846153844,2628.6129705788835,0.05,150,5,0.12855555555555553,0.5125598405606708,1.8957348415179438,0.0
mtd_ai,200,0.005052973753112946,0.3125,4292.295166270556,0.1,150,5,0.12855555555555553,0.5125598405606708,1.8957348415179438,0.0
mtd_ai,200,0.005052973753112946,0.35714285714285715,5390.704477957752,0.15,150,5,0.12855555555555553,0.5125598405606708,1.8957348415179438,0.0
mtd_ai,200,0.005052973753112946,0.37037037037037035,6734.725779922949,0.2,150,5,0.12855555555555553,0.5125598405606708,1.8957348415179438,0.0
mtd_ai,200,0.005052973753112946,0.375,7826.521834035707,0.25,150,5,0.12855555555555553,0.5125598405606708,1.8957348415179438,0.0
mtd_ai,200,0.005039525458268776,0.21428571428571427,2284.42121064184,0.05,150,5,0.12079365079365077,0.7630453984922363,2.7948424823205213,0.0
mtd_ai,200,0.005039525458268776,0.2830188679245283,3752.4756114482543,0.1,150,5,0.12079365079365077,0.7630453984922363,2.7948424823205213,0.0
mtd_ai,200,0.005039525458268776,0.3409090909090909,4726.994742835264,0.15,150,5,0.12079365079365077,0.7630453984922363,2.7948424823205213,0.0
mtd_ai,200,0.005039525458268776,0.379746835443038,5397.03638245605,0.2,150,5,0.12079365079365077,0.7630453984922363,2.7948424823205213,0.0
mtd_ai,200,0.005039525458268776,0.42613636363636365,5973.929791842649,0.25,150,5,0.12079365079365077,0.7630453984922363,2.7948424823205213,0.0
mtd_ai,200,0.00505405455179807,0.3409090909090909,1832.6993345667265,0.05,150,5,0.11764705882352941,0.43843204897496135,1.5009908165331138,0.0
mtd_ai,200,0.00505405455179807,0.36585365853658536,3448.0919836299336,0.1,150,5,0.11764705882352941,0.43843204897496135,1.5009908165331138,0.0
mtd_ai,200,0.00505405455179807,0.4326923076923077,4127.435435035694,0.15,150,5,0.11764705882352941,0.43843204897496135,1.5009908165331138,0.0
mtd_ai,200,0.00505405455179807,0.46153846153846156,4989.236187745924,0.2,150,5,0.11764705882352941,0.43843204897496135,1.5009908165331138,0.0
mtd_ai,200,0.00505405455179807,0.487012987012987,5710.070011257787,0.25,150,5,0.11764705882352941,0.43843204897496135,1.5009908165331138,0.0
mtd_ai,200,0.005105423516802843,0.46875,1637.3502417326124,0.05,150,5,0.08722222222222223,0.15090059300265452,0.5138991740566045,0.0
mtd_ai,200,0.005105423516802843,0.4838709677419355,2371.809962821233,0.1,150,5,0.08722222222222223,0.15090059300265452,0.5138991740566045,0.0
mtd_ai,200,0.005105423516802843,0.5625,2917.1033368810376,0.15,150,5,0.08722222222222223,0.15090059300265452,0.5138991740566045,0.0
mtd_ai,200,0.005105423516802843,0.5555555555555556,3548.1911888746536,0.2,150,5,0.08722222222222223,0.15090059300265452,0.5138991740566045,0.0
mtd_ai,200,0.005105423516802843,0.5952380952380952,3952.012345018834,0.25,150,5,0.08722222222222223,0.15090059300265452,0.5138991740566045,0.0
mtd_ai,200,0.005082597866643669,0.46875,1534.259284509636,0.05,150,5,0.13722222222222222,0.8159030987441257,2.322660472511197,0.0
mtd_ai,200,0.005082597866643669,0.46875,2590.220119778659,0.1,150,5,0.13722222222222222,0.8159030987441257,2.322660472511197,0.0
mtd_ai,200,0.005082597866643669,0.5357142857142857,3185.1163476775046,0.15,150,5,0.13722222222222222,0.8159030987441257,2.322660472511197,0.0
mtd_ai,200,0.005082597866643669,0.5357142857142857,4348.772905687205,0.2,150,5,0.13722222222222222,0.8159030987441257,2.322660472511197,0.0
mtd_ai,200,0.005082597866643669,0.5597014925373134,5061.488230376689,0.25,150,5,0.13722222222222222,0.8159030987441257,2.322660472511197,0.0
mtd_ai,200,0.0050803864899249575,0.3,1847.4202194612299,0.05,150,5,0.15185185185185185,0.16718641376845192,0.7502146788808484,0.0
mtd_ai,200,0.0050803864899249575,0.36585365853658536,3097.4452672825955,0.1,150,5,0.15185185185185185,0.16718641376845192,0.7502146788808484,0.0
mtd_ai,200,0.0050803864899249575,0.4166666666666667,3878.307943125688,0.15,150,5,0.15185185185185185,0.16718641376845192,0.7502146788808484,0.0
mtd_ai,200,0.0050803864899249575,0.410958904109589,5239.764736258551,0.2,150,5,0.15185185185185185,0.16718641376845192,0.7502146788808484,0.0
mtd_ai,200,0.0050803864899249575,0.4573170731707317,5567.012184749165,0.25,150,5,0.15185185185185185,0.16718641376845192,0.7502146788808484,0.0
mtd_ai,200,0.005084358083684709,0.375,2180.3039450697115,0.05,150,5,0.09,0.6984694584694795,2.663200663011202,0.0
mtd_ai,200,0.005084358083684709,0.46875,3034.6699080782864,0.1,150,5,0.09,0.6984694584694795,2.663200663011202,0.0
mtd_ai,200,0.005084358083684709,0.5487804878048781,3511.135048028833,0.15,150,5,0.09,0.6984694584694795,2.663200663011202,0.0
mtd_ai,200,0.005084358083684709,0.5660377358490566,4294.743124301338,0.2,150,5,0.09,0.6984694584694795,2.663200663011202,0.0
mtd_ai,200,0.005084358083684709,0.5597014925373134,5285.633450651017,0.25,150,5,0.09,0.6984694584694795,2.663200663011202,0.0
mtd_ai,200,0.005061704574411754,0.25862068965517243,2835.881350289384,0.05,150,5,0.15,4.932327511241527,5.454968490130177,0.0
mtd_ai,200,0.005061704574411754,0.3125,4381.806910757628,0.1,150,5,0.15,4.932327511241527,5.454968490130177,0.0
mtd_ai,200,0.005061704574411754,0.3629032258064516,5123.0910410641645,0.15,150,5,0.15,4.932327511241527,5.454968490130177,0.0
mtd_ai,200,0.005061704574411754,0.39473684210526316,5829.429960594977,0.2,150,5,0.15,4.932327511241527,5.454968490130177,0.0
mtd_ai,200,0.005061704574411754,0.42613636363636365,6491.318545756634,0.25,150,5,0.15,4.932327511241527,5.454968490130177,0.0
mtd_ai,200,0.005060071469193101,0.3,2527.930442960006,0.05,150,5,0.12666666666666668,0.25036600885332577,0.8614862245021037,0.0
mtd_ai,200,0.005060071469193101,0.35714285714285715,3976.333405730794,0.1,150,5,0.12666666666666668,0.25036600885332577,0.8614862245021037,0.0
mtd_ai,200,0.005060071469193101,0.4166666666666667,4666.181158598463,0.15,150,5,0.12666666666666668,0.25036600885332577,0.8614862245021037,0.0
mtd_ai,200,0.005060071469193101,0.4166666666666667,5873.434272200315,0.2,150,5,0.12666666666666668,0.25036600885332577,0.8614862245021037,0.0
mtd_ai,200,0.005060071469193101,0.4573170731707317,6248.093547467906,0.25,150,5,0.12666666666666668,0.25036600885332577,0.8614862245021037,0.0
mtd_ai,200,0.005044395996732538,0.3,2215.071412306851,0.05,150,5,0.10111111111111112,2.4217945139721793,2.977532849031147,0.0
mtd_ai,200,0.005044395996732538,0.375,3159.3511247198294,0.1,150,5,0.10111111111111112,2.4217945139721793,2.977532849031147,0.0
mtd_ai,200,0.005044395996732538,0.42452830188679247,4043.5940961278184,0.15,150,5,0.10111111111111112,2.4217945139721793,2.977532849031147,0.0
mtd_ai,200,0.005044395996732538,0.4225352112676056,5657.782500805317,0.2,150,5,0.10111111111111112,2.4217945139721793,2.977532849031147,0.0
mtd_ai,200,0.005044395996732538,0.46296296296296297,5967.576848258811,0.25,150,5,0.10111111111111112,2.4217945139721793,2.977532849031147,0.0
mtd_ai,200,0.00506373864755263,0.28846153846153844,2989.5024196782138,0.05,150,5,0.08844444444444445,0.07178040474289846,0.19115424440928938,0.0
mtd_ai,200,0.00506373864755263,0.3409090909090909,4192.676100848282,0.1,150,5,0.08844444444444445,0.07178040474289846,0.19115424440928938,0.0
mtd_ai,200,0.00506373864755263,0.4017857142857143,4842.620171233391,0.15,150,5,0.08844444444444445,0.07178040474289846,0.19115424440928938,0.0
mtd_ai,200,0.00506373864755263,0.4166666666666667,6371.981125651404,0.2,150,5,0.08844444444444445,0.07178040474289846,0.19115424440928938,0.0
mtd_ai,200,0.00506373864755263,0.45180722891566266,7040.696866705361,0.25,150,5,0.08844444444444445,0.07178040474289846,0.19115424440928938,0.0
mtd_ai,200,0.005063361340553667,0.35714285714285715,2221.7880981899525,0.05,150,5,0.16666666666666666,0.17053799532610117,0.5762988274115135,0.0
mtd_ai,200,0.005063361340553667,0.375,3610.813261866196,0.1,150,5,0.16666666666666666,0.17053799532610117,0.5762988274115135,0.0
mtd_ai,200,0.005063361340553667,0.4326923076923077,4211.523882563975,0.15,150,5,0.16666666666666666,0.17053799532610117,0.5762988274115135,0.0
mtd_ai,200,0.005063361340553667,0.42857142857142855,5964.330018929137,0.2,150,5,0.16666666666666666,0.17053799532610117,0.5762988274115135,0.0
mtd_ai,200,0.005063361340553667,0.45180722891566266,6644.631306682768,0.25,150,5,0.16666666666666666,0.17053799532610117,0.5762988274115135,0.0
mtd_ai,200,0.00504187439167086,0.35714285714285715,2015.2927876432536,0.05,150,5,0.10388888888888889,0.9505662914164349,3.164304394361508,5.230769230769231
mtd_ai,200,0.00504187439167086,0.42857142857142855,3199.273874649139,0.1,150,5,0.10388888888888889,0.9505662914164349,3.164304394361508,5.230769230769231
mtd_ai,200,0.00504187439167086,0.4891304347826087,3581.5344454480114,0.15,150,5,0.10388888888888889,0.9505662914164349,3.164304394361508,5.230769230769231
mtd_ai,200,0.00504187439167086,0.4166666666666667,5124.441102571993,0.2,150,5,0.10388888888888889,0.9505662914164349,3.164304394361508,5.230769230769231
mtd_ai,200,0.00504187439167086,0.4573170731707317,5535.456360843622,0.25,150,5,0.10388888888888889,0.9505662914164349,3.164304394361508,5.230769230769231
mtd_ai,200,0.005042728231518883,0.25862068965517243,2931.470862280657,0.05,150,5,0.1111111111111111,1.158693400841108,3.424480305078207,-4.40625
mtd_ai,200,0.005042728231518883,0.35714285714285715,3669.6267191614897,0.1,150,5,0.1111111111111111,1.158693400841108,3.424480305078207,-4.40625
mtd_ai,200,0.005042728231518883,0.4411764705882353,4185.5322594567215,0.15,150,5,0.1111111111111111,1.158693400841108,3.424480305078207,-4.40625
mtd_ai,200,0.005042728231518883,0.4838709677419355,4954.809174309808,0.2,150,5,0.1111111111111111,1.158693400841108,3.424480305078207,-4.40625
mtd_ai,200,0.005042728231518883,0.5067567567567568,5850.047463247718,0.25,150,5,0.1111111111111111,1.158693400841108,3.424480305078207,-4.40625
mtd_ai,200,0.005071440982081641,0.3409090909090909,2318.657941402893,0.05,150,5,0.13,2.275630789217113,5.471805760195624,0.0
mtd_ai,200,0.005071440982081641,0.38461538461538464,3965.343966061496,0.1,150,5,0.13,2.275630789217113,5.471805760195624,0.0
mtd_ai,200,0.005071440982081641,0.46875,4453.319644648431,0.15,150,5,0.13,2.275630789217113,5.471805760195624,0.0
mtd_ai,200,0.005071440982081641,0.47619047619047616,5404.88559414737,0.2,150,5,0.13,2.275630789217113,5.471805760195624,0.0
mtd_ai,200,0.005071440982081641,0.4934210526315789,6042.489551878062,0.25,150,5,0.13,2.275630789217113,5.471805760195624,0.0
mtd_ai,200,0.005038734282314272,0.3,1576.6319394773582,0.05,150,5,0.1,0.034511962799456786,0.10826959127255005,0.0
mtd_ai,200,0.005038734282314272,0.3333333333333333,3889.474058747112,0.1,150,5,0.1,0.034511962799456786,0.10826959127255005,0.0
mtd_ai,200,0.005038734282314272,0.375,4974.894919185512,0.15,150,5,0.1,0.034511962799456786,0.10826959127255005,0.0
mtd_ai,200,0.005038734282314272,0.43478260869565216,5581.955481002558,0.2,150,5,0.1,0.034511962799456786,0.10826959127255005,0.0
mtd_ai,200,0.005038734282314272,0.46296296296296297,6056.900904279002,0.25,150,5,0.1,0.034511962799456786,0.10826959127255005,0.0
mtd_ai,200,0.005044053141545188,0.28846153846153844,2361.917523111149,0.05,150,5,0.1188888888888889,0.7213148794512098,3.168269495782126,0.0
mtd_ai,200,0.005044053141545188,0.3488372093023256,3892.2497190482068,0.1,150,5,0.1188888888888889,0.7213148794512098,3.168269495782126,0.0
mtd_ai,200,0.005044053141545188,0.4090909090909091,4534.710491748192,0.15,150,5,0.1188888888888889,0.7213148794512098,3.168269495782126,0.0
mtd_ai,200,0.005044053141545188,0.4,5841.948991771894,0.2,150,5,0.1188888888888889,0.7213148794512098,3.168269495782126,0.0
mtd_ai,200,0.005044053141545188,0.42134831460674155,6295.440874190344,0.25,150,5,0.1188888888888889,0.7213148794512098,3.168269495782126,0.0
mtd_ai,200,0.005068844962469884,0.28846153846153844,3161.3286942082896,0.05,150,5,0.11666666666666667,0.20977238307591384,0.529079782481977,0.0
mtd_ai,200,0.005068844962469884,0.35714285714285715,3965.1316191196324,0.1,150,5,0.11666666666666667,0.20977238307591384,0.529079782481977,0.0
mtd_ai,200,0.005068844962469884,0.3813559322033898,5149.13696774569,0.15,150,5,0.11666666666666667,0.20977238307591384,0.529079782481977,0.0
mtd_ai,200,0.005068844962469884,0.4411764705882353,5457.995336578091,0.2,150,5,0.11666666666666667,0.20977238307591384,0.529079782481977,0.0
mtd_ai,200,0.005068844962469884,0.43103448275862066,6362.05556374797,0.25,150,5,0.11666666666666667,0.20977238307591384,0.529079782481977,0.0
mtd_ai,200,0.005091239978236578,0.5,1418.3873256683928,0.05,150,5,0.14444444444444446,1.35536018184012,4.429251480970045,0.0
mtd_ai,200,0.005091239978236578,0.5,2834.995126144612,0.1,150,5,0.14444444444444446,1.35536018184012,4.429251480970045,0.0
mtd_ai,200,0.005091239978236578,0.5,3705.6848853649,0.15,150,5,0.14444444444444446,1.35536018184012,4.429251480970045,0.0
mtd_ai,200,0.005091239978236578,0.5084745762711864,4665.641708424518,0.2,150,5,0.14444444444444446,1.35536018184012,4.429251480970045,0.0
mtd_ai,200,0.005091239978236578,0.5597014925373134,4936.997311926205,0.25,150,5,0.14444444444444446,1.35536018184012,4.429251480970045,0.0
mtd_ai,200,0.005079176447593547,0.32608695652173914,2167.423085192705,0.05,150,5,0.15777777777777777,1.8399599841090815,4.530896690254548,0.0
mtd_ai,200,0.005079176447593547,0.3333333333333333,3789.266510473718,0.1,150,5,0.15777777777777777,1.8399599841090815,4.530896690254548,0.0
mtd_ai,200,0.005079176447593547,0.39473684210526316,4450.047095544711,0.15,150,5,0.15777777777777777,1.8399599841090815,4.530896690254548,0.0
mtd_ai,200,0.005079176447593547,0.4225352112676056,5159.877892148759,0.2,150,5,0.15777777777777777,1.8399599841090815,4.530896690254548,0.0
mtd_ai,200,0.005079176447593547,0.46296296296296297,5667.761535615074,0.25,150,5,0.15777777777777777,1.8399599841090815,4.530896690254548,0.0
mtd_ai,200,0.005067293823382538,0.3409090909090909,2302.833736640726,0.05,150,5,0.2222222222222222,0.2741243803385242,0.7598301640701969,0.0
mtd_ai,200,0.005067293823382538,0.3409090909090909,4292.024208984467,0.1,150,5,0.2222222222222222,0.2741243803385242,0.7598301640701969,0.0
mtd_ai,200,0.005067293823382538,0.4017857142857143,5079.784776615621,0.15,150,5,0.2222222222222222,0.2741243803385242,0.7598301640701969,0.0
mtd_ai,200,0.005067293823382538,0.4166666666666667,5691.186119992921,0.2,150,5,0.2222222222222222,0.2741243803385242,0.7598301640701969,0.0
mtd_ai,200,0.005067293823382538,0.4573170731707317,6015.527391453068,0.25,150,5,0.2222222222222222,0.2741243803385242,0.7598301640701969,0.0
mtd_ai,200,0.005063267063380357,0.26785714285714285,2352.1567469786773,0.05,150,5,0.12222222222222222,1.455038850073984,1.2076313364359474,0.0
mtd_ai,200,0.005063267063380357,0.36585365853658536,3336.0591781552966,0.1,150,5,0.12222222222222222,1.455038850073984,1.2076313364359474,0.0
mtd_ai,200,0.005063267063380357,0.39473684210526316,4416.026215033491,0.15,150,5,0.12222222222222222,1.455038850073984,1.2076313364359474,0.0
mtd_ai,200,0.005063267063380357,0.410958904109589,6133.37945151772,0.2,150,5,0.12222222222222222,1.455038850073984,1.2076313364359474,0.0
mtd_ai,200,0.005063267063380357,0.436046511627907,6861.896817428282,0.25,150,5,0.12222222222222222,1.455038850073984,1.2076313364359474,0.0
mtd_ai,200,0.005044450424392815,0.21428571428571427,4531.728355423664,0.05,150,5,0.10777777777777779,7.954831955822522,5.192067356053122,0.0
mtd_ai,200,0.005044450424392815,0.3191489361702128,5058.621531084529,0.1,150,5,0.10777777777777779,7.954831955822522,5.192067356053122,0.0
mtd_ai,200,0.005044450424392815,0.4017857142857143,5404.581790649432,0.15,150,5,0.10777777777777779,7.954831955822522,5.192067356053122,0.0
mtd_ai,200,0.005044450424392815,0.4411764705882353,6145.723968424882,0.2,150,5,0.10777777777777779,7.954831955822522,5.192067356053122,0.0
mtd_ai,200,0.005044450424392815,0.487012987012987,6616.198007945784,0.25,150,5,0.10777777777777779,7.954831955822522,5.192067356053122,0.0
mtd_ai,200,0.005069976490220917,0.25,3108.155084605278,0.05,150,5,0.09333333333333334,0.013161321962022412,0.054129561212349,0.0
mtd_ai,200,0.005069976490220917,0.3488372093023256,4096.386071403849,0.1,150,5,0.09333333333333334,0.013161321962022412,0.054129561212349,0.0
mtd_ai,200,0.005069976490220917,0.375,5243.801843028494,0.15,150,5,0.09333333333333334,0.013161321962022412,0.054129561212349,0.0
mtd_ai,200,0.005069976490220917,0.39473684210526316,6184.55313666551,0.2,150,5,0.09333333333333334,0.013161321962022412,0.054129561212349,0.0
mtd_ai,200,0.005069976490220917,0.42134831460674155,6575.070214558893,0.25,150,5,0.09333333333333334,0.013161321962022412,0.054129561212349,0.0
mtd_ai,200,0.0050731582354014305,0.25,2840.5246384707125,0.05,150,5,0.3076923076923077,1.0148836680316162,2.6602027078064547,0.0
mtd_ai,200,0.0050731582354014305,0.32608695652173914,3621.305177074097,0.1,150,5,0.3076923076923077,1.0148836680316162,2.6602027078064547,0.0
mtd_ai,200,0.0050731582354014305,0.3879310344827586,4361.087999375079,0.15,150,5,0.3076923076923077,1.0148836680316162,2.6602027078064547,0.0
mtd_ai,200,0.0050731582354014305,0.4166666666666667,5268.2245535191505,0.2,150,5,0.3076923076923077,1.0148836680316162,2.6602027078064547,0.0
mtd_ai,200,0.0050731582354014305,0.44642857142857145,5677.168547480855,0.25,150,5,0.3076923076923077,1.0148836680316162,2.6602027078064547,0.0
mtd_ai,200,0.005025579414996209,0.3125,2679.154717702768,0.05,150,5,0.10333333333333333,0.28444921802250395,1.2306637732985235,0.0
mtd_ai,200,0.005025579414996209,0.3,5073.24570711008,0.1,150,5,0.10333333333333333,0.28444921802250395,1.2306637732985235,0.0
mtd_ai,200,0.005025579414996209,0.3409090909090909,6823.086574667495,0.15,150,5,0.10333333333333333,0.28444921802250395,1.2306637732985235,0.0
mtd_ai,200,0.005025579414996209,0.39473684210526316,7139.733822383581,0.2,150,5,0.10333333333333333,0.28444921802250395,1.2306637732985235,0.0
mtd_ai,200,0.005025579414996209,0.4411764705882353,7765.027881194104,0.25,150,5,0.10333333333333333,0.28444921802250395,1.2306637732985235,0.0
mtd_ai,200,0.00505010445184018,0.3409090909090909,2025.0230139980063,0.05,150,5,0.12177777777777778,0.12313006032224157,0.5247433281584998,0.0
mtd_ai,200,0.00505010445184018,0.35714285714285715,3798.122093000925,0.1,150,5,0.12177777777777778,0.12313006032224157,0.5247433281584998,0.0
mtd_ai,200,0.00505010445184018,0.4411764705882353,4243.704113513556,0.15,150,5,0.12177777777777778,0.12313006032224157,0.5247433281584998,0.0
mtd_ai,200,0.00505010445184018,0.46153846153846156,4860.482557530636,0.2,150,5,0.12177777777777778,0.12313006032224157,0.5247433281584998,0.0
mtd_ai,200,0.00505010445184018,0.5,5298.91887982268,0.25,150,5,0.12177777777777778,0.12313006032224157,0.5247433281584998,0.0
mtd_ai,200,0.005057949636786941,0.2777777777777778,2423.9213800414227,0.05,150,5,0.15722222222222224,0.47086908871994065,0.8375614396252125,0.0
mtd_ai,200,0.005057949636786941,0.3333333333333333,3935.431190740904,0.1,150,5,0.15722222222222224,0.47086908871994065,0.8375614396252125,0.0
mtd_ai,200,0.005057949636786941,0.39473684210526316,4615.898984806987,0.15,150,5,0.15722222222222224,0.47086908871994065,0.8375614396252125,0.0
mtd_ai,200,0.005057949636786941,0.39473684210526316,6223.328674292485,0.2,150,5,0.15722222222222224,0.47086908871994065,0.8375614396252125,0.0
mtd_ai,200,0.005057949636786941,0.43103448275862066,6801.455141150354,0.25,150,5,0.15722222222222224,0.47086908871994065,0.8375614396252125,0.0
mtd_ai,200,0.005049710916847617,0.24193548387096775,2564.122800674818,0.05,150,5,0.15933333333333335,0.2880560532540607,1.2713840297964818,0.0
mtd_ai,200,0.005049710916847617,0.3409090909090909,3287.714898067964,0.1,150,5,0.15933333333333335,0.2880560532540607,1.2713840297964818,0.0
mtd_ai,200,0.005049710916847617,0.4166666666666667,3784.6199176633513,0.15,150,5,0.15933333333333335,0.2880560532540607,1.2713840297964818,0.0
mtd_ai,200,0.005049710916847617,0.4411764705882353,4421.844690040413,0.2,150,5,0.15933333333333335,0.2880560532540607,1.2713840297964818,0.0
mtd_ai,200,0.005049710916847617,0.4573170731707317,5022.212868391071,0.25,150,5,0.15933333333333335,0.2880560532540607,1.2713840297964818,0.0
mtd_ai,200,0.005049294537445064,0.375,1601.4382974811842,0.05,150,5,0.25,1.2620099929499002,4.3657209243995565,-4.642857142857143
mtd_ai,200,0.005049294537445064,0.375,3367.051690481899,0.1,150,5,0.25,1.2620099929499002,4.3657209243995565,-4.642857142857143
mtd_ai,200,0.005049294537445064,0.4326923076923077,4348.203029666654,0.15,150,5,0.25,1.2620099929499002,4.3657209243995565,-4.642857142857143
mtd_ai,200,0.005049294537445064,0.44776119402985076,5545.93500947748,0.2,150,5,0.25,1.2620099929499002,4.3657209243995565,-4.642857142857143
mtd_ai,200,0.005049294537445064,0.47468354430379744,6075.214756986246,0.25,150,5,0.25,1.2620099929499002,4.3657209243995565,-4.642857142857143
mtd_ai,200,0.005040644998951563,0.5,963.5758700801326,0.05,150,5,0.11866666666666667,0.7569678869976357,1.4163919825807163,0.0
mtd_ai,200,0.005040644998951563,0.42857142857142855,3078.279793239727,0.1,150,5,0.11866666666666667,0.7569678869976357,1.4163919825807163,0.0
mtd_ai,200,0.005040644998951563,0.4891304347826087,3690.530251028149,0.15,150,5,0.11866666666666667,0.7569678869976357,1.4163919825807163,0.0
mtd_ai,200,0.005040644998951563,0.4918032786885246,5069.1822030619205,0.2,150,5,0.11866666666666667,0.7569678869976357,1.4163919825807163,0.0
mtd_ai,200,0.005040644998951563,0.528169014084507,5596.233250780901,0.25,150,5,0.11866666666666667,0.7569678869976357,1.4163919825807163,0.0
mtd_ai,200,0.00506500151530658,0.32608695652173914,2240.668650328892,0.05,150,5,0.10333333333333333,0.1980658172591877,0.5908749575622594,0.0
mtd_ai,200,0.00506500151530658,0.35714285714285715,4018.9811817841883,0.1,150,5,0.10333333333333333,0.1980658172591877,0.5908749575622594,0.0
mtd_ai,200,0.00506500151530658,0.4166666666666667,5032.2069593404485,0.15,150,5,0.10333333333333333,0.1980658172591877,0.5908749575622594,0.0
mtd_ai,200,0.00506500151530658,0.46875,5427.990925644858,0.2,150,5,0.10333333333333333,0.1980658172591877,0.5908749575622594,0.0
mtd_ai,200,0.00506500151530658,0.5067567567567568,5866.148679040607,0.25,150,5,0.10333333333333333,0.1980658172591877,0.5908749575622594,0.0
mtd_ai,200,0.005068599444288365,0.25862068965517243,3526.374905892527,0.05,150,5,0.12,0.34528479818961316,0.24042223577095748,0.0
mtd_ai,200,0.005068599444288365,0.3409090909090909,4298.058624692576,0.1,150,5,0.12,0.34528479818961316,0.24042223577095748,0.0
mtd_ai,200,0.005068599444288365,0.4166666666666667,4721.3680331976075,0.15,150,5,0.12,0.34528479818961316,0.24042223577095748,0.0
mtd_ai,200,0.005068599444288365,0.4225352112676056,6127.54613428371,0.2,150,5,0.12,0.34528479818961316,0.24042223577095748,0.0
mtd_ai,200,0.005068599444288365,0.46875,6503.603632638271,0.25,150,5,0.12,0.34528479818961316,0.24042223577095748,0.0
mtd_ai,200,0.005060669481340764,0.2777777777777778,2509.9602883651896,0.05,150,5,0.13333333333333333,0.4822849719793339,1.5869450869227462,0.0
mtd_ai,200,0.005060669481340764,0.375,3478.9938919268834,0.1,150,5,0.13333333333333333,0.4822849719793339,1.5869450869227462,0.0
mtd_ai,200,0.005060669481340764,0.375,4882.00524688171,0.15,150,5,0.13333333333333333,0.4822849719793339,1.5869450869227462,0.0
mtd_ai,200,0.005060669481340764,0.39473684210526316,5922.839284163939,0.2,150,5,0.13333333333333333,0.4822849719793339,1.5869450869227462,0.0
mtd_ai,200,0.005060669481340764,0.44642857142857145,6185.744549216549,0.25,150,5,0.13333333333333333,0.4822849719793339,1.5869450869227462,0.0
mtd_ai,200,0.005050599503962246,0.4166666666666667,1534.6290301337963,0.05,150,5,0.14405555555555558,0.8842913880960995,3.389945216868714,0.0
mtd_ai,200,0.005050599503962246,0.46875,2467.890741805513,0.1,150,5,0.14405555555555558,0.8842913880960995,3.389945216868714,0.0
mtd_ai,200,0.005050599503962246,0.4787234042553192,3850.8906398107024,0.15,150,5,0.14405555555555558,0.8842913880960995,3.389945216868714,0.0
mtd_ai,200,0.005050599503962246,0.5172413793103449,4509.379063602586,0.2,150,5,0.14405555555555558,0.8842913880960995,3.389945216868714,0.0
mtd_ai,200,0.005050599503962246,0.5514705882352942,5237.85811450332,0.25,150,5,0.14405555555555558,0.8842913880960995,3.389945216868714,0.0
mtd_ai,200,0.0050349100084348215,0.3,2041.023145854534,0.05,150,5,0.14051851851851851,1.0377391363954693,4.141044176184513,0.0
mtd_ai,200,0.0050349100084348215,0.32608695652173914,3910.608889545802,0.1,150,5,0.14051851851851851,1.0377391363954693,4.141044176184513,0.0
mtd_ai,200,0.0050349100084348215,0.3813559322033898,4723.687989642069,0.15,150,5,0.14051851851851851,1.0377391363954693,4.141044176184513,0.0
mtd_ai,200,0.0050349100084348215,0.4,5730.121303253094,0.2,150,5,0.14051851851851851,1.0377391363954693,4.141044176184513,0.0
mtd_ai,200,0.0050349100084348215,0.3712871287128713,6772.569455650897,0.25,150,5,0.14051851851851851,1.0377391363954693,4.141044176184513,0.0
mtd_ai,200,0.00506839160313606,0.20833333333333334,4373.7428914799575,0.05,150,5,0.12733333333333335,0.10684803700903965,0.3584760139703609,0.0
mtd_ai,200,0.00506839160313606,0.3191489361702128,4902.051169038729,0.1,150,5,0.12733333333333335,0.10684803700903965,0.3584760139703609,0.0
mtd_ai,200,0.00506839160313606,0.3879310344827586,5420.371696777429,0.15,150,5,0.12733333333333335,0.10684803700903965,0.3584760139703609,0.0
mtd_ai,200,0.00506839160313606,0.45454545454545453,5751.798800543833,0.2,150,5,0.12733333333333335,0.10684803700903965,0.3584760139703609,0.0
mtd_ai,200,0.00506839160313606,0.5,6122.613485283117,0.25,150,5,0.12733333333333335,0.10684803700903965,0.3584760139703609,0.0
mtd_ai,200,0.005051130415512369,0.4166666666666667,1826.3032061913018,0.05,150,5,0.11333333333333333,5.883166056938948,5.670456767460462,0.0
mtd_ai,200,0.005051130415512369,0.4411764705882353,2820.29665447507,0.1,150,5,0.11333333333333333,5.883166056938948,5.670456767460462,0.0
mtd_ai,200,0.005051130415512369,0.4411764705882353,4077.613224187404,0.15,150,5,0.11333333333333333,5.883166056938948,5.670456767460462,0.0
mtd_ai,200,0.005051130415512369,0.46875,4717.361479699088,0.2,150,5,0.11333333333333333,5.883166056938948,5.670456767460462,0.0
mtd_ai,200,0.005051130415512369,0.5067567567567568,5297.949708922327,0.25,150,5,0.11333333333333333,5.883166056938948,5.670456767460462,0.0
mtd_ai,200,0.0050937612878607956,0.4166666666666667,1464.5807121965586,0.05,150,5,0.21052631578947367,1.2755009011223444,2.3708604415153203,0.0
mtd_ai,200,0.0050937612878607956,0.46875,2234.077983312418,0.1,150,5,0.21052631578947367,1.2755009011223444,2.3708604415153203,0.0
mtd_ai,200,0.0050937612878607956,0.5,2926.3275362933823,0.15,150,5,0.21052631578947367,1.2755009011223444,2.3708604415153203,0.0
mtd_ai,200,0.0050937612878607956,0.5263157894736842,3594.365784700348,0.2,150,5,0.21052631578947367,1.2755009011223444,2.3708604415153203,0.0
mtd_ai,200,0.0050937612878607956,0.5208333333333334,4277.6833321361355,0.25,150,5,0.21052631578947367,1.2755009011223444,2.3708604415153203,0.0
mtd_ai,200,0.0050775449330990674,0.375,1677.9783474680157,0.05,150,5,0.1748888888888889,0.029415678271888172,0.12429460409625218,0.0
mtd_ai,200,0.0050775449330990674,0.4166666666666667,3061.2169892818674,0.1,150,5,0.1748888888888889,0.029415678271888172,0.12429460409625218,0.0
mtd_ai,200,0.0050775449330990674,0.45918367346938777,4005.56597438633,0.15,150,5,0.1748888888888889,0.029415678271888172,0.12429460409625218,0.0
mtd_ai,200,0.0050775449330990674,0.47619047619047616,5026.29133224011,0.2,150,5,0.1748888888888889,0.029415678271888172,0.12429460409625218,0.0
mtd_ai,200,0.0050775449330990674,0.528169014084507,5325.466205317243,0.25,150,5,0.1748888888888889,0.029415678271888172,0.12429460409625218,0.0
mtd_ai,200,0.005067824713479938,0.2777777777777778,3357.6645482294034,0.05,150,5,0.14842063492063493,0.9874088756368141,3.9301918400088756,0.0
mtd_ai,200,0.005067824713479938,0.39473684210526316,3866.9519556078963,0.1,150,5,0.14842063492063493,0.9874088756368141,3.9301918400088756,0.0
mtd_ai,200,0.005067824713479938,0.4326923076923077,4614.524773363011,0.15,150,5,0.14842063492063493,0.9874088756368141,3.9301918400088756,0.0
mtd_ai,200,0.005067824713479938,0.42857142857142855,5538.103247297703,0.2,150,5,0.14842063492063493,0.9874088756368141,3.9301918400088756,0.0
mtd_ai,200,0.005067824713479938,0.4411764705882353,6198.896786356014,0.25,150,5,0.14842063492063493,0.9874088756368141,3.9301918400088756,0.0
mtd_ai,200,0.005032772858778012,0.26785714285714285,2439.7595716825017,0.05,150,5,0.10833333333333334,1.3454385564936193,3.2145285310572302,0.0
mtd_ai,200,0.005032772858778012,0.35714285714285715,3756.5658531442664,0.1,150,5,0.10833333333333334,1.3454385564936193,3.2145285310572302,0.0
mtd_ai,200,0.005032772858778012,0.4090909090909091,4852.084269673509,0.15,150,5,0.10833333333333334,1.3454385564936193,3.2145285310572302,0.0
mtd_ai,200,0.005032772858778012,0.43478260869565216,6186.131540009246,0.2,150,5,0.10833333333333334,1.3454385564936193,3.2145285310572302,0.0
mtd_ai,200,0.005032772858778012,0.44642857142857145,7081.4116030538125,0.25,150,5,0.10833333333333334,1.3454385564936193,3.2145285310572302,0.0
mtd_ai,200,0.005078309860317833,0.28846153846153844,2518.8902801981785,0.05,150,5,0.14814814814814817,1.1697096055364324,2.0713235866093442,0.0
mtd_ai,200,0.005078309860317833,0.36585365853658536,3531.4731497458915,0.1,150,5,0.14814814814814817,1.1697096055364324,2.0713235866093442,0.0
mtd_ai,200,0.005078309860317833,0.42452830188679247,4108.920449252378,0.15,150,5,0.14814814814814817,1.1697096055364324,2.0713235866093442,0.0
mtd_ai,200,0.005078309860317833,0.42857142857142855,4717.404794154889,0.2,150,5,0.14814814814814817,1.1697096055364324,2.0713235866093442,0.0
mtd_ai,200,0.005078309860317833,0.46875,5169.617739967022,0.25,150,5,0.14814814814814817,1.1697096055364324,2.0713235866093442,0.0
mtd_ai,200,0.0050723188926712235,0.4411764705882353,1503.307836874818,0.05,150,5,0.1151851851851852,0.9385817965449237,4.021151331624303,0.0
mtd_ai,200,0.0050723188926712235,0.40540540540540543,3278.6031390058533,0.1,150,5,0.1151851851851852,0.9385817965449237,4.021151331624303,0.0
mtd_ai,200,0.0050723188926712235,0.4411764705882353,4045.7609619590876,0.15,150,5,0.1151851851851852,0.9385817965449237,4.021151331624303,0.0
mtd_ai,200,0.0050723188926712235,0.38461538461538464,5566.403910120117,0.2,150,5,0.1151851851851852,0.9385817965449237,4.021151331624303,0.0
mtd_ai,200,0.0050723188926712235,0.43103448275862066,5907.730661284526,0.25,150,5,0.1151851851851852,0.9385817965449237,4.021151331624303,0.0
mtd_ai,200,0.0050761279060979525,0.28846153846153844,2645.8661116316853,0.05,150,5,0.23529411764705882,0.6022049471029436,2.0616308132872585,0.0
mtd_ai,200,0.0050761279060979525,0.375,3529.683432444869,0.1,150,5,0.23529411764705882,0.6022049471029436,2.0616308132872585,0.0
mtd_ai,200,0.0050761279060979525,0.4090909090909091,4500.9998282732995,0.15,150,5,0.23529411764705882,0.6022049471029436,2.0616308132872585,0.0
mtd_ai,200,0.0050761279060979525,0.45454545454545453,5206.73205623287,0.2,150,5,0.23529411764705882,0.6022049471029436,2.0616308132872585,0.0
mtd_ai,200,0.0050761279060979525,0.4807692307692308,5801.302370464625,0.25,150,5,0.23529411764705882,0.6022049471029436,2.0616308132872585,0.0
mtd_ai,200,0.00505548113918063,0.2777777777777778,2961.543160840096,0.05,150,5,0.11555555555555555,0.24839555537512484,0.8209034193509465,0.0
mtd_ai,200,0.00505548113918063,0.3409090909090909,4142.507960968664,0.1,150,5,0.11555555555555555,0.24839555537512484,0.8209034193509465,0.0
mtd_ai,200,0.00505548113918063,0.39473684210526316,5243.311162541999,0.15,150,5,0.11555555555555555,0.24839555537512484,0.8209034193509465,0.0
mtd_ai,200,0.00505548113918063,0.4411764705882353,5815.451247858267,0.2,150,5,0.11555555555555555,0.24839555537512484,0.8209034193509465,0.0
mtd_ai,200,0.00505548113918063,0.46296296296296297,6471.4754279588915,0.25,150,5,0.11555555555555555,0.24839555537512484,0.8209034193509465,0.0
mtd_ai,200,0.00507000120343086,0.39473684210526316,1701.9821532962235,0.05,150,5,0.18711111111111112,0.12708623855118806,0.5689761632775943,0.0
mtd_ai,200,0.00507000120343086,0.4411764705882353,2774.5580867337458,0.1,150,5,0.18711111111111112,0.12708623855118806,0.5689761632775943,0.0
mtd_ai,200,0.00507000120343086,0.5,3474.8986193877436,0.15,150,5,0.18711111111111112,0.12708623855118806,0.5689761632775943,0.0
mtd_ai,200,0.00507000120343086,0.47619047619047616,4976.009506695422,0.2,150,5,0.18711111111111112,0.12708623855118806,0.5689761632775943,0.0
mtd_ai,200,0.00507000120343086,0.5136986301369864,5551.111817287789,0.25,150,5,0.18711111111111112,0.12708623855118806,0.5689761632775943,0.0
mtd_ai,200,0.0050599872723495155,0.22727272727272727,3395.6838666508183,0.05,150,5,0.15166666666666667,0.500564694466806,0.862491420276543,0.0
mtd_ai,200,0.0050599872723495155,0.2777777777777778,5166.925181997885,0.1,150,5,0.15166666666666667,0.500564694466806,0.862491420276543,0.0
mtd_ai,200,0.0050599872723495155,0.35714285714285715,5428.696470564966,0.15,150,5,0.15166666666666667,0.500564694466806,0.862491420276543,0.0
mtd_ai,200,0.0050599872723495155,0.375,6354.664265021585,0.2,150,5,0.15166666666666667,0.500564694466806,0.862491420276543,0.0
mtd_ai,200,0.0050599872723495155,0.41208791208791207,7028.383105212613,0.25,150,5,0.15166666666666667,0.500564694466806,0.862491420276543,0.0
mtd_ai,200,0.005051819237902731,0.32608695652173914,1979.9666290763917,0.05,150,5,0.13333333333333333,2.13573587612478,4.765716947115583,0.0
mtd_ai,200,0.005051819237902731,0.32608695652173914,3630.5737893705,0.1,150,5,0.13333333333333333,2.13573587612478,4.765716947115583,0.0
mtd_ai,200,0.005051819237902731,0.42452830188679247,3879.854003111426,0.15,150,5,0.13333333333333333,2.13573587612478,4.765716947115583,0.0
mtd_ai,200,0.005051819237902731,0.42857142857142855,5042.021006137648,0.2,150,5,0.13333333333333333,2.13573587612478,4.765716947115583,0.0
mtd_ai,200,0.005051819237902731,0.46875,5566.242941814623,0.25,150,5,0.13333333333333333,2.13573587612478,4.765716947115583,0.0
mtd_ai,200,0.00505554206835521,0.28846153846153844,2859.8674489582563,0.05,150,5,0.1357142857142857,0.5801417634495324,2.3180534473673835,0.0
mtd_ai,200,0.00505554206835521,0.32608695652173914,4382.040268322899,0.1,150,5,0.1357142857142857,0.5801417634495324,2.3180534473673835,0.0
mtd_ai,200,0.00505554206835521,0.3409090909090909,5904.728931127149,0.15,150,5,0.1357142857142857,0.5801417634495324,2.3180534473673835,0.0
mtd_ai,200,0.00505554206835521,0.38461538461538464,6607.1730480338965,0.2,150,5,0.1357142857142857,0.5801417634495324,2.3180534473673835,0.0
mtd_ai,200,0.00505554206835521,0.4076086956521739,7412.3894377865945,0.25,150,5,0.1357142857142857,0.5801417634495324,2.3180534473673835,0.0
mtd_ai,200,0.005051923694001543,0.4166666666666667,1491.4212556280572,0.05,150,5,0.14814814814814814,0.7287921590413887,2.6118130731556,0.0
mtd_ai,200,0.005051923694001543,0.39473684210526316,4113.84383521734,0.1,150,5,0.14814814814814814,0.7287921590413887,2.6118130731556,0.0
mtd_ai,200,0.005051923694001543,0.4891304347826087,4376.80926899981,0.15,150,5,0.14814814814814814,0.7287921590413887,2.6118130731556,0.0
mtd_ai,200,0.005051923694001543,0.4918032786885246,5016.980761425009,0.2,150,5,0.14814814814814814,0.7287921590413887,2.6118130731556,0.0
mtd_ai,200,0.005051923694001543,0.5136986301369864,5695.374215518077,0.25,150,5,0.14814814814814814,0.7287921590413887,2.6118130731556,0.0
mtd_ai,200,0.005057991490508539,0.17045454545454544,3771.4725537483505,0.05,150,5,0.15888888888888889,0.07417968977257955,0.261590981771606,0.0
mtd_ai,200,0.005057991490508539,0.25862068965517243,4799.703079771606,0.1,150,5,0.15888888888888889,0.07417968977257955,0.261590981771606,0.0
mtd_ai,200,0.005057991490508539,0.31690140845070425,5732.050755726478,0.15,150,5,0.15888888888888889,0.07417968977257955,0.261590981771606,0.0
mtd_ai,200,0.005057991490508539,0.35294117647058826,6297.139119865416,0.2,150,5,0.15888888888888889,0.07417968977257955,0.261590981771606,0.0
mtd_ai,200,0.005057991490508539,0.3865979381443299,7062.565549033638,0.25,150,5,0.15888888888888889,0.07417968977257955,0.261590981771606,0.0
mtd_ai,200,0.0050354212331996185,0.28846153846153844,2197.766185058431,0.05,150,5,0.18060317460317463,1.686552328941496,1.567916975452221,0.0
mtd_ai,200,0.0050354212331996185,0.35714285714285715,3076.3932975902035,0.1,150,5,0.18060317460317463,1.686552328941496,1.567916975452221,0.0
mtd_ai,200,0.0050354212331996185,0.3125,4395.11904715717,0.15,150,5,0.18060317460317463,1.686552328941496,1.567916975452221,0.0
mtd_ai,200,0.0050354212331996185,0.3157894736842105,5616.77331885959,0.2,150,5,0.18060317460317463,1.686552328941496,1.567916975452221,0.0
mtd_ai,200,0.0050354212331996185,0.3409090909090909,6603.322757941722,0.25,150,5,0.18060317460317463,1.686552328941496,1.567916975452221,0.0
mtd_ai,200,0.0050707115006603165,0.3409090909090909,2014.9229669663785,0.05,150,5,0.14844444444444446,0.698119741431922,2.6639155410091035,0.0
mtd_ai,200,0.0050707115006603165,0.3333333333333333,3413.0707050998253,0.1,150,5,0.14844444444444446,0.698119741431922,2.6639155410091035,0.0
mtd_ai,200,0.0050707115006603165,0.375,4431.812398475209,0.15,150,5,0.14844444444444446,0.698119741431922,2.6639155410091035,0.0
mtd_ai,200,0.0050707115006603165,0.4225352112676056,4855.571236755368,0.2,150,5,0.14844444444444446,0.698119741431922,2.6639155410091035,0.0
mtd_ai,200,0.0050707115006603165,0.46296296296296297,5495.224170109101,0.25,150,5,0.14844444444444446,0.698119741431922,2.6639155410091035,0.0
mtd_ai,200,0.005041541691120014,0.3,2323.6055241199456,0.05,150,5,0.11755555555555555,0.06464289728633518,0.2678034561669345,3.515151515151515
mtd_ai,200,0.005041541691120014,0.35714285714285715,3391.2859963366227,0.1,150,5,0.11755555555555555,0.06464289728633518,0.2678034561669345,3.515151515151515
mtd_ai,200,0.005041541691120014,0.4090909090909091,3940.2994051368905,0.15,150,5,0.11755555555555555,0.06464289728633518,0.2678034561669345,3.515151515151515
mtd_ai,200,0.005041541691120014,0.39473684210526316,5924.816284766352,0.2,150,5,0.11755555555555555,0.06464289728633518,0.2678034561669345,3.515151515151515
mtd_ai,200,0.005041541691120014,0.4411764705882353,6190.186021649698,0.25,150,5,0.11755555555555555,0.06464289728633518,0.2678034561669345,3.515151515151515
mtd_ai,200,0.005027703194088886,0.20270270270270271,3428.969932876038,0.05,150,5,0.13,1.25933297149677,4.508363658474557,0.0
mtd_ai,200,0.005027703194088886,0.3,3998.019425209166,0.1,150,5,0.13,1.25933297149677,4.508363658474557,0.0
mtd_ai,200,0.005027703194088886,0.36885245901639346,4757.982338496044,0.15,150,5,0.13,1.25933297149677,4.508363658474557,0.0
mtd_ai,200,0.005027703194088886,0.35294117647058826,6337.6696179570645,0.2,150,5,0.13,1.25933297149677,4.508363658474557,0.0
mtd_ai,200,0.005027703194088886,0.33783783783783783,7742.924628080773,0.25,150,5,0.13,1.25933297149677,4.508363658474557,0.0
mtd_ai,200,0.005042635949425124,0.39473684210526316,1646.6973410439725,0.05,150,5,0.17,8.266927030552061,7.927750050513422,0.0
mtd_ai,200,0.005042635949425124,0.38461538461538464,2952.215928001433,0.1,150,5,0.17,8.266927030552061,7.927750050513422,0.0
mtd_ai,200,0.005042635949425124,0.4326923076923077,3589.233902100207,0.15,150,5,0.17,8.266927030552061,7.927750050513422,0.0
mtd_ai,200,0.005042635949425124,0.44776119402985076,4418.79665664881,0.2,150,5,0.17,8.266927030552061,7.927750050513422,0.0
mtd_ai,200,0.005042635949425124,0.4573170731707317,5411.215391282659,0.25,150,5,0.17,8.266927030552061,7.927750050513422,0.0
mtd_ai,200,0.005076829268023844,0.28846153846153844,3246.402711479771,0.05,150,5,0.09777777777777778,0.8203175376858783,3.4994447756278357,0.0
mtd_ai,200,0.005076829268023844,0.375,3948.957910353015,0.1,150,5,0.09777777777777778,0.8203175376858783,3.4994447756278357,0.0
mtd_ai,200,0.005076829268023844,0.4090909090909091,4704.9362288263155,0.15,150,5,0.09777777777777778,0.8203175376858783,3.4994447756278357,0.0
mtd_ai,200,0.005076829268023844,0.40540540540540543,5602.916085039575,0.2,150,5,0.09777777777777778,0.8203175376858783,3.4994447756278357,0.0
mtd_ai,200,0.005076829268023844,0.45180722891566266,5884.312539227612,0.25,150,5,0.09777777777777778,0.8203175376858783,3.4994447756278357,0.0
mtd_ai,200,0.00505729660315908,0.3125,2588.4186899896604,0.05,150,5,0.10466666666666666,0.5244651407420005,1.5865845165736197,0.0
mtd_ai,200,0.00505729660315908,0.35714285714285715,4276.4822212535655,0.1,150,5,0.10466666666666666,0.5244651407420005,1.5865845165736197,0.0
mtd_ai,200,0.00505729660315908,0.4411764705882353,4868.330995735368,0.15,150,5,0.10466666666666666,0.5244651407420005,1.5865845165736197,0.0
mtd_ai,200,0.00505729660315908,0.42857142857142855,6362.574154496268,0.2,150,5,0.10466666666666666,0.5244651407420005,1.5865845165736197,0.0
mtd_ai,200,0.00505729660315908,0.46875,6716.549989066844,0.25,150,5,0.10466666666666666,0.5244651407420005,1.5865845165736197,0.0
mtd_ai,200,0.005065992889973097,0.3409090909090909,2238.733019394332,0.05,150,5,0.13533333333333333,4.233805448924351,5.283394441909162,0.0
mtd_ai,200,0.005065992889973097,0.3488372093023256,4850.0488610070415,0.1,150,5,0.13533333333333333,4.233805448924351,5.283394441909162,0.0
mtd_ai,200,0.005065992889973097,0.4326923076923077,5185.621288144879,0.15,150,5,0.13533333333333333,4.233805448924351,5.283394441909162,0.0
mtd_ai,200,0.005065992889973097,0.46153846153846156,5976.374208530543,0.2,150,5,0.13533333333333333,4.233805448924351,5.283394441909162,0.0
mtd_ai,200,0.005065992889973097,0.4934210526315789,6430.3602980497,0.25,150,5,0.13533333333333333,4.233805448924351,5.283394441909162,0.0
mtd_ai,200,0.005055907481797652,0.4411764705882353,1316.507160477922,0.05,150,5,0.14622222222222223,2.310708621428964,4.194815927085033,0.0
mtd_ai,200,0.005055907481797652,0.40540540540540543,3097.136960254333,0.1,150,5,0.14622222222222223,2.310708621428964,4.194815927085033,0.0
mtd_ai,200,0.005055907481797652,0.4326923076923077,4092.9501792101737,0.15,150,5,0.14622222222222223,2.310708621428964,4.194815927085033,0.0
mtd_ai,200,0.005055907481797652,0.45454545454545453,5369.492511471519,0.2,150,5,0.14622222222222223,2.310708621428964,4.194815927085033,0.0
mtd_ai,200,0.005055907481797652,0.42613636363636365,6361.555694420741,0.25,150,5,0.14622222222222223,2.310708621428964,4.194815927085033,0.0
mtd_ai,200,0.005054728787989553,0.25862068965517243,3478.4438979119177,0.05,150,5,0.14155555555555557,2.2489998111945595,3.81805193058648,0.0
mtd_ai,200,0.005054728787989553,0.3,5226.602950892819,0.1,150,5,0.14155555555555557,2.2489998111945595,3.81805193058648,0.0
mtd_ai,200,0.005054728787989553,0.3409090909090909,6249.6606850687795,0.15,150,5,0.14155555555555557,2.2489998111945595,3.81805193058648,0.0
mtd_ai,200,0.005054728787989553,0.38961038961038963,6782.283830283166,0.2,150,5,0.14155555555555557,2.2489998111945595,3.81805193058648,0.0
mtd_ai,200,0.005054728787989553,0.42613636363636365,7282.969024556868,0.25,150,5,0.14155555555555557,2.2489998111945595,3.81805193058648,0.0
mtd_ai,200,0.005067857226962037,0.28846153846153844,2911.3937564039793,0.05,150,5,0.14222222222222225,0.1964598788617598,0.6833091938999101,0.0
mtd_ai,200,0.005067857226962037,0.4166666666666667,3563.0901887187,0.1,150,5,0.14222222222222225,0.1964598788617598,0.6833091938999101,0.0
mtd_ai,200,0.005067857226962037,0.4787234042553192,4297.5349991508265,0.15,150,5,0.14222222222222225,0.1964598788617598,0.6833091938999101,0.0
mtd_ai,200,0.005067857226962037,0.4838709677419355,5521.038911200239,0.2,150,5,0.14222222222222225,0.1964598788617598,0.6833091938999101,0.0
mtd_ai,200,0.005067857226962037,0.46296296296296297,6270.519549825825,0.25,150,5,0.14222222222222225,0.1964598788617598,0.6833091938999101,0.0
mtd_ai,200,0.005059406628634449,0.35714285714285715,1828.2696102685816,0.05,150,5,0.07,1.8392639283543673,3.838465703760676,0.0
mtd_ai,200,0.005059406628634449,0.4166666666666667,2969.9277862467834,0.1,150,5,0.07,1.8392639283543673,3.838465703760676,0.0
mtd_ai,200,0.005059406628634449,0.375,5615.5186229330775,0.15,150,5,0.07,1.8392639283543673,3.838465703760676,0.0
mtd_ai,200,0.005059406628634449,0.4,6659.360043270207,0.2,150,5,0.07,1.8392639283543673,3.838465703760676,0.0
mtd_ai,200,0.005059406628634449,0.45180722891566266,6891.89771342242,0.25,150,5,0.07,1.8392639283543673,3.838465703760676,0.0
mtd_ai,200,0.005030158657350806,0.2777777777777778,3326.850935248028,0.05,150,5,0.16533333333333333,0.5374635554139109,2.039869196991426,3.735294117647059
mtd_ai,200,0.005030158657350806,0.2542372881355932,4986.276502860841,0.1,150,5,0.16533333333333333,0.5374635554139109,2.039869196991426,3.735294117647059
mtd_ai,200,0.005030158657350806,0.31690140845070425,5631.206555077008,0.15,150,5,0.16533333333333333,0.5374635554139109,2.039869196991426,3.735294117647059
mtd_ai,200,0.005030158657350806,0.2912621359223301,6897.644343699407,0.2,150,5,0.16533333333333333,0.5374635554139109,2.039869196991426,3.735294117647059
mtd_ai,200,0.005030158657350806,0.32894736842105265,7408.071662076263,0.25,150,5,0.16533333333333333,0.5374635554139109,2.039869196991426,3.735294117647059
mtd_ai,200,0.0050801795932033595,0.375,1845.441930051264,0.05,150,5,0.25,0.8821293755608686,3.5168004062749643,0.0
mtd_ai,200,0.0050801795932033595,0.42857142857142855,2704.086665048306,0.1,150,5,0.25,0.8821293755608686,3.5168004062749643,0.0
mtd_ai,200,0.0050801795932033595,0.5232558139534884,2986.1692230327035,0.15,150,5,0.25,0.8821293755608686,3.5168004062749643,0.0
mtd_ai,200,0.0050801795932033595,0.5263157894736842,3777.234787723207,0.2,150,5,0.25,0.8821293755608686,3.5168004062749643,0.0
mtd_ai,200,0.0050801795932033595,0.5136986301369864,5167.606258338492,0.25,150,5,0.25,0.8821293755608686,3.5168004062749643,0.0
mtd_ai,200,0.005050689810916245,0.32608695652173914,2526.9818219688223,0.05,150,5,0.13,0.10587150155178698,0.3769847424426409,0.0
mtd_ai,200,0.005050689810916245,0.3333333333333333,4123.594492441974,0.1,150,5,0.13,0.10587150155178698,0.3769847424426409,0.0
mtd_ai,200,0.005050689810916245,0.36885245901639346,5352.850525293226,0.15,150,5,0.13,0.10587150155178698,0.3769847424426409,0.0
mtd_ai,200,0.005050689810916245,0.375,6682.007515638489,0.2,150,5,0.13,0.10587150155178698,0.3769847424426409,0.0
mtd_ai,200,0.005050689810916245,0.3640776699029126,7689.337367167665,0.25,150,5,0.13,0.10587150155178698,0.3769847424426409,0.0
mtd_ai,200,0.005059878132750309,0.4411764705882353,1504.6496140593447,0.05,150,5,0.13596296296296298,1.1702957793129147,2.8683182004287198,0.0
mtd_ai,200,0.005059878132750309,0.46875,2752.5681907336866,0.1,150,5,0.13596296296296298,1.1702957793129147,2.8683182004287198,0.0
mtd_ai,200,0.005059878132750309,0.4787234042553192,3799.1361023861364,0.15,150,5,0.13596296296296298,1.1702957793129147,2.8683182004287198,0.0
mtd_ai,200,0.005059878132750309,0.5084745762711864,4452.987474481537,0.2,150,5,0.13596296296296298,1.1702957793129147,2.8683182004287198,0.0
mtd_ai,200,0.005059878132750309,0.5514705882352942,4801.254257810599,0.25,150,5,0.13596296296296298,1.1702957793129147,2.8683182004287198,0.0
mtd_ai,200,0.0050459720403525565,0.46875,1359.5068899338796,0.05,150,5,0.12133333333333333,1.443745085052937,1.7465755432917176,0.0
mtd_ai,200,0.0050459720403525565,0.4166666666666667,3093.8280540344226,0.1,150,5,0.12133333333333333,1.443745085052937,1.7465755432917176,0.0
mtd_ai,200,0.0050459720403525565,0.46875,3783.9049350391433,0.15,150,5,0.12133333333333333,1.443745085052937,1.7465755432917176,0.0
mtd_ai,200,0.0050459720403525565,0.5,4624.8308283471815,0.2,150,5,0.12133333333333333,1.443745085052937,1.7465755432917176,0.0
mtd_ai,200,0.0050459720403525565,0.5067567567567568,5442.82490707272,0.25,150,5,0.12133333333333333,1.443745085052937,1.7465755432917176,0.0
mtd_ai,200,0.0050343596820303154,0.20833333333333334,4139.086761941604,0.05,150,5,0.15,0.303129913784066,0.7114568447267051,0.0
mtd_ai,200,0.0050343596820303154,0.28846153846153844,4940.433817491305,0.1,150,5,0.15,0.303129913784066,0.7114568447267051,0.0
mtd_ai,200,0.0050343596820303154,0.3358208955223881,5659.4539371147985,0.15,150,5,0.15,0.303129913784066,0.7114568447267051,0.0
mtd_ai,200,0.0050343596820303154,0.36585365853658536,6243.893154326872,0.2,150,5,0.15,0.303129913784066,0.7114568447267051,0.0
mtd_ai,200,0.0050343596820303154,0.4076086956521739,6754.257552832569,0.25,150,5,0.15,0.303129913784066,0.7114568447267051,0.0
mtd_ai,200,0.005057515058847438,0.46875,1246.310981734358,0.05,150,5,0.14333333333333334,0.2545908186968336,1.087509225493669,0.0
mtd_ai,200,0.005057515058847438,0.45454545454545453,2421.286581913691,0.1,150,5,0.14333333333333334,0.2545908186968336,1.087509225493669,0.0
mtd_ai,200,0.005057515058847438,0.45918367346938777,3481.075324207621,0.15,150,5,0.14333333333333334,0.2545908186968336,1.087509225493669,0.0
mtd_ai,200,0.005057515058847438,0.46875,4355.782836874592,0.2,150,5,0.14333333333333334,0.2545908186968336,1.087509225493669,0.0
mtd_ai,200,0.005057515058847438,0.5067567567567568,5060.654376501261,0.25,150,5,0.14333333333333334,0.2545908186968336,1.087509225493669,0.0
mtd_ai,200,0.005088963095814422,0.3125,1927.3336124432826,0.05,150,5,0.1688888888888889,0.2026595131972568,0.24933635920342076,0.0
mtd_ai,200,0.005088963095814422,0.40540540540540543,3021.272250043333,0.1,150,5,0.1688888888888889,0.2026595131972568,0.24933635920342076,0.0
mtd_ai,200,0.005088963095814422,0.45,3810.7963657709706,0.15,150,5,0.1688888888888889,0.2026595131972568,0.24933635920342076,0.0
mtd_ai,200,0.005088963095814422,0.47619047619047616,4511.325927321517,0.2,150,5,0.1688888888888889,0.2026595131972568,0.24933635920342076,0.0
mtd_ai,200,0.005088963095814422,0.5136986301369864,5019.59324290675,0.25,150,5,0.1688888888888889,0.2026595131972568,0.24933635920342076,0.0
mtd_ai,200,0.005064722801885763,0.32608695652173914,1956.8418420274127,0.05,150,5,0.09111111111111111,1.38401456492146,3.97708360546477,0.0
mtd_ai,200,0.005064722801885763,0.32608695652173914,4460.275484647673,0.1,150,5,0.09111111111111111,1.38401456492146,3.97708360546477,0.0
mtd_ai,200,0.005064722801885763,0.4017857142857143,5001.777989815548,0.15,150,5,0.09111111111111111,1.38401456492146,3.97708360546477,0.0
mtd_ai,200,0.005064722801885763,0.43478260869565216,5869.408135248945,0.2,150,5,0.09111111111111111,1.38401456492146,3.97708360546477,0.0
mtd_ai,200,0.005064722801885763,0.4807692307692308,6292.044982588728,0.25,150,5,0.09111111111111111,1.38401456492146,3.97708360546477,0.0
mtd_ai,200,0.005052895670435151,0.3409090909090909,2342.9448375688407,0.05,150,5,0.11555555555555558,0.20638929923260538,0.5997883039361336,0.0
mtd_ai,200,0.005052895670435151,0.39473684210526316,3513.8898436804834,0.1,150,5,0.11555555555555558,0.20638929923260538,0.5997883039361336,0.0
mtd_ai,200,0.005052895670435151,0.4326923076923077,4319.6823818070825,0.15,150,5,0.11555555555555558,0.20638929923260538,0.5997883039361336,0.0
mtd_ai,200,0.005052895670435151,0.46153846153846156,4919.040217385298,0.2,150,5,0.11555555555555558,0.20638929923260538,0.5997883039361336,0.0
mtd_ai,200,0.005052895670435151,0.5136986301369864,5295.590456126029,0.25,150,5,0.11555555555555558,0.20638929923260538,0.5997883039361336,0.0
mtd_ai,200,0.00507913742077477,0.39473684210526316,1705.035014718062,0.05,150,5,0.13799999999999998,1.5551401396786093,5.039224055727973,0.0
mtd_ai,200,0.00507913742077477,0.45454545454545453,2961.8409787402393,0.1,150,5,0.13799999999999998,1.5551401396786093,5.039224055727973,0.0
mtd_ai,200,0.00507913742077477,0.5,3930.4160904913715,0.15,150,5,0.13799999999999998,1.5551401396786093,5.039224055727973,0.0
mtd_ai,200,0.00507913742077477,0.5,4931.514360330281,0.2,150,5,0.13799999999999998,1.5551401396786093,5.039224055727973,0.0
mtd_ai,200,0.00507913742077477,0.5,5744.096029086243,0.25,150,5,0.13799999999999998,1.5551401396786093,5.039224055727973,0.0
mtd_ai,200,0.005069170110979905,0.35714285714285715,1843.3861002710034,0.05,150,5,0.1188888888888889,0.9731946936660277,3.822841534970478,0.0
mtd_ai,200,0.005069170110979905,0.42857142857142855,3183.0965611812244,0.1,150,5,0.1188888888888889,0.9731946936660277,3.822841534970478,0.0
mtd_ai,200,0.005069170110979905,0.4166666666666667,5106.563196626335,0.15,150,5,0.1188888888888889,0.9731946936660277,3.822841534970478,0.0
mtd_ai,200,0.005069170110979905,0.46875,5596.882272079495,0.2,150,5,0.1188888888888889,0.9731946936660277,3.822841534970478,0.0
mtd_ai,200,0.005069170110979905,0.5136986301369864,6192.093265054053,0.25,150,5,0.1188888888888889,0.9731946936660277,3.822841534970478,0.0
mtd_ai,200,0.0050833024713566495,0.28846153846153844,2712.6728499101905,0.05,150,5,0.09977777777777778,0.7390730384641983,2.392386933264927,0.0
mtd_ai,200,0.0050833024713566495,0.38461538461538464,3457.1293690906673,0.1,150,5,0.09977777777777778,0.7390730384641983,2.392386933264927,0.0
mtd_ai,200,0.0050833024713566495,0.45,4221.298579589242,0.15,150,5,0.09977777777777778,0.7390730384641983,2.392386933264927,0.0
mtd_ai,200,0.0050833024713566495,0.46875,5016.513743236781,0.2,150,5,0.09977777777777778,0.7390730384641983,2.392386933264927,0.0
mtd_ai,200,0.0050833024713566495,0.5,5623.939867945695,0.25,150,5,0.09977777777777778,0.7390730384641983,2.392386933264927,0.0
mtd_ai,200,0.005048458556441137,0.4166666666666667,1830.628766575815,0.05,150,5,0.16,1.3936203414956772,4.879716717599694,0.0
mtd_ai,200,0.005048458556441137,0.45454545454545453,2758.7034116387285,0.1,150,5,0.16,1.3936203414956772,4.879716717599694,0.0
mtd_ai,200,0.005048458556441137,0.46875,4250.098760894405,0.15,150,5,0.16,1.3936203414956772,4.879716717599694,0.0
mtd_ai,200,0.005048458556441137,0.46875,4907.246542255115,0.2,150,5,0.16,1.3936203414956772,4.879716717599694,0.0
mtd_ai,200,0.005048458556441137,0.47468354430379744,5566.017643124989,0.25,150,5,0.16,1.3936203414956772,4.879716717599694,0.0
mtd_ai,200,0.0050502142750999774,0.5,1312.7373929060013,0.05,150,5,0.12111111111111111,0.5609382764605413,1.3709842089111763,0.0
mtd_ai,200,0.0050502142750999774,0.42857142857142855,3491.03737331967,0.1,150,5,0.12111111111111111,0.5609382764605413,1.3709842089111763,0.0
mtd_ai,200,0.0050502142750999774,0.5,3982.405605039441,0.15,150,5,0.12111111111111111,0.5609382764605413,1.3709842089111763,0.0
mtd_ai,200,0.0050502142750999774,0.5,5363.309785864103,0.2,150,5,0.12111111111111111,0.5609382764605413,1.3709842089111763,0.0
mtd_ai,200,0.0050502142750999774,0.5208333333333334,5878.136794683269,0.25,150,5,0.12111111111111111,0.5609382764605413,1.3709842089111763,0.0
mtd_ai,200,0.005032156097752532,0.3,2688.3432554875108,0.05,150,5,0.1443333333333333,0.8036856778079353,2.837719929732386,4.242424242424242
mtd_ai,200,0.005032156097752532,0.29411764705882354,5628.284679277782,0.1,150,5,0.1443333333333333,0.8036856778079353,2.837719929732386,4.242424242424242
mtd_ai,200,0.005032156097752532,0.3629032258064516,6034.216316543049,0.15,150,5,0.1443333333333333,0.8036856778079353,2.837719929732386,4.242424242424242
mtd_ai,200,0.005032156097752532,0.4,6632.846458218644,0.2,150,5,0.1443333333333333,0.8036856778079353,2.837719929732386,4.242424242424242
mtd_ai,200,0.005032156097752532,0.4166666666666667,7177.645144465587,0.25,150,5,0.1443333333333333,0.8036856778079353,2.837719929732386,4.242424242424242
mtd_ai,200,0.0050678157556316725,0.24193548387096775,4096.037541117763,0.05,150,5,0.11,0.271557050761771,0.8647517455435642,0.0
mtd_ai,200,0.0050678157556316725,0.3409090909090909,5042.856962153857,0.1,150,5,0.11,0.271557050761771,0.8647517455435642,0.0
mtd_ai,200,0.0050678157556316725,0.4090909090909091,5560.209073988757,0.15,150,5,0.11,0.271557050761771,0.8647517455435642,0.0
mtd_ai,200,0.0050678157556316725,0.43478260869565216,6161.318917907454,0.2,150,5,0.11,0.271557050761771,0.8647517455435642,0.0
mtd_ai,200,0.0050678157556316725,0.46875,6647.047488455056,0.25,150,5,0.11,0.271557050761771,0.8647517455435642,0.0
mtd_ai,200,0.005060670042288271,0.24193548387096775,3074.3863767030834,0.05,150,5,0.1852222222222222,1.3566393588966632,4.91476398822509,0.0
mtd_ai,200,0.005060670042288271,0.3125,4144.617045101109,0.1,150,5,0.1852222222222222,1.3566393588966632,4.91476398822509,0.0
mtd_ai,200,0.005060670042288271,0.3515625,5258.539328544484,0.15,150,5,0.1852222222222222,1.3566393588966632,4.91476398822509,0.0
mtd_ai,200,0.005060670042288271,0.40540540540540543,5760.359165632852,0.2,150,5,0.1852222222222222,1.3566393588966632,4.91476398822509,0.0
mtd_ai,200,0.005060670042288271,0.39893617021276595,6646.437314798513,0.25,150,5,0.1852222222222222,1.3566393588966632,4.91476398822509,0.0
mtd_ai,200,0.0050752717757931946,0.2777777777777778,2306.1243066525967,0.05,150,5,0.1473809523809524,0.41480309379923613,1.7006218410309444,0.0
mtd_ai,200,0.0050752717757931946,0.35714285714285715,3004.0994129254263,0.1,150,5,0.1473809523809524,0.41480309379923613,1.7006218410309444,0.0
mtd_ai,200,0.0050752717757931946,0.3879310344827586,3998.534247688594,0.15,150,5,0.1473809523809524,0.41480309379923613,1.7006218410309444,0.0
mtd_ai,200,0.0050752717757931946,0.4225352112676056,4857.674890835333,0.2,150,5,0.1473809523809524,0.41480309379923613,1.7006218410309444,0.0
mtd_ai,200,0.0050752717757931946,0.4411764705882353,6015.672312830524,0.25,150,5,0.1473809523809524,0.41480309379923613,1.7006218410309444,0.0
mtd_ai,200,0.005039169453109492,0.25,3600.4754046820335,0.05,150,5,0.16666666666666666,0.19322154310159126,0.46633709706590326,-3.15
mtd_ai,200,0.005039169453109492,0.3191489361702128,4917.39580449861,0.1,150,5,0.16666666666666666,0.19322154310159126,0.46633709706590326,-3.15
mtd_ai,200,0.005039169453109492,0.39473684210526316,5708.2217829833235,0.15,150,5,0.16666666666666666,0.19322154310159126,0.46633709706590326,-3.15
mtd_ai,200,0.005039169453109492,0.42857142857142855,6348.160116531739,0.2,150,5,0.16666666666666666,0.19322154310159126,0.46633709706590326,-3.15
mtd_ai,200,0.005039169453109492,0.47468354430379744,6792.46887478212,0.25,150,5,0.16666666666666666,0.19322154310159126,0.46633709706590326,-3.15
mtd_ai,200,0.005071243430438485,0.3409090909090909,2219.8541147036585,0.05,150,5,0.11333333333333333,2.6347733005182117,3.602938802109127,0.0
mtd_ai,200,0.005071243430438485,0.39473684210526316,3866.5107294692953,0.1,150,5,0.11333333333333333,2.6347733005182117,3.602938802109127,0.0
mtd_ai,200,0.005071243430438485,0.4326923076923077,4883.0602193730065,0.15,150,5,0.11333333333333333,2.6347733005182117,3.602938802109127,0.0
mtd_ai,200,0.005071243430438485,0.47619047619047616,5658.860691656325,0.2,150,5,0.11333333333333333,2.6347733005182117,3.602938802109127,0.0
mtd_ai,200,0.005071243430438485,0.5136986301369864,6038.166421676549,0.25,150,5,0.11333333333333333,2.6347733005182117,3.602938802109127,0.0
mtd_ai,200,0.005041817481080374,0.20833333333333334,4152.927595085699,0.05,150,5,0.12866666666666668,1.3790266033536682,4.487885663737535,0.0
mtd_ai,200,0.005041817481080374,0.29411764705882354,5209.14722683951,0.1,150,5,0.12866666666666668,1.3790266033536682,4.487885663737535,0.0
mtd_ai,200,0.005041817481080374,0.33088235294117646,6267.560916340661,0.15,150,5,0.12866666666666668,1.3790266033536682,4.487885663737535,0.0
mtd_ai,200,0.005041817481080374,0.3157894736842105,7807.0755528140635,0.2,150,5,0.12866666666666668,1.3790266033536682,4.487885663737535,0.0
mtd_ai,200,0.005041817481080374,0.3472222222222222,8643.326002130967,0.25,150,5,0.12866666666666668,1.3790266033536682,4.487885663737535,0.0
mtd_ai,200,0.00503941572480737,0.20833333333333334,3447.372135572341,0.05,150,5,0.1737777777777778,0.02404660617339272,0.09941711454154156,0.0
mtd_ai,200,0.00503941572480737,0.2777777777777778,4374.100843735896,0.1,150,5,0.1737777777777778,0.02404660617339272,0.09941711454154156,0.0
mtd_ai,200,0.00503941572480737,0.3125,5220.588014288645,0.15,150,5,0.1737777777777778,0.02404660617339272,0.09941711454154156,0.0
mtd_ai,200,0.00503941572480737,0.33707865168539325,5978.274862477856,0.2,150,5,0.1737777777777778,0.02404660617339272,0.09941711454154156,0.0
mtd_ai,200,0.00503941572480737,0.375,6712.965922104911,0.25,150,5,0.1737777777777778,0.02404660617339272,0.09941711454154156,0.0
mtd_ai,200,0.005058051231160249,0.3409090909090909,2175.556531742852,0.05,150,5,0.16111111111111112,6.7496824090333805,7.045683055896948,0.0
mtd_ai,200,0.005058051231160249,0.39473684210526316,3252.1988738470727,0.1,150,5,0.16111111111111112,6.7496824090333805,7.045683055896948,0.0
mtd_ai,200,0.005058051231160249,0.45918367346938777,3880.7512038004843,0.15,150,5,0.16111111111111112,6.7496824090333805,7.045683055896948,0.0
mtd_ai,200,0.005058051231160249,0.5,4330.646586668619,0.2,150,5,0.16111111111111112,6.7496824090333805,7.045683055896948,0.0
mtd_ai,200,0.005058051231160249,0.2976190476190476,6935.70998536014,0.25,150,5,0.16111111111111112,6.7496824090333805,7.045683055896948,0.0
mtd_ai,200,0.005040726975424225,0.20833333333333334,3284.4751943119236,0.05,150,5,0.1331111111111111,0.7737063369729573,2.5721302893813394,5.0
mtd_ai,200,0.005040726975424225,0.29411764705882354,3992.76738415984,0.1,150,5,0.1331111111111111,0.7737063369729573,2.5721302893813394,5.0
mtd_ai,200,0.005040726975424225,0.34615384615384615,4863.568084780742,0.15,150,5,0.1331111111111111,0.7737063369729573,2.5721302893813394,5.0
mtd_ai,200,0.005040726975424225,0.35294117647058826,6687.386938483165,0.2,150,5,0.1331111111111111,0.7737063369729573,2.5721302893813394,5.0
mtd_ai,200,0.005040726975424225,0.39893617021276595,7003.028815560032,0.25,150,5,0.1331111111111111,0.7737063369729573,2.5721302893813394,5.0
mtd_ai,200,0.005068586376333475,0.25,3173.5791966603974,0.05,150,5,0.13611111111111113,0.015349769476836266,0.06074515865806841,0.0
mtd_ai,200,0.005068586376333475,0.3191489361702128,4457.866954788087,0.1,150,5,0.13611111111111113,0.015349769476836266,0.06074515865806841,0.0
mtd_ai,200,0.005068586376333475,0.4017857142857143,4930.662200655312,0.15,150,5,0.13611111111111113,0.015349769476836266,0.06074515865806841,0.0
mtd_ai,200,0.005068586376333475,0.44776119402985076,5581.240971587658,0.2,150,5,0.13611111111111113,0.015349769476836266,0.06074515865806841,0.0
mtd_ai,200,0.005068586376333475,0.45180722891566266,6367.524480988941,0.25,150,5,0.13611111111111113,0.015349769476836266,0.06074515865806841,0.0
mtd_ai,200,0.005087858436292009,0.4166666666666667,1775.2573452874515,0.05,150,5,0.2,0.5598448864876092,1.1058517885443553,0.0
mtd_ai,200,0.005087858436292009,0.4411764705882353,3370.729600552396,0.1,150,5,0.2,0.5598448864876092,1.1058517885443553,0.0
mtd_ai,200,0.005087858436292009,0.4787234042553192,3983.5471015296025,0.15,150,5,0.2,0.5598448864876092,1.1058517885443553,0.0
mtd_ai,200,0.005087858436292009,0.5,4431.132879250255,0.2,150,5,0.2,0.5598448864876092,1.1058517885443553,0.0
mtd_ai,200,0.005087858436292009,0.5434782608695652,4923.898556877331,0.25,150,5,0.2,0.5598448864876092,1.1058517885443553,0.0
mtd_ai,200,0.005048010811321329,0.22058823529411764,4343.518658874505,0.05,150,5,0.18544444444444444,1.1524161478494328,4.589134855252303,0.0
mtd_ai,200,0.005048010811321329,0.2631578947368421,6121.360805578863,0.1,150,5,0.18544444444444444,1.1524161478494328,4.589134855252303,0.0
mtd_ai,200,0.005048010811321329,0.32608695652173914,6535.550737774851,0.15,150,5,0.18544444444444444,1.1524161478494328,4.589134855252303,0.0
mtd_ai,200,0.005048010811321329,0.29411764705882354,8000.291366852984,0.2,150,5,0.18544444444444444,1.1524161478494328,4.589134855252303,0.0
mtd_ai,200,0.005048010811321329,0.33185840707964603,8334.3094171455,0.25,150,5,0.18544444444444444,1.1524161478494328,4.589134855252303,0.0
mtd_ai,200,0.005084879124891521,0.35714285714285715,1938.082067480865,0.05,150,5,0.1361111111111111,0.8590074222056305,3.4321271397193436,0.0
mtd_ai,200,0.005084879124891521,0.40540540540540543,3339.507450453544,0.1,150,5,0.1361111111111111,0.8590074222056305,3.4321271397193436,0.0
mtd_ai,200,0.005084879124891521,0.46875,3832.8446962359058,0.15,150,5,0.1361111111111111,0.8590074222056305,3.4321271397193436,0.0
mtd_ai,200,0.005084879124891521,0.47619047619047616,5064.472082244566,0.2,150,5,0.1361111111111111,0.8590074222056305,3.4321271397193436,0.0
mtd_ai,200,0.005084879124891521,0.5208333333333334,5412.690113181623,0.25,150,5,0.1361111111111111,0.8590074222056305,3.4321271397193436,0.0
mtd_ai,200,0.005076153798905519,0.3125,2538.267885029203,0.05,150,5,0.15571428571428572,0.3093052078179435,1.015501534898325,0.0
mtd_ai,200,0.005076153798905519,0.36585365853658536,3428.451502982146,0.1,150,5,0.15571428571428572,0.3093052078179435,1.015501534898325,0.0
mtd_ai,200,0.005076153798905519,0.3813559322033898,4732.248326463174,0.15,150,5,0.15571428571428572,0.3093052078179435,1.015501534898325,0.0
mtd_ai,200,0.005076153798905519,0.42857142857142855,5110.240942915709,0.2,150,5,0.15571428571428572,0.3093052078179435,1.015501534898325,0.0
mtd_ai,200,0.005076153798905519,0.4807692307692308,5466.846012305297,0.25,150,5,0.15571428571428572,0.3093052078179435,1.015501534898325,0.0
mtd_ai,200,0.005077494655210746,0.25862068965517243,3198.928754044561,0.05,150,5,0.14222222222222225,2.321176077730574,2.093494151721833,0.0
mtd_ai,200,0.005077494655210746,0.36585365853658536,3989.1369083572263,0.1,150,5,0.14222222222222225,2.321176077730574,2.093494151721833,0.0
mtd_ai,200,0.005077494655210746,0.42452830188679247,4507.717794387503,0.15,150,5,0.14222222222222225,2.321176077730574,2.093494151721833,0.0
mtd_ai,200,0.005077494655210746,0.42857142857142855,5178.5973328687505,0.2,150,5,0.14222222222222225,2.321176077730574,2.093494151721833,0.0
mtd_ai,200,0.005077494655210746,0.46296296296296297,5599.705706348501,0.25,150,5,0.14222222222222225,2.321176077730574,2.093494151721833,0.0
mtd_ai,200,0.005042325847820731,0.375,1852.2811147452226,0.05,150,5,0.14777777777777776,0.47652324793299183,2.0475514406722715,0.0
mtd_ai,200,0.005042325847820731,0.3488372093023256,3855.2212093238895,0.1,150,5,0.14777777777777776,0.47652324793299183,2.0475514406722715,0.0
mtd_ai,200,0.005042325847820731,0.4166666666666667,4766.564141804073,0.15,150,5,0.14777777777777776,0.47652324793299183,2.0475514406722715,0.0
mtd_ai,200,0.005042325847820731,0.46153846153846156,5197.913474542433,0.2,150,5,0.14777777777777776,0.47652324793299183,2.0475514406722715,0.0
mtd_ai,200,0.005042325847820731,0.4934210526315789,5794.515566014394,0.25,150,5,0.14777777777777776,0.47652324793299183,2.0475514406722715,0.0
mtd_ai,200,0.005031098015690185,0.375,1583.8375101196195,0.05,150,5,0.09888888888888889,2.199358958600244,3.9768575113560676,0.0
mtd_ai,200,0.005031098015690185,0.38461538461538464,3368.8521815271915,0.1,150,5,0.09888888888888889,2.199358958600244,3.9768575113560676,0.0
mtd_ai,200,0.005031098015690185,0.4090909090909091,4644.206404878488,0.15,150,5,0.09888888888888889,2.199358958600244,3.9768575113560676,0.0
mtd_ai,200,0.005031098015690185,0.4225352112676056,5648.588618414227,0.2,150,5,0.09888888888888889,2.199358958600244,3.9768575113560676,0.0
mtd_ai,200,0.005031098015690185,0.44642857142857145,6468.944045558802,0.25,150,5,0.09888888888888889,2.199358958600244,3.9768575113560676,0.0
mtd_ai,200,0.005066416642913422,0.39473684210526316,1870.7631810595785,0.05,150,5,0.14666666666666667,0.6116721407882619,2.674476331759425,0.0
mtd_ai,200,0.005066416642913422,0.36585365853658536,3386.069507784403,0.1,150,5,0.14666666666666667,0.6116721407882619,2.674476331759425,0.0
mtd_ai,200,0.005066416642913422,0.42452830188679247,4175.733391138709,0.15,150,5,0.14666666666666667,0.6116721407882619,2.674476331759425,0.0
mtd_ai,200,0.005066416642913422,0.45454545454545453,5221.437606045856,0.2,150,5,0.14666666666666667,0.6116721407882619,2.674476331759425,0.0
mtd_ai,200,0.005066416642913422,0.4573170731707317,6001.4807169316155,0.25,150,5,0.14666666666666667,0.6116721407882619,2.674476331759425,0.0
mtd_ai,200,0.00506008110093313,0.39473684210526316,1579.674686824327,0.05,150,5,0.23272222222222222,15.563296534795885,7.291136141519424,0.0,0.48830084181720235,0.0,0.0
mtd_ai,200,0.00506008110093313,0.45454545454545453,2488.0545863905363,0.1,150,5,0.23272222222222222,15.563296534795885,7.291136141519424,0.0,0.48830084181720235,0.0,0.0
mtd_ai,200,0.00506008110093313,0.4891304347826087,3862.6322602257574,0.15,150,5,0.23272222222222222,15.563296534795885,7.291136141519424,0.0,0.48830084181720235,0.0,0.0
mtd_ai,200,0.00506008110093313,0.4918032786885246,4686.973599453686,0.2,150,5,0.23272222222222222,15.563296534795885,7.291136141519424,0.0,0.48830084181720235,0.0,0.0
mtd_ai,200,0.00506008110093313,0.5434782608695652,4963.541247787325,0.25,150,5,0.23272222222222222,15.563296534795885,7.291136141519424,0.0,0.48830084181720235,0.0,0.0
mtd_ai,200,0.005059322955261813,0.22058823529411764,2913.1197206355137,0.05,150,5,0.21,4.43081844023937,6.636910228468872,0.0,0.4544442973452851,0.0,0.0
mtd_ai,200,0.005059322955261813,0.28846153846153844,4275.83413957469,0.1,150,5,0.21,4.43081844023937,6.636910228468872,0.0,0.4544442973452851,0.0,0.0
mtd_ai,200,0.005059322955261813,0.29605263157894735,5823.9700967434255,0.15,150,5,0.21,4.43081844023937,6.636910228468872,0.0,0.4544442973452851,0.0,0.0
mtd_ai,200,0.005059322955261813,0.3488372093023256,6248.828275895685,0.2,150,5,0.21,4.43081844023937,6.636910228468872,0.0,0.4544442973452851,0.0,0.0
mtd_ai,200,0.005059322955261813,0.36764705882352944,7265.405045031537,0.25,150,5,0.21,4.43081844023937,6.636910228468872,0.0,0.4544442973452851,0.0,0.0
mtd_ai,200,0.005076432243742134,0.28846153846153844,2242.4284940962016,0.05,150,5,0.125,0.46877179745357883,1.1079101465281482,0.0,0.44741955335959094,0.0,0.0
mtd_ai,200,0.005076432243742134,0.30612244897959184,4040.9199318956084,0.1,150,5,0.125,0.46877179745357883,1.1079101465281482,0.0,0.44741955335959094,0.0,0.0
mtd_ai,200,0.005076432243742134,0.3629032258064516,4803.320282873416,0.15,150,5,0.125,0.46877179745357883,1.1079101465281482,0.0,0.44741955335959094,0.0,0.0
mtd_ai,200,0.005076432243742134,0.4,5473.260903678066,0.2,150,5,0.125,0.46877179745357883,1.1079101465281482,0.0,0.44741955335959094,0.0,0.0
mtd_ai,200,0.005076432243742134,0.436046511627907,6030.1233178157545,0.25,150,5,0.125,0.46877179745357883,1.1079101465281482,0.0,0.44741955335959094,0.0,0.0
mtd_ai,200,0.0050747369703512775,0.375,2027.8807132028746,0.05,150,5,0.11,0.34228564933186306,1.2048575511576896,0.0,0.45652299292944226,0.0,0.0
mtd_ai,200,0.0050747369703512775,0.4166666666666667,3564.117152628215,0.1,150,5,0.11,0.34228564933186306,1.2048575511576896,0.0,0.45652299292944226,0.0,0.0
mtd_ai,200,0.0050747369703512775,0.45,4336.338226947416,0.15,150,5,0.11,0.34228564933186306,1.2048575511576896,0.0,0.45652299292944226,0.0,0.0
mtd_ai,200,0.0050747369703512775,0.4838709677419355,5395.617243818445,0.2,150,5,0.11,0.34228564933186306,1.2048575511576896,0.0,0.45652299292944226,0.0,0.0
mtd_ai,200,0.0050747369703512775,0.487012987012987,6045.043162613467,0.25,150,5,0.11,0.34228564933186306,1.2048575511576896,0.0,0.45652299292944226,0.0,0.0
mtd_ai,200,0.005076888765534716,0.35714285714285715,2170.5614807966876,0.05,150,5,0.11666666666666667,0.5493706448395238,2.185046264797233,0.0,0.44432165221207875,0.0,0.0
mtd_ai,200,0.005076888765534716,0.4411764705882353,2899.418908708415,0.1,150,5,0.11666666666666667,0.5493706448395238,2.185046264797233,0.0,0.44432165221207875,0.0,0.0
mtd_ai,200,0.005076888765534716,0.5357142857142857,3296.009036542736,0.15,150,5,0.11666666666666667,0.5493706448395238,2.185046264797233,0.0,0.44432165221207875,0.0,0.0
mtd_ai,200,0.005076888765534716,0.5357142857142857,4452.927158647766,0.2,150,5,0.11666666666666667,0.5493706448395238,2.185046264797233,0.0,0.44432165221207875,0.0,0.0
mtd_ai,200,0.005076888765534716,0.5434782608695652,5318.460006669729,0.25,150,5,0.11666666666666667,0.5493706448395238,2.185046264797233,0.0,0.44432165221207875,0.0,0.0
mtd_ai,200,0.005066423056247548,0.22727272727272727,3595.0190582977298,0.05,150,5,0.11666666666666667,1.4963639440420784,4.704638101745252,0.0,0.48168132313547635,0.0,0.0
mtd_ai,200,0.005066423056247548,0.3333333333333333,4436.845817930027,0.1,150,5,0.11666666666666667,1.4963639440420784,4.704638101745252,0.0,0.48168132313547635,0.0,0.0
mtd_ai,200,0.005066423056247548,0.4017857142857143,4842.097044908265,0.15,150,5,0.11666666666666667,1.4963639440420784,4.704638101745252,0.0,0.48168132313547635,0.0,0.0
mtd_ai,200,0.005066423056247548,0.4166666666666667,5710.36562402323,0.2,150,5,0.11666666666666667,1.4963639440420784,4.704638101745252,0.0,0.48168132313547635,0.0,0.0
mtd_ai,200,0.005066423056247548,0.46296296296296297,5932.422343332564,0.25,150,5,0.11666666666666667,1.4963639440420784,4.704638101745252,0.0,0.48168132313547635,0.0,0.0
mtd_ai,200,0.005047828249513843,0.35714285714285715,2305.244274355152,0.05,150,5,0.12200000000000001,1.8307593469910832,4.447950742270942,0.0,0.49758164593213955,0.0,0.0
mtd_ai,200,0.005047828249513843,0.42857142857142855,3574.7231691391507,0.1,150,5,0.12200000000000001,1.8307593469910832,4.447950742270942,0.0,0.49758164593213955,0.0,0.0
mtd_ai,200,0.005047828249513843,0.4411764705882353,5184.708050729393,0.15,150,5,0.12200000000000001,1.8307593469910832,4.447950742270942,0.0,0.49758164593213955,0.0,0.0
mtd_ai,200,0.005047828249513843,0.5,5568.50384337996,0.2,150,5,0.12200000000000001,1.8307593469910832,4.447950742270942,0.0,0.49758164593213955,0.0,0.0
mtd_ai,200,0.005047828249513843,0.5067567567567568,6169.10907012226,0.25,150,5,0.12200000000000001,1.8307593469910832,4.447950742270942,0.0,0.49758164593213955,0.0,0.0
mtd_ai,200,0.005067624838571819,0.35714285714285715,2294.1576895099206,0.05,150,5,0.13333333333333333,1.3865734914338452,1.7712399131259209,0.0,0.5188222903543818,0.0,0.0
mtd_ai,200,0.005067624838571819,0.42857142857142855,3113.7496681266193,0.1,150,5,0.13333333333333333,1.3865734914338452,1.7712399131259209,0.0,0.5188222903543818,0.0,0.0
mtd_ai,200,0.005067624838571819,0.375,4815.346847537276,0.15,150,5,0.13333333333333333,1.3865734914338452,1.7712399131259209,0.0,0.5188222903543818,0.0,0.0
mtd_ai,200,0.005067624838571819,0.410958904109589,5983.665450725668,0.2,150,5,0.13333333333333333,1.3865734914338452,1.7712399131259209,0.0,0.5188222903543818,0.0,0.0
mtd_ai,200,0.005067624838571819,0.45180722891566266,6509.516246038376,0.25,150,5,0.13333333333333333,1.3865734914338452,1.7712399131259209,0.0,0.5188222903543818,0.0,0.0
mtd_ai,200,0.005028600971031976,0.24193548387096775,3189.141724335253,0.05,150,5,0.0,0.18547180235243654,0.6167104701664751,-3.8378378378378377,0.5216641121314342,0.0,0.0
mtd_ai,200,0.005028600971031976,0.30612244897959184,4778.741734815938,0.1,150,5,0.0,0.18547180235243654,0.6167104701664751,-3.8378378378378377,0.5216641121314342,0.0,0.0
mtd_ai,200,0.005028600971031976,0.3409090909090909,5595.025330658362,0.15,150,5,0.0,0.18547180235243654,0.6167104701664751,-3.8378378378378377,0.5216641121314342,0.0,0.0
mtd_ai,200,0.005028600971031976,0.32608695652173914,6891.992917424241,0.2,150,5,0.0,0.18547180235243654,0.6167104701664751,-3.8378378378378377,0.5216641121314342,0.0,0.0
mtd_ai,200,0.005028600971031976,0.3440366972477064,7577.203883854099,0.25,150,5,0.0,0.18547180235243654,0.6167104701664751,-3.8378378378378377,0.5216641121314342,0.0,0.0
mtd_ai,200,0.005062201752055038,0.3125,2573.6734064224534,0.05,150,5,0.08666666666666667,0.48666489069949803,0.2600331852875536,0.0,0.4836030997271035,0.0,0.0
mtd_ai,200,0.005062201752055038,0.375,3498.135045807575,0.1,150,5,0.08666666666666667,0.48666489069949803,0.2600331852875536,0.0,0.4836030997271035,0.0,0.0
mtd_ai,200,0.005062201752055038,0.4326923076923077,4181.851454080423,0.15,150,5,0.08666666666666667,0.48666489069949803,0.2600331852875536,0.0,0.4836030997271035,0.0,0.0
mtd_ai,200,0.005062201752055038,0.40540540540540543,6003.765926186144,0.2,150,5,0.08666666666666667,0.48666489069949803,0.2600331852875536,0.0,0.4836030997271035,0.0,0.0
mtd_ai,200,0.005062201752055038,0.44642857142857145,6513.927165955251,0.25,150,5,0.08666666666666667,0.48666489069949803,0.2600331852875536,0.0,0.4836030997271035,0.0,0.0
mtd_ai,200,0.0050742818899985696,0.26785714285714285,3621.5077079020675,0.05,150,5,0.25,1.2274478755756784,3.4245299658423405,0.0,0.486969447541896,0.0,0.0
mtd_ai,200,0.0050742818899985696,0.375,4113.849420352418,0.1,150,5,0.25,1.2274478755756784,3.4245299658423405,0.0,0.486969447541896,0.0,0.0
mtd_ai,200,0.0050742818899985696,0.4411764705882353,4790.137430290205,0.15,150,5,0.25,1.2274478755756784,3.4245299658423405,0.0,0.486969447541896,0.0,0.0
mtd_ai,200,0.0050742818899985696,0.4918032786885246,5130.115299982779,0.2,150,5,0.25,1.2274478755756784,3.4245299658423405,0.0,0.486969447541896,0.0,0.0
mtd_ai,200,0.0050742818899985696,0.528169014084507,5681.63531467306,0.25,150,5,0.25,1.2274478755756784,3.4245299658423405,0.0,0.486969447541896,0.0,0.0
mtd_ai,200,0.00506704206455862,0.375,2067.9146846010017,0.05,150,5,0.3181818181818182,0.05761180671120898,0.20096190031703054,0.0,0.49559157957132804,0.0,0.0
mtd_ai,200,0.00506704206455862,0.38461538461538464,3754.702900211535,0.1,150,5,0.3181818181818182,0.05761180671120898,0.20096190031703054,0.0,0.49559157957132804,0.0,0.0
mtd_ai,200,0.00506704206455862,0.45,4452.713291442661,0.15,150,5,0.3181818181818182,0.05761180671120898,0.20096190031703054,0.0,0.49559157957132804,0.0,0.0
mtd_ai,200,0.00506704206455862,0.4411764705882353,5655.423606599195,0.2,150,5,0.3181818181818182,0.05761180671120898,0.20096190031703054,0.0,0.49559157957132804,0.0,0.0
mtd_ai,200,0.00506704206455862,0.487012987012987,6079.326370745608,0.25,150,5,0.3181818181818182,0.05761180671120898,0.20096190031703054,0.0,0.49559157957132804,0.0,0.0
mtd_ai,200,0.005067149256517989,0.3,2334.691931567046,0.05,150,5,0.12666666666666668,0.5561291132742062,1.2621793295061567,0.0,0.4616987752801635,0.0,0.0
mtd_ai,200,0.005067149256517989,0.3409090909090909,4240.730529654962,0.1,150,5,0.12666666666666668,0.5561291132742062,1.2621793295061567,0.0,0.4616987752801635,0.0,0.0
mtd_ai,200,0.005067149256517989,0.3813559322033898,5136.297434587088,0.15,150,5,0.12666666666666668,0.5561291132742062,1.2621793295061567,0.0,0.4616987752801635,0.0,0.0
mtd_ai,200,0.005067149256517989,0.410958904109589,5798.983993320855,0.2,150,5,0.12666666666666668,0.5561291132742062,1.2621793295061567,0.0,0.4616987752801635,0.0,0.0
mtd_ai,200,0.005067149256517989,0.436046511627907,6272.411962410961,0.25,150,5,0.12666666666666668,0.5561291132742062,1.2621793295061567,0.0,0.4616987752801635,0.0,0.0
mtd_ai,200,0.005044030596996098,0.4411764705882353,1330.762584573958,0.05,150,5,0.2222222222222222,0.9789591334967201,3.5098200172401652,-5.875,0.4817160139958308,0.0,0.0
mtd_ai,200,0.005044030596996098,0.4838709677419355,2133.7397681662046,0.1,150,5,0.2222222222222222,0.9789591334967201,3.5098200172401652,-5.875,0.4817160139958308,0.0,0.0
mtd_ai,200,0.005044030596996098,0.45918367346938777,3184.148508124227,0.15,150,5,0.2222222222222222,0.9789591334967201,3.5098200172401652,-5.875,0.4817160139958308,0.0,0.0
mtd_ai,200,0.005044030596996098,0.46153846153846156,4220.875667239096,0.2,150,5,0.2222222222222222,0.9789591334967201,3.5098200172401652,-5.875,0.4817160139958308,0.0,0.0
mtd_ai,200,0.005044030596996098,0.42134831460674155,5371.454291704501,0.25,150,5,0.2222222222222222,0.9789591334967201,3.5098200172401652,-5.875,0.4817160139958308,0.0,0.0
mtd_ai,200,0.005074068410768429,0.39473684210526316,1473.9532052270108,0.05,150,5,0.16877777777777778,0.5328343962387988,1.7918690761975076,0.0,0.5097658920856604,0.0,0.0
mtd_ai,200,0.005074068410768429,0.42857142857142855,2687.8560251823974,0.1,150,5,0.16877777777777778,0.5328343962387988,1.7918690761975076,0.0,0.5097658920856604,0.0,0.0
mtd_ai,200,0.005074068410768429,0.4787234042553192,3626.447935384481,0.15,150,5,0.16877777777777778,0.5328343962387988,1.7918690761975076,0.0,0.5097658920856604,0.0,0.0
mtd_ai,200,0.005074068410768429,0.46153846153846156,5049.606736350204,0.2,150,5,0.16877777777777778,0.5328343962387988,1.7918690761975076,0.0,0.5097658920856604,0.0,0.0
mtd_ai,200,0.005074068410768429,0.5,5401.012786964389,0.25,150,5,0.16877777777777778,0.5328343962387988,1.7918690761975076,0.0,0.5097658920856604,0.0,0.0
mtd_ai,200,0.005055974332312937,0.4411764705882353,1464.3001991013284,0.05,150,5,0.27586206896551724,0.11404802290514707,0.3427851142487093,-6.722222222222222,0.5183796575135599,0.0,0.0
mtd_ai,200,0.005055974332312937,0.45454545454545453,2500.0910232368806,0.1,150,5,0.27586206896551724,0.11404802290514707,0.3427851142487093,-6.722222222222222,0.5183796575135599,0.0,0.0
mtd_ai,200,0.005055974332312937,0.45918367346938777,3304.4002951622983,0.15,150,5,0.27586206896551724,0.11404802290514707,0.3427851142487093,-6.722222222222222,0.5183796575135599,0.0,0.0
mtd_ai,200,0.005055974332312937,0.4918032786885246,3939.0661614790465,0.2,150,5,0.27586206896551724,0.11404802290514707,0.3427851142487093,-6.722222222222222,0.5183796575135599,0.0,0.0
mtd_ai,200,0.005055974332312937,0.5067567567567568,4523.8506565069365,0.25,150,5,0.27586206896551724,0.11404802290514707,0.3427851142487093,-6.722222222222222,0.5183796575135599,0.0,0.0
mtd_ai,200,0.005059684450015631,0.2777777777777778,2565.1021066012777,0.05,150,5,0.14222222222222222,0.7644602755931463,0.9136252336027755,0.0,0.43311995962909355,0.0,0.0
mtd_ai,200,0.005059684450015631,0.3333333333333333,3971.8566936406405,0.1,150,5,0.14222222222222222,0.7644602755931463,0.9136252336027755,0.0,0.43311995962909355,0.0,0.0
mtd_ai,200,0.005059684450015631,0.39473684210526316,4554.605457853457,0.15,150,5,0.14222222222222222,0.7644602755931463,0.9136252336027755,0.0,0.43311995962909355,0.0,0.0
mtd_ai,200,0.005059684450015631,0.43478260869565216,5267.601711488035,0.2,150,5,0.14222222222222222,0.7644602755931463,0.9136252336027755,0.0,0.43311995962909355,0.0,0.0
mtd_ai,200,0.005059684450015631,0.42613636363636365,7475.5109094483805,0.25,150,5,0.14222222222222222,0.7644602755931463,0.9136252336027755,0.0,0.43311995962909355,0.0,0.0
mtd_ai,200,0.005066713302573751,0.32608695652173914,2074.4677965795445,0.05,150,5,0.13044444444444445,0.8103604946937067,3.263591480182046,0.0,0.45579104855913927,0.0,0.0
mtd_ai,200,0.005066713302573751,0.4166666666666667,2980.5004204213246,0.1,150,5,0.13044444444444445,0.8103604946937067,3.263591480182046,0.0,0.45579104855913927,0.0,0.0
mtd_ai,200,0.005066713302573751,0.45918367346938777,3657.4736197096836,0.15,150,5,0.13044444444444445,0.8103604946937067,3.263591480182046,0.0,0.45579104855913927,0.0,0.0
mtd_ai,200,0.005066713302573751,0.44776119402985076,5412.674929575236,0.2,150,5,0.13044444444444445,0.8103604946937067,3.263591480182046,0.0,0.45579104855913927,0.0,0.0
mtd_ai,200,0.005066713302573751,0.4807692307692308,6155.095186030514,0.25,150,5,0.13044444444444445,0.8103604946937067,3.263591480182046,0.0,0.45579104855913927,0.0,0.0
mtd_ai,200,0.0050364572323004855,0.2777777777777778,3427.9903476831055,0.05,150,5,0.15,1.2688937249553252,4.535793745318435,4.433333333333334,0.5080899553025795,0.0,0.0
mtd_ai,200,0.0050364572323004855,0.36585365853658536,4324.154488527947,0.1,150,5,0.15,1.2688937249553252,4.535793745318435,4.433333333333334,0.5080899553025795,0.0,0.0
mtd_ai,200,0.0050364572323004855,0.42452830188679247,5082.831133145981,0.15,150,5,0.15,1.2688937249553252,4.535793745318435,4.433333333333334,0.5080899553025795,0.0,0.0
mtd_ai,200,0.0050364572323004855,0.47619047619047616,5633.703690209692,0.2,150,5,0.15,1.2688937249553252,4.535793745318435,4.433333333333334,0.5080899553025795,0.0,0.0
mtd_ai,200,0.0050364572323004855,0.47468354430379744,6966.055972856793,0.25,150,5,0.15,1.2688937249553252,4.535793745318435,4.433333333333334,0.5080899553025795,0.0,0.0
mtd_ai,200,0.005063686830891504,0.28846153846153844,3357.873770184585,0.05,150,5,0.16805555555555554,0.24355789506149886,0.8817515205658256,0.0,0.47698223615991137,0.0,0.0
mtd_ai,200,0.005063686830891504,0.375,4310.139330267666,0.1,150,5,0.16805555555555554,0.24355789506149886,0.8817515205658256,0.0,0.47698223615991137,0.0,0.0
mtd_ai,200,0.005063686830891504,0.42452830188679247,5219.300929887099,0.15,150,5,0.16805555555555554,0.24355789506149886,0.8817515205658256,0.0,0.47698223615991137,0.0,0.0
mtd_ai,200,0.005063686830891504,0.45454545454545453,5894.893148491541,0.2,150,5,0.16805555555555554,0.24355789506149886,0.8817515205658256,0.0,0.47698223615991137,0.0,0.0
mtd_ai,200,0.005063686830891504,0.5,6309.0035261782305,0.25,150,5,0.16805555555555554,0.24355789506149886,0.8817515205658256,0.0,0.47698223615991137,0.0,0.0
mtd_ai,200,0.00504021239700959,0.28846153846153844,2748.4831229392885,0.05,150,5,0.13666666666666666,14.025897516072666,4.230477806282529,4.821428571428571,0.48223616507790773,0.0,0.0
mtd_ai,200,0.00504021239700959,0.35714285714285715,4049.532383671706,0.1,150,5,0.13666666666666666,14.025897516072666,4.230477806282529,4.821428571428571,0.48223616507790773,0.0,0.0
mtd_ai,200,0.00504021239700959,0.3813559322033898,5342.202074393625,0.15,150,5,0.13666666666666666,14.025897516072666,4.230477806282529,4.821428571428571,0.48223616507790773,0.0,0.0
mtd_ai,200,0.00504021239700959,0.4166666666666667,6082.989136594189,0.2,150,5,0.13666666666666666,14.025897516072666,4.230477806282529,4.821428571428571,0.48223616507790773,0.0,0.0
mtd_ai,200,0.00504021239700959,0.4573170731707317,6632.03228695637,0.25,150,5,0.13666666666666666,14.025897516072666,4.230477806282529,4.821428571428571,0.48223616507790773,0.0,0.0
mtd_ai,200,0.0050494641768863225,0.35714285714285715,2010.1347761358247,0.05,150,5,0.14666666666666667,0.5524879196952391,2.3870358081453706,4.857142857142857,0.5002194948460901,0.0,0.0
mtd_ai,200,0.0050494641768863225,0.40540540540540543,3082.8737451099228,0.1,150,5,0.14666666666666667,0.5524879196952391,2.3870358081453706,4.857142857142857,0.5002194948460901,0.0,0.0
mtd_ai,200,0.0050494641768863225,0.45,3799.98600097926,0.15,150,5,0.14666666666666667,0.5524879196952391,2.3870358081453706,4.857142857142857,0.5002194948460901,0.0,0.0
mtd_ai,200,0.0050494641768863225,0.47619047619047616,4413.634690368237,0.2,150,5,0.14666666666666667,0.5524879196952391,2.3870358081453706,4.857142857142857,0.5002194948460901,0.0,0.0
mtd_ai,200,0.0050494641768863225,0.5067567567567568,5328.716807076153,0.25,150,5,0.14666666666666667,0.5524879196952391,2.3870358081453706,4.857142857142857,0.5002194948460901,0.0,0.0
mtd_ai,200,0.005042835105986355,0.39473684210526316,1920.4676118916768,0.05,150,5,0.15088888888888888,0.047160510767501385,0.20694337266307508,0.0,0.4940173290934939,0.0,0.0
mtd_ai,200,0.005042835105986355,0.3125,4102.280274632632,0.1,150,5,0.15088888888888888,0.047160510767501385,0.20694337266307508,0.0,0.4940173290934939,0.0,0.0
mtd_ai,200,0.005042835105986355,0.375,4873.4708180871085,0.15,150,5,0.15088888888888888,0.047160510767501385,0.20694337266307508,0.0,0.4940173290934939,0.0,0.0
mtd_ai,200,0.005042835105986355,0.410958904109589,5832.431775138755,0.2,150,5,0.15088888888888888,0.047160510767501385,0.20694337266307508,0.0,0.4940173290934939,0.0,0.0
mtd_ai,200,0.005042835105986355,0.436046511627907,6756.503832755141,0.25,150,5,0.15088888888888888,0.047160510767501385,0.20694337266307508,0.0,0.4940173290934939,0.0,0.0
mtd_ai,200,0.005082536633471875,0.3,2779.4970148372236,0.05,150,5,0.12666666666666668,0.1236548107044793,0.5442750001246347,0.0,0.4648445745815904,0.0,0.0
mtd_ai,200,0.005082536633471875,0.36585365853658536,3645.988693818817,0.1,150,5,0.12666666666666668,0.1236548107044793,0.5442750001246347,0.0,0.4648445745815904,0.0,0.0
mtd_ai,200,0.005082536633471875,0.4326923076923077,4404.251779429585,0.15,150,5,0.12666666666666668,0.1236548107044793,0.5442750001246347,0.0,0.4648445745815904,0.0,0.0
mtd_ai,200,0.005082536633471875,0.4411764705882353,5209.0511260217645,0.2,150,5,0.12666666666666668,0.1236548107044793,0.5442750001246347,0.0,0.4648445745815904,0.0,0.0
mtd_ai,200,0.005082536633471875,0.4934210526315789,5575.656831286785,0.25,150,5,0.12666666666666668,0.1236548107044793,0.5442750001246347,0.0,0.4648445745815904,0.0,0.0
mtd_ai,200,0.005058293269301536,0.2777777777777778,3320.0421979779408,0.05,150,5,0.2727272727272727,0.15831848598053522,0.6246104362867236,0.0,0.5114500357475531,0.0,0.0
mtd_ai,200,0.005058293269301536,0.3488372093023256,4735.582901676224,0.1,150,5,0.2727272727272727,0.15831848598053522,0.6246104362867236,0.0,0.5114500357475531,0.0,0.0
mtd_ai,200,0.005058293269301536,0.4166666666666667,5214.790150102957,0.15,150,5,0.2727272727272727,0.15831848598053522,0.6246104362867236,0.0,0.5114500357475531,0.0,0.0
mtd_ai,200,0.005058293269301536,0.46153846153846156,6000.379958120816,0.2,150,5,0.2727272727272727,0.15831848598053522,0.6246104362867236,0.0,0.5114500357475531,0.0,0.0
mtd_ai,200,0.005058293269301536,0.43103448275862066,7157.362906232448,0.25,150,5,0.2727272727272727,0.15831848598053522,0.6246104362867236,0.0,0.5114500357475531,0.0,0.0
mtd_ai,200,0.005040963162104354,0.3409090909090909,2166.419103733282,0.05,150,5,0.114,0.16723060898020267,0.7384171176884984,0.0,0.4779983259292987,0.0,0.0
mtd_ai,200,0.005040963162104354,0.3,5245.621174198834,0.1,150,5,0.114,0.16723060898020267,0.7384171176884984,0.0,0.4779983259292987,0.0,0.0
mtd_ai,200,0.005040963162104354,0.35714285714285715,5797.027641885834,0.15,150,5,0.114,0.16723060898020267,0.7384171176884984,0.0,0.4779983259292987,0.0,0.0
mtd_ai,200,0.005040963162104354,0.37037037037037035,6732.644147963798,0.2,150,5,0.114,0.16723060898020267,0.7384171176884984,0.0,0.4779983259292987,0.0,0.0
mtd_ai,200,0.005040963162104354,0.41208791208791207,7220.0197260990735,0.25,150,5,0.114,0.16723060898020267,0.7384171176884984,0.0,0.4779983259292987,0.0,0.0
mtd_ai,200,0.005092484889496881,0.35714285714285715,2065.332989874306,0.05,150,5,0.2,0.07298908134172438,0.3168893882766185,0.0,0.4766160529460041,0.0,0.0
mtd_ai,200,0.005092484889496881,0.40540540540540543,3154.629154940866,0.1,150,5,0.2,0.07298908134172438,0.3168893882766185,0.0,0.4766160529460041,0.0,0.0
mtd_ai,200,0.005092484889496881,0.4411764705882353,3968.0038090883518,0.15,150,5,0.2,0.07298908134172438,0.3168893882766185,0.0,0.4766160529460041,0.0,0.0
mtd_ai,200,0.005092484889496881,0.46875,4639.232610151934,0.2,150,5,0.2,0.07298908134172438,0.3168893882766185,0.0,0.4766160529460041,0.0,0.0
mtd_ai,200,0.005092484889496881,0.5136986301369864,4990.522565006375,0.25,150,5,0.2,0.07298908134172438,0.3168893882766185,0.0,0.4766160529460041,0.0,0.0
mtd_ai,200,0.005056812485215671,0.3,2939.6760103257748,0.05,150,5,0.1586666666666667,0.7785380690959032,2.9661322515061266,0.0,0.5132635765692904,0.0,0.0
mtd_ai,200,0.005056812485215671,0.28846153846153844,4648.973250696529,0.1,150,5,0.1586666666666667,0.7785380690959032,2.9661322515061266,0.0,0.5132635765692904,0.0,0.0
mtd_ai,200,0.005056812485215671,0.3515625,5269.759246890739,0.15,150,5,0.1586666666666667,0.7785380690959032,2.9661322515061266,0.0,0.5132635765692904,0.0,0.0
mtd_ai,200,0.005056812485215671,0.36585365853658536,6115.911812887808,0.2,150,5,0.1586666666666667,0.7785380690959032,2.9661322515061266,0.0,0.5132635765692904,0.0,0.0
mtd_ai,200,0.005056812485215671,0.3865979381443299,6824.497860669769,0.25,150,5,0.1586666666666667,0.7785380690959032,2.9661322515061266,0.0,0.5132635765692904,0.0,0.0
mtd_ai,200,0.005041511482066311,0.22058823529411764,2141.990892176039,0.05,150,5,0.12133333333333333,0.4131543204963494,0.8285468993631792,0.0,0.5043428222499605,0.0,0.0
mtd_ai,200,0.005041511482066311,0.3125,2986.639822198134,0.1,150,5,0.12133333333333333,0.4131543204963494,0.8285468993631792,0.0,0.5043428222499605,0.0,0.0
mtd_ai,200,0.005041511482066311,0.34615384615384615,4522.029057498346,0.15,150,5,0.12133333333333333,0.4131543204963494,0.8285468993631792,0.0,0.5043428222499605,0.0,0.0
mtd_ai,200,0.005041511482066311,0.39473684210526316,5084.525493982767,0.2,150,5,0.12133333333333333,0.4131543204963494,0.8285468993631792,0.0,0.5043428222499605,0.0,0.0
mtd_ai,200,0.005041511482066311,0.4032258064516129,5984.685763583138,0.25,150,5,0.12133333333333333,0.4131543204963494,0.8285468993631792,0.0,0.5043428222499605,0.0,0.0
mtd_ai,200,0.005051283454611418,0.28846153846153844,2211.762356237903,0.05,150,5,0.1511111111111111,2.157937439069423,5.642549818929853,0.0,0.505261730628535,0.0,0.0
mtd_ai,200,0.005051283454611418,0.35714285714285715,3256.2678824944687,0.1,150,5,0.1511111111111111,2.157937439069423,5.642549818929853,0.0,0.505261730628535,0.0,0.0
mtd_ai,200,0.005051283454611418,0.4090909090909091,3995.937405284316,0.15,150,5,0.1511111111111111,2.157937439069423,5.642549818929853,0.0,0.505261730628535,0.0,0.0
mtd_ai,200,0.005051283454611418,0.44776119402985076,4959.776529665685,0.2,150,5,0.1511111111111111,2.157937439069423,5.642549818929853,0.0,0.505261730628535,0.0,0.0
mtd_ai,200,0.005051283454611418,0.4807692307692308,5432.17442337442,0.25,150,5,0.1511111111111111,2.157937439069423,5.642549818929853,0.0,0.505261730628535,0.0,0.0
mtd_ai,200,0.0050688181490269645,0.3,2847.5950486605325,0.05,150,5,0.1875,3.461759142443298,5.3495815785420655,0.0,0.45009863766282954,0.0,0.0
mtd_ai,200,0.0050688181490269645,0.375,4163.560735420329,0.1,150,5,0.1875,3.461759142443298,5.3495815785420655,0.0,0.45009863766282954,0.0,0.0
mtd_ai,200,0.0050688181490269645,0.4090909090909091,5060.102829566829,0.15,150,5,0.1875,3.461759142443298,5.3495815785420655,0.0,0.45009863766282954,0.0,0.0
mtd_ai,200,0.0050688181490269645,0.45454545454545453,5736.298272503469,0.2,150,5,0.1875,3.461759142443298,5.3495815785420655,0.0,0.45009863766282954,0.0,0.0
mtd_ai,200,0.0050688181490269645,0.487012987012987,6201.853481240745,0.25,150,5,0.1875,3.461759142443298,5.3495815785420655,0.0,0.45009863766282954,0.0,0.0
mtd_ai,200,0.005046245891314734,0.2777777777777778,2367.8893224509657,0.05,150,5,0.12833333333333333,1.330749698888731,3.1052875555609316,0.0,0.5162344039213252,0.0,0.0
mtd_ai,200,0.005046245891314734,0.35714285714285715,3576.697341179204,0.1,150,5,0.12833333333333333,1.330749698888731,3.1052875555609316,0.0,0.5162344039213252,0.0,0.0
mtd_ai,200,0.005046245891314734,0.4090909090909091,4516.681938576895,0.15,150,5,0.12833333333333333,1.330749698888731,3.1052875555609316,0.0,0.5162344039213252,0.0,0.0
mtd_ai,200,0.005046245891314734,0.43478260869565216,5287.397600814133,0.2,150,5,0.12833333333333333,1.330749698888731,3.1052875555609316,0.0,0.5162344039213252,0.0,0.0
mtd_ai,200,0.005046245891314734,0.4573170731707317,6196.097011185671,0.25,150,5,0.12833333333333333,1.330749698888731,3.1052875555609316,0.0,0.5162344039213252,0.0,0.0
mtd_ai,200,0.005052156659064043,0.234375,2814.3326706680955,0.05,150,5,0.15833333333333333,0.1992473711537084,0.7978715330991945,0.0,0.5056279872144227,0.0,0.0
mtd_ai,200,0.005052156659064043,0.2777777777777778,5089.213566209126,0.1,150,5,0.15833333333333333,0.1992473711537084,0.7978715330991945,0.0,0.5056279872144227,0.0,0.0
mtd_ai,200,0.005052156659064043,0.34615384615384615,5992.127891906621,0.15,150,5,0.15833333333333333,0.1992473711537084,0.7978715330991945,0.0,0.5056279872144227,0.0,0.0
mtd_ai,200,0.005052156659064043,0.379746835443038,6811.542036177206,0.2,150,5,0.15833333333333333,0.1992473711537084,0.7978715330991945,0.0,0.5056279872144227,0.0,0.0
mtd_ai,200,0.005052156659064043,0.4166666666666667,7432.263933552923,0.25,150,5,0.15833333333333333,0.1992473711537084,0.7978715330991945,0.0,0.5056279872144227,0.0,0.0
mtd_ai,200,0.0050474578658991735,0.32608695652173914,2181.513251260375,0.05,150,5,0.16142857142857145,0.21123878181740252,0.9434386735816369,0.0,0.4708003847050004,0.0,0.0
mtd_ai,200,0.0050474578658991735,0.38461538461538464,3827.724170096536,0.1,150,5,0.16142857142857145,0.21123878181740252,0.9434386735816369,0.0,0.4708003847050004,0.0,0.0
mtd_ai,200,0.0050474578658991735,0.375,6328.799893739253,0.15,150,5,0.16142857142857145,0.21123878181740252,0.9434386735816369,0.0,0.4708003847050004,0.0,0.0
mtd_ai,200,0.0050474578658991735,0.410958904109589,7175.888870867605,0.2,150,5,0.16142857142857145,0.21123878181740252,0.9434386735816369,0.0,0.4708003847050004,0.0,0.0
mtd_ai,200,0.0050474578658991735,0.45180722891566266,7642.912786860206,0.25,150,5,0.16142857142857145,0.21123878181740252,0.9434386735816369,0.0,0.4708003847050004,0.0,0.0
mtd_ai,200,0.005049524462171839,0.17857142857142858,4523.53949734164,0.05,150,5,0.14611111111111114,0.8444827818542407,3.708404778476245,0.0,0.4668422834097731,0.0,0.0
mtd_ai,200,0.005049524462171839,0.24193548387096775,5878.240753365167,0.1,150,5,0.14611111111111114,0.8444827818542407,3.708404778476245,0.0,0.4668422834097731,0.0,0.0
mtd_ai,200,0.005049524462171839,0.29605263157894735,6699.818412369546,0.15,150,5,0.14611111111111114,0.8444827818542407,3.708404778476245,0.0,0.4668422834097731,0.0,0.0
mtd_ai,200,0.005049524462171839,0.32608695652173914,7391.3614086288,0.2,150,5,0.14611111111111114,0.8444827818542407,3.708404778476245,0.0,0.4668422834097731,0.0,0.0
mtd_ai,200,0.005049524462171839,0.35046728971962615,8024.002790547975,0.25,150,5,0.14611111111111114,0.8444827818542407,3.708404778476245,0.0,0.4668422834097731,0.0,0.0
mtd_ai,200,0.005046978083282418,0.24193548387096775,3009.0978962389067,0.05,150,5,0.11666666666666667,0.08281066015107873,0.22350454868088598,0.0,0.49807183811778555,0.0,0.0
mtd_ai,200,0.005046978083282418,0.3333333333333333,4030.6433612618903,0.1,150,5,0.11666666666666667,0.08281066015107873,0.22350454868088598,0.0,0.49807183811778555,0.0,0.0
mtd_ai,200,0.005046978083282418,0.39473684210526316,4764.264638497102,0.15,150,5,0.11666666666666667,0.08281066015107873,0.22350454868088598,0.0,0.49807183811778555,0.0,0.0
mtd_ai,200,0.005046978083282418,0.42857142857142855,5693.842031520352,0.2,150,5,0.11666666666666667,0.08281066015107873,0.22350454868088598,0.0,0.49807183811778555,0.0,0.0
mtd_ai,200,0.005046978083282418,0.47468354430379744,6062.798189473987,0.25,150,5,0.11666666666666667,0.08281066015107873,0.22350454868088598,0.0,0.49807183811778555,0.0,0.0
mtd_ai,200,0.005043993451573917,0.28846153846153844,2514.405082950304,0.05,150,5,0.2857142857142857,7.6444268105770545,3.7488004533010097,0.0,0.47184843258395115,0.0,0.0
mtd_ai,200,0.005043993451573917,0.3409090909090909,4299.31319455875,0.1,150,5,0.2857142857142857,7.6444268105770545,3.7488004533010097,0.0,0.47184843258395115,0.0,0.0
mtd_ai,200,0.005043993451573917,0.4090909090909091,4793.9758054229715,0.15,150,5,0.2857142857142857,7.6444268105770545,3.7488004533010097,0.0,0.47184843258395115,0.0,0.0
mtd_ai,200,0.005043993451573917,0.45454545454545453,5606.933303123395,0.2,150,5,0.2857142857142857,7.6444268105770545,3.7488004533010097,0.0,0.47184843258395115,0.0,0.0
mtd_ai,200,0.005043993451573917,0.46875,6434.47663779425,0.25,150,5,0.2857142857142857,7.6444268105770545,3.7488004533010097,0.0,0.47184843258395115,0.0,0.0
mtd_ai,200,0.005067678431238389,0.28846153846153844,2167.7337024387834,0.05,150,5,0.13688888888888887,1.9879979816811053,3.2122094996957067,0.0,0.4481797701018749,0.0,0.0
mtd_ai,200,0.005067678431238389,0.32608695652173914,4394.961134671872,0.1,150,5,0.13688888888888887,1.9879979816811053,3.2122094996957067,0.0,0.4481797701018749,0.0,0.0
mtd_ai,200,0.005067678431238389,0.36885245901639346,5114.785368403918,0.15,150,5,0.13688888888888887,1.9879979816811053,3.2122094996957067,0.0,0.4481797701018749,0.0,0.0
mtd_ai,200,0.005067678431238389,0.39473684210526316,6136.390022541519,0.2,150,5,0.13688888888888887,1.9879979816811053,3.2122094996957067,0.0,0.4481797701018749,0.0,0.0
mtd_ai,200,0.005067678431238389,0.4411764705882353,6493.02464023923,0.25,150,5,0.13688888888888887,1.9879979816811053,3.2122094996957067,0.0,0.4481797701018749,0.0,0.0
mtd_ai,200,0.005079051271456629,0.25862068965517243,2881.5704230227575,0.05,150,5,0.15166666666666667,0.5760557006129322,2.5810192780226573,0.0,0.4828665493449712,0.0,0.0
mtd_ai,200,0.005079051271456629,0.3125,4166.168469690998,0.1,150,5,0.15166666666666667,0.5760557006129322,2.5810192780226573,0.0,0.4828665493449712,0.0,0.0
mtd_ai,200,0.005079051271456629,0.36885245901639346,4874.65791709127,0.15,150,5,0.15166666666666667,0.5760557006129322,2.5810192780226573,0.0,0.4828665493449712,0.0,0.0
mtd_ai,200,0.005079051271456629,0.40540540540540543,5547.884230691331,0.2,150,5,0.15166666666666667,0.5760557006129322,2.5810192780226573,0.0,0.4828665493449712,0.0,0.0
mtd_ai,200,0.005079051271456629,0.4573170731707317,5824.675655265013,0.25,150,5,0.15166666666666667,0.5760557006129322,2.5810192780226573,0.0,0.4828665493449712,0.0,0.0
mtd_ai,200,0.005039994449487302,0.28846153846153844,2220.593355056453,0.05,150,5,0.15333333333333332,1.2008538849892127,4.638368218867549,0.0,0.544013090925297,0.0,0.0
mtd_ai,200,0.005039994449487302,0.29411764705882354,4099.4520260757645,0.1,150,5,0.15333333333333332,1.2008538849892127,4.638368218867549,0.0,0.544013090925297,0.0,0.0
mtd_ai,200,0.005039994449487302,0.33088235294117646,5383.858211932542,0.15,150,5,0.15333333333333332,1.2008538849892127,4.638368218867549,0.0,0.544013090925297,0.0,0.0
mtd_ai,200,0.005039994449487302,0.35714285714285715,6240.740337236482,0.2,150,5,0.15333333333333332,1.2008538849892127,4.638368218867549,0.0,0.544013090925297,0.0,0.0
mtd_ai,200,0.005039994449487302,0.3712871287128713,6879.123264693615,0.25,150,5,0.15333333333333332,1.2008538849892127,4.638368218867549,0.0,0.544013090925297,0.0,0.0
mtd_ai,200,0.005063621457408119,0.4166666666666667,1819.087925711082,0.05,150,5,0.1411111111111111,0.6748726961643822,2.711783224144273,0.0,0.5007302439289681,0.0,0.0
mtd_ai,200,0.005063621457408119,0.5,2654.3163588463567,0.1,150,5,0.1411111111111111,0.6748726961643822,2.711783224144273,0.0,0.5007302439289681,0.0,0.0
mtd_ai,200,0.005063621457408119,0.5625,3386.7035462514755,0.15,150,5,0.1411111111111111,0.6748726961643822,2.711783224144273,0.0,0.5007302439289681,0.0,0.0
mtd_ai,200,0.005063621457408119,0.5769230769230769,4091.4975068600365,0.2,150,5,0.1411111111111111,0.6748726961643822,2.711783224144273,0.0,0.5007302439289681,0.0,0.0
mtd_ai,200,0.005063621457408119,0.6147540983606558,4585.70165922661,0.25,150,5,0.1411111111111111,0.6748726961643822,2.711783224144273,0.0,0.5007302439289681,0.0,0.0
mtd_ai,200,0.0050347140618542145,0.32608695652173914,1868.7471685211842,0.05,150,5,0.15311111111111111,1.6441039988915973,3.250513916228706,0.0,0.4707486126343653,0.0,0.0
mtd_ai,200,0.0050347140618542145,0.38461538461538464,2938.511357238867,0.1,150,5,0.15311111111111111,1.6441039988915973,3.250513916228706,0.0,0.4707486126343653,0.0,0.0
mtd_ai,200,0.0050347140618542145,0.4166666666666667,4035.0246834418185,0.15,150,5,0.15311111111111111,1.6441039988915973,3.250513916228706,0.0,0.4707486126343653,0.0,0.0
mtd_ai,200,0.0050347140618542145,0.3614457831325301,5712.712700588545,0.2,150,5,0.15311111111111111,1.6441039988915973,3.250513916228706,0.0,0.4707486126343653,0.0,0.0
mtd_ai,200,0.0050347140618542145,0.3409090909090909,6835.064443265638,0.25,150,5,0.15311111111111111,1.6441039988915973,3.250513916228706,0.0,0.4707486126343653,0.0,0.0
mtd_ai,200,0.005047205833838976,0.39473684210526316,1641.4486174503895,0.05,150,5,0.132,2.1063121331926102,1.687676043177356,0.0,0.5089210044507222,0.0,0.0
mtd_ai,200,0.005047205833838976,0.46875,2687.9617162210016,0.1,150,5,0.132,2.1063121331926102,1.687676043177356,0.0,0.5089210044507222,0.0,0.0
mtd_ai,200,0.005047205833838976,0.5,3463.3743080457134,0.15,150,5,0.132,2.1063121331926102,1.687676043177356,0.0,0.5089210044507222,0.0,0.0
mtd_ai,200,0.005047205833838976,0.5172413793103449,4515.296830966148,0.2,150,5,0.132,2.1063121331926102,1.687676043177356,0.0,0.5089210044507222,0.0,0.0
mtd_ai,200,0.005047205833838976,0.5136986301369864,5280.380991633285,0.25,150,5,0.132,2.1063121331926102,1.687676043177356,0.0,0.5089210044507222,0.0,0.0
mtd_ai,200,0.005062445730868619,0.4166666666666667,1873.5340825061603,0.05,150,5,0.12400000000000001,1.2287912664590146,1.8269903196690842,0.0,0.5286315576600644,0.0,0.0
mtd_ai,200,0.005062445730868619,0.3409090909090909,3959.2024992314723,0.1,150,5,0.12400000000000001,1.2287912664590146,1.8269903196690842,0.0,0.5286315576600644,0.0,0.0
mtd_ai,200,0.005062445730868619,0.3629032258064516,5257.732595326652,0.15,150,5,0.12400000000000001,1.2287912664590146,1.8269903196690842,0.0,0.5286315576600644,0.0,0.0
mtd_ai,200,0.005062445730868619,0.36585365853658536,6149.295586726414,0.2,150,5,0.12400000000000001,1.2287912664590146,1.8269903196690842,0.0,0.5286315576600644,0.0,0.0
mtd_ai,200,0.005062445730868619,0.42134831460674155,6394.510872208002,0.25,150,5,0.12400000000000001,1.2287912664590146,1.8269903196690842,0.0,0.5286315576600644,0.0,0.0
mtd_ai,200,0.0050290758704295705,0.1875,3488.3614721890767,0.05,150,5,0.1,0.905807850074798,1.1289640629064666,-5.6,0.5145303928501893,0.0,0.0
mtd_ai,200,0.0050290758704295705,0.26785714285714285,4761.577914571855,0.1,150,5,0.1,0.905807850074798,1.1289640629064666,-5.6,0.5145303928501893,0.0,0.0
mtd_ai,200,0.0050290758704295705,0.34615384615384615,5381.641601219564,0.15,150,5,0.1,0.905807850074798,1.1289640629064666,-5.6,0.5145303928501893,0.0,0.0
mtd_ai,200,0.0050290758704295705,0.38461538461538464,6120.567957150017,0.2,150,5,0.1,0.905807850074798,1.1289640629064666,-5.6,0.5145303928501893,0.0,0.0
mtd_ai,200,0.0050290758704295705,0.4076086956521739,7318.113474105725,0.25,150,5,0.1,0.905807850074798,1.1289640629064666,-5.6,0.5145303928501893,0.0,0.0
mtd_ai,200,0.00506769532226566,0.39473684210526316,1767.932103704003,0.05,150,5,0.13666666666666666,2.3665447188991187,5.152068874843528,0.0,0.4790237955361637,0.0,0.0
mtd_ai,200,0.00506769532226566,0.36585365853658536,3809.006497277136,0.1,150,5,0.13666666666666666,2.3665447188991187,5.152068874843528,0.0,0.4790237955361637,0.0,0.0
mtd_ai,200,0.00506769532226566,0.4411764705882353,4367.671276165114,0.15,150,5,0.13666666666666666,2.3665447188991187,5.152068874843528,0.0,0.4790237955361637,0.0,0.0
mtd_ai,200,0.00506769532226566,0.46153846153846156,5124.990271831326,0.2,150,5,0.13666666666666666,2.3665447188991187,5.152068874843528,0.0,0.4790237955361637,0.0,0.0
mtd_ai,200,0.00506769532226566,0.46875,6384.143131627379,0.25,150,5,0.13666666666666666,2.3665447188991187,5.152068874843528,0.0,0.4790237955361637,0.0,0.0
mtd_ai,200,0.005066904173381591,0.3125,2413.3031573130506,0.05,150,5,0.2727272727272727,4.890721931529401,1.9002917799734154,0.0,0.48399268408166835,0.0,0.0
mtd_ai,200,0.005066904173381591,0.375,3570.5683348246835,0.1,150,5,0.2727272727272727,4.890721931529401,1.9002917799734154,0.0,0.48399268408166835,0.0,0.0
mtd_ai,200,0.005066904173381591,0.4166666666666667,4142.246701678127,0.15,150,5,0.2727272727272727,4.890721931529401,1.9002917799734154,0.0,0.48399268408166835,0.0,0.0
mtd_ai,200,0.005066904173381591,0.42857142857142855,5062.168751338209,0.2,150,5,0.2727272727272727,4.890721931529401,1.9002917799734154,0.0,0.48399268408166835,0.0,0.0
mtd_ai,200,0.005066904173381591,0.4411764705882353,5585.808916648632,0.25,150,5,0.2727272727272727,4.890721931529401,1.9002917799734154,0.0,0.48399268408166835,0.0,0.0
mtd_ai,200,0.005055433850352148,0.32608695652173914,1994.745041504491,0.05,150,5,0.12,0.9115539284242948,3.220565454034941,0.0,0.4773357075834491,0.0,0.0
mtd_ai,200,0.005055433850352148,0.36585365853658536,3439.0877513649693,0.1,150,5,0.12,0.9115539284242948,3.220565454034941,0.0,0.4773357075834491,0.0,0.0
mtd_ai,200,0.005055433850352148,0.4090909090909091,4425.176627157219,0.15,150,5,0.12,0.9115539284242948,3.220565454034941,0.0,0.4773357075834491,0.0,0.0
mtd_ai,200,0.005055433850352148,0.46153846153846156,4882.312559774055,0.2,150,5,0.12,0.9115539284242948,3.220565454034941,0.0,0.4773357075834491,0.0,0.0
mtd_ai,200,0.005055433850352148,0.5067567567567568,5519.252984240092,0.25,150,5,0.12,0.9115539284242948,3.220565454034941,0.0,0.4773357075834491,0.0,0.0
mtd_ai,200,0.005062893890414609,0.25,3057.823360114084,0.05,150,5,0.1611111111111111,0.05486627797946643,0.19148349728583078,0.0,0.5184226533690052,0.0,0.0
mtd_ai,200,0.005062893890414609,0.26785714285714285,5075.312771363708,0.1,150,5,0.1611111111111111,0.05486627797946643,0.19148349728583078,0.0,0.5184226533690052,0.0,0.0
mtd_ai,200,0.005062893890414609,0.33088235294117646,5867.395842558979,0.15,150,5,0.1611111111111111,0.05486627797946643,0.19148349728583078,0.0,0.5184226533690052,0.0,0.0
mtd_ai,200,0.005062893890414609,0.35294117647058826,6527.994569876687,0.2,150,5,0.1611111111111111,0.05486627797946643,0.19148349728583078,0.0,0.5184226533690052,0.0,0.0
mtd_ai,200,0.005062893890414609,0.39473684210526316,7005.769717740763,0.25,150,5,0.1611111111111111,0.05486627797946643,0.19148349728583078,0.0,0.5184226533690052,0.0,0.0
mtd_ai,200,0.005054895437626962,0.32608695652173914,1951.3674930378625,0.05,150,5,0.09777777777777778,2.4104688785039436,3.7313125434189325,0.0,0.48417857769242423,0.0,0.0
mtd_ai,200,0.005054895437626962,0.36585365853658536,3457.1959406869164,0.1,150,5,0.09777777777777778,2.4104688785039436,3.7313125434189325,0.0,0.48417857769242423,0.0,0.0
mtd_ai,200,0.005054895437626962,0.4017857142857143,4660.956161118353,0.15,150,5,0.09777777777777778,2.4104688785039436,3.7313125434189325,0.0,0.48417857769242423,0.0,0.0
mtd_ai,200,0.005054895437626962,0.38461538461538464,6068.581730843153,0.2,150,5,0.09777777777777778,2.4104688785039436,3.7313125434189325,0.0,0.48417857769242423,0.0,0.0
mtd_ai,200,0.005054895437626962,0.41208791208791207,7226.837422266865,0.25,150,5,0.09777777777777778,2.4104688785039436,3.7313125434189325,0.0,0.48417857769242423,0.0,0.0
mtd_ai,200,0.005049911806555842,0.24193548387096775,3996.104111963557,0.05,150,5,0.12666666666666668,0.513692296689622,1.9157283727640004,0.0,0.48645526829849334,0.0,0.0
mtd_ai,200,0.005049911806555842,0.26785714285714285,6406.11653381386,0.1,150,5,0.12666666666666668,0.513692296689622,1.9157283727640004,0.0,0.48645526829849334,0.0,0.0
mtd_ai,200,0.005049911806555842,0.3082191780821918,7123.141891761072,0.15,150,5,0.12666666666666668,0.513692296689622,1.9157283727640004,0.0,0.48645526829849334,0.0,0.0
mtd_ai,200,0.005049911806555842,0.35714285714285715,7799.094967415811,0.2,150,5,0.12666666666666668,0.513692296689622,1.9157283727640004,0.0,0.48645526829849334,0.0,0.0
mtd_ai,200,0.005049911806555842,0.4076086956521739,8207.81710157985,0.25,150,5,0.12666666666666668,0.513692296689622,1.9157283727640004,0.0,0.48645526829849334,0.0,0.0
mtd_ai,200,0.005040722631852932,0.39473684210526316,1898.3933773068666,0.05,150,5,0.13333333333333333,0.7627078081655578,3.353042318833375,0.0,0.5055431772223878,0.0,0.0
mtd_ai,200,0.005040722631852932,0.5,2539.290107323667,0.1,150,5,0.13333333333333333,0.7627078081655578,3.353042318833375,0.0,0.5055431772223878,0.0,0.0
mtd_ai,200,0.005040722631852932,0.4326923076923077,4574.488619384741,0.15,150,5,0.13333333333333333,0.7627078081655578,3.353042318833375,0.0,0.5055431772223878,0.0,0.0
mtd_ai,200,0.005040722631852932,0.45454545454545453,5498.947742852946,0.2,150,5,0.13333333333333333,0.7627078081655578,3.353042318833375,0.0,0.5055431772223878,0.0,0.0
mtd_ai,200,0.005040722631852932,0.4934210526315789,5980.834372263982,0.25,150,5,0.13333333333333333,0.7627078081655578,3.353042318833375,0.0,0.5055431772223878,0.0,0.0
mtd_ai,200,0.005079600655954468,0.4166666666666667,1720.476729777929,0.05,150,5,0.11,1.2976079914628138,2.8084519315336522,0.0,0.5202868456108152,0.0,0.0
mtd_ai,200,0.005079600655954468,0.42857142857142855,2719.7168120728047,0.1,150,5,0.11,1.2976079914628138,2.8084519315336522,0.0,0.5202868456108152,0.0,0.0
mtd_ai,200,0.005079600655954468,0.45,3832.4537290469816,0.15,150,5,0.11,1.2976079914628138,2.8084519315336522,0.0,0.5202868456108152,0.0,0.0
mtd_ai,200,0.005079600655954468,0.46875,4561.620636961701,0.2,150,5,0.11,1.2976079914628138,2.8084519315336522,0.0,0.5202868456108152,0.0,0.0
mtd_ai,200,0.005079600655954468,0.46296296296296297,5314.569560856011,0.25,150,5,0.11,1.2976079914628138,2.8084519315336522,0.0,0.5202868456108152,0.0,0.0
mtd_ai,200,0.005046657077208627,0.3409090909090909,2155.8435167246625,0.05,150,5,0.11666666666666667,0.09323561797896537,0.3648584153000044,0.0,0.4867891745139817,0.0,0.0
mtd_ai,200,0.005046657077208627,0.38461538461538464,3504.0823250109297,0.1,150,5,0.11666666666666667,0.09323561797896537,0.3648584153000044,0.0,0.4867891745139817,0.0,0.0
mtd_ai,200,0.005046657077208627,0.4090909090909091,4483.612744845651,0.15,150,5,0.11666666666666667,0.09323561797896537,0.3648584153000044,0.0,0.4867891745139817,0.0,0.0
mtd_ai,200,0.005046657077208627,0.46153846153846156,4888.790523335565,0.2,150,5,0.11666666666666667,0.09323561797896537,0.3648584153000044,0.0,0.4867891745139817,0.0,0.0
mtd_ai,200,0.005046657077208627,0.5067567567567568,5385.2004503829585,0.25,150,5,0.11666666666666667,0.09323561797896537,0.3648584153000044,0.0,0.4867891745139817,0.0,0.0
mtd_ai,200,0.005041015206712328,0.39473684210526316,1831.1926706878025,0.05,150,5,0.15,0.6478929550660096,1.2301384917336526,0.0,0.49086777357490746,0.0,0.0
mtd_ai,200,0.005041015206712328,0.32608695652173914,4484.702374842069,0.1,150,5,0.15,0.6478929550660096,1.2301384917336526,0.0,0.49086777357490746,0.0,0.0
mtd_ai,200,0.005041015206712328,0.375,5661.689379670472,0.15,150,5,0.15,0.6478929550660096,1.2301384917336526,0.0,0.49086777357490746,0.0,0.0
mtd_ai,200,0.005041015206712328,0.4225352112676056,6043.520199188879,0.2,150,5,0.15,0.6478929550660096,1.2301384917336526,0.0,0.49086777357490746,0.0,0.0
mtd_ai,200,0.005041015206712328,0.45180722891566266,6898.215131292067,0.25,150,5,0.15,0.6478929550660096,1.2301384917336526,0.0,0.49086777357490746,0.0,0.0
mtd_ai,200,0.005091499316382473,0.46875,1452.716802673136,0.05,150,5,0.15066666666666667,0.8410325642005133,2.1751909529849667,0.0,0.4765925606919406,0.0,0.0
mtd_ai,200,0.005091499316382473,0.4838709677419355,2699.7150253252594,0.1,150,5,0.15066666666666667,0.8410325642005133,2.1751909529849667,0.0,0.4765925606919406,0.0,0.0
mtd_ai,200,0.005091499316382473,0.5113636363636364,3732.3039880600572,0.15,150,5,0.15066666666666667,0.8410325642005133,2.1751909529849667,0.0,0.4765925606919406,0.0,0.0
mtd_ai,200,0.005091499316382473,0.5172413793103449,4449.210541847863,0.2,150,5,0.15066666666666667,0.8410325642005133,2.1751909529849667,0.0,0.4765925606919406,0.0,0.0
mtd_ai,200,0.005091499316382473,0.528169014084507,4958.39683922063,0.25,150,5,0.15066666666666667,0.8410325642005133,2.1751909529849667,0.0,0.4765925606919406,0.0,0.0
mtd_ai,200,0.0050504468213702115,0.3409090909090909,2241.3786666233927,0.05,150,5,0.12,0.8067792538882841,3.50146812235032,0.0,0.46256442267841436,0.0,0.0
mtd_ai,200,0.0050504468213702115,0.4411764705882353,3184.5284874085287,0.1,150,5,0.12,0.8067792538882841,3.50146812235032,0.0,0.46256442267841436,0.0,0.0
mtd_ai,200,0.0050504468213702115,0.46875,4223.261195212082,0.15,150,5,0.12,0.8067792538882841,3.50146812235032,0.0,0.46256442267841436,0.0,0.0
mtd_ai,200,0.0050504468213702115,0.5263157894736842,4624.804968847757,0.2,150,5,0.12,0.8067792538882841,3.50146812235032,0.0,0.46256442267841436,0.0,0.0
mtd_ai,200,0.0050504468213702115,0.5597014925373134,5089.1340274961385,0.25,150,5,0.12,0.8067792538882841,3.50146812235032,0.0,0.46256442267841436,0.0,0.0
mtd_ai,200,0.005074489721362782,0.4166666666666667,1601.966744832103,0.05,150,5,0.11555555555555555,0.5248073119841977,1.2788428449102807,0.0,0.5204067177446059,0.0,0.0
mtd_ai,200,0.005074489721362782,0.4838709677419355,2334.9944137892135,0.1,150,5,0.11555555555555555,0.5248073119841977,1.2788428449102807,0.0,0.5204067177446059,0.0,0.0
mtd_ai,200,0.005074489721362782,0.5113636363636364,3545.605579982518,0.15,150,5,0.11555555555555555,0.5248073119841977,1.2788428449102807,0.0,0.5204067177446059,0.0,0.0
mtd_ai,200,0.005074489721362782,0.5172413793103449,4590.655099679452,0.2,150,5,0.11555555555555555,0.5248073119841977,1.2788428449102807,0.0,0.5204067177446059,0.0,0.0
mtd_ai,200,0.005074489721362782,0.528169014084507,5324.799838009783,0.25,150,5,0.11555555555555555,0.5248073119841977,1.2788428449102807,0.0,0.5204067177446059,0.0,0.0
mtd_ai,200,0.0050402503445675624,0.28846153846153844,3018.30419429573,0.05,150,5,0.21428571428571427,5.142295075572577,7.360938750598745,0.0,0.5032843333474369,0.0,0.0
mtd_ai,200,0.0050402503445675624,0.3333333333333333,4392.2001782543975,0.1,150,5,0.21428571428571427,5.142295075572577,7.360938750598745,0.0,0.5032843333474369,0.0,0.0
mtd_ai,200,0.0050402503445675624,0.3409090909090909,5498.065919965073,0.15,150,5,0.21428571428571427,5.142295075572577,7.360938750598745,0.0,0.5032843333474369,0.0,0.0
mtd_ai,200,0.0050402503445675624,0.36585365853658536,6296.009955989613,0.2,150,5,0.21428571428571427,5.142295075572577,7.360938750598745,0.0,0.5032843333474369,0.0,0.0
mtd_ai,200,0.0050402503445675624,0.4032258064516129,6801.463308016282,0.25,150,5,0.21428571428571427,5.142295075572577,7.360938750598745,0.0,0.5032843333474369,0.0,0.0
mtd_ai,200,0.005069639900896616,0.4411764705882353,1938.5367290816444,0.05,150,5,0.11111111111111109,0.6651129404569293,2.8859955217639386,0.0,0.4496383699885268,0.0,0.0
mtd_ai,200,0.005069639900896616,0.45454545454545453,3095.628940082474,0.1,150,5,0.11111111111111109,0.6651129404569293,2.8859955217639386,0.0,0.4496383699885268,0.0,0.0
mtd_ai,200,0.005069639900896616,0.4411764705882353,4305.936894656079,0.15,150,5,0.11111111111111109,0.6651129404569293,2.8859955217639386,0.0,0.4496383699885268,0.0,0.0
mtd_ai,200,0.005069639900896616,0.46153846153846156,5057.350416899547,0.2,150,5,0.11111111111111109,0.6651129404569293,2.8859955217639386,0.0,0.4496383699885268,0.0,0.0
mtd_ai,200,0.005069639900896616,0.46875,5685.762009427629,0.25,150,5,0.11111111111111109,0.6651129404569293,2.8859955217639386,0.0,0.4496383699885268,0.0,0.0
mtd_ai,200,0.005078314308356416,0.32608695652173914,2428.7113776323476,0.05,150,5,0.16044444444444445,2.4782881290597034,6.449078674544522,0.0,0.46729750270261305,0.0,0.0
mtd_ai,200,0.005078314308356416,0.375,3693.9768380000396,0.1,150,5,0.16044444444444445,2.4782881290597034,6.449078674544522,0.0,0.46729750270261305,0.0,0.0
mtd_ai,200,0.005078314308356416,0.3879310344827586,4809.009434360071,0.15,150,5,0.16044444444444445,2.4782881290597034,6.449078674544522,0.0,0.46729750270261305,0.0,0.0
mtd_ai,200,0.005078314308356416,0.4411764705882353,5466.077892488549,0.2,150,5,0.16044444444444445,2.4782881290597034,6.449078674544522,0.0,0.46729750270261305,0.0,0.0
mtd_ai,200,0.005078314308356416,0.47468354430379744,5906.88135436171,0.25,150,5,0.16044444444444445,2.4782881290597034,6.449078674544522,0.0,0.46729750270261305,0.0,0.0
mtd_ai,200,0.00504454632408761,0.3125,2982.159325115894,0.05,150,5,0.25,0.5038773704108789,2.0015800839022635,-4.758620689655173,0.5292576575915007,0.0,0.0
mtd_ai,200,0.00504454632408761,0.39473684210526316,3933.5517090468643,0.1,150,5,0.25,0.5038773704108789,2.0015800839022635,-4.758620689655173,0.5292576575915007,0.0,0.0
mtd_ai,200,0.00504454632408761,0.45,4604.93151445635,0.15,150,5,0.25,0.5038773704108789,2.0015800839022635,-4.758620689655173,0.5292576575915007,0.0,0.0
mtd_ai,200,0.00504454632408761,0.47619047619047616,5135.507551691737,0.2,150,5,0.25,0.5038773704108789,2.0015800839022635,-4.758620689655173,0.5292576575915007,0.0,0.0
mtd_ai,200,0.00504454632408761,0.5067567567567568,5649.8042048007155,0.25,150,5,0.25,0.5038773704108789,2.0015800839022635,-4.758620689655173,0.5292576575915007,0.0,0.0
mtd_ai,200,0.005049160544745722,0.375,1814.8043168292038,0.05,150,5,0.09,1.055561180746697,3.9310223430809828,0.0,0.518373066749691,0.0,0.0
mtd_ai,200,0.005049160544745722,0.375,3199.5322298405217,0.1,150,5,0.09,1.055561180746697,3.9310223430809828,0.0,0.518373066749691,0.0,0.0
mtd_ai,200,0.005049160544745722,0.39473684210526316,4705.225923927008,0.15,150,5,0.09,1.055561180746697,3.9310223430809828,0.0,0.518373066749691,0.0,0.0
mtd_ai,200,0.005049160544745722,0.44776119402985076,5158.981471566445,0.2,150,5,0.09,1.055561180746697,3.9310223430809828,0.0,0.518373066749691,0.0,0.0
mtd_ai,200,0.005049160544745722,0.4934210526315789,5514.632670758261,0.25,150,5,0.09,1.055561180746697,3.9310223430809828,0.0,0.518373066749691,0.0,0.0
mtd_ai,200,0.0050666860583853555,0.26785714285714285,3244.226261699844,0.05,150,5,0.06,0.27524006937330825,0.7638813868575152,0.0,0.5088026484249184,0.0,0.0
mtd_ai,200,0.0050666860583853555,0.35714285714285715,4138.652018869621,0.1,150,5,0.06,0.27524006937330825,0.7638813868575152,0.0,0.5088026484249184,0.0,0.0
mtd_ai,200,0.0050666860583853555,0.42452830188679247,4903.728824918601,0.15,150,5,0.06,0.27524006937330825,0.7638813868575152,0.0,0.5088026484249184,0.0,0.0
mtd_ai,200,0.0050666860583853555,0.46875,5522.526549964927,0.2,150,5,0.06,0.27524006937330825,0.7638813868575152,0.0,0.5088026484249184,0.0,0.0
mtd_ai,200,0.0050666860583853555,0.5,5985.608014901531,0.25,150,5,0.06,0.27524006937330825,0.7638813868575152,0.0,0.5088026484249184,0.0,0.0
mtd_ai,200,0.005067596597323935,0.32608695652173914,2066.283390531584,0.05,150,5,0.14900000000000002,0.3350704634699828,0.4770500834649271,0.0,0.47568646639012707,0.0,0.0
mtd_ai,200,0.005067596597323935,0.40540540540540543,2640.321409661102,0.1,150,5,0.14900000000000002,0.3350704634699828,0.4770500834649271,0.0,0.47568646639012707,0.0,0.0
mtd_ai,200,0.005067596597323935,0.45,3760.2358819731944,0.15,150,5,0.14900000000000002,0.3350704634699828,0.4770500834649271,0.0,0.47568646639012707,0.0,0.0
mtd_ai,200,0.005067596597323935,0.44776119402985076,5129.78483141952,0.2,150,5,0.14900000000000002,0.3350704634699828,0.4770500834649271,0.0,0.47568646639012707,0.0,0.0
mtd_ai,200,0.005067596597323935,0.47468354430379744,5673.3577392078305,0.25,150,5,0.14900000000000002,0.3350704634699828,0.4770500834649271,0.0,0.47568646639012707,0.0,0.0
mtd_ai,200,0.005058883658373624,0.32608695652173914,2992.2495082758387,0.05,150,5,0.1322222222222222,0.4645147259318195,0.8095969842976757,0.0,0.44228516976710425,0.0,0.0
mtd_ai,200,0.005058883658373624,0.3333333333333333,5327.66615736017,0.1,150,5,0.1322222222222222,0.4645147259318195,0.8095969842976757,0.0,0.44228516976710425,0.0,0.0
mtd_ai,200,0.005058883658373624,0.3515625,6602.315236881193,0.15,150,5,0.1322222222222222,0.4645147259318195,0.8095969842976757,0.0,0.44228516976710425,0.0,0.0
mtd_ai,200,0.005058883658373624,0.39473684210526316,7063.230464655771,0.2,150,5,0.1322222222222222,0.4645147259318195,0.8095969842976757,0.0,0.44228516976710425,0.0,0.0
mtd_ai,200,0.005058883658373624,0.436046511627907,7519.317854172885,0.25,150,5,0.1322222222222222,0.4645147259318195,0.8095969842976757,0.0,0.44228516976710425,0.0,0.0
mtd_ai,200,0.005073280087409381,0.4411764705882353,1268.6800190053748,0.05,150,5,0.13866666666666666,0.20415390389359955,0.8141684440164771,0.0,0.46339312240739766,0.0,0.0
mtd_ai,200,0.005073280087409381,0.4838709677419355,2489.510110304158,0.1,150,5,0.13866666666666666,0.20415390389359955,0.8141684440164771,0.0,0.46339312240739766,0.0,0.0
mtd_ai,200,0.005073280087409381,0.5,3917.5506291439237,0.15,150,5,0.13866666666666666,0.20415390389359955,0.8141684440164771,0.0,0.46339312240739766,0.0,0.0
mtd_ai,200,0.005073280087409381,0.5084745762711864,5019.832972165084,0.2,150,5,0.13866666666666666,0.20415390389359955,0.8141684440164771,0.0,0.46339312240739766,0.0,0.0
mtd_ai,200,0.005073280087409381,0.5357142857142857,5753.35244141739,0.25,150,5,0.13866666666666666,0.20415390389359955,0.8141684440164771,0.0,0.46339312240739766,0.0,0.0
mtd_ai,200,0.005050436191349164,0.2777777777777778,2690.8188703276637,0.05,150,5,0.11955555555555555,0.16866270277144765,0.07628517754582785,0.0,0.4884749238685926,0.0,0.0
mtd_ai,200,0.005050436191349164,0.39473684210526316,3423.4113546554763,0.1,150,5,0.11955555555555555,0.16866270277144765,0.07628517754582785,0.0,0.4884749238685926,0.0,0.0
mtd_ai,200,0.005050436191349164,0.3813559322033898,5274.198563028793,0.15,150,5,0.11955555555555555,0.16866270277144765,0.07628517754582785,0.0,0.4884749238685926,0.0,0.0
mtd_ai,200,0.005050436191349164,0.4225352112676056,5770.018954283307,0.2,150,5,0.11955555555555555,0.16866270277144765,0.07628517754582785,0.0,0.4884749238685926,0.0,0.0
mtd_ai,200,0.005050436191349164,0.46875,6076.982671868283,0.25,150,5,0.11955555555555555,0.16866270277144765,0.07628517754582785,0.0,0.4884749238685926,0.0,0.0
mtd_ai,200,0.005062714337721492,0.4411764705882353,1326.4461979171017,0.05,150,5,0.17666666666666667,0.08842723093675067,0.3072399830329932,0.0,0.4802205485236665,0.0,0.0
mtd_ai,200,0.005062714337721492,0.375,3125.321458511165,0.1,150,5,0.17666666666666667,0.08842723093675067,0.3072399830329932,0.0,0.4802205485236665,0.0,0.0
mtd_ai,200,0.005062714337721492,0.45918367346938777,3703.321500539173,0.15,150,5,0.17666666666666667,0.08842723093675067,0.3072399830329932,0.0,0.4802205485236665,0.0,0.0
mtd_ai,200,0.005062714337721492,0.5084745762711864,4284.284773025569,0.2,150,5,0.17666666666666667,0.08842723093675067,0.3072399830329932,0.0,0.4802205485236665,0.0,0.0
mtd_ai,200,0.005062714337721492,0.5434782608695652,4664.388592964233,0.25,150,5,0.17666666666666667,0.08842723093675067,0.3072399830329932,0.0,0.4802205485236665,0.0,0.0
mtd_ai,200,0.00506918649612885,0.46875,1303.5116002444183,0.05,150,5,0.12733333333333335,0.42960166719674353,1.357693304306494,0.0,0.5110197692248939,0.0,0.0
mtd_ai,200,0.00506918649612885,0.40540540540540543,2999.538297855637,0.1,150,5,0.12733333333333335,0.42960166719674353,1.357693304306494,0.0,0.5110197692248939,0.0,0.0
mtd_ai,200,0.00506918649612885,0.4411764705882353,4187.203145647189,0.15,150,5,0.12733333333333335,0.42960166719674353,1.357693304306494,0.0,0.5110197692248939,0.0,0.0
mtd_ai,200,0.00506918649612885,0.42857142857142855,5192.597207631214,0.2,150,5,0.12733333333333335,0.42960166719674353,1.357693304306494,0.0,0.5110197692248939,0.0,0.0
mtd_ai,200,0.00506918649612885,0.45180722891566266,6310.549237477662,0.25,150,5,0.12733333333333335,0.42960166719674353,1.357693304306494,0.0,0.5110197692248939,0.0,0.0
mtd_ai,200,0.005063802695563556,0.2777777777777778,2184.9861404715934,0.05,150,5,0.12333333333333334,0.7611116024975728,2.9654034692673474,0.0,0.5368591660138751,0.0,0.0
mtd_ai,200,0.005063802695563556,0.35714285714285715,3084.540821054749,0.1,150,5,0.12333333333333334,0.7611116024975728,2.9654034692673474,0.0,0.5368591660138751,0.0,0.0
mtd_ai,200,0.005063802695563556,0.39473684210526316,4198.728574632474,0.15,150,5,0.12333333333333334,0.7611116024975728,2.9654034692673474,0.0,0.5368591660138751,0.0,0.0
mtd_ai,200,0.005063802695563556,0.4,5515.49569924147,0.2,150,5,0.12333333333333334,0.7611116024975728,2.9654034692673474,0.0,0.5368591660138751,0.0,0.0
mtd_ai,200,0.005063802695563556,0.45180722891566266,5847.403069561405,0.25,150,5,0.12333333333333334,0.7611116024975728,2.9654034692673474,0.0,0.5368591660138751,0.0,0.0
mtd_ai,200,0.005083194415057581,0.375,1888.8157409195244,0.05,150,5,0.15333333333333332,3.1815311696471835,1.7756536617805618,0.0,0.4796797114421911,0.0,0.0
mtd_ai,200,0.005083194415057581,0.4411764705882353,2794.8363181385166,0.1,150,5,0.15333333333333332,3.1815311696471835,1.7756536617805618,0.0,0.4796797114421911,0.0,0.0
mtd_ai,200,0.005083194415057581,0.5,3672.035207699572,0.15,150,5,0.15333333333333332,3.1815311696471835,1.7756536617805618,0.0,0.4796797114421911,0.0,0.0
mtd_ai,200,0.005083194415057581,0.5172413793103449,4550.223774748382,0.2,150,5,0.15333333333333332,3.1815311696471835,1.7756536617805618,0.0,0.4796797114421911,0.0,0.0
mtd_ai,200,0.005083194415057581,0.5434782608695652,5274.284932598677,0.25,150,5,0.15333333333333332,3.1815311696471835,1.7756536617805618,0.0,0.4796797114421911,0.0,0.0
mtd_ai,200,0.00506235742758079,0.3409090909090909,2388.436098725917,0.05,150,5,0.11977777777777779,0.025796287678249104,0.06995085037214033,0.0,0.4830944568868244,0.0,0.0
mtd_ai,200,0.00506235742758079,0.4166666666666667,3487.951275170493,0.1,150,5,0.11977777777777779,0.025796287678249104,0.06995085037214033,0.0,0.4830944568868244,0.0,0.0
mtd_ai,200,0.00506235742758079,0.4411764705882353,4568.063048228632,0.15,150,5,0.11977777777777779,0.025796287678249104,0.06995085037214033,0.0,0.4830944568868244,0.0,0.0
mtd_ai,200,0.00506235742758079,0.45454545454545453,5918.69951206213,0.2,150,5,0.11977777777777779,0.025796287678249104,0.06995085037214033,0.0,0.4830944568868244,0.0,0.0
mtd_ai,200,0.00506235742758079,0.47468354430379744,6397.731368319892,0.25,150,5,0.11977777777777779,0.025796287678249104,0.06995085037214033,0.0,0.4830944568868244,0.0,0.0
mtd_ai,200,0.00505699110290674,0.375,1706.8256470909896,0.05,150,5,0.125,0.9415757567047913,2.9846157043253547,0.0,0.45020747634229114,0.0,0.0
mtd_ai,200,0.00505699110290674,0.5,2293.284169568848,0.1,150,5,0.125,0.9415757567047913,2.9846157043253547,0.0,0.45020747634229114,0.0,0.0
mtd_ai,200,0.00505699110290674,0.46875,4207.495240159572,0.15,150,5,0.125,0.9415757567047913,2.9846157043253547,0.0,0.45020747634229114,0.0,0.0
mtd_ai,200,0.00505699110290674,0.5172413793103449,5054.3087510147725,0.2,150,5,0.125,0.9415757567047913,2.9846157043253547,0.0,0.45020747634229114,0.0,0.0
mtd_ai,200,0.00505699110290674,0.5597014925373134,5305.255758418566,0.25,150,5,0.125,0.9415757567047913,2.9846157043253547,0.0,0.45020747634229114,0.0,0.0
mtd_ai,200,0.005056477505215394,0.20833333333333334,3651.2497401593228,0.05,150,5,0.17222222222222225,0.2017203903714629,0.132597967727338,0.0,0.46274858648788775,0.0,0.0
mtd_ai,200,0.005056477505215394,0.3,4490.2933049422745,0.1,150,5,0.17222222222222225,0.2017203903714629,0.132597967727338,0.0,0.46274858648788775,0.0,0.0
mtd_ai,200,0.005056477505215394,0.3409090909090909,5233.548857767461,0.15,150,5,0.17222222222222225,0.2017203903714629,0.132597967727338,0.0,0.46274858648788775,0.0,0.0
mtd_ai,200,0.005056477505215394,0.28846153846153844,7060.45945126823,0.2,150,5,0.17222222222222225,0.2017203903714629,0.132597967727338,0.0,0.46274858648788775,0.0,0.0
mtd_ai,200,0.005056477505215394,0.3024193548387097,7929.656178299322,0.25,150,5,0.17222222222222225,0.2017203903714629,0.132597967727338,0.0,0.46274858648788775,0.0,0.0
mtd_ai,200,0.005074891603382413,0.4166666666666667,1743.7879549672957,0.05,150,5,0.11911111111111111,0.02767515600833437,0.07075465676392308,0.0,0.4883260968509283,0.0,0.0
mtd_ai,200,0.005074891603382413,0.4166666666666667,2909.4178662497957,0.1,150,5,0.11911111111111111,0.02767515600833437,0.07075465676392308,0.0,0.4883260968509283,0.0,0.0
mtd_ai,200,0.005074891603382413,0.4090909090909091,4719.048187090767,0.15,150,5,0.11911111111111111,0.02767515600833437,0.07075465676392308,0.0,0.4883260968509283,0.0,0.0
mtd_ai,200,0.005074891603382413,0.42857142857142855,5637.3660356806995,0.2,150,5,0.11911111111111111,0.02767515600833437,0.07075465676392308,0.0,0.4883260968509283,0.0,0.0
mtd_ai,200,0.005074891603382413,0.47468354430379744,6126.781920740449,0.25,150,5,0.11911111111111111,0.02767515600833437,0.07075465676392308,0.0,0.4883260968509283,0.0,0.0
mtd_ai,200,0.005054352021391577,0.28846153846153844,2941.043533658347,0.05,150,5,0.09333333333333334,0.1438318207592338,0.4043028246610629,0.0,0.46766041281561316,0.0,0.0
mtd_ai,200,0.005054352021391577,0.32608695652173914,4889.085471165148,0.1,150,5,0.09333333333333334,0.1438318207592338,0.4043028246610629,0.0,0.46766041281561316,0.0,0.0
mtd_ai,200,0.005054352021391577,0.35714285714285715,6472.81266078664,0.15,150,5,0.09333333333333334,0.1438318207592338,0.4043028246610629,0.0,0.46766041281561316,0.0,0.0
mtd_ai,200,0.005054352021391577,0.4,7323.830612300231,0.2,150,5,0.09333333333333334,0.1438318207592338,0.4043028246610629,0.0,0.46766041281561316,0.0,0.0
mtd_ai,200,0.005054352021391577,0.45180722891566266,7644.664159205708,0.25,150,5,0.09333333333333334,0.1438318207592338,0.4043028246610629,0.0,0.46766041281561316,0.0,0.0
mtd_ai,200,0.005038081124580562,0.3409090909090909,2382.049625302748,0.05,150,5,0.09166666666666666,0.16393781695530835,0.6883561817267846,0.0,0.4792924120078225,0.0,0.0
mtd_ai,200,0.005038081124580562,0.38461538461538464,3691.351813924959,0.1,150,5,0.09166666666666666,0.16393781695530835,0.6883561817267846,0.0,0.4792924120078225,0.0,0.0
mtd_ai,200,0.005038081124580562,0.4411764705882353,4500.953878557754,0.15,150,5,0.09166666666666666,0.16393781695530835,0.6883561817267846,0.0,0.4792924120078225,0.0,0.0
mtd_ai,200,0.005038081124580562,0.44776119402985076,5796.095208840191,0.2,150,5,0.09166666666666666,0.16393781695530835,0.6883561817267846,0.0,0.4792924120078225,0.0,0.0
mtd_ai,200,0.005038081124580562,0.4807692307692308,6117.3870972595005,0.25,150,5,0.09166666666666666,0.16393781695530835,0.6883561817267846,0.0,0.4792924120078225,0.0,0.0
mtd_ai,200,0.00506440781877294,0.22727272727272727,3629.410181893797,0.05,150,5,0.14044444444444446,0.27976902671906645,0.47203257820618966,0.0,0.4767576224200813,0.0,0.0
mtd_ai,200,0.00506440781877294,0.30612244897959184,4560.075802640544,0.1,150,5,0.14044444444444446,0.27976902671906645,0.47203257820618966,0.0,0.4767576224200813,0.0,0.0
mtd_ai,200,0.00506440781877294,0.3629032258064516,5224.678011432444,0.15,150,5,0.14044444444444446,0.27976902671906645,0.47203257820618966,0.0,0.4767576224200813,0.0,0.0
mtd_ai,200,0.00506440781877294,0.39473684210526316,5883.794562100804,0.2,150,5,0.14044444444444446,0.27976902671906645,0.47203257820618966,0.0,0.4767576224200813,0.0,0.0
mtd_ai,200,0.00506440781877294,0.4411764705882353,6203.475398523118,0.25,150,5,0.14044444444444446,0.27976902671906645,0.47203257820618966,0.0,0.4767576224200813,0.0,0.0
mtd_ai,200,0.0050308415648245945,0.1875,4823.160994120346,0.05,150,5,0.0,0.06580598528387889,0.2552886804557861,-3.9166666666666665,0.5075585814603746,0.0,0.0
mtd_ai,200,0.0050308415648245945,0.28846153846153844,5346.30361448095,0.1,150,5,0.0,0.06580598528387889,0.2552886804557861,-3.9166666666666665,0.5075585814603746,0.0,0.0
mtd_ai,200,0.0050308415648245945,0.3358208955223881,6446.940030180907,0.15,150,5,0.0,0.06580598528387889,0.2552886804557861,-3.9166666666666665,0.5075585814603746,0.0,0.0
mtd_ai,200,0.0050308415648245945,0.37037037037037035,7300.322003191697,0.2,150,5,0.0,0.06580598528387889,0.2552886804557861,-3.9166666666666665,0.5075585814603746,0.0,0.0
mtd_ai,200,0.0050308415648245945,0.39893617021276595,7969.852761924735,0.25,150,5,0.0,0.06580598528387889,0.2552886804557861,-3.9166666666666665,0.5075585814603746,0.0,0.0
mtd_ai,200,0.005033247893533586,0.1875,5186.427980507608,0.05,150,5,0.11,0.08366683100495985,0.3489706764551571,0.0,0.47689115648409053,0.0,0.0
mtd_ai,200,0.005033247893533586,0.28846153846153844,5878.52371486561,0.1,150,5,0.11,0.08366683100495985,0.3489706764551571,0.0,0.47689115648409053,0.0,0.0
mtd_ai,200,0.005033247893533586,0.36885245901639346,6255.62889375327,0.15,150,5,0.11,0.08366683100495985,0.3489706764551571,0.0,0.47689115648409053,0.0,0.0
mtd_ai,200,0.005033247893533586,0.42857142857142855,6651.762075684521,0.2,150,5,0.11,0.08366683100495985,0.3489706764551571,0.0,0.47689115648409053,0.0,0.0
mtd_ai,200,0.005033247893533586,0.436046511627907,7405.052872029256,0.25,150,5,0.11,0.08366683100495985,0.3489706764551571,0.0,0.47689115648409053,0.0,0.0
mtd_ai,200,0.00507162391479924,0.25,2912.770710710804,0.05,150,5,0.13771428571428573,0.806810173826984,2.701113673563732,0.0,0.4439665285683128,0.0,0.0
mtd_ai,200,0.00507162391479924,0.32608695652173914,3962.6023023621506,0.1,150,5,0.13771428571428573,0.806810173826984,2.701113673563732,0.0,0.4439665285683128,0.0,0.0
mtd_ai,200,0.00507162391479924,0.3879310344827586,4460.809355601879,0.15,150,5,0.13771428571428573,0.806810173826984,2.701113673563732,0.0,0.4439665285683128,0.0,0.0
mtd_ai,200,0.00507162391479924,0.43478260869565216,5176.873755628232,0.2,150,5,0.13771428571428573,0.806810173826984,2.701113673563732,0.0,0.4439665285683128,0.0,0.0
mtd_ai,200,0.00507162391479924,0.47468354430379744,5732.73975920762,0.25,150,5,0.13771428571428573,0.806810173826984,2.701113673563732,0.0,0.4439665285683128,0.0,0.0
mtd_ai,200,0.005042042540714571,0.3,2806.8924986392058,0.05,150,5,0.11555555555555558,0.053877800146956235,0.23629435701306892,0.0,0.4698351422697411,0.0,0.0
mtd_ai,200,0.005042042540714571,0.375,3709.042416254072,0.1,150,5,0.11555555555555558,0.053877800146956235,0.23629435701306892,0.0,0.4698351422697411,0.0,0.0
mtd_ai,200,0.005042042540714571,0.4090909090909091,5302.49821727703,0.15,150,5,0.11555555555555558,0.053877800146956235,0.23629435701306892,0.0,0.4698351422697411,0.0,0.0
mtd_ai,200,0.005042042540714571,0.44776119402985076,5970.212281607652,0.2,150,5,0.11555555555555558,0.053877800146956235,0.23629435701306892,0.0,0.4698351422697411,0.0,0.0
mtd_ai,200,0.005042042540714571,0.4807692307692308,6634.075151750556,0.25,150,5,0.11555555555555558,0.053877800146956235,0.23629435701306892,0.0,0.4698351422697411,0.0,0.0
mtd_ai,200,0.005076378882595193,0.35714285714285715,1899.876617723615,0.05,150,5,0.10409523809523809,0.1292065339664446,0.21900723902577987,0.0,0.47690862145019525,0.0,0.0
mtd_ai,200,0.005076378882595193,0.4411764705882353,2892.658218439343,0.1,150,5,0.10409523809523809,0.1292065339664446,0.21900723902577987,0.0,0.47690862145019525,0.0,0.0
mtd_ai,200,0.005076378882595193,0.5,3593.517746362406,0.15,150,5,0.10409523809523809,0.1292065339664446,0.21900723902577987,0.0,0.47690862145019525,0.0,0.0
mtd_ai,200,0.005076378882595193,0.4838709677419355,4914.339305915846,0.2,150,5,0.10409523809523809,0.1292065339664446,0.21900723902577987,0.0,0.47690862145019525,0.0,0.0
mtd_ai,200,0.005076378882595193,0.5208333333333334,5230.49160710539,0.25,150,5,0.10409523809523809,0.1292065339664446,0.21900723902577987,0.0,0.47690862145019525,0.0,0.0
mtd_ai,200,0.005051555048372556,0.3125,1786.9624078632946,0.05,150,5,0.09333333333333334,1.0432590486749753,4.086812538089695,0.0,0.4863641222587021,0.0,0.0
mtd_ai,200,0.005051555048372556,0.38461538461538464,2653.110748422915,0.1,150,5,0.09333333333333334,1.0432590486749753,4.086812538089695,0.0,0.4863641222587021,0.0,0.0
mtd_ai,200,0.005051555048372556,0.3879310344827586,4505.079917847008,0.15,150,5,0.09333333333333334,1.0432590486749753,4.086812538089695,0.0,0.4863641222587021,0.0,0.0
mtd_ai,200,0.005051555048372556,0.43478260869565216,5053.956582970717,0.2,150,5,0.09333333333333334,1.0432590486749753,4.086812538089695,0.0,0.4863641222587021,0.0,0.0
mtd_ai,200,0.005051555048372556,0.4807692307692308,5490.461865033402,0.25,150,5,0.09333333333333334,1.0432590486749753,4.086812538089695,0.0,0.4863641222587021,0.0,0.0
mtd_ai,200,0.005034053341972841,0.32608695652173914,2356.9893558188746,0.05,150,5,0.1406666666666667,0.44871969465210443,1.3345500071741705,0.0,0.4792878250938147,0.0,0.0
mtd_ai,200,0.005034053341972841,0.32608695652173914,4129.868485789528,0.1,150,5,0.1406666666666667,0.44871969465210443,1.3345500071741705,0.0,0.4792878250938147,0.0,0.0
mtd_ai,200,0.005034053341972841,0.36885245901639346,5731.324461912487,0.15,150,5,0.1406666666666667,0.44871969465210443,1.3345500071741705,0.0,0.4792878250938147,0.0,0.0
mtd_ai,200,0.005034053341972841,0.4,6651.028450739888,0.2,150,5,0.1406666666666667,0.44871969465210443,1.3345500071741705,0.0,0.4792878250938147,0.0,0.0
mtd_ai,200,0.005034053341972841,0.3787878787878788,7708.611131935084,0.25,150,5,0.1406666666666667,0.44871969465210443,1.3345500071741705,0.0,0.4792878250938147,0.0,0.0
mtd_ai,200,0.0050316168028766055,0.2777777777777778,3072.9230295336893,0.05,150,5,0.1,2.4542503658608306,6.0715570437857656,0.0,0.4725143995881974,0.0,0.0
mtd_ai,200,0.0050316168028766055,0.3333333333333333,4341.552462352634,0.1,150,5,0.1,2.4542503658608306,6.0715570437857656,0.0,0.4725143995881974,0.0,0.0
mtd_ai,200,0.0050316168028766055,0.3358208955223881,5614.081929745635,0.15,150,5,0.1,2.4542503658608306,6.0715570437857656,0.0,0.4725143995881974,0.0,0.0
mtd_ai,200,0.0050316168028766055,0.30303030303030304,6924.42106370868,0.2,150,5,0.1,2.4542503658608306,6.0715570437857656,0.0,0.4725143995881974,0.0,0.0
mtd_ai,200,0.0050316168028766055,0.2777777777777778,8384.414995148461,0.25,150,5,0.1,2.4542503658608306,6.0715570437857656,0.0,0.4725143995881974,0.0,0.0
mtd_ai,200,0.005053398707098409,0.35714285714285715,1334.4518429677946,0.05,150,5,0.19805555555555557,0.22619257709433427,0.6996813150239921,0.0,0.4935904789095621,0.0,0.0
mtd_ai,200,0.005053398707098409,0.40540540540540543,2544.2079686566176,0.1,150,5,0.19805555555555557,0.22619257709433427,0.6996813150239921,0.0,0.4935904789095621,0.0,0.0
mtd_ai,200,0.005053398707098409,0.375,4310.208110952686,0.15,150,5,0.19805555555555557,0.22619257709433427,0.6996813150239921,0.0,0.4935904789095621,0.0,0.0
mtd_ai,200,0.005053398707098409,0.410958904109589,5140.083338419364,0.2,150,5,0.19805555555555557,0.22619257709433427,0.6996813150239921,0.0,0.4935904789095621,0.0,0.0
mtd_ai,200,0.005053398707098409,0.33185840707964603,7981.004714823626,0.25,150,5,0.19805555555555557,0.22619257709433427,0.6996813150239921,0.0,0.4935904789095621,0.0,0.0
mtd_ai,200,0.005096920941880849,0.32608695652173914,2373.7219677537105,0.05,150,5,0.14200000000000002,0.6344432859416047,2.525522954222345,0.0,0.49001578112795435,0.0,0.0
mtd_ai,200,0.005096920941880849,0.38461538461538464,3379.6824127744785,0.1,150,5,0.14200000000000002,0.6344432859416047,2.525522954222345,0.0,0.49001578112795435,0.0,0.0
mtd_ai,200,0.005096920941880849,0.46875,3880.676817982797,0.15,150,5,0.14200000000000002,0.6344432859416047,2.525522954222345,0.0,0.49001578112795435,0.0,0.0
mtd_ai,200,0.005096920941880849,0.5084745762711864,4410.093517632565,0.2,150,5,0.14200000000000002,0.6344432859416047,2.525522954222345,0.0,0.49001578112795435,0.0,0.0
mtd_ai,200,0.005096920941880849,0.5434782608695652,4884.168784106087,0.25,150,5,0.14200000000000002,0.6344432859416047,2.525522954222345,0.0,0.49001578112795435,0.0,0.0
mtd_ai,200,0.005037587950198864,0.46875,1199.0767045164707,0.05,150,5,0.12,1.0654475785752031,3.112161540085899,0.0,0.4378311955808884,0.0,0.8076923076923077
mtd_ai,200,0.005037587950198864,0.3488372093023256,4573.635230810564,0.1,150,5,0.12,1.0654475785752031,3.112161540085899,0.0,0.4378311955808884,0.0,0.8076923076923077
mtd_ai,200,0.005037587950198864,0.4166666666666667,4950.3023714479805,0.15,150,5,0.12,1.0654475785752031,3.112161540085899,0.0,0.4378311955808884,0.0,0.8076923076923077
mtd_ai,200,0.005037587950198864,0.43478260869565216,6116.769520126616,0.2,150,5,0.12,1.0654475785752031,3.112161540085899,0.0,0.4378311955808884,0.0,0.8076923076923077
mtd_ai,200,0.005037587950198864,0.47468354430379744,6633.850564972689,0.25,150,5,0.12,1.0654475785752031,3.112161540085899,0.0,0.4378311955808884,0.0,0.8076923076923077
mtd_ai,200,0.005035765200447975,0.25,3162.032581543871,0.05,150,5,0.12666666666666668,0.987995895656848,3.2690964155527604,0.0,0.4742718442256135,0.0,0.6949152542372882
mtd_ai,200,0.005035765200447975,0.3191489361702128,4359.51306470338,0.1,150,5,0.12666666666666668,0.987995895656848,3.2690964155527604,0.0,0.4742718442256135,0.0,0.6949152542372882
mtd_ai,200,0.005035765200447975,0.4017857142857143,4744.753192213448,0.15,150,5,0.12666666666666668,0.987995895656848,3.2690964155527604,0.0,0.4742718442256135,0.0,0.6949152542372882
mtd_ai,200,0.005035765200447975,0.4,5953.367043040686,0.2,150,5,0.12666666666666668,0.987995895656848,3.2690964155527604,0.0,0.4742718442256135,0.0,0.6949152542372882
mtd_ai,200,0.005035765200447975,0.43103448275862066,6411.171579333835,0.25,150,5,0.12666666666666668,0.987995895656848,3.2690964155527604,0.0,0.4742718442256135,0.0,0.6949152542372882
mtd_ai,200,0.005074748029398151,0.32608695652173914,1667.6687698355324,0.05,150,5,0.1955952380952381,0.8706401195626702,3.274369625066909,0.0,0.49766664899038765,0.0,0.7391304347826086
mtd_ai,200,0.005074748029398151,0.38461538461538464,3160.280782519035,0.1,150,5,0.1955952380952381,0.8706401195626702,3.274369625066909,0.0,0.49766664899038765,0.0,0.7391304347826086
mtd_ai,200,0.005074748029398151,0.4411764705882353,3900.8179453774565,0.15,150,5,0.1955952380952381,0.8706401195626702,3.274369625066909,0.0,0.49766664899038765,0.0,0.7391304347826086
mtd_ai,200,0.005074748029398151,0.46153846153846156,4564.395634064339,0.2,150,5,0.1955952380952381,0.8706401195626702,3.274369625066909,0.0,0.49766664899038765,0.0,0.7391304347826086
mtd_ai,200,0.005074748029398151,0.47468354430379744,5355.247851015945,0.25,150,5,0.1955952380952381,0.8706401195626702,3.274369625066909,0.0,0.49766664899038765,0.0,0.7391304347826086
mtd_ai,200,0.005028914352442429,0.24193548387096775,2977.510336023245,0.05,150,5,0.14733333333333334,1.2013789507253048,4.46756108027065,0.0,0.4967350901759833,0.0,0.8245614035087719
mtd_ai,200,0.005028914352442429,0.30612244897959184,4841.934295933221,0.1,150,5,0.14733333333333334,1.2013789507253048,4.46756108027065,0.0,0.4967350901759833,0.0,0.8245614035087719
mtd_ai,200,0.005028914352442429,0.34615384615384615,6089.114414971498,0.15,150,5,0.14733333333333334,1.2013789507253048,4.46756108027065,0.0,0.4967350901759833,0.0,0.8245614035087719
mtd_ai,200,0.005028914352442429,0.38961038961038963,6698.033242292206,0.2,150,5,0.14733333333333334,1.2013789507253048,4.46756108027065,0.0,0.4967350901759833,0.0,0.8245614035087719
mtd_ai,200,0.005028914352442429,0.43103448275862066,7162.892330959523,0.25,150,5,0.14733333333333334,1.2013789507253048,4.46756108027065,0.0,0.4967350901759833,0.0,0.8245614035087719
mtd_ai,200,0.005044183252968872,0.25862068965517243,3085.990474951416,0.05,150,5,0.09792592592592592,2.1982383705370414,5.654105897870951,0.0,0.5128500269103884,0.0,0.7843137254901961
mtd_ai,200,0.005044183252968872,0.3409090909090909,3812.971888752444,0.1,150,5,0.09792592592592592,2.1982383705370414,5.654105897870951,0.0,0.5128500269103884,0.0,0.7843137254901961
mtd_ai,200,0.005044183252968872,0.4090909090909091,4466.203593826849,0.15,150,5,0.09792592592592592,2.1982383705370414,5.654105897870951,0.0,0.5128500269103884,0.0,0.7843137254901961
mtd_ai,200,0.005044183252968872,0.35714285714285715,5687.949383096655,0.2,150,5,0.09792592592592592,2.1982383705370414,5.654105897870951,0.0,0.5128500269103884,0.0,0.7843137254901961
mtd_ai,200,0.005044183252968872,0.3865979381443299,6346.776737482077,0.25,150,5,0.09792592592592592,2.1982383705370414,5.654105897870951,0.0,0.5128500269103884,0.0,0.7843137254901961
mtd_ai,200,0.0050679235426764405,0.39473684210526316,1671.0195400131533,0.05,150,5,0.11933333333333332,0.5351856494114795,2.1305409427636,0.0,0.5115125712313435,0.0,0.9
mtd_ai,200,0.0050679235426764405,0.4166666666666667,3130.1299500366804,0.1,150,5,0.11933333333333332,0.5351856494114795,2.1305409427636,0.0,0.5115125712313435,0.0,0.9
mtd_ai,200,0.0050679235426764405,0.46875,4042.585783371604,0.15,150,5,0.11933333333333332,0.5351856494114795,2.1305409427636,0.0,0.5115125712313435,0.0,0.9
mtd_ai,200,0.0050679235426764405,0.4918032786885246,4911.705980937478,0.2,150,5,0.11933333333333332,0.5351856494114795,2.1305409427636,0.0,0.5115125712313435,0.0,0.9
mtd_ai,200,0.0050679235426764405,0.5136986301369864,5572.75560102125,0.25,150,5,0.11933333333333332,0.5351856494114795,2.1305409427636,0.0,0.5115125712313435,0.0,0.9
mtd_ai,200,0.005068948802947305,0.3125,2966.798478209512,0.05,150,5,0.12644444444444447,0.03555703211071089,0.14433149750611549,0.0,0.4808427811032458,0.0,0.8367346938775511
mtd_ai,200,0.005068948802947305,0.40540540540540543,3677.968584906596,0.1,150,5,0.12644444444444447,0.03555703211071089,0.14433149750611549,0.0,0.4808427811032458,0.0,0.8367346938775511
mtd_ai,200,0.005068948802947305,0.4166666666666667,5162.608051533536,0.15,150,5,0.12644444444444447,0.03555703211071089,0.14433149750611549,0.0,0.4808427811032458,0.0,0.8367346938775511
mtd_ai,200,0.005068948802947305,0.4411764705882353,5693.503691419208,0.2,150,5,0.12644444444444447,0.03555703211071089,0.14433149750611549,0.0,0.4808427811032458,0.0,0.8367346938775511
mtd_ai,200,0.005068948802947305,0.436046511627907,6490.637352518128,0.25,150,5,0.12644444444444447,0.03555703211071089,0.14433149750611549,0.0,0.4808427811032458,0.0,0.8367346938775511
mtd_ai,200,0.005041488573975482,0.3409090909090909,1877.0650918207377,0.05,150,5,0.11311111111111112,1.827939758991449,5.368410154618855,0.0,0.505948285934531,0.0,0.7391304347826086
mtd_ai,200,0.005041488573975482,0.4166666666666667,2554.607747603158,0.1,150,5,0.11311111111111112,1.827939758991449,5.368410154618855,0.0,0.505948285934531,0.0,0.7391304347826086
mtd_ai,200,0.005041488573975482,0.45,3729.0989498681693,0.15,150,5,0.11311111111111112,1.827939758991449,5.368410154618855,0.0,0.505948285934531,0.0,0.7391304347826086
mtd_ai,200,0.005041488573975482,0.46875,4645.945212952108,0.2,150,5,0.11311111111111112,1.827939758991449,5.368410154618855,0.0,0.505948285934531,0.0,0.7391304347826086
mtd_ai,200,0.005041488573975482,0.5,5372.872391452471,0.25,150,5,0.11311111111111112,1.827939758991449,5.368410154618855,0.0,0.505948285934531,0.0,0.7391304347826086
mtd_ai,200,0.005067325621845303,0.22058823529411764,3174.593895228748,0.05,150,5,0.1501111111111111,0.037443227379702064,0.14077007717985598,0.0,0.49665661274510053,0.0,0.8695652173913043
mtd_ai,200,0.005067325621845303,0.3125,4071.24099408775,0.1,150,5,0.1501111111111111,0.037443227379702064,0.14077007717985598,0.0,0.49665661274510053,0.0,0.8695652173913043
mtd_ai,200,0.005067325621845303,0.375,4692.327296477446,0.15,150,5,0.1501111111111111,0.037443227379702064,0.14077007717985598,0.0,0.49665661274510053,0.0,0.8695652173913043
mtd_ai,200,0.005067325621845303,0.4,5659.819292880773,0.2,150,5,0.1501111111111111,0.037443227379702064,0.14077007717985598,0.0,0.49665661274510053,0.0,0.8695652173913043
mtd_ai,200,0.005067325621845303,0.42613636363636365,6282.948203544178,0.25,150,5,0.1501111111111111,0.037443227379702064,0.14077007717985598,0.0,0.49665661274510053,0.0,0.8695652173913043
mtd_ai,200,0.005050299597370891,0.3409090909090909,2240.2630823960776,0.05,150,5,0.15825396825396826,0.6801047246599771,2.689015109539005,0.0,0.5109837561138618,0.0,0.8103448275862069
mtd_ai,200,0.005050299597370891,0.40540540540540543,3559.781693673031,0.1,150,5,0.15825396825396826,0.6801047246599771,2.689015109539005,0.0,0.5109837561138618,0.0,0.8103448275862069
mtd_ai,200,0.005050299597370891,0.4326923076923077,4229.781299928154,0.15,150,5,0.15825396825396826,0.6801047246599771,2.689015109539005,0.0,0.5109837561138618,0.0,0.8103448275862069
mtd_ai,200,0.005050299597370891,0.375,6288.51089214129,0.2,150,5,0.15825396825396826,0.6801047246599771,2.689015109539005,0.0,0.5109837561138618,0.0,0.8103448275862069
mtd_ai,200,0.005050299597370891,0.3712871287128713,7168.64199685568,0.25,150,5,0.15825396825396826,0.6801047246599771,2.689015109539005,0.0,0.5109837561138618,0.0,0.8103448275862069
mtd_ai,200,0.005035763483122439,0.25,3648.160063685448,0.05,150,5,0.14666666666666667,0.5947926730202189,1.9684204927786,0.0,0.49843912070228236,0.0,0.7407407407407407
mtd_ai,200,0.005035763483122439,0.35714285714285715,4436.101165429445,0.1,150,5,0.14666666666666667,0.5947926730202189,1.9684204927786,0.0,0.49843912070228236,0.0,0.7407407407407407
mtd_ai,200,0.005035763483122439,0.4017857142857143,5352.43357996619,0.15,150,5,0.14666666666666667,0.5947926730202189,1.9684204927786,0.0,0.49843912070228236,0.0,0.7407407407407407
mtd_ai,200,0.005035763483122439,0.45454545454545453,5791.19179905688,0.2,150,5,0.14666666666666667,0.5947926730202189,1.9684204927786,0.0,0.49843912070228236,0.0,0.7407407407407407
mtd_ai,200,0.005035763483122439,0.4934210526315789,6334.387389967236,0.25,150,5,0.14666666666666667,0.5947926730202189,1.9684204927786,0.0,0.49843912070228236,0.0,0.7407407407407407
mtd_ai,200,0.0050724397928052,0.4411764705882353,1380.029128656764,0.05,150,5,0.14200000000000002,0.014628278687044163,0.05708620219886092,0.0,0.509089378116817,0.0,0.7446808510638298
mtd_ai,200,0.0050724397928052,0.40540540540540543,2874.487026968786,0.1,150,5,0.14200000000000002,0.014628278687044163,0.05708620219886092,0.0,0.509089378116817,0.0,0.7446808510638298
mtd_ai,200,0.0050724397928052,0.45,3727.4090887920966,0.15,150,5,0.14200000000000002,0.014628278687044163,0.05708620219886092,0.0,0.509089378116817,0.0,0.7446808510638298
mtd_ai,200,0.0050724397928052,0.45454545454545453,4621.722591623468,0.2,150,5,0.14200000000000002,0.014628278687044163,0.05708620219886092,0.0,0.509089378116817,0.0,0.7446808510638298
mtd_ai,200,0.0050724397928052,0.47468354430379744,5261.987011984625,0.25,150,5,0.14200000000000002,0.014628278687044163,0.05708620219886092,0.0,0.509089378116817,0.0,0.7446808510638298
mtd_ai,200,0.00503957368806713,0.26785714285714285,3325.077575325151,0.05,150,5,0.11166666666666666,1.7997446496172986,5.420937268927198,0.0,0.511627813445166,0.0,0.8
mtd_ai,200,0.00503957368806713,0.3333333333333333,4579.392015881636,0.1,150,5,0.11166666666666666,1.7997446496172986,5.420937268927198,0.0,0.511627813445166,0.0,0.8
mtd_ai,200,0.00503957368806713,0.3813559322033898,5367.587352627271,0.15,150,5,0.11166666666666666,1.7997446496172986,5.420937268927198,0.0,0.511627813445166,0.0,0.8
mtd_ai,200,0.00503957368806713,0.4225352112676056,5885.361730789169,0.2,150,5,0.11166666666666666,1.7997446496172986,5.420937268927198,0.0,0.511627813445166,0.0,0.8
mtd_ai,200,0.00503957368806713,0.46296296296296297,6336.473479385497,0.25,150,5,0.11166666666666666,1.7997446496172986,5.420937268927198,0.0,0.511627813445166,0.0,0.8
mtd_ai,200,0.005043578006132377,0.3,2569.441910798883,0.05,150,5,0.14333333333333334,0.8615137104406456,1.6342564885591013,0.0,0.4810565855104049,0.0,0.8
mtd_ai,200,0.005043578006132377,0.3488372093023256,4401.588308352588,0.1,150,5,0.14333333333333334,0.8615137104406456,1.6342564885591013,0.0,0.4810565855104049,0.0,0.8
mtd_ai,200,0.005043578006132377,0.39473684210526316,5218.751167422528,0.15,150,5,0.14333333333333334,0.8615137104406456,1.6342564885591013,0.0,0.4810565855104049,0.0,0.8
mtd_ai,200,0.005043578006132377,0.45454545454545453,5620.576490412739,0.2,150,5,0.14333333333333334,0.8615137104406456,1.6342564885591013,0.0,0.4810565855104049,0.0,0.8
mtd_ai,200,0.005043578006132377,0.487012987012987,6284.811581833782,0.25,150,5,0.14333333333333334,0.8615137104406456,1.6342564885591013,0.0,0.4810565855104049,0.0,0.8
mtd_ai,200,0.005093696926211692,0.4166666666666667,1649.9950241883241,0.05,150,5,0.1577777777777778,0.6187147967292437,1.9061606680877903,0.0,0.4859156274697296,0.0,0.7692307692307693
mtd_ai,200,0.005093696926211692,0.5172413793103449,2404.812777496699,0.1,150,5,0.1577777777777778,0.6187147967292437,1.9061606680877903,0.0,0.4859156274697296,0.0,0.7692307692307693
mtd_ai,200,0.005093696926211692,0.5232558139534884,3361.2709376150237,0.15,150,5,0.1577777777777778,0.6187147967292437,1.9061606680877903,0.0,0.4859156274697296,0.0,0.7692307692307693
mtd_ai,200,0.005093696926211692,0.5454545454545454,3867.1252864206463,0.2,150,5,0.1577777777777778,0.6187147967292437,1.9061606680877903,0.0,0.4859156274697296,0.0,0.7692307692307693
mtd_ai,200,0.005093696926211692,0.5769230769230769,4433.978395948163,0.25,150,5,0.1577777777777778,0.6187147967292437,1.9061606680877903,0.0,0.4859156274697296,0.0,0.7692307692307693
mtd_ai,200,0.0050805827250321265,0.375,1736.5540563210207,0.05,150,5,0.19,1.6804890571147089,4.944794758860953,0.0,0.4668827598257785,0.0,0.7777777777777778
mtd_ai,200,0.0050805827250321265,0.38461538461538464,3546.7535207467945,0.1,150,5,0.19,1.6804890571147089,4.944794758860953,0.0,0.4668827598257785,0.0,0.7777777777777778
mtd_ai,200,0.0050805827250321265,0.45,4075.954304522225,0.15,150,5,0.19,1.6804890571147089,4.944794758860953,0.0,0.4668827598257785,0.0,0.7777777777777778
mtd_ai,200,0.0050805827250321265,0.47619047619047616,5017.383208062076,0.2,150,5,0.19,1.6804890571147089,4.944794758860953,0.0,0.4668827598257785,0.0,0.7777777777777778
mtd_ai,200,0.0050805827250321265,0.5208333333333334,5495.763621302693,0.25,150,5,0.19,1.6804890571147089,4.944794758860953,0.0,0.4668827598257785,0.0,0.7777777777777778
mtd_ai,200,0.005041946536739137,0.3,2359.391848914004,0.05,150,5,0.16244444444444445,0.19807558679669796,0.4780329051057912,0.0,0.5015839177847007,0.0,0.8
mtd_ai,200,0.005041946536739137,0.38461538461538464,3371.015613100142,0.1,150,5,0.16244444444444445,0.19807558679669796,0.4780329051057912,0.0,0.5015839177847007,0.0,0.8
mtd_ai,200,0.005041946536739137,0.24725274725274726,5864.500577442549,0.15,150,5,0.16244444444444445,0.19807558679669796,0.4780329051057912,0.0,0.5015839177847007,0.0,0.8
mtd_ai,200,0.005041946536739137,0.23622047244094488,7874.956502558918,0.2,150,5,0.16244444444444445,0.19807558679669796,0.4780329051057912,0.0,0.5015839177847007,0.0,0.8
mtd_ai,200,0.005041946536739137,0.2697841726618705,8650.092849114044,0.25,150,5,0.16244444444444445,0.19807558679669796,0.4780329051057912,0.0,0.5015839177847007,0.0,0.8
mtd_ai,200,0.005042665956181653,0.2777777777777778,2228.303123491618,0.05,150,5,0.3076923076923077,1.2781672261844483,3.9007483492036585,-4.724137931034483,0.45746673585771713,0.0,0.7446808510638298
mtd_ai,200,0.005042665956181653,0.40540540540540543,2846.39912639916,0.1,150,5,0.3076923076923077,1.2781672261844483,3.9007483492036585,-4.724137931034483,0.45746673585771713,0.0,0.7446808510638298
mtd_ai,200,0.005042665956181653,0.45,3681.930398026623,0.15,150,5,0.3076923076923077,1.2781672261844483,3.9007483492036585,-4.724137931034483,0.45746673585771713,0.0,0.7446808510638298
mtd_ai,200,0.005042665956181653,0.46153846153846156,4994.141961442457,0.2,150,5,0.3076923076923077,1.2781672261844483,3.9007483492036585,-4.724137931034483,0.45746673585771713,0.0,0.7446808510638298
mtd_ai,200,0.005042665956181653,0.5,5624.959338387522,0.25,150,5,0.3076923076923077,1.2781672261844483,3.9007483492036585,-4.724137931034483,0.45746673585771713,0.0,0.7446808510638298
mtd_ai,200,0.005081606702394029,0.3409090909090909,2083.202315026824,0.05,150,5,0.1511111111111111,0.7514919688227084,2.4364567399842896,0.0,0.449011180362666,0.0,0.8421052631578947
mtd_ai,200,0.005081606702394029,0.40540540540540543,3101.326191709807,0.1,150,5,0.1511111111111111,0.7514919688227084,2.4364567399842896,0.0,0.449011180362666,0.0,0.8421052631578947
mtd_ai,200,0.005081606702394029,0.46875,3855.466757004756,0.15,150,5,0.1511111111111111,0.7514919688227084,2.4364567399842896,0.0,0.449011180362666,0.0,0.8421052631578947
mtd_ai,200,0.005081606702394029,0.5172413793103449,4365.26583033119,0.2,150,5,0.1511111111111111,0.7514919688227084,2.4364567399842896,0.0,0.449011180362666,0.0,0.8421052631578947
mtd_ai,200,0.005081606702394029,0.5434782608695652,5079.31954624094,0.25,150,5,0.1511111111111111,0.7514919688227084,2.4364567399842896,0.0,0.449011180362666,0.0,0.8421052631578947
mtd_ai,200,0.005050150400093884,0.26785714285714285,2427.170808477227,0.05,150,5,0.18666666666666668,0.07819089822939344,0.33817322335988875,0.0,0.46440214971050964,0.0,0.8245614035087719
mtd_ai,200,0.005050150400093884,0.21739130434782608,5093.773963932349,0.1,150,5,0.18666666666666668,0.07819089822939344,0.33817322335988875,0.0,0.46440214971050964,0.0,0.8245614035087719
mtd_ai,200,0.005050150400093884,0.22058823529411764,6386.062446644116,0.15,150,5,0.18666666666666668,0.07819089822939344,0.33817322335988875,0.0,0.46440214971050964,0.0,0.8245614035087719
mtd_ai,200,0.005050150400093884,0.2631578947368421,7104.2190528613955,0.2,150,5,0.18666666666666668,0.07819089822939344,0.33817322335988875,0.0,0.46440214971050964,0.0,0.8245614035087719
mtd_ai,200,0.005050150400093884,0.3073770491803279,7413.673026026373,0.25,150,5,0.18666666666666668,0.07819089822939344,0.33817322335988875,0.0,0.46440214971050964,0.0,0.8245614035087719
mtd_ai,200,0.005029320572805986,0.2777777777777778,2588.7686231564235,0.05,150,5,0.12388888888888891,0.16696281560680892,0.7269775149386415,0.0,0.4917429953468721,0.0,0.78125
mtd_ai,200,0.005029320572805986,0.3333333333333333,4229.547441781703,0.1,150,5,0.12388888888888891,0.16696281560680892,0.7269775149386415,0.0,0.4917429953468721,0.0,0.78125
mtd_ai,200,0.005029320572805986,0.3629032258064516,5378.90037291207,0.15,150,5,0.12388888888888891,0.16696281560680892,0.7269775149386415,0.0,0.4917429953468721,0.0,0.78125
mtd_ai,200,0.005029320572805986,0.32608695652173914,7494.367219794314,0.2,150,5,0.12388888888888891,0.16696281560680892,0.7269775149386415,0.0,0.4917429953468721,0.0,0.78125
mtd_ai,200,0.005029320572805986,0.3640776699029126,7911.286167219576,0.25,150,5,0.12388888888888891,0.16696281560680892,0.7269775149386415,0.0,0.4917429953468721,0.0,0.78125
mtd_ai,200,0.0050404511326357215,0.5,1369.5469841315444,0.05,150,5,0.0,0.4975924043892236,2.1698960736158863,-0.027777777777777776,0.4604517786185966,0.0,0.8837209302325582
mtd_ai,200,0.0050404511326357215,0.4411764705882353,3396.252836312694,0.1,150,5,0.0,0.4975924043892236,2.1698960736158863,-0.027777777777777776,0.4604517786185966,0.0,0.8837209302325582
mtd_ai,200,0.0050404511326357215,0.45,4884.410182947018,0.15,150,5,0.0,0.4975924043892236,2.1698960736158863,-0.027777777777777776,0.4604517786185966,0.0,0.8837209302325582
mtd_ai,200,0.0050404511326357215,0.4838709677419355,5372.781371045377,0.2,150,5,0.0,0.4975924043892236,2.1698960736158863,-0.027777777777777776,0.4604517786185966,0.0,0.8837209302325582
mtd_ai,200,0.0050404511326357215,0.5067567567567568,5949.438560910678,0.25,150,5,0.0,0.4975924043892236,2.1698960736158863,-0.027777777777777776,0.4604517786185966,0.0,0.8837209302325582
mtd_ai,200,0.00506114133583902,0.25862068965517243,3298.761553324296,0.05,150,5,0.13666666666666666,0.4731217702844605,2.0244338946823706,0.0,0.4918045025484012,0.0,0.8148148148148148
mtd_ai,200,0.00506114133583902,0.35714285714285715,4052.063562696909,0.1,150,5,0.13666666666666666,0.4731217702844605,2.0244338946823706,0.0,0.4918045025484012,0.0,0.8148148148148148
mtd_ai,200,0.00506114133583902,0.34615384615384615,6353.967912753978,0.15,150,5,0.13666666666666666,0.4731217702844605,2.0244338946823706,0.0,0.4918045025484012,0.0,0.8148148148148148
mtd_ai,200,0.00506114133583902,0.40540540540540543,6764.761689513434,0.2,150,5,0.13666666666666666,0.4731217702844605,2.0244338946823706,0.0,0.4918045025484012,0.0,0.8148148148148148
mtd_ai,200,0.00506114133583902,0.45180722891566266,7192.742362360029,0.25,150,5,0.13666666666666666,0.4731217702844605,2.0244338946823706,0.0,0.4918045025484012,0.0,0.8148148148148148
mtd_ai,200,0.0050526907679059405,0.25862068965517243,3530.8739646896847,0.05,150,5,0.08333333333333333,1.6699316702371938,4.530359996472617,0.0,0.47999294207512816,0.0,0.7931034482758621
mtd_ai,200,0.0050526907679059405,0.30612244897959184,4717.965386263365,0.1,150,5,0.08333333333333333,1.6699316702371938,4.530359996472617,0.0,0.47999294207512816,0.0,0.7931034482758621
mtd_ai,200,0.0050526907679059405,0.375,5725.712576909875,0.15,150,5,0.08333333333333333,1.6699316702371938,4.530359996472617,0.0,0.47999294207512816,0.0,0.7931034482758621
mtd_ai,200,0.0050526907679059405,0.38961038961038963,7037.230700418146,0.2,150,5,0.08333333333333333,1.6699316702371938,4.530359996472617,0.0,0.47999294207512816,0.0,0.7931034482758621
mtd_ai,200,0.0050526907679059405,0.4411764705882353,7438.937165245437,0.25,150,5,0.08333333333333333,1.6699316702371938,4.530359996472617,0.0,0.47999294207512816,0.0,0.7931034482758621
mtd_ai,200,0.005059852531830372,0.2777777777777778,2750.530702010497,0.05,150,5,0.10612698412698414,0.719153809073096,1.0076769517462028,0.0,0.4950751125518775,0.0,0.7666666666666667
mtd_ai,200,0.005059852531830372,0.2631578947368421,5074.758906603165,0.1,150,5,0.10612698412698414,0.719153809073096,1.0076769517462028,0.0,0.4950751125518775,0.0,0.7666666666666667
mtd_ai,200,0.005059852531830372,0.3358208955223881,5664.380149175048,0.15,150,5,0.10612698412698414,0.719153809073096,1.0076769517462028,0.0,0.4950751125518775,0.0,0.7666666666666667
mtd_ai,200,0.005059852531830372,0.36585365853658536,6543.239744427235,0.2,150,5,0.10612698412698414,0.719153809073096,1.0076769517462028,0.0,0.4950751125518775,0.0,0.7666666666666667
mtd_ai,200,0.005059852531830372,0.375,7227.630814101599,0.25,150,5,0.10612698412698414,0.719153809073096,1.0076769517462028,0.0,0.4950751125518775,0.0,0.7666666666666667
mtd_ai,200,0.00504639075202891,0.35714285714285715,2133.314993778605,0.05,150,5,0.10333333333333333,0.5181064120590244,2.291239303994774,0.0,0.47998927285247633,0.0,0.8292682926829268
mtd_ai,200,0.00504639075202891,0.39473684210526316,3432.4267190869828,0.1,150,5,0.10333333333333333,0.5181064120590244,2.291239303994774,0.0,0.47998927285247633,0.0,0.8292682926829268
mtd_ai,200,0.00504639075202891,0.4787234042553192,3846.167793399655,0.15,150,5,0.10333333333333333,0.5181064120590244,2.291239303994774,0.0,0.47998927285247633,0.0,0.8292682926829268
mtd_ai,200,0.00504639075202891,0.46875,4760.078062086539,0.2,150,5,0.10333333333333333,0.5181064120590244,2.291239303994774,0.0,0.47998927285247633,0.0,0.8292682926829268
mtd_ai,200,0.00504639075202891,0.5,5367.4658458603135,0.25,150,5,0.10333333333333333,0.5181064120590244,2.291239303994774,0.0,0.47998927285247633,0.0,0.8292682926829268
mtd_ai,200,0.0050655973974120605,0.28846153846153844,2654.962903671978,0.05,150,5,0.17647058823529413,1.274769449118731,2.38721369431391,0.0,0.4995455719760319,0.0,0.8461538461538461
mtd_ai,200,0.0050655973974120605,0.26785714285714285,4897.8220724066805,0.1,150,5,0.17647058823529413,1.274769449118731,2.38721369431391,0.0,0.4995455719760319,0.0,0.8461538461538461
mtd_ai,200,0.0050655973974120605,0.31690140845070425,5940.742989643699,0.15,150,5,0.17647058823529413,1.274769449118731,2.38721369431391,0.0,0.4995455719760319,0.0,0.8461538461538461
mtd_ai,200,0.0050655973974120605,0.3614457831325301,6443.214589890382,0.2,150,5,0.17647058823529413,1.274769449118731,2.38721369431391,0.0,0.4995455719760319,0.0,0.8461538461538461
mtd_ai,200,0.0050655973974120605,0.4032258064516129,6812.000656280777,0.25,150,5,0.17647058823529413,1.274769449118731,2.38721369431391,0.0,0.4995455719760319,0.0,0.8461538461538461
mtd_ai,200,0.00504547670278741,0.3125,2431.7730286590195,0.05,150,5,0.11366666666666667,0.8244745740804748,3.120670817336673,0.0,0.4729780531581719,0.0,0.8863636363636364
mtd_ai,200,0.00504547670278741,0.36585365853658536,4025.5932057957,0.1,150,5,0.11366666666666667,0.8244745740804748,3.120670817336673,0.0,0.4729780531581719,0.0,0.8863636363636364
mtd_ai,200,0.00504547670278741,0.4326923076923077,4770.234317510338,0.15,150,5,0.11366666666666667,0.8244745740804748,3.120670817336673,0.0,0.4729780531581719,0.0,0.8863636363636364
mtd_ai,200,0.00504547670278741,0.46875,5521.074236056846,0.2,150,5,0.11366666666666667,0.8244745740804748,3.120670817336673,0.0,0.4729780531581719,0.0,0.8863636363636364
mtd_ai,200,0.00504547670278741,0.4807692307692308,6206.691165766921,0.25,150,5,0.11366666666666667,0.8244745740804748,3.120670817336673,0.0,0.4729780531581719,0.0,0.8863636363636364
mtd_ai,200,0.00503575986173104,0.25,3267.6827150654217,0.05,150,5,0.1211111111111111,0.5977803253626033,2.176304353673688,0.0,0.49950732061690883,0.0,0.7666666666666667
mtd_ai,200,0.00503575986173104,0.3,4679.041572759537,0.1,150,5,0.1211111111111111,0.5977803253626033,2.176304353673688,0.0,0.49950732061690883,0.0,0.7666666666666667
mtd_ai,200,0.00503575986173104,0.3409090909090909,6073.917236314259,0.15,150,5,0.1211111111111111,0.5977803253626033,2.176304353673688,0.0,0.49950732061690883,0.0,0.7666666666666667
mtd_ai,200,0.00503575986173104,0.379746835443038,6707.343373083075,0.2,150,5,0.1211111111111111,0.5977803253626033,2.176304353673688,0.0,0.49950732061690883,0.0,0.7666666666666667
mtd_ai,200,0.00503575986173104,0.4032258064516129,7351.82414037331,0.25,150,5,0.1211111111111111,0.5977803253626033,2.176304353673688,0.0,0.49950732061690883,0.0,0.7666666666666667
mtd_ai,200,0.005074251310287725,0.2777777777777778,3221.8867510393,0.05,150,5,0.16833333333333333,0.09396115396642937,0.31849710911020007,0.0,0.4615852509496919,0.0,0.7346938775510204
mtd_ai,200,0.005074251310287725,0.36585365853658536,4023.0122497930806,0.1,150,5,0.16833333333333333,0.09396115396642937,0.31849710911020007,0.0,0.4615852509496919,0.0,0.7346938775510204
mtd_ai,200,0.005074251310287725,0.42452830188679247,4935.624858589469,0.15,150,5,0.16833333333333333,0.09396115396642937,0.31849710911020007,0.0,0.4615852509496919,0.0,0.7346938775510204
mtd_ai,200,0.005074251310287725,0.47619047619047616,5248.764839823934,0.2,150,5,0.16833333333333333,0.09396115396642937,0.31849710911020007,0.0,0.4615852509496919,0.0,0.7346938775510204
mtd_ai,200,0.005074251310287725,0.528169014084507,5589.802050151714,0.25,150,5,0.16833333333333333,0.09396115396642937,0.31849710911020007,0.0,0.4615852509496919,0.0,0.7346938775510204
mtd_ai,200,0.005060005916617473,0.5,1104.4884192988397,0.05,150,5,0.1061111111111111,1.1031962872867838,3.8417841656888387,0.0,0.46270170799193416,0.0,0.7636363636363637
mtd_ai,200,0.005060005916617473,0.4838709677419355,2823.5556280761957,0.1,150,5,0.1061111111111111,1.1031962872867838,3.8417841656888387,0.0,0.46270170799193416,0.0,0.7636363636363637
mtd_ai,200,0.005060005916617473,0.4326923076923077,5360.023075075946,0.15,150,5,0.1061111111111111,1.1031962872867838,3.8417841656888387,0.0,0.46270170799193416,0.0,0.7636363636363637
mtd_ai,200,0.005060005916617473,0.46875,6060.238480275908,0.2,150,5,0.1061111111111111,1.1031962872867838,3.8417841656888387,0.0,0.46270170799193416,0.0,0.7636363636363637
mtd_ai,200,0.005060005916617473,0.5,6779.325123385593,0.25,150,5,0.1061111111111111,1.1031962872867838,3.8417841656888387,0.0,0.46270170799193416,0.0,0.7636363636363637
mtd_ai,200,0.005087174618286678,0.35714285714285715,2077.4632191873316,0.05,150,5,0.11333333333333333,0.8216564334104939,3.6460957968804175,0.0,0.5344230059613736,0.0,0.8823529411764706
mtd_ai,200,0.005087174618286678,0.42857142857142855,2719.850033258951,0.1,150,5,0.11333333333333333,0.8216564334104939,3.6460957968804175,0.0,0.5344230059613736,0.0,0.8823529411764706
mtd_ai,200,0.005087174618286678,0.4891304347826087,3443.075523430018,0.15,150,5,0.11333333333333333,0.8216564334104939,3.6460957968804175,0.0,0.5344230059613736,0.0,0.8823529411764706
mtd_ai,200,0.005087174618286678,0.5084745762711864,4044.13786883108,0.2,150,5,0.11333333333333333,0.8216564334104939,3.6460957968804175,0.0,0.5344230059613736,0.0,0.8823529411764706
mtd_ai,200,0.005087174618286678,0.5514705882352942,4427.67108027024,0.25,150,5,0.11333333333333333,0.8216564334104939,3.6460957968804175,0.0,0.5344230059613736,0.0,0.8823529411764706
mtd_ai,200,0.0050435896822628185,0.3,2730.186608531215,0.05,150,5,0.14285714285714285,1.0052325687395274,3.3689541376942187,-4.448275862068965,0.4781550409326049,0.0,0.7608695652173914
mtd_ai,200,0.0050435896822628185,0.36585365853658536,3608.747673225106,0.1,150,5,0.14285714285714285,1.0052325687395274,3.3689541376942187,-4.448275862068965,0.4781550409326049,0.0,0.7608695652173914
mtd_ai,200,0.0050435896822628185,0.42452830188679247,4469.170215325815,0.15,150,5,0.14285714285714285,1.0052325687395274,3.3689541376942187,-4.448275862068965,0.4781550409326049,0.0,0.7608695652173914
mtd_ai,200,0.0050435896822628185,0.42857142857142855,5311.570983212238,0.2,150,5,0.14285714285714285,1.0052325687395274,3.3689541376942187,-4.448275862068965,0.4781550409326049,0.0,0.7608695652173914
mtd_ai,200,0.0050435896822628185,0.4807692307692308,5593.804996369177,0.25,150,5,0.14285714285714285,1.0052325687395274,3.3689541376942187,-4.448275862068965,0.4781550409326049,0.0,0.7608695652173914
mtd_ai,200,0.0050646753140624725,0.2777777777777778,2682.9990081014766,0.05,150,5,0.10266666666666667,0.7780776843702327,3.2361774694677625,0.0,0.5296671085280807,0.0,0.8125
mtd_ai,200,0.0050646753140624725,0.36585365853658536,3492.501415597194,0.1,150,5,0.10266666666666667,0.7780776843702327,3.2361774694677625,0.0,0.5296671085280807,0.0,0.8125
mtd_ai,200,0.0050646753140624725,0.39473684210526316,4876.5977000767625,0.15,150,5,0.10266666666666667,0.7780776843702327,3.2361774694677625,0.0,0.5296671085280807,0.0,0.8125
mtd_ai,200,0.0050646753140624725,0.4411764705882353,5351.319034254233,0.2,150,5,0.10266666666666667,0.7780776843702327,3.2361774694677625,0.0,0.5296671085280807,0.0,0.8125
mtd_ai,200,0.0050646753140624725,0.4573170731707317,6146.733303333417,0.25,150,5,0.10266666666666667,0.7780776843702327,3.2361774694677625,0.0,0.5296671085280807,0.0,0.8125
mtd_ai,200,0.00506136814239536,0.2777777777777778,3137.94969844954,0.05,150,5,0.1953333333333333,0.7534594943680252,1.3938874292741317,0.0,0.47184163378474747,0.0,0.8936170212765957
mtd_ai,200,0.00506136814239536,0.3488372093023256,4338.76193538303,0.1,150,5,0.1953333333333333,0.7534594943680252,1.3938874292741317,0.0,0.47184163378474747,0.0,0.8936170212765957
mtd_ai,200,0.00506136814239536,0.4017857142857143,5104.595779601495,0.15,150,5,0.1953333333333333,0.7534594943680252,1.3938874292741317,0.0,0.47184163378474747,0.0,0.8936170212765957
mtd_ai,200,0.00506136814239536,0.4225352112676056,5889.019747432807,0.2,150,5,0.1953333333333333,0.7534594943680252,1.3938874292741317,0.0,0.47184163378474747,0.0,0.8936170212765957
mtd_ai,200,0.00506136814239536,0.436046511627907,6742.658937878362,0.25,150,5,0.1953333333333333,0.7534594943680252,1.3938874292741317,0.0,0.47184163378474747,0.0,0.8936170212765957
mtd_ai,200,0.0050430516196518175,0.375,1575.2641433804315,0.05,150,5,0.125,0.9609573693029423,4.181914448905218,0.0,0.515221110229167,0.0,0.7708333333333334
mtd_ai,200,0.0050430516196518175,0.42857142857142855,2990.185646055822,0.1,150,5,0.125,0.9609573693029423,4.181914448905218,0.0,0.515221110229167,0.0,0.7708333333333334
mtd_ai,200,0.0050430516196518175,0.4787234042553192,4038.93955998047,0.15,150,5,0.125,0.9609573693029423,4.181914448905218,0.0,0.515221110229167,0.0,0.7708333333333334
mtd_ai,200,0.0050430516196518175,0.5,4619.4224409573535,0.2,150,5,0.125,0.9609573693029423,4.181914448905218,0.0,0.515221110229167,0.0,0.7708333333333334
mtd_ai,200,0.0050430516196518175,0.5067567567567568,5628.029994429491,0.25,150,5,0.125,0.9609573693029423,4.181914448905218,0.0,0.515221110229167,0.0,0.7708333333333334
mtd_ai,200,0.0050750026042383,0.375,1871.1482630970563,0.05,150,5,0.12866666666666668,1.910718403946858,5.16705454463721,0.0,0.5414762628910471,0.0,0.7058823529411765
mtd_ai,200,0.0050750026042383,0.375,3618.8041190006848,0.1,150,5,0.12866666666666668,1.910718403946858,5.16705454463721,0.0,0.5414762628910471,0.0,0.7058823529411765
mtd_ai,200,0.0050750026042383,0.45918367346938777,3957.08867589006,0.15,150,5,0.12866666666666668,1.910718403946858,5.16705454463721,0.0,0.5414762628910471,0.0,0.7058823529411765
mtd_ai,200,0.0050750026042383,0.5,4822.24508537789,0.2,150,5,0.12866666666666668,1.910718403946858,5.16705454463721,0.0,0.5414762628910471,0.0,0.7058823529411765
mtd_ai,200,0.0050750026042383,0.528169014084507,5574.0722697742,0.25,150,5,0.12866666666666668,1.910718403946858,5.16705454463721,0.0,0.5414762628910471,0.0,0.7058823529411765
mtd_ai,200,0.005075344768100372,0.32608695652173914,2328.5785274879136,0.05,150,5,0.13444444444444442,1.2226447530299556,2.7822611820449845,0.0,0.46667707386096885,0.0,0.8636363636363636
mtd_ai,200,0.005075344768100372,0.36585365853658536,4266.377584798483,0.1,150,5,0.13444444444444442,1.2226447530299556,2.7822611820449845,0.0,0.46667707386096885,0.0,0.8636363636363636
mtd_ai,200,0.005075344768100372,0.4411764705882353,4784.509777667221,0.15,150,5,0.13444444444444442,1.2226447530299556,2.7822611820449845,0.0,0.46667707386096885,0.0,0.8636363636363636
mtd_ai,200,0.005075344768100372,0.46153846153846156,5540.605442311039,0.2,150,5,0.13444444444444442,1.2226447530299556,2.7822611820449845,0.0,0.46667707386096885,0.0,0.8636363636363636
mtd_ai,200,0.005075344768100372,0.4807692307692308,5974.355032846539,0.25,150,5,0.13444444444444442,1.2226447530299556,2.7822611820449845,0.0,0.46667707386096885,0.0,0.8636363636363636
mtd_ai,200,0.005082679659606632,0.5,1355.5178724934258,0.05,150,5,0.16666666666666666,0.12062785010530722,0.15491350583961178,0.0,0.49135218686861204,0.0,0.7777777777777778
mtd_ai,200,0.005082679659606632,0.5,2598.60855264137,0.1,150,5,0.16666666666666666,0.12062785010530722,0.15491350583961178,0.0,0.49135218686861204,0.0,0.7777777777777778
mtd_ai,200,0.005082679659606632,0.5113636363636364,4045.607982979658,0.15,150,5,0.16666666666666666,0.12062785010530722,0.15491350583961178,0.0,0.49135218686861204,0.0,0.7777777777777778
mtd_ai,200,0.005082679659606632,0.5454545454545454,4525.230874462882,0.2,150,5,0.16666666666666666,0.12062785010530722,0.15491350583961178,0.0,0.49135218686861204,0.0,0.7777777777777778
mtd_ai,200,0.005082679659606632,0.5597014925373134,5209.71444645223,0.25,150,5,0.16666666666666666,0.12062785010530722,0.15491350583961178,0.0,0.49135218686861204,0.0,0.7777777777777778
mtd_ai,200,0.00503632617441513,0.26785714285714285,3293.000657011355,0.05,150,5,0.11,0.7472637434747615,2.4843554281293314,0.0,0.49731970277370224,0.0,0.8679245283018868
mtd_ai,200,0.00503632617441513,0.3333333333333333,4326.818539562713,0.1,150,5,0.11,0.7472637434747615,2.4843554281293314,0.0,0.49731970277370224,0.0,0.8679245283018868
mtd_ai,200,0.00503632617441513,0.29605263157894735,6234.948656228098,0.15,150,5,0.11,0.7472637434747615,2.4843554281293314,0.0,0.49731970277370224,0.0,0.8679245283018868
mtd_ai,200,0.00503632617441513,0.32608695652173914,6992.1318927087195,0.2,150,5,0.11,0.7472637434747615,2.4843554281293314,0.0,0.49731970277370224,0.0,0.8679245283018868
mtd_ai,200,0.00503632617441513,0.3712871287128713,7352.564751499611,0.25,150,5,0.11,0.7472637434747615,2.4843554281293314,0.0,0.49731970277370224,0.0,0.8679245283018868
mtd_ai,200,0.005032229320780821,0.3,2180.3760849258406,0.05,150,5,0.16444444444444445,0.9829846659922672,4.07503347737213,0.0,0.5117561495703371,0.0,0.8035714285714286
mtd_ai,200,0.005032229320780821,0.3488372093023256,3603.44483744065,0.1,150,5,0.16444444444444445,0.9829846659922672,4.07503347737213,0.0,0.5117561495703371,0.0,0.8035714285714286
mtd_ai,200,0.005032229320780821,0.31690140845070425,6045.523807060275,0.15,150,5,0.16444444444444445,0.9829846659922672,4.07503347737213,0.0,0.5117561495703371,0.0,0.8035714285714286
mtd_ai,200,0.005032229320780821,0.3614457831325301,6931.063017458409,0.2,150,5,0.16444444444444445,0.9829846659922672,4.07503347737213,0.0,0.5117561495703371,0.0,0.8035714285714286
mtd_ai,200,0.005032229320780821,0.41208791208791207,7180.44302479088,0.25,150,5,0.16444444444444445,0.9829846659922672,4.07503347737213,0.0,0.5117561495703371,0.0,0.8035714285714286
mtd_ai,200,0.005071143049247769,0.28846153846153844,2308.3401387322674,0.05,150,5,0.16611111111111113,2.894115727415334,5.745157585634331,0.0,0.5207825631379608,0.0,0.7954545454545454
mtd_ai,200,0.005071143049247769,0.375,3322.0910497035557,0.1,150,5,0.16611111111111113,2.894115727415334,5.745157585634331,0.0,0.5207825631379608,0.0,0.7954545454545454
mtd_ai,200,0.005071143049247769,0.4017857142857143,4143.9796608194065,0.15,150,5,0.16611111111111113,2.894115727415334,5.745157585634331,0.0,0.5207825631379608,0.0,0.7954545454545454
mtd_ai,200,0.005071143049247769,0.42857142857142855,4925.02026888746,0.2,150,5,0.16611111111111113,2.894115727415334,5.745157585634331,0.0,0.5207825631379608,0.0,0.7954545454545454
mtd_ai,200,0.005071143049247769,0.47468354430379744,5376.442174925293,0.25,150,5,0.16611111111111113,2.894115727415334,5.745157585634331,0.0,0.5207825631379608,0.0,0.7954545454545454
mtd_ai,200,0.005087091205633373,0.4411764705882353,1420.0580362265946,0.05,150,5,0.10009523809523811,0.19390027554730835,0.7376810833921924,0.0,0.46286590543228706,0.0,0.7619047619047619
mtd_ai,200,0.005087091205633373,0.45454545454545453,3001.213059876777,0.1,150,5,0.10009523809523811,0.19390027554730835,0.7376810833921924,0.0,0.46286590543228706,0.0,0.7619047619047619
mtd_ai,200,0.005087091205633373,0.5113636363636364,3590.4371780492916,0.15,150,5,0.10009523809523811,0.19390027554730835,0.7376810833921924,0.0,0.46286590543228706,0.0,0.7619047619047619
mtd_ai,200,0.005087091205633373,0.5263157894736842,4242.4540961383245,0.2,150,5,0.10009523809523811,0.19390027554730835,0.7376810833921924,0.0,0.46286590543228706,0.0,0.7619047619047619
mtd_ai,200,0.005087091205633373,0.5514705882352942,4993.184457953275,0.25,150,5,0.10009523809523811,0.19390027554730835,0.7376810833921924,0.0,0.46286590543228706,0.0,0.7619047619047619
mtd_ai,200,0.005038237156353208,0.22058823529411764,3616.31802004728,0.05,150,5,0.10600000000000001,1.65130279802368,4.726595581254718,0.0,0.4599666048469676,0.0,0.8695652173913043
mtd_ai,200,0.005038237156353208,0.3,4782.238627994597,0.1,150,5,0.10600000000000001,1.65130279802368,4.726595581254718,0.0,0.4599666048469676,0.0,0.8695652173913043
mtd_ai,200,0.005038237156353208,0.3879310344827586,5126.1051707221195,0.15,150,5,0.10600000000000001,1.65130279802368,4.726595581254718,0.0,0.4599666048469676,0.0,0.8695652173913043
mtd_ai,200,0.005038237156353208,0.4225352112676056,5822.780488061135,0.2,150,5,0.10600000000000001,1.65130279802368,4.726595581254718,0.0,0.4599666048469676,0.0,0.8695652173913043
mtd_ai,200,0.005038237156353208,0.46296296296296297,6315.11985210175,0.25,150,5,0.10600000000000001,1.65130279802368,4.726595581254718,0.0,0.4599666048469676,0.0,0.8695652173913043
mtd_ai,200,0.005042003610391062,0.3,2610.2384363240253,0.05,150,5,0.16333333333333333,1.3560447152132225,4.298368738145271,0.0,0.5114870825941255,0.0,0.711864406779661
mtd_ai,200,0.005042003610391062,0.3409090909090909,4389.361290314677,0.1,150,5,0.16333333333333333,1.3560447152132225,4.298368738145271,0.0,0.5114870825941255,0.0,0.711864406779661
mtd_ai,200,0.005042003610391062,0.375,5605.21339325856,0.15,150,5,0.16333333333333333,1.3560447152132225,4.298368738145271,0.0,0.5114870825941255,0.0,0.711864406779661
mtd_ai,200,0.005042003610391062,0.410958904109589,6103.361617938484,0.2,150,5,0.16333333333333333,1.3560447152132225,4.298368738145271,0.0,0.5114870825941255,0.0,0.711864406779661
mtd_ai,200,0.005042003610391062,0.44642857142857145,6606.583231577641,0.25,150,5,0.16333333333333333,1.3560447152132225,4.298368738145271,0.0,0.5114870825941255,0.0,0.711864406779661
mtd_ai,200,0.00504220846468732,0.24193548387096775,3903.0415120063476,0.05,150,5,0.15833333333333333,1.2237007096571635,3.7565484219109844,0.0,0.4897245883313611,0.0,0.8627450980392157
mtd_ai,200,0.00504220846468732,0.3409090909090909,5122.591486271369,0.1,150,5,0.15833333333333333,1.2237007096571635,3.7565484219109844,0.0,0.4897245883313611,0.0,0.8627450980392157
mtd_ai,200,0.00504220846468732,0.3813559322033898,5998.645033704879,0.15,150,5,0.15833333333333333,1.2237007096571635,3.7565484219109844,0.0,0.4897245883313611,0.0,0.8627450980392157
mtd_ai,200,0.00504220846468732,0.40540540540540543,6551.452516035055,0.2,150,5,0.15833333333333333,1.2237007096571635,3.7565484219109844,0.0,0.4897245883313611,0.0,0.8627450980392157
mtd_ai,200,0.00504220846468732,0.44642857142857145,6904.159866730901,0.25,150,5,0.15833333333333333,1.2237007096571635,3.7565484219109844,0.0,0.4897245883313611,0.0,0.8627450980392157
mtd_ai,200,0.005053200149781132,0.22727272727272727,3145.126486779828,0.05,150,5,0.09090909090909091,0.10585358260352117,0.43983108857894204,0.0,0.4771531116904007,0.0,0.875
mtd_ai,200,0.005053200149781132,0.2727272727272727,4703.975780774782,0.1,150,5,0.09090909090909091,0.10585358260352117,0.43983108857894204,0.0,0.4771531116904007,0.0,0.875
mtd_ai,200,0.005053200149781132,0.32608695652173914,6168.859748094834,0.15,150,5,0.09090909090909091,0.10585358260352117,0.43983108857894204,0.0,0.4771531116904007,0.0,0.875
mtd_ai,200,0.005053200149781132,0.33707865168539325,7076.892803070417,0.2,150,5,0.09090909090909091,0.10585358260352117,0.43983108857894204,0.0,0.4771531116904007,0.0,0.875
mtd_ai,200,0.005053200149781132,0.3472222222222222,7867.099014185658,0.25,150,5,0.09090909090909091,0.10585358260352117,0.43983108857894204,0.0,0.4771531116904007,0.0,0.875
mtd_ai,200,0.0050799640009428545,0.32608695652173914,2318.3278193912456,0.05,150,5,0.11904761904761905,1.16573846008541,3.7292400023068946,0.0,0.4933070879551145,0.0,0.8372093023255814
mtd_ai,200,0.0050799640009428545,0.39473684210526316,3239.645412335276,0.1,150,5,0.11904761904761905,1.16573846008541,3.7292400023068946,0.0,0.4933070879551145,0.0,0.8372093023255814
mtd_ai,200,0.0050799640009428545,0.45,4235.542904890293,0.15,150,5,0.11904761904761905,1.16573846008541,3.7292400023068946,0.0,0.4933070879551145,0.0,0.8372093023255814
mtd_ai,200,0.0050799640009428545,0.4918032786885246,4883.22092075822,0.2,150,5,0.11904761904761905,1.16573846008541,3.7292400023068946,0.0,0.4933070879551145,0.0,0.8372093023255814
mtd_ai,200,0.0050799640009428545,0.5208333333333334,5500.321979436136,0.25,150,5,0.11904761904761905,1.16573846008541,3.7292400023068946,0.0,0.4933070879551145,0.0,0.8372093023255814
mtd_ai,200,0.005059055351151873,0.3125,2767.4691143450846,0.05,150,5,0.13166666666666665,2.9088770006016866,4.900525874442124,0.0,0.481954660369857,0.0,0.7368421052631579
mtd_ai,200,0.005059055351151873,0.40540540540540543,3782.542992457158,0.1,150,5,0.13166666666666665,2.9088770006016866,4.900525874442124,0.0,0.481954660369857,0.0,0.7368421052631579
mtd_ai,200,0.005059055351151873,0.45918367346938777,4714.206897579215,0.15,150,5,0.13166666666666665,2.9088770006016866,4.900525874442124,0.0,0.481954660369857,0.0,0.7368421052631579
mtd_ai,200,0.005059055351151873,0.47619047619047616,5592.7663416081305,0.2,150,5,0.13166666666666665,2.9088770006016866,4.900525874442124,0.0,0.481954660369857,0.0,0.7368421052631579
mtd_ai,200,0.005059055351151873,0.4411764705882353,6676.81741952371,0.25,150,5,0.13166666666666665,2.9088770006016866,4.900525874442124,0.0,0.481954660369857,0.0,0.7368421052631579
mtd_ai,200,0.005058429981709154,0.25862068965517243,2913.9877729942145,0.05,150,5,0.13644444444444442,0.0745002188214845,0.323801249588985,0.0,0.4734752570949162,0.0,0.875
mtd_ai,200,0.005058429981709154,0.3,5045.808257919472,0.1,150,5,0.13644444444444442,0.0745002188214845,0.323801249588985,0.0,0.4734752570949162,0.0,0.875
mtd_ai,200,0.005058429981709154,0.36885245901639346,5752.824215435635,0.15,150,5,0.13644444444444442,0.0745002188214845,0.323801249588985,0.0,0.4734752570949162,0.0,0.875
mtd_ai,200,0.005058429981709154,0.4225352112676056,6248.9734284200595,0.2,150,5,0.13644444444444442,0.0745002188214845,0.323801249588985,0.0,0.4734752570949162,0.0,0.875
mtd_ai,200,0.005058429981709154,0.46296296296296297,6725.690038688196,0.25,150,5,0.13644444444444442,0.0745002188214845,0.323801249588985,0.0,0.4734752570949162,0.0,0.875
mtd_ai,200,0.0050669835464627255,0.24193548387096775,2685.6051928091106,0.05,150,5,0.1615,0.14933903448641783,0.6172809243211524,0.0,0.4547047434272487,0.0,0.8076923076923077
mtd_ai,200,0.0050669835464627255,0.3,4117.476794889795,0.1,150,5,0.1615,0.14933903448641783,0.6172809243211524,0.0,0.4547047434272487,0.0,0.8076923076923077
mtd_ai,200,0.0050669835464627255,0.31690140845070425,5728.339836362418,0.15,150,5,0.1615,0.14933903448641783,0.6172809243211524,0.0,0.4547047434272487,0.0,0.8076923076923077
mtd_ai,200,0.0050669835464627255,0.3614457831325301,6500.466836507045,0.2,150,5,0.1615,0.14933903448641783,0.6172809243211524,0.0,0.4547047434272487,0.0,0.8076923076923077
mtd_ai,200,0.0050669835464627255,0.4032258064516129,6893.529411980826,0.25,150,5,0.1615,0.14933903448641783,0.6172809243211524,0.0,0.4547047434272487,0.0,0.8076923076923077
mtd_ai,200,0.005061274261855529,0.19230769230769232,3559.599393985617,0.05,150,5,0.14933333333333332,1.053917847695884,3.639904204583573,0.0,0.49548153077496476,0.0,0.7735849056603774
mtd_ai,200,0.005061274261855529,0.2777777777777778,4379.681844027689,0.1,150,5,0.14933333333333332,1.053917847695884,3.639904204583573,0.0,0.49548153077496476,0.0,0.7735849056603774
mtd_ai,200,0.005061274261855529,0.34615384615384615,4897.845576223652,0.15,150,5,0.14933333333333332,1.053917847695884,3.639904204583573,0.0,0.49548153077496476,0.0,0.7735849056603774
mtd_ai,200,0.005061274261855529,0.375,5969.807032086228,0.2,150,5,0.14933333333333332,1.053917847695884,3.639904204583573,0.0,0.49548153077496476,0.0,0.7735849056603774
mtd_ai,200,0.005061274261855529,0.39893617021276595,6465.2416879472885,0.25,150,5,0.14933333333333332,1.053917847695884,3.639904204583573,0.0,0.49548153077496476,0.0,0.7735849056603774
mtd_ai,200,0.005064326692612736,0.46875,1348.2928532943092,0.05,150,5,0.06666666666666667,0.8185355749676853,3.1111996434555107,0.0,0.47987482429164985,0.0,0.8611111111111112
mtd_ai,200,0.005064326692612736,0.45454545454545453,2763.9884773679264,0.1,150,5,0.06666666666666667,0.8185355749676853,3.1111996434555107,0.0,0.47987482429164985,0.0,0.8611111111111112
mtd_ai,200,0.005064326692612736,0.5113636363636364,3476.818273163335,0.15,150,5,0.06666666666666667,0.8185355749676853,3.1111996434555107,0.0,0.47987482429164985,0.0,0.8611111111111112
mtd_ai,200,0.005064326692612736,0.5357142857142857,4293.968245060369,0.2,150,5,0.06666666666666667,0.8185355749676853,3.1111996434555107,0.0,0.47987482429164985,0.0,0.8611111111111112
mtd_ai,200,0.005064326692612736,0.5769230769230769,4656.137455354361,0.25,150,5,0.06666666666666667,0.8185355749676853,3.1111996434555107,0.0,0.47987482429164985,0.0,0.8611111111111112
mtd_ai,200,0.005074923145230219,0.35714285714285715,1915.1735135784143,0.05,150,5,0.11733333333333335,0.8494222098870915,3.120504565739722,0.0,0.47520459362169587,0.0,0.7916666666666666
mtd_ai,200,0.005074923145230219,0.42857142857142855,2810.030513289304,0.1,150,5,0.11733333333333335,0.8494222098870915,3.120504565739722,0.0,0.47520459362169587,0.0,0.7916666666666666
mtd_ai,200,0.005074923145230219,0.5,3396.7759263709095,0.15,150,5,0.11733333333333335,0.8494222098870915,3.120504565739722,0.0,0.47520459362169587,0.0,0.7916666666666666
mtd_ai,200,0.005074923145230219,0.5,4377.2415098729425,0.2,150,5,0.11733333333333335,0.8494222098870915,3.120504565739722,0.0,0.47520459362169587,0.0,0.7916666666666666
mtd_ai,200,0.005074923145230219,0.4934210526315789,6059.553410680355,0.25,150,5,0.11733333333333335,0.8494222098870915,3.120504565739722,0.0,0.47520459362169587,0.0,0.7916666666666666
mtd_ai,200,0.005043245527497073,0.32608695652173914,2005.60743457667,0.05,150,5,0.2,1.0940602919053948,3.4120692373811816,-5.0,0.48093239620598716,0.0,0.9090909090909091
mtd_ai,200,0.005043245527497073,0.3,5000.201267712354,0.1,150,5,0.2,1.0940602919053948,3.4120692373811816,-5.0,0.48093239620598716,0.0,0.9090909090909091
mtd_ai,200,0.005043245527497073,0.375,5514.299637915549,0.15,150,5,0.2,1.0940602919053948,3.4120692373811816,-5.0,0.48093239620598716,0.0,0.9090909090909091
mtd_ai,200,0.005043245527497073,0.410958904109589,5989.817294740853,0.2,150,5,0.2,1.0940602919053948,3.4120692373811816,-5.0,0.48093239620598716,0.0,0.9090909090909091
mtd_ai,200,0.005043245527497073,0.45180722891566266,6410.456179169265,0.25,150,5,0.2,1.0940602919053948,3.4120692373811816,-5.0,0.48093239620598716,0.0,0.9090909090909091
mtd_ai,200,0.005049258702198376,0.39473684210526316,1862.8260146927207,0.05,150,5,0.14866666666666667,1.9534873220557456,3.7050871181431058,0.0,0.5383774946022395,0.0,0.868421052631579
mtd_ai,200,0.005049258702198376,0.45454545454545453,2828.5490401161733,0.1,150,5,0.14866666666666667,1.9534873220557456,3.7050871181431058,0.0,0.5383774946022395,0.0,0.868421052631579
mtd_ai,200,0.005049258702198376,0.5,3429.861210869627,0.15,150,5,0.14866666666666667,1.9534873220557456,3.7050871181431058,0.0,0.5383774946022395,0.0,0.868421052631579
mtd_ai,200,0.005049258702198376,0.5263157894736842,4087.855414448578,0.2,150,5,0.14866666666666667,1.9534873220557456,3.7050871181431058,0.0,0.5383774946022395,0.0,0.868421052631579
mtd_ai,200,0.005049258702198376,0.5357142857142857,4858.878435095234,0.25,150,5,0.14866666666666667,1.9534873220557456,3.7050871181431058,0.0,0.5383774946022395,0.0,0.868421052631579
mtd_ai,200,0.005041628821879119,0.28846153846153844,2697.961800024089,0.05,150,5,0.13666666666666666,2.148057107529968,4.449564686649818,0.0,0.4880178763193039,0.0,0.8297872340425532
mtd_ai,200,0.005041628821879119,0.3488372093023256,4117.34869158358,0.1,150,5,0.13666666666666666,2.148057107529968,4.449564686649818,0.0,0.4880178763193039,0.0,0.8297872340425532
mtd_ai,200,0.005041628821879119,0.4326923076923077,4786.54223230131,0.15,150,5,0.13666666666666666,2.148057107529968,4.449564686649818,0.0,0.4880178763193039,0.0,0.8297872340425532
mtd_ai,200,0.005041628821879119,0.45454545454545453,5482.111204261517,0.2,150,5,0.13666666666666666,2.148057107529968,4.449564686649818,0.0,0.4880178763193039,0.0,0.8297872340425532
mtd_ai,200,0.005041628821879119,0.46875,6242.9729018039725,0.25,150,5,0.13666666666666666,2.148057107529968,4.449564686649818,0.0,0.4880178763193039,0.0,0.8297872340425532
mtd_ai,200,0.005038611164255061,0.3,2711.5786881918957,0.05,150,5,0.14015873015873018,1.923979348815625,4.279566542388705,0.0,0.4852436467328209,0.0,0.803921568627451
mtd_ai,200,0.005038611164255061,0.40540540540540543,4084.464854766744,0.1,150,5,0.14015873015873018,1.923979348815625,4.279566542388705,0.0,0.4852436467328209,0.0,0.803921568627451
mtd_ai,200,0.005038611164255061,0.4166666666666667,5301.5442073485465,0.15,150,5,0.14015873015873018,1.923979348815625,4.279566542388705,0.0,0.4852436467328209,0.0,0.803921568627451
mtd_ai,200,0.005038611164255061,0.4411764705882353,6034.778126307324,0.2,150,5,0.14015873015873018,1.923979348815625,4.279566542388705,0.0,0.4852436467328209,0.0,0.803921568627451
mtd_ai,200,0.005038611164255061,0.46875,6544.834681151177,0.25,150,5,0.14015873015873018,1.923979348815625,4.279566542388705,0.0,0.4852436467328209,0.0,0.803921568627451
mtd_ai,200,0.005074607324014177,0.3,2301.3538733389523,0.05,150,5,0.1511111111111111,1.421468707236946,4.385956106510727,0.0,0.5095980483504711,0.0,0.8181818181818182
mtd_ai,200,0.005074607324014177,0.38461538461538464,3314.9951085546477,0.1,150,5,0.1511111111111111,1.421468707236946,4.385956106510727,0.0,0.5095980483504711,0.0,0.8181818181818182
mtd_ai,200,0.005074607324014177,0.4411764705882353,4651.161377680499,0.15,150,5,0.1511111111111111,1.421468707236946,4.385956106510727,0.0,0.5095980483504711,0.0,0.8181818181818182
mtd_ai,200,0.005074607324014177,0.4838709677419355,5104.548284655455,0.2,150,5,0.1511111111111111,1.421468707236946,4.385956106510727,0.0,0.5095980483504711,0.0,0.8181818181818182
mtd_ai,200,0.005074607324014177,0.528169014084507,5655.393869113186,0.25,150,5,0.1511111111111111,1.421468707236946,4.385956106510727,0.0,0.5095980483504711,0.0,0.8181818181818182
mtd_ai,200,0.005062998998403806,0.3409090909090909,2428.0981255215784,0.05,150,5,0.08777777777777777,0.021235998134430674,0.06189243073066001,0.0,0.48614934941620563,0.0,0.8333333333333334
mtd_ai,200,0.005062998998403806,0.42857142857142855,3535.1271243716137,0.1,150,5,0.08777777777777777,0.021235998134430674,0.06189243073066001,0.0,0.48614934941620563,0.0,0.8333333333333334
mtd_ai,200,0.005062998998403806,0.5,4169.873847243047,0.15,150,5,0.08777777777777777,0.021235998134430674,0.06189243073066001,0.0,0.48614934941620563,0.0,0.8333333333333334
mtd_ai,200,0.005062998998403806,0.45454545454545453,5786.420228156728,0.2,150,5,0.08777777777777777,0.021235998134430674,0.06189243073066001,0.0,0.48614934941620563,0.0,0.8333333333333334
mtd_ai,200,0.005062998998403806,0.487012987012987,6353.975814847135,0.25,150,5,0.08777777777777777,0.021235998134430674,0.06189243073066001,0.0,0.48614934941620563,0.0,0.8333333333333334
mtd_ai,200,0.0050590696460068195,0.22058823529411764,2454.954126569327,0.05,150,5,0.13666666666666666,0.7529245534227875,2.7886114217888984,0.0,0.47585896811572215,0.0,0.7627118644067796
mtd_ai,200,0.0050590696460068195,0.2777777777777778,4605.593712835545,0.1,150,5,0.13666666666666666,0.7529245534227875,2.7886114217888984,0.0,0.47585896811572215,0.0,0.7627118644067796
mtd_ai,200,0.0050590696460068195,0.3125,5592.203067851408,0.15,150,5,0.13666666666666666,0.7529245534227875,2.7886114217888984,0.0,0.47585896811572215,0.0,0.7627118644067796
mtd_ai,200,0.0050590696460068195,0.3614457831325301,6319.984245726429,0.2,150,5,0.13666666666666666,0.7529245534227875,2.7886114217888984,0.0,0.47585896811572215,0.0,0.7627118644067796
mtd_ai,200,0.0050590696460068195,0.3826530612244898,7129.868199280055,0.25,150,5,0.13666666666666666,0.7529245534227875,2.7886114217888984,0.0,0.47585896811572215,0.0,0.7627118644067796
mtd_ai,200,0.00503743192658733,0.4166666666666667,1558.6804401418365,0.05,150,5,0.12777777777777777,2.3881535043066737,2.4783200571143658,0.0,0.5058276083584583,0.0,0.8148148148148148
mtd_ai,200,0.00503743192658733,0.3333333333333333,3661.8320852183197,0.1,150,5,0.12777777777777777,2.3881535043066737,2.4783200571143658,0.0,0.5058276083584583,0.0,0.8148148148148148
mtd_ai,200,0.00503743192658733,0.3515625,5759.694663339185,0.15,150,5,0.12777777777777777,2.3881535043066737,2.4783200571143658,0.0,0.5058276083584583,0.0,0.8148148148148148
mtd_ai,200,0.00503743192658733,0.39473684210526316,6405.510866417951,0.2,150,5,0.12777777777777777,2.3881535043066737,2.4783200571143658,0.0,0.5058276083584583,0.0,0.8148148148148148
mtd_ai,200,0.00503743192658733,0.43103448275862066,6926.8380768978095,0.25,150,5,0.12777777777777777,2.3881535043066737,2.4783200571143658,0.0,0.5058276083584583,0.0,0.8148148148148148
mtd_ai,200,0.005063473415293999,0.4411764705882353,1452.7174796493255,0.05,150,5,0.1654920634920635,0.8018497041598571,3.090837999785836,0.0,0.4464043908377815,0.0,0.6666666666666666
mtd_ai,200,0.005063473415293999,0.46875,2517.2336938974636,0.1,150,5,0.1654920634920635,0.8018497041598571,3.090837999785836,0.0,0.4464043908377815,0.0,0.6666666666666666
mtd_ai,200,0.005063473415293999,0.5,3244.666236511066,0.15,150,5,0.1654920634920635,0.8018497041598571,3.090837999785836,0.0,0.4464043908377815,0.0,0.6666666666666666
mtd_ai,200,0.005063473415293999,0.5357142857142857,3741.4872277182494,0.2,150,5,0.1654920634920635,0.8018497041598571,3.090837999785836,0.0,0.4464043908377815,0.0,0.6666666666666666
mtd_ai,200,0.005063473415293999,0.5434782608695652,4768.8865213430745,0.25,150,5,0.1654920634920635,0.8018497041598571,3.090837999785836,0.0,0.4464043908377815,0.0,0.6666666666666666
mtd_ai,200,0.005048166802046521,0.32608695652173914,1822.9596907379819,0.05,150,5,0.2844126984126984,0.9669629018413977,0.922521332988396,0.0,0.4745763789729258,0.0,0.76
mtd_ai,200,0.005048166802046521,0.39473684210526316,3444.972131065278,0.1,150,5,0.2844126984126984,0.9669629018413977,0.922521332988396,0.0,0.4745763789729258,0.0,0.76
mtd_ai,200,0.005048166802046521,0.4411764705882353,4870.933498462427,0.15,150,5,0.2844126984126984,0.9669629018413977,0.922521332988396,0.0,0.4745763789729258,0.0,0.76
mtd_ai,200,0.005048166802046521,0.4838709677419355,5458.63412595478,0.2,150,5,0.2844126984126984,0.9669629018413977,0.922521332988396,0.0,0.4745763789729258,0.0,0.76
mtd_ai,200,0.005048166802046521,0.5208333333333334,5901.046397474327,0.25,150,5,0.2844126984126984,0.9669629018413977,0.922521332988396,0.0,0.4745763789729258,0.0,0.76
mtd_ai,200,0.005035418667257259,0.3409090909090909,1878.783392036877,0.05,150,5,0.17888888888888888,0.9321386657238657,3.6326569557973074,0.0,0.5073260939343639,0.0,0.8888888888888888
mtd_ai,200,0.005035418667257259,0.3191489361702128,4965.503128524515,0.1,150,5,0.17888888888888888,0.9321386657238657,3.6326569557973074,0.0,0.5073260939343639,0.0,0.8888888888888888
mtd_ai,200,0.005035418667257259,0.4090909090909091,5383.135598721304,0.15,150,5,0.17888888888888888,0.9321386657238657,3.6326569557973074,0.0,0.5073260939343639,0.0,0.8888888888888888
mtd_ai,200,0.005035418667257259,0.4411764705882353,5840.612741300631,0.2,150,5,0.17888888888888888,0.9321386657238657,3.6326569557973074,0.0,0.5073260939343639,0.0,0.8888888888888888
mtd_ai,200,0.005035418667257259,0.487012987012987,6229.802691875286,0.25,150,5,0.17888888888888888,0.9321386657238657,3.6326569557973074,0.0,0.5073260939343639,0.0,0.8888888888888888
mtd_ai,200,0.005032520869693631,0.3125,1523.7838455694477,0.05,150,5,0.1288888888888889,0.2253266611609118,0.6522659675572495,0.0,0.46866377216046173,0.0,0.88
mtd_ai,200,0.005032520869693631,0.3409090909090909,3266.246769454657,0.1,150,5,0.1288888888888889,0.2253266611609118,0.6522659675572495,0.0,0.46866377216046173,0.0,0.88
mtd_ai,200,0.005032520869693631,0.34615384615384615,5284.758926856756,0.15,150,5,0.1288888888888889,0.2253266611609118,0.6522659675572495,0.0,0.46866377216046173,0.0,0.88
mtd_ai,200,0.005032520869693631,0.3448275862068966,6708.826412771408,0.2,150,5,0.1288888888888889,0.2253266611609118,0.6522659675572495,0.0,0.46866377216046173,0.0,0.88
mtd_ai,200,0.005032520869693631,0.390625,7042.272947912097,0.25,150,5,0.1288888888888889,0.2253266611609118,0.6522659675572495,0.0,0.46866377216046173,0.0,0.88
mtd_ai,200,0.0050500851312190315,0.3409090909090909,1949.791647223822,0.05,150,5,0.104,0.6583431375483281,2.749883992266116,0.0,0.4889402005930785,0.0,0.8333333333333334
mtd_ai,200,0.0050500851312190315,0.35714285714285715,3642.38061310909,0.1,150,5,0.104,0.6583431375483281,2.749883992266116,0.0,0.4889402005930785,0.0,0.8333333333333334
mtd_ai,200,0.0050500851312190315,0.375,4928.895520862861,0.15,150,5,0.104,0.6583431375483281,2.749883992266116,0.0,0.4889402005930785,0.0,0.8333333333333334
mtd_ai,200,0.0050500851312190315,0.35714285714285715,7448.399201001777,0.2,150,5,0.104,0.6583431375483281,2.749883992266116,0.0,0.4889402005930785,0.0,0.8333333333333334
mtd_ai,200,0.0050500851312190315,0.39473684210526316,7905.907912917704,0.25,150,5,0.104,0.6583431375483281,2.749883992266116,0.0,0.4889402005930785,0.0,0.8333333333333334
mtd_ai,200,0.0050698786727535914,0.35714285714285715,2308.991353511461,0.05,150,5,0.20238095238095238,0.12769249569109847,0.205153356288842,0.0,0.5304965221883504,0.0,0.7692307692307693
mtd_ai,200,0.0050698786727535914,0.4166666666666667,3365.9431939293113,0.1,150,5,0.20238095238095238,0.12769249569109847,0.205153356288842,0.0,0.5304965221883504,0.0,0.7692307692307693
mtd_ai,200,0.0050698786727535914,0.46875,4105.019559735823,0.15,150,5,0.20238095238095238,0.12769249569109847,0.205153356288842,0.0,0.5304965221883504,0.0,0.7692307692307693
mtd_ai,200,0.0050698786727535914,0.4838709677419355,4858.771538239516,0.2,150,5,0.20238095238095238,0.12769249569109847,0.205153356288842,0.0,0.5304965221883504,0.0,0.7692307692307693
mtd_ai,200,0.0050698786727535914,0.436046511627907,6127.817319985683,0.25,150,5,0.20238095238095238,0.12769249569109847,0.205153356288842,0.0,0.5304965221883504,0.0,0.7692307692307693
mtd_ai,200,0.005036037073497778,0.32608695652173914,2237.636418116325,0.05,150,5,0.17777777777777776,0.9234907053627261,4.049053919076435,0.0,0.492864848449195,0.0,0.8113207547169812
mtd_ai,200,0.005036037073497778,0.40540540540540543,3432.3999215872127,0.1,150,5,0.17777777777777776,0.9234907053627261,4.049053919076435,0.0,0.492864848449195,0.0,0.8113207547169812
mtd_ai,200,0.005036037073497778,0.375,5017.770839821756,0.15,150,5,0.17777777777777776,0.9234907053627261,4.049053919076435,0.0,0.492864848449195,0.0,0.8113207547169812
mtd_ai,200,0.005036037073497778,0.379746835443038,5920.537110521784,0.2,150,5,0.17777777777777776,0.9234907053627261,4.049053919076435,0.0,0.492864848449195,0.0,0.8113207547169812
mtd_ai,200,0.005036037073497778,0.42134831460674155,6371.242799383335,0.25,150,5,0.17777777777777776,0.9234907053627261,4.049053919076435,0.0,0.492864848449195,0.0,0.8113207547169812
mtd_ai,200,0.005043895448669997,0.234375,3665.10054410345,0.05,150,5,0.16355555555555554,0.2882862371576817,1.1021270337943676,0.0,0.4869582700356091,0.0,0.8888888888888888
mtd_ai,200,0.005043895448669997,0.3333333333333333,4557.445556107328,0.1,150,5,0.16355555555555554,0.2882862371576817,1.1021270337943676,0.0,0.4869582700356091,0.0,0.8888888888888888
mtd_ai,200,0.005043895448669997,0.4017857142857143,5171.548626071821,0.15,150,5,0.16355555555555554,0.2882862371576817,1.1021270337943676,0.0,0.4869582700356091,0.0,0.8888888888888888
mtd_ai,200,0.005043895448669997,0.44776119402985076,5639.124080748657,0.2,150,5,0.16355555555555554,0.2882862371576817,1.1021270337943676,0.0,0.4869582700356091,0.0,0.8888888888888888
mtd_ai,200,0.005043895448669997,0.45180722891566266,6343.503009407492,0.25,150,5,0.16355555555555554,0.2882862371576817,1.1021270337943676,0.0,0.4869582700356091,0.0,0.8888888888888888
mtd_ai,200,0.005069533811494288,0.25862068965517243,3260.489250757589,0.05,150,5,0.1554054054054054,0.14248263851925494,0.5650003510878115,0.0,0.4479670024985472,0.0,0.9130434782608695
mtd_ai,200,0.005069533811494288,0.3333333333333333,4826.53527423549,0.1,150,5,0.1554054054054054,0.14248263851925494,0.5650003510878115,0.0,0.4479670024985472,0.0,0.9130434782608695
mtd_ai,200,0.005069533811494288,0.4090909090909091,5272.9289028816,0.15,150,5,0.1554054054054054,0.14248263851925494,0.5650003510878115,0.0,0.4479670024985472,0.0,0.9130434782608695
mtd_ai,200,0.005069533811494288,0.44776119402985076,5835.041847817985,0.2,150,5,0.1554054054054054,0.14248263851925494,0.5650003510878115,0.0,0.4479670024985472,0.0,0.9130434782608695
mtd_ai,200,0.005069533811494288,0.46296296296296297,6806.531487593695,0.25,150,5,0.1554054054054054,0.14248263851925494,0.5650003510878115,0.0,0.4479670024985472,0.0,0.9130434782608695
mtd_ai,200,0.005060083358032636,0.39473684210526316,2241.5785901185636,0.05,150,5,0.14533333333333334,0.480521894643098,1.6058687567872654,0.0,0.4716744624229395,0.0,0.7358490566037735
mtd_ai,200,0.005060083358032636,0.4166666666666667,3840.943623544522,0.1,150,5,0.14533333333333334,0.480521894643098,1.6058687567872654,0.0,0.4716744624229395,0.0,0.7358490566037735
mtd_ai,200,0.005060083358032636,0.4787234042553192,4859.451717108923,0.15,150,5,0.14533333333333334,0.480521894643098,1.6058687567872654,0.0,0.4716744624229395,0.0,0.7358490566037735
mtd_ai,200,0.005060083358032636,0.5263157894736842,5298.1497454042255,0.2,150,5,0.14533333333333334,0.480521894643098,1.6058687567872654,0.0,0.4716744624229395,0.0,0.7358490566037735
mtd_ai,200,0.005060083358032636,0.5357142857142857,6060.684395573319,0.25,150,5,0.14533333333333334,0.480521894643098,1.6058687567872654,0.0,0.4716744624229395,0.0,0.7358490566037735
mtd_ai,200,0.005072421398682518,0.3409090909090909,1369.8571648557804,0.05,150,5,0.13466666666666666,1.8003490632853711,3.204295962809241,0.0,0.4759200918798144,0.0,0.8297872340425532
mtd_ai,200,0.005072421398682518,0.36585365853658536,2736.1818014492633,0.1,150,5,0.13466666666666666,1.8003490632853711,3.204295962809241,0.0,0.4759200918798144,0.0,0.8297872340425532
mtd_ai,200,0.005072421398682518,0.4411764705882353,3082.357555415525,0.15,150,5,0.13466666666666666,1.8003490632853711,3.204295962809241,0.0,0.4759200918798144,0.0,0.8297872340425532
mtd_ai,200,0.005072421398682518,0.4225352112676056,4996.037003095154,0.2,150,5,0.13466666666666666,1.8003490632853711,3.204295962809241,0.0,0.4759200918798144,0.0,0.8297872340425532
mtd_ai,200,0.005072421398682518,0.43103448275862066,5907.398594238226,0.25,150,5,0.13466666666666666,1.8003490632853711,3.204295962809241,0.0,0.4759200918798144,0.0,0.8297872340425532
mtd_ai,200,0.005067151412921057,0.3409090909090909,1878.7564892511048,0.05,150,5,0.096,0.9922238053090976,3.8923851209161775,0.0,0.47929210412819206,0.0,0.8809523809523809
mtd_ai,200,0.005067151412921057,0.38461538461538464,3469.7515974681073,0.1,150,5,0.096,0.9922238053090976,3.8923851209161775,0.0,0.47929210412819206,0.0,0.8809523809523809
mtd_ai,200,0.005067151412921057,0.42452830188679247,4703.819936292064,0.15,150,5,0.096,0.9922238053090976,3.8923851209161775,0.0,0.47929210412819206,0.0,0.8809523809523809
mtd_ai,200,0.005067151412921057,0.45454545454545453,5402.65495552454,0.2,150,5,0.096,0.9922238053090976,3.8923851209161775,0.0,0.47929210412819206,0.0,0.8809523809523809
mtd_ai,200,0.005067151412921057,0.5,5918.407537448952,0.25,150,5,0.096,0.9922238053090976,3.8923851209161775,0.0,0.47929210412819206,0.0,0.8809523809523809
mtd_ai,200,0.0050413913539842205,0.35714285714285715,1629.0460362719205,0.05,150,5,0.13,1.1113121396025865,4.455063240375411,0.0,0.4933822317501403,0.0,0.8636363636363636
mtd_ai,200,0.0050413913539842205,0.4411764705882353,2586.4501970151578,0.1,150,5,0.13,1.1113121396025865,4.455063240375411,0.0,0.4933822317501403,0.0,0.8636363636363636
mtd_ai,200,0.0050413913539842205,0.45,3953.412312526948,0.15,150,5,0.13,1.1113121396025865,4.455063240375411,0.0,0.4933822317501403,0.0,0.8636363636363636
mtd_ai,200,0.0050413913539842205,0.46153846153846156,5383.576521025173,0.2,150,5,0.13,1.1113121396025865,4.455063240375411,0.0,0.4933822317501403,0.0,0.8636363636363636
mtd_ai,200,0.0050413913539842205,0.487012987012987,6058.718088328471,0.25,150,5,0.13,1.1113121396025865,4.455063240375411,0.0,0.4933822317501403,0.0,0.8636363636363636
mtd_ai,200,0.005038767085292683,0.3,2383.6726119682185,0.05,150,5,0.159,3.508638409194752,5.131386966646605,0.0,0.4435670782218013,0.0,0.7368421052631579
mtd_ai,200,0.005038767085292683,0.3488372093023256,3971.726221367447,0.1,150,5,0.159,3.508638409194752,5.131386966646605,0.0,0.4435670782218013,0.0,0.7368421052631579
mtd_ai,200,0.005038767085292683,0.3813559322033898,5358.28855854042,0.15,150,5,0.159,3.508638409194752,5.131386966646605,0.0,0.4435670782218013,0.0,0.7368421052631579
mtd_ai,200,0.005038767085292683,0.39473684210526316,6343.389397927955,0.2,150,5,0.159,3.508638409194752,5.131386966646605,0.0,0.4435670782218013,0.0,0.7368421052631579
mtd_ai,200,0.005038767085292683,0.43103448275862066,6798.194345222635,0.25,150,5,0.159,3.508638409194752,5.131386966646605,0.0,0.4435670782218013,0.0,0.7368421052631579
mtd_ai,200,0.0050422962601548,0.3409090909090909,2375.914572702185,0.05,150,5,0.19633333333333333,0.3544351525671035,1.5235513054225311,0.0,0.5261278165053817,0.0,0.8222222222222222
mtd_ai,200,0.0050422962601548,0.4411764705882353,3192.5571550807545,0.1,150,5,0.19633333333333333,0.3544351525671035,1.5235513054225311,0.0,0.5261278165053817,0.0,0.8222222222222222
mtd_ai,200,0.0050422962601548,0.4787234042553192,4191.543964318868,0.15,150,5,0.19633333333333333,0.3544351525671035,1.5235513054225311,0.0,0.5261278165053817,0.0,0.8222222222222222
mtd_ai,200,0.0050422962601548,0.5357142857142857,4630.01218559927,0.2,150,5,0.19633333333333333,0.3544351525671035,1.5235513054225311,0.0,0.5261278165053817,0.0,0.8222222222222222
mtd_ai,200,0.0050422962601548,0.5136986301369864,5850.240580722065,0.25,150,5,0.19633333333333333,0.3544351525671035,1.5235513054225311,0.0,0.5261278165053817,0.0,0.8222222222222222
mtd_ai,200,0.005066440482125348,0.4411764705882353,2079.6266163131854,0.05,150,5,0.2777777777777778,0.6239302160974761,1.3304035025343843,0.0,0.41781672690178917,8.142057904757125e-05,0.8260869565217391
mtd_ai,200,0.005066440482125348,0.42857142857142855,3366.3513536992464,0.1,150,5,0.2777777777777778,0.6239302160974761,1.3304035025343843,0.0,0.41781672690178917,8.142057904757125e-05,0.8260869565217391
mtd_ai,200,0.005066440482125348,0.45,4786.413515990087,0.15,150,5,0.2777777777777778,0.6239302160974761,1.3304035025343843,0.0,0.41781672690178917,8.142057904757125e-05,0.8260869565217391
mtd_ai,200,0.005066440482125348,0.46875,5460.5083572869535,0.2,150,5,0.2777777777777778,0.6239302160974761,1.3304035025343843,0.0,0.41781672690178917,8.142057904757125e-05,0.8260869565217391
mtd_ai,200,0.005066440482125348,0.4934210526315789,5968.844385005614,0.25,150,5,0.2777777777777778,0.6239302160974761,1.3304035025343843,0.0,0.41781672690178917,8.142057904757125e-05,0.8260869565217391
mtd_ai,200,0.005033362008827254,0.234375,3884.3538393562812,0.05,150,5,0.16288888888888886,1.0760851480623779,3.6828738734009163,0.0,0.3889555081050853,0.00036010707731885995,0.8333333333333334
mtd_ai,200,0.005033362008827254,0.32608695652173914,4570.3987161149025,0.1,150,5,0.16288888888888886,1.0760851480623779,3.6828738734009163,0.0,0.3889555081050853,0.00036010707731885995,0.8333333333333334
mtd_ai,200,0.005033362008827254,0.35714285714285715,5767.730150723815,0.15,150,5,0.16288888888888886,1.0760851480623779,3.6828738734009163,0.0,0.3889555081050853,0.00036010707731885995,0.8333333333333334
mtd_ai,200,0.005033362008827254,0.4,6308.6353223842525,0.2,150,5,0.16288888888888886,1.0760851480623779,3.6828738734009163,0.0,0.3889555081050853,0.00036010707731885995,0.8333333333333334
mtd_ai,200,0.005033362008827254,0.3865979381443299,7206.52909714692,0.25,150,5,0.16288888888888886,1.0760851480623779,3.6828738734009163,0.0,0.3889555081050853,0.00036010707731885995,0.8333333333333334
mtd_ai,200,0.005062555717602887,0.2777777777777778,2373.491678330344,0.05,150,5,0.06666666666666667,0.8027972841227542,3.1261346396430167,0.0,0.44570401116049957,0.000326178586024473,0.7818181818181819
mtd_ai,200,0.005062555717602887,0.3191489361702128,4352.7003437208,0.1,150,5,0.06666666666666667,0.8027972841227542,3.1261346396430167,0.0,0.44570401116049957,0.000326178586024473,0.7818181818181819
mtd_ai,200,0.005062555717602887,0.3879310344827586,4976.725949235288,0.15,150,5,0.06666666666666667,0.8027972841227542,3.1261346396430167,0.0,0.44570401116049957,0.000326178586024473,0.7818181818181819
mtd_ai,200,0.005062555717602887,0.38961038961038963,6739.688986635492,0.2,150,5,0.06666666666666667,0.8027972841227542,3.1261346396430167,0.0,0.44570401116049957,0.000326178586024473,0.7818181818181819
mtd_ai,200,0.005062555717602887,0.4411764705882353,6963.255259364838,0.25,150,5,0.06666666666666667,0.8027972841227542,3.1261346396430167,0.0,0.44570401116049957,0.000326178586024473,0.7818181818181819
mtd_ai,200,0.005056547001130719,0.375,2277.7099858027404,0.05,150,5,0.14666666666666667,0.9409414870440567,1.764102073955505,0.0,0.27134213636488175,0.00027201644621122246,0.7166666666666667
mtd_ai,200,0.005056547001130719,0.36585365853658536,3388.8319831561034,0.1,150,5,0.14666666666666667,0.9409414870440567,1.764102073955505,0.0,0.27134213636488175,0.00027201644621122246,0.7166666666666667
mtd_ai,200,0.005056547001130719,0.39473684210526316,4603.470111441284,0.15,150,5,0.14666666666666667,0.9409414870440567,1.764102073955505,0.0,0.27134213636488175,0.00027201644621122246,0.7166666666666667
mtd_ai,200,0.005056547001130719,0.4411764705882353,5375.504185932257,0.2,150,5,0.14666666666666667,0.9409414870440567,1.764102073955505,0.0,0.27134213636488175,0.00027201644621122246,0.7166666666666667
mtd_ai,200,0.005056547001130719,0.3865979381443299,6726.747117366987,0.25,150,5,0.14666666666666667,0.9409414870440567,1.764102073955505,0.0,0.27134213636488175,0.00027201644621122246,0.7166666666666667
mtd_ai,200,0.005070495380513436,0.2777777777777778,2896.975128122887,0.05,150,5,0.07777777777777778,5.803392282453033,5.632929761862419,0.0,0.32262259214828387,0.00020278833530610813,0.7450980392156863
mtd_ai,200,0.005070495380513436,0.35714285714285715,4103.094097904723,0.1,150,5,0.07777777777777778,5.803392282453033,5.632929761862419,0.0,0.32262259214828387,0.00020278833530610813,0.7450980392156863
mtd_ai,200,0.005070495380513436,0.4411764705882353,4917.921821749338,0.15,150,5,0.07777777777777778,5.803392282453033,5.632929761862419,0.0,0.32262259214828387,0.00020278833530610813,0.7450980392156863
mtd_ai,200,0.005070495380513436,0.4838709677419355,5523.4342215588,0.2,150,5,0.07777777777777778,5.803392282453033,5.632929761862419,0.0,0.32262259214828387,0.00020278833530610813,0.7450980392156863
mtd_ai,200,0.005070495380513436,0.5067567567567568,6307.927109069067,0.25,150,5,0.07777777777777778,5.803392282453033,5.632929761862419,0.0,0.32262259214828387,0.00020278833530610813,0.7450980392156863
mtd_ai,200,0.005046422593501525,0.5,1357.5129285750365,0.05,150,5,0.11777777777777776,0.7598560616359151,3.148741733536046,0.0,0.21104465598282388,0.00039429173086900384,0.9090909090909091
mtd_ai,200,0.005046422593501525,0.35714285714285715,3381.2569415512153,0.1,150,5,0.11777777777777776,0.7598560616359151,3.148741733536046,0.0,0.21104465598282388,0.00039429173086900384,0.9090909090909091
mtd_ai,200,0.005046422593501525,0.3879310344827586,4629.655845653004,0.15,150,5,0.11777777777777776,0.7598560616359151,3.148741733536046,0.0,0.21104465598282388,0.00039429173086900384,0.9090909090909091
mtd_ai,200,0.005046422593501525,0.4225352112676056,5680.426214089896,0.2,150,5,0.11777777777777776,0.7598560616359151,3.148741733536046,0.0,0.21104465598282388,0.00039429173086900384,0.9090909090909091
mtd_ai,200,0.005046422593501525,0.45180722891566266,6316.790529374795,0.25,150,5,0.11777777777777776,0.7598560616359151,3.148741733536046,0.0,0.21104465598282388,0.00039429173086900384,0.9090909090909091
mtd_ai,200,0.005037752805434993,0.25,3432.5775608931717,0.05,150,5,0.17777777777777778,0.29747292994761176,0.45481246230373784,0.0,0.3913972253877052,0.0005009200394436213,0.8181818181818182
mtd_ai,200,0.005037752805434993,0.2777777777777778,5267.801849071537,0.1,150,5,0.17777777777777778,0.29747292994761176,0.45481246230373784,0.0,0.3913972253877052,0.0005009200394436213,0.8181818181818182
mtd_ai,200,0.005037752805434993,0.32608695652173914,6242.08909158699,0.15,150,5,0.17777777777777778,0.29747292994761176,0.45481246230373784,0.0,0.3913972253877052,0.0005009200394436213,0.8181818181818182
mtd_ai,200,0.005037752805434993,0.38461538461538464,6636.117156123925,0.2,150,5,0.17777777777777778,0.29747292994761176,0.45481246230373784,0.0,0.3913972253877052,0.0005009200394436213,0.8181818181818182
mtd_ai,200,0.005037752805434993,0.436046511627907,7204.499656971299,0.25,150,5,0.17777777777777778,0.29747292994761176,0.45481246230373784,0.0,0.3913972253877052,0.0005009200394436213,0.8181818181818182
mtd_ai,200,0.005040754428894638,0.32608695652173914,2601.8758183036866,0.05,150,5,0.16666666666666666,1.4639799134090592,4.892563869334423,-4.758620689655173,0.2364687041199155,5.508065606447275e-05,0.8125
mtd_ai,200,0.005040754428894638,0.3333333333333333,4129.969072296011,0.1,150,5,0.16666666666666666,1.4639799134090592,4.892563869334423,-4.758620689655173,0.2364687041199155,5.508065606447275e-05,0.8125
mtd_ai,200,0.005040754428894638,0.4017857142857143,4751.996231126468,0.15,150,5,0.16666666666666666,1.4639799134090592,4.892563869334423,-4.758620689655173,0.2364687041199155,5.508065606447275e-05,0.8125
mtd_ai,200,0.005040754428894638,0.4225352112676056,5561.973269509626,0.2,150,5,0.16666666666666666,1.4639799134090592,4.892563869334423,-4.758620689655173,0.2364687041199155,5.508065606447275e-05,0.8125
mtd_ai,200,0.005040754428894638,0.43103448275862066,6187.353597223211,0.25,150,5,0.16666666666666666,1.4639799134090592,4.892563869334423,-4.758620689655173,0.2364687041199155,5.508065606447275e-05,0.8125
mtd_ai,200,0.00508744615068906,0.5357142857142857,997.1281310812101,0.05,150,5,0.12333333333333334,0.1461968984267911,0.5235040387515434,0.0,0.15025309818902657,0.0003826709303384856,0.717391304347826
mtd_ai,200,0.00508744615068906,0.46875,2738.609470784135,0.1,150,5,0.12333333333333334,0.1461968984267911,0.5235040387515434,0.0,0.15025309818902657,0.0003826709303384856,0.717391304347826
mtd_ai,200,0.00508744615068906,0.5232558139534884,3502.3281275261043,0.15,150,5,0.12333333333333334,0.1461968984267911,0.5235040387515434,0.0,0.15025309818902657,0.0003826709303384856,0.717391304347826
mtd_ai,200,0.00508744615068906,0.5555555555555556,4026.997307413726,0.2,150,5,0.12333333333333334,0.1461968984267911,0.5235040387515434,0.0,0.15025309818902657,0.0003826709303384856,0.717391304347826
mtd_ai,200,0.00508744615068906,0.5514705882352942,4836.678647716233,0.25,150,5,0.12333333333333334,0.1461968984267911,0.5235040387515434,0.0,0.15025309818902657,0.0003826709303384856,0.717391304347826
mtd_ai,200,0.005038092321130436,0.4411764705882353,1327.6914910904684,0.05,150,5,0.15333333333333332,0.07530356443718877,0.3344739361026732,0.0,0.25084989037326433,0.0001900757966032376,0.8775510204081632
mtd_ai,200,0.005038092321130436,0.4166666666666667,2829.2275453645316,0.1,150,5,0.15333333333333332,0.07530356443718877,0.3344739361026732,0.0,0.25084989037326433,0.0001900757966032376,0.8775510204081632
mtd_ai,200,0.005038092321130436,0.4411764705882353,4145.390196525395,0.15,150,5,0.15333333333333332,0.07530356443718877,0.3344739361026732,0.0,0.25084989037326433,0.0001900757966032376,0.8775510204081632
mtd_ai,200,0.005038092321130436,0.43478260869565216,5919.4713586304215,0.2,150,5,0.15333333333333332,0.07530356443718877,0.3344739361026732,0.0,0.25084989037326433,0.0001900757966032376,0.8775510204081632
mtd_ai,200,0.005038092321130436,0.4076086956521739,6779.915005789154,0.25,150,5,0.15333333333333332,0.07530356443718877,0.3344739361026732,0.0,0.25084989037326433,0.0001900757966032376,0.8775510204081632
mtd_ai,200,0.0050510490671761415,0.3,2395.3633438659117,0.05,150,5,0.11,0.8268177065822464,1.1618027534212938,0.0,0.30161687110475144,5.9787975490982345e-05,0.8536585365853658
mtd_ai,200,0.0050510490671761415,0.4166666666666667,3039.8434170322253,0.1,150,5,0.11,0.8268177065822464,1.1618027534212938,0.0,0.30161687110475144,5.9787975490982345e-05,0.8536585365853658
mtd_ai,200,0.0050510490671761415,0.4326923076923077,4090.7534210493795,0.15,150,5,0.11,0.8268177065822464,1.1618027534212938,0.0,0.30161687110475144,5.9787975490982345e-05,0.8536585365853658
mtd_ai,200,0.0050510490671761415,0.4411764705882353,4984.364810276438,0.2,150,5,0.11,0.8268177065822464,1.1618027534212938,0.0,0.30161687110475144,5.9787975490982345e-05,0.8536585365853658
mtd_ai,200,0.0050510490671761415,0.4934210526315789,5468.928115702609,0.25,150,5,0.11,0.8268177065822464,1.1618027534212938,0.0,0.30161687110475144,5.9787975490982345e-05,0.8536585365853658
mtd_ai,200,0.005062705107486554,0.25,2936.778189866418,0.05,150,5,0.35714285714285715,1.634541271013225,3.5526927209476646,0.0,0.2723740170894225,0.00011727633038538318,0.8367346938775511
mtd_ai,200,0.005062705107486554,0.3488372093023256,3800.6273329977266,0.1,150,5,0.35714285714285715,1.634541271013225,3.5526927209476646,0.0,0.2723740170894225,0.00011727633038538318,0.8367346938775511
mtd_ai,200,0.005062705107486554,0.4017857142857143,4889.640069762455,0.15,150,5,0.35714285714285715,1.634541271013225,3.5526927209476646,0.0,0.2723740170894225,0.00011727633038538318,0.8367346938775511
mtd_ai,200,0.005062705107486554,0.4225352112676056,5926.5473103197255,0.2,150,5,0.35714285714285715,1.634541271013225,3.5526927209476646,0.0,0.2723740170894225,0.00011727633038538318,0.8367346938775511
mtd_ai,200,0.005062705107486554,0.46296296296296297,6309.649781766346,0.25,150,5,0.35714285714285715,1.634541271013225,3.5526927209476646,0.0,0.2723740170894225,0.00011727633038538318,0.8367346938775511
mtd_ai,200,0.005092746905261888,0.3,2194.477481714983,0.05,150,5,0.13111111111111112,1.8996453379353917,5.81637497353645,0.0,0.2674346117431081,5.670798878619919e-05,0.8205128205128205
mtd_ai,200,0.005092746905261888,0.36585365853658536,3060.379568986909,0.1,150,5,0.13111111111111112,1.8996453379353917,5.81637497353645,0.0,0.2674346117431081,5.670798878619919e-05,0.8205128205128205
mtd_ai,200,0.005092746905261888,0.4326923076923077,3616.125563846013,0.15,150,5,0.13111111111111112,1.8996453379353917,5.81637497353645,0.0,0.2674346117431081,5.670798878619919e-05,0.8205128205128205
mtd_ai,200,0.005092746905261888,0.46153846153846156,4410.62890444181,0.2,150,5,0.13111111111111112,1.8996453379353917,5.81637497353645,0.0,0.2674346117431081,5.670798878619919e-05,0.8205128205128205
mtd_ai,200,0.005092746905261888,0.5,5020.167763597528,0.25,150,5,0.13111111111111112,1.8996453379353917,5.81637497353645,0.0,0.2674346117431081,5.670798878619919e-05,0.8205128205128205
mtd_ai,200,0.005051924001845847,0.46875,1310.3198032171035,0.05,150,5,0.11666666666666667,1.290792161448396,4.810968890733245,0.0,0.2720491271778687,5.31404761739984e-05,0.8648648648648649
mtd_ai,200,0.005051924001845847,0.46875,2592.4662483674433,0.1,150,5,0.11666666666666667,1.290792161448396,4.810968890733245,0.0,0.2720491271778687,5.31404761739984e-05,0.8648648648648649
mtd_ai,200,0.005051924001845847,0.5113636363636364,3686.8459709834333,0.15,150,5,0.11666666666666667,1.290792161448396,4.810968890733245,0.0,0.2720491271778687,5.31404761739984e-05,0.8648648648648649
mtd_ai,200,0.005051924001845847,0.5454545454545454,4306.712025973657,0.2,150,5,0.11666666666666667,1.290792161448396,4.810968890733245,0.0,0.2720491271778687,5.31404761739984e-05,0.8648648648648649
mtd_ai,200,0.005051924001845847,0.5681818181818182,4849.410249178683,0.25,150,5,0.11666666666666667,1.290792161448396,4.810968890733245,0.0,0.2720491271778687,5.31404761739984e-05,0.8648648648648649
mtd_ai,200,0.005084346726563514,0.3409090909090909,2114.6561134265785,0.05,150,5,0.0,0.12095614859059252,0.402781942401854,0.0,0.35255804392035633,0.000145926267597655,0.7727272727272727
mtd_ai,200,0.005084346726563514,0.40540540540540543,3191.39483868571,0.1,150,5,0.0,0.12095614859059252,0.402781942401854,0.0,0.35255804392035633,0.000145926267597655,0.7727272727272727
mtd_ai,200,0.005084346726563514,0.4787234042553192,3803.2320127302523,0.15,150,5,0.0,0.12095614859059252,0.402781942401854,0.0,0.35255804392035633,0.000145926267597655,0.7727272727272727
mtd_ai,200,0.005084346726563514,0.5084745762711864,4373.554595656575,0.2,150,5,0.0,0.12095614859059252,0.402781942401854,0.0,0.35255804392035633,0.000145926267597655,0.7727272727272727
mtd_ai,200,0.005084346726563514,0.5067567567567568,5130.181252876697,0.25,150,5,0.0,0.12095614859059252,0.402781942401854,0.0,0.35255804392035633,0.000145926267597655,0.7727272727272727
mtd_ai,200,0.005052252669996872,0.19736842105263158,3668.9886845429974,0.05,150,5,0.09533333333333334,0.9102250541873903,3.944067440295615,0.0,0.22754800356721747,0.00016347589352798335,0.8421052631578947
mtd_ai,200,0.005052252669996872,0.25,5439.606689187257,0.1,150,5,0.09533333333333334,0.9102250541873903,3.944067440295615,0.0,0.22754800356721747,0.00016347589352798335,0.8421052631578947
mtd_ai,200,0.005052252669996872,0.2922077922077922,6272.939863187556,0.15,150,5,0.09533333333333334,0.9102250541873903,3.944067440295615,0.0,0.22754800356721747,0.00016347589352798335,0.8421052631578947
mtd_ai,200,0.005052252669996872,0.297029702970297,7273.126745458199,0.2,150,5,0.09533333333333334,0.9102250541873903,3.944067440295615,0.0,0.22754800356721747,0.00016347589352798335,0.8421052631578947
mtd_ai,200,0.005052252669996872,0.33185840707964603,7692.2469279715915,0.25,150,5,0.09533333333333334,0.9102250541873903,3.944067440295615,0.0,0.22754800356721747,0.00016347589352798335,0.8421052631578947
mtd_ai,200,0.0050509375184239385,0.26785714285714285,2878.4975894115023,0.05,150,5,0.11266666666666665,0.045316151797303125,0.12365222923193561,0.0,0.27063508473286824,5.6244511261458366e-05,0.8536585365853658
mtd_ai,200,0.0050509375184239385,0.35714285714285715,3732.5814223524303,0.1,150,5,0.11266666666666665,0.045316151797303125,0.12365222923193561,0.0,0.27063508473286824,5.6244511261458366e-05,0.8536585365853658
mtd_ai,200,0.0050509375184239385,0.42452830188679247,4364.433788377343,0.15,150,5,0.11266666666666665,0.045316151797303125,0.12365222923193561,0.0,0.27063508473286824,5.6244511261458366e-05,0.8536585365853658
mtd_ai,200,0.0050509375184239385,0.46153846153846156,5145.8185908258,0.2,150,5,0.11266666666666665,0.045316151797303125,0.12365222923193561,0.0,0.27063508473286824,5.6244511261458366e-05,0.8536585365853658
mtd_ai,200,0.0050509375184239385,0.5,5517.340272265166,0.25,150,5,0.11266666666666665,0.045316151797303125,0.12365222923193561,0.0,0.27063508473286824,5.6244511261458366e-05,0.8536585365853658
mtd_ai,200,0.0050332336534887135,0.25862068965517243,2946.3015918475403,0.05,150,5,0.16,0.12291946764041027,0.5207893582308684,0.0,0.3203815332437777,0.00019530410877554138,0.8
mtd_ai,200,0.0050332336534887135,0.32608695652173914,3809.5550478265422,0.1,150,5,0.16,0.12291946764041027,0.5207893582308684,0.0,0.3203815332437777,0.00019530410877554138,0.8
mtd_ai,200,0.0050332336534887135,0.375,5341.751900527448,0.15,150,5,0.16,0.12291946764041027,0.5207893582308684,0.0,0.3203815332437777,0.00019530410877554138,0.8
mtd_ai,200,0.0050332336534887135,0.4166666666666667,5852.246064960616,0.2,150,5,0.16,0.12291946764041027,0.5207893582308684,0.0,0.3203815332437777,0.00019530410877554138,0.8
mtd_ai,200,0.0050332336534887135,0.45180722891566266,6210.420733932362,0.25,150,5,0.16,0.12291946764041027,0.5207893582308684,0.0,0.3203815332437777,0.00019530410877554138,0.8
mtd_ai,200,0.005060864870139549,0.2777777777777778,2639.0106462997164,0.05,150,5,0.17391304347826086,0.37053735615491235,1.3550862692995262,0.0,0.3073639527068411,6.529130758726184e-05,0.7692307692307693
mtd_ai,200,0.005060864870139549,0.39473684210526316,3439.510960190958,0.1,150,5,0.17391304347826086,0.37053735615491235,1.3550862692995262,0.0,0.3073639527068411,6.529130758726184e-05,0.7692307692307693
mtd_ai,200,0.005060864870139549,0.4326923076923077,4379.9833758797195,0.15,150,5,0.17391304347826086,0.37053735615491235,1.3550862692995262,0.0,0.3073639527068411,6.529130758726184e-05,0.7692307692307693
mtd_ai,200,0.005060864870139549,0.46153846153846156,5477.0317657317255,0.2,150,5,0.17391304347826086,0.37053735615491235,1.3550862692995262,0.0,0.3073639527068411,6.529130758726184e-05,0.7692307692307693
mtd_ai,200,0.005060864870139549,0.45180722891566266,6354.897852864343,0.25,150,5,0.17391304347826086,0.37053735615491235,1.3550862692995262,0.0,0.3073639527068411,6.529130758726184e-05,0.7692307692307693
mtd_ai,200,0.005056672631232026,0.28846153846153844,2607.5219313754255,0.05,150,5,0.16011111111111112,0.3513540803724844,1.4984328246041758,0.0,0.3722623186068965,0.00020897708745068854,0.717391304347826
mtd_ai,200,0.005056672631232026,0.36585365853658536,3515.6406796188176,0.1,150,5,0.16011111111111112,0.3513540803724844,1.4984328246041758,0.0,0.3722623186068965,0.00020897708745068854,0.717391304347826
mtd_ai,200,0.005056672631232026,0.45,3924.3376767804702,0.15,150,5,0.16011111111111112,0.3513540803724844,1.4984328246041758,0.0,0.3722623186068965,0.00020897708745068854,0.717391304347826
mtd_ai,200,0.005056672631232026,0.5,4379.274186538007,0.2,150,5,0.16011111111111112,0.3513540803724844,1.4984328246041758,0.0,0.3722623186068965,0.00020897708745068854,0.717391304347826
mtd_ai,200,0.005056672631232026,0.5136986301369864,5257.068035012648,0.25,150,5,0.16011111111111112,0.3513540803724844,1.4984328246041758,0.0,0.3722623186068965,0.00020897708745068854,0.717391304347826
mtd_ai,200,0.005074615872219338,0.39473684210526316,1733.8855802596854,0.05,150,5,0.1512063492063492,1.3240448362662123,4.433541254224109,0.0,0.31738412043739056,0.0002973986481924441,0.7291666666666666
mtd_ai,200,0.005074615872219338,0.375,2974.0616692294334,0.1,150,5,0.1512063492063492,1.3240448362662123,4.433541254224109,0.0,0.31738412043739056,0.0002973986481924441,0.7291666666666666
mtd_ai,200,0.005074615872219338,0.4090909090909091,4185.303742639605,0.15,150,5,0.1512063492063492,1.3240448362662123,4.433541254224109,0.0,0.31738412043739056,0.0002973986481924441,0.7291666666666666
mtd_ai,200,0.005074615872219338,0.4411764705882353,4817.269311130189,0.2,150,5,0.1512063492063492,1.3240448362662123,4.433541254224109,0.0,0.31738412043739056,0.0002973986481924441,0.7291666666666666
mtd_ai,200,0.005074615872219338,0.47468354430379744,5210.240556968512,0.25,150,5,0.1512063492063492,1.3240448362662123,4.433541254224109,0.0,0.31738412043739056,0.0002973986481924441,0.7291666666666666
mtd_ai,200,0.005069711353706854,0.3125,2611.6610810580582,0.05,150,5,0.10777777777777776,1.2301765690411084,3.809999526302622,0.0,0.29863543068664794,0.00028856009426568476,0.8222222222222222
mtd_ai,200,0.005069711353706854,0.375,3844.5279990421514,0.1,150,5,0.10777777777777776,1.2301765690411084,3.809999526302622,0.0,0.29863543068664794,0.00028856009426568476,0.8222222222222222
mtd_ai,200,0.005069711353706854,0.42452830188679247,4946.381540372076,0.15,150,5,0.10777777777777776,1.2301765690411084,3.809999526302622,0.0,0.29863543068664794,0.00028856009426568476,0.8222222222222222
mtd_ai,200,0.005069711353706854,0.46153846153846156,5613.0791052825725,0.2,150,5,0.10777777777777776,1.2301765690411084,3.809999526302622,0.0,0.29863543068664794,0.00028856009426568476,0.8222222222222222
mtd_ai,200,0.005069711353706854,0.5067567567567568,6052.440586429017,0.25,150,5,0.10777777777777776,1.2301765690411084,3.809999526302622,0.0,0.29863543068664794,0.00028856009426568476,0.8222222222222222
mtd_ai,200,0.005057184082530108,0.24193548387096775,3181.227250416957,0.05,150,5,0.16938888888888887,2.7198507343559,6.3970034123857,0.0,0.29144194680789165,7.172088314999213e-05,0.8214285714285714
mtd_ai,200,0.005057184082530108,0.30612244897959184,4506.083156573015,0.1,150,5,0.16938888888888887,2.7198507343559,6.3970034123857,0.0,0.29144194680789165,7.172088314999213e-05,0.8214285714285714
mtd_ai,200,0.005057184082530108,0.31690140845070425,5699.313083883742,0.15,150,5,0.16938888888888887,2.7198507343559,6.3970034123857,0.0,0.29144194680789165,7.172088314999213e-05,0.8214285714285714
mtd_ai,200,0.005057184082530108,0.3191489361702128,6880.049643677541,0.2,150,5,0.16938888888888887,2.7198507343559,6.3970034123857,0.0,0.29144194680789165,7.172088314999213e-05,0.8214285714285714
mtd_ai,200,0.005057184082530108,0.3605769230769231,7409.215827893735,0.25,150,5,0.16938888888888887,2.7198507343559,6.3970034123857,0.0,0.29144194680789165,7.172088314999213e-05,0.8214285714285714
mtd_ai,200,0.00503123749510399,0.20270270270270271,3624.8953705457866,0.05,150,5,0.1913888888888889,0.027865292099366373,0.11911164116047293,0.0,0.4041806908809106,0.0003195475186316122,0.7540983606557377
mtd_ai,200,0.00503123749510399,0.24193548387096775,4748.980049595599,0.1,150,5,0.1913888888888889,0.027865292099366373,0.11911164116047293,0.0,0.4041806908809106,0.0003195475186316122,0.7540983606557377
mtd_ai,200,0.00503123749510399,0.3125,5185.280033510678,0.15,150,5,0.1913888888888889,0.027865292099366373,0.11911164116047293,0.0,0.4041806908809106,0.0003195475186316122,0.7540983606557377
mtd_ai,200,0.00503123749510399,0.2912621359223301,6664.7053852081235,0.2,150,5,0.1913888888888889,0.027865292099366373,0.11911164116047293,0.0,0.4041806908809106,0.0003195475186316122,0.7540983606557377
mtd_ai,200,0.00503123749510399,0.32608695652173914,7483.960911805778,0.25,150,5,0.1913888888888889,0.027865292099366373,0.11911164116047293,0.0,0.4041806908809106,0.0003195475186316122,0.7540983606557377
mtd_ai,200,0.005032885759810635,0.32608695652173914,2370.0286278881244,0.05,150,5,0.10111111111111111,1.3305774499333374,1.7231594248363205,0.0,0.2683714260287429,0.0003717779147597951,0.7333333333333333
mtd_ai,200,0.005032885759810635,0.39473684210526316,3549.0866279530533,0.1,150,5,0.10111111111111111,1.3305774499333374,1.7231594248363205,0.0,0.2683714260287429,0.0003717779147597951,0.7333333333333333
mtd_ai,200,0.005032885759810635,0.3879310344827586,5895.955187583284,0.15,150,5,0.10111111111111111,1.3305774499333374,1.7231594248363205,0.0,0.2683714260287429,0.0003717779147597951,0.7333333333333333
mtd_ai,200,0.005032885759810635,0.4411764705882353,6431.200709951367,0.2,150,5,0.10111111111111111,1.3305774499333374,1.7231594248363205,0.0,0.2683714260287429,0.0003717779147597951,0.7333333333333333
mtd_ai,200,0.005032885759810635,0.46875,6915.943654961857,0.25,150,5,0.10111111111111111,1.3305774499333374,1.7231594248363205,0.0,0.2683714260287429,0.0003717779147597951,0.7333333333333333
mtd_ai,200,0.005061719018149576,0.375,2067.6485675451745,0.05,150,5,0.10222222222222223,0.7946564646288631,2.2284952056463214,0.0,0.2533924596537722,0.00020457935456052846,0.7377049180327869
mtd_ai,200,0.005061719018149576,0.3191489361702128,4927.481688432483,0.1,150,5,0.10222222222222223,0.7946564646288631,2.2284952056463214,0.0,0.2533924596537722,0.00020457935456052846,0.7377049180327869
mtd_ai,200,0.005061719018149576,0.3629032258064516,5641.029715503942,0.15,150,5,0.10222222222222223,0.7946564646288631,2.2284952056463214,0.0,0.2533924596537722,0.00020457935456052846,0.7377049180327869
mtd_ai,200,0.005061719018149576,0.38961038961038963,6400.634194381647,0.2,150,5,0.10222222222222223,0.7946564646288631,2.2284952056463214,0.0,0.2533924596537722,0.00020457935456052846,0.7377049180327869
mtd_ai,200,0.005061719018149576,0.41208791208791207,7078.330738364722,0.25,150,5,0.10222222222222223,0.7946564646288631,2.2284952056463214,0.0,0.2533924596537722,0.00020457935456052846,0.7377049180327869
mtd_ai,200,0.005063057938341355,0.375,2045.9505298600116,0.05,150,5,0.085,1.1059612259473408,4.053859391248867,0.0,0.4285471389209354,0.00030223068284855164,0.7843137254901961
mtd_ai,200,0.005063057938341355,0.39473684210526316,3876.178096279083,0.1,150,5,0.085,1.1059612259473408,4.053859391248867,0.0,0.4285471389209354,0.00030223068284855164,0.7843137254901961
mtd_ai,200,0.005063057938341355,0.45918367346938777,4415.348376409731,0.15,150,5,0.085,1.1059612259473408,4.053859391248867,0.0,0.4285471389209354,0.00030223068284855164,0.7843137254901961
mtd_ai,200,0.005063057938341355,0.45454545454545453,5809.081574741782,0.2,150,5,0.085,1.1059612259473408,4.053859391248867,0.0,0.4285471389209354,0.00030223068284855164,0.7843137254901961
mtd_ai,200,0.005063057938341355,0.4934210526315789,6229.271772603421,0.25,150,5,0.085,1.1059612259473408,4.053859391248867,0.0,0.4285471389209354,0.00030223068284855164,0.7843137254901961
mtd_ai,200,0.0050661774418382,0.3409090909090909,2177.1623052472696,0.05,150,5,0.14333333333333334,1.0782327181699654,1.7313875133185876,0.0,0.3068778824101832,0.00031281601511720723,0.7692307692307693
mtd_ai,200,0.0050661774418382,0.4411764705882353,2743.1716794362965,0.1,150,5,0.14333333333333334,1.0782327181699654,1.7313875133185876,0.0,0.3068778824101832,0.00031281601511720723,0.7692307692307693
mtd_ai,200,0.0050661774418382,0.375,4186.352088264856,0.15,150,5,0.14333333333333334,1.0782327181699654,1.7313875133185876,0.0,0.3068778824101832,0.00031281601511720723,0.7692307692307693
mtd_ai,200,0.0050661774418382,0.38461538461538464,5360.873511831092,0.2,150,5,0.14333333333333334,1.0782327181699654,1.7313875133185876,0.0,0.3068778824101832,0.00031281601511720723,0.7692307692307693
mtd_ai,200,0.0050661774418382,0.4166666666666667,6199.613155743496,0.25,150,5,0.14333333333333334,1.0782327181699654,1.7313875133185876,0.0,0.3068778824101832,0.00031281601511720723,0.7692307692307693
mtd_ai,200,0.0050679401319360376,0.46875,1290.749621931645,0.05,150,5,0.13783333333333334,0.016455890457989134,0.03957101543220741,0.0,0.22860131886836174,6.423719790903598e-05,0.75
mtd_ai,200,0.0050679401319360376,0.45454545454545453,2707.3756033690624,0.1,150,5,0.13783333333333334,0.016455890457989134,0.03957101543220741,0.0,0.22860131886836174,6.423719790903598e-05,0.75
mtd_ai,200,0.0050679401319360376,0.45,4233.8136800264,0.15,150,5,0.13783333333333334,0.016455890457989134,0.03957101543220741,0.0,0.22860131886836174,6.423719790903598e-05,0.75
mtd_ai,200,0.0050679401319360376,0.44776119402985076,5636.94617989195,0.2,150,5,0.13783333333333334,0.016455890457989134,0.03957101543220741,0.0,0.22860131886836174,6.423719790903598e-05,0.75
mtd_ai,200,0.0050679401319360376,0.4807692307692308,6111.308525447215,0.25,150,5,0.13783333333333334,0.016455890457989134,0.03957101543220741,0.0,0.22860131886836174,6.423719790903598e-05,0.75
mtd_ai,200,0.005071951668171954,0.3,2487.76945286677,0.05,150,5,0.11666666666666667,1.6861535577098845,1.3725365403687766,0.0,0.26155734553597637,4.041556090469293e-05,0.7708333333333334
mtd_ai,200,0.005071951668171954,0.38461538461538464,3549.4155846600315,0.1,150,5,0.11666666666666667,1.6861535577098845,1.3725365403687766,0.0,0.26155734553597637,4.041556090469293e-05,0.7708333333333334
mtd_ai,200,0.005071951668171954,0.4326923076923077,4180.307461656817,0.15,150,5,0.11666666666666667,1.6861535577098845,1.3725365403687766,0.0,0.26155734553597637,4.041556090469293e-05,0.7708333333333334
mtd_ai,200,0.005071951668171954,0.43478260869565216,4832.456618273729,0.2,150,5,0.11666666666666667,1.6861535577098845,1.3725365403687766,0.0,0.26155734553597637,4.041556090469293e-05,0.7708333333333334
mtd_ai,200,0.005071951668171954,0.44642857142857145,5546.335094649482,0.25,150,5,0.11666666666666667,1.6861535577098845,1.3725365403687766,0.0,0.26155734553597637,4.041556090469293e-05,0.7708333333333334
mtd_ai,200,0.005070715435452571,0.2777777777777778,3070.833835941609,0.05,150,5,0.10888888888888888,3.411645312620303,6.39462408660124,0.0,0.20118416668413872,5.034910801606122e-05,0.8163265306122449
mtd_ai,200,0.005070715435452571,0.3488372093023256,3912.1821173202807,0.1,150,5,0.10888888888888888,3.411645312620303,6.39462408660124,0.0,0.20118416668413872,5.034910801606122e-05,0.8163265306122449
mtd_ai,200,0.005070715435452571,0.42452830188679247,4272.6233369280335,0.15,150,5,0.10888888888888888,3.411645312620303,6.39462408660124,0.0,0.20118416668413872,5.034910801606122e-05,0.8163265306122449
mtd_ai,200,0.005070715435452571,0.4225352112676056,5481.177408769785,0.2,150,5,0.10888888888888888,3.411645312620303,6.39462408660124,0.0,0.20118416668413872,5.034910801606122e-05,0.8163265306122449
mtd_ai,200,0.005070715435452571,0.4573170731707317,6242.741852058188,0.25,150,5,0.10888888888888888,3.411645312620303,6.39462408660124,0.0,0.20118416668413872,5.034910801606122e-05,0.8163265306122449
mtd_ai,200,0.0050557831336820284,0.32608695652173914,2337.5608022909496,0.05,150,5,0.2,0.31419654686045323,0.4985412567588729,0.0,0.31617030677658414,6.511935271486555e-05,0.8070175438596491
mtd_ai,200,0.0050557831336820284,0.3333333333333333,4043.510396699312,0.1,150,5,0.2,0.31419654686045323,0.4985412567588729,0.0,0.31617030677658414,6.511935271486555e-05,0.8070175438596491
mtd_ai,200,0.0050557831336820284,0.3409090909090909,5214.166036956571,0.15,150,5,0.2,0.31419654686045323,0.4985412567588729,0.0,0.31617030677658414,6.511935271486555e-05,0.8070175438596491
mtd_ai,200,0.0050557831336820284,0.36585365853658536,6539.925471575029,0.2,150,5,0.2,0.31419654686045323,0.4985412567588729,0.0,0.31617030677658414,6.511935271486555e-05,0.8070175438596491
mtd_ai,200,0.0050557831336820284,0.39893617021276595,7237.944780970085,0.25,150,5,0.2,0.31419654686045323,0.4985412567588729,0.0,0.31617030677658414,6.511935271486555e-05,0.8070175438596491
mtd_ai,200,0.005059584950346832,0.35714285714285715,1589.8462255869304,0.05,150,5,0.13155555555555554,1.95303151035303,2.702216368608981,0.0,0.36232018940072613,0.00043856904012273584,0.82
mtd_ai,200,0.005059584950346832,0.42857142857142855,2713.822810330982,0.1,150,5,0.13155555555555554,1.95303151035303,2.702216368608981,0.0,0.36232018940072613,0.00043856904012273584,0.82
mtd_ai,200,0.005059584950346832,0.39473684210526316,4773.256319447779,0.15,150,5,0.13155555555555554,1.95303151035303,2.702216368608981,0.0,0.36232018940072613,0.00043856904012273584,0.82
mtd_ai,200,0.005059584950346832,0.43478260869565216,5421.007323444794,0.2,150,5,0.13155555555555554,1.95303151035303,2.702216368608981,0.0,0.36232018940072613,0.00043856904012273584,0.82
mtd_ai,200,0.005059584950346832,0.42613636363636365,6446.000904542146,0.25,150,5,0.13155555555555554,1.95303151035303,2.702216368608981,0.0,0.36232018940072613,0.00043856904012273584,0.82
mtd_ai,200,0.005053965253123543,0.3,2556.853404028864,0.05,150,5,0.2777777777777778,2.4904200406891595,6.299894422165081,0.0,0.3252615747514933,7.057077575377946e-05,0.7936507936507936
mtd_ai,200,0.005053965253123543,0.38461538461538464,3665.544024230566,0.1,150,5,0.2777777777777778,2.4904200406891595,6.299894422165081,0.0,0.3252615747514933,7.057077575377946e-05,0.7936507936507936
mtd_ai,200,0.005053965253123543,0.4090909090909091,4507.131419273689,0.15,150,5,0.2777777777777778,2.4904200406891595,6.299894422165081,0.0,0.3252615747514933,7.057077575377946e-05,0.7936507936507936
mtd_ai,200,0.005053965253123543,0.35294117647058826,6625.226519116569,0.2,150,5,0.2777777777777778,2.4904200406891595,6.299894422165081,0.0,0.3252615747514933,7.057077575377946e-05,0.7936507936507936
mtd_ai,200,0.005053965253123543,0.32051282051282054,7866.135626280645,0.25,150,5,0.2777777777777778,2.4904200406891595,6.299894422165081,0.0,0.3252615747514933,7.057077575377946e-05,0.7936507936507936
mtd_ai,200,0.005046095681788263,0.4166666666666667,1667.5990432571475,0.05,150,5,0.11666666666666667,0.11108073869706213,0.25978368575429744,0.0,0.30666979860152077,5.471638820531348e-05,0.8292682926829268
mtd_ai,200,0.005046095681788263,0.4166666666666667,3119.257926890256,0.1,150,5,0.11666666666666667,0.11108073869706213,0.25978368575429744,0.0,0.30666979860152077,5.471638820531348e-05,0.8292682926829268
mtd_ai,200,0.005046095681788263,0.46875,3872.354113951564,0.15,150,5,0.11666666666666667,0.11108073869706213,0.25978368575429744,0.0,0.30666979860152077,5.471638820531348e-05,0.8292682926829268
mtd_ai,200,0.005046095681788263,0.5,4335.345069029901,0.2,150,5,0.11666666666666667,0.11108073869706213,0.25978368575429744,0.0,0.30666979860152077,5.471638820531348e-05,0.8292682926829268
mtd_ai,200,0.005046095681788263,0.46875,5149.179442488183,0.25,150,5,0.11666666666666667,0.11108073869706213,0.25978368575429744,0.0,0.30666979860152077,5.471638820531348e-05,0.8292682926829268
mtd_ai,200,0.005081316297502041,0.3409090909090909,2118.309593020765,0.05,150,5,0.11111111111111109,0.151461915025797,0.09507647958378798,0.0,0.3779554133740124,5.989057002080544e-05,0.7446808510638298
mtd_ai,200,0.005081316297502041,0.4166666666666667,2890.017745402414,0.1,150,5,0.11111111111111109,0.151461915025797,0.09507647958378798,0.0,0.3779554133740124,5.989057002080544e-05,0.7446808510638298
mtd_ai,200,0.005081316297502041,0.45918367346938777,4124.589750468438,0.15,150,5,0.11111111111111109,0.151461915025797,0.09507647958378798,0.0,0.3779554133740124,5.989057002080544e-05,0.7446808510638298
mtd_ai,200,0.005081316297502041,0.4918032786885246,4763.188948372388,0.2,150,5,0.11111111111111109,0.151461915025797,0.09507647958378798,0.0,0.3779554133740124,5.989057002080544e-05,0.7446808510638298
mtd_ai,200,0.005081316297502041,0.5208333333333334,5382.624730834837,0.25,150,5,0.11111111111111109,0.151461915025797,0.09507647958378798,0.0,0.3779554133740124,5.989057002080544e-05,0.7446808510638298
mtd_ai,200,0.005042675672312329,0.3409090909090909,1846.478581689386,0.05,150,5,0.12777777777777777,1.2493699813521946,4.795476905458513,0.0,0.15064691701765243,0.00013541163486350974,0.7307692307692307
mtd_ai,200,0.005042675672312329,0.4166666666666667,2803.8908018844195,0.1,150,5,0.12777777777777777,1.2493699813521946,4.795476905458513,0.0,0.15064691701765243,0.00013541163486350974,0.7307692307692307
mtd_ai,200,0.005042675672312329,0.4326923076923077,3468.687173437984,0.15,150,5,0.12777777777777777,1.2493699813521946,4.795476905458513,0.0,0.15064691701765243,0.00013541163486350974,0.7307692307692307
mtd_ai,200,0.005042675672312329,0.42857142857142855,4525.541421899989,0.2,150,5,0.12777777777777777,1.2493699813521946,4.795476905458513,0.0,0.15064691701765243,0.00013541163486350974,0.7307692307692307
mtd_ai,200,0.005042675672312329,0.42613636363636365,5649.576174025107,0.25,150,5,0.12777777777777777,1.2493699813521946,4.795476905458513,0.0,0.15064691701765243,0.00013541163486350974,0.7307692307692307
mtd_ai,200,0.005044647554976419,0.22058823529411764,3026.136573048895,0.05,150,5,0.13666666666666666,1.2054270980280666,3.4034497162976787,0.0,0.2870624753886763,0.00020934596016854796,0.7222222222222222
mtd_ai,200,0.005044647554976419,0.30612244897959184,3896.45130073211,0.1,150,5,0.13666666666666666,1.2054270980280666,3.4034497162976787,0.0,0.2870624753886763,0.00020934596016854796,0.7222222222222222
mtd_ai,200,0.005044647554976419,0.35714285714285715,4893.558013413489,0.15,150,5,0.13666666666666666,1.2054270980280666,3.4034497162976787,0.0,0.2870624753886763,0.00020934596016854796,0.7222222222222222
mtd_ai,200,0.005044647554976419,0.38961038961038963,5616.798124789586,0.2,150,5,0.13666666666666666,1.2054270980280666,3.4034497162976787,0.0,0.2870624753886763,0.00020934596016854796,0.7222222222222222
mtd_ai,200,0.005044647554976419,0.4166666666666667,6111.3166268893465,0.25,150,5,0.13666666666666666,1.2054270980280666,3.4034497162976787,0.0,0.2870624753886763,0.00020934596016854796,0.7222222222222222
mtd_ai,200,0.005048450157897247,0.375,2170.0213904422917,0.05,150,5,0.16333333333333333,0.39368351408298097,1.7589322357709323,0.0,0.41007726601221267,0.00018737636239855813,0.8409090909090909
mtd_ai,200,0.005048450157897247,0.39473684210526316,3554.2470853517507,0.1,150,5,0.16333333333333333,0.39368351408298097,1.7589322357709323,0.0,0.41007726601221267,0.00018737636239855813,0.8409090909090909
mtd_ai,200,0.005048450157897247,0.4411764705882353,4311.0618338723925,0.15,150,5,0.16333333333333333,0.39368351408298097,1.7589322357709323,0.0,0.41007726601221267,0.00018737636239855813,0.8409090909090909
mtd_ai,200,0.005048450157897247,0.46153846153846156,5293.744309078886,0.2,150,5,0.16333333333333333,0.39368351408298097,1.7589322357709323,0.0,0.41007726601221267,0.00018737636239855813,0.8409090909090909
mtd_ai,200,0.005048450157897247,0.4807692307692308,5861.296147726427,0.25,150,5,0.16333333333333333,0.39368351408298097,1.7589322357709323,0.0,0.41007726601221267,0.00018737636239855813,0.8409090909090909
mtd_ai,200,0.005070704464758712,0.32608695652173914,2654.6788088267494,0.05,150,5,0.10633333333333334,1.6073341439076532,5.3914238937753405,0.0,0.2596095049006342,0.00017644815311884806,0.7692307692307693
mtd_ai,200,0.005070704464758712,0.39473684210526316,3641.776095519789,0.1,150,5,0.10633333333333334,1.6073341439076532,5.3914238937753405,0.0,0.2596095049006342,0.00017644815311884806,0.7692307692307693
mtd_ai,200,0.005070704464758712,0.4326923076923077,4482.793876532229,0.15,150,5,0.10633333333333334,1.6073341439076532,5.3914238937753405,0.0,0.2596095049006342,0.00017644815311884806,0.7692307692307693
mtd_ai,200,0.005070704464758712,0.44776119402985076,5552.940105478889,0.2,150,5,0.10633333333333334,1.6073341439076532,5.3914238937753405,0.0,0.2596095049006342,0.00017644815311884806,0.7692307692307693
mtd_ai,200,0.005070704464758712,0.487012987012987,6201.980773563466,0.25,150,5,0.10633333333333334,1.6073341439076532,5.3914238937753405,0.0,0.2596095049006342,0.00017644815311884806,0.7692307692307693
mtd_ai,200,0.005054532395031136,0.3125,1829.1091668927766,0.05,150,5,0.058823529411764705,0.8203927417914288,3.6135554343077922,0.0,0.39636401708319297,0.00031288282239529575,0.8653846153846154
mtd_ai,200,0.005054532395031136,0.2830188679245283,3718.760941158146,0.1,150,5,0.058823529411764705,0.8203927417914288,3.6135554343077922,0.0,0.39636401708319297,0.00031288282239529575,0.8653846153846154
mtd_ai,200,0.005054532395031136,0.34615384615384615,4268.592803081789,0.15,150,5,0.058823529411764705,0.8203927417914288,3.6135554343077922,0.0,0.39636401708319297,0.00031288282239529575,0.8653846153846154
mtd_ai,200,0.005054532395031136,0.3409090909090909,6737.078551847394,0.2,150,5,0.058823529411764705,0.8203927417914288,3.6135554343077922,0.0,0.39636401708319297,0.00031288282239529575,0.8653846153846154
mtd_ai,200,0.005054532395031136,0.3787878787878788,7170.703973628358,0.25,150,5,0.058823529411764705,0.8203927417914288,3.6135554343077922,0.0,0.39636401708319297,0.00031288282239529575,0.8653846153846154
mtd_ai,200,0.005039254497861366,0.19230769230769232,3655.0493084630366,0.05,150,5,0.2188888888888889,1.8518368146206468,4.136064019271687,0.0,0.25709684843329045,5.677199504199913e-05,0.7647058823529411
mtd_ai,200,0.005039254497861366,0.2777777777777778,4610.748211176035,0.1,150,5,0.2188888888888889,1.8518368146206468,4.136064019271687,0.0,0.25709684843329045,5.677199504199913e-05,0.7647058823529411
mtd_ai,200,0.005039254497861366,0.3515625,5025.43093667981,0.15,150,5,0.2188888888888889,1.8518368146206468,4.136064019271687,0.0,0.25709684843329045,5.677199504199913e-05,0.7647058823529411
mtd_ai,200,0.005039254497861366,0.39473684210526316,5641.009011291822,0.2,150,5,0.2188888888888889,1.8518368146206468,4.136064019271687,0.0,0.25709684843329045,5.677199504199913e-05,0.7647058823529411
mtd_ai,200,0.005039254497861366,0.43103448275862066,6279.11815296607,0.25,150,5,0.2188888888888889,1.8518368146206468,4.136064019271687,0.0,0.25709684843329045,5.677199504199913e-05,0.7647058823529411
mtd_ai,200,0.005053713118689006,0.24193548387096775,2461.708650493476,0.05,150,5,0.16000000000000003,0.562170583317522,1.088652350527835,0.0,0.26379305512641443,0.0002175023404590513,0.8333333333333334
mtd_ai,200,0.005053713118689006,0.30612244897959184,4137.729285720982,0.1,150,5,0.16000000000000003,0.562170583317522,1.088652350527835,0.0,0.26379305512641443,0.0002175023404590513,0.8333333333333334
mtd_ai,200,0.005053713118689006,0.3515625,4701.35992939153,0.15,150,5,0.16000000000000003,0.562170583317522,1.088652350527835,0.0,0.26379305512641443,0.0002175023404590513,0.8333333333333334
mtd_ai,200,0.005053713118689006,0.3488372093023256,5919.15276849915,0.2,150,5,0.16000000000000003,0.562170583317522,1.088652350527835,0.0,0.26379305512641443,0.0002175023404590513,0.8333333333333334
mtd_ai,200,0.005053713118689006,0.33185840707964603,7035.4502133010965,0.25,150,5,0.16000000000000003,0.562170583317522,1.088652350527835,0.0,0.26379305512641443,0.0002175023404590513,0.8333333333333334
mtd_ai,200,0.005044591442460068,0.19736842105263158,3156.3425760991477,0.05,150,5,0.11,0.30046789610735053,1.3089496796324804,0.0,0.3792813935807754,9.237558656297805e-05,0.782608695652174
mtd_ai,200,0.005044591442460068,0.28846153846153844,4242.654992808215,0.1,150,5,0.11,0.30046789610735053,1.3089496796324804,0.0,0.3792813935807754,9.237558656297805e-05,0.782608695652174
mtd_ai,200,0.005044591442460068,0.3629032258064516,4870.910715753422,0.15,150,5,0.11,0.30046789610735053,1.3089496796324804,0.0,0.3792813935807754,9.237558656297805e-05,0.782608695652174
mtd_ai,200,0.005044591442460068,0.410958904109589,5443.106941438671,0.2,150,5,0.11,0.30046789610735053,1.3089496796324804,0.0,0.3792813935807754,9.237558656297805e-05,0.782608695652174
mtd_ai,200,0.005044591442460068,0.46875,5790.493236721657,0.25,150,5,0.11,0.30046789610735053,1.3089496796324804,0.0,0.3792813935807754,9.237558656297805e-05,0.782608695652174
mtd_ai,200,0.005057791622113027,0.1875,3237.104369118744,0.05,150,5,0.35714285714285715,1.1119484885572801,4.532832118419057,0.0,0.3447298519244253,0.0004918956854145436,0.7758620689655172
mtd_ai,200,0.005057791622113027,0.2459016393442623,4273.853233023328,0.1,150,5,0.35714285714285715,1.1119484885572801,4.532832118419057,0.0,0.3447298519244253,0.0004918956854145436,0.7758620689655172
mtd_ai,200,0.005057791622113027,0.2848101265822785,5078.184921049657,0.15,150,5,0.35714285714285715,1.1119484885572801,4.532832118419057,0.0,0.3447298519244253,0.0004918956854145436,0.7758620689655172
mtd_ai,200,0.005057791622113027,0.30303030303030304,5985.698290998251,0.2,150,5,0.35714285714285715,1.1119484885572801,4.532832118419057,0.0,0.3447298519244253,0.0004918956854145436,0.7758620689655172
mtd_ai,200,0.005057791622113027,0.32894736842105265,6823.281281328425,0.25,150,5,0.35714285714285715,1.1119484885572801,4.532832118419057,0.0,0.3447298519244253,0.0004918956854145436,0.7758620689655172
mtd_ai,200,0.005067513486975669,0.24193548387096775,2836.7243959731604,0.05,150,5,0.134,0.39768926241595626,0.6401094006041826,0.0,0.2852662664915225,7.27308928669789e-05,0.8125
mtd_ai,200,0.005067513486975669,0.32608695652173914,3776.068033409857,0.1,150,5,0.134,0.39768926241595626,0.6401094006041826,0.0,0.2852662664915225,7.27308928669789e-05,0.8125
mtd_ai,200,0.005067513486975669,0.39473684210526316,4592.267325050839,0.15,150,5,0.134,0.39768926241595626,0.6401094006041826,0.0,0.2852662664915225,7.27308928669789e-05,0.8125
mtd_ai,200,0.005067513486975669,0.42857142857142855,5188.215158642139,0.2,150,5,0.134,0.39768926241595626,0.6401094006041826,0.0,0.2852662664915225,7.27308928669789e-05,0.8125
mtd_ai,200,0.005067513486975669,0.43103448275862066,5931.673071255855,0.25,150,5,0.134,0.39768926241595626,0.6401094006041826,0.0,0.2852662664915225,7.27308928669789e-05,0.8125
mtd_ai,200,0.005050613250646227,0.3409090909090909,2310.1155623488985,0.05,150,5,0.11785714285714287,0.015814173440878147,0.059120921407798975,0.0,0.3342435655024004,0.00024070986615051663,0.7659574468085106
mtd_ai,200,0.005050613250646227,0.3409090909090909,3812.2182345784204,0.1,150,5,0.11785714285714287,0.015814173440878147,0.059120921407798975,0.0,0.3342435655024004,0.00024070986615051663,0.7659574468085106
mtd_ai,200,0.005050613250646227,0.4166666666666667,4499.325727322726,0.15,150,5,0.11785714285714287,0.015814173440878147,0.059120921407798975,0.0,0.3342435655024004,0.00024070986615051663,0.7659574468085106
mtd_ai,200,0.005050613250646227,0.44776119402985076,5223.256205183881,0.2,150,5,0.11785714285714287,0.015814173440878147,0.059120921407798975,0.0,0.3342435655024004,0.00024070986615051663,0.7659574468085106
mtd_ai,200,0.005050613250646227,0.487012987012987,5735.111388406349,0.25,150,5,0.11785714285714287,0.015814173440878147,0.059120921407798975,0.0,0.3342435655024004,0.00024070986615051663,0.7659574468085106
mtd_ai,200,0.005056034404243984,0.24193548387096775,3237.7184170506116,0.05,150,5,0.09777777777777778,0.4275354675164718,1.2667734142779796,0.0,0.41340989923677984,0.00020773803644953288,0.803921568627451
mtd_ai,200,0.005056034404243984,0.3191489361702128,4560.056760497837,0.1,150,5,0.09777777777777778,0.4275354675164718,1.2667734142779796,0.0,0.41340989923677984,0.00020773803644953288,0.803921568627451
mtd_ai,200,0.005056034404243984,0.4017857142857143,4999.276585508043,0.15,150,5,0.09777777777777778,0.4275354675164718,1.2667734142779796,0.0,0.41340989923677984,0.00020773803644953288,0.803921568627451
mtd_ai,200,0.005056034404243984,0.42857142857142855,5914.2865339746695,0.2,150,5,0.09777777777777778,0.4275354675164718,1.2667734142779796,0.0,0.41340989923677984,0.00020773803644953288,0.803921568627451
mtd_ai,200,0.005056034404243984,0.46296296296296297,6546.287890905359,0.25,150,5,0.09777777777777778,0.4275354675164718,1.2667734142779796,0.0,0.41340989923677984,0.00020773803644953288,0.803921568627451
mtd_ai,200,0.005051630174403068,0.24193548387096775,3447.348739438179,0.05,150,5,0.1,0.12245379879091245,0.4689468865099459,0.0,0.3673237415807069,0.00032148115185985095,0.8032786885245902
mtd_ai,200,0.005051630174403068,0.3191489361702128,4572.32580012379,0.1,150,5,0.1,0.12245379879091245,0.4689468865099459,0.0,0.3673237415807069,0.00032148115185985095,0.8032786885245902
mtd_ai,200,0.005051630174403068,0.32608695652173914,6465.134052428291,0.15,150,5,0.1,0.12245379879091245,0.4689468865099459,0.0,0.3673237415807069,0.00032148115185985095,0.8032786885245902
mtd_ai,200,0.005051630174403068,0.36585365853658536,7076.855285823538,0.2,150,5,0.1,0.12245379879091245,0.4689468865099459,0.0,0.3673237415807069,0.00032148115185985095,0.8032786885245902
mtd_ai,200,0.005051630174403068,0.39473684210526316,8029.875087443033,0.25,150,5,0.1,0.12245379879091245,0.4689468865099459,0.0,0.3673237415807069,0.00032148115185985095,0.8032786885245902
mtd_ai,200,0.005067510306447286,0.24193548387096775,3638.682099608296,0.05,150,5,0.1161111111111111,1.2966857246443773,4.093349536782033,0.0,0.25829053509087513,0.0001766721780973261,0.8666666666666667
mtd_ai,200,0.005067510306447286,0.2727272727272727,5001.850822682667,0.1,150,5,0.1161111111111111,1.2966857246443773,4.093349536782033,0.0,0.25829053509087513,0.0001766721780973261,0.8666666666666667
mtd_ai,200,0.005067510306447286,0.3515625,5354.04419619453,0.15,150,5,0.1161111111111111,1.2966857246443773,4.093349536782033,0.0,0.25829053509087513,0.0001766721780973261,0.8666666666666667
mtd_ai,200,0.005067510306447286,0.40540540540540543,5746.421468150658,0.2,150,5,0.1161111111111111,1.2966857246443773,4.093349536782033,0.0,0.25829053509087513,0.0001766721780973261,0.8666666666666667
mtd_ai,200,0.005067510306447286,0.44642857142857145,6105.520145443664,0.25,150,5,0.1161111111111111,1.2966857246443773,4.093349536782033,0.0,0.25829053509087513,0.0001766721780973261,0.8666666666666667
mtd_ai,200,0.005083741018648091,0.35714285714285715,2070.6071805344072,0.05,150,5,0.14166666666666666,0.15869406161820732,0.617843420501952,0.0,0.2183287044818902,0.00047365470692106964,0.7083333333333334
mtd_ai,200,0.005083741018648091,0.42857142857142855,2913.3572033897326,0.1,150,5,0.14166666666666666,0.15869406161820732,0.617843420501952,0.0,0.2183287044818902,0.00047365470692106964,0.7083333333333334
mtd_ai,200,0.005083741018648091,0.5,3572.721825445722,0.15,150,5,0.14166666666666666,0.15869406161820732,0.617843420501952,0.0,0.2183287044818902,0.00047365470692106964,0.7083333333333334
mtd_ai,200,0.005083741018648091,0.5172413793103449,4609.963629592052,0.2,150,5,0.14166666666666666,0.15869406161820732,0.617843420501952,0.0,0.2183287044818902,0.00047365470692106964,0.7083333333333334
mtd_ai,200,0.005083741018648091,0.5136986301369864,5293.101959511592,0.25,150,5,0.14166666666666666,0.15869406161820732,0.617843420501952,0.0,0.2183287044818902,0.00047365470692106964,0.7083333333333334
mtd_ai,200,0.005042532866278034,0.3125,2358.1792187368414,0.05,150,5,0.11992063492063491,1.9286641190068456,5.408320335081516,0.0,0.2518773997126971,0.00023569798002868867,0.7454545454545455
mtd_ai,200,0.005042532866278034,0.39473684210526316,3112.029174622776,0.1,150,5,0.11992063492063491,1.9286641190068456,5.408320335081516,0.0,0.2518773997126971,0.00023569798002868867,0.7454545454545455
mtd_ai,200,0.005042532866278034,0.42452830188679247,4297.280560234049,0.15,150,5,0.11992063492063491,1.9286641190068456,5.408320335081516,0.0,0.2518773997126971,0.00023569798002868867,0.7454545454545455
mtd_ai,200,0.005042532866278034,0.44776119402985076,4911.8654359263055,0.2,150,5,0.11992063492063491,1.9286641190068456,5.408320335081516,0.0,0.2518773997126971,0.00023569798002868867,0.7454545454545455
mtd_ai,200,0.005042532866278034,0.4032258064516129,6382.89420561244,0.25,150,5,0.11992063492063491,1.9286641190068456,5.408320335081516,0.0,0.2518773997126971,0.00023569798002868867,0.7454545454545455
mtd_ai,200,0.005056149982288817,0.4166666666666667,1409.6883397403885,0.05,150,5,0.1577777777777778,9.905508110234752,6.923685113171746,0.0,0.1752274857238496,0.00014845305872039774,0.8461538461538461
mtd_ai,200,0.005056149982288817,0.46875,2312.2995488630204,0.1,150,5,0.1577777777777778,9.905508110234752,6.923685113171746,0.0,0.1752274857238496,0.00014845305872039774,0.8461538461538461
mtd_ai,200,0.005056149982288817,0.4787234042553192,3347.4879406998734,0.15,150,5,0.1577777777777778,9.905508110234752,6.923685113171746,0.0,0.1752274857238496,0.00014845305872039774,0.8461538461538461
mtd_ai,200,0.005056149982288817,0.5,4103.505659221341,0.2,150,5,0.1577777777777778,9.905508110234752,6.923685113171746,0.0,0.1752274857238496,0.00014845305872039774,0.8461538461538461
mtd_ai,200,0.005056149982288817,0.5357142857142857,4785.645025746843,0.25,150,5,0.1577777777777778,9.905508110234752,6.923685113171746,0.0,0.1752274857238496,0.00014845305872039774,0.8461538461538461
mtd_ai,200,0.005065872344798765,0.28846153846153844,2519.2825439813673,0.05,150,5,0.178,0.20852149145093615,0.49067050983253996,0.0,0.2016812150247156,0.00019135945421045315,0.8181818181818182
mtd_ai,200,0.005065872344798765,0.38461538461538464,3303.4192252998205,0.1,150,5,0.178,0.20852149145093615,0.49067050983253996,0.0,0.2016812150247156,0.00019135945421045315,0.8181818181818182
mtd_ai,200,0.005065872344798765,0.4411764705882353,4035.633090045909,0.15,150,5,0.178,0.20852149145093615,0.49067050983253996,0.0,0.2016812150247156,0.00019135945421045315,0.8181818181818182
mtd_ai,200,0.005065872344798765,0.4918032786885246,4525.47384064566,0.2,150,5,0.178,0.20852149145093615,0.49067050983253996,0.0,0.2016812150247156,0.00019135945421045315,0.8181818181818182
mtd_ai,200,0.005065872344798765,0.44642857142857145,5595.805776045972,0.25,150,5,0.178,0.20852149145093615,0.49067050983253996,0.0,0.2016812150247156,0.00019135945421045315,0.8181818181818182
mtd_ai,200,0.005085972551378728,0.3409090909090909,2184.728062246981,0.05,150,5,0.12,0.009833802426435107,0.028684223232750952,0.0,0.14616341710556144,5.3714643372123176e-05,0.8048780487804879
mtd_ai,200,0.005085972551378728,0.40540540540540543,3613.9375298130713,0.1,150,5,0.12,0.009833802426435107,0.028684223232750952,0.0,0.14616341710556144,5.3714643372123176e-05,0.8048780487804879
mtd_ai,200,0.005085972551378728,0.4891304347826087,4187.695712760396,0.15,150,5,0.12,0.009833802426435107,0.028684223232750952,0.0,0.14616341710556144,5.3714643372123176e-05,0.8048780487804879
mtd_ai,200,0.005085972551378728,0.5,4792.760164577803,0.2,150,5,0.12,0.009833802426435107,0.028684223232750952,0.0,0.14616341710556144,5.3714643372123176e-05,0.8048780487804879
mtd_ai,200,0.005085972551378728,0.5514705882352942,5156.908753460124,0.25,150,5,0.12,0.009833802426435107,0.028684223232750952,0.0,0.14616341710556144,5.3714643372123176e-05,0.8048780487804879
mtd_ai,200,0.005075324294230069,0.3125,2371.5499351039525,0.05,150,5,0.1236111111111111,0.8737684503669106,3.3513216146369453,0.0,0.33333159456224354,6.247280870208725e-05,0.875
mtd_ai,200,0.005075324294230069,0.3409090909090909,3957.8654009539728,0.1,150,5,0.1236111111111111,0.8737684503669106,3.3513216146369453,0.0,0.33333159456224354,6.247280870208725e-05,0.875
mtd_ai,200,0.005075324294230069,0.4017857142857143,4473.011246678199,0.15,150,5,0.1236111111111111,0.8737684503669106,3.3513216146369453,0.0,0.33333159456224354,6.247280870208725e-05,0.875
mtd_ai,200,0.005075324294230069,0.4411764705882353,5114.357028500257,0.2,150,5,0.1236111111111111,0.8737684503669106,3.3513216146369453,0.0,0.33333159456224354,6.247280870208725e-05,0.875
mtd_ai,200,0.005075324294230069,0.487012987012987,5529.8888414838675,0.25,150,5,0.1236111111111111,0.8737684503669106,3.3513216146369453,0.0,0.33333159456224354,6.247280870208725e-05,0.875
mtd_ai,200,0.005051451613917377,0.3,1901.224224082814,0.05,150,5,0.2857142857142857,0.009315899701617754,0.03904339743856522,0.0,0.26525137882974276,0.00036786295542794536,0.8536585365853658
mtd_ai,200,0.005051451613917377,0.36585365853658536,3001.127024195364,0.1,150,5,0.2857142857142857,0.009315899701617754,0.03904339743856522,0.0,0.26525137882974276,0.00036786295542794536,0.8536585365853658
mtd_ai,200,0.005051451613917377,0.4166666666666667,3814.099085190949,0.15,150,5,0.2857142857142857,0.009315899701617754,0.03904339743856522,0.0,0.26525137882974276,0.00036786295542794536,0.8536585365853658
mtd_ai,200,0.005051451613917377,0.42857142857142855,4889.628689059424,0.2,150,5,0.2857142857142857,0.009315899701617754,0.03904339743856522,0.0,0.26525137882974276,0.00036786295542794536,0.8536585365853658
mtd_ai,200,0.005051451613917377,0.46296296296296297,5568.899711600376,0.25,150,5,0.2857142857142857,0.009315899701617754,0.03904339743856522,0.0,0.26525137882974276,0.00036786295542794536,0.8536585365853658
mtd_ai,200,0.00504162168654203,0.25,3153.672237030656,0.05,150,5,0.10277777777777777,1.3039345330644039,4.680028005138965,0.0,0.32511417370068535,0.0002480716466166703,0.7551020408163265
mtd_ai,200,0.00504162168654203,0.3125,4065.3320426634386,0.1,150,5,0.10277777777777777,1.3039345330644039,4.680028005138965,0.0,0.32511417370068535,0.0002480716466166703,0.7551020408163265
mtd_ai,200,0.00504162168654203,0.3879310344827586,4696.497519291175,0.15,150,5,0.10277777777777777,1.3039345330644039,4.680028005138965,0.0,0.32511417370068535,0.0002480716466166703,0.7551020408163265
mtd_ai,200,0.00504162168654203,0.40540540540540543,5842.442703221877,0.2,150,5,0.10277777777777777,1.3039345330644039,4.680028005138965,0.0,0.32511417370068535,0.0002480716466166703,0.7551020408163265
mtd_ai,200,0.00504162168654203,0.46296296296296297,6035.636416008645,0.25,150,5,0.10277777777777777,1.3039345330644039,4.680028005138965,0.0,0.32511417370068535,0.0002480716466166703,0.7551020408163265
mtd_ai,200,0.005044904044395546,0.4166666666666667,1544.8170344822804,0.05,150,5,0.12,10.232441565529857,7.21255395076282,0.0,0.30770099558570596,7.702130567130773e-05,0.7954545454545454
mtd_ai,200,0.005044904044395546,0.4166666666666667,3134.516899985004,0.1,150,5,0.12,10.232441565529857,7.21255395076282,0.0,0.30770099558570596,7.702130567130773e-05,0.7954545454545454
mtd_ai,200,0.005044904044395546,0.4787234042553192,3814.042927331699,0.15,150,5,0.12,10.232441565529857,7.21255395076282,0.0,0.30770099558570596,7.702130567130773e-05,0.7954545454545454
mtd_ai,200,0.005044904044395546,0.47619047619047616,4870.51300536736,0.2,150,5,0.12,10.232441565529857,7.21255395076282,0.0,0.30770099558570596,7.702130567130773e-05,0.7954545454545454
mtd_ai,200,0.005044904044395546,0.528169014084507,5488.226256743568,0.25,150,5,0.12,10.232441565529857,7.21255395076282,0.0,0.30770099558570596,7.702130567130773e-05,0.7954545454545454
mtd_ai,200,0.00507200191031757,0.28846153846153844,2867.41832084598,0.05,150,5,0.13166666666666665,0.03715399453659622,0.0959592189642132,0.0,0.3500801998359389,0.00035433082637767617,0.8
mtd_ai,200,0.00507200191031757,0.375,3732.7931797534984,0.1,150,5,0.13166666666666665,0.03715399453659622,0.0959592189642132,0.0,0.3500801998359389,0.00035433082637767617,0.8
mtd_ai,200,0.00507200191031757,0.4411764705882353,4152.201454724909,0.15,150,5,0.13166666666666665,0.03715399453659622,0.0959592189642132,0.0,0.3500801998359389,0.00035433082637767617,0.8
mtd_ai,200,0.00507200191031757,0.42857142857142855,5842.354272878976,0.2,150,5,0.13166666666666665,0.03715399453659622,0.0959592189642132,0.0,0.3500801998359389,0.00035433082637767617,0.8
mtd_ai,200,0.00507200191031757,0.4573170731707317,6354.266552387507,0.25,150,5,0.13166666666666665,0.03715399453659622,0.0959592189642132,0.0,0.3500801998359389,0.00035433082637767617,0.8
mtd_ai,200,0.005059783300419521,0.375,1884.6834681125983,0.05,150,5,0.14922222222222223,0.8720465159649132,3.53401044154009,0.0,0.3004337264326649,0.00016153235433508342,0.7966101694915254
mtd_ai,200,0.005059783300419521,0.40540540540540543,3457.673400165695,0.1,150,5,0.14922222222222223,0.8720465159649132,3.53401044154009,0.0,0.3004337264326649,0.00016153235433508342,0.7966101694915254
mtd_ai,200,0.005059783300419521,0.34615384615384615,5423.371837845149,0.15,150,5,0.14922222222222223,0.8720465159649132,3.53401044154009,0.0,0.3004337264326649,0.00016153235433508342,0.7966101694915254
mtd_ai,200,0.005059783300419521,0.38461538461538464,6427.908006584017,0.2,150,5,0.14922222222222223,0.8720465159649132,3.53401044154009,0.0,0.3004337264326649,0.00016153235433508342,0.7966101694915254
mtd_ai,200,0.005059783300419521,0.4076086956521739,7516.02307903619,0.25,150,5,0.14922222222222223,0.8720465159649132,3.53401044154009,0.0,0.3004337264326649,0.00016153235433508342,0.7966101694915254
mtd_ai,200,0.00505492248840667,0.32608695652173914,1827.0409630914342,0.05,150,5,0.23321428571428574,0.1931806236744594,0.784103115236218,0.0,0.14325590948438696,0.0001722752035077278,0.8431372549019608
mtd_ai,200,0.00505492248840667,0.35714285714285715,3464.619551116245,0.1,150,5,0.23321428571428574,0.1931806236744594,0.784103115236218,0.0,0.14325590948438696,0.0001722752035077278,0.8431372549019608
mtd_ai,200,0.00505492248840667,0.3813559322033898,4301.091425919868,0.15,150,5,0.23321428571428574,0.1931806236744594,0.784103115236218,0.0,0.14325590948438696,0.0001722752035077278,0.8431372549019608
mtd_ai,200,0.00505492248840667,0.37037037037037035,5502.704727400138,0.2,150,5,0.23321428571428574,0.1931806236744594,0.784103115236218,0.0,0.14325590948438696,0.0001722752035077278,0.8431372549019608
mtd_ai,200,0.00505492248840667,0.3472222222222222,6508.1243718803,0.25,150,5,0.23321428571428574,0.1931806236744594,0.784103115236218,0.0,0.14325590948438696,0.0001722752035077278,0.8431372549019608
mtd_ai,200,0.005067246278709192,0.3,2138.241359868349,0.05,150,5,0.08,0.13813813857399893,0.6072535323673359,0.0,0.39346500885892954,0.00029577123631311037,0.7551020408163265
mtd_ai,200,0.005067246278709192,0.38461538461538464,3150.3828708521005,0.1,150,5,0.08,0.13813813857399893,0.6072535323673359,0.0,0.39346500885892954,0.00029577123631311037,0.7551020408163265
mtd_ai,200,0.005067246278709192,0.42452830188679247,3629.887310518033,0.15,150,5,0.08,0.13813813857399893,0.6072535323673359,0.0,0.39346500885892954,0.00029577123631311037,0.7551020408163265
mtd_ai,200,0.005067246278709192,0.4,5095.430361155503,0.2,150,5,0.08,0.13813813857399893,0.6072535323673359,0.0,0.39346500885892954,0.00029577123631311037,0.7551020408163265
mtd_ai,200,0.005067246278709192,0.43103448275862066,5551.574872746899,0.25,150,5,0.08,0.13813813857399893,0.6072535323673359,0.0,0.39346500885892954,0.00029577123631311037,0.7551020408163265
mtd_ai,200,0.005064327936519984,0.25862068965517243,2432.039876751433,0.05,150,5,0.1482222222222222,0.7989762111117512,3.5790020488995253,0.0,0.3706619513119117,0.0003315779092401458,0.7213114754098361
mtd_ai,200,0.005064327936519984,0.3333333333333333,3782.9632688886095,0.1,150,5,0.1482222222222222,0.7989762111117512,3.5790020488995253,0.0,0.3706619513119117,0.0003315779092401458,0.7213114754098361
mtd_ai,200,0.005064327936519984,0.3629032258064516,4657.407350805706,0.15,150,5,0.1482222222222222,0.7989762111117512,3.5790020488995253,0.0,0.3706619513119117,0.0003315779092401458,0.7213114754098361
mtd_ai,200,0.005064327936519984,0.3333333333333333,5894.746598995741,0.2,150,5,0.1482222222222222,0.7989762111117512,3.5790020488995253,0.0,0.3706619513119117,0.0003315779092401458,0.7213114754098361
mtd_ai,200,0.005064327936519984,0.36764705882352944,6940.882087921446,0.25,150,5,0.1482222222222222,0.7989762111117512,3.5790020488995253,0.0,0.3706619513119117,0.0003315779092401458,0.7213114754098361
mtd_ai,200,0.005088291801353857,0.35714285714285715,1899.6278276216967,0.05,150,5,0.15,0.9750287104248369,3.7779590594729897,0.0,0.1638074440854853,5.691806718647007e-05,0.8
mtd_ai,200,0.005088291801353857,0.39473684210526316,3277.3517540884623,0.1,150,5,0.15,0.9750287104248369,3.7779590594729897,0.0,0.1638074440854853,5.691806718647007e-05,0.8
mtd_ai,200,0.005088291801353857,0.4326923076923077,4230.690369348486,0.15,150,5,0.15,0.9750287104248369,3.7779590594729897,0.0,0.1638074440854853,5.691806718647007e-05,0.8
mtd_ai,200,0.005088291801353857,0.47619047619047616,4712.177304194825,0.2,150,5,0.15,0.9750287104248369,3.7779590594729897,0.0,0.1638074440854853,5.691806718647007e-05,0.8
mtd_ai,200,0.005088291801353857,0.5208333333333334,5102.73557343913,0.25,150,5,0.15,0.9750287104248369,3.7779590594729897,0.0,0.1638074440854853,5.691806718647007e-05,0.8
mtd_ai,200,0.00503841492031333,0.32608695652173914,2524.7941036770103,0.05,150,5,0.12866666666666668,1.664718677464292,3.9291334046880935,0.0,0.2715857579064906,0.00019386874762402243,0.8085106382978723
mtd_ai,200,0.00503841492031333,0.3333333333333333,4499.525738316155,0.1,150,5,0.12866666666666668,1.664718677464292,3.9291334046880935,0.0,0.2715857579064906,0.00019386874762402243,0.8085106382978723
mtd_ai,200,0.00503841492031333,0.4090909090909091,4889.207507859313,0.15,150,5,0.12866666666666668,1.664718677464292,3.9291334046880935,0.0,0.2715857579064906,0.00019386874762402243,0.8085106382978723
mtd_ai,200,0.00503841492031333,0.45454545454545453,5475.426466721703,0.2,150,5,0.12866666666666668,1.664718677464292,3.9291334046880935,0.0,0.2715857579064906,0.00019386874762402243,0.8085106382978723
mtd_ai,200,0.00503841492031333,0.46875,6043.690393052766,0.25,150,5,0.12866666666666668,1.664718677464292,3.9291334046880935,0.0,0.2715857579064906,0.00019386874762402243,0.8085106382978723
mtd_ai,200,0.005036864590217476,0.20833333333333334,2894.5684895988443,0.05,150,5,0.19628571428571429,0.2556014704156373,0.8021995365144254,0.0,0.4383497624261517,6.673615186435537e-05,0.7692307692307693
mtd_ai,200,0.005036864590217476,0.3,3705.558270012776,0.1,150,5,0.19628571428571429,0.2556014704156373,0.8021995365144254,0.0,0.4383497624261517,6.673615186435537e-05,0.7692307692307693
mtd_ai,200,0.005036864590217476,0.36885245901639346,4266.463287614176,0.15,150,5,0.19628571428571429,0.2556014704156373,0.8021995365144254,0.0,0.4383497624261517,6.673615186435537e-05,0.7692307692307693
mtd_ai,200,0.005036864590217476,0.4225352112676056,4982.149632493627,0.2,150,5,0.19628571428571429,0.2556014704156373,0.8021995365144254,0.0,0.4383497624261517,6.673615186435537e-05,0.7692307692307693
mtd_ai,200,0.005036864590217476,0.390625,6271.9538430137245,0.25,150,5,0.19628571428571429,0.2556014704156373,0.8021995365144254,0.0,0.4383497624261517,6.673615186435537e-05,0.7692307692307693
mtd_ai,200,0.005040632515152135,0.35714285714285715,1357.2651936775442,0.05,150,5,0.14,0.5191461949834763,1.7068965123566897,0.0,0.18215675310207333,4.735617910131921e-05,0.8043478260869565
mtd_ai,200,0.005040632515152135,0.3488372093023256,3937.2880466179895,0.1,150,5,0.14,0.5191461949834763,1.7068965123566897,0.0,0.18215675310207333,4.735617910131921e-05,0.8043478260869565
mtd_ai,200,0.005040632515152135,0.4166666666666667,4807.30520079995,0.15,150,5,0.14,0.5191461949834763,1.7068965123566897,0.0,0.18215675310207333,4.735617910131921e-05,0.8043478260869565
mtd_ai,200,0.005040632515152135,0.44776119402985076,5419.788954641066,0.2,150,5,0.14,0.5191461949834763,1.7068965123566897,0.0,0.18215675310207333,4.735617910131921e-05,0.8043478260869565
mtd_ai,200,0.005040632515152135,0.4934210526315789,5890.810939801373,0.25,150,5,0.14,0.5191461949834763,1.7068965123566897,0.0,0.18215675310207333,4.735617910131921e-05,0.8043478260869565
