Name,mtd_interval,MEF,ASR,time_to_compromise,host_compromise_ratio,network_size,exposed_endpoints,attack_path_exposure,ROA,risk,shortest_path_variability
mtd_ai,200,0.005058430487937584,0.2777777777777778,3271.0149965487203,0.05,150,5,0.16393650793650794,0.2826730614614865,0.886418172132362,0.0
mtd_ai,200,0.005058430487937584,0.3125,4848.441171658833,0.1,150,5,0.16393650793650794,0.2826730614614865,0.886418172132362,0.0
mtd_ai,200,0.005058430487937584,0.375,5539.143647337874,0.15,150,5,0.16393650793650794,0.2826730614614865,0.886418172132362,0.0
mtd_ai,200,0.005058430487937584,0.4166666666666667,6108.513678799845,0.2,150,5,0.16393650793650794,0.2826730614614865,0.886418172132362,0.0
mtd_ai,200,0.005058430487937584,0.436046511627907,6876.084175575761,0.25,150,5,0.16393650793650794,0.2826730614614865,0.886418172132362,0.0
mtd_ai,200,0.005072701698790074,0.22727272727272727,3847.0546896292985,0.05,150,5,0.14285714285714285,1.0957213063644093,2.944329451112231,0.0
mtd_ai,200,0.005072701698790074,0.3125,4827.429690448531,0.1,150,5,0.14285714285714285,1.0957213063644093,2.944329451112231,0.0
mtd_ai,200,0.005072701698790074,0.4017857142857143,5124.627508870526,0.15,150,5,0.14285714285714285,1.0957213063644093,2.944329451112231,0.0
mtd_ai,200,0.005072701698790074,0.44776119402985076,5703.62264627804,0.2,150,5,0.14285714285714285,1.0957213063644093,2.944329451112231,0.0
mtd_ai,200,0.005072701698790074,0.4934210526315789,6160.772373945788,0.25,150,5,0.14285714285714285,1.0957213063644093,2.944329451112231,0.0
mtd_ai,200,0.005042957297719127,0.3409090909090909,2262.829594143768,0.05,150,5,0.10666666666666667,0.08015766414678904,0.2791590990821831,0.0
mtd_ai,200,0.005042957297719127,0.375,3524.8607846603636,0.1,150,5,0.10666666666666667,0.08015766414678904,0.2791590990821831,0.0
mtd_ai,200,0.005042957297719127,0.4326923076923077,4210.84888808112,0.15,150,5,0.10666666666666667,0.08015766414678904,0.2791590990821831,0.0
mtd_ai,200,0.005042957297719127,0.43478260869565216,4858.182188626475,0.2,150,5,0.10666666666666667,0.08015766414678904,0.2791590990821831,0.0
mtd_ai,200,0.005042957297719127,0.47468354430379744,5453.581632229847,0.25,150,5,0.10666666666666667,0.08015766414678904,0.2791590990821831,0.0
mtd_ai,200,0.005087226616141146,0.3409090909090909,1706.0874741661141,0.05,150,5,0.10833333333333334,0.14138603294856877,0.5067977082448472,0.0
mtd_ai,200,0.005087226616141146,0.4411764705882353,2477.631780806605,0.1,150,5,0.10833333333333334,0.14138603294856877,0.5067977082448472,0.0
mtd_ai,200,0.005087226616141146,0.4891304347826087,3192.81946643997,0.15,150,5,0.10833333333333334,0.14138603294856877,0.5067977082448472,0.0
mtd_ai,200,0.005087226616141146,0.4918032786885246,4193.73417871712,0.2,150,5,0.10833333333333334,0.14138603294856877,0.5067977082448472,0.0
mtd_ai,200,0.005087226616141146,0.5136986301369864,4942.237523358639,0.25,150,5,0.10833333333333334,0.14138603294856877,0.5067977082448472,0.0
mtd_ai,200,0.005039760716077892,0.32608695652173914,2617.7132291617945,0.05,150,5,0.0625,0.29036808063616076,1.1271008936264375,-5.153846153846154
mtd_ai,200,0.005039760716077892,0.32608695652173914,4897.344468614936,0.1,150,5,0.0625,0.29036808063616076,1.1271008936264375,-5.153846153846154
mtd_ai,200,0.005039760716077892,0.4166666666666667,5240.311182769396,0.15,150,5,0.0625,0.29036808063616076,1.1271008936264375,-5.153846153846154
mtd_ai,200,0.005039760716077892,0.43478260869565216,5896.684003823149,0.2,150,5,0.0625,0.29036808063616076,1.1271008936264375,-5.153846153846154
mtd_ai,200,0.005039760716077892,0.46875,6368.716005172488,0.25,150,5,0.0625,0.29036808063616076,1.1271008936264375,-5.153846153846154
mtd_ai,200,0.005076565398382768,0.4166666666666667,1305.3152134038253,0.05,150,5,0.16444444444444445,3.9229146396436563,6.67772454098534,0.0
mtd_ai,200,0.005076565398382768,0.3409090909090909,3435.1971034873436,0.1,150,5,0.16444444444444445,3.9229146396436563,6.67772454098534,0.0
mtd_ai,200,0.005076565398382768,0.4166666666666667,3960.5386381082444,0.15,150,5,0.16444444444444445,3.9229146396436563,6.67772454098534,0.0
mtd_ai,200,0.005076565398382768,0.43478260869565216,5184.731458887394,0.2,150,5,0.16444444444444445,3.9229146396436563,6.67772454098534,0.0
mtd_ai,200,0.005076565398382768,0.46875,5805.229595394685,0.25,150,5,0.16444444444444445,3.9229146396436563,6.67772454098534,0.0
mtd_ai,200,0.005054801890570642,0.3409090909090909,2022.2445538855513,0.05,150,5,0.11866666666666667,0.7275930654936437,1.874083524726997,0.0
mtd_ai,200,0.005054801890570642,0.2727272727272727,5531.014982651153,0.1,150,5,0.11866666666666667,0.7275930654936437,1.874083524726997,0.0
mtd_ai,200,0.005054801890570642,0.3358208955223881,6035.047342748821,0.15,150,5,0.11866666666666667,0.7275930654936437,1.874083524726997,0.0
mtd_ai,200,0.005054801890570642,0.379746835443038,6494.646144220923,0.2,150,5,0.11866666666666667,0.7275930654936437,1.874083524726997,0.0
mtd_ai,200,0.005054801890570642,0.4166666666666667,6959.534410674347,0.25,150,5,0.11866666666666667,0.7275930654936437,1.874083524726997,0.0
mtd_ai,200,0.005039806076934173,0.3409090909090909,2442.354883425074,0.05,150,5,0.09222222222222222,19.29682846985689,5.957560235159892,0.0
mtd_ai,200,0.005039806076934173,0.375,3813.1304379960457,0.1,150,5,0.09222222222222222,19.29682846985689,5.957560235159892,0.0
mtd_ai,200,0.005039806076934173,0.4166666666666667,5035.597342759278,0.15,150,5,0.09222222222222222,19.29682846985689,5.957560235159892,0.0
mtd_ai,200,0.005039806076934173,0.44776119402985076,5743.995317175763,0.2,150,5,0.09222222222222222,19.29682846985689,5.957560235159892,0.0
mtd_ai,200,0.005039806076934173,0.45180722891566266,6354.054501602588,0.25,150,5,0.09222222222222222,19.29682846985689,5.957560235159892,0.0
mtd_ai,200,0.00506916160491173,0.26785714285714285,2868.497365343679,0.05,150,5,0.132,0.18123585433589784,0.7857053191159161,0.0
mtd_ai,200,0.00506916160491173,0.32608695652173914,4273.518624226768,0.1,150,5,0.132,0.18123585433589784,0.7857053191159161,0.0
mtd_ai,200,0.00506916160491173,0.36885245901639346,5001.38254866423,0.15,150,5,0.132,0.18123585433589784,0.7857053191159161,0.0
mtd_ai,200,0.00506916160491173,0.410958904109589,5777.083052086762,0.2,150,5,0.132,0.18123585433589784,0.7857053191159161,0.0
mtd_ai,200,0.00506916160491173,0.43103448275862066,6252.0816688498535,0.25,150,5,0.132,0.18123585433589784,0.7857053191159161,0.0
mtd_ai,200,0.00506637673481927,0.26785714285714285,2916.3651766288926,0.05,150,5,0.115,0.5042837938906876,1.0344943069358716,0.0
mtd_ai,200,0.00506637673481927,0.28846153846153844,4250.525213514825,0.1,150,5,0.115,0.5042837938906876,1.0344943069358716,0.0
mtd_ai,200,0.00506637673481927,0.3358208955223881,5097.592552925907,0.15,150,5,0.115,0.5042837938906876,1.0344943069358716,0.0
mtd_ai,200,0.00506637673481927,0.37037037037037035,5950.48524929652,0.2,150,5,0.115,0.5042837938906876,1.0344943069358716,0.0
mtd_ai,200,0.00506637673481927,0.4076086956521739,6287.335515671441,0.25,150,5,0.115,0.5042837938906876,1.0344943069358716,0.0
mtd_ai,200,0.0050445388133548005,0.2777777777777778,3132.4532098439076,0.05,150,5,0.12074074074074076,0.9519904425029682,3.490327942769104,4.029411764705882
mtd_ai,200,0.0050445388133548005,0.38461538461538464,4066.315161370212,0.1,150,5,0.12074074074074076,0.9519904425029682,3.490327942769104,4.029411764705882
mtd_ai,200,0.0050445388133548005,0.45918367346938777,4685.167593809458,0.15,150,5,0.12074074074074076,0.9519904425029682,3.490327942769104,4.029411764705882
mtd_ai,200,0.0050445388133548005,0.4838709677419355,5605.570236535519,0.2,150,5,0.12074074074074076,0.9519904425029682,3.490327942769104,4.029411764705882
mtd_ai,200,0.0050445388133548005,0.487012987012987,6232.869333318491,0.25,150,5,0.12074074074074076,0.9519904425029682,3.490327942769104,4.029411764705882
mtd_ai,200,0.005063327067562314,0.4166666666666667,1665.2139975271548,0.05,150,5,0.17733333333333334,0.12720519277852904,0.45878418132148935,0.0
mtd_ai,200,0.005063327067562314,0.36585365853658536,3380.3718408252826,0.1,150,5,0.17733333333333334,0.12720519277852904,0.45878418132148935,0.0
mtd_ai,200,0.005063327067562314,0.4090909090909091,4630.798479352345,0.15,150,5,0.17733333333333334,0.12720519277852904,0.45878418132148935,0.0
mtd_ai,200,0.005063327067562314,0.410958904109589,5476.756043464201,0.2,150,5,0.17733333333333334,0.12720519277852904,0.45878418132148935,0.0
mtd_ai,200,0.005063327067562314,0.43103448275862066,6220.433089339356,0.25,150,5,0.17733333333333334,0.12720519277852904,0.45878418132148935,0.0
mtd_ai,200,0.005080501911678655,0.35714285714285715,1877.6612794597563,0.05,150,5,0.13666666666666666,2.9686350323016515,3.5489551127635943,0.0
mtd_ai,200,0.005080501911678655,0.375,3294.398751145071,0.1,150,5,0.13666666666666666,2.9686350323016515,3.5489551127635943,0.0
mtd_ai,200,0.005080501911678655,0.45,3947.6578673850695,0.15,150,5,0.13666666666666666,2.9686350323016515,3.5489551127635943,0.0
mtd_ai,200,0.005080501911678655,0.4838709677419355,4705.193986539769,0.2,150,5,0.13666666666666666,2.9686350323016515,3.5489551127635943,0.0
mtd_ai,200,0.005080501911678655,0.528169014084507,5195.539733266451,0.25,150,5,0.13666666666666666,2.9686350323016515,3.5489551127635943,0.0
mtd_ai,200,0.005061311823102456,0.3,2838.0160038508297,0.05,150,5,0.12555555555555556,4.459670795179202,5.106644640824037,0.0
mtd_ai,200,0.005061311823102456,0.3488372093023256,4633.988001228923,0.1,150,5,0.12555555555555556,4.459670795179202,5.106644640824037,0.0
mtd_ai,200,0.005061311823102456,0.4166666666666667,5180.477524258673,0.15,150,5,0.12555555555555556,4.459670795179202,5.106644640824037,0.0
mtd_ai,200,0.005061311823102456,0.46153846153846156,5907.763753789601,0.2,150,5,0.12555555555555556,4.459670795179202,5.106644640824037,0.0
mtd_ai,200,0.005061311823102456,0.4807692307692308,6425.983838666745,0.25,150,5,0.12555555555555556,4.459670795179202,5.106644640824037,0.0
mtd_ai,200,0.005038619281523014,0.25862068965517243,2137.047603834784,0.05,150,5,0.13833333333333334,1.1703993945226856,4.464736389367142,0.0
mtd_ai,200,0.005038619281523014,0.3409090909090909,3149.1952637999143,0.1,150,5,0.13833333333333334,1.1703993945226856,4.464736389367142,0.0
mtd_ai,200,0.005038619281523014,0.3409090909090909,5086.8093795353125,0.15,150,5,0.13833333333333334,1.1703993945226856,4.464736389367142,0.0
mtd_ai,200,0.005038619281523014,0.35714285714285715,6063.2576273461455,0.2,150,5,0.13833333333333334,1.1703993945226856,4.464736389367142,0.0
mtd_ai,200,0.005038619281523014,0.3640776699029126,6872.407401996182,0.25,150,5,0.13833333333333334,1.1703993945226856,4.464736389367142,0.0
mtd_ai,200,0.005039023712915805,0.32608695652173914,2146.381291604841,0.05,150,5,0.12644444444444447,1.7607662492783145,4.969535475538988,0.0
mtd_ai,200,0.005039023712915805,0.3409090909090909,4013.397354062291,0.1,150,5,0.12644444444444447,1.7607662492783145,4.969535475538988,0.0
mtd_ai,200,0.005039023712915805,0.4090909090909091,4619.903749752075,0.15,150,5,0.12644444444444447,1.7607662492783145,4.969535475538988,0.0
mtd_ai,200,0.005039023712915805,0.4,6056.86422604407,0.2,150,5,0.12644444444444447,1.7607662492783145,4.969535475538988,0.0
mtd_ai,200,0.005039023712915805,0.4573170731707317,6304.056057646976,0.25,150,5,0.12644444444444447,1.7607662492783145,4.969535475538988,0.0
mtd_ai,200,0.0050752983827897676,0.32608695652173914,2104.0622436586546,0.05,150,5,0.1511111111111111,2.254975430007382,4.845400577456908,0.0
mtd_ai,200,0.0050752983827897676,0.35714285714285715,3765.434622009536,0.1,150,5,0.1511111111111111,2.254975430007382,4.845400577456908,0.0
mtd_ai,200,0.0050752983827897676,0.42452830188679247,4311.2307622028475,0.15,150,5,0.1511111111111111,2.254975430007382,4.845400577456908,0.0
mtd_ai,200,0.0050752983827897676,0.43478260869565216,5587.369702338532,0.2,150,5,0.1511111111111111,2.254975430007382,4.845400577456908,0.0
mtd_ai,200,0.0050752983827897676,0.46875,5990.278218691069,0.25,150,5,0.1511111111111111,2.254975430007382,4.845400577456908,0.0
mtd_ai,200,0.005073649838780315,0.234375,3040.8002502614218,0.05,150,5,0.11311111111111112,0.5637891597273084,2.2814801670078766,0.0
mtd_ai,200,0.005073649838780315,0.3409090909090909,3838.4954788464497,0.1,150,5,0.11311111111111112,0.5637891597273084,2.2814801670078766,0.0
mtd_ai,200,0.005073649838780315,0.42452830188679247,4203.073563451529,0.15,150,5,0.11311111111111112,0.5637891597273084,2.2814801670078766,0.0
mtd_ai,200,0.005073649838780315,0.44776119402985076,4859.4055481126525,0.2,150,5,0.11311111111111112,0.5637891597273084,2.2814801670078766,0.0
mtd_ai,200,0.005073649838780315,0.46296296296296297,5824.810070793169,0.25,150,5,0.11311111111111112,0.5637891597273084,2.2814801670078766,0.0
mtd_ai,200,0.005073000463718433,0.28846153846153844,2553.471613192258,0.05,150,5,0.11555555555555558,0.18865503118554167,0.6427131756429203,0.0
mtd_ai,200,0.005073000463718433,0.375,3835.32025334481,0.1,150,5,0.11555555555555558,0.18865503118554167,0.6427131756429203,0.0
mtd_ai,200,0.005073000463718433,0.4017857142857143,4961.1518398077715,0.15,150,5,0.11555555555555558,0.18865503118554167,0.6427131756429203,0.0
mtd_ai,200,0.005073000463718433,0.4411764705882353,5591.003661696972,0.2,150,5,0.11555555555555558,0.18865503118554167,0.6427131756429203,0.0
mtd_ai,200,0.005073000463718433,0.47468354430379744,6153.030088065905,0.25,150,5,0.11555555555555558,0.18865503118554167,0.6427131756429203,0.0
mtd_ai,200,0.005053129295936291,0.3,2741.3777399266405,0.05,150,5,0.132,0.10623377899527733,0.47250439504821956,0.0
mtd_ai,200,0.005053129295936291,0.36585365853658536,3877.972674607634,0.1,150,5,0.132,0.10623377899527733,0.47250439504821956,0.0
mtd_ai,200,0.005053129295936291,0.30405405405405406,6434.6364860930935,0.15,150,5,0.132,0.10623377899527733,0.47250439504821956,0.0
mtd_ai,200,0.005053129295936291,0.3409090909090909,6956.868544115216,0.2,150,5,0.132,0.10623377899527733,0.47250439504821956,0.0
mtd_ai,200,0.005053129295936291,0.375,7780.6708544394805,0.25,150,5,0.132,0.10623377899527733,0.47250439504821956,0.0
mtd_ai,200,0.00508177177223129,0.32608695652173914,2135.172373134528,0.05,150,5,0.1518253968253968,1.319995355651418,4.152174563961976,0.0
mtd_ai,200,0.00508177177223129,0.40540540540540543,2970.1409628965603,0.1,150,5,0.1518253968253968,1.319995355651418,4.152174563961976,0.0
mtd_ai,200,0.00508177177223129,0.4787234042553192,3577.700742449671,0.15,150,5,0.1518253968253968,1.319995355651418,4.152174563961976,0.0
mtd_ai,200,0.00508177177223129,0.47619047619047616,4696.942268394285,0.2,150,5,0.1518253968253968,1.319995355651418,4.152174563961976,0.0
mtd_ai,200,0.00508177177223129,0.5,5294.739376439242,0.25,150,5,0.1518253968253968,1.319995355651418,4.152174563961976,0.0
mtd_ai,200,0.005064533975846814,0.46875,1351.1194444682556,0.05,150,5,0.16777777777777778,1.4403864043482213,3.9558725430932182,0.0
mtd_ai,200,0.005064533975846814,0.40540540540540543,3387.125102723886,0.1,150,5,0.16777777777777778,1.4403864043482213,3.9558725430932182,0.0
mtd_ai,200,0.005064533975846814,0.4326923076923077,5079.397080686387,0.15,150,5,0.16777777777777778,1.4403864043482213,3.9558725430932182,0.0
mtd_ai,200,0.005064533975846814,0.46875,5762.725083181676,0.2,150,5,0.16777777777777778,1.4403864043482213,3.9558725430932182,0.0
mtd_ai,200,0.005064533975846814,0.5,6427.807960634189,0.25,150,5,0.16777777777777778,1.4403864043482213,3.9558725430932182,0.0
mtd_ai,200,0.0050245411248524136,0.32608695652173914,1516.7728331824428,0.05,150,5,0.16755555555555554,0.5613342955688116,1.4414255411364187,0.0
mtd_ai,200,0.0050245411248524136,0.25862068965517243,4922.706698186119,0.1,150,5,0.16755555555555554,0.5613342955688116,1.4414255411364187,0.0
mtd_ai,200,0.0050245411248524136,0.2556818181818182,6710.771857952774,0.15,150,5,0.16755555555555554,0.5613342955688116,1.4414255411364187,0.0
mtd_ai,200,0.0050245411248524136,0.28846153846153844,7345.988649474393,0.2,150,5,0.16755555555555554,0.5613342955688116,1.4414255411364187,0.0
mtd_ai,200,0.0050245411248524136,0.2840909090909091,8748.783824704866,0.25,150,5,0.16755555555555554,0.5613342955688116,1.4414255411364187,0.0
mtd_ai,200,0.005026975627699701,0.22058823529411764,3386.0493155000086,0.05,150,5,0.14377777777777778,0.41712408821888247,1.3209567697731421,0.0
mtd_ai,200,0.005026975627699701,0.3,4560.090423223439,0.1,150,5,0.14377777777777778,0.41712408821888247,1.3209567697731421,0.0
mtd_ai,200,0.005026975627699701,0.34615384615384615,5770.373828686244,0.15,150,5,0.14377777777777778,0.41712408821888247,1.3209567697731421,0.0
mtd_ai,200,0.005026975627699701,0.35714285714285715,6817.605554870526,0.2,150,5,0.14377777777777778,0.41712408821888247,1.3209567697731421,0.0
mtd_ai,200,0.005026975627699701,0.3826530612244898,7469.7261239013305,0.25,150,5,0.14377777777777778,0.41712408821888247,1.3209567697731421,0.0
mtd_ai,200,0.005067903713874242,0.28846153846153844,1873.2149126883442,0.05,150,5,0.096,1.667636186897265,3.7987377636775044,0.0
mtd_ai,200,0.005067903713874242,0.375,2773.5918494872485,0.1,150,5,0.096,1.667636186897265,3.7987377636775044,0.0
mtd_ai,200,0.005067903713874242,0.45,3434.7743870830054,0.15,150,5,0.096,1.667636186897265,3.7987377636775044,0.0
mtd_ai,200,0.005067903713874242,0.43478260869565216,5008.7088610529545,0.2,150,5,0.096,1.667636186897265,3.7987377636775044,0.0
mtd_ai,200,0.005067903713874242,0.43103448275862066,6251.832521617064,0.25,150,5,0.096,1.667636186897265,3.7987377636775044,0.0
mtd_ai,200,0.00504305622011,0.25,2627.101391684881,0.05,150,5,0.12166666666666667,0.46461762964535824,1.1124806219501266,0.0
mtd_ai,200,0.00504305622011,0.29411764705882354,4117.2769609393,0.1,150,5,0.12166666666666667,0.46461762964535824,1.1124806219501266,0.0
mtd_ai,200,0.00504305622011,0.34615384615384615,5337.358357054551,0.15,150,5,0.12166666666666667,0.46461762964535824,1.1124806219501266,0.0
mtd_ai,200,0.00504305622011,0.38961038961038963,6075.496535923541,0.2,150,5,0.12166666666666667,0.46461762964535824,1.1124806219501266,0.0
mtd_ai,200,0.00504305622011,0.42134831460674155,6839.081167835691,0.25,150,5,0.12166666666666667,0.46461762964535824,1.1124806219501266,0.0
mtd_ai,200,0.005032095466441316,0.234375,4151.680536258382,0.05,150,5,0.3333333333333333,0.8858050623577113,3.419763290745222,-4.6
mtd_ai,200,0.005032095466441316,0.3409090909090909,4825.629244033065,0.1,150,5,0.3333333333333333,0.8858050623577113,3.419763290745222,-4.6
mtd_ai,200,0.005032095466441316,0.4017857142857143,5750.654567595495,0.15,150,5,0.3333333333333333,0.8858050623577113,3.419763290745222,-4.6
mtd_ai,200,0.005032095466441316,0.4225352112676056,6508.9034579978415,0.2,150,5,0.3333333333333333,0.8858050623577113,3.419763290745222,-4.6
mtd_ai,200,0.005032095466441316,0.46296296296296297,7028.644503938451,0.25,150,5,0.3333333333333333,0.8858050623577113,3.419763290745222,-4.6
mtd_ai,200,0.005086956836575359,0.3,2565.8872881485877,0.05,150,5,0.11833333333333333,0.4613308803850746,1.2485497158452044,0.0
mtd_ai,200,0.005086956836575359,0.39473684210526316,3776.87895311541,0.1,150,5,0.11833333333333333,0.4613308803850746,1.2485497158452044,0.0
mtd_ai,200,0.005086956836575359,0.4891304347826087,4099.953755447274,0.15,150,5,0.11833333333333333,0.4613308803850746,1.2485497158452044,0.0
mtd_ai,200,0.005086956836575359,0.5263157894736842,4647.725907911576,0.2,150,5,0.11833333333333333,0.4613308803850746,1.2485497158452044,0.0
mtd_ai,200,0.005086956836575359,0.5208333333333334,5310.894813002013,0.25,150,5,0.11833333333333333,0.4613308803850746,1.2485497158452044,0.0
mtd_ai,200,0.005058160942170931,0.24193548387096775,3540.386528714891,0.05,150,5,0.09155555555555556,0.12600907316429286,0.30413637801330257,0.0
mtd_ai,200,0.005058160942170931,0.29411764705882354,5506.848316955649,0.1,150,5,0.09155555555555556,0.12600907316429286,0.30413637801330257,0.0
mtd_ai,200,0.005058160942170931,0.36885245901639346,5897.515917093733,0.15,150,5,0.09155555555555556,0.12600907316429286,0.30413637801330257,0.0
mtd_ai,200,0.005058160942170931,0.4166666666666667,6272.256121626675,0.2,150,5,0.09155555555555556,0.12600907316429286,0.30413637801330257,0.0
mtd_ai,200,0.005058160942170931,0.46296296296296297,6632.749829389855,0.25,150,5,0.09155555555555556,0.12600907316429286,0.30413637801330257,0.0
mtd_ai,200,0.005041406781070474,0.4411764705882353,1519.5187770348957,0.05,150,5,0.13777777777777778,0.05502532119020195,0.18443362349570785,0.0
mtd_ai,200,0.005041406781070474,0.39473684210526316,3506.72536502843,0.1,150,5,0.13777777777777778,0.05502532119020195,0.18443362349570785,0.0
mtd_ai,200,0.005041406781070474,0.42452830188679247,5136.661163577126,0.15,150,5,0.13777777777777778,0.05502532119020195,0.18443362349570785,0.0
mtd_ai,200,0.005041406781070474,0.46153846153846156,6163.433633787261,0.2,150,5,0.13777777777777778,0.05502532119020195,0.18443362349570785,0.0
mtd_ai,200,0.005041406781070474,0.5208333333333334,6493.573487658653,0.25,150,5,0.13777777777777778,0.05502532119020195,0.18443362349570785,0.0
mtd_ai,200,0.005048777116770654,0.26785714285714285,2633.6028250634577,0.05,150,5,0.1651111111111111,0.27858690557710264,0.9326364555652561,5.148148148148148
mtd_ai,200,0.005048777116770654,0.3409090909090909,3717.291800164075,0.1,150,5,0.1651111111111111,0.27858690557710264,0.9326364555652561,5.148148148148148
mtd_ai,200,0.005048777116770654,0.39473684210526316,4422.671843301941,0.15,150,5,0.1651111111111111,0.27858690557710264,0.9326364555652561,5.148148148148148
mtd_ai,200,0.005048777116770654,0.4411764705882353,4935.722370119049,0.2,150,5,0.1651111111111111,0.27858690557710264,0.9326364555652561,5.148148148148148
mtd_ai,200,0.005048777116770654,0.4807692307692308,5340.49167895143,0.25,150,5,0.1651111111111111,0.27858690557710264,0.9326364555652561,5.148148148148148
mtd_ai,200,0.005074258126062015,0.5769230769230769,1035.5653288304452,0.05,150,5,0.13,0.5624687389739293,1.358028580039955,0.0
mtd_ai,200,0.005074258126062015,0.38461538461538464,3941.9710002548873,0.1,150,5,0.13,0.5624687389739293,1.358028580039955,0.0
mtd_ai,200,0.005074258126062015,0.4166666666666667,4985.279260647501,0.15,150,5,0.13,0.5624687389739293,1.358028580039955,0.0
mtd_ai,200,0.005074258126062015,0.46153846153846156,5482.468787832597,0.2,150,5,0.13,0.5624687389739293,1.358028580039955,0.0
mtd_ai,200,0.005074258126062015,0.487012987012987,6176.373748955932,0.25,150,5,0.13,0.5624687389739293,1.358028580039955,0.0
mtd_ai,200,0.005038854594123673,0.35714285714285715,1698.571789653698,0.05,150,5,0.10333333333333333,0.9647709191142494,4.172583128380209,0.0
mtd_ai,200,0.005038854594123673,0.3333333333333333,4127.9556912015605,0.1,150,5,0.10333333333333333,0.9647709191142494,4.172583128380209,0.0
mtd_ai,200,0.005038854594123673,0.3813559322033898,5338.820539312908,0.15,150,5,0.10333333333333333,0.9647709191142494,4.172583128380209,0.0
mtd_ai,200,0.005038854594123673,0.410958904109589,6176.550088591325,0.2,150,5,0.10333333333333333,0.9647709191142494,4.172583128380209,0.0
mtd_ai,200,0.005038854594123673,0.43103448275862066,6856.160401899424,0.25,150,5,0.10333333333333333,0.9647709191142494,4.172583128380209,0.0
mtd_ai,200,0.005043843856353992,0.3409090909090909,2418.3245672631556,0.05,150,5,0.12555555555555556,1.0118986337271358,4.144570606844846,0.0
mtd_ai,200,0.005043843856353992,0.35714285714285715,4397.307040743132,0.1,150,5,0.12555555555555556,1.0118986337271358,4.144570606844846,0.0
mtd_ai,200,0.005043843856353992,0.4166666666666667,4968.540349260344,0.15,150,5,0.12555555555555556,1.0118986337271358,4.144570606844846,0.0
mtd_ai,200,0.005043843856353992,0.44776119402985076,5764.59849568112,0.2,150,5,0.12555555555555556,1.0118986337271358,4.144570606844846,0.0
mtd_ai,200,0.005043843856353992,0.46875,6465.613421376679,0.25,150,5,0.12555555555555556,1.0118986337271358,4.144570606844846,0.0
mtd_ai,200,0.0050433558047024065,0.32608695652173914,2164.111929162329,0.05,150,5,0.08666666666666667,0.6688319812437397,3.001710943433931,0.0
mtd_ai,200,0.0050433558047024065,0.39473684210526316,3196.073409748143,0.1,150,5,0.08666666666666667,0.6688319812437397,3.001710943433931,0.0
mtd_ai,200,0.0050433558047024065,0.46875,3924.7180729795477,0.15,150,5,0.08666666666666667,0.6688319812437397,3.001710943433931,0.0
mtd_ai,200,0.0050433558047024065,0.5,4637.988062631859,0.2,150,5,0.08666666666666667,0.6688319812437397,3.001710943433931,0.0
mtd_ai,200,0.0050433558047024065,0.4934210526315789,6073.947572143723,0.25,150,5,0.08666666666666667,0.6688319812437397,3.001710943433931,0.0
mtd_ai,200,0.005043937426780033,0.5,1433.425422082812,0.05,150,5,0.12714285714285714,0.15658608720130973,0.643708797115191,0.0
mtd_ai,200,0.005043937426780033,0.4838709677419355,2820.8327339440875,0.1,150,5,0.12714285714285714,0.15658608720130973,0.643708797115191,0.0
mtd_ai,200,0.005043937426780033,0.4411764705882353,4968.004134771602,0.15,150,5,0.12714285714285714,0.15658608720130973,0.643708797115191,0.0
mtd_ai,200,0.005043937426780033,0.45454545454545453,5591.086487942708,0.2,150,5,0.12714285714285714,0.15658608720130973,0.643708797115191,0.0
mtd_ai,200,0.005043937426780033,0.47468354430379744,6140.51043285334,0.25,150,5,0.12714285714285714,0.15658608720130973,0.643708797115191,0.0
mtd_ai,200,0.00503150935439214,0.21428571428571427,4133.953021199044,0.05,150,5,0.09333333333333334,0.35653489917454223,1.5381773563444128,0.0
mtd_ai,200,0.00503150935439214,0.29411764705882354,5292.2130134730305,0.1,150,5,0.09333333333333334,0.35653489917454223,1.5381773563444128,0.0
mtd_ai,200,0.00503150935439214,0.34615384615384615,5822.570252822493,0.15,150,5,0.09333333333333334,0.35653489917454223,1.5381773563444128,0.0
mtd_ai,200,0.00503150935439214,0.38461538461538464,6852.720845382768,0.2,150,5,0.09333333333333334,0.35653489917454223,1.5381773563444128,0.0
mtd_ai,200,0.00503150935439214,0.42613636363636365,7416.268043210798,0.25,150,5,0.09333333333333334,0.35653489917454223,1.5381773563444128,0.0
mtd_ai,200,0.005026388167143042,0.26785714285714285,2338.7387445183704,0.05,150,5,0.13666666666666666,0.8807182866933057,3.6196895340678723,0.0
mtd_ai,200,0.005026388167143042,0.23076923076923078,4753.021215883435,0.1,150,5,0.13666666666666666,0.8807182866933057,3.6196895340678723,0.0
mtd_ai,200,0.005026388167143042,0.2647058823529412,6338.928266091483,0.15,150,5,0.13666666666666666,0.8807182866933057,3.6196895340678723,0.0
mtd_ai,200,0.005026388167143042,0.2727272727272727,7788.369179851576,0.2,150,5,0.13666666666666666,0.8807182866933057,3.6196895340678723,0.0
mtd_ai,200,0.005026388167143042,0.30991735537190085,8341.484073950402,0.25,150,5,0.13666666666666666,0.8807182866933057,3.6196895340678723,0.0
mtd_ai,200,0.005064790236047128,0.35714285714285715,2111.342994977149,0.05,150,5,0.15142857142857144,1.2483887463616499,3.6233642201015037,0.0
mtd_ai,200,0.005064790236047128,0.38461538461538464,3722.9079666853986,0.1,150,5,0.15142857142857144,1.2483887463616499,3.6233642201015037,0.0
mtd_ai,200,0.005064790236047128,0.4326923076923077,4710.609166501828,0.15,150,5,0.15142857142857144,1.2483887463616499,3.6233642201015037,0.0
mtd_ai,200,0.005064790236047128,0.46153846153846156,5467.562558735032,0.2,150,5,0.15142857142857144,1.2483887463616499,3.6233642201015037,0.0
mtd_ai,200,0.005064790236047128,0.47468354430379744,6410.741509449758,0.25,150,5,0.15142857142857144,1.2483887463616499,3.6233642201015037,0.0
mtd_ai,200,0.00507413545839174,0.3125,2718.862467226657,0.05,150,5,0.10533333333333333,0.2421436001049579,1.0689674660553956,0.0
mtd_ai,200,0.00507413545839174,0.42857142857142855,3214.7228972355733,0.1,150,5,0.10533333333333333,0.2421436001049579,1.0689674660553956,0.0
mtd_ai,200,0.00507413545839174,0.46875,4365.485667886778,0.15,150,5,0.10533333333333333,0.2421436001049579,1.0689674660553956,0.0
mtd_ai,200,0.00507413545839174,0.5172413793103449,4936.724813711039,0.2,150,5,0.10533333333333333,0.2421436001049579,1.0689674660553956,0.0
mtd_ai,200,0.00507413545839174,0.5597014925373134,5550.095242454205,0.25,150,5,0.10533333333333333,0.2421436001049579,1.0689674660553956,0.0
mtd_ai,200,0.005057607705843935,0.22058823529411764,3081.5523337865634,0.05,150,5,0.11333333333333333,0.10190290295561608,0.4329006185621496,0.0
mtd_ai,200,0.005057607705843935,0.28846153846153844,4210.85540807562,0.1,150,5,0.11333333333333333,0.10190290295561608,0.4329006185621496,0.0
mtd_ai,200,0.005057607705843935,0.3082191780821918,5848.935732090678,0.15,150,5,0.11333333333333333,0.10190290295561608,0.4329006185621496,0.0
mtd_ai,200,0.005057607705843935,0.3488372093023256,6338.88566186926,0.2,150,5,0.11333333333333333,0.10190290295561608,0.4329006185621496,0.0
mtd_ai,200,0.005057607705843935,0.3865979381443299,7121.477614289774,0.25,150,5,0.11333333333333333,0.10190290295561608,0.4329006185621496,0.0
mtd_ai,200,0.005061633537292102,0.25862068965517243,2747.9216343598737,0.05,150,5,0.13555555555555554,0.4640231897829665,1.2871340726529097,0.0
mtd_ai,200,0.005061633537292102,0.36585365853658536,3712.2175343539384,0.1,150,5,0.13555555555555554,0.4640231897829665,1.2871340726529097,0.0
mtd_ai,200,0.005061633537292102,0.4166666666666667,4280.8736466061255,0.15,150,5,0.13555555555555554,0.4640231897829665,1.2871340726529097,0.0
mtd_ai,200,0.005061633537292102,0.43478260869565216,5517.644648410414,0.2,150,5,0.13555555555555554,0.4640231897829665,1.2871340726529097,0.0
mtd_ai,200,0.005061633537292102,0.46875,6191.490076594278,0.25,150,5,0.13555555555555554,0.4640231897829665,1.2871340726529097,0.0
mtd_ai,200,0.005039717406094158,0.24193548387096775,3030.8884014103896,0.05,150,5,0.17588888888888887,0.3243332453654856,1.0377021230120202,0.0
mtd_ai,200,0.005039717406094158,0.32608695652173914,4247.870189506486,0.1,150,5,0.17588888888888887,0.3243332453654856,1.0377021230120202,0.0
mtd_ai,200,0.005039717406094158,0.4017857142857143,4812.004980330072,0.15,150,5,0.17588888888888887,0.3243332453654856,1.0377021230120202,0.0
mtd_ai,200,0.005039717406094158,0.4166666666666667,5580.006356619882,0.2,150,5,0.17588888888888887,0.3243332453654856,1.0377021230120202,0.0
mtd_ai,200,0.005039717406094158,0.45180722891566266,6152.723107015674,0.25,150,5,0.17588888888888887,0.3243332453654856,1.0377021230120202,0.0
mtd_ai,200,0.005083426863340366,0.39473684210526316,1642.4694178853947,0.05,150,5,0.15333333333333332,0.21205566530592462,0.8704251032123226,0.0
mtd_ai,200,0.005083426863340366,0.42857142857142855,2824.255544806999,0.1,150,5,0.15333333333333332,0.21205566530592462,0.8704251032123226,0.0
mtd_ai,200,0.005083426863340366,0.45,4163.12104212658,0.15,150,5,0.15333333333333332,0.21205566530592462,0.8704251032123226,0.0
mtd_ai,200,0.005083426863340366,0.4918032786885246,4548.643033187749,0.2,150,5,0.15333333333333332,0.21205566530592462,0.8704251032123226,0.0
mtd_ai,200,0.005083426863340366,0.5208333333333334,5172.677349659368,0.25,150,5,0.15333333333333332,0.21205566530592462,0.8704251032123226,0.0
mtd_ai,200,0.00505514259259233,0.22058823529411764,4476.966792454308,0.05,150,5,0.11566666666666668,0.3349325476476811,0.7064483045360087,0.0
mtd_ai,200,0.00505514259259233,0.30612244897959184,5359.03946602695,0.1,150,5,0.11566666666666668,0.3349325476476811,0.7064483045360087,0.0
mtd_ai,200,0.00505514259259233,0.3515625,6038.474455917907,0.15,150,5,0.11566666666666668,0.3349325476476811,0.7064483045360087,0.0
mtd_ai,200,0.00505514259259233,0.37037037037037035,6862.854031236334,0.2,150,5,0.11566666666666668,0.3349325476476811,0.7064483045360087,0.0
mtd_ai,200,0.00505514259259233,0.4166666666666667,7298.681349591185,0.25,150,5,0.11566666666666668,0.3349325476476811,0.7064483045360087,0.0
mtd_ai,200,0.005079900378194083,0.3409090909090909,2164.942733410164,0.05,150,5,0.08666666666666667,0.23593498462323587,0.9784446514710944,0.0
mtd_ai,200,0.005079900378194083,0.3409090909090909,3437.298685561222,0.1,150,5,0.08666666666666667,0.23593498462323587,0.9784446514710944,0.0
mtd_ai,200,0.005079900378194083,0.3879310344827586,4223.110307728903,0.15,150,5,0.08666666666666667,0.23593498462323587,0.9784446514710944,0.0
mtd_ai,200,0.005079900378194083,0.39473684210526316,4986.914140690284,0.2,150,5,0.08666666666666667,0.23593498462323587,0.9784446514710944,0.0
mtd_ai,200,0.005079900378194083,0.44642857142857145,5395.002196422631,0.25,150,5,0.08666666666666667,0.23593498462323587,0.9784446514710944,0.0
mtd_ai,200,0.00507059915570502,0.3,2203.200526290659,0.05,150,5,0.0,3.927228413574967,5.41603954593661,0.0
mtd_ai,200,0.00507059915570502,0.40540540540540543,3009.433992964336,0.1,150,5,0.0,3.927228413574967,5.41603954593661,0.0
mtd_ai,200,0.00507059915570502,0.4411764705882353,3962.535698414434,0.15,150,5,0.0,3.927228413574967,5.41603954593661,0.0
mtd_ai,200,0.00507059915570502,0.44776119402985076,5301.963133422902,0.2,150,5,0.0,3.927228413574967,5.41603954593661,0.0
mtd_ai,200,0.00507059915570502,0.487012987012987,5733.979376590085,0.25,150,5,0.0,3.927228413574967,5.41603954593661,0.0
mtd_ai,200,0.0050487922762054,0.3125,2386.3729619313176,0.05,150,5,0.15444444444444444,0.1423555908694668,0.6261848455027306,0.0
mtd_ai,200,0.0050487922762054,0.32608695652173914,3711.2143746954143,0.1,150,5,0.15444444444444444,0.1423555908694668,0.6261848455027306,0.0
mtd_ai,200,0.0050487922762054,0.375,5098.959733059882,0.15,150,5,0.15444444444444444,0.1423555908694668,0.6261848455027306,0.0
mtd_ai,200,0.0050487922762054,0.3614457831325301,7236.016995044004,0.2,150,5,0.15444444444444444,0.1423555908694668,0.6261848455027306,0.0
mtd_ai,200,0.0050487922762054,0.4032258064516129,7708.391346734989,0.25,150,5,0.15444444444444444,0.1423555908694668,0.6261848455027306,0.0
mtd_ai,200,0.005049698639462239,0.3409090909090909,1983.7390459123271,0.05,150,5,0.14866666666666667,0.06626592260085838,0.21785145183055615,0.0
mtd_ai,200,0.005049698639462239,0.3488372093023256,3976.5001759617608,0.1,150,5,0.14866666666666667,0.06626592260085838,0.21785145183055615,0.0
mtd_ai,200,0.005049698639462239,0.4166666666666667,4794.902377639504,0.15,150,5,0.14866666666666667,0.06626592260085838,0.21785145183055615,0.0
mtd_ai,200,0.005049698639462239,0.42857142857142855,5604.616950673921,0.2,150,5,0.14866666666666667,0.06626592260085838,0.21785145183055615,0.0
mtd_ai,200,0.005049698639462239,0.4807692307692308,5923.314862891598,0.25,150,5,0.14866666666666667,0.06626592260085838,0.21785145183055615,0.0
mtd_ai,200,0.00503424811967157,0.3409090909090909,1930.445697057822,0.05,150,5,0.08266666666666667,1.1598622407762615,3.837688841582056,5.12
mtd_ai,200,0.00503424811967157,0.3191489361702128,3593.5856293048473,0.1,150,5,0.08266666666666667,1.1598622407762615,3.837688841582056,5.12
mtd_ai,200,0.00503424811967157,0.35714285714285715,5003.580908755937,0.15,150,5,0.08266666666666667,1.1598622407762615,3.837688841582056,5.12
mtd_ai,200,0.00503424811967157,0.38961038961038963,5847.475278781818,0.2,150,5,0.08266666666666667,1.1598622407762615,3.837688841582056,5.12
mtd_ai,200,0.00503424811967157,0.4166666666666667,6645.197553820819,0.25,150,5,0.08266666666666667,1.1598622407762615,3.837688841582056,5.12
mtd_ai,200,0.0050556365952535666,0.375,1604.6676809145206,0.05,150,5,0.12,0.3837194043115992,1.186931211757518,0.0
mtd_ai,200,0.0050556365952535666,0.3488372093023256,4229.604259269101,0.1,150,5,0.12,0.3837194043115992,1.186931211757518,0.0
mtd_ai,200,0.0050556365952535666,0.375,5963.3077446953175,0.15,150,5,0.12,0.3837194043115992,1.186931211757518,0.0
mtd_ai,200,0.0050556365952535666,0.410958904109589,6539.119761700838,0.2,150,5,0.12,0.3837194043115992,1.186931211757518,0.0
mtd_ai,200,0.0050556365952535666,0.4411764705882353,7153.362905051206,0.25,150,5,0.12,0.3837194043115992,1.186931211757518,0.0
mtd_ai,200,0.005033347807211931,0.14705882352941177,3463.651036258668,0.05,150,5,0.17,0.07933046672543836,0.35475660373221946,0.0
mtd_ai,200,0.005033347807211931,0.17647058823529413,5804.036061152796,0.1,150,5,0.17,0.07933046672543836,0.35475660373221946,0.0
mtd_ai,200,0.005033347807211931,0.225,6828.1261550990375,0.15,150,5,0.17,0.07933046672543836,0.35475660373221946,0.0
mtd_ai,200,0.005033347807211931,0.2564102564102564,7729.215343228142,0.2,150,5,0.17,0.07933046672543836,0.35475660373221946,0.0
mtd_ai,200,0.005033347807211931,0.2976190476190476,7969.182544089845,0.25,150,5,0.17,0.07933046672543836,0.35475660373221946,0.0
mtd_ai,200,0.005044795216865776,0.24193548387096775,2789.7619422515063,0.05,150,5,0.18577777777777776,3.3966117057398875,5.586393547944533,0.0
mtd_ai,200,0.005044795216865776,0.32608695652173914,3535.808913789445,0.1,150,5,0.18577777777777776,3.3966117057398875,5.586393547944533,0.0
mtd_ai,200,0.005044795216865776,0.3813559322033898,4401.318809207674,0.15,150,5,0.18577777777777776,3.3966117057398875,5.586393547944533,0.0
mtd_ai,200,0.005044795216865776,0.42857142857142855,4932.786843733453,0.2,150,5,0.18577777777777776,3.3966117057398875,5.586393547944533,0.0
mtd_ai,200,0.005044795216865776,0.46875,5354.076495885445,0.25,150,5,0.18577777777777776,3.3966117057398875,5.586393547944533,0.0
mtd_ai,200,0.005050767018937976,0.19736842105263158,3014.4978907033064,0.05,150,5,0.13,0.37906510194540616,1.0607221439988073,0.0
mtd_ai,200,0.005050767018937976,0.2830188679245283,4040.3757087168865,0.1,150,5,0.13,0.37906510194540616,1.0607221439988073,0.0
mtd_ai,200,0.005050767018937976,0.32608695652173914,5983.0223948500025,0.15,150,5,0.13,0.37906510194540616,1.0607221439988073,0.0
mtd_ai,200,0.005050767018937976,0.35714285714285715,6840.128109221163,0.2,150,5,0.13,0.37906510194540616,1.0607221439988073,0.0
mtd_ai,200,0.005050767018937976,0.3865979381443299,7513.635451175793,0.25,150,5,0.13,0.37906510194540616,1.0607221439988073,0.0
mtd_ai,200,0.005027119301844353,0.22727272727272727,3611.099852204884,0.05,150,5,0.134,0.39126849498735033,1.3635415215368565,0.0
mtd_ai,200,0.005027119301844353,0.30612244897959184,5108.010587146758,0.1,150,5,0.134,0.39126849498735033,1.3635415215368565,0.0
mtd_ai,200,0.005027119301844353,0.35714285714285715,5956.307427710527,0.15,150,5,0.134,0.39126849498735033,1.3635415215368565,0.0
mtd_ai,200,0.005027119301844353,0.38461538461538464,6962.915560719047,0.2,150,5,0.134,0.39126849498735033,1.3635415215368565,0.0
mtd_ai,200,0.005027119301844353,0.39893617021276595,8450.915637619582,0.25,150,5,0.134,0.39126849498735033,1.3635415215368565,0.0
mtd_ai,200,0.00508074213922376,0.39473684210526316,1887.7212045840922,0.05,150,5,0.2,0.9724311111062329,3.7411477658024888,0.0
mtd_ai,200,0.00508074213922376,0.39473684210526316,3830.9468843341238,0.1,150,5,0.2,0.9724311111062329,3.7411477658024888,0.0
mtd_ai,200,0.00508074213922376,0.46875,4387.317520015064,0.15,150,5,0.2,0.9724311111062329,3.7411477658024888,0.0
mtd_ai,200,0.00508074213922376,0.4918032786885246,5090.980188982678,0.2,150,5,0.2,0.9724311111062329,3.7411477658024888,0.0
mtd_ai,200,0.00508074213922376,0.528169014084507,5632.042188239642,0.25,150,5,0.2,0.9724311111062329,3.7411477658024888,0.0
mtd_ai,200,0.005040819839487025,0.26785714285714285,2898.9501788854614,0.05,150,5,0.11,0.335503644180307,1.50156567039823,0.0
mtd_ai,200,0.005040819839487025,0.3488372093023256,3980.3661755781914,0.1,150,5,0.11,0.335503644180307,1.50156567039823,0.0
mtd_ai,200,0.005040819839487025,0.3879310344827586,5270.213463216677,0.15,150,5,0.11,0.335503644180307,1.50156567039823,0.0
mtd_ai,200,0.005040819839487025,0.43478260869565216,5819.481590052867,0.2,150,5,0.11,0.335503644180307,1.50156567039823,0.0
mtd_ai,200,0.005040819839487025,0.44642857142857145,6459.573974553432,0.25,150,5,0.11,0.335503644180307,1.50156567039823,0.0
mtd_ai,200,0.0050719896754817095,0.2777777777777778,2461.3419452394,0.05,150,5,0.13636363636363635,1.7422245736268014,3.1897348149212386,0.0
mtd_ai,200,0.0050719896754817095,0.38461538461538464,3398.1560890234505,0.1,150,5,0.13636363636363635,1.7422245736268014,3.1897348149212386,0.0
mtd_ai,200,0.0050719896754817095,0.4090909090909091,4291.684820564448,0.15,150,5,0.13636363636363635,1.7422245736268014,3.1897348149212386,0.0
mtd_ai,200,0.0050719896754817095,0.42857142857142855,5199.138807423809,0.2,150,5,0.13636363636363635,1.7422245736268014,3.1897348149212386,0.0
mtd_ai,200,0.0050719896754817095,0.47468354430379744,5534.893946535108,0.25,150,5,0.13636363636363635,1.7422245736268014,3.1897348149212386,0.0
mtd_ai,200,0.005039648984330463,0.3125,2215.409157077333,0.05,150,5,0.09733333333333333,1.1443197780448298,4.288092474456388,0.0
mtd_ai,200,0.005039648984330463,0.3409090909090909,4356.800179084285,0.1,150,5,0.09733333333333333,1.1443197780448298,4.288092474456388,0.0
mtd_ai,200,0.005039648984330463,0.4017857142857143,5073.534771690941,0.15,150,5,0.09733333333333333,1.1443197780448298,4.288092474456388,0.0
mtd_ai,200,0.005039648984330463,0.44776119402985076,5553.030538364049,0.2,150,5,0.09733333333333333,1.1443197780448298,4.288092474456388,0.0
mtd_ai,200,0.005039648984330463,0.487012987012987,5832.446338471534,0.25,150,5,0.09733333333333333,1.1443197780448298,4.288092474456388,0.0
mtd_ai,200,0.005064571372054915,0.3125,2191.685821336793,0.05,150,5,0.10666666666666667,0.3217706074596251,1.1882339584807908,0.0
mtd_ai,200,0.005064571372054915,0.35714285714285715,3532.327472269942,0.1,150,5,0.10666666666666667,0.3217706074596251,1.1882339584807908,0.0
mtd_ai,200,0.005064571372054915,0.39473684210526316,4545.625698846811,0.15,150,5,0.10666666666666667,0.3217706074596251,1.1882339584807908,0.0
mtd_ai,200,0.005064571372054915,0.410958904109589,5606.862341811206,0.2,150,5,0.10666666666666667,0.3217706074596251,1.1882339584807908,0.0
mtd_ai,200,0.005064571372054915,0.42613636363636365,7064.775908292715,0.25,150,5,0.10666666666666667,0.3217706074596251,1.1882339584807908,0.0
mtd_ai,200,0.0050658890609333995,0.25862068965517243,3249.4866142985775,0.05,150,5,0.10966666666666666,2.0095390531745605,2.893386591559751,0.0
mtd_ai,200,0.0050658890609333995,0.375,3789.0026750971097,0.1,150,5,0.10966666666666666,2.0095390531745605,2.893386591559751,0.0
mtd_ai,200,0.0050658890609333995,0.4017857142857143,4743.082679125586,0.15,150,5,0.10966666666666666,2.0095390531745605,2.893386591559751,0.0
mtd_ai,200,0.0050658890609333995,0.40540540540540543,5658.568478842139,0.2,150,5,0.10966666666666666,2.0095390531745605,2.893386591559751,0.0
mtd_ai,200,0.0050658890609333995,0.45180722891566266,5997.240724433164,0.25,150,5,0.10966666666666666,2.0095390531745605,2.893386591559751,0.0
mtd_ai,200,0.005060832640475793,0.3125,2524.847489276184,0.05,150,5,0.08166666666666667,0.07809707003178108,0.2288489888098469,0.0
mtd_ai,200,0.005060832640475793,0.40540540540540543,3084.0314971844427,0.1,150,5,0.08166666666666667,0.07809707003178108,0.2288489888098469,0.0
mtd_ai,200,0.005060832640475793,0.4017857142857143,4277.016900550027,0.15,150,5,0.08166666666666667,0.07809707003178108,0.2288489888098469,0.0
mtd_ai,200,0.005060832640475793,0.36585365853658536,5768.312330232364,0.2,150,5,0.08166666666666667,0.07809707003178108,0.2288489888098469,0.0
mtd_ai,200,0.005060832640475793,0.390625,6451.336778629104,0.25,150,5,0.08166666666666667,0.07809707003178108,0.2288489888098469,0.0
mtd_ai,200,0.005039844732764419,0.22727272727272727,3037.1100727284215,0.05,150,5,0.16444444444444445,1.0135951207472107,1.0910039969377705,0.0
mtd_ai,200,0.005039844732764419,0.3191489361702128,4234.71960052797,0.1,150,5,0.16444444444444445,1.0135951207472107,1.0910039969377705,0.0
mtd_ai,200,0.005039844732764419,0.3813559322033898,5064.517241924859,0.15,150,5,0.16444444444444445,1.0135951207472107,1.0910039969377705,0.0
mtd_ai,200,0.005039844732764419,0.4166666666666667,5629.245560318508,0.2,150,5,0.16444444444444445,1.0135951207472107,1.0910039969377705,0.0
mtd_ai,200,0.005039844732764419,0.46296296296296297,6191.331781957472,0.25,150,5,0.16444444444444445,1.0135951207472107,1.0910039969377705,0.0
mtd_ai,200,0.005076246579779484,0.4166666666666667,1556.1927153403108,0.05,150,5,0.15444444444444444,0.03809216216160395,0.10113183985358437,0.0
mtd_ai,200,0.005076246579779484,0.38461538461538464,2963.0510411244913,0.1,150,5,0.15444444444444444,0.03809216216160395,0.10113183985358437,0.0
mtd_ai,200,0.005076246579779484,0.4090909090909091,3774.084584052084,0.15,150,5,0.15444444444444444,0.03809216216160395,0.10113183985358437,0.0
mtd_ai,200,0.005076246579779484,0.40540540540540543,5139.2656888405945,0.2,150,5,0.15444444444444444,0.03809216216160395,0.10113183985358437,0.0
mtd_ai,200,0.005076246579779484,0.39473684210526316,5921.633484196322,0.25,150,5,0.15444444444444444,0.03809216216160395,0.10113183985358437,0.0
mtd_ai,200,0.005042564322419313,0.4166666666666667,1555.6206060297613,0.05,150,5,0.132,3.5320437145534163,2.4647995612146927,0.0
mtd_ai,200,0.005042564322419313,0.3409090909090909,4120.762637502258,0.1,150,5,0.132,3.5320437145534163,2.4647995612146927,0.0
mtd_ai,200,0.005042564322419313,0.4166666666666667,4411.664535214862,0.15,150,5,0.132,3.5320437145534163,2.4647995612146927,0.0
mtd_ai,200,0.005042564322419313,0.45454545454545453,5093.890302453416,0.2,150,5,0.132,3.5320437145534163,2.4647995612146927,0.0
mtd_ai,200,0.005042564322419313,0.4934210526315789,5662.22018712775,0.25,150,5,0.132,3.5320437145534163,2.4647995612146927,0.0
mtd_ai,200,0.0050423509714393475,0.26785714285714285,3533.9225467957217,0.05,150,5,0.11333333333333333,0.664267993332034,2.032112830749171,0.0
mtd_ai,200,0.0050423509714393475,0.35714285714285715,4404.579452701706,0.1,150,5,0.11333333333333333,0.664267993332034,2.032112830749171,0.0
mtd_ai,200,0.0050423509714393475,0.4326923076923077,4992.4588630910675,0.15,150,5,0.11333333333333333,0.664267993332034,2.032112830749171,0.0
mtd_ai,200,0.0050423509714393475,0.46153846153846156,5653.217159033573,0.2,150,5,0.11333333333333333,0.664267993332034,2.032112830749171,0.0
mtd_ai,200,0.0050423509714393475,0.4934210526315789,6335.272611690369,0.25,150,5,0.11333333333333333,0.664267993332034,2.032112830749171,0.0
mtd_ai,200,0.005071298066750227,0.375,1703.1433045742274,0.05,150,5,0.2028888888888889,0.29097182337754396,1.2471115551909768,0.0
mtd_ai,200,0.005071298066750227,0.375,3510.747001534839,0.1,150,5,0.2028888888888889,0.29097182337754396,1.2471115551909768,0.0
mtd_ai,200,0.005071298066750227,0.4411764705882353,4187.6147631136355,0.15,150,5,0.2028888888888889,0.29097182337754396,1.2471115551909768,0.0
mtd_ai,200,0.005071298066750227,0.46875,5220.536552745489,0.2,150,5,0.2028888888888889,0.29097182337754396,1.2471115551909768,0.0
mtd_ai,200,0.005071298066750227,0.47468354430379744,6448.774998000465,0.25,150,5,0.2028888888888889,0.29097182337754396,1.2471115551909768,0.0
mtd_ai,200,0.005046087275651738,0.3125,2342.4336703337485,0.05,150,5,0.13888888888888887,1.1961891171017323,2.3933865881420164,0.0
mtd_ai,200,0.005046087275651738,0.375,3694.8161570466236,0.1,150,5,0.13888888888888887,1.1961891171017323,2.3933865881420164,0.0
mtd_ai,200,0.005046087275651738,0.45,4400.805425457244,0.15,150,5,0.13888888888888887,1.1961891171017323,2.3933865881420164,0.0
mtd_ai,200,0.005046087275651738,0.4838709677419355,5201.59351328419,0.2,150,5,0.13888888888888887,1.1961891171017323,2.3933865881420164,0.0
mtd_ai,200,0.005046087275651738,0.5136986301369864,5574.877592184528,0.25,150,5,0.13888888888888887,1.1961891171017323,2.3933865881420164,0.0
mtd_ai,200,0.005038940027062928,0.39473684210526316,1869.8871810179141,0.05,150,5,0.15,1.0455767046651543,4.154439161641656,4.724137931034483
mtd_ai,200,0.005038940027062928,0.42857142857142855,3214.2940135376402,0.1,150,5,0.15,1.0455767046651543,4.154439161641656,4.724137931034483
mtd_ai,200,0.005038940027062928,0.46875,4048.309491762918,0.15,150,5,0.15,1.0455767046651543,4.154439161641656,4.724137931034483
mtd_ai,200,0.005038940027062928,0.46153846153846156,5057.793990627794,0.2,150,5,0.15,1.0455767046651543,4.154439161641656,4.724137931034483
mtd_ai,200,0.005038940027062928,0.46296296296296297,6196.858899374212,0.25,150,5,0.15,1.0455767046651543,4.154439161641656,4.724137931034483
mtd_ai,200,0.005029729937558704,0.3,2717.9204790041304,0.05,150,5,0.09333333333333334,1.0200651199790312,2.9187712566407242,0.0
mtd_ai,200,0.005029729937558704,0.28846153846153844,5833.051874880539,0.1,150,5,0.09333333333333334,1.0200651199790312,2.9187712566407242,0.0
mtd_ai,200,0.005029729937558704,0.35714285714285715,6378.036605524709,0.15,150,5,0.09333333333333334,1.0200651199790312,2.9187712566407242,0.0
mtd_ai,200,0.005029729937558704,0.36585365853658536,7807.019559494359,0.2,150,5,0.09333333333333334,1.0200651199790312,2.9187712566407242,0.0
mtd_ai,200,0.005029729937558704,0.3865979381443299,8503.475479470726,0.25,150,5,0.09333333333333334,1.0200651199790312,2.9187712566407242,0.0
mtd_ai,200,0.005075554854938024,0.26785714285714285,2533.449148139661,0.05,150,5,0.17647058823529413,0.08199659204477565,0.29401297621039557,0.0
mtd_ai,200,0.005075554854938024,0.3488372093023256,3981.627287425694,0.1,150,5,0.17647058823529413,0.08199659204477565,0.29401297621039557,0.0
mtd_ai,200,0.005075554854938024,0.3879310344827586,4661.292121483802,0.15,150,5,0.17647058823529413,0.08199659204477565,0.29401297621039557,0.0
mtd_ai,200,0.005075554854938024,0.4411764705882353,5194.872316812522,0.2,150,5,0.17647058823529413,0.08199659204477565,0.29401297621039557,0.0
mtd_ai,200,0.005075554854938024,0.4807692307692308,5698.881522657412,0.25,150,5,0.17647058823529413,0.08199659204477565,0.29401297621039557,0.0
mtd_ai,200,0.0050550543247334,0.46875,1518.6165166492297,0.05,150,5,0.09733333333333333,2.1957520240498023,4.959922024512186,0.0
mtd_ai,200,0.0050550543247334,0.5,2422.1921099813108,0.1,150,5,0.09733333333333333,2.1957520240498023,4.959922024512186,0.0
mtd_ai,200,0.0050550543247334,0.45918367346938777,3717.6098060080485,0.15,150,5,0.09733333333333333,2.1957520240498023,4.959922024512186,0.0
mtd_ai,200,0.0050550543247334,0.4918032786885246,4467.825111169988,0.2,150,5,0.09733333333333333,2.1957520240498023,4.959922024512186,0.0
mtd_ai,200,0.0050550543247334,0.5208333333333334,5409.456491838445,0.25,150,5,0.09733333333333333,2.1957520240498023,4.959922024512186,0.0
mtd_ai,200,0.005057024917504962,0.22727272727272727,3207.60197260457,0.05,150,5,0.1411111111111111,0.02799355175785439,0.07020724486172747,0.0
mtd_ai,200,0.005057024917504962,0.3125,4323.7469441288085,0.1,150,5,0.1411111111111111,0.02799355175785439,0.07020724486172747,0.0
mtd_ai,200,0.005057024917504962,0.34615384615384615,6228.946939599706,0.15,150,5,0.1411111111111111,0.02799355175785439,0.07020724486172747,0.0
mtd_ai,200,0.005057024917504962,0.38961038961038963,6932.238936773183,0.2,150,5,0.1411111111111111,0.02799355175785439,0.07020724486172747,0.0
mtd_ai,200,0.005057024917504962,0.43103448275862066,7354.075209902465,0.25,150,5,0.1411111111111111,0.02799355175785439,0.07020724486172747,0.0
mtd_ai,200,0.00505264439722169,0.234375,3309.7735412609254,0.05,150,5,0.15111111111111108,4.420694449426719,6.724421855826377,0.0
mtd_ai,200,0.00505264439722169,0.32608695652173914,4135.018114143481,0.1,150,5,0.15111111111111108,4.420694449426719,6.724421855826377,0.0
mtd_ai,200,0.00505264439722169,0.3515625,5918.380077415987,0.15,150,5,0.15111111111111108,4.420694449426719,6.724421855826377,0.0
mtd_ai,200,0.00505264439722169,0.39473684210526316,6414.818129265419,0.2,150,5,0.15111111111111108,4.420694449426719,6.724421855826377,0.0
mtd_ai,200,0.00505264439722169,0.35377358490566035,7898.773470425633,0.25,150,5,0.15111111111111108,4.420694449426719,6.724421855826377,0.0
mtd_ai,200,0.005060794217871174,0.32608695652173914,2592.364787233302,0.05,150,5,0.11222222222222221,0.15792916930783973,0.47108130748809074,0.0
mtd_ai,200,0.005060794217871174,0.3488372093023256,4098.936450829959,0.1,150,5,0.11222222222222221,0.15792916930783973,0.47108130748809074,0.0
mtd_ai,200,0.005060794217871174,0.3813559322033898,5744.5239682225965,0.15,150,5,0.11222222222222221,0.15792916930783973,0.47108130748809074,0.0
mtd_ai,200,0.005060794217871174,0.42857142857142855,6304.628954082125,0.2,150,5,0.11222222222222221,0.15792916930783973,0.47108130748809074,0.0
mtd_ai,200,0.005060794217871174,0.46296296296296297,6724.518971234465,0.25,150,5,0.11222222222222221,0.15792916930783973,0.47108130748809074,0.0
mtd_ai,200,0.0050321600072178625,0.32608695652173914,2011.4428192460477,0.05,150,5,0.23076923076923078,0.3095238126958579,0.9363995308123146,-5.074074074074074
mtd_ai,200,0.0050321600072178625,0.39473684210526316,3143.8518976450573,0.1,150,5,0.23076923076923078,0.3095238126958579,0.9363995308123146,-5.074074074074074
mtd_ai,200,0.0050321600072178625,0.45,4079.5160649505815,0.15,150,5,0.23076923076923078,0.3095238126958579,0.9363995308123146,-5.074074074074074
mtd_ai,200,0.0050321600072178625,0.42857142857142855,5709.126511399154,0.2,150,5,0.23076923076923078,0.3095238126958579,0.9363995308123146,-5.074074074074074
mtd_ai,200,0.0050321600072178625,0.45180722891566266,6523.632782829532,0.25,150,5,0.23076923076923078,0.3095238126958579,0.9363995308123146,-5.074074074074074
mtd_ai,200,0.005064805536948575,0.39473684210526316,1328.3580721450962,0.05,150,5,0.2647058823529412,0.08954295480842037,0.3756178828831912,0.0
mtd_ai,200,0.005064805536948575,0.36585365853658536,3173.1746672761374,0.1,150,5,0.2647058823529412,0.08954295480842037,0.3756178828831912,0.0
mtd_ai,200,0.005064805536948575,0.4090909090909091,3693.9687390858344,0.15,150,5,0.2647058823529412,0.08954295480842037,0.3756178828831912,0.0
mtd_ai,200,0.005064805536948575,0.38961038961038963,5451.433822019228,0.2,150,5,0.2647058823529412,0.08954295480842037,0.3756178828831912,0.0
mtd_ai,200,0.005064805536948575,0.41208791208791207,6082.459561406218,0.25,150,5,0.2647058823529412,0.08954295480842037,0.3756178828831912,0.0
mtd_ai,200,0.005044317673110892,0.39473684210526316,1855.3454080186955,0.05,150,5,0.09277777777777778,0.12662427300071777,0.5001516200442401,0.0
mtd_ai,200,0.005044317673110892,0.42857142857142855,3490.0936971364868,0.1,150,5,0.09277777777777778,0.12662427300071777,0.5001516200442401,0.0
mtd_ai,200,0.005044317673110892,0.4891304347826087,4292.542852660064,0.15,150,5,0.09277777777777778,0.12662427300071777,0.5001516200442401,0.0
mtd_ai,200,0.005044317673110892,0.5172413793103449,4889.961894274658,0.2,150,5,0.09277777777777778,0.12662427300071777,0.5001516200442401,0.0
mtd_ai,200,0.005044317673110892,0.528169014084507,5700.524070227255,0.25,150,5,0.09277777777777778,0.12662427300071777,0.5001516200442401,0.0
mtd_ai,200,0.005059523237476305,0.26785714285714285,3082.7316434208806,0.05,150,5,0.13999999999999999,2.0078975222525615,5.6476195132288405,0.0
mtd_ai,200,0.005059523237476305,0.3333333333333333,4715.580635180782,0.1,150,5,0.13999999999999999,2.0078975222525615,5.6476195132288405,0.0
mtd_ai,200,0.005059523237476305,0.4017857142857143,5159.766778167494,0.15,150,5,0.13999999999999999,2.0078975222525615,5.6476195132288405,0.0
mtd_ai,200,0.005059523237476305,0.44776119402985076,5745.422372633728,0.2,150,5,0.13999999999999999,2.0078975222525615,5.6476195132288405,0.0
mtd_ai,200,0.005059523237476305,0.3826530612244898,7213.546033786365,0.25,150,5,0.13999999999999999,2.0078975222525615,5.6476195132288405,0.0
mtd_ai,200,0.005055880338479513,0.21428571428571427,2442.6921845168613,0.05,150,5,0.17922222222222225,1.0877837173303566,3.036324850091405,0.0
mtd_ai,200,0.005055880338479513,0.30612244897959184,3157.6018102745393,0.1,150,5,0.17922222222222225,1.0877837173303566,3.036324850091405,0.0
mtd_ai,200,0.005055880338479513,0.3409090909090909,4363.429665714958,0.15,150,5,0.17922222222222225,1.0877837173303566,3.036324850091405,0.0
mtd_ai,200,0.005055880338479513,0.30303030303030304,5915.496747214019,0.2,150,5,0.17922222222222225,1.0877837173303566,3.036324850091405,0.0
mtd_ai,200,0.005055880338479513,0.3125,7264.512051250039,0.25,150,5,0.17922222222222225,1.0877837173303566,3.036324850091405,0.0
mtd_ai,200,0.005068238782323164,0.32608695652173914,2233.9717004546983,0.05,150,5,0.4375,1.5418540958300408,5.192615799158443,0.0
mtd_ai,200,0.005068238782323164,0.3409090909090909,4851.2513102285775,0.1,150,5,0.4375,1.5418540958300408,5.192615799158443,0.0
mtd_ai,200,0.005068238782323164,0.375,5781.934493927094,0.15,150,5,0.4375,1.5418540958300408,5.192615799158443,0.0
mtd_ai,200,0.005068238782323164,0.43478260869565216,6335.887187826798,0.2,150,5,0.4375,1.5418540958300408,5.192615799158443,0.0
mtd_ai,200,0.005068238782323164,0.487012987012987,6616.3415447398365,0.25,150,5,0.4375,1.5418540958300408,5.192615799158443,0.0
mtd_ai,200,0.005041596388358321,0.39473684210526316,1570.4899562244802,0.05,150,5,0.14400000000000002,0.2205578371372116,0.6341600467170339,0.0
mtd_ai,200,0.005041596388358321,0.4166666666666667,3091.9490342492472,0.1,150,5,0.14400000000000002,0.2205578371372116,0.6341600467170339,0.0
mtd_ai,200,0.005041596388358321,0.45918367346938777,3963.6835556442293,0.15,150,5,0.14400000000000002,0.2205578371372116,0.6341600467170339,0.0
mtd_ai,200,0.005041596388358321,0.4918032786885246,4859.32678422536,0.2,150,5,0.14400000000000002,0.2205578371372116,0.6341600467170339,0.0
mtd_ai,200,0.005041596388358321,0.5067567567567568,5937.296940627482,0.25,150,5,0.14400000000000002,0.2205578371372116,0.6341600467170339,0.0
mtd_ai,200,0.005057866798923966,0.3409090909090909,2084.518092880575,0.05,150,5,0.13222222222222224,1.456536658183963,4.2345907739597415,0.0
mtd_ai,200,0.005057866798923966,0.35714285714285715,3584.693890747202,0.1,150,5,0.13222222222222224,1.456536658183963,4.2345907739597415,0.0
mtd_ai,200,0.005057866798923966,0.4411764705882353,4047.4440662248708,0.15,150,5,0.13222222222222224,1.456536658183963,4.2345907739597415,0.0
mtd_ai,200,0.005057866798923966,0.4918032786885246,4453.852607966015,0.2,150,5,0.13222222222222224,1.456536658183963,4.2345907739597415,0.0
mtd_ai,200,0.005057866798923966,0.528169014084507,4972.507857359617,0.25,150,5,0.13222222222222224,1.456536658183963,4.2345907739597415,0.0
mtd_ai,200,0.005065896774932215,0.22727272727272727,3652.539610690273,0.05,150,5,0.10666666666666667,0.16711243560753225,0.622194175489742,0.0
mtd_ai,200,0.005065896774932215,0.32608695652173914,4372.625512222023,0.1,150,5,0.10666666666666667,0.16711243560753225,0.622194175489742,0.0
mtd_ai,200,0.005065896774932215,0.36885245901639346,5345.512555441161,0.15,150,5,0.10666666666666667,0.16711243560753225,0.622194175489742,0.0
mtd_ai,200,0.005065896774932215,0.4,5883.430656766797,0.2,150,5,0.10666666666666667,0.16711243560753225,0.622194175489742,0.0
mtd_ai,200,0.005065896774932215,0.436046511627907,6223.495527873396,0.25,150,5,0.10666666666666667,0.16711243560753225,0.622194175489742,0.0
mtd_ai,200,0.005080982915407415,0.39473684210526316,2154.612739278765,0.05,150,5,0.45454545454545453,7.683773064069814,7.0216010926156605,0.0
mtd_ai,200,0.005080982915407415,0.35714285714285715,3520.3519107961774,0.1,150,5,0.45454545454545453,7.683773064069814,7.0216010926156605,0.0
mtd_ai,200,0.005080982915407415,0.4326923076923077,3917.5958883025105,0.15,150,5,0.45454545454545453,7.683773064069814,7.0216010926156605,0.0
mtd_ai,200,0.005080982915407415,0.45454545454545453,4820.937893397726,0.2,150,5,0.45454545454545453,7.683773064069814,7.0216010926156605,0.0
mtd_ai,200,0.005080982915407415,0.4934210526315789,5237.256839324223,0.25,150,5,0.45454545454545453,7.683773064069814,7.0216010926156605,0.0
mtd_ai,200,0.005032888275944865,0.26785714285714285,2428.9354538869275,0.05,150,5,0.05,0.7579620957969141,1.5901819508533777,-3.611111111111111
mtd_ai,200,0.005032888275944865,0.32608695652173914,4173.944118250798,0.1,150,5,0.05,0.7579620957969141,1.5901819508533777,-3.611111111111111
mtd_ai,200,0.005032888275944865,0.3629032258064516,5270.264491735146,0.15,150,5,0.05,0.7579620957969141,1.5901819508533777,-3.611111111111111
mtd_ai,200,0.005032888275944865,0.39473684210526316,6293.703261145125,0.2,150,5,0.05,0.7579620957969141,1.5901819508533777,-3.611111111111111
mtd_ai,200,0.005032888275944865,0.390625,7257.120493385308,0.25,150,5,0.05,0.7579620957969141,1.5901819508533777,-3.611111111111111
mtd_ai,200,0.005027454199751859,0.25862068965517243,2800.752351273067,0.05,150,5,0.14666666666666667,3.5128145061343092,5.2566874710945894,0.0
mtd_ai,200,0.005027454199751859,0.3333333333333333,3891.618388447281,0.1,150,5,0.14666666666666667,3.5128145061343092,5.2566874710945894,0.0
mtd_ai,200,0.005027454199751859,0.32608695652173914,4997.811330122991,0.15,150,5,0.14666666666666667,3.5128145061343092,5.2566874710945894,0.0
mtd_ai,200,0.005027454199751859,0.36585365853658536,5400.884479014441,0.2,150,5,0.14666666666666667,3.5128145061343092,5.2566874710945894,0.0
mtd_ai,200,0.005027454199751859,0.35377358490566035,6666.43698960059,0.25,150,5,0.14666666666666667,3.5128145061343092,5.2566874710945894,0.0
mtd_ai,200,0.005029316599581703,0.19736842105263158,3043.0571235096622,0.05,150,5,0.1288888888888889,0.4708787947536433,0.6490105556254107,0.0
mtd_ai,200,0.005029316599581703,0.24193548387096775,4628.660901924953,0.1,150,5,0.1288888888888889,0.4708787947536433,0.6490105556254107,0.0
mtd_ai,200,0.005029316599581703,0.3,5670.072251124434,0.15,150,5,0.1288888888888889,0.4708787947536433,0.6490105556254107,0.0
mtd_ai,200,0.005029316599581703,0.3225806451612903,6749.185269508482,0.2,150,5,0.1288888888888889,0.4708787947536433,0.6490105556254107,0.0
mtd_ai,200,0.005029316599581703,0.32051282051282054,7758.49820112634,0.25,150,5,0.1288888888888889,0.4708787947536433,0.6490105556254107,0.0
mtd_ai,200,0.005035909314218279,0.3409090909090909,2276.8806596398836,0.05,150,5,0.1401111111111111,0.9331279858831699,2.816150614820399,0.0
mtd_ai,200,0.005035909314218279,0.4166666666666667,3535.8514922809513,0.1,150,5,0.1401111111111111,0.9331279858831699,2.816150614820399,0.0
mtd_ai,200,0.005035909314218279,0.46875,4285.147197105437,0.15,150,5,0.1401111111111111,0.9331279858831699,2.816150614820399,0.0
mtd_ai,200,0.005035909314218279,0.46875,5548.760752546887,0.2,150,5,0.1401111111111111,0.9331279858831699,2.816150614820399,0.0
mtd_ai,200,0.005035909314218279,0.5067567567567568,5995.519027008888,0.25,150,5,0.1401111111111111,0.9331279858831699,2.816150614820399,0.0
mtd_ai,200,0.0050616507621779406,0.234375,3813.447791121339,0.05,150,5,0.16444444444444445,0.6451343006030107,1.3021142233611274,0.0
mtd_ai,200,0.0050616507621779406,0.3333333333333333,4580.500465640391,0.1,150,5,0.16444444444444445,0.6451343006030107,1.3021142233611274,0.0
mtd_ai,200,0.0050616507621779406,0.4017857142857143,5388.574005669661,0.15,150,5,0.16444444444444445,0.6451343006030107,1.3021142233611274,0.0
mtd_ai,200,0.0050616507621779406,0.4411764705882353,6097.2101048892055,0.2,150,5,0.16444444444444445,0.6451343006030107,1.3021142233611274,0.0
mtd_ai,200,0.0050616507621779406,0.487012987012987,6690.979250832806,0.25,150,5,0.16444444444444445,0.6451343006030107,1.3021142233611274,0.0
mtd_ai,200,0.005061805662999734,0.3125,2326.3457067721783,0.05,150,5,0.10666666666666667,0.002161939144847613,0.00803882657590733,0.0
mtd_ai,200,0.005061805662999734,0.40540540540540543,3427.6409586093237,0.1,150,5,0.10666666666666667,0.002161939144847613,0.00803882657590733,0.0
mtd_ai,200,0.005061805662999734,0.45918367346938777,4249.937290624188,0.15,150,5,0.10666666666666667,0.002161939144847613,0.00803882657590733,0.0
mtd_ai,200,0.005061805662999734,0.47619047619047616,5181.489403913934,0.2,150,5,0.10666666666666667,0.002161939144847613,0.00803882657590733,0.0
mtd_ai,200,0.005061805662999734,0.5,6206.846694338072,0.25,150,5,0.10666666666666667,0.002161939144847613,0.00803882657590733,0.0
mtd_ai,200,0.005071020434022629,0.3409090909090909,2192.7625808149387,0.05,150,5,0.12666666666666668,2.284527757240808,6.022383013206867,0.0
mtd_ai,200,0.005071020434022629,0.35714285714285715,3928.6737222209495,0.1,150,5,0.12666666666666668,2.284527757240808,6.022383013206867,0.0
mtd_ai,200,0.005071020434022629,0.4166666666666667,4808.823843406997,0.15,150,5,0.12666666666666668,2.284527757240808,6.022383013206867,0.0
mtd_ai,200,0.005071020434022629,0.4411764705882353,5562.029406349688,0.2,150,5,0.12666666666666668,2.284527757240808,6.022383013206867,0.0
mtd_ai,200,0.005071020434022629,0.44642857142857145,6211.168344643562,0.25,150,5,0.12666666666666668,2.284527757240808,6.022383013206867,0.0
mtd_ai,200,0.0050312575926242855,0.3125,2126.127000178896,0.05,150,5,0.126,0.321469441179496,1.3658236752746065,0.0
mtd_ai,200,0.0050312575926242855,0.30612244897959184,5285.604773790499,0.1,150,5,0.126,0.321469441179496,1.3658236752746065,0.0
mtd_ai,200,0.0050312575926242855,0.3515625,6703.424509163792,0.15,150,5,0.126,0.321469441179496,1.3658236752746065,0.0
mtd_ai,200,0.0050312575926242855,0.39473684210526316,7387.178446171853,0.2,150,5,0.126,0.321469441179496,1.3658236752746065,0.0
mtd_ai,200,0.0050312575926242855,0.4411764705882353,7846.6586254155545,0.25,150,5,0.126,0.321469441179496,1.3658236752746065,0.0
mtd_ai,200,0.0050591831231726735,0.234375,4001.82650998638,0.05,150,5,0.10866666666666668,0.5770940509074586,1.2684796334655464,0.0
mtd_ai,200,0.0050591831231726735,0.3191489361702128,4993.847578374576,0.1,150,5,0.10866666666666668,0.5770940509074586,1.2684796334655464,0.0
mtd_ai,200,0.0050591831231726735,0.36885245901639346,6257.951640087622,0.15,150,5,0.10866666666666668,0.5770940509074586,1.2684796334655464,0.0
mtd_ai,200,0.0050591831231726735,0.410958904109589,6941.221599815486,0.2,150,5,0.10866666666666668,0.5770940509074586,1.2684796334655464,0.0
mtd_ai,200,0.0050591831231726735,0.4411764705882353,7399.4787059013,0.25,150,5,0.10866666666666668,0.5770940509074586,1.2684796334655464,0.0
mtd_ai,200,0.005049191100186375,0.375,2209.6078908069303,0.05,150,5,0.09259259259259259,0.08967346058050207,0.3570795258399937,0.0
mtd_ai,200,0.005049191100186375,0.38461538461538464,3876.935998687404,0.1,150,5,0.09259259259259259,0.08967346058050207,0.3570795258399937,0.0
mtd_ai,200,0.005049191100186375,0.4166666666666667,5316.983324531002,0.15,150,5,0.09259259259259259,0.08967346058050207,0.3570795258399937,0.0
mtd_ai,200,0.005049191100186375,0.39473684210526316,6765.090655701063,0.2,150,5,0.09259259259259259,0.08967346058050207,0.3570795258399937,0.0
mtd_ai,200,0.005049191100186375,0.4411764705882353,7225.504189907632,0.25,150,5,0.09259259259259259,0.08967346058050207,0.3570795258399937,0.0
mtd_ai,200,0.005051879977051745,0.3,2758.414748693338,0.05,150,5,0.17166666666666666,0.17053041050633883,0.7275104701391925,0.0
mtd_ai,200,0.005051879977051745,0.4166666666666667,3234.5419157670713,0.1,150,5,0.17166666666666666,0.17053041050633883,0.7275104701391925,0.0
mtd_ai,200,0.005051879977051745,0.4411764705882353,4385.038579718093,0.15,150,5,0.17166666666666666,0.17053041050633883,0.7275104701391925,0.0
mtd_ai,200,0.005051879977051745,0.4918032786885246,4927.150457272876,0.2,150,5,0.17166666666666666,0.17053041050633883,0.7275104701391925,0.0
mtd_ai,200,0.005051879977051745,0.528169014084507,5361.815623283395,0.25,150,5,0.17166666666666666,0.17053041050633883,0.7275104701391925,0.0
mtd_ai,200,0.005075053308616281,0.4411764705882353,1655.4596497545626,0.05,150,5,0.15566666666666665,0.35711933064972795,0.2168106189761622,0.0
mtd_ai,200,0.005075053308616281,0.5172413793103449,2605.5450810359607,0.1,150,5,0.15566666666666665,0.35711933064972795,0.2168106189761622,0.0
mtd_ai,200,0.005075053308616281,0.5232558139534884,3291.101183907863,0.15,150,5,0.15566666666666665,0.35711933064972795,0.2168106189761622,0.0
mtd_ai,200,0.005075053308616281,0.5263157894736842,4208.068663066763,0.2,150,5,0.15566666666666665,0.35711933064972795,0.2168106189761622,0.0
mtd_ai,200,0.005075053308616281,0.528169014084507,5489.227032472951,0.25,150,5,0.15566666666666665,0.35711933064972795,0.2168106189761622,0.0
mtd_ai,200,0.005070844630755984,0.35714285714285715,2282.0103670685376,0.05,150,5,0.12666666666666668,0.3812806784461712,1.7041761331847103,0.0
mtd_ai,200,0.005070844630755984,0.39473684210526316,3704.078744918399,0.1,150,5,0.12666666666666668,0.3812806784461712,1.7041761331847103,0.0
mtd_ai,200,0.005070844630755984,0.4411764705882353,4440.584554882238,0.15,150,5,0.12666666666666668,0.3812806784461712,1.7041761331847103,0.0
mtd_ai,200,0.005070844630755984,0.40540540540540543,5469.260213340171,0.2,150,5,0.12666666666666668,0.3812806784461712,1.7041761331847103,0.0
mtd_ai,200,0.005070844630755984,0.4166666666666667,6250.849982560201,0.25,150,5,0.12666666666666668,0.3812806784461712,1.7041761331847103,0.0
mtd_ai,200,0.00506579478569883,0.3409090909090909,1909.9092603067584,0.05,150,5,0.12333333333333335,0.08447733500317421,0.28434493558618695,0.0
mtd_ai,200,0.00506579478569883,0.3488372093023256,3359.8600307054985,0.1,150,5,0.12333333333333335,0.08447733500317421,0.28434493558618695,0.0
mtd_ai,200,0.00506579478569883,0.4017857142857143,4118.888736536424,0.15,150,5,0.12333333333333335,0.08447733500317421,0.28434493558618695,0.0
mtd_ai,200,0.00506579478569883,0.4166666666666667,5077.999781434535,0.2,150,5,0.12333333333333335,0.08447733500317421,0.28434493558618695,0.0
mtd_ai,200,0.00506579478569883,0.4573170731707317,5602.410540035314,0.25,150,5,0.12333333333333335,0.08447733500317421,0.28434493558618695,0.0
mtd_ai,200,0.005083733815371122,0.28846153846153844,2614.081776604383,0.05,150,5,0.25,0.06104635563813436,0.22868433079877673,0.0
mtd_ai,200,0.005083733815371122,0.38461538461538464,3675.6127966541453,0.1,150,5,0.25,0.06104635563813436,0.22868433079877673,0.0
mtd_ai,200,0.005083733815371122,0.45,4191.055455118651,0.15,150,5,0.25,0.06104635563813436,0.22868433079877673,0.0
mtd_ai,200,0.005083733815371122,0.4838709677419355,4789.925456490057,0.2,150,5,0.25,0.06104635563813436,0.22868433079877673,0.0
mtd_ai,200,0.005083733815371122,0.487012987012987,5382.852705686162,0.25,150,5,0.25,0.06104635563813436,0.22868433079877673,0.0
mtd_ai,200,0.005057693140110292,0.35714285714285715,2194.0040391795924,0.05,150,5,0.1211111111111111,0.15408308941564494,0.469752195240253,0.0
mtd_ai,200,0.005057693140110292,0.4166666666666667,3193.3705968148333,0.1,150,5,0.1211111111111111,0.15408308941564494,0.469752195240253,0.0
mtd_ai,200,0.005057693140110292,0.4090909090909091,5139.7988393434625,0.15,150,5,0.1211111111111111,0.15408308941564494,0.469752195240253,0.0
mtd_ai,200,0.005057693140110292,0.45454545454545453,5580.146289824303,0.2,150,5,0.1211111111111111,0.15408308941564494,0.469752195240253,0.0
mtd_ai,200,0.005057693140110292,0.4573170731707317,7106.943824287741,0.25,150,5,0.1211111111111111,0.15408308941564494,0.469752195240253,0.0
mtd_ai,200,0.00505579146885356,0.5769230769230769,1252.832452665386,0.05,150,5,0.1805714285714286,0.384605443884672,1.704905583589344,0.0
mtd_ai,200,0.00505579146885356,0.5,2364.805837712337,0.1,150,5,0.1805714285714286,0.384605443884672,1.704905583589344,0.0
mtd_ai,200,0.00505579146885356,0.5357142857142857,3418.2437143975803,0.15,150,5,0.1805714285714286,0.384605443884672,1.704905583589344,0.0
mtd_ai,200,0.00505579146885356,0.5454545454545454,4284.6679769562015,0.2,150,5,0.1805714285714286,0.384605443884672,1.704905583589344,0.0
mtd_ai,200,0.00505579146885356,0.5597014925373134,4860.6820355775735,0.25,150,5,0.1805714285714286,0.384605443884672,1.704905583589344,0.0
mtd_ai,200,0.005037119536201968,0.25862068965517243,2167.253381156454,0.05,150,5,0.14777777777777779,0.6633294478781058,2.0131296833252192,0.0
mtd_ai,200,0.005037119536201968,0.30612244897959184,4671.99837619449,0.1,150,5,0.14777777777777779,0.6633294478781058,2.0131296833252192,0.0
mtd_ai,200,0.005037119536201968,0.3813559322033898,5249.315360724533,0.15,150,5,0.14777777777777779,0.6633294478781058,2.0131296833252192,0.0
mtd_ai,200,0.005037119536201968,0.410958904109589,5968.46289940815,0.2,150,5,0.14777777777777779,0.6633294478781058,2.0131296833252192,0.0
mtd_ai,200,0.005037119536201968,0.45180722891566266,6700.56091115858,0.25,150,5,0.14777777777777779,0.6633294478781058,2.0131296833252192,0.0
mtd_ai,200,0.005045611047988666,0.2777777777777778,2584.761440330542,0.05,150,5,0.08666666666666667,0.38181109313871264,1.3660146843156993,0.0
mtd_ai,200,0.005045611047988666,0.36585365853658536,3432.6859805612994,0.1,150,5,0.08666666666666667,0.38181109313871264,1.3660146843156993,0.0
mtd_ai,200,0.005045611047988666,0.4326923076923077,3948.130639328753,0.15,150,5,0.08666666666666667,0.38181109313871264,1.3660146843156993,0.0
mtd_ai,200,0.005045611047988666,0.43478260869565216,5136.553967762506,0.2,150,5,0.08666666666666667,0.38181109313871264,1.3660146843156993,0.0
mtd_ai,200,0.005045611047988666,0.46296296296296297,5991.381506345528,0.25,150,5,0.08666666666666667,0.38181109313871264,1.3660146843156993,0.0
mtd_ai,200,0.005057171630547017,0.3125,2594.553793866521,0.05,150,5,0.13277777777777777,0.5363588698861534,2.2052727885432617,0.0
mtd_ai,200,0.005057171630547017,0.4166666666666667,3180.00658400662,0.1,150,5,0.13277777777777777,0.5363588698861534,2.2052727885432617,0.0
mtd_ai,200,0.005057171630547017,0.5,3537.4490269636017,0.15,150,5,0.13277777777777777,0.5363588698861534,2.2052727885432617,0.0
mtd_ai,200,0.005057171630547017,0.5263157894736842,4342.623734474821,0.2,150,5,0.13277777777777777,0.5363588698861534,2.2052727885432617,0.0
mtd_ai,200,0.005057171630547017,0.5597014925373134,5041.5981424248475,0.25,150,5,0.13277777777777777,0.5363588698861534,2.2052727885432617,0.0
mtd_ai,200,0.0050541311152180425,0.20833333333333334,4559.0237941176565,0.05,150,5,0.13777777777777775,0.7502774806264587,3.0140011351427933,0.0
mtd_ai,200,0.0050541311152180425,0.28846153846153844,5318.654444714746,0.1,150,5,0.13777777777777775,0.7502774806264587,3.0140011351427933,0.0
mtd_ai,200,0.0050541311152180425,0.34615384615384615,5910.734075320631,0.15,150,5,0.13777777777777775,0.7502774806264587,3.0140011351427933,0.0
mtd_ai,200,0.0050541311152180425,0.38461538461538464,6645.805775402589,0.2,150,5,0.13777777777777775,0.7502774806264587,3.0140011351427933,0.0
mtd_ai,200,0.0050541311152180425,0.3865979381443299,7891.821288389623,0.25,150,5,0.13777777777777775,0.7502774806264587,3.0140011351427933,0.0
mtd_ai,200,0.005070091152155305,0.2777777777777778,2178.601734720891,0.05,150,5,0.1622222222222222,1.3121050866456374,3.2725382458733834,0.0
mtd_ai,200,0.005070091152155305,0.30612244897959184,3618.469590400745,0.1,150,5,0.1622222222222222,1.3121050866456374,3.2725382458733834,0.0
mtd_ai,200,0.005070091152155305,0.3879310344827586,4162.251285617027,0.15,150,5,0.1622222222222222,1.3121050866456374,3.2725382458733834,0.0
mtd_ai,200,0.005070091152155305,0.4225352112676056,4879.137292037039,0.2,150,5,0.1622222222222222,1.3121050866456374,3.2725382458733834,0.0
mtd_ai,200,0.005070091152155305,0.4076086956521739,6315.066876812185,0.25,150,5,0.1622222222222222,1.3121050866456374,3.2725382458733834,0.0
mtd_ai,200,0.00505183621680681,0.46875,1517.6570867949135,0.05,150,5,0.17647058823529413,0.3739015004825973,1.2336005072552163,-5.541666666666667
mtd_ai,200,0.00505183621680681,0.5357142857142857,2211.5926823440213,0.1,150,5,0.17647058823529413,0.3739015004825973,1.2336005072552163,-5.541666666666667
mtd_ai,200,0.00505183621680681,0.4326923076923077,4394.791986171573,0.15,150,5,0.17647058823529413,0.3739015004825973,1.2336005072552163,-5.541666666666667
mtd_ai,200,0.00505183621680681,0.47619047619047616,4952.629741897629,0.2,150,5,0.17647058823529413,0.3739015004825973,1.2336005072552163,-5.541666666666667
mtd_ai,200,0.00505183621680681,0.528169014084507,5356.206755910565,0.25,150,5,0.17647058823529413,0.3739015004825973,1.2336005072552163,-5.541666666666667
mtd_ai,200,0.005056916664466267,0.28846153846153844,2929.9044169501494,0.05,150,5,0.17844444444444443,1.5007600236633079,1.4355818083456306,0.0
mtd_ai,200,0.005056916664466267,0.36585365853658536,4235.411250338117,0.1,150,5,0.17844444444444443,1.5007600236633079,1.4355818083456306,0.0
mtd_ai,200,0.005056916664466267,0.4166666666666667,5230.45195413667,0.15,150,5,0.17844444444444443,1.5007600236633079,1.4355818083456306,0.0
mtd_ai,200,0.005056916664466267,0.44776119402985076,5817.562337656367,0.2,150,5,0.17844444444444443,1.5007600236633079,1.4355818083456306,0.0
mtd_ai,200,0.005056916664466267,0.3787878787878788,7096.317357109609,0.25,150,5,0.17844444444444443,1.5007600236633079,1.4355818083456306,0.0
mtd_ai,200,0.005060320959305218,0.3125,2764.7931683883166,0.05,150,5,0.1,0.3092226997348642,0.9115274914757904,0.0
mtd_ai,200,0.005060320959305218,0.375,4020.9918060255172,0.1,150,5,0.1,0.3092226997348642,0.9115274914757904,0.0
mtd_ai,200,0.005060320959305218,0.4017857142857143,5337.332982387748,0.15,150,5,0.1,0.3092226997348642,0.9115274914757904,0.0
mtd_ai,200,0.005060320959305218,0.4225352112676056,6222.011164371494,0.2,150,5,0.1,0.3092226997348642,0.9115274914757904,0.0
mtd_ai,200,0.005060320959305218,0.4573170731707317,7032.785795833786,0.25,150,5,0.1,0.3092226997348642,0.9115274914757904,0.0
mtd_ai,200,0.005041482020545178,0.2777777777777778,3482.3758684742356,0.05,150,5,0.13444444444444445,0.293636778157581,0.8893783760633831,0.0
mtd_ai,200,0.005041482020545178,0.3488372093023256,4400.688542002772,0.1,150,5,0.13444444444444445,0.293636778157581,0.8893783760633831,0.0
mtd_ai,200,0.005041482020545178,0.4166666666666667,5073.432513486403,0.15,150,5,0.13444444444444445,0.293636778157581,0.8893783760633831,0.0
mtd_ai,200,0.005041482020545178,0.410958904109589,5909.781819174315,0.2,150,5,0.13444444444444445,0.293636778157581,0.8893783760633831,0.0
mtd_ai,200,0.005041482020545178,0.43103448275862066,6441.255466135712,0.25,150,5,0.13444444444444445,0.293636778157581,0.8893783760633831,0.0
mtd_ai,200,0.0050687342189637856,0.25862068965517243,2931.4895216735786,0.05,150,5,0.21428571428571427,0.22043846426313765,0.9618073819240064,0.0
mtd_ai,200,0.0050687342189637856,0.30612244897959184,4344.720993088777,0.1,150,5,0.21428571428571427,0.22043846426313765,0.9618073819240064,0.0
mtd_ai,200,0.0050687342189637856,0.3879310344827586,4852.097664451743,0.15,150,5,0.21428571428571427,0.22043846426313765,0.9618073819240064,0.0
mtd_ai,200,0.0050687342189637856,0.4225352112676056,5802.875305293879,0.2,150,5,0.21428571428571427,0.22043846426313765,0.9618073819240064,0.0
mtd_ai,200,0.0050687342189637856,0.4573170731707317,6365.0227107431665,0.25,150,5,0.21428571428571427,0.22043846426313765,0.9618073819240064,0.0
mtd_ai,200,0.005071138887033064,0.39473684210526316,1836.867984512625,0.05,150,5,0.14333333333333334,0.9854687711220534,3.5962155222300862,0.0
mtd_ai,200,0.005071138887033064,0.39473684210526316,3521.2926617865633,0.1,150,5,0.14333333333333334,0.9854687711220534,3.5962155222300862,0.0
mtd_ai,200,0.005071138887033064,0.4166666666666667,4751.6157166956855,0.15,150,5,0.14333333333333334,0.9854687711220534,3.5962155222300862,0.0
mtd_ai,200,0.005071138887033064,0.4166666666666667,5504.061732828155,0.2,150,5,0.14333333333333334,0.9854687711220534,3.5962155222300862,0.0
mtd_ai,200,0.005071138887033064,0.46875,5989.61242099233,0.25,150,5,0.14333333333333334,0.9854687711220534,3.5962155222300862,0.0
mtd_ai,200,0.005063023298664667,0.3,2749.715685032577,0.05,150,5,0.17647058823529413,0.17062922888758705,0.6073930903760459,0.0
mtd_ai,200,0.005063023298664667,0.2830188679245283,4213.730707656947,0.1,150,5,0.17647058823529413,0.17062922888758705,0.6073930903760459,0.0
mtd_ai,200,0.005063023298664667,0.3629032258064516,4865.343105836493,0.15,150,5,0.17647058823529413,0.17062922888758705,0.6073930903760459,0.0
mtd_ai,200,0.005063023298664667,0.40540540540540543,5671.600464266673,0.2,150,5,0.17647058823529413,0.17062922888758705,0.6073930903760459,0.0
mtd_ai,200,0.005063023298664667,0.45180722891566266,6143.530764864548,0.25,150,5,0.17647058823529413,0.17062922888758705,0.6073930903760459,0.0
mtd_ai,200,0.005047642753477225,0.3409090909090909,2766.360800819619,0.05,150,5,0.12844444444444447,0.6286429278613388,2.4230342278176704,0.0
mtd_ai,200,0.005047642753477225,0.42857142857142855,3687.6057443603713,0.1,150,5,0.12844444444444447,0.6286429278613388,2.4230342278176704,0.0
mtd_ai,200,0.005047642753477225,0.5,4179.399194499008,0.15,150,5,0.12844444444444447,0.6286429278613388,2.4230342278176704,0.0
mtd_ai,200,0.005047642753477225,0.5357142857142857,4540.902050176412,0.2,150,5,0.12844444444444447,0.6286429278613388,2.4230342278176704,0.0
mtd_ai,200,0.005047642753477225,0.5357142857142857,5835.265085047902,0.25,150,5,0.12844444444444447,0.6286429278613388,2.4230342278176704,0.0
mtd_ai,200,0.005058840859963488,0.14705882352941177,4857.248733130149,0.05,150,5,0.08,0.3289457893544685,1.2570792970425397,0.0
mtd_ai,200,0.005058840859963488,0.24193548387096775,5607.595887715921,0.1,150,5,0.08,0.3289457893544685,1.2570792970425397,0.0
mtd_ai,200,0.005058840859963488,0.28125,6532.879909710589,0.15,150,5,0.08,0.3289457893544685,1.2570792970425397,0.0
mtd_ai,200,0.005058840859963488,0.32608695652173914,7196.153662558554,0.2,150,5,0.08,0.3289457893544685,1.2570792970425397,0.0
mtd_ai,200,0.005058840859963488,0.36764705882352944,7590.65694121153,0.25,150,5,0.08,0.3289457893544685,1.2570792970425397,0.0
mtd_ai,200,0.0050688610523106975,0.26785714285714285,3261.155923016345,0.05,150,5,0.13333333333333336,0.44500665663737843,1.4692345774843956,0.0
mtd_ai,200,0.0050688610523106975,0.3488372093023256,4182.284863374334,0.1,150,5,0.13333333333333336,0.44500665663737843,1.4692345774843956,0.0
mtd_ai,200,0.0050688610523106975,0.4326923076923077,4612.768754349936,0.15,150,5,0.13333333333333336,0.44500665663737843,1.4692345774843956,0.0
mtd_ai,200,0.0050688610523106975,0.46875,5503.484711907399,0.2,150,5,0.13333333333333336,0.44500665663737843,1.4692345774843956,0.0
mtd_ai,200,0.0050688610523106975,0.5067567567567568,6002.109056722714,0.25,150,5,0.13333333333333336,0.44500665663737843,1.4692345774843956,0.0
mtd_ai,200,0.005075343951470772,0.3409090909090909,2162.696934848611,0.05,150,5,0.14819047619047618,0.36353871442139163,1.2077893780013185,0.0
mtd_ai,200,0.005075343951470772,0.38461538461538464,3560.441544579924,0.1,150,5,0.14819047619047618,0.36353871442139163,1.2077893780013185,0.0
mtd_ai,200,0.005075343951470772,0.4411764705882353,4230.276048473094,0.15,150,5,0.14819047619047618,0.36353871442139163,1.2077893780013185,0.0
mtd_ai,200,0.005075343951470772,0.5,4672.294493638252,0.2,150,5,0.14819047619047618,0.36353871442139163,1.2077893780013185,0.0
mtd_ai,200,0.005075343951470772,0.5434782608695652,4964.707882020815,0.25,150,5,0.14819047619047618,0.36353871442139163,1.2077893780013185,0.0
mtd_ai,200,0.00505315850885948,0.375,1979.0626928330196,0.05,150,5,0.13777777777777775,0.8400810515697956,0.9915032591831628,0.0
mtd_ai,200,0.00505315850885948,0.38461538461538464,3881.997621000841,0.1,150,5,0.13777777777777775,0.8400810515697956,0.9915032591831628,0.0
mtd_ai,200,0.00505315850885948,0.45,4398.498945304248,0.15,150,5,0.13777777777777775,0.8400810515697956,0.9915032591831628,0.0
mtd_ai,200,0.00505315850885948,0.45454545454545453,5174.178506767683,0.2,150,5,0.13777777777777775,0.8400810515697956,0.9915032591831628,0.0
mtd_ai,200,0.00505315850885948,0.5,5573.515622968797,0.25,150,5,0.13777777777777775,0.8400810515697956,0.9915032591831628,0.0
mtd_ai,200,0.005053400853094685,0.25862068965517243,3086.769915578906,0.05,150,5,0.08866666666666667,0.012320410002068807,0.05231242131706968,0.0
mtd_ai,200,0.005053400853094685,0.23809523809523808,4698.107652217699,0.1,150,5,0.08866666666666667,0.012320410002068807,0.05231242131706968,0.0
mtd_ai,200,0.005053400853094685,0.3,5491.085243083597,0.15,150,5,0.08866666666666667,0.012320410002068807,0.05231242131706968,0.0
mtd_ai,200,0.005053400853094685,0.3333333333333333,6687.812889831206,0.2,150,5,0.08866666666666667,0.012320410002068807,0.05231242131706968,0.0
mtd_ai,200,0.005053400853094685,0.375,7045.593498689749,0.25,150,5,0.08866666666666667,0.012320410002068807,0.05231242131706968,0.0
mtd_ai,200,0.005030430625543032,0.3,2731.816028614426,0.05,150,5,0.1639206349206349,0.6000844242086061,2.586017022959208,0.0
mtd_ai,200,0.005030430625543032,0.36585365853658536,3992.171713596256,0.1,150,5,0.1639206349206349,0.6000844242086061,2.586017022959208,0.0
mtd_ai,200,0.005030430625543032,0.33088235294117646,5240.37835166392,0.15,150,5,0.1639206349206349,0.6000844242086061,2.586017022959208,0.0
mtd_ai,200,0.005030430625543032,0.3,7064.367588837973,0.2,150,5,0.1639206349206349,0.6000844242086061,2.586017022959208,0.0
mtd_ai,200,0.005030430625543032,0.30991735537190085,7906.781382087136,0.25,150,5,0.1639206349206349,0.6000844242086061,2.586017022959208,0.0
mtd_ai,200,0.0050454544241191725,0.375,1502.9458488734408,0.05,150,5,0.10666666666666667,2.1340690571719017,4.432278804784502,0.0
mtd_ai,200,0.0050454544241191725,0.3125,3342.871431657674,0.1,150,5,0.10666666666666667,2.1340690571719017,4.432278804784502,0.0
mtd_ai,200,0.0050454544241191725,0.34615384615384615,4899.896414170493,0.15,150,5,0.10666666666666667,2.1340690571719017,4.432278804784502,0.0
mtd_ai,200,0.0050454544241191725,0.38961038961038963,5430.404638773765,0.2,150,5,0.10666666666666667,2.1340690571719017,4.432278804784502,0.0
mtd_ai,200,0.0050454544241191725,0.43103448275862066,6096.04891562784,0.25,150,5,0.10666666666666667,2.1340690571719017,4.432278804784502,0.0
mtd_ai,200,0.005041127573993381,0.1744186046511628,2993.0604235600213,0.05,150,5,0.11555555555555558,2.746105618354648,5.896370596053776,0.0
mtd_ai,200,0.005041127573993381,0.24193548387096775,4938.79085922331,0.1,150,5,0.11555555555555558,2.746105618354648,5.896370596053776,0.0
mtd_ai,200,0.005041127573993381,0.3,5998.629982335561,0.15,150,5,0.11555555555555558,2.746105618354648,5.896370596053776,0.0
mtd_ai,200,0.005041127573993381,0.3448275862068966,6558.387634709565,0.2,150,5,0.11555555555555558,2.746105618354648,5.896370596053776,0.0
mtd_ai,200,0.005041127573993381,0.390625,6917.812137095587,0.25,150,5,0.11555555555555558,2.746105618354648,5.896370596053776,0.0
mtd_ai,200,0.005051174144491823,0.2777777777777778,3191.812246884849,0.05,150,5,0.12222222222222222,0.23810775244194657,0.9580637640993234,0.0
mtd_ai,200,0.005051174144491823,0.30612244897959184,5212.901000751406,0.1,150,5,0.12222222222222222,0.23810775244194657,0.9580637640993234,0.0
mtd_ai,200,0.005051174144491823,0.3515625,6463.778999765992,0.15,150,5,0.12222222222222222,0.23810775244194657,0.9580637640993234,0.0
mtd_ai,200,0.005051174144491823,0.38961038961038963,7220.977957980397,0.2,150,5,0.12222222222222222,0.23810775244194657,0.9580637640993234,0.0
mtd_ai,200,0.005051174144491823,0.43103448275862066,7649.447926870816,0.25,150,5,0.12222222222222222,0.23810775244194657,0.9580637640993234,0.0
mtd_ai,200,0.005072934706899198,0.5,1442.5699702727243,0.05,150,5,0.1471111111111111,0.4463168650661839,1.9075793940854402,0.0
mtd_ai,200,0.005072934706899198,0.39473684210526316,3484.0070080538417,0.1,150,5,0.1471111111111111,0.4463168650661839,1.9075793940854402,0.0
mtd_ai,200,0.005072934706899198,0.46875,3946.411616018147,0.15,150,5,0.1471111111111111,0.4463168650661839,1.9075793940854402,0.0
mtd_ai,200,0.005072934706899198,0.5084745762711864,4461.025478323436,0.2,150,5,0.1471111111111111,0.4463168650661839,1.9075793940854402,0.0
mtd_ai,200,0.005072934706899198,0.5208333333333334,5255.096627264156,0.25,150,5,0.1471111111111111,0.4463168650661839,1.9075793940854402,0.0
mtd_ai,200,0.005048960223521616,0.32608695652173914,1948.7934106855,0.05,150,5,0.18181818181818182,1.150146098470729,4.402987784677119,-4.633333333333334
mtd_ai,200,0.005048960223521616,0.42857142857142855,2776.0884914105627,0.1,150,5,0.18181818181818182,1.150146098470729,4.402987784677119,-4.633333333333334
mtd_ai,200,0.005048960223521616,0.45,3815.7064754530143,0.15,150,5,0.18181818181818182,1.150146098470729,4.402987784677119,-4.633333333333334
mtd_ai,200,0.005048960223521616,0.5,4555.065631313644,0.2,150,5,0.18181818181818182,1.150146098470729,4.402987784677119,-4.633333333333334
mtd_ai,200,0.005048960223521616,0.5357142857142857,5042.524113878799,0.25,150,5,0.18181818181818182,1.150146098470729,4.402987784677119,-4.633333333333334
mtd_ai,200,0.005042050551360981,0.35714285714285715,2470.2564622719874,0.05,150,5,0.14422222222222225,0.4653703161437221,1.5379720468125158,0.0
mtd_ai,200,0.005042050551360981,0.35714285714285715,3625.468111626259,0.1,150,5,0.14422222222222225,0.4653703161437221,1.5379720468125158,0.0
mtd_ai,200,0.005042050551360981,0.4411764705882353,4318.032506495125,0.15,150,5,0.14422222222222225,0.4653703161437221,1.5379720468125158,0.0
mtd_ai,200,0.005042050551360981,0.45454545454545453,5401.827043587711,0.2,150,5,0.14422222222222225,0.4653703161437221,1.5379720468125158,0.0
mtd_ai,200,0.005042050551360981,0.4807692307692308,5813.133693350863,0.25,150,5,0.14422222222222225,0.4653703161437221,1.5379720468125158,0.0
mtd_ai,200,0.005069785920063591,0.4411764705882353,1406.2378909545755,0.05,150,5,0.12,1.1953784941487668,2.2933356933275517,0.0
mtd_ai,200,0.005069785920063591,0.375,3630.9851935373663,0.1,150,5,0.12,1.1953784941487668,2.2933356933275517,0.0
mtd_ai,200,0.005069785920063591,0.3879310344827586,4903.645921818685,0.15,150,5,0.12,1.1953784941487668,2.2933356933275517,0.0
mtd_ai,200,0.005069785920063591,0.39473684210526316,5887.338833805223,0.2,150,5,0.12,1.1953784941487668,2.2933356933275517,0.0
mtd_ai,200,0.005069785920063591,0.42613636363636365,6432.485741688124,0.25,150,5,0.12,1.1953784941487668,2.2933356933275517,0.0
mtd_ai,200,0.005063896011093122,0.3,2307.2707713792656,0.05,150,5,0.13599999999999998,0.5061044345480135,1.7173412586401688,0.0
mtd_ai,200,0.005063896011093122,0.40540540540540543,3077.501982609029,0.1,150,5,0.13599999999999998,0.5061044345480135,1.7173412586401688,0.0
mtd_ai,200,0.005063896011093122,0.4411764705882353,4300.9907233389595,0.15,150,5,0.13599999999999998,0.5061044345480135,1.7173412586401688,0.0
mtd_ai,200,0.005063896011093122,0.43478260869565216,5926.675479508756,0.2,150,5,0.13599999999999998,0.5061044345480135,1.7173412586401688,0.0
mtd_ai,200,0.005063896011093122,0.47468354430379744,6313.643330073716,0.25,150,5,0.13599999999999998,0.5061044345480135,1.7173412586401688,0.0
mtd_ai,200,0.0050588765274244335,0.3,2456.514172233421,0.05,150,5,0.12444444444444445,0.31249075878532484,1.1243220281757946,0.0
mtd_ai,200,0.0050588765274244335,0.32608695652173914,4097.374453096119,0.1,150,5,0.12444444444444445,0.31249075878532484,1.1243220281757946,0.0
mtd_ai,200,0.0050588765274244335,0.36885245901639346,5418.198598698197,0.15,150,5,0.12444444444444445,0.31249075878532484,1.1243220281757946,0.0
mtd_ai,200,0.0050588765274244335,0.4166666666666667,6471.552589980907,0.2,150,5,0.12444444444444445,0.31249075878532484,1.1243220281757946,0.0
mtd_ai,200,0.0050588765274244335,0.45180722891566266,6972.504845912833,0.25,150,5,0.12444444444444445,0.31249075878532484,1.1243220281757946,0.0
mtd_ai,200,0.005085244851931751,0.32608695652173914,1983.5012504073813,0.05,150,5,0.13,1.4390990651828748,2.4316767515003828,0.0
mtd_ai,200,0.005085244851931751,0.3409090909090909,3820.3269291243723,0.1,150,5,0.13,1.4390990651828748,2.4316767515003828,0.0
mtd_ai,200,0.005085244851931751,0.42452830188679247,4252.613747801317,0.15,150,5,0.13,1.4390990651828748,2.4316767515003828,0.0
mtd_ai,200,0.005085244851931751,0.45454545454545453,5040.60491046979,0.2,150,5,0.13,1.4390990651828748,2.4316767515003828,0.0
mtd_ai,200,0.005085244851931751,0.5067567567567568,5367.89818096196,0.25,150,5,0.13,1.4390990651828748,2.4316767515003828,0.0
mtd_ai,200,0.0050968357238696275,0.28846153846153844,2168.600513760685,0.05,150,5,0.10222222222222223,0.5182655118586368,1.1324845588558927,0.0
mtd_ai,200,0.0050968357238696275,0.36585365853658536,3185.5197997235596,0.1,150,5,0.10222222222222223,0.5182655118586368,1.1324845588558927,0.0
mtd_ai,200,0.0050968357238696275,0.4326923076923077,3780.9465914879434,0.15,150,5,0.10222222222222223,0.5182655118586368,1.1324845588558927,0.0
mtd_ai,200,0.0050968357238696275,0.46875,4240.89186565463,0.2,150,5,0.10222222222222223,0.5182655118586368,1.1324845588558927,0.0
mtd_ai,200,0.0050968357238696275,0.5136986301369864,4569.470699191872,0.25,150,5,0.10222222222222223,0.5182655118586368,1.1324845588558927,0.0
mtd_ai,200,0.005078129718365506,0.375,1818.3211350025122,0.05,150,5,0.1388888888888889,1.1360891505485602,2.473343421213685,0.0
mtd_ai,200,0.005078129718365506,0.45454545454545453,2850.962647991229,0.1,150,5,0.1388888888888889,1.1360891505485602,2.473343421213685,0.0
mtd_ai,200,0.005078129718365506,0.45918367346938777,3663.5597292511447,0.15,150,5,0.1388888888888889,1.1360891505485602,2.473343421213685,0.0
mtd_ai,200,0.005078129718365506,0.4918032786885246,4489.495432307086,0.2,150,5,0.1388888888888889,1.1360891505485602,2.473343421213685,0.0
mtd_ai,200,0.005078129718365506,0.5136986301369864,5197.510579299425,0.25,150,5,0.1388888888888889,1.1360891505485602,2.473343421213685,0.0
mtd_ai,200,0.005065001992046505,0.46875,1457.7379050790641,0.05,150,5,0.17555555555555558,0.8787299757168856,2.64850672120469,0.0
mtd_ai,200,0.005065001992046505,0.5172413793103449,2423.0854833734306,0.1,150,5,0.17555555555555558,0.8787299757168856,2.64850672120469,0.0
mtd_ai,200,0.005065001992046505,0.4787234042553192,3224.515580007665,0.15,150,5,0.17555555555555558,0.8787299757168856,2.64850672120469,0.0
mtd_ai,200,0.005065001992046505,0.5172413793103449,3751.189877988887,0.2,150,5,0.17555555555555558,0.8787299757168856,2.64850672120469,0.0
mtd_ai,200,0.005065001992046505,0.5357142857142857,4869.115222722654,0.25,150,5,0.17555555555555558,0.8787299757168856,2.64850672120469,0.0
mtd_ai,200,0.005050766614868292,0.24193548387096775,2971.6824935832346,0.05,150,5,0.08333333333333333,1.502708782725688,4.646535246984779,-5.75
mtd_ai,200,0.005050766614868292,0.3488372093023256,3575.656283466198,0.1,150,5,0.08333333333333333,1.502708782725688,4.646535246984779,-5.75
mtd_ai,200,0.005050766614868292,0.42452830188679247,4134.159408751775,0.15,150,5,0.08333333333333333,1.502708782725688,4.646535246984779,-5.75
mtd_ai,200,0.005050766614868292,0.46875,4593.308102339318,0.2,150,5,0.08333333333333333,1.502708782725688,4.646535246984779,-5.75
mtd_ai,200,0.005050766614868292,0.5136986301369864,5223.7516917316725,0.25,150,5,0.08333333333333333,1.502708782725688,4.646535246984779,-5.75
mtd_ai,200,0.005042134488279489,0.22058823529411764,3814.298561491163,0.05,150,5,0.14166666666666666,0.9207624717846741,3.116626610816735,0.0
mtd_ai,200,0.005042134488279489,0.2830188679245283,5457.5457612574655,0.1,150,5,0.14166666666666666,0.9207624717846741,3.116626610816735,0.0
mtd_ai,200,0.005042134488279489,0.34615384615384615,6215.057251972676,0.15,150,5,0.14166666666666666,0.9207624717846741,3.116626610816735,0.0
mtd_ai,200,0.005042134488279489,0.3614457831325301,7263.256062540906,0.2,150,5,0.14166666666666666,0.9207624717846741,3.116626610816735,0.0
mtd_ai,200,0.005042134488279489,0.3826530612244898,8416.745991855167,0.25,150,5,0.14166666666666666,0.9207624717846741,3.116626610816735,0.0
mtd_ai,200,0.005049992077378312,0.2777777777777778,2017.4370545361623,0.05,150,5,0.1466666666666667,0.5904605672080617,2.2228162266773084,0.0
mtd_ai,200,0.005049992077378312,0.32608695652173914,3679.7315585066726,0.1,150,5,0.1466666666666667,0.5904605672080617,2.2228162266773084,0.0
mtd_ai,200,0.005049992077378312,0.3879310344827586,4188.471178299832,0.15,150,5,0.1466666666666667,0.5904605672080617,2.2228162266773084,0.0
mtd_ai,200,0.005049992077378312,0.38961038961038963,5372.431177661334,0.2,150,5,0.1466666666666667,0.5904605672080617,2.2228162266773084,0.0
mtd_ai,200,0.005049992077378312,0.42613636363636365,5833.6621168783695,0.25,150,5,0.1466666666666667,0.5904605672080617,2.2228162266773084,0.0
mtd_ai,200,0.005078056591732429,0.2777777777777778,2958.718983593154,0.05,150,5,0.09444444444444446,19.39273621101251,5.2407473108034415,0.0
mtd_ai,200,0.005078056591732429,0.2830188679245283,4575.983429900092,0.1,150,5,0.09444444444444446,19.39273621101251,5.2407473108034415,0.0
mtd_ai,200,0.005078056591732429,0.3629032258064516,4983.6885869443395,0.15,150,5,0.09444444444444446,19.39273621101251,5.2407473108034415,0.0
mtd_ai,200,0.005078056591732429,0.410958904109589,5361.391261827797,0.2,150,5,0.09444444444444446,19.39273621101251,5.2407473108034415,0.0
mtd_ai,200,0.005078056591732429,0.45180722891566266,5653.002390597144,0.25,150,5,0.09444444444444446,19.39273621101251,5.2407473108034415,0.0
mtd_ai,200,0.005032442685656235,0.22727272727272727,3657.2562974831817,0.05,150,5,0.09666666666666666,7.301157591203335,7.990157304062596,0.0
mtd_ai,200,0.005032442685656235,0.30612244897959184,4975.535281766531,0.1,150,5,0.09666666666666666,7.301157591203335,7.990157304062596,0.0
mtd_ai,200,0.005032442685656235,0.375,5628.940617740821,0.15,150,5,0.09666666666666666,7.301157591203335,7.990157304062596,0.0
mtd_ai,200,0.005032442685656235,0.4166666666666667,6261.5549167039135,0.2,150,5,0.09666666666666666,7.301157591203335,7.990157304062596,0.0
mtd_ai,200,0.005032442685656235,0.4411764705882353,6982.920561474145,0.25,150,5,0.09666666666666666,7.301157591203335,7.990157304062596,0.0
mtd_ai,200,0.005071564728577307,0.32608695652173914,2215.215641219577,0.05,150,5,0.2,0.5374385073984065,1.9022990593938676,0.0
mtd_ai,200,0.005071564728577307,0.3488372093023256,3393.868706633687,0.1,150,5,0.2,0.5374385073984065,1.9022990593938676,0.0
mtd_ai,200,0.005071564728577307,0.39473684210526316,4439.627392849505,0.15,150,5,0.2,0.5374385073984065,1.9022990593938676,0.0
mtd_ai,200,0.005071564728577307,0.42857142857142855,4957.0514898001475,0.2,150,5,0.2,0.5374385073984065,1.9022990593938676,0.0
mtd_ai,200,0.005071564728577307,0.46875,5765.14224076332,0.25,150,5,0.2,0.5374385073984065,1.9022990593938676,0.0
mtd_ai,200,0.005086007298623087,0.3409090909090909,2150.815878039082,0.05,150,5,0.15,0.7572518128111527,1.6521727729335953,0.0
mtd_ai,200,0.005086007298623087,0.4166666666666667,2808.1633697376274,0.1,150,5,0.15,0.7572518128111527,1.6521727729335953,0.0
mtd_ai,200,0.005086007298623087,0.4787234042553192,3296.676357601253,0.15,150,5,0.15,0.7572518128111527,1.6521727729335953,0.0
mtd_ai,200,0.005086007298623087,0.5172413793103449,3878.7237445489077,0.2,150,5,0.15,0.7572518128111527,1.6521727729335953,0.0
mtd_ai,200,0.005086007298623087,0.47468354430379744,4775.0266365924435,0.25,150,5,0.15,0.7572518128111527,1.6521727729335953,0.0
mtd_ai,200,0.005039071106541411,0.26785714285714285,2501.6549947924054,0.05,150,5,0.14666666666666667,0.548807621936431,2.286840370887222,0.0
mtd_ai,200,0.005039071106541411,0.30612244897959184,3707.375415105774,0.1,150,5,0.14666666666666667,0.548807621936431,2.286840370887222,0.0
mtd_ai,200,0.005039071106541411,0.3,4921.97215730352,0.15,150,5,0.14666666666666667,0.548807621936431,2.286840370887222,0.0
mtd_ai,200,0.005039071106541411,0.3225806451612903,6230.830430591146,0.2,150,5,0.14666666666666667,0.548807621936431,2.286840370887222,0.0
mtd_ai,200,0.005039071106541411,0.3472222222222222,7017.212033593063,0.25,150,5,0.14666666666666667,0.548807621936431,2.286840370887222,0.0
mtd_ai,200,0.005049789333791859,0.39473684210526316,1430.393886807025,0.05,150,5,0.16444444444444445,0.7759149392552545,3.0272199968344324,4.821428571428571
mtd_ai,200,0.005049789333791859,0.4166666666666667,2812.0198418212913,0.1,150,5,0.16444444444444445,0.7759149392552545,3.0272199968344324,4.821428571428571
mtd_ai,200,0.005049789333791859,0.4326923076923077,3967.104277789368,0.15,150,5,0.16444444444444445,0.7759149392552545,3.0272199968344324,4.821428571428571
mtd_ai,200,0.005049789333791859,0.46875,4635.9798923495355,0.2,150,5,0.16444444444444445,0.7759149392552545,3.0272199968344324,4.821428571428571
mtd_ai,200,0.005049789333791859,0.5136986301369864,4924.1413521233935,0.25,150,5,0.16444444444444445,0.7759149392552545,3.0272199968344324,4.821428571428571
mtd_ai,200,0.005047252318986049,0.35714285714285715,2001.887152242548,0.05,150,5,0.16166666666666665,14.185066685041452,8.387705703815179,0.0
mtd_ai,200,0.005047252318986049,0.4166666666666667,2954.441188742017,0.1,150,5,0.16166666666666665,14.185066685041452,8.387705703815179,0.0
mtd_ai,200,0.005047252318986049,0.45,4245.062230433698,0.15,150,5,0.16166666666666665,14.185066685041452,8.387705703815179,0.0
mtd_ai,200,0.005047252318986049,0.47619047619047616,5035.508426255534,0.2,150,5,0.16166666666666665,14.185066685041452,8.387705703815179,0.0
mtd_ai,200,0.005047252318986049,0.4807692307692308,5833.274587488897,0.25,150,5,0.16166666666666665,14.185066685041452,8.387705703815179,0.0
mtd_ai,200,0.005045124706177738,0.3409090909090909,1853.1551298156232,0.05,150,5,0.09,1.289074426273217,4.19704013507046,0.0
mtd_ai,200,0.005045124706177738,0.375,3409.860087559009,0.1,150,5,0.09,1.289074426273217,4.19704013507046,0.0
mtd_ai,200,0.005045124706177738,0.45,3974.6638325654326,0.15,150,5,0.09,1.289074426273217,4.19704013507046,0.0
mtd_ai,200,0.005045124706177738,0.4166666666666667,5519.21833628594,0.2,150,5,0.09,1.289074426273217,4.19704013507046,0.0
mtd_ai,200,0.005045124706177738,0.436046511627907,6495.0923149164555,0.25,150,5,0.09,1.289074426273217,4.19704013507046,0.0
mtd_ai,200,0.005057776966759452,0.19230769230769232,3291.1828999322033,0.05,150,5,0.06666666666666667,2.9387677625082964,6.733126402009901,0.0
mtd_ai,200,0.005057776966759452,0.2459016393442623,5889.778972837077,0.1,150,5,0.06666666666666667,2.9387677625082964,6.733126402009901,0.0
mtd_ai,200,0.005057776966759452,0.32608695652173914,6400.492561327697,0.15,150,5,0.06666666666666667,2.9387677625082964,6.733126402009901,0.0
mtd_ai,200,0.005057776966759452,0.375,6872.640075018528,0.2,150,5,0.06666666666666667,2.9387677625082964,6.733126402009901,0.0
mtd_ai,200,0.005057776966759452,0.4032258064516129,7487.0573436095365,0.25,150,5,0.06666666666666667,2.9387677625082964,6.733126402009901,0.0
mtd_ai,200,0.005037852591421514,0.3,2531.8110199450166,0.05,150,5,0.08,0.5386220729207992,1.6158424553740351,0.0
mtd_ai,200,0.005037852591421514,0.38461538461538464,3804.379332320021,0.1,150,5,0.08,0.5386220729207992,1.6158424553740351,0.0
mtd_ai,200,0.005037852591421514,0.4166666666666667,4973.691024630216,0.15,150,5,0.08,0.5386220729207992,1.6158424553740351,0.0
mtd_ai,200,0.005037852591421514,0.4225352112676056,6021.425705180647,0.2,150,5,0.08,0.5386220729207992,1.6158424553740351,0.0
mtd_ai,200,0.005037852591421514,0.45180722891566266,6882.069441464102,0.25,150,5,0.08,0.5386220729207992,1.6158424553740351,0.0
mtd_ai,200,0.005073879385966473,0.35714285714285715,2068.3076890607335,0.05,150,5,0.11444444444444445,0.06886243620600323,0.23237848932322483,0.0
mtd_ai,200,0.005073879385966473,0.38461538461538464,3113.7720298251324,0.1,150,5,0.11444444444444445,0.06886243620600323,0.23237848932322483,0.0
mtd_ai,200,0.005073879385966473,0.4411764705882353,3818.9852413879917,0.15,150,5,0.11444444444444445,0.06886243620600323,0.23237848932322483,0.0
mtd_ai,200,0.005073879385966473,0.42857142857142855,4972.868528137604,0.2,150,5,0.11444444444444445,0.06886243620600323,0.23237848932322483,0.0
mtd_ai,200,0.005073879385966473,0.44642857142857145,5782.438265984125,0.25,150,5,0.11444444444444445,0.06886243620600323,0.23237848932322483,0.0
mtd_ai,200,0.005088502294110622,0.39473684210526316,1456.8242633091359,0.05,150,5,0.13333333333333333,0.15631355100435743,0.35492395817119465,0.0
mtd_ai,200,0.005088502294110622,0.40540540540540543,2870.086304213067,0.1,150,5,0.13333333333333333,0.15631355100435743,0.35492395817119465,0.0
mtd_ai,200,0.005088502294110622,0.4411764705882353,3741.912036113109,0.15,150,5,0.13333333333333333,0.15631355100435743,0.35492395817119465,0.0
mtd_ai,200,0.005088502294110622,0.46875,4303.430108605086,0.2,150,5,0.13333333333333333,0.15631355100435743,0.35492395817119465,0.0
mtd_ai,200,0.005088502294110622,0.4934210526315789,4999.964261606858,0.25,150,5,0.13333333333333333,0.15631355100435743,0.35492395817119465,0.0
mtd_ai,200,0.005092577532086504,0.4411764705882353,1347.8062913354001,0.05,150,5,0.16333333333333333,0.13155028181709846,0.1648248067628534,0.0
mtd_ai,200,0.005092577532086504,0.4411764705882353,2817.1831533022514,0.1,150,5,0.16333333333333333,0.13155028181709846,0.1648248067628534,0.0
mtd_ai,200,0.005092577532086504,0.5113636363636364,3112.856790978377,0.15,150,5,0.16333333333333333,0.13155028181709846,0.1648248067628534,0.0
mtd_ai,200,0.005092577532086504,0.46875,4160.350399410232,0.2,150,5,0.16333333333333333,0.13155028181709846,0.1648248067628534,0.0
mtd_ai,200,0.005092577532086504,0.5,4879.091115919504,0.25,150,5,0.16333333333333333,0.13155028181709846,0.1648248067628534,0.0
mtd_ai,200,0.005044212816160832,0.375,1316.4486253825035,0.05,150,5,0.194,1.1712026447966815,4.400869268377191,0.0
mtd_ai,200,0.005044212816160832,0.32608695652173914,4150.235315312054,0.1,150,5,0.194,1.1712026447966815,4.400869268377191,0.0
mtd_ai,200,0.005044212816160832,0.36885245901639346,4857.560262167817,0.15,150,5,0.194,1.1712026447966815,4.400869268377191,0.0
mtd_ai,200,0.005044212816160832,0.4166666666666667,5273.196118353117,0.2,150,5,0.194,1.1712026447966815,4.400869268377191,0.0
mtd_ai,200,0.005044212816160832,0.46875,5566.496704837458,0.25,150,5,0.194,1.1712026447966815,4.400869268377191,0.0
mtd_ai,200,0.005060134313917729,0.22727272727272727,3414.9019192573724,0.05,150,5,0.08904761904761906,0.45047615397597857,1.79043810158045,0.0
mtd_ai,200,0.005060134313917729,0.3125,4339.35258970514,0.1,150,5,0.08904761904761906,0.45047615397597857,1.79043810158045,0.0
mtd_ai,200,0.005060134313917729,0.39473684210526316,4799.685637149987,0.15,150,5,0.08904761904761906,0.45047615397597857,1.79043810158045,0.0
mtd_ai,200,0.005060134313917729,0.39473684210526316,5968.990724389496,0.2,150,5,0.08904761904761906,0.45047615397597857,1.79043810158045,0.0
mtd_ai,200,0.005060134313917729,0.436046511627907,6281.925927345537,0.25,150,5,0.08904761904761906,0.45047615397597857,1.79043810158045,0.0
mtd_ai,200,0.00504003462247944,0.28846153846153844,3006.431853315921,0.05,150,5,0.13533333333333333,0.5250393485958492,1.9743396563986468,0.0
mtd_ai,200,0.00504003462247944,0.35714285714285715,4438.861185442243,0.1,150,5,0.13533333333333333,0.5250393485958492,1.9743396563986468,0.0
mtd_ai,200,0.00504003462247944,0.4090909090909091,5169.465924432125,0.15,150,5,0.13533333333333333,0.5250393485958492,1.9743396563986468,0.0
mtd_ai,200,0.00504003462247944,0.43478260869565216,5713.980973789606,0.2,150,5,0.13533333333333333,0.5250393485958492,1.9743396563986468,0.0
mtd_ai,200,0.00504003462247944,0.4573170731707317,6466.678375111862,0.25,150,5,0.13533333333333333,0.5250393485958492,1.9743396563986468,0.0
mtd_ai,200,0.00506214655690103,0.3125,2984.955055820951,0.05,150,5,0.11333333333333333,0.3182748534193162,0.6986078192270645,0.0
mtd_ai,200,0.00506214655690103,0.29411764705882354,5463.8110662792515,0.1,150,5,0.11333333333333333,0.3182748534193162,0.6986078192270645,0.0
mtd_ai,200,0.00506214655690103,0.34615384615384615,6305.49631786469,0.15,150,5,0.11333333333333333,0.3182748534193162,0.6986078192270645,0.0
mtd_ai,200,0.00506214655690103,0.38461538461538464,6967.333963328389,0.2,150,5,0.11333333333333333,0.3182748534193162,0.6986078192270645,0.0
mtd_ai,200,0.00506214655690103,0.43103448275862066,7236.88271578479,0.25,150,5,0.11333333333333333,0.3182748534193162,0.6986078192270645,0.0
mtd_ai,200,0.005099993739016842,0.4411764705882353,1336.2911122141536,0.05,150,5,0.11111111111111112,0.8796208931370644,3.0656841718529355,0.0
mtd_ai,200,0.005099993739016842,0.4838709677419355,2314.4359716482722,0.1,150,5,0.11111111111111112,0.8796208931370644,3.0656841718529355,0.0
mtd_ai,200,0.005099993739016842,0.5357142857142857,3278.18495736488,0.15,150,5,0.11111111111111112,0.8796208931370644,3.0656841718529355,0.0
mtd_ai,200,0.005099993739016842,0.5769230769230769,3814.0336160740967,0.2,150,5,0.11111111111111112,0.8796208931370644,3.0656841718529355,0.0
mtd_ai,200,0.005099993739016842,0.6048387096774194,4454.1956198476,0.25,150,5,0.11111111111111112,0.8796208931370644,3.0656841718529355,0.0
mtd_ai,200,0.0050427979339361184,0.24193548387096775,4043.188253143835,0.05,150,5,0.08571428571428572,1.3410616387010457,4.217277313387862,-2.857142857142857
mtd_ai,200,0.0050427979339361184,0.35714285714285715,4555.483343056307,0.1,150,5,0.08571428571428572,1.3410616387010457,4.217277313387862,-2.857142857142857
mtd_ai,200,0.0050427979339361184,0.4326923076923077,5031.538172099507,0.15,150,5,0.08571428571428572,1.3410616387010457,4.217277313387862,-2.857142857142857
mtd_ai,200,0.0050427979339361184,0.47619047619047616,5517.945984223987,0.2,150,5,0.08571428571428572,1.3410616387010457,4.217277313387862,-2.857142857142857
mtd_ai,200,0.0050427979339361184,0.5067567567567568,5857.639251984087,0.25,150,5,0.08571428571428572,1.3410616387010457,4.217277313387862,-2.857142857142857
mtd_ai,200,0.0050655576946139706,0.28846153846153844,1778.287407539161,0.05,150,5,0.2777777777777778,1.0236165973566478,4.136735765227378,0.0
mtd_ai,200,0.0050655576946139706,0.30612244897959184,4178.019283638469,0.1,150,5,0.2777777777777778,1.0236165973566478,4.136735765227378,0.0
mtd_ai,200,0.0050655576946139706,0.375,4726.232524714387,0.15,150,5,0.2777777777777778,1.0236165973566478,4.136735765227378,0.0
mtd_ai,200,0.0050655576946139706,0.4166666666666667,5274.581880308322,0.2,150,5,0.2777777777777778,1.0236165973566478,4.136735765227378,0.0
mtd_ai,200,0.0050655576946139706,0.44642857142857145,5861.730281593193,0.25,150,5,0.2777777777777778,1.0236165973566478,4.136735765227378,0.0
mtd_ai,200,0.005042996436171063,0.3,2591.113940685086,0.05,150,5,0.1622222222222222,0.6691899952807733,2.4896062242380896,0.0
mtd_ai,200,0.005042996436171063,0.35714285714285715,3945.982300173746,0.1,150,5,0.1622222222222222,0.6691899952807733,2.4896062242380896,0.0
mtd_ai,200,0.005042996436171063,0.39473684210526316,5196.56417300798,0.15,150,5,0.1622222222222222,0.6691899952807733,2.4896062242380896,0.0
mtd_ai,200,0.005042996436171063,0.42857142857142855,5825.979141820747,0.2,150,5,0.1622222222222222,0.6691899952807733,2.4896062242380896,0.0
mtd_ai,200,0.005042996436171063,0.43103448275862066,6534.433423403466,0.25,150,5,0.1622222222222222,0.6691899952807733,2.4896062242380896,0.0
mtd_ai,200,0.005061878577846349,0.25,2728.961052322783,0.05,150,5,0.13111111111111112,0.08276489564768884,0.2604834371175435,0.0
mtd_ai,200,0.005061878577846349,0.25,4074.9231605858618,0.1,150,5,0.13111111111111112,0.08276489564768884,0.2604834371175435,0.0
mtd_ai,200,0.005061878577846349,0.3125,4931.760916819438,0.15,150,5,0.13111111111111112,0.08276489564768884,0.2604834371175435,0.0
mtd_ai,200,0.005061878577846349,0.3488372093023256,5614.856183357182,0.2,150,5,0.13111111111111112,0.08276489564768884,0.2604834371175435,0.0
mtd_ai,200,0.005061878577846349,0.39473684210526316,5986.540438727063,0.25,150,5,0.13111111111111112,0.08276489564768884,0.2604834371175435,0.0
mtd_ai,200,0.005081461806048874,0.375,1821.4687220459766,0.05,150,5,0.125,0.33882290199857984,1.4101440140310475,0.0
mtd_ai,200,0.005081461806048874,0.42857142857142855,3418.694378915581,0.1,150,5,0.125,0.33882290199857984,1.4101440140310475,0.0
mtd_ai,200,0.005081461806048874,0.4787234042553192,4280.809667744684,0.15,150,5,0.125,0.33882290199857984,1.4101440140310475,0.0
mtd_ai,200,0.005081461806048874,0.4918032786885246,5049.318856184176,0.2,150,5,0.125,0.33882290199857984,1.4101440140310475,0.0
mtd_ai,200,0.005081461806048874,0.5136986301369864,5727.585206002696,0.25,150,5,0.125,0.33882290199857984,1.4101440140310475,0.0
mtd_ai,200,0.00508384253741726,0.3125,1991.277913846578,0.05,150,5,0.15555555555555556,15.06472473601761,3.601104216371357,0.0
mtd_ai,200,0.00508384253741726,0.4166666666666667,2681.9229862586053,0.1,150,5,0.15555555555555556,15.06472473601761,3.601104216371357,0.0
mtd_ai,200,0.00508384253741726,0.4787234042553192,3305.96129222958,0.15,150,5,0.15555555555555556,15.06472473601761,3.601104216371357,0.0
mtd_ai,200,0.00508384253741726,0.5263157894736842,3877.614124119384,0.2,150,5,0.15555555555555556,15.06472473601761,3.601104216371357,0.0
mtd_ai,200,0.00508384253741726,0.5067567567567568,4782.612112203382,0.25,150,5,0.15555555555555556,15.06472473601761,3.601104216371357,0.0
mtd_ai,200,0.005036898575574802,0.20833333333333334,3863.4699594569065,0.05,150,5,0.16666666666666666,1.0563281969937544,3.787229829207844,0.0
mtd_ai,200,0.005036898575574802,0.3,4866.05617669351,0.1,150,5,0.16666666666666666,1.0563281969937544,3.787229829207844,0.0
mtd_ai,200,0.005036898575574802,0.3125,6228.447773413809,0.15,150,5,0.16666666666666666,1.0563281969937544,3.787229829207844,0.0
mtd_ai,200,0.005036898575574802,0.3448275862068966,6794.712122691303,0.2,150,5,0.16666666666666666,1.0563281969937544,3.787229829207844,0.0
mtd_ai,200,0.005036898575574802,0.3865979381443299,7274.772775257844,0.25,150,5,0.16666666666666666,1.0563281969937544,3.787229829207844,0.0
mtd_ai,200,0.005083944760117024,0.39473684210526316,1930.892885424459,0.05,150,5,0.09333333333333334,0.7643609424436811,1.1551098445123826,0.0
mtd_ai,200,0.005083944760117024,0.4838709677419355,2952.4735917685007,0.1,150,5,0.09333333333333334,0.7643609424436811,1.1551098445123826,0.0
mtd_ai,200,0.005083944760117024,0.5487804878048781,3715.5485826253926,0.15,150,5,0.09333333333333334,0.7643609424436811,1.1551098445123826,0.0
mtd_ai,200,0.005083944760117024,0.5,5184.0248902598505,0.2,150,5,0.09333333333333334,0.7643609424436811,1.1551098445123826,0.0
mtd_ai,200,0.005083944760117024,0.5357142857142857,5625.500040345667,0.25,150,5,0.09333333333333334,0.7643609424436811,1.1551098445123826,0.0
mtd_ai,200,0.005039572361259989,0.3409090909090909,1508.4156518781206,0.05,150,5,0.14194444444444443,1.3245748542681728,3.7761935605247725,0.0
mtd_ai,200,0.005039572361259989,0.3409090909090909,3570.541597906512,0.1,150,5,0.14194444444444443,1.3245748542681728,3.7761935605247725,0.0
mtd_ai,200,0.005039572361259989,0.42452830188679247,4107.635311974471,0.15,150,5,0.14194444444444443,1.3245748542681728,3.7761935605247725,0.0
mtd_ai,200,0.005039572361259989,0.43478260869565216,5174.381737860538,0.2,150,5,0.14194444444444443,1.3245748542681728,3.7761935605247725,0.0
mtd_ai,200,0.005039572361259989,0.44642857142857145,6208.288064490697,0.25,150,5,0.14194444444444443,1.3245748542681728,3.7761935605247725,0.0
mtd_ai,200,0.00506938356096485,0.32608695652173914,1896.627347202144,0.05,150,5,0.11555555555555558,1.0807432248013653,1.8170261209286314,0.0
mtd_ai,200,0.00506938356096485,0.4411764705882353,2405.7087397327323,0.1,150,5,0.11555555555555558,1.0807432248013653,1.8170261209286314,0.0
mtd_ai,200,0.00506938356096485,0.5113636363636364,3024.4702144521216,0.15,150,5,0.11555555555555558,1.0807432248013653,1.8170261209286314,0.0
mtd_ai,200,0.00506938356096485,0.47619047619047616,5278.0452091281095,0.2,150,5,0.11555555555555558,1.0807432248013653,1.8170261209286314,0.0
mtd_ai,200,0.00506938356096485,0.4807692307692308,5783.1577717253185,0.25,150,5,0.11555555555555558,1.0807432248013653,1.8170261209286314,0.0
mtd_ai,200,0.0050504497198509265,0.4411764705882353,1367.3220103092544,0.05,150,5,0.3125,0.9471648180363597,3.0053391478270983,0.0
mtd_ai,200,0.0050504497198509265,0.4166666666666667,3326.6901658825745,0.1,150,5,0.3125,0.9471648180363597,3.0053391478270983,0.0
mtd_ai,200,0.0050504497198509265,0.45918367346938777,4414.425665166098,0.15,150,5,0.3125,0.9471648180363597,3.0053391478270983,0.0
mtd_ai,200,0.0050504497198509265,0.4918032786885246,5146.699811034974,0.2,150,5,0.3125,0.9471648180363597,3.0053391478270983,0.0
mtd_ai,200,0.0050504497198509265,0.5067567567567568,5634.678317132122,0.25,150,5,0.3125,0.9471648180363597,3.0053391478270983,0.0
mtd_ai,200,0.005047365871411203,0.4166666666666667,1475.3594218742483,0.05,150,5,0.13333333333333333,3.0140362892514823,5.351489504196957,0.0
mtd_ai,200,0.005047365871411203,0.45454545454545453,2572.790332859523,0.1,150,5,0.13333333333333333,3.0140362892514823,5.351489504196957,0.0
mtd_ai,200,0.005047365871411203,0.5232558139534884,3213.147772918109,0.15,150,5,0.13333333333333333,3.0140362892514823,5.351489504196957,0.0
mtd_ai,200,0.005047365871411203,0.5084745762711864,4633.830070075668,0.2,150,5,0.13333333333333333,3.0140362892514823,5.351489504196957,0.0
mtd_ai,200,0.005047365871411203,0.5514705882352942,5015.81486347142,0.25,150,5,0.13333333333333333,3.0140362892514823,5.351489504196957,0.0
mtd_ai,200,0.005068652323756305,0.32608695652173914,2415.1473386544562,0.05,150,5,0.08666666666666667,0.72529153732823,2.7681993209512417,0.0
mtd_ai,200,0.005068652323756305,0.3333333333333333,4970.418035126182,0.1,150,5,0.08666666666666667,0.72529153732823,2.7681993209512417,0.0
mtd_ai,200,0.005068652323756305,0.4090909090909091,5540.48146967198,0.15,150,5,0.08666666666666667,0.72529153732823,2.7681993209512417,0.0
mtd_ai,200,0.005068652323756305,0.43478260869565216,6355.979466717285,0.2,150,5,0.08666666666666667,0.72529153732823,2.7681993209512417,0.0
mtd_ai,200,0.005068652323756305,0.46296296296296297,6777.361411993743,0.25,150,5,0.08666666666666667,0.72529153732823,2.7681993209512417,0.0
mtd_ai,200,0.0050472248346451355,0.2777777777777778,3020.500588739407,0.05,150,5,0.10666666666666667,0.7312303080556177,3.2132228103072555,0.0
mtd_ai,200,0.0050472248346451355,0.39473684210526316,3582.287854382398,0.1,150,5,0.10666666666666667,0.7312303080556177,3.2132228103072555,0.0
mtd_ai,200,0.0050472248346451355,0.45,4426.873993094894,0.15,150,5,0.10666666666666667,0.7312303080556177,3.2132228103072555,0.0
mtd_ai,200,0.0050472248346451355,0.47619047619047616,5144.03858141404,0.2,150,5,0.10666666666666667,0.7312303080556177,3.2132228103072555,0.0
mtd_ai,200,0.0050472248346451355,0.5208333333333334,5586.657985551408,0.25,150,5,0.10666666666666667,0.7312303080556177,3.2132228103072555,0.0
mtd_ai,200,0.005075048266205835,0.25862068965517243,3902.5754824533437,0.05,150,5,0.13666666666666666,0.9134177561792375,3.716334832018283,0.0
mtd_ai,200,0.005075048266205835,0.3409090909090909,4958.867333187052,0.1,150,5,0.13666666666666666,0.9134177561792375,3.716334832018283,0.0
mtd_ai,200,0.005075048266205835,0.4090909090909091,5457.358902606864,0.15,150,5,0.13666666666666666,0.9134177561792375,3.716334832018283,0.0
mtd_ai,200,0.005075048266205835,0.46153846153846156,5854.012005727883,0.2,150,5,0.13666666666666666,0.9134177561792375,3.716334832018283,0.0
mtd_ai,200,0.005075048266205835,0.5,6215.321395469095,0.25,150,5,0.13666666666666666,0.9134177561792375,3.716334832018283,0.0
mtd_ai,200,0.005048180025989337,0.5357142857142857,1195.8336192201423,0.05,150,5,0.13333333333333333,1.0873703691769392,4.183479954088299,4.714285714285714
mtd_ai,200,0.005048180025989337,0.5172413793103449,2430.0440992911876,0.1,150,5,0.13333333333333333,1.0873703691769392,4.183479954088299,4.714285714285714
mtd_ai,200,0.005048180025989337,0.4166666666666667,5064.516432496767,0.15,150,5,0.13333333333333333,1.0873703691769392,4.183479954088299,4.714285714285714
mtd_ai,200,0.005048180025989337,0.45454545454545453,5531.777963476287,0.2,150,5,0.13333333333333333,1.0873703691769392,4.183479954088299,4.714285714285714
mtd_ai,200,0.005048180025989337,0.4934210526315789,6053.663908290076,0.25,150,5,0.13333333333333333,1.0873703691769392,4.183479954088299,4.714285714285714
mtd_ai,200,0.005050014471745945,0.35714285714285715,1761.3450314205015,0.05,150,5,0.1388888888888889,1.4093675188185886,5.024290142936873,0.0
mtd_ai,200,0.005050014471745945,0.38461538461538464,3458.1788443241876,0.1,150,5,0.1388888888888889,1.4093675188185886,5.024290142936873,0.0
mtd_ai,200,0.005050014471745945,0.4411764705882353,4250.100295823551,0.15,150,5,0.1388888888888889,1.4093675188185886,5.024290142936873,0.0
mtd_ai,200,0.005050014471745945,0.47619047619047616,4810.80303927752,0.2,150,5,0.1388888888888889,1.4093675188185886,5.024290142936873,0.0
mtd_ai,200,0.005050014471745945,0.5067567567567568,5472.4038185572535,0.25,150,5,0.1388888888888889,1.4093675188185886,5.024290142936873,0.0
mtd_ai,200,0.00504882941977519,0.375,2372.459221002416,0.05,150,5,0.15444444444444444,0.3430718026164605,1.2930731171980578,0.0
mtd_ai,200,0.00504882941977519,0.2777777777777778,5521.4165444371065,0.1,150,5,0.15444444444444444,0.3430718026164605,1.2930731171980578,0.0
mtd_ai,200,0.00504882941977519,0.2922077922077922,6870.725570933591,0.15,150,5,0.15444444444444444,0.3430718026164605,1.2930731171980578,0.0
mtd_ai,200,0.00504882941977519,0.33707865168539325,7496.38596872661,0.2,150,5,0.15444444444444444,0.3430718026164605,1.2930731171980578,0.0
mtd_ai,200,0.00504882941977519,0.3826530612244898,8042.952550990312,0.25,150,5,0.15444444444444444,0.3430718026164605,1.2930731171980578,0.0
mtd_ai,200,0.005048767866998524,0.3125,2386.6969111956246,0.05,150,5,0.14666666666666667,1.683884107450842,4.76071884052591,5.52
mtd_ai,200,0.005048767866998524,0.39473684210526316,3410.6609547393355,0.1,150,5,0.14666666666666667,1.683884107450842,4.76071884052591,5.52
mtd_ai,200,0.005048767866998524,0.4411764705882353,4154.47031119672,0.15,150,5,0.14666666666666667,1.683884107450842,4.76071884052591,5.52
mtd_ai,200,0.005048767866998524,0.4918032786885246,4682.127418092141,0.2,150,5,0.14666666666666667,1.683884107450842,4.76071884052591,5.52
mtd_ai,200,0.005048767866998524,0.5208333333333334,5305.164616431891,0.25,150,5,0.14666666666666667,1.683884107450842,4.76071884052591,5.52
mtd_ai,200,0.005077193992601736,0.2777777777777778,2388.1044564950635,0.05,150,5,0.15933333333333333,6.858349407038792,6.863521543332405,0.0
mtd_ai,200,0.005077193992601736,0.36585365853658536,3314.4549192811273,0.1,150,5,0.15933333333333333,6.858349407038792,6.863521543332405,0.0
mtd_ai,200,0.005077193992601736,0.39473684210526316,4950.981151977932,0.15,150,5,0.15933333333333333,6.858349407038792,6.863521543332405,0.0
mtd_ai,200,0.005077193992601736,0.42857142857142855,5438.386146206005,0.2,150,5,0.15933333333333333,6.858349407038792,6.863521543332405,0.0
mtd_ai,200,0.005077193992601736,0.47468354430379744,5837.128285730969,0.25,150,5,0.15933333333333333,6.858349407038792,6.863521543332405,0.0
mtd_ai,200,0.0050493789344121225,0.35714285714285715,2159.6920639313958,0.05,150,5,0.16964285714285715,0.3331755403790906,0.6695023418258832,0.0
mtd_ai,200,0.0050493789344121225,0.3488372093023256,3809.9557288268384,0.1,150,5,0.16964285714285715,0.3331755403790906,0.6695023418258832,0.0
mtd_ai,200,0.0050493789344121225,0.31690140845070425,6489.228016517362,0.15,150,5,0.16964285714285715,0.3331755403790906,0.6695023418258832,0.0
mtd_ai,200,0.0050493789344121225,0.36585365853658536,7157.064246651266,0.2,150,5,0.16964285714285715,0.3331755403790906,0.6695023418258832,0.0
mtd_ai,200,0.0050493789344121225,0.3826530612244898,8257.145644603457,0.25,150,5,0.16964285714285715,0.3331755403790906,0.6695023418258832,0.0
mtd_ai,200,0.005057326939651267,0.3125,2540.8849352394927,0.05,150,5,0.11866666666666667,0.20717200529832633,0.8011227399037091,0.0
mtd_ai,200,0.005057326939651267,0.375,3552.92506585286,0.1,150,5,0.11866666666666667,0.20717200529832633,0.8011227399037091,0.0
mtd_ai,200,0.005057326939651267,0.45,4047.2779291578977,0.15,150,5,0.11866666666666667,0.20717200529832633,0.8011227399037091,0.0
mtd_ai,200,0.005057326939651267,0.4918032786885246,4542.090074747917,0.2,150,5,0.11866666666666667,0.20717200529832633,0.8011227399037091,0.0
mtd_ai,200,0.005057326939651267,0.5208333333333334,5048.6134213247,0.25,150,5,0.11866666666666667,0.20717200529832633,0.8011227399037091,0.0
mtd_ai,200,0.005055451650782754,0.2777777777777778,2208.3109359099767,0.05,150,5,0.11,0.48130404311362446,1.3731123784675912,0.0
mtd_ai,200,0.005055451650782754,0.2830188679245283,5069.449254471825,0.1,150,5,0.11,0.48130404311362446,1.3731123784675912,0.0
mtd_ai,200,0.005055451650782754,0.3515625,5580.53666337976,0.15,150,5,0.11,0.48130404311362446,1.3731123784675912,0.0
mtd_ai,200,0.005055451650782754,0.38461538461538464,6297.418503305955,0.2,150,5,0.11,0.48130404311362446,1.3731123784675912,0.0
mtd_ai,200,0.005055451650782754,0.41208791208791207,6781.804775652614,0.25,150,5,0.11,0.48130404311362446,1.3731123784675912,0.0
mtd_ai,200,0.005080542171639383,0.28846153846153844,2580.383349430105,0.05,150,5,0.23529411764705882,0.033712319518187484,0.14057959098143413,0.0
mtd_ai,200,0.005080542171639383,0.375,3470.8527517607954,0.1,150,5,0.23529411764705882,0.033712319518187484,0.14057959098143413,0.0
mtd_ai,200,0.005080542171639383,0.45918367346938777,3838.988965529992,0.15,150,5,0.23529411764705882,0.033712319518187484,0.14057959098143413,0.0
mtd_ai,200,0.005080542171639383,0.4918032786885246,4475.791754128565,0.2,150,5,0.23529411764705882,0.033712319518187484,0.14057959098143413,0.0
mtd_ai,200,0.005080542171639383,0.5136986301369864,5036.327146090955,0.25,150,5,0.23529411764705882,0.033712319518187484,0.14057959098143413,0.0
mtd_ai,200,0.005055463683844504,0.2777777777777778,3444.1702302339177,0.05,150,5,0.14444444444444446,2.728659957034106,6.100776339702765,0.0
mtd_ai,200,0.005055463683844504,0.3409090909090909,4692.260712053968,0.1,150,5,0.14444444444444446,2.728659957034106,6.100776339702765,0.0
mtd_ai,200,0.005055463683844504,0.3879310344827586,5244.84661962666,0.15,150,5,0.14444444444444446,2.728659957034106,6.100776339702765,0.0
mtd_ai,200,0.005055463683844504,0.40540540540540543,6054.059114283113,0.2,150,5,0.14444444444444446,2.728659957034106,6.100776339702765,0.0
mtd_ai,200,0.005055463683844504,0.390625,7163.805171754484,0.25,150,5,0.14444444444444446,2.728659957034106,6.100776339702765,0.0
mtd_ai,200,0.0050485272401699895,0.3,1988.5809932164984,0.05,150,5,0.1880952380952381,0.6857065494729591,1.794232655580021,0.0
mtd_ai,200,0.0050485272401699895,0.3333333333333333,3498.8198043823854,0.1,150,5,0.1880952380952381,0.6857065494729591,1.794232655580021,0.0
mtd_ai,200,0.0050485272401699895,0.35714285714285715,4416.149147871998,0.15,150,5,0.1880952380952381,0.6857065494729591,1.794232655580021,0.0
mtd_ai,200,0.0050485272401699895,0.40540540540540543,5027.848384894658,0.2,150,5,0.1880952380952381,0.6857065494729591,1.794232655580021,0.0
mtd_ai,200,0.0050485272401699895,0.4076086956521739,5816.1572130775185,0.25,150,5,0.1880952380952381,0.6857065494729591,1.794232655580021,0.0
mtd_ai,200,0.005051174158792225,0.5357142857142857,1571.859278116544,0.05,150,5,0.08,0.3001836013761211,1.296087687826126,0.0
mtd_ai,200,0.005051174158792225,0.40540540540540543,3116.281546023992,0.1,150,5,0.08,0.3001836013761211,1.296087687826126,0.0
mtd_ai,200,0.005051174158792225,0.4411764705882353,4019.637257610573,0.15,150,5,0.08,0.3001836013761211,1.296087687826126,0.0
mtd_ai,200,0.005051174158792225,0.4411764705882353,5005.742878490975,0.2,150,5,0.08,0.3001836013761211,1.296087687826126,0.0
mtd_ai,200,0.005051174158792225,0.487012987012987,5280.633361123514,0.25,150,5,0.08,0.3001836013761211,1.296087687826126,0.0
mtd_ai,200,0.005082841229515418,0.4411764705882353,1345.6681503698007,0.05,150,5,0.15733333333333335,0.3154762384643934,1.1631516917505456,0.0
mtd_ai,200,0.005082841229515418,0.4838709677419355,2127.9261973299044,0.1,150,5,0.15733333333333335,0.3154762384643934,1.1631516917505456,0.0
mtd_ai,200,0.005082841229515418,0.5113636363636364,3354.086703029837,0.15,150,5,0.15733333333333335,0.3154762384643934,1.1631516917505456,0.0
mtd_ai,200,0.005082841229515418,0.5172413793103449,4111.364213031604,0.2,150,5,0.15733333333333335,0.3154762384643934,1.1631516917505456,0.0
mtd_ai,200,0.005082841229515418,0.5357142857142857,5016.813155571095,0.25,150,5,0.15733333333333335,0.3154762384643934,1.1631516917505456,0.0
mtd_ai,200,0.005061016421186238,0.25,3017.460576752475,0.05,150,5,0.11555555555555558,0.6676374508994067,2.640074217849443,0.0
mtd_ai,200,0.005061016421186238,0.3,4722.6918347197825,0.1,150,5,0.11555555555555558,0.6676374508994067,2.640074217849443,0.0
mtd_ai,200,0.005061016421186238,0.36885245901639346,5375.517843870557,0.15,150,5,0.11555555555555558,0.6676374508994067,2.640074217849443,0.0
mtd_ai,200,0.005061016421186238,0.42857142857142855,5832.041257470562,0.2,150,5,0.11555555555555558,0.6676374508994067,2.640074217849443,0.0
mtd_ai,200,0.005061016421186238,0.4573170731707317,6404.586749946873,0.25,150,5,0.11555555555555558,0.6676374508994067,2.640074217849443,0.0
mtd_ai,200,0.005074082849064694,0.39473684210526316,1957.4749974348715,0.05,150,5,0.08738095238095238,0.8468525721866704,3.2585404859421097,0.0
mtd_ai,200,0.005074082849064694,0.39473684210526316,3494.0742091032444,0.1,150,5,0.08738095238095238,0.8468525721866704,3.2585404859421097,0.0
mtd_ai,200,0.005074082849064694,0.4326923076923077,4654.451345342094,0.15,150,5,0.08738095238095238,0.8468525721866704,3.2585404859421097,0.0
mtd_ai,200,0.005074082849064694,0.4411764705882353,5670.625907809315,0.2,150,5,0.08738095238095238,0.8468525721866704,3.2585404859421097,0.0
mtd_ai,200,0.005074082849064694,0.487012987012987,6066.67831476938,0.25,150,5,0.08738095238095238,0.8468525721866704,3.2585404859421097,0.0
mtd_ai,200,0.005026634585413834,0.15306122448979592,4206.730369332532,0.05,150,5,0.3684210526315789,1.0376395560927125,3.81827815421574,-3.742857142857143
mtd_ai,200,0.005026634585413834,0.19230769230769232,5815.335582093576,0.1,150,5,0.3684210526315789,1.0376395560927125,3.81827815421574,-3.742857142857143
mtd_ai,200,0.005026634585413834,0.24456521739130435,6575.478583163818,0.15,150,5,0.3684210526315789,1.0376395560927125,3.81827815421574,-3.742857142857143
mtd_ai,200,0.005026634585413834,0.2830188679245283,7297.223894306532,0.2,150,5,0.3684210526315789,1.0376395560927125,3.81827815421574,-3.742857142857143
mtd_ai,200,0.005026634585413834,0.32051282051282054,7857.090998915541,0.25,150,5,0.3684210526315789,1.0376395560927125,3.81827815421574,-3.742857142857143
mtd_ai,200,0.005035454256749122,0.375,1824.060676653199,0.05,150,5,0.14755555555555558,0.2124781996966523,0.9018826407516665,0.0
mtd_ai,200,0.005035454256749122,0.40540540540540543,3416.6497867559037,0.1,150,5,0.14755555555555558,0.2124781996966523,0.9018826407516665,0.0
mtd_ai,200,0.005035454256749122,0.45,4429.510536813894,0.15,150,5,0.14755555555555558,0.2124781996966523,0.9018826407516665,0.0
mtd_ai,200,0.005035454256749122,0.45454545454545453,6001.5895400778345,0.2,150,5,0.14755555555555558,0.2124781996966523,0.9018826407516665,0.0
mtd_ai,200,0.005035454256749122,0.46875,6895.2675189109905,0.25,150,5,0.14755555555555558,0.2124781996966523,0.9018826407516665,0.0
mtd_ai,200,0.005039866950362802,0.26785714285714285,3770.3048621313364,0.05,150,5,0.13166666666666665,2.2105588377630743,5.8535988753594825,0.0
mtd_ai,200,0.005039866950362802,0.3409090909090909,4671.111245917464,0.1,150,5,0.13166666666666665,2.2105588377630743,5.8535988753594825,0.0
mtd_ai,200,0.005039866950362802,0.4017857142857143,5207.7509185875915,0.15,150,5,0.13166666666666665,2.2105588377630743,5.8535988753594825,0.0
mtd_ai,200,0.005039866950362802,0.410958904109589,5923.293481830788,0.2,150,5,0.13166666666666665,2.2105588377630743,5.8535988753594825,0.0
mtd_ai,200,0.005039866950362802,0.4573170731707317,6291.847159739583,0.25,150,5,0.13166666666666665,2.2105588377630743,5.8535988753594825,0.0
mtd_ai,200,0.005067533530563678,0.4166666666666667,1774.3156232149017,0.05,150,5,0.1188888888888889,0.9719854993872931,3.857641049105332,0.0
mtd_ai,200,0.005067533530563678,0.42857142857142855,3530.9951103932062,0.1,150,5,0.1188888888888889,0.9719854993872931,3.857641049105332,0.0
mtd_ai,200,0.005067533530563678,0.4891304347826087,4171.130799841593,0.15,150,5,0.1188888888888889,0.9719854993872931,3.857641049105332,0.0
mtd_ai,200,0.005067533530563678,0.5,4856.143004102321,0.2,150,5,0.1188888888888889,0.9719854993872931,3.857641049105332,0.0
mtd_ai,200,0.005067533530563678,0.5067567567567568,5507.1731210114785,0.25,150,5,0.1188888888888889,0.9719854993872931,3.857641049105332,0.0
mtd_ai,200,0.005034284414185274,0.4166666666666667,2004.0960647246923,0.05,150,5,0.1577777777777778,0.14170068185470924,0.27373063952405724,0.0
mtd_ai,200,0.005034284414185274,0.2727272727272727,5240.9751894308865,0.1,150,5,0.1577777777777778,0.14170068185470924,0.27373063952405724,0.0
mtd_ai,200,0.005034284414185274,0.32608695652173914,6477.3777434845,0.15,150,5,0.1577777777777778,0.14170068185470924,0.27373063952405724,0.0
mtd_ai,200,0.005034284414185274,0.3614457831325301,7219.961527741295,0.2,150,5,0.1577777777777778,0.14170068185470924,0.27373063952405724,0.0
mtd_ai,200,0.005034284414185274,0.39893617021276595,7829.283991412839,0.25,150,5,0.1577777777777778,0.14170068185470924,0.27373063952405724,0.0
mtd_ai,200,0.0050354213957861035,0.2777777777777778,3141.023073094643,0.05,150,5,0.08,0.8927394883234501,3.166640625787499,0.0
mtd_ai,200,0.0050354213957861035,0.3409090909090909,4243.899287481688,0.1,150,5,0.08,0.8927394883234501,3.166640625787499,0.0
mtd_ai,200,0.0050354213957861035,0.3629032258064516,5206.194786735832,0.15,150,5,0.08,0.8927394883234501,3.166640625787499,0.0
mtd_ai,200,0.0050354213957861035,0.39473684210526316,5844.709887862428,0.2,150,5,0.08,0.8927394883234501,3.166640625787499,0.0
mtd_ai,200,0.0050354213957861035,0.436046511627907,6489.605546238758,0.25,150,5,0.08,0.8927394883234501,3.166640625787499,0.0
mtd_ai,200,0.005058377464600564,0.32608695652173914,2586.895905811709,0.05,150,5,0.12333333333333334,0.5679501662533456,1.8902821771006761,0.0
mtd_ai,200,0.005058377464600564,0.38461538461538464,3821.8164325119947,0.1,150,5,0.12333333333333334,0.5679501662533456,1.8902821771006761,0.0
mtd_ai,200,0.005058377464600564,0.45,4493.211239886234,0.15,150,5,0.12333333333333334,0.5679501662533456,1.8902821771006761,0.0
mtd_ai,200,0.005058377464600564,0.47619047619047616,5329.892181394365,0.2,150,5,0.12333333333333334,0.5679501662533456,1.8902821771006761,0.0
mtd_ai,200,0.005058377464600564,0.4934210526315789,6613.008732045475,0.25,150,5,0.12333333333333334,0.5679501662533456,1.8902821771006761,0.0
mtd_ai,200,0.005079419762198092,0.4411764705882353,1190.322040359115,0.05,150,5,0.11666666666666667,0.46448305720374256,0.6153538289078366,0.0
mtd_ai,200,0.005079419762198092,0.4411764705882353,2399.6262842319566,0.1,150,5,0.11666666666666667,0.46448305720374256,0.6153538289078366,0.0
mtd_ai,200,0.005079419762198092,0.4411764705882353,4294.7014130394655,0.15,150,5,0.11666666666666667,0.46448305720374256,0.6153538289078366,0.0
mtd_ai,200,0.005079419762198092,0.45454545454545453,5333.984176250062,0.2,150,5,0.11666666666666667,0.46448305720374256,0.6153538289078366,0.0
mtd_ai,200,0.005079419762198092,0.5067567567567568,5564.390414589636,0.25,150,5,0.11666666666666667,0.46448305720374256,0.6153538289078366,0.0
mtd_ai,200,0.005082838020204407,0.5,1410.601483664937,0.05,150,5,0.15533333333333335,1.1343109887786995,2.165315049739443,0.0
mtd_ai,200,0.005082838020204407,0.46875,2668.9522764260964,0.1,150,5,0.15533333333333335,1.1343109887786995,2.165315049739443,0.0
mtd_ai,200,0.005082838020204407,0.5113636363636364,3681.5001882876386,0.15,150,5,0.15533333333333335,1.1343109887786995,2.165315049739443,0.0
mtd_ai,200,0.005082838020204407,0.5263157894736842,4331.927706884804,0.2,150,5,0.15533333333333335,1.1343109887786995,2.165315049739443,0.0
mtd_ai,200,0.005082838020204407,0.528169014084507,4958.786265204002,0.25,150,5,0.15533333333333335,1.1343109887786995,2.165315049739443,0.0
mtd_ai,200,0.005079883606646489,0.3125,2870.579275538939,0.05,150,5,0.14055555555555557,1.7064962239639325,2.8889811533981686,0.0
mtd_ai,200,0.005079883606646489,0.3488372093023256,3960.930555800572,0.1,150,5,0.14055555555555557,1.7064962239639325,2.8889811533981686,0.0
mtd_ai,200,0.005079883606646489,0.4166666666666667,4517.4541652558055,0.15,150,5,0.14055555555555557,1.7064962239639325,2.8889811533981686,0.0
mtd_ai,200,0.005079883606646489,0.410958904109589,5295.733681098327,0.2,150,5,0.14055555555555557,1.7064962239639325,2.8889811533981686,0.0
mtd_ai,200,0.005079883606646489,0.44642857142857145,5658.9731510886295,0.25,150,5,0.14055555555555557,1.7064962239639325,2.8889811533981686,0.0
mtd_ai,200,0.00504509964610947,0.28846153846153844,2678.7991958304483,0.05,150,5,0.1394047619047619,0.06441116157308725,0.2574038470982681,0.0
mtd_ai,200,0.00504509964610947,0.3333333333333333,4182.118747355527,0.1,150,5,0.1394047619047619,0.06441116157308725,0.2574038470982681,0.0
mtd_ai,200,0.00504509964610947,0.34615384615384615,5321.3150448783945,0.15,150,5,0.1394047619047619,0.06441116157308725,0.2574038470982681,0.0
mtd_ai,200,0.00504509964610947,0.39473684210526316,5682.679854853739,0.2,150,5,0.1394047619047619,0.06441116157308725,0.2574038470982681,0.0
mtd_ai,200,0.00504509964610947,0.42134831460674155,6102.446304879917,0.25,150,5,0.1394047619047619,0.06441116157308725,0.2574038470982681,0.0
mtd_ai,200,0.005038062243009247,0.24193548387096775,2913.0778111696923,0.05,150,5,0.15422222222222223,1.5517336124965762,4.948305487016901,4.678571428571429
mtd_ai,200,0.005038062243009247,0.3488372093023256,3475.192388711519,0.1,150,5,0.15422222222222223,1.5517336124965762,4.948305487016901,4.678571428571429
mtd_ai,200,0.005038062243009247,0.3879310344827586,4808.481037156122,0.15,150,5,0.15422222222222223,1.5517336124965762,4.948305487016901,4.678571428571429
mtd_ai,200,0.005038062243009247,0.4225352112676056,5485.9606281524375,0.2,150,5,0.15422222222222223,1.5517336124965762,4.948305487016901,4.678571428571429
mtd_ai,200,0.005038062243009247,0.45180722891566266,6256.6730221631815,0.25,150,5,0.15422222222222223,1.5517336124965762,4.948305487016901,4.678571428571429
mtd_ai,200,0.005043134425416242,0.375,2051.358499047571,0.05,150,5,0.17647058823529413,0.783589307051212,1.621170972235494,-4.75
mtd_ai,200,0.005043134425416242,0.4166666666666667,2997.7113965624967,0.1,150,5,0.17647058823529413,0.783589307051212,1.621170972235494,-4.75
mtd_ai,200,0.005043134425416242,0.4326923076923077,3926.7712200806254,0.15,150,5,0.17647058823529413,0.783589307051212,1.621170972235494,-4.75
mtd_ai,200,0.005043134425416242,0.44776119402985076,5041.497466704049,0.2,150,5,0.17647058823529413,0.783589307051212,1.621170972235494,-4.75
mtd_ai,200,0.005043134425416242,0.4807692307692308,5592.576765331776,0.25,150,5,0.17647058823529413,0.783589307051212,1.621170972235494,-4.75
mtd_ai,200,0.005069231620865013,0.25,3980.585556379485,0.05,150,5,0.11022222222222221,0.9533943686855277,3.74729337997407,0.0
mtd_ai,200,0.005069231620865013,0.375,4424.669515150208,0.1,150,5,0.11022222222222221,0.9533943686855277,3.74729337997407,0.0
mtd_ai,200,0.005069231620865013,0.45,4961.105803774395,0.15,150,5,0.11022222222222221,0.9533943686855277,3.74729337997407,0.0
mtd_ai,200,0.005069231620865013,0.5,5570.0365379061905,0.2,150,5,0.11022222222222221,0.9533943686855277,3.74729337997407,0.0
mtd_ai,200,0.005069231620865013,0.5514705882352942,5861.369117594815,0.25,150,5,0.11022222222222221,0.9533943686855277,3.74729337997407,0.0
mtd_ai,200,0.005067721265079387,0.3125,2203.7059621250137,0.05,150,5,0.13388888888888892,0.43793609398691136,0.9471534000956783,0.0
mtd_ai,200,0.005067721265079387,0.3125,4034.3881800634085,0.1,150,5,0.13388888888888892,0.43793609398691136,0.9471534000956783,0.0
mtd_ai,200,0.005067721265079387,0.3813559322033898,4662.513684689891,0.15,150,5,0.13388888888888892,0.43793609398691136,0.9471534000956783,0.0
mtd_ai,200,0.005067721265079387,0.42857142857142855,5156.05783771134,0.2,150,5,0.13388888888888892,0.43793609398691136,0.9471534000956783,0.0
mtd_ai,200,0.005067721265079387,0.436046511627907,6336.647007566455,0.25,150,5,0.13388888888888892,0.43793609398691136,0.9471534000956783,0.0
