Name,mtd_interval,MEF,ASR,time_to_compromise,host_compromise_ratio,network_size,exposed_endpoints,attack_path_exposure,ROA,risk,shortest_path_variability
mtd_ai,200,0.005056704985443653,0.32608695652173914,1665.3982232061999,0.05,150,5,0.15904761904761905,0.40443692534307185,1.3975954623775417,0.0
mtd_ai,200,0.005056704985443653,0.28846153846153844,4589.627836540109,0.1,150,5,0.15904761904761905,0.40443692534307185,1.3975954623775417,0.0
mtd_ai,200,0.005056704985443653,0.3082191780821918,6022.600684375127,0.15,150,5,0.15904761904761905,0.40443692534307185,1.3975954623775417,0.0
mtd_ai,200,0.005056704985443653,0.32967032967032966,7147.821006947202,0.2,150,5,0.15904761904761905,0.40443692534307185,1.3975954623775417,0.0
mtd_ai,200,0.005056704985443653,0.375,7685.4260981126845,0.25,150,5,0.15904761904761905,0.40443692534307185,1.3975954623775417,0.0
mtd_ai,200,0.005074300887326223,0.375,1933.8662587490387,0.05,150,5,0.135,0.7372300039225101,2.8695935761900397,0.0
mtd_ai,200,0.005074300887326223,0.42857142857142855,3500.9278220148044,0.1,150,5,0.135,0.7372300039225101,2.8695935761900397,0.0
mtd_ai,200,0.005074300887326223,0.5113636363636364,3861.006373342968,0.15,150,5,0.135,0.7372300039225101,2.8695935761900397,0.0
mtd_ai,200,0.005074300887326223,0.5357142857142857,4742.3436446804435,0.2,150,5,0.135,0.7372300039225101,2.8695935761900397,0.0
mtd_ai,200,0.005074300887326223,0.5681818181818182,5466.651621610299,0.25,150,5,0.135,0.7372300039225101,2.8695935761900397,0.0
mtd_ai,200,0.0050533018835047985,0.22058823529411764,3607.2688512075897,0.05,150,5,0.10866666666666668,1.704968238800394,4.325858843076295,0.0
mtd_ai,200,0.0050533018835047985,0.3191489361702128,4341.456341584955,0.1,150,5,0.10866666666666668,1.704968238800394,4.325858843076295,0.0
mtd_ai,200,0.0050533018835047985,0.3879310344827586,5149.234052289361,0.15,150,5,0.10866666666666668,1.704968238800394,4.325858843076295,0.0
mtd_ai,200,0.0050533018835047985,0.44776119402985076,5494.411517539807,0.2,150,5,0.10866666666666668,1.704968238800394,4.325858843076295,0.0
mtd_ai,200,0.0050533018835047985,0.4807692307692308,6014.705575029317,0.25,150,5,0.10866666666666668,1.704968238800394,4.325858843076295,0.0
mtd_ai,200,0.005033598658008039,0.4411764705882353,1337.5581780984342,0.05,150,5,0.12269841269841268,0.7612666978713208,3.3612080724441418,0.0
mtd_ai,200,0.005033598658008039,0.3488372093023256,3829.3921244910307,0.1,150,5,0.12269841269841268,0.7612666978713208,3.3612080724441418,0.0
mtd_ai,200,0.005033598658008039,0.4017857142857143,4423.7383310230725,0.15,150,5,0.12269841269841268,0.7612666978713208,3.3612080724441418,0.0
mtd_ai,200,0.005033598658008039,0.4,5910.39893448718,0.2,150,5,0.12269841269841268,0.7612666978713208,3.3612080724441418,0.0
mtd_ai,200,0.005033598658008039,0.42134831460674155,7250.057487300503,0.25,150,5,0.12269841269841268,0.7612666978713208,3.3612080724441418,0.0
mtd_ai,200,0.0050550655614693026,0.3125,2357.3114406333516,0.05,150,5,0.1,0.07032588940929355,0.2047500324707476,0.0
mtd_ai,200,0.0050550655614693026,0.38461538461538464,3382.828421335136,0.1,150,5,0.1,0.07032588940929355,0.2047500324707476,0.0
mtd_ai,200,0.0050550655614693026,0.46875,3883.390427050387,0.15,150,5,0.1,0.07032588940929355,0.2047500324707476,0.0
mtd_ai,200,0.0050550655614693026,0.5,4363.738472464559,0.2,150,5,0.1,0.07032588940929355,0.2047500324707476,0.0
mtd_ai,200,0.0050550655614693026,0.5357142857142857,5010.375818317058,0.25,150,5,0.1,0.07032588940929355,0.2047500324707476,0.0
mtd_ai,200,0.005048014170891365,0.32608695652173914,1868.350764359146,0.05,150,5,0.1511111111111111,1.2009114642961558,3.6292792268753407,0.0
mtd_ai,200,0.005048014170891365,0.3488372093023256,3663.4111054710806,0.1,150,5,0.1511111111111111,1.2009114642961558,3.6292792268753407,0.0
mtd_ai,200,0.005048014170891365,0.4166666666666667,4527.547319734533,0.15,150,5,0.1511111111111111,1.2009114642961558,3.6292792268753407,0.0
mtd_ai,200,0.005048014170891365,0.45454545454545453,5273.509787965437,0.2,150,5,0.1511111111111111,1.2009114642961558,3.6292792268753407,0.0
mtd_ai,200,0.005048014170891365,0.487012987012987,5756.705102674676,0.25,150,5,0.1511111111111111,1.2009114642961558,3.6292792268753407,0.0
mtd_ai,200,0.005030327350935197,0.3409090909090909,2481.291170138644,0.05,150,5,0.11444444444444443,0.5410086764024269,1.3919865403514442,0.0
mtd_ai,200,0.005030327350935197,0.3409090909090909,4571.404989903011,0.1,150,5,0.11444444444444443,0.5410086764024269,1.3919865403514442,0.0
mtd_ai,200,0.005030327350935197,0.39473684210526316,5444.3671744645235,0.15,150,5,0.11444444444444443,0.5410086764024269,1.3919865403514442,0.0
mtd_ai,200,0.005030327350935197,0.4166666666666667,6564.360833018944,0.2,150,5,0.11444444444444443,0.5410086764024269,1.3919865403514442,0.0
mtd_ai,200,0.005030327350935197,0.46296296296296297,7123.833647191129,0.25,150,5,0.11444444444444443,0.5410086764024269,1.3919865403514442,0.0
mtd_ai,200,0.005054496876386295,0.3,3028.765562261664,0.05,150,5,0.17111111111111113,1.4609947995896215,3.134272155483404,0.0
mtd_ai,200,0.005054496876386295,0.25,5343.556170406095,0.1,150,5,0.17111111111111113,1.4609947995896215,3.134272155483404,0.0
mtd_ai,200,0.005054496876386295,0.32608695652173914,5796.110248677822,0.15,150,5,0.17111111111111113,1.4609947995896215,3.134272155483404,0.0
mtd_ai,200,0.005054496876386295,0.35714285714285715,6687.548325191936,0.2,150,5,0.17111111111111113,1.4609947995896215,3.134272155483404,0.0
mtd_ai,200,0.005054496876386295,0.39893617021276595,7116.539276773354,0.25,150,5,0.17111111111111113,1.4609947995896215,3.134272155483404,0.0
mtd_ai,200,0.005074572868104549,0.3,2642.028980371707,0.05,150,5,0.11555555555555558,0.39121689989346065,1.4495705364709686,0.0
mtd_ai,200,0.005074572868104549,0.36585365853658536,4103.571414570611,0.1,150,5,0.11555555555555558,0.39121689989346065,1.4495705364709686,0.0
mtd_ai,200,0.005074572868104549,0.4090909090909091,5247.566398389246,0.15,150,5,0.11555555555555558,0.39121689989346065,1.4495705364709686,0.0
mtd_ai,200,0.005074572868104549,0.44776119402985076,5723.24118075303,0.2,150,5,0.11555555555555558,0.39121689989346065,1.4495705364709686,0.0
mtd_ai,200,0.005074572868104549,0.5,5930.947160583382,0.25,150,5,0.11555555555555558,0.39121689989346065,1.4495705364709686,0.0
mtd_ai,200,0.00505050633570559,0.3,2794.3498228748676,0.05,150,5,0.17444444444444446,0.5152384405477208,2.126144559092158,5.869565217391305
mtd_ai,200,0.00505050633570559,0.4411764705882353,3124.691286879626,0.1,150,5,0.17444444444444446,0.5152384405477208,2.126144559092158,5.869565217391305
mtd_ai,200,0.00505050633570559,0.45918367346938777,3700.2438369069087,0.15,150,5,0.17444444444444446,0.5152384405477208,2.126144559092158,5.869565217391305
mtd_ai,200,0.00505050633570559,0.5,4158.363489155258,0.2,150,5,0.17444444444444446,0.5152384405477208,2.126144559092158,5.869565217391305
mtd_ai,200,0.00505050633570559,0.5208333333333334,4766.481754669133,0.25,150,5,0.17444444444444446,0.5152384405477208,2.126144559092158,5.869565217391305
mtd_ai,200,0.005038586082211207,0.24193548387096775,2923.8045708636637,0.05,150,5,0.1577777777777778,1.5583737183763593,5.1013733406336925,0.0
mtd_ai,200,0.005038586082211207,0.22727272727272727,5687.7168624517135,0.1,150,5,0.1577777777777778,1.5583737183763593,5.1013733406336925,0.0
mtd_ai,200,0.005038586082211207,0.2922077922077922,6196.097840280238,0.15,150,5,0.1577777777777778,1.5583737183763593,5.1013733406336925,0.0
mtd_ai,200,0.005038586082211207,0.3448275862068966,6555.497886931298,0.2,150,5,0.1577777777777778,1.5583737183763593,5.1013733406336925,0.0
mtd_ai,200,0.005038586082211207,0.390625,6984.742105615458,0.25,150,5,0.1577777777777778,1.5583737183763593,5.1013733406336925,0.0
mtd_ai,200,0.005063849341407262,0.22727272727272727,2690.916802159877,0.05,150,5,0.13111111111111112,0.6492083593733978,2.8842322181443496,0.0
mtd_ai,200,0.005063849341407262,0.28846153846153844,3923.6532337370154,0.1,150,5,0.13111111111111112,0.6492083593733978,2.8842322181443496,0.0
mtd_ai,200,0.005063849341407262,0.3409090909090909,4845.910133366995,0.15,150,5,0.13111111111111112,0.6492083593733978,2.8842322181443496,0.0
mtd_ai,200,0.005063849341407262,0.3614457831325301,6304.968783286517,0.2,150,5,0.13111111111111112,0.6492083593733978,2.8842322181443496,0.0
mtd_ai,200,0.005063849341407262,0.4032258064516129,6733.431632067394,0.25,150,5,0.13111111111111112,0.6492083593733978,2.8842322181443496,0.0
mtd_ai,200,0.005083351382714239,0.375,1766.07822805331,0.05,150,5,0.15611111111111112,1.5987208463886131,3.370511409782307,0.0
mtd_ai,200,0.005083351382714239,0.42857142857142855,2568.9951834667636,0.1,150,5,0.15611111111111112,1.5987208463886131,3.370511409782307,0.0
mtd_ai,200,0.005083351382714239,0.4411764705882353,3957.4179349516153,0.15,150,5,0.15611111111111112,1.5987208463886131,3.370511409782307,0.0
mtd_ai,200,0.005083351382714239,0.4838709677419355,4481.309814058278,0.2,150,5,0.15611111111111112,1.5987208463886131,3.370511409782307,0.0
mtd_ai,200,0.005083351382714239,0.5208333333333334,4939.661798260793,0.25,150,5,0.15611111111111112,1.5987208463886131,3.370511409782307,0.0
mtd_ai,200,0.005030468848833869,0.22727272727272727,3452.659302870247,0.05,150,5,0.12333333333333334,5.842194561220047,7.708848535156369,2.2432432432432434
mtd_ai,200,0.005030468848833869,0.28846153846153844,4732.645346397445,0.1,150,5,0.12333333333333334,5.842194561220047,7.708848535156369,2.2432432432432434
mtd_ai,200,0.005030468848833869,0.33088235294117646,5631.649643955283,0.15,150,5,0.12333333333333334,5.842194561220047,7.708848535156369,2.2432432432432434
mtd_ai,200,0.005030468848833869,0.35714285714285715,6594.868819504242,0.2,150,5,0.12333333333333334,5.842194561220047,7.708848535156369,2.2432432432432434
mtd_ai,200,0.005030468848833869,0.3409090909090909,7831.86877773714,0.25,150,5,0.12333333333333334,5.842194561220047,7.708848535156369,2.2432432432432434
mtd_ai,200,0.005066860191555771,0.35714285714285715,2161.191001572448,0.05,150,5,0.10666666666666667,0.43210713731736655,1.2887881341689593,0.0
mtd_ai,200,0.005066860191555771,0.40540540540540543,3463.486298574458,0.1,150,5,0.10666666666666667,0.43210713731736655,1.2887881341689593,0.0
mtd_ai,200,0.005066860191555771,0.45918367346938777,3984.5723964364547,0.15,150,5,0.10666666666666667,0.43210713731736655,1.2887881341689593,0.0
mtd_ai,200,0.005066860191555771,0.4411764705882353,5538.42154158204,0.2,150,5,0.10666666666666667,0.43210713731736655,1.2887881341689593,0.0
mtd_ai,200,0.005066860191555771,0.4573170731707317,6464.499727304908,0.25,150,5,0.10666666666666667,0.43210713731736655,1.2887881341689593,0.0
mtd_ai,200,0.005078216069900783,0.35714285714285715,2650.2603674358193,0.05,150,5,0.14333333333333334,2.2306854240407845,5.756179321497066,0.0
mtd_ai,200,0.005078216069900783,0.42857142857142855,3615.7806538477435,0.1,150,5,0.14333333333333334,2.2306854240407845,5.756179321497066,0.0
mtd_ai,200,0.005078216069900783,0.4787234042553192,4305.118674689867,0.15,150,5,0.14333333333333334,2.2306854240407845,5.756179321497066,0.0
mtd_ai,200,0.005078216069900783,0.5172413793103449,5029.7290962263905,0.2,150,5,0.14333333333333334,2.2306854240407845,5.756179321497066,0.0
mtd_ai,200,0.005078216069900783,0.5769230769230769,5423.120519588019,0.25,150,5,0.14333333333333334,2.2306854240407845,5.756179321497066,0.0
mtd_ai,200,0.005050901196084898,0.19230769230769232,3597.819406257828,0.05,150,5,0.10526315789473684,0.05500909909079698,0.22926537482831305,0.0
mtd_ai,200,0.005050901196084898,0.2459016393442623,4943.259935953718,0.1,150,5,0.10526315789473684,0.05500909909079698,0.22926537482831305,0.0
mtd_ai,200,0.005050901196084898,0.2922077922077922,5932.712265715552,0.15,150,5,0.10526315789473684,0.05500909909079698,0.22926537482831305,0.0
mtd_ai,200,0.005050901196084898,0.32608695652173914,7060.063637970197,0.2,150,5,0.10526315789473684,0.05500909909079698,0.22926537482831305,0.0
mtd_ai,200,0.005050901196084898,0.35714285714285715,7856.8079050444285,0.25,150,5,0.10526315789473684,0.05500909909079698,0.22926537482831305,0.0
mtd_ai,200,0.005036745900960493,0.4411764705882353,1302.9272259926133,0.05,150,5,0.08666666666666667,0.8609408354882835,3.2760678652616955,0.0
mtd_ai,200,0.005036745900960493,0.4166666666666667,2628.4419107653857,0.1,150,5,0.08666666666666667,0.8609408354882835,3.2760678652616955,0.0
mtd_ai,200,0.005036745900960493,0.39473684210526316,4216.256444119232,0.15,150,5,0.08666666666666667,0.8609408354882835,3.2760678652616955,0.0
mtd_ai,200,0.005036745900960493,0.410958904109589,5312.347608346923,0.2,150,5,0.08666666666666667,0.8609408354882835,3.2760678652616955,0.0
mtd_ai,200,0.005036745900960493,0.4411764705882353,5944.230102915559,0.25,150,5,0.08666666666666667,0.8609408354882835,3.2760678652616955,0.0
mtd_ai,200,0.005075923036594766,0.24193548387096775,3026.7481815851347,0.05,150,5,0.13166666666666665,13.679520340564151,4.667670533118046,0.0
mtd_ai,200,0.005075923036594766,0.3488372093023256,3637.7636600315695,0.1,150,5,0.13166666666666665,13.679520340564151,4.667670533118046,0.0
mtd_ai,200,0.005075923036594766,0.4090909090909091,4414.278642963245,0.15,150,5,0.13166666666666665,13.679520340564151,4.667670533118046,0.0
mtd_ai,200,0.005075923036594766,0.4411764705882353,5409.510992787487,0.2,150,5,0.13166666666666665,13.679520340564151,4.667670533118046,0.0
mtd_ai,200,0.005075923036594766,0.46875,6067.962434257011,0.25,150,5,0.13166666666666665,13.679520340564151,4.667670533118046,0.0
mtd_ai,200,0.005044614745072033,0.39473684210526316,2242.7446674395333,0.05,150,5,0.09799999999999999,4.200629980528445,2.6858388207524277,0.0
mtd_ai,200,0.005044614745072033,0.42857142857142855,3204.0728105534117,0.1,150,5,0.09799999999999999,4.200629980528445,2.6858388207524277,0.0
mtd_ai,200,0.005044614745072033,0.4787234042553192,4004.345805688923,0.15,150,5,0.09799999999999999,4.200629980528445,2.6858388207524277,0.0
mtd_ai,200,0.005044614745072033,0.4918032786885246,4807.982648232037,0.2,150,5,0.09799999999999999,4.200629980528445,2.6858388207524277,0.0
mtd_ai,200,0.005044614745072033,0.4934210526315789,5480.296353065163,0.25,150,5,0.09799999999999999,4.200629980528445,2.6858388207524277,0.0
mtd_ai,200,0.005049277536900965,0.25,2987.998025057143,0.05,150,5,0.13833333333333334,0.11205419465193896,0.2943706372874931,0.0
mtd_ai,200,0.005049277536900965,0.26785714285714285,4870.494540905229,0.1,150,5,0.13833333333333334,0.11205419465193896,0.2943706372874931,0.0
mtd_ai,200,0.005049277536900965,0.23684210526315788,6510.408368492637,0.15,150,5,0.13833333333333334,0.11205419465193896,0.2943706372874931,0.0
mtd_ai,200,0.005049277536900965,0.2631578947368421,7379.71725540982,0.2,150,5,0.13833333333333334,0.11205419465193896,0.2943706372874931,0.0
mtd_ai,200,0.005049277536900965,0.2840909090909091,8780.263166610614,0.25,150,5,0.13833333333333334,0.11205419465193896,0.2943706372874931,0.0
mtd_ai,200,0.005086078273509155,0.375,1840.959594083637,0.05,150,5,0.12444444444444445,0.19413115995304328,0.6904398378347671,0.0
mtd_ai,200,0.005086078273509155,0.45454545454545453,2952.0427166939535,0.1,150,5,0.12444444444444445,0.19413115995304328,0.6904398378347671,0.0
mtd_ai,200,0.005086078273509155,0.5,3552.8108201579694,0.15,150,5,0.12444444444444445,0.19413115995304328,0.6904398378347671,0.0
mtd_ai,200,0.005086078273509155,0.5263157894736842,4067.720894230732,0.2,150,5,0.12444444444444445,0.19413115995304328,0.6904398378347671,0.0
mtd_ai,200,0.005086078273509155,0.5597014925373134,4933.055151763043,0.25,150,5,0.12444444444444445,0.19413115995304328,0.6904398378347671,0.0
mtd_ai,200,0.005054407235370029,0.28846153846153844,2854.2119069918926,0.05,150,5,0.10476190476190476,0.622502252004432,0.7290095425042229,0.0
mtd_ai,200,0.005054407235370029,0.36585365853658536,4027.524997814398,0.1,150,5,0.10476190476190476,0.622502252004432,0.7290095425042229,0.0
mtd_ai,200,0.005054407235370029,0.39473684210526316,5602.891727852895,0.15,150,5,0.10476190476190476,0.622502252004432,0.7290095425042229,0.0
mtd_ai,200,0.005054407235370029,0.42857142857142855,6134.945565195678,0.2,150,5,0.10476190476190476,0.622502252004432,0.7290095425042229,0.0
mtd_ai,200,0.005054407235370029,0.46296296296296297,6591.14041811077,0.25,150,5,0.10476190476190476,0.622502252004432,0.7290095425042229,0.0
mtd_ai,200,0.005038540238237377,0.3409090909090909,1997.9397124092698,0.05,150,5,0.15444444444444444,0.8919653288079599,3.075624113256325,0.0
mtd_ai,200,0.005038540238237377,0.3191489361702128,5077.363789622168,0.1,150,5,0.15444444444444444,0.8919653288079599,3.075624113256325,0.0
mtd_ai,200,0.005038540238237377,0.3515625,6291.245714910081,0.15,150,5,0.15444444444444444,0.8919653288079599,3.075624113256325,0.0
mtd_ai,200,0.005038540238237377,0.39473684210526316,7009.865173157184,0.2,150,5,0.15444444444444444,0.8919653288079599,3.075624113256325,0.0
mtd_ai,200,0.005038540238237377,0.436046511627907,7368.563037817657,0.25,150,5,0.15444444444444444,0.8919653288079599,3.075624113256325,0.0
mtd_ai,200,0.0050732705686323465,0.28846153846153844,2864.5481693445086,0.05,150,5,0.16683333333333336,0.28472817853849575,0.6428041260932241,0.0
mtd_ai,200,0.0050732705686323465,0.38461538461538464,3877.739681951169,0.1,150,5,0.16683333333333336,0.28472817853849575,0.6428041260932241,0.0
mtd_ai,200,0.0050732705686323465,0.4787234042553192,4346.370247276056,0.15,150,5,0.16683333333333336,0.28472817853849575,0.6428041260932241,0.0
mtd_ai,200,0.0050732705686323465,0.4918032786885246,5201.859543322618,0.2,150,5,0.16683333333333336,0.28472817853849575,0.6428041260932241,0.0
mtd_ai,200,0.0050732705686323465,0.47468354430379744,6059.602111423903,0.25,150,5,0.16683333333333336,0.28472817853849575,0.6428041260932241,0.0
mtd_ai,200,0.005042196690141988,0.24193548387096775,2881.984826734892,0.05,150,5,0.1582222222222222,0.014625127071497412,0.05081903561970968,0.0
mtd_ai,200,0.005042196690141988,0.30612244897959184,4205.074230079566,0.1,150,5,0.1582222222222222,0.014625127071497412,0.05081903561970968,0.0
mtd_ai,200,0.005042196690141988,0.39473684210526316,4426.907533948883,0.15,150,5,0.1582222222222222,0.014625127071497412,0.05081903561970968,0.0
mtd_ai,200,0.005042196690141988,0.4225352112676056,5543.111784898074,0.2,150,5,0.1582222222222222,0.014625127071497412,0.05081903561970968,0.0
mtd_ai,200,0.005042196690141988,0.4573170731707317,5921.441478740389,0.25,150,5,0.1582222222222222,0.014625127071497412,0.05081903561970968,0.0
mtd_ai,200,0.005059365471173868,0.22727272727272727,2980.888701096799,0.05,150,5,0.09603174603174604,0.17566597601605102,0.7300874797871887,0.0
mtd_ai,200,0.005059365471173868,0.3191489361702128,3820.064362385787,0.1,150,5,0.09603174603174604,0.17566597601605102,0.7300874797871887,0.0
mtd_ai,200,0.005059365471173868,0.3409090909090909,5620.045435369309,0.15,150,5,0.09603174603174604,0.17566597601605102,0.7300874797871887,0.0
mtd_ai,200,0.005059365471173868,0.3125,7220.208909852235,0.2,150,5,0.09603174603174604,0.17566597601605102,0.7300874797871887,0.0
mtd_ai,200,0.005059365471173868,0.35377358490566035,7790.971599203119,0.25,150,5,0.09603174603174604,0.17566597601605102,0.7300874797871887,0.0
mtd_ai,200,0.005077695853672882,0.35714285714285715,2036.7178199890668,0.05,150,5,0.17555555555555558,0.20190053277205075,0.668547043395232,0.0
mtd_ai,200,0.005077695853672882,0.3191489361702128,3672.333172656548,0.1,150,5,0.17555555555555558,0.20190053277205075,0.668547043395232,0.0
mtd_ai,200,0.005077695853672882,0.3879310344827586,4272.126158703366,0.15,150,5,0.17555555555555558,0.20190053277205075,0.668547043395232,0.0
mtd_ai,200,0.005077695853672882,0.4225352112676056,4941.014805429704,0.2,150,5,0.17555555555555558,0.20190053277205075,0.668547043395232,0.0
mtd_ai,200,0.005077695853672882,0.46296296296296297,5312.24141552332,0.25,150,5,0.17555555555555558,0.20190053277205075,0.668547043395232,0.0
mtd_ai,200,0.005075200381598604,0.28846153846153844,3194.790619597502,0.05,150,5,0.1211111111111111,0.3962058632342208,1.4976141116515382,0.0
mtd_ai,200,0.005075200381598604,0.36585365853658536,4323.322993397274,0.1,150,5,0.1211111111111111,0.3962058632342208,1.4976141116515382,0.0
mtd_ai,200,0.005075200381598604,0.4326923076923077,4917.604300814612,0.15,150,5,0.1211111111111111,0.3962058632342208,1.4976141116515382,0.0
mtd_ai,200,0.005075200381598604,0.47619047619047616,5636.7826209897285,0.2,150,5,0.1211111111111111,0.3962058632342208,1.4976141116515382,0.0
mtd_ai,200,0.005075200381598604,0.5136986301369864,6130.3392735190955,0.25,150,5,0.1211111111111111,0.3962058632342208,1.4976141116515382,0.0
mtd_ai,200,0.005063880610817581,0.4166666666666667,1447.9958070997814,0.05,150,5,0.14452380952380953,1.1045399288198317,3.2749798334015146,0.0
mtd_ai,200,0.005063880610817581,0.46875,2406.8951781430424,0.1,150,5,0.14452380952380953,1.1045399288198317,3.2749798334015146,0.0
mtd_ai,200,0.005063880610817581,0.46875,3258.4694390965988,0.15,150,5,0.14452380952380953,1.1045399288198317,3.2749798334015146,0.0
mtd_ai,200,0.005063880610817581,0.4225352112676056,5273.448935713621,0.2,150,5,0.14452380952380953,1.1045399288198317,3.2749798334015146,0.0
mtd_ai,200,0.005063880610817581,0.45180722891566266,6007.3658779999605,0.25,150,5,0.14452380952380953,1.1045399288198317,3.2749798334015146,0.0
mtd_ai,200,0.005079739996340715,0.3125,1993.4240463067408,0.05,150,5,0.11166666666666666,0.28177832674142184,1.074293348226732,0.0
mtd_ai,200,0.005079739996340715,0.3409090909090909,3751.4251977634867,0.1,150,5,0.11166666666666666,0.28177832674142184,1.074293348226732,0.0
mtd_ai,200,0.005079739996340715,0.4166666666666667,4259.00259616555,0.15,150,5,0.11166666666666666,0.28177832674142184,1.074293348226732,0.0
mtd_ai,200,0.005079739996340715,0.43478260869565216,4988.7558858903485,0.2,150,5,0.11166666666666666,0.28177832674142184,1.074293348226732,0.0
mtd_ai,200,0.005079739996340715,0.4411764705882353,5724.153518036635,0.25,150,5,0.11166666666666666,0.28177832674142184,1.074293348226732,0.0
mtd_ai,200,0.005044034717360926,0.3,2232.860498925405,0.05,150,5,0.15384615384615385,1.04117945589311,3.8368886941125737,0.0
mtd_ai,200,0.005044034717360926,0.39473684210526316,3170.631261532425,0.1,150,5,0.15384615384615385,1.04117945589311,3.8368886941125737,0.0
mtd_ai,200,0.005044034717360926,0.45,3770.2346799852658,0.15,150,5,0.15384615384615385,1.04117945589311,3.8368886941125737,0.0
mtd_ai,200,0.005044034717360926,0.35714285714285715,5399.477499322531,0.2,150,5,0.15384615384615385,1.04117945589311,3.8368886941125737,0.0
mtd_ai,200,0.005044034717360926,0.39473684210526316,5873.131415257165,0.25,150,5,0.15384615384615385,1.04117945589311,3.8368886941125737,0.0
mtd_ai,200,0.005051855219747134,0.375,2084.7742027331524,0.05,150,5,0.17166666666666666,0.8203408241226346,2.9529050189464865,0.0
mtd_ai,200,0.005051855219747134,0.42857142857142855,2961.2884643865527,0.1,150,5,0.17166666666666666,0.8203408241226346,2.9529050189464865,0.0
mtd_ai,200,0.005051855219747134,0.46875,4079.1400269468013,0.15,150,5,0.17166666666666666,0.8203408241226346,2.9529050189464865,0.0
mtd_ai,200,0.005051855219747134,0.5084745762711864,4496.697361174758,0.2,150,5,0.17166666666666666,0.8203408241226346,2.9529050189464865,0.0
mtd_ai,200,0.005051855219747134,0.5067567567567568,5515.643325794547,0.25,150,5,0.17166666666666666,0.8203408241226346,2.9529050189464865,0.0
mtd_ai,200,0.0050491941430581165,0.375,2036.8558265737902,0.05,150,5,0.17011111111111113,0.19057358385837225,0.3716911326414602,0.0
mtd_ai,200,0.0050491941430581165,0.42857142857142855,3442.477577357794,0.1,150,5,0.17011111111111113,0.19057358385837225,0.3716911326414602,0.0
mtd_ai,200,0.0050491941430581165,0.45918367346938777,4650.124627860536,0.15,150,5,0.17011111111111113,0.19057358385837225,0.3716911326414602,0.0
mtd_ai,200,0.0050491941430581165,0.4918032786885246,5015.3634830837245,0.2,150,5,0.17011111111111113,0.19057358385837225,0.3716911326414602,0.0
mtd_ai,200,0.0050491941430581165,0.5,5591.0576165888815,0.25,150,5,0.17011111111111113,0.19057358385837225,0.3716911326414602,0.0
mtd_ai,200,0.00503779447819107,0.2777777777777778,2851.2061633550748,0.05,150,5,0.135,0.6013047753315118,2.38951976330076,0.0
mtd_ai,200,0.00503779447819107,0.3191489361702128,3982.0676292090675,0.1,150,5,0.135,0.6013047753315118,2.38951976330076,0.0
mtd_ai,200,0.00503779447819107,0.35714285714285715,4752.293561288203,0.15,150,5,0.135,0.6013047753315118,2.38951976330076,0.0
mtd_ai,200,0.00503779447819107,0.33707865168539325,5872.797517781164,0.2,150,5,0.135,0.6013047753315118,2.38951976330076,0.0
mtd_ai,200,0.00503779447819107,0.3826530612244898,6252.320130792464,0.25,150,5,0.135,0.6013047753315118,2.38951976330076,0.0
mtd_ai,200,0.005055980786929904,0.39473684210526316,1605.7959515252237,0.05,150,5,0.11566666666666668,1.1493215453724206,4.431025344560401,5.541666666666667
mtd_ai,200,0.005055980786929904,0.4411764705882353,2849.0036411689207,0.1,150,5,0.11566666666666668,1.1493215453724206,4.431025344560401,5.541666666666667
mtd_ai,200,0.005055980786929904,0.5,3458.5629396050426,0.15,150,5,0.11566666666666668,1.1493215453724206,4.431025344560401,5.541666666666667
mtd_ai,200,0.005055980786929904,0.5172413793103449,3982.308364788865,0.2,150,5,0.11566666666666668,1.1493215453724206,4.431025344560401,5.541666666666667
mtd_ai,200,0.005055980786929904,0.5357142857142857,4563.324567390346,0.25,150,5,0.11566666666666668,1.1493215453724206,4.431025344560401,5.541666666666667
mtd_ai,200,0.005089180490307093,0.375,1673.984909560089,0.05,150,5,0.14622222222222223,0.8915489089088343,3.7560961392787235,0.0
mtd_ai,200,0.005089180490307093,0.4411764705882353,2638.729226186404,0.1,150,5,0.14622222222222223,0.8915489089088343,3.7560961392787235,0.0
mtd_ai,200,0.005089180490307093,0.5,3197.801912105583,0.15,150,5,0.14622222222222223,0.8915489089088343,3.7560961392787235,0.0
mtd_ai,200,0.005089180490307093,0.5084745762711864,4133.9897072356,0.2,150,5,0.14622222222222223,0.8915489089088343,3.7560961392787235,0.0
mtd_ai,200,0.005089180490307093,0.528169014084507,4654.82459358147,0.25,150,5,0.14622222222222223,0.8915489089088343,3.7560961392787235,0.0
mtd_ai,200,0.005040055908993248,0.32608695652173914,2529.4120957833065,0.05,150,5,0.19972222222222222,0.14618405409108812,0.623583681544951,0.0
mtd_ai,200,0.005040055908993248,0.36585365853658536,3740.05747510555,0.1,150,5,0.19972222222222222,0.14618405409108812,0.623583681544951,0.0
mtd_ai,200,0.005040055908993248,0.4326923076923077,4446.769777004103,0.15,150,5,0.19972222222222222,0.14618405409108812,0.623583681544951,0.0
mtd_ai,200,0.005040055908993248,0.4411764705882353,5499.973368242562,0.2,150,5,0.19972222222222222,0.14618405409108812,0.623583681544951,0.0
mtd_ai,200,0.005040055908993248,0.4807692307692308,6169.232483961077,0.25,150,5,0.19972222222222222,0.14618405409108812,0.623583681544951,0.0
mtd_ai,200,0.005032321315774313,0.24193548387096775,3254.857350598945,0.05,150,5,0.17549206349206348,2.462696656693527,5.0985805682844925,4.225806451612903
mtd_ai,200,0.005032321315774313,0.2631578947368421,5020.947179983938,0.1,150,5,0.17549206349206348,2.462696656693527,5.0985805682844925,4.225806451612903
mtd_ai,200,0.005032321315774313,0.32608695652173914,5837.335232239365,0.15,150,5,0.17549206349206348,2.462696656693527,5.0985805682844925,4.225806451612903
mtd_ai,200,0.005032321315774313,0.3448275862068966,6929.227308421138,0.2,150,5,0.17549206349206348,2.462696656693527,5.0985805682844925,4.225806451612903
mtd_ai,200,0.005032321315774313,0.375,7415.507424652081,0.25,150,5,0.17549206349206348,2.462696656693527,5.0985805682844925,4.225806451612903
mtd_ai,200,0.005080589755914652,0.234375,3280.032778529355,0.05,150,5,0.14277777777777778,0.06010634746069147,0.20072251073877917,0.0
mtd_ai,200,0.005080589755914652,0.3125,4353.754619960578,0.1,150,5,0.14277777777777778,0.06010634746069147,0.20072251073877917,0.0
mtd_ai,200,0.005080589755914652,0.39473684210526316,4682.465420331067,0.15,150,5,0.14277777777777778,0.06010634746069147,0.20072251073877917,0.0
mtd_ai,200,0.005080589755914652,0.42857142857142855,5164.498996208746,0.2,150,5,0.14277777777777778,0.06010634746069147,0.20072251073877917,0.0
mtd_ai,200,0.005080589755914652,0.46875,5736.385988819119,0.25,150,5,0.14277777777777778,0.06010634746069147,0.20072251073877917,0.0
mtd_ai,200,0.005065573172062637,0.20833333333333334,3966.8250963082887,0.05,150,5,0.12533333333333332,1.148293612179582,2.378597077863468,0.0
mtd_ai,200,0.005065573172062637,0.3125,4495.177360078975,0.1,150,5,0.12533333333333332,1.148293612179582,2.378597077863468,0.0
mtd_ai,200,0.005065573172062637,0.36885245901639346,5071.65319946895,0.15,150,5,0.12533333333333332,1.148293612179582,2.378597077863468,0.0
mtd_ai,200,0.005065573172062637,0.40540540540540543,5910.844743086565,0.2,150,5,0.12533333333333332,1.148293612179582,2.378597077863468,0.0
mtd_ai,200,0.005065573172062637,0.43103448275862066,6511.002188141316,0.25,150,5,0.12533333333333332,1.148293612179582,2.378597077863468,0.0
mtd_ai,200,0.005062497167006267,0.234375,3170.6920192887287,0.05,150,5,0.11666666666666667,1.0558264878404187,3.202873511342295,0.0
mtd_ai,200,0.005062497167006267,0.32608695652173914,4278.755884138465,0.1,150,5,0.11666666666666667,1.0558264878404187,3.202873511342295,0.0
mtd_ai,200,0.005062497167006267,0.4017857142857143,4682.110827612138,0.15,150,5,0.11666666666666667,1.0558264878404187,3.202873511342295,0.0
mtd_ai,200,0.005062497167006267,0.4225352112676056,5479.791598207491,0.2,150,5,0.11666666666666667,1.0558264878404187,3.202873511342295,0.0
mtd_ai,200,0.005062497167006267,0.44642857142857145,6155.194731864232,0.25,150,5,0.11666666666666667,1.0558264878404187,3.202873511342295,0.0
mtd_ai,200,0.005065979603641305,0.17045454545454544,4212.975297281136,0.05,150,5,0.12588888888888888,0.9274303045520675,3.8188288158195554,0.0
mtd_ai,200,0.005065979603641305,0.2777777777777778,4772.705602772014,0.1,150,5,0.12588888888888888,0.9274303045520675,3.8188288158195554,0.0
mtd_ai,200,0.005065979603641305,0.35714285714285715,5190.720096928522,0.15,150,5,0.12588888888888888,0.9274303045520675,3.8188288158195554,0.0
mtd_ai,200,0.005065979603641305,0.410958904109589,5619.382859506105,0.2,150,5,0.12588888888888888,0.9274303045520675,3.8188288158195554,0.0
mtd_ai,200,0.005065979603641305,0.43103448275862066,6674.017278416051,0.25,150,5,0.12588888888888888,0.9274303045520675,3.8188288158195554,0.0
mtd_ai,200,0.005058379937885186,0.3,1849.1127355125436,0.05,150,5,0.14,17.83950002064805,7.100334025632857,0.0
mtd_ai,200,0.005058379937885186,0.36585365853658536,2856.0728472789424,0.1,150,5,0.14,17.83950002064805,7.100334025632857,0.0
mtd_ai,200,0.005058379937885186,0.4326923076923077,3441.3386627642017,0.15,150,5,0.14,17.83950002064805,7.100334025632857,0.0
mtd_ai,200,0.005058379937885186,0.43478260869565216,4261.51863360433,0.2,150,5,0.14,17.83950002064805,7.100334025632857,0.0
mtd_ai,200,0.005058379937885186,0.4573170731707317,5009.662429979657,0.25,150,5,0.14,17.83950002064805,7.100334025632857,0.0
mtd_ai,200,0.005044763160209949,0.32608695652173914,2807.022615253908,0.05,150,5,0.3888888888888889,0.6027368954596788,2.5994002153764253,-4.258064516129032
mtd_ai,200,0.005044763160209949,0.3488372093023256,4618.6110008423975,0.1,150,5,0.3888888888888889,0.6027368954596788,2.5994002153764253,-4.258064516129032
mtd_ai,200,0.005044763160209949,0.42452830188679247,5161.614211444113,0.15,150,5,0.3888888888888889,0.6027368954596788,2.5994002153764253,-4.258064516129032
mtd_ai,200,0.005044763160209949,0.46875,5540.8704661137135,0.2,150,5,0.3888888888888889,0.6027368954596788,2.5994002153764253,-4.258064516129032
mtd_ai,200,0.005044763160209949,0.5067567567567568,5959.170518853517,0.25,150,5,0.3888888888888889,0.6027368954596788,2.5994002153764253,-4.258064516129032
mtd_ai,200,0.00503923782362493,0.4411764705882353,1560.1903929086704,0.05,150,5,0.18444444444444444,0.5610701265391342,2.22858511028549,0.0
mtd_ai,200,0.00503923782362493,0.45454545454545453,2696.7533586658833,0.1,150,5,0.18444444444444444,0.5610701265391342,2.22858511028549,0.0
mtd_ai,200,0.00503923782362493,0.42452830188679247,3760.9082558058885,0.15,150,5,0.18444444444444444,0.5610701265391342,2.22858511028549,0.0
mtd_ai,200,0.00503923782362493,0.44776119402985076,4997.691021176017,0.2,150,5,0.18444444444444444,0.5610701265391342,2.22858511028549,0.0
mtd_ai,200,0.00503923782362493,0.46296296296296297,5663.516833923812,0.25,150,5,0.18444444444444444,0.5610701265391342,2.22858511028549,0.0
mtd_ai,200,0.0050569320664770444,0.3125,2282.596236874896,0.05,150,5,0.11599999999999999,1.1851726905954618,4.570093105393589,0.0
mtd_ai,200,0.0050569320664770444,0.39473684210526316,3123.6570470140223,0.1,150,5,0.11599999999999999,1.1851726905954618,4.570093105393589,0.0
mtd_ai,200,0.0050569320664770444,0.46875,3677.203605557552,0.15,150,5,0.11599999999999999,1.1851726905954618,4.570093105393589,0.0
mtd_ai,200,0.0050569320664770444,0.4838709677419355,4479.254099697218,0.2,150,5,0.11599999999999999,1.1851726905954618,4.570093105393589,0.0
mtd_ai,200,0.0050569320664770444,0.5067567567567568,5028.397313832884,0.25,150,5,0.11599999999999999,1.1851726905954618,4.570093105393589,0.0
mtd_ai,200,0.005040150654150215,0.19736842105263158,3297.8553554910704,0.05,150,5,0.0,0.590638988858914,1.7865837063672514,0.5416666666666666
mtd_ai,200,0.005040150654150215,0.29411764705882354,4421.947072287196,0.1,150,5,0.0,0.590638988858914,1.7865837063672514,0.5416666666666666
mtd_ai,200,0.005040150654150215,0.3515625,5246.3268075327,0.15,150,5,0.0,0.590638988858914,1.7865837063672514,0.5416666666666666
mtd_ai,200,0.005040150654150215,0.38961038961038963,5953.35127928168,0.2,150,5,0.0,0.590638988858914,1.7865837063672514,0.5416666666666666
mtd_ai,200,0.005040150654150215,0.4166666666666667,6601.1051347059865,0.25,150,5,0.0,0.590638988858914,1.7865837063672514,0.5416666666666666
mtd_ai,200,0.005086366679553846,0.28846153846153844,2591.8624851574177,0.05,150,5,0.1561111111111111,0.026103405442800036,0.049175256148602624,0.0
mtd_ai,200,0.005086366679553846,0.36585365853658536,3901.6969687915644,0.1,150,5,0.1561111111111111,0.026103405442800036,0.049175256148602624,0.0
mtd_ai,200,0.005086366679553846,0.45,4478.024786352879,0.15,150,5,0.1561111111111111,0.026103405442800036,0.049175256148602624,0.0
mtd_ai,200,0.005086366679553846,0.5,4848.022952782669,0.2,150,5,0.1561111111111111,0.026103405442800036,0.049175256148602624,0.0
mtd_ai,200,0.005086366679553846,0.5434782608695652,5236.6903740540365,0.25,150,5,0.1561111111111111,0.026103405442800036,0.049175256148602624,0.0
mtd_ai,200,0.005066849633468947,0.3125,1687.0959590791076,0.05,150,5,0.20031746031746034,0.0923890334440403,0.41202630414403413,0.0
mtd_ai,200,0.005066849633468947,0.3191489361702128,4194.117977604767,0.1,150,5,0.20031746031746034,0.0923890334440403,0.41202630414403413,0.0
mtd_ai,200,0.005066849633468947,0.39473684210526316,4879.022024047909,0.15,150,5,0.20031746031746034,0.0923890334440403,0.41202630414403413,0.0
mtd_ai,200,0.005066849633468947,0.43478260869565216,5618.421317524188,0.2,150,5,0.20031746031746034,0.0923890334440403,0.41202630414403413,0.0
mtd_ai,200,0.005066849633468947,0.46875,6369.488149678857,0.25,150,5,0.20031746031746034,0.0923890334440403,0.41202630414403413,0.0
mtd_ai,200,0.005043628484849413,0.3125,2595.4306839889787,0.05,150,5,0.2025,0.4195354201407763,0.5056392461234168,0.0
mtd_ai,200,0.005043628484849413,0.38461538461538464,3524.9507081609063,0.1,150,5,0.2025,0.4195354201407763,0.5056392461234168,0.0
mtd_ai,200,0.005043628484849413,0.4326923076923077,4421.500102077067,0.15,150,5,0.2025,0.4195354201407763,0.5056392461234168,0.0
mtd_ai,200,0.005043628484849413,0.410958904109589,5439.4420611047935,0.2,150,5,0.2025,0.4195354201407763,0.5056392461234168,0.0
mtd_ai,200,0.005043628484849413,0.42134831460674155,6140.284381001884,0.25,150,5,0.2025,0.4195354201407763,0.5056392461234168,0.0
mtd_ai,200,0.005066392333553671,0.26785714285714285,2973.6276440768424,0.05,150,5,0.11277777777777777,1.724490279746083,3.4574430494930355,0.0
mtd_ai,200,0.005066392333553671,0.3191489361702128,3926.045685685237,0.1,150,5,0.11277777777777777,1.724490279746083,3.4574430494930355,0.0
mtd_ai,200,0.005066392333553671,0.36885245901639346,4687.532518355272,0.15,150,5,0.11277777777777777,1.724490279746083,3.4574430494930355,0.0
mtd_ai,200,0.005066392333553671,0.39473684210526316,5547.711259838841,0.2,150,5,0.11277777777777777,1.724490279746083,3.4574430494930355,0.0
mtd_ai,200,0.005066392333553671,0.436046511627907,6071.88482699798,0.25,150,5,0.11277777777777777,1.724490279746083,3.4574430494930355,0.0
mtd_ai,200,0.005034147912922292,0.3125,1886.1779545154977,0.05,150,5,0.15833333333333333,0.9837994967283709,2.880320573994036,0.0
mtd_ai,200,0.005034147912922292,0.3409090909090909,3289.1311875329025,0.1,150,5,0.15833333333333333,0.9837994967283709,2.880320573994036,0.0
mtd_ai,200,0.005034147912922292,0.375,4860.249728858635,0.15,150,5,0.15833333333333333,0.9837994967283709,2.880320573994036,0.0
mtd_ai,200,0.005034147912922292,0.40540540540540543,5676.9468093941505,0.2,150,5,0.15833333333333333,0.9837994967283709,2.880320573994036,0.0
mtd_ai,200,0.005034147912922292,0.39893617021276595,6969.29585924536,0.25,150,5,0.15833333333333333,0.9837994967283709,2.880320573994036,0.0
mtd_ai,200,0.00505701225094231,0.32608695652173914,2230.2385112052616,0.05,150,5,0.15644444444444444,2.645017745521989,4.315691807747389,0.0
mtd_ai,200,0.00505701225094231,0.2830188679245283,4245.325417945235,0.1,150,5,0.15644444444444444,2.645017745521989,4.315691807747389,0.0
mtd_ai,200,0.00505701225094231,0.3125,5492.377937605552,0.15,150,5,0.15644444444444444,2.645017745521989,4.315691807747389,0.0
mtd_ai,200,0.00505701225094231,0.3488372093023256,6227.003589682926,0.2,150,5,0.15644444444444444,2.645017745521989,4.315691807747389,0.0
mtd_ai,200,0.00505701225094231,0.3826530612244898,6892.367174380721,0.25,150,5,0.15644444444444444,2.645017745521989,4.315691807747389,0.0
mtd_ai,200,0.005041540518178734,0.39473684210526316,1331.0726878820142,0.05,150,5,0.114,0.5264145158190364,1.4447592548944517,0.0
mtd_ai,200,0.005041540518178734,0.36585365853658536,3436.447692398312,0.1,150,5,0.114,0.5264145158190364,1.4447592548944517,0.0
mtd_ai,200,0.005041540518178734,0.4326923076923077,4239.32388152269,0.15,150,5,0.114,0.5264145158190364,1.4447592548944517,0.0
mtd_ai,200,0.005041540518178734,0.46153846153846156,5398.9981161831965,0.2,150,5,0.114,0.5264145158190364,1.4447592548944517,0.0
mtd_ai,200,0.005041540518178734,0.5067567567567568,5945.50607838595,0.25,150,5,0.114,0.5264145158190364,1.4447592548944517,0.0
mtd_ai,200,0.005069845929881487,0.3,1854.1829920952837,0.05,150,5,0.14200000000000002,1.1260389565251838,3.718802724751733,0.0
mtd_ai,200,0.005069845929881487,0.3125,3758.8185642423527,0.1,150,5,0.14200000000000002,1.1260389565251838,3.718802724751733,0.0
mtd_ai,200,0.005069845929881487,0.35714285714285715,4948.033112399983,0.15,150,5,0.14200000000000002,1.1260389565251838,3.718802724751733,0.0
mtd_ai,200,0.005069845929881487,0.39473684210526316,5555.128390723357,0.2,150,5,0.14200000000000002,1.1260389565251838,3.718802724751733,0.0
mtd_ai,200,0.005069845929881487,0.41208791208791207,6394.947818870951,0.25,150,5,0.14200000000000002,1.1260389565251838,3.718802724751733,0.0
mtd_ai,200,0.005092879228428102,0.3409090909090909,1926.799244688536,0.05,150,5,0.14285714285714285,2.0540391910430245,4.660855569946078,0.0
mtd_ai,200,0.005092879228428102,0.42857142857142855,2913.6075802922687,0.1,150,5,0.14285714285714285,2.0540391910430245,4.660855569946078,0.0
mtd_ai,200,0.005092879228428102,0.45,3575.1440856631752,0.15,150,5,0.14285714285714285,2.0540391910430245,4.660855569946078,0.0
mtd_ai,200,0.005092879228428102,0.410958904109589,4584.347085125755,0.2,150,5,0.14285714285714285,2.0540391910430245,4.660855569946078,0.0
mtd_ai,200,0.005092879228428102,0.44642857142857145,5067.205648220991,0.25,150,5,0.14285714285714285,2.0540391910430245,4.660855569946078,0.0
mtd_ai,200,0.0050685592067058706,0.3,2350.175491992442,0.05,150,5,0.11849206349206351,0.448967569188688,1.9545358143388092,0.0
mtd_ai,200,0.0050685592067058706,0.32608695652173914,4375.293696029214,0.1,150,5,0.11849206349206351,0.448967569188688,1.9545358143388092,0.0
mtd_ai,200,0.0050685592067058706,0.3813559322033898,5381.335837444691,0.15,150,5,0.11849206349206351,0.448967569188688,1.9545358143388092,0.0
mtd_ai,200,0.0050685592067058706,0.42857142857142855,5839.631605290674,0.2,150,5,0.11849206349206351,0.448967569188688,1.9545358143388092,0.0
mtd_ai,200,0.0050685592067058706,0.46875,6320.099060861431,0.25,150,5,0.11849206349206351,0.448967569188688,1.9545358143388092,0.0
mtd_ai,200,0.005060468083724397,0.20833333333333334,3993.834835530306,0.05,150,5,0.1176984126984127,0.4448641332292459,1.8302161282429086,0.0
mtd_ai,200,0.005060468083724397,0.3,4793.8760032620285,0.1,150,5,0.1176984126984127,0.4448641332292459,1.8302161282429086,0.0
mtd_ai,200,0.005060468083724397,0.36885245901639346,5309.6318283060355,0.15,150,5,0.1176984126984127,0.4448641332292459,1.8302161282429086,0.0
mtd_ai,200,0.005060468083724397,0.40540540540540543,6067.184162335212,0.2,150,5,0.1176984126984127,0.4448641332292459,1.8302161282429086,0.0
mtd_ai,200,0.005060468083724397,0.45180722891566266,6551.828542988144,0.25,150,5,0.1176984126984127,0.4448641332292459,1.8302161282429086,0.0
mtd_ai,200,0.005089266955790057,0.4166666666666667,1641.0790350815842,0.05,150,5,0.16204761904761905,0.5624183409120743,2.0688617222356656,0.0
mtd_ai,200,0.005089266955790057,0.46875,2614.4839661230017,0.1,150,5,0.16204761904761905,0.5624183409120743,2.0688617222356656,0.0
mtd_ai,200,0.005089266955790057,0.4891304347826087,3966.7746096170085,0.15,150,5,0.16204761904761905,0.5624183409120743,2.0688617222356656,0.0
mtd_ai,200,0.005089266955790057,0.5172413793103449,4666.242944727493,0.2,150,5,0.16204761904761905,0.5624183409120743,2.0688617222356656,0.0
mtd_ai,200,0.005089266955790057,0.5514705882352942,5105.535929814081,0.25,150,5,0.16204761904761905,0.5624183409120743,2.0688617222356656,0.0
mtd_ai,200,0.005079554718205727,0.32608695652173914,1744.7098017758897,0.05,150,5,0.16366666666666668,3.6564855358915596,4.734740196522333,0.0
mtd_ai,200,0.005079554718205727,0.35714285714285715,3670.9172622574442,0.1,150,5,0.16366666666666668,3.6564855358915596,4.734740196522333,0.0
mtd_ai,200,0.005079554718205727,0.4326923076923077,4129.4710031712575,0.15,150,5,0.16366666666666668,3.6564855358915596,4.734740196522333,0.0
mtd_ai,200,0.005079554718205727,0.47619047619047616,4576.7094216768455,0.2,150,5,0.16366666666666668,3.6564855358915596,4.734740196522333,0.0
mtd_ai,200,0.005079554718205727,0.5136986301369864,5058.485988866876,0.25,150,5,0.16366666666666668,3.6564855358915596,4.734740196522333,0.0
mtd_ai,200,0.005054901989499254,0.22058823529411764,3709.899579427145,0.05,150,5,0.2,0.2161655393862974,0.7230963218311323,0.0
mtd_ai,200,0.005054901989499254,0.28846153846153844,4711.948643277669,0.1,150,5,0.2,0.2161655393862974,0.7230963218311323,0.0
mtd_ai,200,0.005054901989499254,0.2922077922077922,5770.063860183722,0.15,150,5,0.2,0.2161655393862974,0.7230963218311323,0.0
mtd_ai,200,0.005054901989499254,0.3448275862068966,6143.854727364357,0.2,150,5,0.2,0.2161655393862974,0.7230963218311323,0.0
mtd_ai,200,0.005054901989499254,0.31512605042016806,7565.4918502900755,0.25,150,5,0.2,0.2161655393862974,0.7230963218311323,0.0
mtd_ai,200,0.005039992926288249,0.3125,1988.1388398303561,0.05,150,5,0.12166666666666667,0.4768962205314719,1.9558250869567875,4.185185185185185
mtd_ai,200,0.005039992926288249,0.3488372093023256,3813.678172650481,0.1,150,5,0.12166666666666667,0.4768962205314719,1.9558250869567875,4.185185185185185
mtd_ai,200,0.005039992926288249,0.4166666666666667,4366.240931010013,0.15,150,5,0.12166666666666667,0.4768962205314719,1.9558250869567875,4.185185185185185
mtd_ai,200,0.005039992926288249,0.44776119402985076,5137.729207592987,0.2,150,5,0.12166666666666667,0.4768962205314719,1.9558250869567875,4.185185185185185
mtd_ai,200,0.005039992926288249,0.46296296296296297,6050.8148476863535,0.25,150,5,0.12166666666666667,0.4768962205314719,1.9558250869567875,4.185185185185185
mtd_ai,200,0.005063695096244198,0.35714285714285715,1989.873131837415,0.05,150,5,0.3076923076923077,1.1510263243058179,3.880834756941411,0.0
mtd_ai,200,0.005063695096244198,0.375,4101.788823653724,0.1,150,5,0.3076923076923077,1.1510263243058179,3.880834756941411,0.0
mtd_ai,200,0.005063695096244198,0.4411764705882353,4748.768337989268,0.15,150,5,0.3076923076923077,1.1510263243058179,3.880834756941411,0.0
mtd_ai,200,0.005063695096244198,0.4166666666666667,5597.2386691405845,0.2,150,5,0.3076923076923077,1.1510263243058179,3.880834756941411,0.0
mtd_ai,200,0.005063695096244198,0.42613636363636365,6320.520994946628,0.25,150,5,0.3076923076923077,1.1510263243058179,3.880834756941411,0.0
mtd_ai,200,0.005077812833476334,0.375,1862.4679916570776,0.05,150,5,0.13333333333333333,0.784205035783666,3.122416674991494,0.0
mtd_ai,200,0.005077812833476334,0.4411764705882353,2958.309851599388,0.1,150,5,0.13333333333333333,0.784205035783666,3.122416674991494,0.0
mtd_ai,200,0.005077812833476334,0.4787234042553192,3732.066513545304,0.15,150,5,0.13333333333333333,0.784205035783666,3.122416674991494,0.0
mtd_ai,200,0.005077812833476334,0.4918032786885246,4565.943352475704,0.2,150,5,0.13333333333333333,0.784205035783666,3.122416674991494,0.0
mtd_ai,200,0.005077812833476334,0.5,5492.818616509685,0.25,150,5,0.13333333333333333,0.784205035783666,3.122416674991494,0.0
mtd_ai,200,0.005065095788016824,0.46875,1178.0770046349558,0.05,150,5,0.1461111111111111,0.13116999870011753,0.45795328555365833,0.0
mtd_ai,200,0.005065095788016824,0.46875,2159.736999420743,0.1,150,5,0.1461111111111111,0.13116999870011753,0.45795328555365833,0.0
mtd_ai,200,0.005065095788016824,0.45918367346938777,3562.4606490245014,0.15,150,5,0.1461111111111111,0.13116999870011753,0.45795328555365833,0.0
mtd_ai,200,0.005065095788016824,0.5,4151.374384533797,0.2,150,5,0.1461111111111111,0.13116999870011753,0.45795328555365833,0.0
mtd_ai,200,0.005065095788016824,0.5067567567567568,4692.1706759690915,0.25,150,5,0.1461111111111111,0.13116999870011753,0.45795328555365833,0.0
mtd_ai,200,0.0050362841522662155,0.3,2793.872269637742,0.05,150,5,0.10333333333333333,0.29911888748736326,0.8381880160033465,0.0
mtd_ai,200,0.0050362841522662155,0.3488372093023256,4077.3214808248954,0.1,150,5,0.10333333333333333,0.29911888748736326,0.8381880160033465,0.0
mtd_ai,200,0.0050362841522662155,0.3629032258064516,5248.807205475587,0.15,150,5,0.10333333333333333,0.29911888748736326,0.8381880160033465,0.0
mtd_ai,200,0.0050362841522662155,0.38461538461538464,5939.19807180472,0.2,150,5,0.10333333333333333,0.29911888748736326,0.8381880160033465,0.0
mtd_ai,200,0.0050362841522662155,0.4166666666666667,6560.690631413372,0.25,150,5,0.10333333333333333,0.29911888748736326,0.8381880160033465,0.0
mtd_ai,200,0.005041311953319645,0.32608695652173914,2398.187178988719,0.05,150,5,0.10722222222222222,0.5288096613029484,2.1793068516887586,0.0
mtd_ai,200,0.005041311953319645,0.38461538461538464,3388.0054838975393,0.1,150,5,0.10722222222222222,0.5288096613029484,2.1793068516887586,0.0
mtd_ai,200,0.005041311953319645,0.3813559322033898,5074.200469056705,0.15,150,5,0.10722222222222222,0.5288096613029484,2.1793068516887586,0.0
mtd_ai,200,0.005041311953319645,0.42857142857142855,5470.868058774906,0.2,150,5,0.10722222222222222,0.5288096613029484,2.1793068516887586,0.0
mtd_ai,200,0.005041311953319645,0.46875,6032.421151758615,0.25,150,5,0.10722222222222222,0.5288096613029484,2.1793068516887586,0.0
mtd_ai,200,0.0050801372755299775,0.32608695652173914,2077.450729789656,0.05,150,5,0.15300000000000002,0.19127194148779017,0.39079438545735834,0.0
mtd_ai,200,0.0050801372755299775,0.4166666666666667,2931.5975829126,0.1,150,5,0.15300000000000002,0.19127194148779017,0.39079438545735834,0.0
mtd_ai,200,0.0050801372755299775,0.4166666666666667,4068.1825542706415,0.15,150,5,0.15300000000000002,0.19127194148779017,0.39079438545735834,0.0
mtd_ai,200,0.0050801372755299775,0.4166666666666667,5053.623500251728,0.2,150,5,0.15300000000000002,0.19127194148779017,0.39079438545735834,0.0
mtd_ai,200,0.0050801372755299775,0.4573170731707317,5665.945704296753,0.25,150,5,0.15300000000000002,0.19127194148779017,0.39079438545735834,0.0
mtd_ai,200,0.0050614818038596755,0.3125,2672.147562200518,0.05,150,5,0.15333333333333332,1.6202188812488092,5.081203557159748,0.0
mtd_ai,200,0.0050614818038596755,0.3409090909090909,4219.790806324697,0.1,150,5,0.15333333333333332,1.6202188812488092,5.081203557159748,0.0
mtd_ai,200,0.0050614818038596755,0.36885245901639346,5686.51836256362,0.15,150,5,0.15333333333333332,1.6202188812488092,5.081203557159748,0.0
mtd_ai,200,0.0050614818038596755,0.4,6456.708414691715,0.2,150,5,0.15333333333333332,1.6202188812488092,5.081203557159748,0.0
mtd_ai,200,0.0050614818038596755,0.4076086956521739,7250.021938792748,0.25,150,5,0.15333333333333332,1.6202188812488092,5.081203557159748,0.0
mtd_ai,200,0.005067568092104782,0.25862068965517243,2758.902220464187,0.05,150,5,0.1646031746031746,0.37243483333601946,1.1694350191173002,0.0
mtd_ai,200,0.005067568092104782,0.3409090909090909,3791.7846840586226,0.1,150,5,0.1646031746031746,0.37243483333601946,1.1694350191173002,0.0
mtd_ai,200,0.005067568092104782,0.4090909090909091,4347.078231402384,0.15,150,5,0.1646031746031746,0.37243483333601946,1.1694350191173002,0.0
mtd_ai,200,0.005067568092104782,0.42857142857142855,5536.235029879268,0.2,150,5,0.1646031746031746,0.37243483333601946,1.1694350191173002,0.0
mtd_ai,200,0.005067568092104782,0.47468354430379744,5889.628796553288,0.25,150,5,0.1646031746031746,0.37243483333601946,1.1694350191173002,0.0
mtd_ai,200,0.00506133284445582,0.24193548387096775,3392.067581078248,0.05,150,5,0.1681111111111111,0.04970448115341682,0.12778955621852914,0.0
mtd_ai,200,0.00506133284445582,0.36585365853658536,3931.649102253702,0.1,150,5,0.1681111111111111,0.04970448115341682,0.12778955621852914,0.0
mtd_ai,200,0.00506133284445582,0.4326923076923077,4458.253424708963,0.15,150,5,0.1681111111111111,0.04970448115341682,0.12778955621852914,0.0
mtd_ai,200,0.00506133284445582,0.4411764705882353,5991.169694204067,0.2,150,5,0.1681111111111111,0.04970448115341682,0.12778955621852914,0.0
mtd_ai,200,0.00506133284445582,0.487012987012987,6462.523063221119,0.25,150,5,0.1681111111111111,0.04970448115341682,0.12778955621852914,0.0
mtd_ai,200,0.005051215612072384,0.39473684210526316,1329.1570753682345,0.05,150,5,0.16144444444444445,0.2042983742741351,0.3055725024931827,0.0
mtd_ai,200,0.005051215612072384,0.36585365853658536,3537.591435632544,0.1,150,5,0.16144444444444445,0.2042983742741351,0.3055725024931827,0.0
mtd_ai,200,0.005051215612072384,0.42452830188679247,4023.071763532378,0.15,150,5,0.16144444444444445,0.2042983742741351,0.3055725024931827,0.0
mtd_ai,200,0.005051215612072384,0.44776119402985076,4555.529021755282,0.2,150,5,0.16144444444444445,0.2042983742741351,0.3055725024931827,0.0
mtd_ai,200,0.005051215612072384,0.4934210526315789,5099.460619011023,0.25,150,5,0.16144444444444445,0.2042983742741351,0.3055725024931827,0.0
mtd_ai,200,0.00505669838414299,0.4166666666666667,1675.2313529789226,0.05,150,5,0.3333333333333333,2.5821322468126477,3.424428139372447,0.0
mtd_ai,200,0.00505669838414299,0.35714285714285715,3791.7490898791057,0.1,150,5,0.3333333333333333,2.5821322468126477,3.424428139372447,0.0
mtd_ai,200,0.00505669838414299,0.35714285714285715,5328.784991246578,0.15,150,5,0.3333333333333333,2.5821322468126477,3.424428139372447,0.0
mtd_ai,200,0.00505669838414299,0.38961038961038963,6468.40875508121,0.2,150,5,0.3333333333333333,2.5821322468126477,3.424428139372447,0.0
mtd_ai,200,0.00505669838414299,0.436046511627907,6829.040048587148,0.25,150,5,0.3333333333333333,2.5821322468126477,3.424428139372447,0.0
mtd_ai,200,0.005051247803178055,0.35714285714285715,2047.3152628354549,0.05,150,5,0.12666666666666668,0.5820906884977166,1.2117661098109958,0.0
mtd_ai,200,0.005051247803178055,0.42857142857142855,3375.0544649738113,0.1,150,5,0.12666666666666668,0.5820906884977166,1.2117661098109958,0.0
mtd_ai,200,0.005051247803178055,0.46875,4267.918697946786,0.15,150,5,0.12666666666666668,0.5820906884977166,1.2117661098109958,0.0
mtd_ai,200,0.005051247803178055,0.5172413793103449,4721.758278436439,0.2,150,5,0.12666666666666668,0.5820906884977166,1.2117661098109958,0.0
mtd_ai,200,0.005051247803178055,0.5514705882352942,5227.442184230034,0.25,150,5,0.12666666666666668,0.5820906884977166,1.2117661098109958,0.0
mtd_ai,200,0.005084201083747762,0.2777777777777778,2598.209453601025,0.05,150,5,0.12412698412698416,1.186028664228639,3.607424281515178,0.0
mtd_ai,200,0.005084201083747762,0.375,3237.522970311899,0.1,150,5,0.12412698412698416,1.186028664228639,3.607424281515178,0.0
mtd_ai,200,0.005084201083747762,0.45918367346938777,4024.064560397552,0.15,150,5,0.12412698412698416,1.186028664228639,3.607424281515178,0.0
mtd_ai,200,0.005084201083747762,0.4838709677419355,4571.772480630452,0.2,150,5,0.12412698412698416,1.186028664228639,3.607424281515178,0.0
mtd_ai,200,0.005084201083747762,0.4934210526315789,5432.3810340502305,0.25,150,5,0.12412698412698416,1.186028664228639,3.607424281515178,0.0
mtd_ai,200,0.0050818589644214445,0.26785714285714285,2458.892998335544,0.05,150,5,0.13,0.6122362170006663,1.862959950699008,0.0
mtd_ai,200,0.0050818589644214445,0.3409090909090909,3391.0012429519984,0.1,150,5,0.13,0.6122362170006663,1.862959950699008,0.0
mtd_ai,200,0.0050818589644214445,0.4090909090909091,4137.479048825722,0.15,150,5,0.13,0.6122362170006663,1.862959950699008,0.0
mtd_ai,200,0.0050818589644214445,0.45454545454545453,4807.19950720115,0.2,150,5,0.13,0.6122362170006663,1.862959950699008,0.0
mtd_ai,200,0.0050818589644214445,0.47468354430379744,5384.796960874871,0.25,150,5,0.13,0.6122362170006663,1.862959950699008,0.0
mtd_ai,200,0.0050457267175483475,0.2777777777777778,2363.0301720313446,0.05,150,5,0.11444444444444443,0.3525151757068649,1.1024506295941405,0.0
mtd_ai,200,0.0050457267175483475,0.35714285714285715,3602.493882284002,0.1,150,5,0.11444444444444443,0.3525151757068649,1.1024506295941405,0.0
mtd_ai,200,0.0050457267175483475,0.4017857142857143,4590.731213901728,0.15,150,5,0.11444444444444443,0.3525151757068649,1.1024506295941405,0.0
mtd_ai,200,0.0050457267175483475,0.42857142857142855,5317.830773329393,0.2,150,5,0.11444444444444443,0.3525151757068649,1.1024506295941405,0.0
mtd_ai,200,0.0050457267175483475,0.44642857142857145,5875.148072703556,0.25,150,5,0.11444444444444443,0.3525151757068649,1.1024506295941405,0.0
mtd_ai,200,0.005041869799583495,0.3125,2369.075388103435,0.05,150,5,0.1495925925925926,0.29271349901155314,1.1558039250002943,0.0
mtd_ai,200,0.005041869799583495,0.32608695652173914,3691.555753990613,0.1,150,5,0.1495925925925926,0.29271349901155314,1.1558039250002943,0.0
mtd_ai,200,0.005041869799583495,0.31690140845070425,5009.855262690055,0.15,150,5,0.1495925925925926,0.29271349901155314,1.1558039250002943,0.0
mtd_ai,200,0.005041869799583495,0.3614457831325301,5634.893624982824,0.2,150,5,0.1495925925925926,0.29271349901155314,1.1558039250002943,0.0
mtd_ai,200,0.005041869799583495,0.39473684210526316,6177.949134203633,0.25,150,5,0.1495925925925926,0.29271349901155314,1.1558039250002943,0.0
mtd_ai,200,0.005038040743955642,0.375,2031.0068150628244,0.05,150,5,0.08444444444444445,8.096451806357594,4.292823708551365,0.0
mtd_ai,200,0.005038040743955642,0.42857142857142855,3318.1830466878873,0.1,150,5,0.08444444444444445,8.096451806357594,4.292823708551365,0.0
mtd_ai,200,0.005038040743955642,0.4787234042553192,4231.256446796988,0.15,150,5,0.08444444444444445,8.096451806357594,4.292823708551365,0.0
mtd_ai,200,0.005038040743955642,0.5,5326.709463398749,0.2,150,5,0.08444444444444445,8.096451806357594,4.292823708551365,0.0
mtd_ai,200,0.005038040743955642,0.5208333333333334,5959.499523764122,0.25,150,5,0.08444444444444445,8.096451806357594,4.292823708551365,0.0
mtd_ai,200,0.00505512655539679,0.35714285714285715,2004.470603869808,0.05,150,5,0.13777777777777778,1.1592219219379727,3.6514492813062156,0.0
mtd_ai,200,0.00505512655539679,0.3125,4598.228694006153,0.1,150,5,0.13777777777777778,1.1592219219379727,3.6514492813062156,0.0
mtd_ai,200,0.00505512655539679,0.36885245901639346,5347.650208588874,0.15,150,5,0.13777777777777778,1.1592219219379727,3.6514492813062156,0.0
mtd_ai,200,0.00505512655539679,0.39473684210526316,6323.229432007991,0.2,150,5,0.13777777777777778,1.1592219219379727,3.6514492813062156,0.0
mtd_ai,200,0.00505512655539679,0.42134831460674155,7171.281934603347,0.25,150,5,0.13777777777777778,1.1592219219379727,3.6514492813062156,0.0
mtd_ai,200,0.005043325249175956,0.20270270270270271,2986.906161337607,0.05,150,5,0.1061111111111111,1.0469641353021404,1.9262519767146682,0.0
mtd_ai,200,0.005043325249175956,0.28846153846153844,4131.11816734863,0.1,150,5,0.1061111111111111,1.0469641353021404,1.9262519767146682,0.0
mtd_ai,200,0.005043325249175956,0.35714285714285715,4726.87071181827,0.15,150,5,0.1061111111111111,1.0469641353021404,1.9262519767146682,0.0
mtd_ai,200,0.005043325249175956,0.38961038961038963,5398.439595350859,0.2,150,5,0.1061111111111111,1.0469641353021404,1.9262519767146682,0.0
mtd_ai,200,0.005043325249175956,0.436046511627907,5665.873361186264,0.25,150,5,0.1061111111111111,1.0469641353021404,1.9262519767146682,0.0
mtd_ai,200,0.005068041264618944,0.3409090909090909,1671.6687161038249,0.05,150,5,0.10722222222222223,2.252380949725094,5.085301205592496,0.0
mtd_ai,200,0.005068041264618944,0.36585365853658536,2926.7344074668154,0.1,150,5,0.10722222222222223,2.252380949725094,5.085301205592496,0.0
mtd_ai,200,0.005068041264618944,0.375,4336.526482166135,0.15,150,5,0.10722222222222223,2.252380949725094,5.085301205592496,0.0
mtd_ai,200,0.005068041264618944,0.38961038961038963,5494.63766101873,0.2,150,5,0.10722222222222223,2.252380949725094,5.085301205592496,0.0
mtd_ai,200,0.005068041264618944,0.43103448275862066,6027.19698277502,0.25,150,5,0.10722222222222223,2.252380949725094,5.085301205592496,0.0
mtd_ai,200,0.005032772288765891,0.3125,1886.6004278801342,0.05,150,5,0.12,0.2708348036379833,1.0498314532741027,0.0
mtd_ai,200,0.005032772288765891,0.36585365853658536,3665.770407406998,0.1,150,5,0.12,0.2708348036379833,1.0498314532741027,0.0
mtd_ai,200,0.005032772288765891,0.4326923076923077,4263.473982414424,0.15,150,5,0.12,0.2708348036379833,1.0498314532741027,0.0
mtd_ai,200,0.005032772288765891,0.4838709677419355,4797.659919383275,0.2,150,5,0.12,0.2708348036379833,1.0498314532741027,0.0
mtd_ai,200,0.005032772288765891,0.45180722891566266,6505.697473346448,0.25,150,5,0.12,0.2708348036379833,1.0498314532741027,0.0
mtd_ai,200,0.0050292456311526275,0.25,3043.8814452433417,0.05,150,5,0.11333333333333333,0.14485563897102152,0.5714780171400011,0.0
mtd_ai,200,0.0050292456311526275,0.32608695652173914,4095.2510948571567,0.1,150,5,0.11333333333333333,0.14485563897102152,0.5714780171400011,0.0
mtd_ai,200,0.0050292456311526275,0.36885245901639346,5407.73840117785,0.15,150,5,0.11333333333333333,0.14485563897102152,0.5714780171400011,0.0
mtd_ai,200,0.0050292456311526275,0.36585365853658536,6331.587988938942,0.2,150,5,0.11333333333333333,0.14485563897102152,0.5714780171400011,0.0
mtd_ai,200,0.0050292456311526275,0.41208791208791207,6807.48923291369,0.25,150,5,0.11333333333333333,0.14485563897102152,0.5714780171400011,0.0
mtd_ai,200,0.0050677488028462595,0.375,2028.0583914400975,0.05,150,5,0.16979365079365077,0.027507883325738055,0.11401637540270526,0.0
mtd_ai,200,0.0050677488028462595,0.36585365853658536,3977.3142091619034,0.1,150,5,0.16979365079365077,0.027507883325738055,0.11401637540270526,0.0
mtd_ai,200,0.0050677488028462595,0.4326923076923077,4636.748711973103,0.15,150,5,0.16979365079365077,0.027507883325738055,0.11401637540270526,0.0
mtd_ai,200,0.0050677488028462595,0.46875,5206.316115315281,0.2,150,5,0.16979365079365077,0.027507883325738055,0.11401637540270526,0.0
mtd_ai,200,0.0050677488028462595,0.5,5769.451327913715,0.25,150,5,0.16979365079365077,0.027507883325738055,0.11401637540270526,0.0
mtd_ai,200,0.005039872239328861,0.32608695652173914,2671.5285527380383,0.05,150,5,0.14266666666666666,1.8872665582678718,4.571227412147607,0.0
mtd_ai,200,0.005039872239328861,0.38461538461538464,3837.1174527062963,0.1,150,5,0.14266666666666666,1.8872665582678718,4.571227412147607,0.0
mtd_ai,200,0.005039872239328861,0.42452830188679247,4518.891688513406,0.15,150,5,0.14266666666666666,1.8872665582678718,4.571227412147607,0.0
mtd_ai,200,0.005039872239328861,0.4,5516.9843920254625,0.2,150,5,0.14266666666666666,1.8872665582678718,4.571227412147607,0.0
mtd_ai,200,0.005039872239328861,0.42613636363636365,6112.294182032221,0.25,150,5,0.14266666666666666,1.8872665582678718,4.571227412147607,0.0
mtd_ai,200,0.005045569124033496,0.375,2247.787633969243,0.05,150,5,0.10666666666666667,0.3038136829778316,1.054186993405187,0.0
mtd_ai,200,0.005045569124033496,0.40540540540540543,4027.173437855242,0.1,150,5,0.10666666666666667,0.3038136829778316,1.054186993405187,0.0
mtd_ai,200,0.005045569124033496,0.45918367346938777,5295.779838244802,0.15,150,5,0.10666666666666667,0.3038136829778316,1.054186993405187,0.0
mtd_ai,200,0.005045569124033496,0.46153846153846156,6361.032445168499,0.2,150,5,0.10666666666666667,0.3038136829778316,1.054186993405187,0.0
mtd_ai,200,0.005045569124033496,0.5136986301369864,6654.824145715262,0.25,150,5,0.10666666666666667,0.3038136829778316,1.054186993405187,0.0
mtd_ai,200,0.005034967026211329,0.25,3061.027153969458,0.05,150,5,0.1245925925925926,1.5767401617485062,4.561656771262225,0.0
mtd_ai,200,0.005034967026211329,0.3409090909090909,4125.107617148546,0.1,150,5,0.1245925925925926,1.5767401617485062,4.561656771262225,0.0
mtd_ai,200,0.005034967026211329,0.4090909090909091,4772.795919137698,0.15,150,5,0.1245925925925926,1.5767401617485062,4.561656771262225,0.0
mtd_ai,200,0.005034967026211329,0.410958904109589,5652.597527430421,0.2,150,5,0.1245925925925926,1.5767401617485062,4.561656771262225,0.0
mtd_ai,200,0.005034967026211329,0.43103448275862066,6327.868063534519,0.25,150,5,0.1245925925925926,1.5767401617485062,4.561656771262225,0.0
mtd_ai,200,0.00504814013348995,0.28846153846153844,2791.300813105312,0.05,150,5,0.12444444444444443,0.17008046231474513,0.7497681152557659,0.0
mtd_ai,200,0.00504814013348995,0.375,3636.7311256328185,0.1,150,5,0.12444444444444443,0.17008046231474513,0.7497681152557659,0.0
mtd_ai,200,0.00504814013348995,0.45,4413.18868071067,0.15,150,5,0.12444444444444443,0.17008046231474513,0.7497681152557659,0.0
mtd_ai,200,0.00504814013348995,0.4918032786885246,4995.4853926643045,0.2,150,5,0.12444444444444443,0.17008046231474513,0.7497681152557659,0.0
mtd_ai,200,0.00504814013348995,0.5067567567567568,5739.064333152927,0.25,150,5,0.12444444444444443,0.17008046231474513,0.7497681152557659,0.0
mtd_ai,200,0.005051613188087163,0.375,1507.0758192602852,0.05,150,5,0.13444444444444445,0.6580028310825335,1.4448314137527514,0.0
mtd_ai,200,0.005051613188087163,0.32608695652173914,4404.466891447015,0.1,150,5,0.13444444444444445,0.6580028310825335,1.4448314137527514,0.0
mtd_ai,200,0.005051613188087163,0.30405405405405406,5551.1152774174425,0.15,150,5,0.13444444444444445,0.6580028310825335,1.4448314137527514,0.0
mtd_ai,200,0.005051613188087163,0.32967032967032966,6740.823624863333,0.2,150,5,0.13444444444444445,0.6580028310825335,1.4448314137527514,0.0
mtd_ai,200,0.005051613188087163,0.35377358490566035,7718.627145666755,0.25,150,5,0.13444444444444445,0.6580028310825335,1.4448314137527514,0.0
mtd_ai,200,0.005052261649448326,0.32608695652173914,1921.1513891551153,0.05,150,5,0.1265,0.9880700981513195,3.9095427172798534,0.0
mtd_ai,200,0.005052261649448326,0.2631578947368421,5261.3472491743005,0.1,150,5,0.1265,0.9880700981513195,3.9095427172798534,0.0
mtd_ai,200,0.005052261649448326,0.32142857142857145,5948.049630792631,0.15,150,5,0.1265,0.9880700981513195,3.9095427172798534,0.0
mtd_ai,200,0.005052261649448326,0.3614457831325301,6667.389905865513,0.2,150,5,0.1265,0.9880700981513195,3.9095427172798534,0.0
mtd_ai,200,0.005052261649448326,0.4032258064516129,7470.817086661564,0.25,150,5,0.1265,0.9880700981513195,3.9095427172798534,0.0
mtd_ai,200,0.0050594524967092,0.3409090909090909,1879.066904590981,0.05,150,5,0.16422222222222224,0.7742663244336973,2.5258130964643697,0.0
mtd_ai,200,0.0050594524967092,0.40540540540540543,2928.9148759924656,0.1,150,5,0.16422222222222224,0.7742663244336973,2.5258130964643697,0.0
mtd_ai,200,0.0050594524967092,0.3125,5056.9256411395145,0.15,150,5,0.16422222222222224,0.7742663244336973,2.5258130964643697,0.0
mtd_ai,200,0.0050594524967092,0.32967032967032966,6342.952027181509,0.2,150,5,0.16422222222222224,0.7742663244336973,2.5258130964643697,0.0
mtd_ai,200,0.0050594524967092,0.3605769230769231,7395.584339991296,0.25,150,5,0.16422222222222224,0.7742663244336973,2.5258130964643697,0.0
mtd_ai,200,0.005062535311003985,0.2777777777777778,2530.78415828789,0.05,150,5,0.2,596.2607557410959,4.113428499302358,0.0
mtd_ai,200,0.005062535311003985,0.3409090909090909,3675.0268204141257,0.1,150,5,0.2,596.2607557410959,4.113428499302358,0.0
mtd_ai,200,0.005062535311003985,0.3813559322033898,4782.040379501218,0.15,150,5,0.2,596.2607557410959,4.113428499302358,0.0
mtd_ai,200,0.005062535311003985,0.379746835443038,6631.138424570352,0.2,150,5,0.2,596.2607557410959,4.113428499302358,0.0
mtd_ai,200,0.005062535311003985,0.42134831460674155,6959.731061407652,0.25,150,5,0.2,596.2607557410959,4.113428499302358,0.0
mtd_ai,200,0.005046467202581771,0.20270270270270271,4407.605138909879,0.05,150,5,0.17588888888888887,0.8135574493835456,2.571281151747292,0.0
mtd_ai,200,0.005046467202581771,0.3,5169.344813281905,0.1,150,5,0.17588888888888887,0.8135574493835456,2.571281151747292,0.0
mtd_ai,200,0.005046467202581771,0.3409090909090909,6107.505755195418,0.15,150,5,0.17588888888888887,0.8135574493835456,2.571281151747292,0.0
mtd_ai,200,0.005046467202581771,0.375,6840.290925725915,0.2,150,5,0.17588888888888887,0.8135574493835456,2.571281151747292,0.0
mtd_ai,200,0.005046467202581771,0.39893617021276595,7647.540506307688,0.25,150,5,0.17588888888888887,0.8135574493835456,2.571281151747292,0.0
mtd_ai,200,0.005048063202088776,0.39473684210526316,2168.9309360313655,0.05,150,5,0.115,2.2680768717969744,5.203848247224078,0.0
mtd_ai,200,0.005048063202088776,0.375,4083.429347632932,0.1,150,5,0.115,2.2680768717969744,5.203848247224078,0.0
mtd_ai,200,0.005048063202088776,0.4326923076923077,4807.437752359876,0.15,150,5,0.115,2.2680768717969744,5.203848247224078,0.0
mtd_ai,200,0.005048063202088776,0.47619047619047616,5702.390906859022,0.2,150,5,0.115,2.2680768717969744,5.203848247224078,0.0
mtd_ai,200,0.005048063202088776,0.5208333333333334,5937.784048323116,0.25,150,5,0.115,2.2680768717969744,5.203848247224078,0.0
mtd_ai,200,0.005049461183522065,0.4166666666666667,1367.1127937943947,0.05,150,5,0.10666666666666667,0.28867953063186463,0.8424338688889916,0.0
mtd_ai,200,0.005049461183522065,0.46875,2097.027464421134,0.1,150,5,0.10666666666666667,0.28867953063186463,0.8424338688889916,0.0
mtd_ai,200,0.005049461183522065,0.46875,3325.178139939103,0.15,150,5,0.10666666666666667,0.28867953063186463,0.8424338688889916,0.0
mtd_ai,200,0.005049461183522065,0.5084745762711864,4036.2293772275707,0.2,150,5,0.10666666666666667,0.28867953063186463,0.8424338688889916,0.0
mtd_ai,200,0.005049461183522065,0.5208333333333334,4988.439411129571,0.25,150,5,0.10666666666666667,0.28867953063186463,0.8424338688889916,0.0
mtd_ai,200,0.005059359919323561,0.3125,2795.714707288334,0.05,150,5,0.12444444444444445,0.028214925565884307,0.12306237374393698,0.0
mtd_ai,200,0.005059359919323561,0.3409090909090909,4548.594539062895,0.1,150,5,0.12444444444444445,0.028214925565884307,0.12306237374393698,0.0
mtd_ai,200,0.005059359919323561,0.3409090909090909,5917.142051331255,0.15,150,5,0.12444444444444445,0.028214925565884307,0.12306237374393698,0.0
mtd_ai,200,0.005059359919323561,0.3225806451612903,6992.929867809656,0.2,150,5,0.12444444444444445,0.028214925565884307,0.12306237374393698,0.0
mtd_ai,200,0.005059359919323561,0.3640776699029126,7542.773578464505,0.25,150,5,0.12444444444444445,0.028214925565884307,0.12306237374393698,0.0
mtd_ai,200,0.0050712923887364265,0.32608695652173914,2806.906032336942,0.05,150,5,0.16155555555555554,0.7505494200562638,3.368076602924664,0.0
mtd_ai,200,0.0050712923887364265,0.4166666666666667,3423.574359709385,0.1,150,5,0.16155555555555554,0.7505494200562638,3.368076602924664,0.0
mtd_ai,200,0.0050712923887364265,0.45918367346938777,4199.980233602482,0.15,150,5,0.16155555555555554,0.7505494200562638,3.368076602924664,0.0
mtd_ai,200,0.0050712923887364265,0.4838709677419355,4948.468976916089,0.2,150,5,0.16155555555555554,0.7505494200562638,3.368076602924664,0.0
mtd_ai,200,0.0050712923887364265,0.42613636363636365,6137.231774268244,0.25,150,5,0.16155555555555554,0.7505494200562638,3.368076602924664,0.0
mtd_ai,200,0.005068838709410071,0.3125,1967.291656783616,0.05,150,5,0.1136111111111111,0.24482191667919942,0.9384728793561523,0.0
mtd_ai,200,0.005068838709410071,0.38461538461538464,3120.4531757036775,0.1,150,5,0.1136111111111111,0.24482191667919942,0.9384728793561523,0.0
mtd_ai,200,0.005068838709410071,0.4017857142857143,4444.070636836663,0.15,150,5,0.1136111111111111,0.24482191667919942,0.9384728793561523,0.0
mtd_ai,200,0.005068838709410071,0.45454545454545453,4935.590872752495,0.2,150,5,0.1136111111111111,0.24482191667919942,0.9384728793561523,0.0
mtd_ai,200,0.005068838709410071,0.47468354430379744,5505.822508612951,0.25,150,5,0.1136111111111111,0.24482191667919942,0.9384728793561523,0.0
mtd_ai,200,0.0050262898143030805,0.22727272727272727,4155.197460003392,0.05,150,5,0.10444444444444444,0.015068774693014517,0.038734820447610424,0.0
mtd_ai,200,0.0050262898143030805,0.30612244897959184,5489.326839623971,0.1,150,5,0.10444444444444444,0.015068774693014517,0.038734820447610424,0.0
mtd_ai,200,0.0050262898143030805,0.3358208955223881,6920.94515015548,0.15,150,5,0.10444444444444444,0.015068774693014517,0.038734820447610424,0.0
mtd_ai,200,0.0050262898143030805,0.379746835443038,7444.720985399415,0.2,150,5,0.10444444444444444,0.015068774693014517,0.038734820447610424,0.0
mtd_ai,200,0.0050262898143030805,0.39893617021276595,8315.828511467917,0.25,150,5,0.10444444444444444,0.015068774693014517,0.038734820447610424,0.0
mtd_ai,200,0.005060033897801606,0.32608695652173914,2288.821575114146,0.05,150,5,0.15538888888888888,1.118678432663515,2.5029556630945855,4.928571428571429
mtd_ai,200,0.005060033897801606,0.4166666666666667,3274.25211939529,0.1,150,5,0.15538888888888888,1.118678432663515,2.5029556630945855,4.928571428571429
mtd_ai,200,0.005060033897801606,0.4787234042553192,4105.557896294559,0.15,150,5,0.15538888888888888,1.118678432663515,2.5029556630945855,4.928571428571429
mtd_ai,200,0.005060033897801606,0.5263157894736842,4506.5867524791865,0.2,150,5,0.15538888888888888,1.118678432663515,2.5029556630945855,4.928571428571429
mtd_ai,200,0.005060033897801606,0.5597014925373134,5101.489287124357,0.25,150,5,0.15538888888888888,1.118678432663515,2.5029556630945855,4.928571428571429
mtd_ai,200,0.005066118807003592,0.32608695652173914,2555.950521912968,0.05,150,5,0.12888888888888891,0.004653068395501336,0.019469659045775793,0.0
mtd_ai,200,0.005066118807003592,0.40540540540540543,3578.953902757462,0.1,150,5,0.12888888888888891,0.004653068395501336,0.019469659045775793,0.0
mtd_ai,200,0.005066118807003592,0.4411764705882353,4374.684604038504,0.15,150,5,0.12888888888888891,0.004653068395501336,0.019469659045775793,0.0
mtd_ai,200,0.005066118807003592,0.4225352112676056,5596.372320694478,0.2,150,5,0.12888888888888891,0.004653068395501336,0.019469659045775793,0.0
mtd_ai,200,0.005066118807003592,0.46296296296296297,6167.513526643462,0.25,150,5,0.12888888888888891,0.004653068395501336,0.019469659045775793,0.0
mtd_ai,200,0.005060689273012674,0.25862068965517243,3467.690179988551,0.05,150,5,0.12333333333333334,0.39215465759410123,1.5326373927989434,0.0
mtd_ai,200,0.005060689273012674,0.38461538461538464,3979.8483952175156,0.1,150,5,0.12333333333333334,0.39215465759410123,1.5326373927989434,0.0
mtd_ai,200,0.005060689273012674,0.35714285714285715,4938.3823571579915,0.15,150,5,0.12333333333333334,0.39215465759410123,1.5326373927989434,0.0
mtd_ai,200,0.005060689273012674,0.38461538461538464,6066.11724762931,0.2,150,5,0.12333333333333334,0.39215465759410123,1.5326373927989434,0.0
mtd_ai,200,0.005060689273012674,0.39893617021276595,6897.514152726515,0.25,150,5,0.12333333333333334,0.39215465759410123,1.5326373927989434,0.0
mtd_ai,200,0.005046587611694233,0.3,2708.590936781946,0.05,150,5,0.14999999999999997,1.6823593266809336,3.726924853761544,0.0
mtd_ai,200,0.005046587611694233,0.39473684210526316,3687.661037072654,0.1,150,5,0.14999999999999997,1.6823593266809336,3.726924853761544,0.0
mtd_ai,200,0.005046587611694233,0.4411764705882353,4624.217540253015,0.15,150,5,0.14999999999999997,1.6823593266809336,3.726924853761544,0.0
mtd_ai,200,0.005046587611694233,0.4838709677419355,5037.466273672948,0.2,150,5,0.14999999999999997,1.6823593266809336,3.726924853761544,0.0
mtd_ai,200,0.005046587611694233,0.5067567567567568,5676.48047558892,0.25,150,5,0.14999999999999997,1.6823593266809336,3.726924853761544,0.0
mtd_ai,200,0.005040726137760193,0.25,2304.9831049350005,0.05,150,5,0.108,3.2292032151935945,6.915155246916837,0.0
mtd_ai,200,0.005040726137760193,0.35714285714285715,2903.0701884739156,0.1,150,5,0.108,3.2292032151935945,6.915155246916837,0.0
mtd_ai,200,0.005040726137760193,0.35714285714285715,4439.307841652999,0.15,150,5,0.108,3.2292032151935945,6.915155246916837,0.0
mtd_ai,200,0.005040726137760193,0.40540540540540543,5196.6237913174655,0.2,150,5,0.108,3.2292032151935945,6.915155246916837,0.0
mtd_ai,200,0.005040726137760193,0.4411764705882353,5849.261570152739,0.25,150,5,0.108,3.2292032151935945,6.915155246916837,0.0
mtd_ai,200,0.005040486987911388,0.3409090909090909,2314.3164597209807,0.05,150,5,0.1549047619047619,0.3381668915280062,1.4202164203645273,0.0
mtd_ai,200,0.005040486987911388,0.40540540540540543,3891.6153349722267,0.1,150,5,0.1549047619047619,0.3381668915280062,1.4202164203645273,0.0
mtd_ai,200,0.005040486987911388,0.45,4676.724760502428,0.15,150,5,0.1549047619047619,0.3381668915280062,1.4202164203645273,0.0
mtd_ai,200,0.005040486987911388,0.45454545454545453,5403.831544958992,0.2,150,5,0.1549047619047619,0.3381668915280062,1.4202164203645273,0.0
mtd_ai,200,0.005040486987911388,0.4411764705882353,6180.305866687268,0.25,150,5,0.1549047619047619,0.3381668915280062,1.4202164203645273,0.0
mtd_ai,200,0.005076596609641512,0.39473684210526316,1679.9109071778105,0.05,150,5,0.16799999999999998,0.2542287871337779,0.053957491652178044,0.0
mtd_ai,200,0.005076596609641512,0.4166666666666667,2866.9961306082623,0.1,150,5,0.16799999999999998,0.2542287871337779,0.053957491652178044,0.0
mtd_ai,200,0.005076596609641512,0.46875,3724.2694033003513,0.15,150,5,0.16799999999999998,0.2542287871337779,0.053957491652178044,0.0
mtd_ai,200,0.005076596609641512,0.47619047619047616,4560.671871128468,0.2,150,5,0.16799999999999998,0.2542287871337779,0.053957491652178044,0.0
mtd_ai,200,0.005076596609641512,0.5067567567567568,5117.585235815701,0.25,150,5,0.16799999999999998,0.2542287871337779,0.053957491652178044,0.0
mtd_ai,200,0.00505385676053423,0.2777777777777778,2639.400970730051,0.05,150,5,0.09166666666666666,0.9177159126079198,2.2223144988696792,0.0
mtd_ai,200,0.00505385676053423,0.30612244897959184,4798.087769259097,0.1,150,5,0.09166666666666666,0.9177159126079198,2.2223144988696792,0.0
mtd_ai,200,0.00505385676053423,0.36885245901639346,5697.8632484124155,0.15,150,5,0.09166666666666666,0.9177159126079198,2.2223144988696792,0.0
mtd_ai,200,0.00505385676053423,0.4225352112676056,6132.449077333988,0.2,150,5,0.09166666666666666,0.9177159126079198,2.2223144988696792,0.0
mtd_ai,200,0.00505385676053423,0.46875,6444.916838949901,0.25,150,5,0.09166666666666666,0.9177159126079198,2.2223144988696792,0.0
mtd_ai,200,0.0050700865603504714,0.234375,2978.084464389649,0.05,150,5,0.12166666666666667,0.4242557201920983,1.852683715620259,0.0
mtd_ai,200,0.0050700865603504714,0.29411764705882354,4374.55453098862,0.1,150,5,0.12166666666666667,0.4242557201920983,1.852683715620259,0.0
mtd_ai,200,0.0050700865603504714,0.375,4682.899758041171,0.15,150,5,0.12166666666666667,0.4242557201920983,1.852683715620259,0.0
mtd_ai,200,0.0050700865603504714,0.42857142857142855,5226.000501491168,0.2,150,5,0.12166666666666667,0.4242557201920983,1.852683715620259,0.0
mtd_ai,200,0.0050700865603504714,0.46296296296296297,5750.249187733367,0.25,150,5,0.12166666666666667,0.4242557201920983,1.852683715620259,0.0
mtd_ai,200,0.005088213991384446,0.35714285714285715,1843.156859631504,0.05,150,5,0.1321111111111111,0.5494753188930096,1.1894254095883936,0.0
mtd_ai,200,0.005088213991384446,0.39473684210526316,3228.4587951326857,0.1,150,5,0.1321111111111111,0.5494753188930096,1.1894254095883936,0.0
mtd_ai,200,0.005088213991384446,0.46875,3758.131623777411,0.15,150,5,0.1321111111111111,0.5494753188930096,1.1894254095883936,0.0
mtd_ai,200,0.005088213991384446,0.5172413793103449,4267.188319850297,0.2,150,5,0.1321111111111111,0.5494753188930096,1.1894254095883936,0.0
mtd_ai,200,0.005088213991384446,0.5514705882352942,4640.671490590258,0.25,150,5,0.1321111111111111,0.5494753188930096,1.1894254095883936,0.0
mtd_ai,200,0.005041462366351834,0.3125,2569.502358860787,0.05,150,5,0.08,1.9529808916609357,5.75088280633007,0.0
mtd_ai,200,0.005041462366351834,0.36585365853658536,3609.5731710000564,0.1,150,5,0.08,1.9529808916609357,5.75088280633007,0.0
mtd_ai,200,0.005041462366351834,0.4090909090909091,4521.0487182803645,0.15,150,5,0.08,1.9529808916609357,5.75088280633007,0.0
mtd_ai,200,0.005041462366351834,0.4166666666666667,5540.327169177994,0.2,150,5,0.08,1.9529808916609357,5.75088280633007,0.0
mtd_ai,200,0.005041462366351834,0.436046511627907,6387.464903818804,0.25,150,5,0.08,1.9529808916609357,5.75088280633007,0.0
mtd_ai,200,0.005038296238641523,0.3125,2509.8241222034962,0.05,150,5,0.10222222222222223,0.17536853448525094,0.37979014000181793,5.913043478260869
mtd_ai,200,0.005038296238641523,0.36585365853658536,3878.2103902422164,0.1,150,5,0.10222222222222223,0.17536853448525094,0.37979014000181793,5.913043478260869
mtd_ai,200,0.005038296238641523,0.4090909090909091,4802.956251406058,0.15,150,5,0.10222222222222223,0.17536853448525094,0.37979014000181793,5.913043478260869
mtd_ai,200,0.005038296238641523,0.44776119402985076,5311.262300404813,0.2,150,5,0.10222222222222223,0.17536853448525094,0.37979014000181793,5.913043478260869
mtd_ai,200,0.005038296238641523,0.4411764705882353,6432.499938341201,0.25,150,5,0.10222222222222223,0.17536853448525094,0.37979014000181793,5.913043478260869
mtd_ai,200,0.00507529063689794,0.2777777777777778,2710.178060677026,0.05,150,5,0.14666666666666667,0.03988422240796016,0.14524162965547338,0.0
mtd_ai,200,0.00507529063689794,0.3488372093023256,4210.480353969645,0.1,150,5,0.14666666666666667,0.03988422240796016,0.14524162965547338,0.0
mtd_ai,200,0.00507529063689794,0.4326923076923077,4625.931761034398,0.15,150,5,0.14666666666666667,0.03988422240796016,0.14524162965547338,0.0
mtd_ai,200,0.00507529063689794,0.4838709677419355,5060.383246905384,0.2,150,5,0.14666666666666667,0.03988422240796016,0.14524162965547338,0.0
mtd_ai,200,0.00507529063689794,0.5208333333333334,5676.400097969666,0.25,150,5,0.14666666666666667,0.03988422240796016,0.14524162965547338,0.0
mtd_ai,200,0.005036618609256201,0.3,2897.0332938450256,0.05,150,5,0.23529411764705882,0.17310514558508755,0.5033117131652945,-3.5945945945945947
mtd_ai,200,0.005036618609256201,0.36585365853658536,4370.557221905869,0.1,150,5,0.23529411764705882,0.17310514558508755,0.5033117131652945,-3.5945945945945947
mtd_ai,200,0.005036618609256201,0.4326923076923077,5044.247151619055,0.15,150,5,0.23529411764705882,0.17310514558508755,0.5033117131652945,-3.5945945945945947
mtd_ai,200,0.005036618609256201,0.46875,5690.5441720309045,0.2,150,5,0.23529411764705882,0.17310514558508755,0.5033117131652945,-3.5945945945945947
mtd_ai,200,0.005036618609256201,0.5,6297.575990396617,0.25,150,5,0.23529411764705882,0.17310514558508755,0.5033117131652945,-3.5945945945945947
mtd_ai,200,0.005046272252771897,0.20833333333333334,3221.5871128329495,0.05,150,5,0.14922222222222226,0.8805492419514859,3.5974203845966026,0.0
mtd_ai,200,0.005046272252771897,0.2777777777777778,4679.5282234380775,0.1,150,5,0.14922222222222226,0.8805492419514859,3.5974203845966026,0.0
mtd_ai,200,0.005046272252771897,0.31690140845070425,5712.734184499028,0.15,150,5,0.14922222222222226,0.8805492419514859,3.5974203845966026,0.0
mtd_ai,200,0.005046272252771897,0.3191489361702128,6691.4674918344845,0.2,150,5,0.14922222222222226,0.8805492419514859,3.5974203845966026,0.0
mtd_ai,200,0.005046272252771897,0.33185840707964603,7753.5694156133295,0.25,150,5,0.14922222222222226,0.8805492419514859,3.5974203845966026,0.0
mtd_ai,200,0.005034869790250439,0.3,2319.4610278600544,0.05,150,5,0.13733333333333334,0.632597253784283,2.594657938312645,0.0
mtd_ai,200,0.005034869790250439,0.3333333333333333,4465.683406432174,0.1,150,5,0.13733333333333334,0.632597253784283,2.594657938312645,0.0
mtd_ai,200,0.005034869790250439,0.4090909090909091,5096.066023028352,0.15,150,5,0.13733333333333334,0.632597253784283,2.594657938312645,0.0
mtd_ai,200,0.005034869790250439,0.410958904109589,6548.650049744265,0.2,150,5,0.13733333333333334,0.632597253784283,2.594657938312645,0.0
mtd_ai,200,0.005034869790250439,0.42134831460674155,7473.559315154347,0.25,150,5,0.13733333333333334,0.632597253784283,2.594657938312645,0.0
mtd_ai,200,0.005075887387041292,0.35714285714285715,2230.5111035224218,0.05,150,5,0.1,0.585536357832498,1.8613466322235432,0.0
mtd_ai,200,0.005075887387041292,0.4166666666666667,3472.919403542992,0.1,150,5,0.1,0.585536357832498,1.8613466322235432,0.0
mtd_ai,200,0.005075887387041292,0.46875,4363.970196027872,0.15,150,5,0.1,0.585536357832498,1.8613466322235432,0.0
mtd_ai,200,0.005075887387041292,0.5084745762711864,4961.003388881652,0.2,150,5,0.1,0.585536357832498,1.8613466322235432,0.0
mtd_ai,200,0.005075887387041292,0.5067567567567568,5726.584587912938,0.25,150,5,0.1,0.585536357832498,1.8613466322235432,0.0
mtd_ai,200,0.00507715779351615,0.4166666666666667,1925.2341844051698,0.05,150,5,0.13,0.07805271639675801,0.24481096330205063,0.0
mtd_ai,200,0.00507715779351615,0.46875,3064.8583622413553,0.1,150,5,0.13,0.07805271639675801,0.24481096330205063,0.0
mtd_ai,200,0.00507715779351615,0.5113636363636364,3881.798767420324,0.15,150,5,0.13,0.07805271639675801,0.24481096330205063,0.0
mtd_ai,200,0.00507715779351615,0.5555555555555556,4520.944583177367,0.2,150,5,0.13,0.07805271639675801,0.24481096330205063,0.0
mtd_ai,200,0.00507715779351615,0.5952380952380952,5067.982721406212,0.25,150,5,0.13,0.07805271639675801,0.24481096330205063,0.0
mtd_ai,200,0.005079526531677342,0.46875,1293.4395266980746,0.05,150,5,0.13277777777777777,0.7213461305869094,2.697979740720857,0.0
mtd_ai,200,0.005079526531677342,0.4166666666666667,3168.618979167052,0.1,150,5,0.13277777777777777,0.7213461305869094,2.697979740720857,0.0
mtd_ai,200,0.005079526531677342,0.45,4108.490070378988,0.15,150,5,0.13277777777777777,0.7213461305869094,2.697979740720857,0.0
mtd_ai,200,0.005079526531677342,0.47619047619047616,4857.553498624207,0.2,150,5,0.13277777777777777,0.7213461305869094,2.697979740720857,0.0
mtd_ai,200,0.005079526531677342,0.5136986301369864,5239.604654211686,0.25,150,5,0.13277777777777777,0.7213461305869094,2.697979740720857,0.0
mtd_ai,200,0.00504092480917254,0.3125,2178.6764867907104,0.05,150,5,0.08466666666666667,2.617033050718813,3.986011812552813,0.0
mtd_ai,200,0.00504092480917254,0.3333333333333333,3828.086697006903,0.1,150,5,0.08466666666666667,2.617033050718813,3.986011812552813,0.0
mtd_ai,200,0.00504092480917254,0.3813559322033898,4821.744862464901,0.15,150,5,0.08466666666666667,2.617033050718813,3.986011812552813,0.0
mtd_ai,200,0.00504092480917254,0.4166666666666667,5728.4693679629745,0.2,150,5,0.08466666666666667,2.617033050718813,3.986011812552813,0.0
mtd_ai,200,0.00504092480917254,0.46875,6105.673988775457,0.25,150,5,0.08466666666666667,2.617033050718813,3.986011812552813,0.0
mtd_ai,200,0.005056412485763795,0.3409090909090909,2009.0590345254914,0.05,150,5,0.12833333333333333,0.22225732428062653,0.9646930310878371,0.0
mtd_ai,200,0.005056412485763795,0.36585365853658536,3632.5409215252666,0.1,150,5,0.12833333333333333,0.22225732428062653,0.9646930310878371,0.0
mtd_ai,200,0.005056412485763795,0.36885245901639346,5584.650885091768,0.15,150,5,0.12833333333333333,0.22225732428062653,0.9646930310878371,0.0
mtd_ai,200,0.005056412485763795,0.410958904109589,6177.248046723944,0.2,150,5,0.12833333333333333,0.22225732428062653,0.9646930310878371,0.0
mtd_ai,200,0.005056412485763795,0.4411764705882353,6599.418299740471,0.25,150,5,0.12833333333333333,0.22225732428062653,0.9646930310878371,0.0
mtd_ai,200,0.005048381144401467,0.20833333333333334,3260.3849079379793,0.05,150,5,0.08333333333333333,2.2069955950663585,3.6040376043152498,0.0
mtd_ai,200,0.005048381144401467,0.3125,3899.416344208317,0.1,150,5,0.08333333333333333,2.2069955950663585,3.6040376043152498,0.0
mtd_ai,200,0.005048381144401467,0.39473684210526316,4463.461662245551,0.15,150,5,0.08333333333333333,2.2069955950663585,3.6040376043152498,0.0
mtd_ai,200,0.005048381144401467,0.43478260869565216,4993.670031085782,0.2,150,5,0.08333333333333333,2.2069955950663585,3.6040376043152498,0.0
mtd_ai,200,0.005048381144401467,0.46296296296296297,5382.74248935529,0.25,150,5,0.08333333333333333,2.2069955950663585,3.6040376043152498,0.0
mtd_ai,200,0.005074934068401048,0.3409090909090909,2317.084904235461,0.05,150,5,0.2021111111111111,0.012229337500619502,0.04627819911269034,0.0
mtd_ai,200,0.005074934068401048,0.40540540540540543,3532.104685919373,0.1,150,5,0.2021111111111111,0.012229337500619502,0.04627819911269034,0.0
mtd_ai,200,0.005074934068401048,0.4411764705882353,4673.426185992124,0.15,150,5,0.2021111111111111,0.012229337500619502,0.04627819911269034,0.0
mtd_ai,200,0.005074934068401048,0.4838709677419355,5264.99742176773,0.2,150,5,0.2021111111111111,0.012229337500619502,0.04627819911269034,0.0
mtd_ai,200,0.005074934068401048,0.5357142857142857,5577.758272464789,0.25,150,5,0.2021111111111111,0.012229337500619502,0.04627819911269034,0.0
mtd_ai,200,0.00505736253297139,0.25,3652.7746044570586,0.05,150,5,0.15733333333333335,0.6183211268793682,2.6061367259051598,0.0
mtd_ai,200,0.00505736253297139,0.3,5733.189864162741,0.1,150,5,0.15733333333333335,0.6183211268793682,2.6061367259051598,0.0
mtd_ai,200,0.00505736253297139,0.36885245901639346,6267.916715968517,0.15,150,5,0.15733333333333335,0.6183211268793682,2.6061367259051598,0.0
mtd_ai,200,0.00505736253297139,0.39473684210526316,6940.107615528549,0.2,150,5,0.15733333333333335,0.6183211268793682,2.6061367259051598,0.0
mtd_ai,200,0.00505736253297139,0.42134831460674155,7690.523968912166,0.25,150,5,0.15733333333333335,0.6183211268793682,2.6061367259051598,0.0
mtd_ai,200,0.0050537433519394735,0.25,2899.331208603506,0.05,150,5,0.11666666666666667,1.382211286356505,4.5243494457857345,0.0
mtd_ai,200,0.0050537433519394735,0.3125,4128.6363309253275,0.1,150,5,0.11666666666666667,1.382211286356505,4.5243494457857345,0.0
mtd_ai,200,0.0050537433519394735,0.3629032258064516,4718.412613318578,0.15,150,5,0.11666666666666667,1.382211286356505,4.5243494457857345,0.0
mtd_ai,200,0.0050537433519394735,0.37037037037037035,6011.449957426199,0.2,150,5,0.11666666666666667,1.382211286356505,4.5243494457857345,0.0
mtd_ai,200,0.0050537433519394735,0.32608695652173914,7456.691999581368,0.25,150,5,0.11666666666666667,1.382211286356505,4.5243494457857345,0.0
mtd_ai,200,0.0050815472705675714,0.3409090909090909,2214.5156867594023,0.05,150,5,0.13533333333333333,54.150870288396945,6.985481052421622,0.0
mtd_ai,200,0.0050815472705675714,0.38461538461538464,3606.501473828537,0.1,150,5,0.13533333333333333,54.150870288396945,6.985481052421622,0.0
mtd_ai,200,0.0050815472705675714,0.4326923076923077,4656.800033439078,0.15,150,5,0.13533333333333333,54.150870288396945,6.985481052421622,0.0
mtd_ai,200,0.0050815472705675714,0.46153846153846156,5181.0332266730675,0.2,150,5,0.13533333333333333,54.150870288396945,6.985481052421622,0.0
mtd_ai,200,0.0050815472705675714,0.5067567567567568,5672.141727408158,0.25,150,5,0.13533333333333333,54.150870288396945,6.985481052421622,0.0
mtd_ai,200,0.005053672254160431,0.4411764705882353,1458.5923120638488,0.05,150,5,0.0,0.1664883554656497,0.7158358191337917,-5.346153846153846
mtd_ai,200,0.005053672254160431,0.40540540540540543,3179.472403344035,0.1,150,5,0.0,0.1664883554656497,0.7158358191337917,-5.346153846153846
mtd_ai,200,0.005053672254160431,0.45918367346938777,4026.203647197968,0.15,150,5,0.0,0.1664883554656497,0.7158358191337917,-5.346153846153846
mtd_ai,200,0.005053672254160431,0.4838709677419355,4721.97069641291,0.2,150,5,0.0,0.1664883554656497,0.7158358191337917,-5.346153846153846
mtd_ai,200,0.005053672254160431,0.528169014084507,4988.937368489009,0.25,150,5,0.0,0.1664883554656497,0.7158358191337917,-5.346153846153846
mtd_ai,200,0.005053966763992091,0.21428571428571427,3073.816587970642,0.05,150,5,0.13333333333333333,3.150690563267574,5.741126292731369,0.0
mtd_ai,200,0.005053966763992091,0.234375,4611.977653606571,0.1,150,5,0.13333333333333333,3.150690563267574,5.741126292731369,0.0
mtd_ai,200,0.005053966763992091,0.2710843373493976,5724.185515378927,0.15,150,5,0.13333333333333333,3.150690563267574,5.741126292731369,0.0
mtd_ai,200,0.005053966763992091,0.3,6471.09670193947,0.2,150,5,0.13333333333333333,3.150690563267574,5.741126292731369,0.0
mtd_ai,200,0.005053966763992091,0.3409090909090909,6861.126356236702,0.25,150,5,0.13333333333333333,3.150690563267574,5.741126292731369,0.0
mtd_ai,200,0.0050654370209150335,0.32608695652173914,2191.405823588817,0.05,150,5,0.13311111111111112,0.3254246555583853,1.2849087649423065,0.0
mtd_ai,200,0.0050654370209150335,0.3409090909090909,3755.1658335290986,0.1,150,5,0.13311111111111112,0.3254246555583853,1.2849087649423065,0.0
mtd_ai,200,0.0050654370209150335,0.3409090909090909,4925.32510043161,0.15,150,5,0.13311111111111112,0.3254246555583853,1.2849087649423065,0.0
mtd_ai,200,0.0050654370209150335,0.38461538461538464,5623.06718388477,0.2,150,5,0.13311111111111112,0.3254246555583853,1.2849087649423065,0.0
mtd_ai,200,0.0050654370209150335,0.43103448275862066,6122.163502043117,0.25,150,5,0.13311111111111112,0.3254246555583853,1.2849087649423065,0.0
mtd_ai,200,0.005070878313663154,0.46875,1468.25195091172,0.05,150,5,0.12222222222222223,0.07651762817891558,0.28736969410194185,0.0
mtd_ai,200,0.005070878313663154,0.5357142857142857,2115.5648959164996,0.1,150,5,0.12222222222222223,0.07651762817891558,0.28736969410194185,0.0
mtd_ai,200,0.005070878313663154,0.5487804878048781,2882.9652295417923,0.15,150,5,0.12222222222222223,0.07651762817891558,0.28736969410194185,0.0
mtd_ai,200,0.005070878313663154,0.5172413793103449,4073.2389820107737,0.2,150,5,0.12222222222222223,0.07651762817891558,0.28736969410194185,0.0
mtd_ai,200,0.005070878313663154,0.5,5568.462164308341,0.25,150,5,0.12222222222222223,0.07651762817891558,0.28736969410194185,0.0
mtd_ai,200,0.005067384722917023,0.3125,2485.608313232734,0.05,150,5,0.12,0.6071456701852557,1.340669420675985,0.0
mtd_ai,200,0.005067384722917023,0.40540540540540543,3380.5107364427977,0.1,150,5,0.12,0.6071456701852557,1.340669420675985,0.0
mtd_ai,200,0.005067384722917023,0.45,4446.015320703457,0.15,150,5,0.12,0.6071456701852557,1.340669420675985,0.0
mtd_ai,200,0.005067384722917023,0.45454545454545453,5690.486976399124,0.2,150,5,0.12,0.6071456701852557,1.340669420675985,0.0
mtd_ai,200,0.005067384722917023,0.46875,6219.592276826613,0.25,150,5,0.12,0.6071456701852557,1.340669420675985,0.0
mtd_ai,200,0.005045344864930309,0.39473684210526316,2256.530885636099,0.05,150,5,0.11166666666666666,0.1164376457841272,0.31733657765393253,0.0
mtd_ai,200,0.005045344864930309,0.42857142857142855,3577.5197064524036,0.1,150,5,0.11166666666666666,0.1164376457841272,0.31733657765393253,0.0
mtd_ai,200,0.005045344864930309,0.4326923076923077,5139.131970091439,0.15,150,5,0.11166666666666666,0.1164376457841272,0.31733657765393253,0.0
mtd_ai,200,0.005045344864930309,0.46875,5814.302891658912,0.2,150,5,0.11166666666666666,0.1164376457841272,0.31733657765393253,0.0
mtd_ai,200,0.005045344864930309,0.5067567567567568,6271.736282541543,0.25,150,5,0.11166666666666666,0.1164376457841272,0.31733657765393253,0.0
mtd_ai,200,0.005065006156991036,0.3125,2250.814811053505,0.05,150,5,0.10222222222222223,0.6697249312056266,2.4234957242943844,0.0
mtd_ai,200,0.005065006156991036,0.3,4143.592754533038,0.1,150,5,0.10222222222222223,0.6697249312056266,2.4234957242943844,0.0
mtd_ai,200,0.005065006156991036,0.3629032258064516,5244.092676776673,0.15,150,5,0.10222222222222223,0.6697249312056266,2.4234957242943844,0.0
mtd_ai,200,0.005065006156991036,0.410958904109589,5925.922949627724,0.2,150,5,0.10222222222222223,0.6697249312056266,2.4234957242943844,0.0
mtd_ai,200,0.005065006156991036,0.45180722891566266,6674.856802399818,0.25,150,5,0.10222222222222223,0.6697249312056266,2.4234957242943844,0.0
mtd_ai,200,0.005060888115218742,0.2777777777777778,2279.244158538575,0.05,150,5,0.09375,4.178044288839228,5.97641762775392,0.0
mtd_ai,200,0.005060888115218742,0.3125,3960.5104162972234,0.1,150,5,0.09375,4.178044288839228,5.97641762775392,0.0
mtd_ai,200,0.005060888115218742,0.35714285714285715,4978.2094401381155,0.15,150,5,0.09375,4.178044288839228,5.97641762775392,0.0
mtd_ai,200,0.005060888115218742,0.38461538461538464,5921.783009772807,0.2,150,5,0.09375,4.178044288839228,5.97641762775392,0.0
mtd_ai,200,0.005060888115218742,0.42134831460674155,6505.507268016037,0.25,150,5,0.09375,4.178044288839228,5.97641762775392,0.0
mtd_ai,200,0.005070767781435178,0.46875,1647.8802885655564,0.05,150,5,0.09466666666666666,1.550000842355085,3.0711797644443815,0.0
mtd_ai,200,0.005070767781435178,0.4838709677419355,3034.7717738088004,0.1,150,5,0.09466666666666666,1.550000842355085,3.0711797644443815,0.0
mtd_ai,200,0.005070767781435178,0.5357142857142857,3633.41087714486,0.15,150,5,0.09466666666666666,1.550000842355085,3.0711797644443815,0.0
mtd_ai,200,0.005070767781435178,0.5172413793103449,4982.704131448735,0.2,150,5,0.09466666666666666,1.550000842355085,3.0711797644443815,0.0
mtd_ai,200,0.005070767781435178,0.528169014084507,5826.619134281189,0.25,150,5,0.09466666666666666,1.550000842355085,3.0711797644443815,0.0
mtd_ai,200,0.005041263927871771,0.3,3124.7284904486437,0.05,150,5,0.08666666666666667,1.911744755100489,4.923221625070413,0.0
mtd_ai,200,0.005041263927871771,0.36585365853658536,4377.3476384389305,0.1,150,5,0.08666666666666667,1.911744755100489,4.923221625070413,0.0
mtd_ai,200,0.005041263927871771,0.4090909090909091,4966.045695593206,0.15,150,5,0.08666666666666667,1.911744755100489,4.923221625070413,0.0
mtd_ai,200,0.005041263927871771,0.42857142857142855,5706.613894627399,0.2,150,5,0.08666666666666667,1.911744755100489,4.923221625070413,0.0
mtd_ai,200,0.005041263927871771,0.46296296296296297,6242.956121928877,0.25,150,5,0.08666666666666667,1.911744755100489,4.923221625070413,0.0
mtd_ai,200,0.005039312512329807,0.25862068965517243,3097.528011084425,0.05,150,5,0.14866666666666667,0.4630655496719427,1.7433047655158715,0.0
mtd_ai,200,0.005039312512329807,0.30612244897959184,4635.427735736627,0.1,150,5,0.14866666666666667,0.4630655496719427,1.7433047655158715,0.0
mtd_ai,200,0.005039312512329807,0.36885245901639346,5171.088548263747,0.15,150,5,0.14866666666666667,0.4630655496719427,1.7433047655158715,0.0
mtd_ai,200,0.005039312512329807,0.4225352112676056,5608.835838314866,0.2,150,5,0.14866666666666667,0.4630655496719427,1.7433047655158715,0.0
mtd_ai,200,0.005039312512329807,0.46296296296296297,6132.334926930849,0.25,150,5,0.14866666666666667,0.4630655496719427,1.7433047655158715,0.0
mtd_ai,200,0.005073098205798618,0.234375,3442.5878220669974,0.05,150,5,0.13444444444444445,0.03745679391690684,0.16290378140605535,0.0
mtd_ai,200,0.005073098205798618,0.3125,4479.824727755461,0.1,150,5,0.13444444444444445,0.03745679391690684,0.16290378140605535,0.0
mtd_ai,200,0.005073098205798618,0.3879310344827586,5040.417095104886,0.15,150,5,0.13444444444444445,0.03745679391690684,0.16290378140605535,0.0
mtd_ai,200,0.005073098205798618,0.42857142857142855,5746.194062085765,0.2,150,5,0.13444444444444445,0.03745679391690684,0.16290378140605535,0.0
mtd_ai,200,0.005073098205798618,0.46296296296296297,6281.291385046097,0.25,150,5,0.13444444444444445,0.03745679391690684,0.16290378140605535,0.0
mtd_ai,200,0.00504534067282481,0.28846153846153844,2994.656022035517,0.05,150,5,0.08333333333333333,2.0884696503103886,5.211483299726882,-3.4615384615384617
mtd_ai,200,0.00504534067282481,0.35714285714285715,3915.301777887639,0.1,150,5,0.08333333333333333,2.0884696503103886,5.211483299726882,-3.4615384615384617
mtd_ai,200,0.00504534067282481,0.3879310344827586,4622.782084776281,0.15,150,5,0.08333333333333333,2.0884696503103886,5.211483299726882,-3.4615384615384617
mtd_ai,200,0.00504534067282481,0.4225352112676056,5180.020568962566,0.2,150,5,0.08333333333333333,2.0884696503103886,5.211483299726882,-3.4615384615384617
mtd_ai,200,0.00504534067282481,0.4166666666666667,6124.805548493463,0.25,150,5,0.08333333333333333,2.0884696503103886,5.211483299726882,-3.4615384615384617
mtd_ai,200,0.005055089828566957,0.35714285714285715,2083.9718505391374,0.05,150,5,0.15755555555555556,8.785523280142483,7.711232624961898,0.0
mtd_ai,200,0.005055089828566957,0.4166666666666667,3061.094228869702,0.1,150,5,0.15755555555555556,8.785523280142483,7.711232624961898,0.0
mtd_ai,200,0.005055089828566957,0.45918367346938777,3790.322075284057,0.15,150,5,0.15755555555555556,8.785523280142483,7.711232624961898,0.0
mtd_ai,200,0.005055089828566957,0.5,4277.743033233757,0.2,150,5,0.15755555555555556,8.785523280142483,7.711232624961898,0.0
mtd_ai,200,0.005055089828566957,0.5136986301369864,4989.154333130969,0.25,150,5,0.15755555555555556,8.785523280142483,7.711232624961898,0.0
mtd_ai,200,0.005042848690437732,0.4411764705882353,1488.1632505803573,0.05,150,5,0.08333333333333333,0.4023480813904123,1.7600916251532965,-4.6
mtd_ai,200,0.005042848690437732,0.36585365853658536,4259.325431766913,0.1,150,5,0.08333333333333333,0.4023480813904123,1.7600916251532965,-4.6
mtd_ai,200,0.005042848690437732,0.4411764705882353,4852.9079855869,0.15,150,5,0.08333333333333333,0.4023480813904123,1.7600916251532965,-4.6
mtd_ai,200,0.005042848690437732,0.45454545454545453,5922.87832709445,0.2,150,5,0.08333333333333333,0.4023480813904123,1.7600916251532965,-4.6
mtd_ai,200,0.005042848690437732,0.487012987012987,6479.9973430821665,0.25,150,5,0.08333333333333333,0.4023480813904123,1.7600916251532965,-4.6
mtd_ai,200,0.005062104112890787,0.3409090909090909,2084.555620899676,0.05,150,5,0.12666666666666668,0.8883340922768141,3.5489254569254465,0.0
mtd_ai,200,0.005062104112890787,0.40540540540540543,2970.5273385602604,0.1,150,5,0.12666666666666668,0.8883340922768141,3.5489254569254465,0.0
mtd_ai,200,0.005062104112890787,0.4166666666666667,4408.488171010704,0.15,150,5,0.12666666666666668,0.8883340922768141,3.5489254569254465,0.0
mtd_ai,200,0.005062104112890787,0.4411764705882353,5148.231798674396,0.2,150,5,0.12666666666666668,0.8883340922768141,3.5489254569254465,0.0
mtd_ai,200,0.005062104112890787,0.47468354430379744,5863.265837253677,0.25,150,5,0.12666666666666668,0.8883340922768141,3.5489254569254465,0.0
mtd_ai,200,0.005077235249508798,0.39473684210526316,1742.9875460092208,0.05,150,5,0.13061111111111112,3.727999086022931,7.143129748809819,0.0
mtd_ai,200,0.005077235249508798,0.42857142857142855,3160.5893685001556,0.1,150,5,0.13061111111111112,3.727999086022931,7.143129748809819,0.0
mtd_ai,200,0.005077235249508798,0.4411764705882353,4014.5768186928003,0.15,150,5,0.13061111111111112,3.727999086022931,7.143129748809819,0.0
mtd_ai,200,0.005077235249508798,0.46153846153846156,5086.504784625877,0.2,150,5,0.13061111111111112,3.727999086022931,7.143129748809819,0.0
mtd_ai,200,0.005077235249508798,0.487012987012987,5742.78457879206,0.25,150,5,0.13061111111111112,3.727999086022931,7.143129748809819,0.0
mtd_ai,200,0.005037637468173181,0.2777777777777778,2684.388697618331,0.05,150,5,0.2631578947368421,0.7791888043490952,3.1033900356083928,-3.742857142857143
mtd_ai,200,0.005037637468173181,0.36585365853658536,3522.4678635947203,0.1,150,5,0.2631578947368421,0.7791888043490952,3.1033900356083928,-3.742857142857143
mtd_ai,200,0.005037637468173181,0.4090909090909091,4714.528221876695,0.15,150,5,0.2631578947368421,0.7791888043490952,3.1033900356083928,-3.742857142857143
mtd_ai,200,0.005037637468173181,0.39473684210526316,6219.815692827422,0.2,150,5,0.2631578947368421,0.7791888043490952,3.1033900356083928,-3.742857142857143
mtd_ai,200,0.005037637468173181,0.44642857142857145,6517.688912715092,0.25,150,5,0.2631578947368421,0.7791888043490952,3.1033900356083928,-3.742857142857143
mtd_ai,200,0.005060435281125682,0.25862068965517243,3059.141499511629,0.05,150,5,0.1680952380952381,44.035191649910765,5.843630315999355,0.0
mtd_ai,200,0.005060435281125682,0.3488372093023256,4014.200529112071,0.1,150,5,0.1680952380952381,44.035191649910765,5.843630315999355,0.0
mtd_ai,200,0.005060435281125682,0.4017857142857143,4882.676528861737,0.15,150,5,0.1680952380952381,44.035191649910765,5.843630315999355,0.0
mtd_ai,200,0.005060435281125682,0.42857142857142855,5762.7559128940175,0.2,150,5,0.1680952380952381,44.035191649910765,5.843630315999355,0.0
mtd_ai,200,0.005060435281125682,0.46296296296296297,6275.903330434217,0.25,150,5,0.1680952380952381,44.035191649910765,5.843630315999355,0.0
mtd_ai,200,0.005042155313457537,0.4411764705882353,1287.2614226209903,0.05,150,5,0.12200000000000001,0.16570739414667682,0.5536950748635241,0.0
mtd_ai,200,0.005042155313457537,0.4166666666666667,3260.453373325463,0.1,150,5,0.12200000000000001,0.16570739414667682,0.5536950748635241,0.0
mtd_ai,200,0.005042155313457537,0.4017857142857143,4296.76432909275,0.15,150,5,0.12200000000000001,0.16570739414667682,0.5536950748635241,0.0
mtd_ai,200,0.005042155313457537,0.43478260869565216,5314.894623566888,0.2,150,5,0.12200000000000001,0.16570739414667682,0.5536950748635241,0.0
mtd_ai,200,0.005042155313457537,0.47468354430379744,5826.106136488223,0.25,150,5,0.12200000000000001,0.16570739414667682,0.5536950748635241,0.0
mtd_ai,200,0.00508464589249966,0.2777777777777778,2601.7012049038294,0.05,150,5,0.13,1.384098983774696,3.7817912681559505,0.0
mtd_ai,200,0.00508464589249966,0.39473684210526316,3120.087226542404,0.1,150,5,0.13,1.384098983774696,3.7817912681559505,0.0
mtd_ai,200,0.00508464589249966,0.46875,3641.686347848059,0.15,150,5,0.13,1.384098983774696,3.7817912681559505,0.0
mtd_ai,200,0.00508464589249966,0.47619047619047616,4911.516411353222,0.2,150,5,0.13,1.384098983774696,3.7817912681559505,0.0
mtd_ai,200,0.00508464589249966,0.5208333333333334,5438.569502547695,0.25,150,5,0.13,1.384098983774696,3.7817912681559505,0.0
mtd_ai,200,0.005085139617498106,0.375,1321.7490248742008,0.05,150,5,0.19,0.425197048330891,1.7445674707194956,0.0
mtd_ai,200,0.005085139617498106,0.35714285714285715,2648.1047164005404,0.1,150,5,0.19,0.425197048330891,1.7445674707194956,0.0
mtd_ai,200,0.005085139617498106,0.4166666666666667,3855.8751499649297,0.15,150,5,0.19,0.425197048330891,1.7445674707194956,0.0
mtd_ai,200,0.005085139617498106,0.40540540540540543,4959.04079071644,0.2,150,5,0.19,0.425197048330891,1.7445674707194956,0.0
mtd_ai,200,0.005085139617498106,0.44642857142857145,5310.526390558677,0.25,150,5,0.19,0.425197048330891,1.7445674707194956,0.0
mtd_ai,200,0.005038988633616002,0.39473684210526316,1826.705399273397,0.05,150,5,0.07142857142857142,0.7947990364514699,2.2252639163172514,-4.533333333333333
mtd_ai,200,0.005038988633616002,0.39473684210526316,3084.0565859477274,0.1,150,5,0.07142857142857142,0.7947990364514699,2.2252639163172514,-4.533333333333333
mtd_ai,200,0.005038988633616002,0.4787234042553192,3425.4971164723056,0.15,150,5,0.07142857142857142,0.7947990364514699,2.2252639163172514,-4.533333333333333
mtd_ai,200,0.005038988633616002,0.46153846153846156,4603.890139138089,0.2,150,5,0.07142857142857142,0.7947990364514699,2.2252639163172514,-4.533333333333333
mtd_ai,200,0.005038988633616002,0.3409090909090909,6723.60708958617,0.25,150,5,0.07142857142857142,0.7947990364514699,2.2252639163172514,-4.533333333333333
mtd_ai,200,0.005059907056304568,0.25862068965517243,3897.7993097326635,0.05,150,5,0.13725925925925925,0.17454471925780793,0.744482535602566,0.0
mtd_ai,200,0.005059907056304568,0.30612244897959184,4920.330177812872,0.1,150,5,0.13725925925925925,0.17454471925780793,0.744482535602566,0.0
mtd_ai,200,0.005059907056304568,0.35714285714285715,5832.059213913813,0.15,150,5,0.13725925925925925,0.17454471925780793,0.744482535602566,0.0
mtd_ai,200,0.005059907056304568,0.4,6508.262915627005,0.2,150,5,0.13725925925925925,0.17454471925780793,0.744482535602566,0.0
mtd_ai,200,0.005059907056304568,0.4411764705882353,6981.053224726972,0.25,150,5,0.13725925925925925,0.17454471925780793,0.744482535602566,0.0
mtd_ai,200,0.005087221785134333,0.5,1207.7325099120949,0.05,150,5,0.14277777777777778,0.33974126702629565,1.4207759702716185,0.0
mtd_ai,200,0.005087221785134333,0.5357142857142857,2232.327376208301,0.1,150,5,0.14277777777777778,0.33974126702629565,1.4207759702716185,0.0
mtd_ai,200,0.005087221785134333,0.5625,3161.712162379198,0.15,150,5,0.14277777777777778,0.33974126702629565,1.4207759702716185,0.0
mtd_ai,200,0.005087221785134333,0.5555555555555556,3997.826418701104,0.2,150,5,0.14277777777777778,0.33974126702629565,1.4207759702716185,0.0
mtd_ai,200,0.005087221785134333,0.5859375,4751.514458392583,0.25,150,5,0.14277777777777778,0.33974126702629565,1.4207759702716185,0.0
mtd_ai,200,0.005074218312074061,0.28846153846153844,2611.762292707702,0.05,150,5,0.11,1.726546114378627,2.637969011979811,0.0
mtd_ai,200,0.005074218312074061,0.35714285714285715,3655.0758447598114,0.1,150,5,0.11,1.726546114378627,2.637969011979811,0.0
mtd_ai,200,0.005074218312074061,0.42452830188679247,4219.028088889063,0.15,150,5,0.11,1.726546114378627,2.637969011979811,0.0
mtd_ai,200,0.005074218312074061,0.46153846153846156,5214.674323881865,0.2,150,5,0.11,1.726546114378627,2.637969011979811,0.0
mtd_ai,200,0.005074218312074061,0.5067567567567568,5558.610026306647,0.25,150,5,0.11,1.726546114378627,2.637969011979811,0.0
mtd_ai,200,0.005073329860921719,0.3125,2022.3338947495295,0.05,150,5,0.12962962962962962,0.2506744020851169,0.9792080960321249,0.0
mtd_ai,200,0.005073329860921719,0.3191489361702128,3306.769040065915,0.1,150,5,0.12962962962962962,0.2506744020851169,0.9792080960321249,0.0
mtd_ai,200,0.005073329860921719,0.3879310344827586,4068.9146435324838,0.15,150,5,0.12962962962962962,0.2506744020851169,0.9792080960321249,0.0
mtd_ai,200,0.005073329860921719,0.40540540540540543,5479.308512285022,0.2,150,5,0.12962962962962962,0.2506744020851169,0.9792080960321249,0.0
mtd_ai,200,0.005073329860921719,0.42613636363636365,6253.235384464455,0.25,150,5,0.12962962962962962,0.2506744020851169,0.9792080960321249,0.0
mtd_ai,200,0.005049709811034288,0.375,1834.4058931130548,0.05,150,5,0.2037777777777778,0.7701881466347301,3.0079549090133484,0.0
mtd_ai,200,0.005049709811034288,0.4166666666666667,2946.1799214686907,0.1,150,5,0.2037777777777778,0.7701881466347301,3.0079549090133484,0.0
mtd_ai,200,0.005049709811034288,0.4787234042553192,3581.4921208023097,0.15,150,5,0.2037777777777778,0.7701881466347301,3.0079549090133484,0.0
mtd_ai,200,0.005049709811034288,0.5084745762711864,4363.021853916905,0.2,150,5,0.2037777777777778,0.7701881466347301,3.0079549090133484,0.0
mtd_ai,200,0.005049709811034288,0.5434782608695652,4773.850657568386,0.25,150,5,0.2037777777777778,0.7701881466347301,3.0079549090133484,0.0
mtd_ai,200,0.005067439543000607,0.234375,3671.9670864028876,0.05,150,5,0.14166666666666666,2.7592002793203516,1.5218082288132528,0.0
mtd_ai,200,0.005067439543000607,0.3125,4535.450211398882,0.1,150,5,0.14166666666666666,2.7592002793203516,1.5218082288132528,0.0
mtd_ai,200,0.005067439543000607,0.4017857142857143,4911.913463346154,0.15,150,5,0.14166666666666666,2.7592002793203516,1.5218082288132528,0.0
mtd_ai,200,0.005067439543000607,0.45454545454545453,5363.37465864719,0.2,150,5,0.14166666666666666,2.7592002793203516,1.5218082288132528,0.0
mtd_ai,200,0.005067439543000607,0.4411764705882353,6134.629559291898,0.25,150,5,0.14166666666666666,2.7592002793203516,1.5218082288132528,0.0
mtd_ai,200,0.00506885638769073,0.4411764705882353,1429.373450636908,0.05,150,5,0.15333333333333332,0.2003938359707655,0.7306153350149743,0.0
mtd_ai,200,0.00506885638769073,0.40540540540540543,3585.5780820465916,0.1,150,5,0.15333333333333332,0.2003938359707655,0.7306153350149743,0.0
mtd_ai,200,0.00506885638769073,0.45918367346938777,4320.504222927767,0.15,150,5,0.15333333333333332,0.2003938359707655,0.7306153350149743,0.0
mtd_ai,200,0.00506885638769073,0.46153846153846156,5497.017931990367,0.2,150,5,0.15333333333333332,0.2003938359707655,0.7306153350149743,0.0
mtd_ai,200,0.00506885638769073,0.5136986301369864,5895.369073990508,0.25,150,5,0.15333333333333332,0.2003938359707655,0.7306153350149743,0.0
mtd_ai,200,0.005041849042862952,0.20833333333333334,3000.364950400496,0.05,150,5,0.1111111111111111,22.810422527638046,8.835361845144964,0.0
mtd_ai,200,0.005041849042862952,0.25862068965517243,4879.204795746761,0.1,150,5,0.1111111111111111,22.810422527638046,8.835361845144964,0.0
mtd_ai,200,0.005041849042862952,0.3,6037.520803624717,0.15,150,5,0.1111111111111111,22.810422527638046,8.835361845144964,0.0
mtd_ai,200,0.005041849042862952,0.3488372093023256,6492.311711173876,0.2,150,5,0.1111111111111111,22.810422527638046,8.835361845144964,0.0
mtd_ai,200,0.005041849042862952,0.39473684210526316,6807.827046274257,0.25,150,5,0.1111111111111111,22.810422527638046,8.835361845144964,0.0
mtd_ai,200,0.005046592017038962,0.46875,1171.8066903243202,0.05,150,5,0.08,6.019811411342699,8.00627543869918,0.0
mtd_ai,200,0.005046592017038962,0.36585365853658536,3929.121151491429,0.1,150,5,0.08,6.019811411342699,8.00627543869918,0.0
mtd_ai,200,0.005046592017038962,0.4090909090909091,5081.418985529444,0.15,150,5,0.08,6.019811411342699,8.00627543869918,0.0
mtd_ai,200,0.005046592017038962,0.44776119402985076,5443.13702178105,0.2,150,5,0.08,6.019811411342699,8.00627543869918,0.0
mtd_ai,200,0.005046592017038962,0.487012987012987,5870.411278560758,0.25,150,5,0.08,6.019811411342699,8.00627543869918,0.0
mtd_ai,200,0.005046963475898937,0.4166666666666667,1472.009414780699,0.05,150,5,0.13838095238095238,0.9342450978689343,4.036224382213683,0.0
mtd_ai,200,0.005046963475898937,0.4838709677419355,2231.3987850990115,0.1,150,5,0.13838095238095238,0.9342450978689343,4.036224382213683,0.0
mtd_ai,200,0.005046963475898937,0.4787234042553192,3720.96089890921,0.15,150,5,0.13838095238095238,0.9342450978689343,4.036224382213683,0.0
mtd_ai,200,0.005046963475898937,0.4838709677419355,4949.404607917957,0.2,150,5,0.13838095238095238,0.9342450978689343,4.036224382213683,0.0
mtd_ai,200,0.005046963475898937,0.5136986301369864,5471.460189127871,0.25,150,5,0.13838095238095238,0.9342450978689343,4.036224382213683,0.0
mtd_ai,200,0.005037974443685967,0.3409090909090909,2047.5658969690564,0.05,150,5,0.18253968253968253,0.05230680523536581,0.20517085728400017,0.0
mtd_ai,200,0.005037974443685967,0.3409090909090909,3924.146558521258,0.1,150,5,0.18253968253968253,0.05230680523536581,0.20517085728400017,0.0
mtd_ai,200,0.005037974443685967,0.3879310344827586,4956.287050636714,0.15,150,5,0.18253968253968253,0.05230680523536581,0.20517085728400017,0.0
mtd_ai,200,0.005037974443685967,0.4225352112676056,5851.006229142218,0.2,150,5,0.18253968253968253,0.05230680523536581,0.20517085728400017,0.0
mtd_ai,200,0.005037974443685967,0.436046511627907,6574.864172611373,0.25,150,5,0.18253968253968253,0.05230680523536581,0.20517085728400017,0.0
mtd_ai,200,0.005052021911470948,0.21428571428571427,4874.323300706481,0.05,150,5,0.1646031746031746,0.2950608640398748,1.00680043249441,0.0
mtd_ai,200,0.005052021911470948,0.2631578947368421,6244.264110059048,0.1,150,5,0.1646031746031746,0.2950608640398748,1.00680043249441,0.0
mtd_ai,200,0.005052021911470948,0.32142857142857145,6970.220823144466,0.15,150,5,0.1646031746031746,0.2950608640398748,1.00680043249441,0.0
mtd_ai,200,0.005052021911470948,0.37037037037037035,7368.73381814025,0.2,150,5,0.1646031746031746,0.2950608640398748,1.00680043249441,0.0
mtd_ai,200,0.005052021911470948,0.4166666666666667,7722.710748806911,0.25,150,5,0.1646031746031746,0.2950608640398748,1.00680043249441,0.0
mtd_ai,200,0.00506001194801762,0.26785714285714285,3255.7847207456625,0.05,150,5,0.14833333333333334,3.031699967622432,5.229847097276702,0.0
mtd_ai,200,0.00506001194801762,0.36585365853658536,4206.846520878579,0.1,150,5,0.14833333333333334,3.031699967622432,5.229847097276702,0.0
mtd_ai,200,0.00506001194801762,0.39473684210526316,5084.856344249975,0.15,150,5,0.14833333333333334,3.031699967622432,5.229847097276702,0.0
mtd_ai,200,0.00506001194801762,0.42857142857142855,5611.780297394984,0.2,150,5,0.14833333333333334,3.031699967622432,5.229847097276702,0.0
mtd_ai,200,0.00506001194801762,0.39473684210526316,6711.421869786019,0.25,150,5,0.14833333333333334,3.031699967622432,5.229847097276702,0.0
mtd_ai,200,0.005053862480976687,0.26785714285714285,2638.0027280434783,0.05,150,5,0.13555555555555554,0.005437400199664468,0.023462211561257003,0.0
mtd_ai,200,0.005053862480976687,0.36585365853658536,3650.8205447139467,0.1,150,5,0.13555555555555554,0.005437400199664468,0.023462211561257003,0.0
mtd_ai,200,0.005053862480976687,0.4326923076923077,4307.9612110684175,0.15,150,5,0.13555555555555554,0.005437400199664468,0.023462211561257003,0.0
mtd_ai,200,0.005053862480976687,0.4225352112676056,4990.047696555133,0.2,150,5,0.13555555555555554,0.005437400199664468,0.023462211561257003,0.0
mtd_ai,200,0.005053862480976687,0.47468354430379744,5336.2699787591555,0.25,150,5,0.13555555555555554,0.005437400199664468,0.023462211561257003,0.0
mtd_ai,200,0.005044895474243137,0.3125,2468.187544202141,0.05,150,5,0.14844444444444443,1.0880306784744063,3.018182853290078,0.0
mtd_ai,200,0.005044895474243137,0.40540540540540543,3426.258888140042,0.1,150,5,0.14844444444444443,1.0880306784744063,3.018182853290078,0.0
mtd_ai,200,0.005044895474243137,0.4166666666666667,4931.068847142207,0.15,150,5,0.14844444444444443,1.0880306784744063,3.018182853290078,0.0
mtd_ai,200,0.005044895474243137,0.4411764705882353,5638.179953427019,0.2,150,5,0.14844444444444443,1.0880306784744063,3.018182853290078,0.0
mtd_ai,200,0.005044895474243137,0.46875,6343.605560408785,0.25,150,5,0.14844444444444443,1.0880306784744063,3.018182853290078,0.0
mtd_ai,200,0.005062873909731564,0.22727272727272727,3240.7352032191575,0.05,150,5,0.15333333333333332,0.3246250095084321,1.3362163534124878,0.0
mtd_ai,200,0.005062873909731564,0.30612244897959184,4805.467373853412,0.1,150,5,0.15333333333333332,0.3246250095084321,1.3362163534124878,0.0
mtd_ai,200,0.005062873909731564,0.33088235294117646,6128.868512623403,0.15,150,5,0.15333333333333332,0.3246250095084321,1.3362163534124878,0.0
mtd_ai,200,0.005062873909731564,0.375,6572.489350340393,0.2,150,5,0.15333333333333332,0.3246250095084321,1.3362163534124878,0.0
mtd_ai,200,0.005062873909731564,0.4166666666666667,7049.231186781066,0.25,150,5,0.15333333333333332,0.3246250095084321,1.3362163534124878,0.0
mtd_ai,200,0.00503255787918703,0.32608695652173914,2050.18963955444,0.05,150,5,0.13333333333333333,0.28426333400709125,1.2487302710019723,0.0
mtd_ai,200,0.00503255787918703,0.39473684210526316,3064.151060986973,0.1,150,5,0.13333333333333333,0.28426333400709125,1.2487302710019723,0.0
mtd_ai,200,0.00503255787918703,0.25280898876404495,5534.094216662496,0.15,150,5,0.13333333333333333,0.28426333400709125,1.2487302710019723,0.0
mtd_ai,200,0.00503255787918703,0.2912621359223301,6545.399117511259,0.2,150,5,0.13333333333333333,0.28426333400709125,1.2487302710019723,0.0
mtd_ai,200,0.00503255787918703,0.33185840707964603,7083.010347598596,0.25,150,5,0.13333333333333333,0.28426333400709125,1.2487302710019723,0.0
mtd_ai,200,0.005049305690362038,0.3125,2752.422360170535,0.05,150,5,0.15833333333333333,0.4615984505186111,1.7710181235863398,0.0
mtd_ai,200,0.005049305690362038,0.3488372093023256,4116.462722707565,0.1,150,5,0.15833333333333333,0.4615984505186111,1.7710181235863398,0.0
mtd_ai,200,0.005049305690362038,0.3879310344827586,5187.242854321588,0.15,150,5,0.15833333333333333,0.4615984505186111,1.7710181235863398,0.0
mtd_ai,200,0.005049305690362038,0.36585365853658536,6377.785133652356,0.2,150,5,0.15833333333333333,0.4615984505186111,1.7710181235863398,0.0
mtd_ai,200,0.005049305690362038,0.375,7740.402669547615,0.25,150,5,0.15833333333333333,0.4615984505186111,1.7710181235863398,0.0
mtd_ai,200,0.005072536340575367,0.375,1357.349288102162,0.05,150,5,0.13611111111111113,0.7348957124376108,2.916393375701375,0.0
mtd_ai,200,0.005072536340575367,0.3333333333333333,3239.5289119379704,0.1,150,5,0.13611111111111113,0.7348957124376108,2.916393375701375,0.0
mtd_ai,200,0.005072536340575367,0.3409090909090909,4280.589643946288,0.15,150,5,0.13611111111111113,0.7348957124376108,2.916393375701375,0.0
mtd_ai,200,0.005072536340575367,0.36585365853658536,4986.104417367576,0.2,150,5,0.13611111111111113,0.7348957124376108,2.916393375701375,0.0
mtd_ai,200,0.005072536340575367,0.4076086956521739,5712.35923622741,0.25,150,5,0.13611111111111113,0.7348957124376108,2.916393375701375,0.0
mtd_ai,200,0.005073338029102816,0.39473684210526316,1727.3100670662207,0.05,150,5,0.16666666666666666,5.526293538986824,4.222710361614091,0.0
mtd_ai,200,0.005073338029102816,0.38461538461538464,3697.4182328817783,0.1,150,5,0.16666666666666666,5.526293538986824,4.222710361614091,0.0
mtd_ai,200,0.005073338029102816,0.45,4488.418984898117,0.15,150,5,0.16666666666666666,5.526293538986824,4.222710361614091,0.0
mtd_ai,200,0.005073338029102816,0.46153846153846156,5388.74063860981,0.2,150,5,0.16666666666666666,5.526293538986824,4.222710361614091,0.0
mtd_ai,200,0.005073338029102816,0.487012987012987,5907.192904184871,0.25,150,5,0.16666666666666666,5.526293538986824,4.222710361614091,0.0
mtd_ai,200,0.0050558465704601385,0.21428571428571427,3446.822883054904,0.05,150,5,0.13666666666666666,0.32893184572560846,0.9840785216098842,0.0
mtd_ai,200,0.0050558465704601385,0.29411764705882354,4349.585939607687,0.1,150,5,0.13666666666666666,0.32893184572560846,0.9840785216098842,0.0
mtd_ai,200,0.0050558465704601385,0.35714285714285715,5060.049517847938,0.15,150,5,0.13666666666666666,0.32893184572560846,0.9840785216098842,0.0
mtd_ai,200,0.0050558465704601385,0.379746835443038,6269.044421205759,0.2,150,5,0.13666666666666666,0.32893184572560846,0.9840785216098842,0.0
mtd_ai,200,0.0050558465704601385,0.42613636363636365,6680.05992690235,0.25,150,5,0.13666666666666666,0.32893184572560846,0.9840785216098842,0.0
mtd_ai,200,0.005082225280339641,0.5,1124.642346560878,0.05,150,5,0.1588888888888889,0.5935163671455052,0.8097553751731947,0.0
mtd_ai,200,0.005082225280339641,0.4838709677419355,2080.712452547519,0.1,150,5,0.1588888888888889,0.5935163671455052,0.8097553751731947,0.0
mtd_ai,200,0.005082225280339641,0.5357142857142857,2636.156766697258,0.15,150,5,0.1588888888888889,0.5935163671455052,0.8097553751731947,0.0
mtd_ai,200,0.005082225280339641,0.5555555555555556,3370.830957318757,0.2,150,5,0.1588888888888889,0.5935163671455052,0.8097553751731947,0.0
mtd_ai,200,0.005082225280339641,0.6048387096774194,3674.549199762906,0.25,150,5,0.1588888888888889,0.5935163671455052,0.8097553751731947,0.0
mtd_ai,200,0.0050652482014268635,0.3409090909090909,2503.736939111973,0.05,150,5,0.12555555555555556,0.5508819116401312,1.931040576377549,0.0
mtd_ai,200,0.0050652482014268635,0.42857142857142855,3425.855097276263,0.1,150,5,0.12555555555555556,0.5508819116401312,1.931040576377549,0.0
mtd_ai,200,0.0050652482014268635,0.45918367346938777,4816.793756549337,0.15,150,5,0.12555555555555556,0.5508819116401312,1.931040576377549,0.0
mtd_ai,200,0.0050652482014268635,0.4918032786885246,5204.0725116072945,0.2,150,5,0.12555555555555556,0.5508819116401312,1.931040576377549,0.0
mtd_ai,200,0.0050652482014268635,0.45180722891566266,6151.169677011201,0.25,150,5,0.12555555555555556,0.5508819116401312,1.931040576377549,0.0
mtd_ai,200,0.005048396821010576,0.35714285714285715,2198.1442652781907,0.05,150,5,0.13833333333333334,0.22195789134471647,0.8252305187751189,0.0
mtd_ai,200,0.005048396821010576,0.39473684210526316,3592.665117449068,0.1,150,5,0.13833333333333334,0.22195789134471647,0.8252305187751189,0.0
mtd_ai,200,0.005048396821010576,0.45918367346938777,4263.657372403321,0.15,150,5,0.13833333333333334,0.22195789134471647,0.8252305187751189,0.0
mtd_ai,200,0.005048396821010576,0.4838709677419355,4844.001232179573,0.2,150,5,0.13833333333333334,0.22195789134471647,0.8252305187751189,0.0
mtd_ai,200,0.005048396821010576,0.5067567567567568,5380.1591049942945,0.25,150,5,0.13833333333333334,0.22195789134471647,0.8252305187751189,0.0
mtd_ai,200,0.005031814280819173,0.35714285714285715,2250.1477406461167,0.05,150,5,0.08,1.0480706219350606,4.197144264146302,0.0
mtd_ai,200,0.005031814280819173,0.35714285714285715,3852.6349577309607,0.1,150,5,0.08,1.0480706219350606,4.197144264146302,0.0
mtd_ai,200,0.005031814280819173,0.3515625,6111.662080324913,0.15,150,5,0.08,1.0480706219350606,4.197144264146302,0.0
mtd_ai,200,0.005031814280819173,0.36585365853658536,7081.369699392326,0.2,150,5,0.08,1.0480706219350606,4.197144264146302,0.0
mtd_ai,200,0.005031814280819173,0.3865979381443299,8438.42897650118,0.25,150,5,0.08,1.0480706219350606,4.197144264146302,0.0
mtd_ai,200,0.005035817839288804,0.28846153846153844,2385.8137916575815,0.05,150,5,0.12833333333333333,0.2777588119471646,0.42103116632461385,0.0
mtd_ai,200,0.005035817839288804,0.3,4747.674878160517,0.1,150,5,0.12833333333333333,0.2777588119471646,0.42103116632461385,0.0
mtd_ai,200,0.005035817839288804,0.35714285714285715,5239.905722943588,0.15,150,5,0.12833333333333333,0.2777588119471646,0.42103116632461385,0.0
mtd_ai,200,0.005035817839288804,0.38961038961038963,5882.551235565594,0.2,150,5,0.12833333333333333,0.2777588119471646,0.42103116632461385,0.0
mtd_ai,200,0.005035817839288804,0.4032258064516129,6471.697435170334,0.25,150,5,0.12833333333333333,0.2777588119471646,0.42103116632461385,0.0
mtd_ai,200,0.005051296909105993,0.2777777777777778,3309.1743540007187,0.05,150,5,0.13644444444444445,0.01981849631181903,0.05932485580238506,0.0
mtd_ai,200,0.005051296909105993,0.36585365853658536,4073.449816978674,0.1,150,5,0.13644444444444445,0.01981849631181903,0.05932485580238506,0.0
mtd_ai,200,0.005051296909105993,0.4411764705882353,4602.79828096329,0.15,150,5,0.13644444444444445,0.01981849631181903,0.05932485580238506,0.0
mtd_ai,200,0.005051296909105993,0.4918032786885246,5318.785620408336,0.2,150,5,0.13644444444444445,0.01981849631181903,0.05932485580238506,0.0
mtd_ai,200,0.005051296909105993,0.5514705882352942,5546.501442901532,0.25,150,5,0.13644444444444445,0.01981849631181903,0.05932485580238506,0.0
mtd_ai,200,0.0050380567970158266,0.28846153846153844,2656.8859993476854,0.05,150,5,0.14955555555555558,1.1818064961548727,2.8013624389038942,0.0
mtd_ai,200,0.0050380567970158266,0.40540540540540543,3372.914923536009,0.1,150,5,0.14955555555555558,1.1818064961548727,2.8013624389038942,0.0
mtd_ai,200,0.0050380567970158266,0.45918367346938777,4180.600640795254,0.15,150,5,0.14955555555555558,1.1818064961548727,2.8013624389038942,0.0
mtd_ai,200,0.0050380567970158266,0.4838709677419355,5131.048964139103,0.2,150,5,0.14955555555555558,1.1818064961548727,2.8013624389038942,0.0
mtd_ai,200,0.0050380567970158266,0.47468354430379744,6864.079035145149,0.25,150,5,0.14955555555555558,1.1818064961548727,2.8013624389038942,0.0
mtd_ai,200,0.005062045795869166,0.2777777777777778,2619.6741841707662,0.05,150,5,0.14333333333333337,9.035742075350297,6.636411576353077,0.0
mtd_ai,200,0.005062045795869166,0.3409090909090909,4009.3436865378126,0.1,150,5,0.14333333333333337,9.035742075350297,6.636411576353077,0.0
mtd_ai,200,0.005062045795869166,0.3879310344827586,5071.828686915204,0.15,150,5,0.14333333333333337,9.035742075350297,6.636411576353077,0.0
mtd_ai,200,0.005062045795869166,0.4225352112676056,5890.61533683136,0.2,150,5,0.14333333333333337,9.035742075350297,6.636411576353077,0.0
mtd_ai,200,0.005062045795869166,0.4573170731707317,6407.59525159173,0.25,150,5,0.14333333333333337,9.035742075350297,6.636411576353077,0.0
mtd_ai,200,0.0050423341084145845,0.2777777777777778,2905.2944304694292,0.05,150,5,0.09111111111111111,0.9109660707338542,3.980455662242358,0.0
mtd_ai,200,0.0050423341084145845,0.35714285714285715,3679.0855043007423,0.1,150,5,0.09111111111111111,0.9109660707338542,3.980455662242358,0.0
mtd_ai,200,0.0050423341084145845,0.4017857142857143,4661.165316212855,0.15,150,5,0.09111111111111111,0.9109660707338542,3.980455662242358,0.0
mtd_ai,200,0.0050423341084145845,0.43478260869565216,5314.346243772943,0.2,150,5,0.09111111111111111,0.9109660707338542,3.980455662242358,0.0
mtd_ai,200,0.0050423341084145845,0.4807692307692308,5861.672446247487,0.25,150,5,0.09111111111111111,0.9109660707338542,3.980455662242358,0.0
mtd_ai,200,0.005050221720541845,0.3125,2275.384190103299,0.05,150,5,0.16227777777777777,0.7374219935829747,3.1789114902097633,5.333333333333333
mtd_ai,200,0.005050221720541845,0.4166666666666667,2955.7379627919563,0.1,150,5,0.16227777777777777,0.7374219935829747,3.1789114902097633,5.333333333333333
mtd_ai,200,0.005050221720541845,0.46875,3531.7293760214015,0.15,150,5,0.16227777777777777,0.7374219935829747,3.1789114902097633,5.333333333333333
mtd_ai,200,0.005050221720541845,0.45454545454545453,4555.703134083929,0.2,150,5,0.16227777777777777,0.7374219935829747,3.1789114902097633,5.333333333333333
mtd_ai,200,0.005050221720541845,0.4807692307692308,5107.719317446446,0.25,150,5,0.16227777777777777,0.7374219935829747,3.1789114902097633,5.333333333333333
mtd_ai,200,0.005069730406842369,0.3125,2473.987863600471,0.05,150,5,0.09555555555555556,0.37949239338058727,1.3655315690642207,0.0
mtd_ai,200,0.005069730406842369,0.39473684210526316,3485.8850374841713,0.1,150,5,0.09555555555555556,0.37949239338058727,1.3655315690642207,0.0
mtd_ai,200,0.005069730406842369,0.45,4630.954695369705,0.15,150,5,0.09555555555555556,0.37949239338058727,1.3655315690642207,0.0
mtd_ai,200,0.005069730406842369,0.47619047619047616,5382.74124502804,0.2,150,5,0.09555555555555556,0.37949239338058727,1.3655315690642207,0.0
mtd_ai,200,0.005069730406842369,0.5208333333333334,5846.988159538217,0.25,150,5,0.09555555555555556,0.37949239338058727,1.3655315690642207,0.0
mtd_ai,200,0.005065647452827085,0.3125,2555.130467951455,0.05,150,5,0.09666666666666666,0.6812060913615824,1.6103063916820206,0.0
mtd_ai,200,0.005065647452827085,0.38461538461538464,3770.697185764293,0.1,150,5,0.09666666666666666,0.6812060913615824,1.6103063916820206,0.0
mtd_ai,200,0.005065647452827085,0.45918367346938777,4392.181664253864,0.15,150,5,0.09666666666666666,0.6812060913615824,1.6103063916820206,0.0
mtd_ai,200,0.005065647452827085,0.44776119402985076,5473.547226149183,0.2,150,5,0.09666666666666666,0.6812060913615824,1.6103063916820206,0.0
mtd_ai,200,0.005065647452827085,0.46296296296296297,6092.0086805378,0.25,150,5,0.09666666666666666,0.6812060913615824,1.6103063916820206,0.0
mtd_ai,200,0.005074213530843526,0.3,2295.356804908782,0.05,150,5,0.15384615384615385,0.33848636811750377,1.2458782439058338,0.0
mtd_ai,200,0.005074213530843526,0.35714285714285715,3590.1887321658533,0.1,150,5,0.15384615384615385,0.33848636811750377,1.2458782439058338,0.0
mtd_ai,200,0.005074213530843526,0.4017857142857143,4614.50332639192,0.15,150,5,0.15384615384615385,0.33848636811750377,1.2458782439058338,0.0
mtd_ai,200,0.005074213530843526,0.45454545454545453,4899.258491625848,0.2,150,5,0.15384615384615385,0.33848636811750377,1.2458782439058338,0.0
mtd_ai,200,0.005074213530843526,0.46296296296296297,5875.891559343677,0.25,150,5,0.15384615384615385,0.33848636811750377,1.2458782439058338,0.0
mtd_ai,200,0.005059006440762533,0.2777777777777778,3293.400488781593,0.05,150,5,0.14722222222222223,0.2092087569029385,0.8862958075039303,0.0
mtd_ai,200,0.005059006440762533,0.3191489361702128,4953.291180745606,0.1,150,5,0.14722222222222223,0.2092087569029385,0.8862958075039303,0.0
mtd_ai,200,0.005059006440762533,0.3629032258064516,5738.002961932307,0.15,150,5,0.14722222222222223,0.2092087569029385,0.8862958075039303,0.0
mtd_ai,200,0.005059006440762533,0.37037037037037035,7331.134957231812,0.2,150,5,0.14722222222222223,0.2092087569029385,0.8862958075039303,0.0
mtd_ai,200,0.005059006440762533,0.4166666666666667,7638.615345994078,0.25,150,5,0.14722222222222223,0.2092087569029385,0.8862958075039303,0.0
mtd_ai,200,0.00507498222796544,0.3,2114.078220197173,0.05,150,5,0.13912698412698415,1.3229342930490127,4.779569168388446,0.0
mtd_ai,200,0.00507498222796544,0.3488372093023256,3501.8035301156533,0.1,150,5,0.13912698412698415,1.3229342930490127,4.779569168388446,0.0
mtd_ai,200,0.00507498222796544,0.42452830188679247,4084.895428790582,0.15,150,5,0.13912698412698415,1.3229342930490127,4.779569168388446,0.0
mtd_ai,200,0.00507498222796544,0.4411764705882353,5118.559763455272,0.2,150,5,0.13912698412698415,1.3229342930490127,4.779569168388446,0.0
mtd_ai,200,0.00507498222796544,0.47468354430379744,5543.265158402508,0.25,150,5,0.13912698412698415,1.3229342930490127,4.779569168388446,0.0
mtd_ai,200,0.00506162464621386,0.21428571428571427,3483.899974259115,0.05,150,5,0.17844444444444443,0.8230637387546935,3.254959275820905,0.0
mtd_ai,200,0.00506162464621386,0.30612244897959184,4121.352697196717,0.1,150,5,0.17844444444444443,0.8230637387546935,3.254959275820905,0.0
mtd_ai,200,0.00506162464621386,0.3629032258064516,5355.815372660327,0.15,150,5,0.17844444444444443,0.8230637387546935,3.254959275820905,0.0
mtd_ai,200,0.00506162464621386,0.38461538461538464,6022.641979825568,0.2,150,5,0.17844444444444443,0.8230637387546935,3.254959275820905,0.0
mtd_ai,200,0.00506162464621386,0.3787878787878788,6897.44846400801,0.25,150,5,0.17844444444444443,0.8230637387546935,3.254959275820905,0.0
mtd_ai,200,0.005067219995999369,0.3,2272.011248376264,0.05,150,5,0.06666666666666667,0.23555612836105072,0.9997141915779686,0.0
mtd_ai,200,0.005067219995999369,0.30612244897959184,4430.462474819263,0.1,150,5,0.06666666666666667,0.23555612836105072,0.9997141915779686,0.0
mtd_ai,200,0.005067219995999369,0.36885245901639346,4999.217829632558,0.15,150,5,0.06666666666666667,0.23555612836105072,0.9997141915779686,0.0
mtd_ai,200,0.005067219995999369,0.410958904109589,5500.851820812437,0.2,150,5,0.06666666666666667,0.23555612836105072,0.9997141915779686,0.0
mtd_ai,200,0.005067219995999369,0.44642857142857145,6025.968438107868,0.25,150,5,0.06666666666666667,0.23555612836105072,0.9997141915779686,0.0
mtd_ai,200,0.00507530396163448,0.3,2188.7713755037857,0.05,150,5,0.11666666666666667,0.4922517068926895,1.9096111963718625,0.0
mtd_ai,200,0.00507530396163448,0.3488372093023256,3918.483138063246,0.1,150,5,0.11666666666666667,0.4922517068926895,1.9096111963718625,0.0
mtd_ai,200,0.00507530396163448,0.3879310344827586,5123.145561970454,0.15,150,5,0.11666666666666667,0.4922517068926895,1.9096111963718625,0.0
mtd_ai,200,0.00507530396163448,0.4411764705882353,5490.262696598313,0.2,150,5,0.11666666666666667,0.4922517068926895,1.9096111963718625,0.0
mtd_ai,200,0.00507530396163448,0.4934210526315789,5854.918389263154,0.25,150,5,0.11666666666666667,0.4922517068926895,1.9096111963718625,0.0
mtd_ai,200,0.005060784086432314,0.3409090909090909,2237.8529918474987,0.05,150,5,0.21875,1.449490888986169,4.234311619783743,0.0
mtd_ai,200,0.005060784086432314,0.35714285714285715,4030.216522656988,0.1,150,5,0.21875,1.449490888986169,4.234311619783743,0.0
mtd_ai,200,0.005060784086432314,0.4017857142857143,5050.464995827393,0.15,150,5,0.21875,1.449490888986169,4.234311619783743,0.0
mtd_ai,200,0.005060784086432314,0.43478260869565216,5771.002508911524,0.2,150,5,0.21875,1.449490888986169,4.234311619783743,0.0
mtd_ai,200,0.005060784086432314,0.45180722891566266,6979.128775546402,0.25,150,5,0.21875,1.449490888986169,4.234311619783743,0.0
mtd_ai,200,0.005037334920148484,0.22058823529411764,4130.371248303632,0.05,150,5,0.12044444444444442,0.2702214223816451,0.4611961686466912,0.0
mtd_ai,200,0.005037334920148484,0.3125,4982.94669998992,0.1,150,5,0.12044444444444442,0.2702214223816451,0.4611961686466912,0.0
mtd_ai,200,0.005037334920148484,0.36885245901639346,5882.36078076298,0.15,150,5,0.12044444444444442,0.2702214223816451,0.4611961686466912,0.0
mtd_ai,200,0.005037334920148484,0.4166666666666667,6405.246914100039,0.2,150,5,0.12044444444444442,0.2702214223816451,0.4611961686466912,0.0
mtd_ai,200,0.005037334920148484,0.46296296296296297,7107.163734209871,0.25,150,5,0.12044444444444442,0.2702214223816451,0.4611961686466912,0.0
mtd_ai,200,0.0050486246297345265,0.3409090909090909,2246.23271286947,0.05,150,5,0.1283068783068783,1.4286032635335721,4.803723733548248,0.0
mtd_ai,200,0.0050486246297345265,0.3488372093023256,4045.4493471225323,0.1,150,5,0.1283068783068783,1.4286032635335721,4.803723733548248,0.0
mtd_ai,200,0.0050486246297345265,0.39473684210526316,4724.875319363113,0.15,150,5,0.1283068783068783,1.4286032635335721,4.803723733548248,0.0
mtd_ai,200,0.0050486246297345265,0.4,5768.508516316209,0.2,150,5,0.1283068783068783,1.4286032635335721,4.803723733548248,0.0
mtd_ai,200,0.0050486246297345265,0.436046511627907,6248.910512133049,0.25,150,5,0.1283068783068783,1.4286032635335721,4.803723733548248,0.0
mtd_ai,200,0.005059064318132577,0.25862068965517243,2631.8434415605134,0.05,150,5,0.15033333333333335,0.1820070445541279,0.5716804400419377,0.0
mtd_ai,200,0.005059064318132577,0.2727272727272727,4561.411641065137,0.1,150,5,0.15033333333333335,0.1820070445541279,0.5716804400419377,0.0
mtd_ai,200,0.005059064318132577,0.3358208955223881,5054.416213383568,0.15,150,5,0.15033333333333335,0.1820070445541279,0.5716804400419377,0.0
mtd_ai,200,0.005059064318132577,0.3488372093023256,6065.379798761348,0.2,150,5,0.15033333333333335,0.1820070445541279,0.5716804400419377,0.0
mtd_ai,200,0.005059064318132577,0.3605769230769231,6995.142085676385,0.25,150,5,0.15033333333333335,0.1820070445541279,0.5716804400419377,0.0
mtd_ai,200,0.005059983451321193,0.26785714285714285,3394.310288468064,0.05,150,5,0.13422222222222221,0.22510141986271054,0.8066609409666222,0.0
mtd_ai,200,0.005059983451321193,0.32608695652173914,4899.797125708793,0.1,150,5,0.13422222222222221,0.22510141986271054,0.8066609409666222,0.0
mtd_ai,200,0.005059983451321193,0.375,5582.9969757766,0.15,150,5,0.13422222222222221,0.22510141986271054,0.8066609409666222,0.0
mtd_ai,200,0.005059983451321193,0.4,6550.092214152742,0.2,150,5,0.13422222222222221,0.22510141986271054,0.8066609409666222,0.0
mtd_ai,200,0.005059983451321193,0.42613636363636365,7243.007717000998,0.25,150,5,0.13422222222222221,0.22510141986271054,0.8066609409666222,0.0
mtd_ai,200,0.005030231096275474,0.28846153846153844,3228.0245115741745,0.05,150,5,0.10133333333333333,0.18461883390296588,0.6425194255111073,0.0
mtd_ai,200,0.005030231096275474,0.3409090909090909,4982.9450740387665,0.1,150,5,0.10133333333333333,0.18461883390296588,0.6425194255111073,0.0
mtd_ai,200,0.005030231096275474,0.4090909090909091,5810.234473178468,0.15,150,5,0.10133333333333333,0.18461883390296588,0.6425194255111073,0.0
mtd_ai,200,0.005030231096275474,0.46875,6156.535768738143,0.2,150,5,0.10133333333333333,0.18461883390296588,0.6425194255111073,0.0
mtd_ai,200,0.005030231096275474,0.47468354430379744,7452.023163050052,0.25,150,5,0.10133333333333333,0.18461883390296588,0.6425194255111073,0.0
mtd_ai,200,0.005039667944230703,0.32608695652173914,2355.374232877291,0.05,150,5,0.105,0.16020678001948183,0.45466395140755056,0.0
mtd_ai,200,0.005039667944230703,0.42857142857142855,3131.8699724121034,0.1,150,5,0.105,0.16020678001948183,0.45466395140755056,0.0
mtd_ai,200,0.005039667944230703,0.45918367346938777,4033.8681842239225,0.15,150,5,0.105,0.16020678001948183,0.45466395140755056,0.0
mtd_ai,200,0.005039667944230703,0.4838709677419355,5334.468924358878,0.2,150,5,0.105,0.16020678001948183,0.45466395140755056,0.0
mtd_ai,200,0.005039667944230703,0.5,6217.618470330077,0.25,150,5,0.105,0.16020678001948183,0.45466395140755056,0.0
mtd_ai,200,0.005034909028912096,0.20270270270270271,4856.827417253018,0.05,150,5,0.13666666666666666,0.2327323007638316,0.7054146319609542,0.0
mtd_ai,200,0.005034909028912096,0.30612244897959184,5452.604702185097,0.1,150,5,0.13666666666666666,0.2327323007638316,0.7054146319609542,0.0
mtd_ai,200,0.005034909028912096,0.3813559322033898,5931.62139159664,0.15,150,5,0.13666666666666666,0.2327323007638316,0.7054146319609542,0.0
mtd_ai,200,0.005034909028912096,0.35714285714285715,7093.4375399475475,0.2,150,5,0.13666666666666666,0.2327323007638316,0.7054146319609542,0.0
mtd_ai,200,0.005034909028912096,0.4076086956521739,7345.763792259792,0.25,150,5,0.13666666666666666,0.2327323007638316,0.7054146319609542,0.0
mtd_ai,200,0.0050331638037770625,0.26785714285714285,3297.2664478627707,0.05,150,5,0.08333333333333333,0.7271989311218399,3.2096440615785644,3.4473684210526314
mtd_ai,200,0.0050331638037770625,0.2830188679245283,5855.077916621057,0.1,150,5,0.08333333333333333,0.7271989311218399,3.2096440615785644,3.4473684210526314
mtd_ai,200,0.0050331638037770625,0.3409090909090909,6787.661078568608,0.15,150,5,0.08333333333333333,0.7271989311218399,3.2096440615785644,3.4473684210526314
mtd_ai,200,0.0050331638037770625,0.38461538461538464,7547.312708731616,0.2,150,5,0.08333333333333333,0.7271989311218399,3.2096440615785644,3.4473684210526314
mtd_ai,200,0.0050331638037770625,0.42134831460674155,8161.518901794857,0.25,150,5,0.08333333333333333,0.7271989311218399,3.2096440615785644,3.4473684210526314
mtd_ai,200,0.00505687521614234,0.39473684210526316,1680.2999776705255,0.05,150,5,0.10333333333333333,0.3541729114187194,1.3289753328141172,0.0
mtd_ai,200,0.00505687521614234,0.38461538461538464,3475.4500459834658,0.1,150,5,0.10333333333333333,0.3541729114187194,1.3289753328141172,0.0
mtd_ai,200,0.00505687521614234,0.45918367346938777,4131.37467586469,0.15,150,5,0.10333333333333333,0.3541729114187194,1.3289753328141172,0.0
mtd_ai,200,0.00505687521614234,0.379746835443038,5739.1488021333425,0.2,150,5,0.10333333333333333,0.3541729114187194,1.3289753328141172,0.0
mtd_ai,200,0.00505687521614234,0.39893617021276595,6944.507996507531,0.25,150,5,0.10333333333333333,0.3541729114187194,1.3289753328141172,0.0
mtd_ai,200,0.005073704759300985,0.35714285714285715,1615.5807273961268,0.05,150,5,0.17126984126984127,0.7674341743194537,3.107645833428057,0.0
mtd_ai,200,0.005073704759300985,0.39473684210526316,3208.2222300591957,0.1,150,5,0.17126984126984127,0.7674341743194537,3.107645833428057,0.0
mtd_ai,200,0.005073704759300985,0.4090909090909091,4747.73064663393,0.15,150,5,0.17126984126984127,0.7674341743194537,3.107645833428057,0.0
mtd_ai,200,0.005073704759300985,0.44776119402985076,5283.785412689669,0.2,150,5,0.17126984126984127,0.7674341743194537,3.107645833428057,0.0
mtd_ai,200,0.005073704759300985,0.46296296296296297,5898.266575117896,0.25,150,5,0.17126984126984127,0.7674341743194537,3.107645833428057,0.0
