Name,mtd_interval,MEF,ASR,time_to_compromise,host_compromise_ratio,network_size,exposed_endpoints,attack_path_exposure,ROA,risk,shortest_path_variability
mtd_ai,200,0.005039721701210992,0.25,4095.901411264177,0.05,150,5,0.0928888888888889,0.2271868363290665,0.8471500306288192,0.0
mtd_ai,200,0.005039721701210992,0.35714285714285715,4856.135773545885,0.1,150,5,0.0928888888888889,0.2271868363290665,0.8471500306288192,0.0
mtd_ai,200,0.005039721701210992,0.4090909090909091,5805.815086198099,0.15,150,5,0.0928888888888889,0.2271868363290665,0.8471500306288192,0.0
mtd_ai,200,0.005039721701210992,0.45454545454545453,6369.327355350531,0.2,150,5,0.0928888888888889,0.2271868363290665,0.8471500306288192,0.0
mtd_ai,200,0.005039721701210992,0.5,6848.185057488467,0.25,150,5,0.0928888888888889,0.2271868363290665,0.8471500306288192,0.0
mtd_ai,200,0.005061391879706236,0.32608695652173914,2131.5103764214527,0.05,150,5,0.1388888888888889,1.6810143740857555,5.520153708809721,0.0
mtd_ai,200,0.005061391879706236,0.40540540540540543,3312.2100619771,0.1,150,5,0.1388888888888889,1.6810143740857555,5.520153708809721,0.0
mtd_ai,200,0.005061391879706236,0.39473684210526316,5371.017812894706,0.15,150,5,0.1388888888888889,1.6810143740857555,5.520153708809721,0.0
mtd_ai,200,0.005061391879706236,0.4411764705882353,5983.039361915717,0.2,150,5,0.1388888888888889,1.6810143740857555,5.520153708809721,0.0
mtd_ai,200,0.005061391879706236,0.46296296296296297,6666.648897727083,0.25,150,5,0.1388888888888889,1.6810143740857555,5.520153708809721,0.0
mtd_ai,200,0.005074897939298886,0.25862068965517243,2835.3323318308135,0.05,150,5,0.12,1.8079425558563624,5.703152343927806,0.0
mtd_ai,200,0.005074897939298886,0.3409090909090909,3949.6890395938294,0.1,150,5,0.12,1.8079425558563624,5.703152343927806,0.0
mtd_ai,200,0.005074897939298886,0.4090909090909091,4602.023529079028,0.15,150,5,0.12,1.8079425558563624,5.703152343927806,0.0
mtd_ai,200,0.005074897939298886,0.43478260869565216,5355.7540046496015,0.2,150,5,0.12,1.8079425558563624,5.703152343927806,0.0
mtd_ai,200,0.005074897939298886,0.47468354430379744,5790.487239947557,0.25,150,5,0.12,1.8079425558563624,5.703152343927806,0.0
mtd_ai,200,0.005046368357065905,0.3125,2324.101568670544,0.05,150,5,0.136,1.0562215715553827,3.3897161732109975,0.0
mtd_ai,200,0.005046368357065905,0.35714285714285715,4046.7501421954257,0.1,150,5,0.136,1.0562215715553827,3.3897161732109975,0.0
mtd_ai,200,0.005046368357065905,0.4017857142857143,5292.300879413186,0.15,150,5,0.136,1.0562215715553827,3.3897161732109975,0.0
mtd_ai,200,0.005046368357065905,0.45454545454545453,5839.988524642257,0.2,150,5,0.136,1.0562215715553827,3.3897161732109975,0.0
mtd_ai,200,0.005046368357065905,0.5067567567567568,6206.580815069817,0.25,150,5,0.136,1.0562215715553827,3.3897161732109975,0.0
mtd_ai,200,0.005039973962051689,0.26785714285714285,3071.3178856523446,0.05,150,5,0.17444444444444446,1.0180243809276326,4.162150340228713,0.0
mtd_ai,200,0.005039973962051689,0.3125,5209.235809541249,0.1,150,5,0.17444444444444446,1.0180243809276326,4.162150340228713,0.0
mtd_ai,200,0.005039973962051689,0.375,6352.249635861609,0.15,150,5,0.17444444444444446,1.0180243809276326,4.162150340228713,0.0
mtd_ai,200,0.005039973962051689,0.4166666666666667,6741.2084766811595,0.2,150,5,0.17444444444444446,1.0180243809276326,4.162150340228713,0.0
mtd_ai,200,0.005039973962051689,0.45180722891566266,7158.765193863123,0.25,150,5,0.17444444444444446,1.0180243809276326,4.162150340228713,0.0
mtd_ai,200,0.005033186557919982,0.22058823529411764,3091.937051656001,0.05,150,5,0.13466666666666666,0.09040056266834336,0.3596612861887476,0.0
mtd_ai,200,0.005033186557919982,0.28846153846153844,4490.903094679135,0.1,150,5,0.13466666666666666,0.09040056266834336,0.3596612861887476,0.0
mtd_ai,200,0.005033186557919982,0.3515625,5339.370356551721,0.15,150,5,0.13466666666666666,0.09040056266834336,0.3596612861887476,0.0
mtd_ai,200,0.005033186557919982,0.38961038961038963,6460.64838678197,0.2,150,5,0.13466666666666666,0.09040056266834336,0.3596612861887476,0.0
mtd_ai,200,0.005033186557919982,0.43103448275862066,7002.745911703288,0.25,150,5,0.13466666666666666,0.09040056266834336,0.3596612861887476,0.0
mtd_ai,200,0.005068771649667945,0.32608695652173914,2423.8696701661493,0.05,150,5,0.11777777777777776,0.018967195163758933,0.0798240812292355,0.0
mtd_ai,200,0.005068771649667945,0.3125,5040.943242387333,0.1,150,5,0.11777777777777776,0.018967195163758933,0.0798240812292355,0.0
mtd_ai,200,0.005068771649667945,0.3813559322033898,5502.755613376507,0.15,150,5,0.11777777777777776,0.018967195163758933,0.0798240812292355,0.0
mtd_ai,200,0.005068771649667945,0.4225352112676056,6237.655209863361,0.2,150,5,0.11777777777777776,0.018967195163758933,0.0798240812292355,0.0
mtd_ai,200,0.005068771649667945,0.47468354430379744,6502.0405799921045,0.25,150,5,0.11777777777777776,0.018967195163758933,0.0798240812292355,0.0
mtd_ai,200,0.005047263113351943,0.35714285714285715,1875.6069274448416,0.05,150,5,0.1245925925925926,0.10029582251002304,0.3583092021677746,0.0
mtd_ai,200,0.005047263113351943,0.39473684210526316,3261.972862270819,0.1,150,5,0.1245925925925926,0.10029582251002304,0.3583092021677746,0.0
mtd_ai,200,0.005047263113351943,0.42452830188679247,4223.579548915269,0.15,150,5,0.1245925925925926,0.10029582251002304,0.3583092021677746,0.0
mtd_ai,200,0.005047263113351943,0.44776119402985076,4860.258172194211,0.2,150,5,0.1245925925925926,0.10029582251002304,0.3583092021677746,0.0
mtd_ai,200,0.005047263113351943,0.46875,5879.973351761397,0.25,150,5,0.1245925925925926,0.10029582251002304,0.3583092021677746,0.0
mtd_ai,200,0.005059041323905191,0.35714285714285715,2175.0399378035804,0.05,150,5,0.125,0.007178592936488222,0.02741091141627745,0.0
mtd_ai,200,0.005059041323905191,0.375,3430.121263184054,0.1,150,5,0.125,0.007178592936488222,0.02741091141627745,0.0
mtd_ai,200,0.005059041323905191,0.39473684210526316,4772.4674444465545,0.15,150,5,0.125,0.007178592936488222,0.02741091141627745,0.0
mtd_ai,200,0.005059041323905191,0.4166666666666667,5981.377162279228,0.2,150,5,0.125,0.007178592936488222,0.02741091141627745,0.0
mtd_ai,200,0.005059041323905191,0.44642857142857145,6495.354068437258,0.25,150,5,0.125,0.007178592936488222,0.02741091141627745,0.0
mtd_ai,200,0.00504128012052939,0.3409090909090909,2036.8496253516687,0.05,150,5,0.09611111111111112,1.1418148045253864,3.2141999269509385,0.0
mtd_ai,200,0.00504128012052939,0.42857142857142855,2703.722478180125,0.1,150,5,0.09611111111111112,1.1418148045253864,3.2141999269509385,0.0
mtd_ai,200,0.00504128012052939,0.4090909090909091,4901.301963236321,0.15,150,5,0.09611111111111112,1.1418148045253864,3.2141999269509385,0.0
mtd_ai,200,0.00504128012052939,0.4225352112676056,5799.577283866995,0.2,150,5,0.09611111111111112,1.1418148045253864,3.2141999269509385,0.0
mtd_ai,200,0.00504128012052939,0.42613636363636365,6566.18193903593,0.25,150,5,0.09611111111111112,1.1418148045253864,3.2141999269509385,0.0
mtd_ai,200,0.005067779920187364,0.32608695652173914,2087.3143564397305,0.05,150,5,0.14705882352941177,0.35471123128362697,1.4065616045007276,0.0
mtd_ai,200,0.005067779920187364,0.38461538461538464,2962.4427260533753,0.1,150,5,0.14705882352941177,0.35471123128362697,1.4065616045007276,0.0
mtd_ai,200,0.005067779920187364,0.39473684210526316,4122.542178083262,0.15,150,5,0.14705882352941177,0.35471123128362697,1.4065616045007276,0.0
mtd_ai,200,0.005067779920187364,0.42857142857142855,4628.660768656757,0.2,150,5,0.14705882352941177,0.35471123128362697,1.4065616045007276,0.0
mtd_ai,200,0.005067779920187364,0.3826530612244898,5886.888175159507,0.25,150,5,0.14705882352941177,0.35471123128362697,1.4065616045007276,0.0
mtd_ai,200,0.005040767001082708,0.32608695652173914,2107.931693722251,0.05,150,5,0.13555555555555554,3.9398812216024806,1.4089281152663928,0.0
mtd_ai,200,0.005040767001082708,0.38461538461538464,3776.336157411392,0.1,150,5,0.13555555555555554,3.9398812216024806,1.4089281152663928,0.0
mtd_ai,200,0.005040767001082708,0.45,4275.438114056062,0.15,150,5,0.13555555555555554,3.9398812216024806,1.4089281152663928,0.0
mtd_ai,200,0.005040767001082708,0.47619047619047616,5065.50848303332,0.2,150,5,0.13555555555555554,3.9398812216024806,1.4089281152663928,0.0
mtd_ai,200,0.005040767001082708,0.5,6102.910989578366,0.25,150,5,0.13555555555555554,3.9398812216024806,1.4089281152663928,0.0
mtd_ai,200,0.005054911309311477,0.24193548387096775,3820.5722427323553,0.05,150,5,0.09666666666666666,0.5128224483981276,2.1601356407293157,0.0
mtd_ai,200,0.005054911309311477,0.3333333333333333,5013.400769011742,0.1,150,5,0.09666666666666666,0.5128224483981276,2.1601356407293157,0.0
mtd_ai,200,0.005054911309311477,0.4090909090909091,5537.169356174667,0.15,150,5,0.09666666666666666,0.5128224483981276,2.1601356407293157,0.0
mtd_ai,200,0.005054911309311477,0.4411764705882353,6162.422613129058,0.2,150,5,0.09666666666666666,0.5128224483981276,2.1601356407293157,0.0
mtd_ai,200,0.005054911309311477,0.4573170731707317,7250.862201043742,0.25,150,5,0.09666666666666666,0.5128224483981276,2.1601356407293157,0.0
mtd_ai,200,0.005047044898319712,0.39473684210526316,1941.468002097838,0.05,150,5,0.12666666666666668,0.49392894768987605,1.1531095230222905,0.0
mtd_ai,200,0.005047044898319712,0.4411764705882353,3066.019460701674,0.1,150,5,0.12666666666666668,0.49392894768987605,1.1531095230222905,0.0
mtd_ai,200,0.005047044898319712,0.4787234042553192,3759.479115892119,0.15,150,5,0.12666666666666668,0.49392894768987605,1.1531095230222905,0.0
mtd_ai,200,0.005047044898319712,0.46875,4622.666983814231,0.2,150,5,0.12666666666666668,0.49392894768987605,1.1531095230222905,0.0
mtd_ai,200,0.005047044898319712,0.436046511627907,5544.924960968128,0.25,150,5,0.12666666666666668,0.49392894768987605,1.1531095230222905,0.0
mtd_ai,200,0.005044621317861913,0.3409090909090909,2074.650523757065,0.05,150,5,0.1875,2.395348251352253,5.61192586141704,0.0
mtd_ai,200,0.005044621317861913,0.375,3976.602295498009,0.1,150,5,0.1875,2.395348251352253,5.61192586141704,0.0
mtd_ai,200,0.005044621317861913,0.4166666666666667,4703.111252275892,0.15,150,5,0.1875,2.395348251352253,5.61192586141704,0.0
mtd_ai,200,0.005044621317861913,0.4166666666666667,5835.48246312052,0.2,150,5,0.1875,2.395348251352253,5.61192586141704,0.0
mtd_ai,200,0.005044621317861913,0.45180722891566266,6565.6996564412075,0.25,150,5,0.1875,2.395348251352253,5.61192586141704,0.0
mtd_ai,200,0.005057476691953315,0.35714285714285715,2288.15137994033,0.05,150,5,0.1527777777777778,0.5312134408021479,2.2353901200206416,4.964285714285714
mtd_ai,200,0.005057476691953315,0.42857142857142855,3406.066393999696,0.1,150,5,0.1527777777777778,0.5312134408021479,2.2353901200206416,4.964285714285714
mtd_ai,200,0.005057476691953315,0.45918367346938777,4097.462493051669,0.15,150,5,0.1527777777777778,0.5312134408021479,2.2353901200206416,4.964285714285714
mtd_ai,200,0.005057476691953315,0.4918032786885246,4719.701144429402,0.2,150,5,0.1527777777777778,0.5312134408021479,2.2353901200206416,4.964285714285714
mtd_ai,200,0.005057476691953315,0.5208333333333334,5319.712215091678,0.25,150,5,0.1527777777777778,0.5312134408021479,2.2353901200206416,4.964285714285714
mtd_ai,200,0.005062080482678209,0.2777777777777778,2564.096828143857,0.05,150,5,0.1,0.1836952980350424,0.7143816762817582,0.0
mtd_ai,200,0.005062080482678209,0.3409090909090909,4223.793920699323,0.1,150,5,0.1,0.1836952980350424,0.7143816762817582,0.0
mtd_ai,200,0.005062080482678209,0.4017857142857143,5194.312978612163,0.15,150,5,0.1,0.1836952980350424,0.7143816762817582,0.0
mtd_ai,200,0.005062080482678209,0.40540540540540543,6240.4883452158065,0.2,150,5,0.1,0.1836952980350424,0.7143816762817582,0.0
mtd_ai,200,0.005062080482678209,0.4411764705882353,6809.272531013321,0.25,150,5,0.1,0.1836952980350424,0.7143816762817582,0.0
mtd_ai,200,0.00507467740212825,0.25862068965517243,2532.242712434413,0.05,150,5,0.14866666666666667,0.26108196877114936,1.13178390288153,0.0
mtd_ai,200,0.00507467740212825,0.3488372093023256,3472.566427171631,0.1,150,5,0.14866666666666667,0.26108196877114936,1.13178390288153,0.0
mtd_ai,200,0.00507467740212825,0.4090909090909091,4065.8505100898205,0.15,150,5,0.14866666666666667,0.26108196877114936,1.13178390288153,0.0
mtd_ai,200,0.00507467740212825,0.4411764705882353,4830.499477100377,0.2,150,5,0.14866666666666667,0.26108196877114936,1.13178390288153,0.0
mtd_ai,200,0.00507467740212825,0.44642857142857145,5583.097985446428,0.25,150,5,0.14866666666666667,0.26108196877114936,1.13178390288153,0.0
mtd_ai,200,0.005044387836886916,0.25,3115.920680781629,0.05,150,5,0.2894736842105263,1.6872844613505877,4.85121531120372,-4.517241379310345
mtd_ai,200,0.005044387836886916,0.36585365853658536,3833.174310645325,0.1,150,5,0.2894736842105263,1.6872844613505877,4.85121531120372,-4.517241379310345
mtd_ai,200,0.005044387836886916,0.42452830188679247,4425.175520060493,0.15,150,5,0.2894736842105263,1.6872844613505877,4.85121531120372,-4.517241379310345
mtd_ai,200,0.005044387836886916,0.46875,4852.927301698605,0.2,150,5,0.2894736842105263,1.6872844613505877,4.85121531120372,-4.517241379310345
mtd_ai,200,0.005044387836886916,0.45180722891566266,5896.070864461209,0.25,150,5,0.2894736842105263,1.6872844613505877,4.85121531120372,-4.517241379310345
mtd_ai,200,0.005061034767610744,0.375,2034.98448655237,0.05,150,5,0.115,1.7269370250130547,5.616024941778228,0.0
mtd_ai,200,0.005061034767610744,0.35714285714285715,3792.3860074952786,0.1,150,5,0.115,1.7269370250130547,5.616024941778228,0.0
mtd_ai,200,0.005061034767610744,0.4017857142857143,4532.711629230931,0.15,150,5,0.115,1.7269370250130547,5.616024941778228,0.0
mtd_ai,200,0.005061034767610744,0.42857142857142855,5695.632493513065,0.2,150,5,0.115,1.7269370250130547,5.616024941778228,0.0
mtd_ai,200,0.005061034767610744,0.4573170731707317,6388.063281697798,0.25,150,5,0.115,1.7269370250130547,5.616024941778228,0.0
mtd_ai,200,0.005055092852901933,0.35714285714285715,1860.1241420581075,0.05,150,5,0.13166666666666665,0.7529943230947865,0.9136155951437788,0.0
mtd_ai,200,0.005055092852901933,0.375,3111.2296516569304,0.1,150,5,0.13166666666666665,0.7529943230947865,0.9136155951437788,0.0
mtd_ai,200,0.005055092852901933,0.4166666666666667,3956.918916714246,0.15,150,5,0.13166666666666665,0.7529943230947865,0.9136155951437788,0.0
mtd_ai,200,0.005055092852901933,0.46153846153846156,4347.260748612701,0.2,150,5,0.13166666666666665,0.7529943230947865,0.9136155951437788,0.0
mtd_ai,200,0.005055092852901933,0.46875,5242.6954343053485,0.25,150,5,0.13166666666666665,0.7529943230947865,0.9136155951437788,0.0
mtd_ai,200,0.005031960883785032,0.28846153846153844,3098.455929259363,0.05,150,5,0.09955555555555556,0.18427251872054187,0.4028832813639054,0.0
mtd_ai,200,0.005031960883785032,0.3191489361702128,4975.303166153554,0.1,150,5,0.09955555555555556,0.18427251872054187,0.4028832813639054,0.0
mtd_ai,200,0.005031960883785032,0.34615384615384615,6130.412713253778,0.15,150,5,0.09955555555555556,0.18427251872054187,0.4028832813639054,0.0
mtd_ai,200,0.005031960883785032,0.37037037037037035,7538.213275323638,0.2,150,5,0.09955555555555556,0.18427251872054187,0.4028832813639054,0.0
mtd_ai,200,0.005031960883785032,0.41208791208791207,8107.447530120793,0.25,150,5,0.09955555555555556,0.18427251872054187,0.4028832813639054,0.0
mtd_ai,200,0.005079524828406985,0.35714285714285715,2123.5642319794224,0.05,150,5,0.11666666666666667,0.23485449051796145,1.055133852330543,0.0
mtd_ai,200,0.005079524828406985,0.4166666666666667,2881.628848710753,0.1,150,5,0.11666666666666667,0.23485449051796145,1.055133852330543,0.0
mtd_ai,200,0.005079524828406985,0.45918367346938777,3633.532804396501,0.15,150,5,0.11666666666666667,0.23485449051796145,1.055133852330543,0.0
mtd_ai,200,0.005079524828406985,0.45454545454545453,4809.977161475006,0.2,150,5,0.11666666666666667,0.23485449051796145,1.055133852330543,0.0
mtd_ai,200,0.005079524828406985,0.5067567567567568,5031.1991761910485,0.25,150,5,0.11666666666666667,0.23485449051796145,1.055133852330543,0.0
mtd_ai,200,0.005042346801988505,0.2777777777777778,2554.6356798688785,0.05,150,5,0.4861111111111111,3.5354541298005278,5.531902725500474,-4.4
mtd_ai,200,0.005042346801988505,0.2830188679245283,4436.231749808236,0.1,150,5,0.4861111111111111,3.5354541298005278,5.531902725500474,-4.4
mtd_ai,200,0.005042346801988505,0.3409090909090909,5357.99342092589,0.15,150,5,0.4861111111111111,3.5354541298005278,5.531902725500474,-4.4
mtd_ai,200,0.005042346801988505,0.36585365853658536,5928.0198858146105,0.2,150,5,0.4861111111111111,3.5354541298005278,5.531902725500474,-4.4
mtd_ai,200,0.005042346801988505,0.3865979381443299,6466.471396218689,0.25,150,5,0.4861111111111111,3.5354541298005278,5.531902725500474,-4.4
mtd_ai,200,0.0050712008720701345,0.28846153846153844,2754.5383579650024,0.05,150,5,0.13396825396825396,0.7201757852622162,1.2316030176745618,0.0
mtd_ai,200,0.0050712008720701345,0.3333333333333333,3989.865099026244,0.1,150,5,0.13396825396825396,0.7201757852622162,1.2316030176745618,0.0
mtd_ai,200,0.0050712008720701345,0.4017857142857143,4572.156138995331,0.15,150,5,0.13396825396825396,0.7201757852622162,1.2316030176745618,0.0
mtd_ai,200,0.0050712008720701345,0.38461538461538464,5475.617326303717,0.2,150,5,0.13396825396825396,0.7201757852622162,1.2316030176745618,0.0
mtd_ai,200,0.0050712008720701345,0.43103448275862066,5869.284984806864,0.25,150,5,0.13396825396825396,0.7201757852622162,1.2316030176745618,0.0
mtd_ai,200,0.005043412576968295,0.32608695652173914,2016.6598897543336,0.05,150,5,0.03125,0.4237371819858665,1.8046770784457538,-5.153846153846154
mtd_ai,200,0.005043412576968295,0.3488372093023256,3732.460870717383,0.1,150,5,0.03125,0.4237371819858665,1.8046770784457538,-5.153846153846154
mtd_ai,200,0.005043412576968295,0.3813559322033898,4668.2057765922855,0.15,150,5,0.03125,0.4237371819858665,1.8046770784457538,-5.153846153846154
mtd_ai,200,0.005043412576968295,0.4166666666666667,5493.558025675526,0.2,150,5,0.03125,0.4237371819858665,1.8046770784457538,-5.153846153846154
mtd_ai,200,0.005043412576968295,0.4573170731707317,5952.622021786102,0.25,150,5,0.03125,0.4237371819858665,1.8046770784457538,-5.153846153846154
mtd_ai,200,0.005059284210156984,0.28846153846153844,3120.3948499038634,0.05,150,5,0.26666666666666666,2.326649611061308,4.331290401054401,0.0
mtd_ai,200,0.005059284210156984,0.28846153846153844,5441.165991617227,0.1,150,5,0.26666666666666666,2.326649611061308,4.331290401054401,0.0
mtd_ai,200,0.005059284210156984,0.3515625,6156.239368496711,0.15,150,5,0.26666666666666666,2.326649611061308,4.331290401054401,0.0
mtd_ai,200,0.005059284210156984,0.40540540540540543,6554.339689396151,0.2,150,5,0.26666666666666666,2.326649611061308,4.331290401054401,0.0
mtd_ai,200,0.005059284210156984,0.45180722891566266,6922.521544143718,0.25,150,5,0.26666666666666666,2.326649611061308,4.331290401054401,0.0
mtd_ai,200,0.005069796943177207,0.46875,1352.6414792336245,0.05,150,5,0.12333333333333334,0.48305912149743635,2.057256591465595,0.0
mtd_ai,200,0.005069796943177207,0.3125,3598.109719488967,0.1,150,5,0.12333333333333334,0.48305912149743635,2.057256591465595,0.0
mtd_ai,200,0.005069796943177207,0.33088235294117646,4844.437021899341,0.15,150,5,0.12333333333333334,0.48305912149743635,2.057256591465595,0.0
mtd_ai,200,0.005069796943177207,0.3614457831325301,5739.074009816219,0.2,150,5,0.12333333333333334,0.48305912149743635,2.057256591465595,0.0
mtd_ai,200,0.005069796943177207,0.39893617021276595,6313.37604263046,0.25,150,5,0.12333333333333334,0.48305912149743635,2.057256591465595,0.0
mtd_ai,200,0.005067435052235877,0.32608695652173914,2315.551853242173,0.05,150,5,0.07142857142857142,1.8769164723350256,5.088907708570968,0.0
mtd_ai,200,0.005067435052235877,0.3488372093023256,4360.339588968276,0.1,150,5,0.07142857142857142,1.8769164723350256,5.088907708570968,0.0
mtd_ai,200,0.005067435052235877,0.375,5308.581436913897,0.15,150,5,0.07142857142857142,1.8769164723350256,5.088907708570968,0.0
mtd_ai,200,0.005067435052235877,0.4166666666666667,5803.904976021803,0.2,150,5,0.07142857142857142,1.8769164723350256,5.088907708570968,0.0
mtd_ai,200,0.005067435052235877,0.46296296296296297,6066.795620362562,0.25,150,5,0.07142857142857142,1.8769164723350256,5.088907708570968,0.0
mtd_ai,200,0.005034791710073099,0.28846153846153844,2411.8713577134386,0.05,150,5,0.1938888888888889,0.0045583278334452755,0.016403516171449733,0.0
mtd_ai,200,0.005034791710073099,0.36585365853658536,3452.4622690322117,0.1,150,5,0.1938888888888889,0.0045583278334452755,0.016403516171449733,0.0
mtd_ai,200,0.005034791710073099,0.4090909090909091,4352.91021376523,0.15,150,5,0.1938888888888889,0.0045583278334452755,0.016403516171449733,0.0
mtd_ai,200,0.005034791710073099,0.4166666666666667,5878.2247939842855,0.2,150,5,0.1938888888888889,0.0045583278334452755,0.016403516171449733,0.0
mtd_ai,200,0.005034791710073099,0.375,6888.981719812036,0.25,150,5,0.1938888888888889,0.0045583278334452755,0.016403516171449733,0.0
mtd_ai,200,0.005042850492730294,0.35714285714285715,2383.463669230916,0.05,150,5,0.13666666666666666,1.6916520015075456,3.2240088306526338,5.111111111111111
mtd_ai,200,0.005042850492730294,0.45454545454545453,2988.0230093361833,0.1,150,5,0.13666666666666666,1.6916520015075456,3.2240088306526338,5.111111111111111
mtd_ai,200,0.005042850492730294,0.45918367346938777,4252.273528817508,0.15,150,5,0.13666666666666666,1.6916520015075456,3.2240088306526338,5.111111111111111
mtd_ai,200,0.005042850492730294,0.46153846153846156,4910.6657557935105,0.2,150,5,0.13666666666666666,1.6916520015075456,3.2240088306526338,5.111111111111111
mtd_ai,200,0.005042850492730294,0.43103448275862066,6126.731180255834,0.25,150,5,0.13666666666666666,1.6916520015075456,3.2240088306526338,5.111111111111111
mtd_ai,200,0.005064393427158197,0.25,3237.8936490458846,0.05,150,5,0.13333333333333333,9.718340704519052,3.629211558767934,0.0
mtd_ai,200,0.005064393427158197,0.3125,4597.488922735407,0.1,150,5,0.13333333333333333,9.718340704519052,3.629211558767934,0.0
mtd_ai,200,0.005064393427158197,0.375,5139.601863670531,0.15,150,5,0.13333333333333333,9.718340704519052,3.629211558767934,0.0
mtd_ai,200,0.005064393427158197,0.40540540540540543,5846.678715729203,0.2,150,5,0.13333333333333333,9.718340704519052,3.629211558767934,0.0
mtd_ai,200,0.005064393427158197,0.44642857142857145,6311.857590008353,0.25,150,5,0.13333333333333333,9.718340704519052,3.629211558767934,0.0
mtd_ai,200,0.005073741302020564,0.3409090909090909,2101.480876441574,0.05,150,5,0.1,0.7608605148558137,2.0048973370199246,0.0
mtd_ai,200,0.005073741302020564,0.4166666666666667,2934.0722304895908,0.1,150,5,0.1,0.7608605148558137,2.0048973370199246,0.0
mtd_ai,200,0.005073741302020564,0.46875,3600.8115756563056,0.15,150,5,0.1,0.7608605148558137,2.0048973370199246,0.0
mtd_ai,200,0.005073741302020564,0.46875,4537.712009721465,0.2,150,5,0.1,0.7608605148558137,2.0048973370199246,0.0
mtd_ai,200,0.005073741302020564,0.5,5112.726772894975,0.25,150,5,0.1,0.7608605148558137,2.0048973370199246,0.0
mtd_ai,200,0.005035801002805865,0.24193548387096775,3535.701452722074,0.05,150,5,0.11285714285714285,0.13170138668559903,0.4083200997190082,0.0
mtd_ai,200,0.005035801002805865,0.3125,4566.712246016112,0.1,150,5,0.11285714285714285,0.13170138668559903,0.4083200997190082,0.0
mtd_ai,200,0.005035801002805865,0.36885245901639346,5351.858662203613,0.15,150,5,0.11285714285714285,0.13170138668559903,0.4083200997190082,0.0
mtd_ai,200,0.005035801002805865,0.40540540540540543,6034.890538592916,0.2,150,5,0.11285714285714285,0.13170138668559903,0.4083200997190082,0.0
mtd_ai,200,0.005035801002805865,0.4166666666666667,7047.739420643988,0.25,150,5,0.11285714285714285,0.13170138668559903,0.4083200997190082,0.0
mtd_ai,200,0.005046988046113089,0.4166666666666667,1643.4919808083837,0.05,150,5,0.15533333333333335,0.35184704559847296,1.3081557434020354,0.0
mtd_ai,200,0.005046988046113089,0.4411764705882353,3056.2156361671327,0.1,150,5,0.15533333333333335,0.35184704559847296,1.3081557434020354,0.0
mtd_ai,200,0.005046988046113089,0.46875,4250.102301239362,0.15,150,5,0.15533333333333335,0.35184704559847296,1.3081557434020354,0.0
mtd_ai,200,0.005046988046113089,0.4918032786885246,4844.024036370556,0.2,150,5,0.15533333333333335,0.35184704559847296,1.3081557434020354,0.0
mtd_ai,200,0.005046988046113089,0.5208333333333334,5409.443942021265,0.25,150,5,0.15533333333333335,0.35184704559847296,1.3081557434020354,0.0
mtd_ai,200,0.005053644401570491,0.24193548387096775,3065.052138376138,0.05,150,5,0.14033333333333334,0.8821471149616817,3.1924134291737807,0.0
mtd_ai,200,0.005053644401570491,0.2830188679245283,4730.357528867768,0.1,150,5,0.14033333333333334,0.8821471149616817,3.1924134291737807,0.0
mtd_ai,200,0.005053644401570491,0.34615384615384615,5322.256175483509,0.15,150,5,0.14033333333333334,0.8821471149616817,3.1924134291737807,0.0
mtd_ai,200,0.005053644401570491,0.36585365853658536,6370.282768838573,0.2,150,5,0.14033333333333334,0.8821471149616817,3.1924134291737807,0.0
mtd_ai,200,0.005053644401570491,0.39893617021276595,7395.33091853622,0.25,150,5,0.14033333333333334,0.8821471149616817,3.1924134291737807,0.0
mtd_ai,200,0.005055934611090498,0.32608695652173914,1429.7875584885944,0.05,150,5,0.14766666666666667,2.621806887992623,4.575345766852538,0.0
mtd_ai,200,0.005055934611090498,0.30612244897959184,3969.305664910857,0.1,150,5,0.14766666666666667,2.621806887992623,4.575345766852538,0.0
mtd_ai,200,0.005055934611090498,0.35714285714285715,4948.313737183758,0.15,150,5,0.14766666666666667,2.621806887992623,4.575345766852538,0.0
mtd_ai,200,0.005055934611090498,0.3614457831325301,6502.824506981433,0.2,150,5,0.14766666666666667,2.621806887992623,4.575345766852538,0.0
mtd_ai,200,0.005055934611090498,0.375,7250.974350562719,0.25,150,5,0.14766666666666667,2.621806887992623,4.575345766852538,0.0
mtd_ai,200,0.005080912063308746,0.5357142857142857,1196.804359984259,0.05,150,5,0.2727272727272727,0.21650335432602164,0.8983790163204591,0.0
mtd_ai,200,0.005080912063308746,0.40540540540540543,3079.860990286237,0.1,150,5,0.2727272727272727,0.21650335432602164,0.8983790163204591,0.0
mtd_ai,200,0.005080912063308746,0.4090909090909091,4389.214319194912,0.15,150,5,0.2727272727272727,0.21650335432602164,0.8983790163204591,0.0
mtd_ai,200,0.005080912063308746,0.45454545454545453,4998.01589487719,0.2,150,5,0.2727272727272727,0.21650335432602164,0.8983790163204591,0.0
mtd_ai,200,0.005080912063308746,0.4573170731707317,5643.760380384677,0.25,150,5,0.2727272727272727,0.21650335432602164,0.8983790163204591,0.0
mtd_ai,200,0.005031105727104935,0.3,2441.6181872928273,0.05,150,5,0.092,0.3021319718658641,1.0649356542544226,0.0
mtd_ai,200,0.005031105727104935,0.2727272727272727,5279.878778967201,0.1,150,5,0.092,0.3021319718658641,1.0649356542544226,0.0
mtd_ai,200,0.005031105727104935,0.33088235294117646,6465.445277926062,0.15,150,5,0.092,0.3021319718658641,1.0649356542544226,0.0
mtd_ai,200,0.005031105727104935,0.35294117647058826,7295.255948162945,0.2,150,5,0.092,0.3021319718658641,1.0649356542544226,0.0
mtd_ai,200,0.005031105727104935,0.4032258064516129,7629.048952241828,0.25,150,5,0.092,0.3021319718658641,1.0649356542544226,0.0
mtd_ai,200,0.005048652461924115,0.32608695652173914,2605.122325224338,0.05,150,5,0.05263157894736842,1.6119854388281176,5.225332675131006,-5.458333333333333
mtd_ai,200,0.005048652461924115,0.40540540540540543,3458.017072989228,0.1,150,5,0.05263157894736842,1.6119854388281176,5.225332675131006,-5.458333333333333
mtd_ai,200,0.005048652461924115,0.46875,4463.164870769593,0.15,150,5,0.05263157894736842,1.6119854388281176,5.225332675131006,-5.458333333333333
mtd_ai,200,0.005048652461924115,0.5172413793103449,4889.943158718534,0.2,150,5,0.05263157894736842,1.6119854388281176,5.225332675131006,-5.458333333333333
mtd_ai,200,0.005048652461924115,0.5597014925373134,5423.06382571967,0.25,150,5,0.05263157894736842,1.6119854388281176,5.225332675131006,-5.458333333333333
mtd_ai,200,0.0050905193275809545,0.46875,1162.0212738868195,0.05,150,5,0.14555555555555555,1.9240168841820273,4.586716757313723,0.0
mtd_ai,200,0.0050905193275809545,0.4838709677419355,2266.447587022416,0.1,150,5,0.14555555555555555,1.9240168841820273,4.586716757313723,0.0
mtd_ai,200,0.0050905193275809545,0.5232558139534884,3088.290162711265,0.15,150,5,0.14555555555555555,1.9240168841820273,4.586716757313723,0.0
mtd_ai,200,0.0050905193275809545,0.5084745762711864,4075.9492641151237,0.2,150,5,0.14555555555555555,1.9240168841820273,4.586716757313723,0.0
mtd_ai,200,0.0050905193275809545,0.5357142857142857,4454.580261772538,0.25,150,5,0.14555555555555555,1.9240168841820273,4.586716757313723,0.0
mtd_ai,200,0.005064378167876285,0.35714285714285715,2153.6743352353333,0.05,150,5,0.15666666666666668,1.4538846490511608,5.1425878919042844,0.0
mtd_ai,200,0.005064378167876285,0.3488372093023256,4162.9357994814,0.1,150,5,0.15666666666666668,1.4538846490511608,5.1425878919042844,0.0
mtd_ai,200,0.005064378167876285,0.4166666666666667,4967.49410955128,0.15,150,5,0.15666666666666668,1.4538846490511608,5.1425878919042844,0.0
mtd_ai,200,0.005064378167876285,0.46153846153846156,5468.832923980741,0.2,150,5,0.15666666666666668,1.4538846490511608,5.1425878919042844,0.0
mtd_ai,200,0.005064378167876285,0.4934210526315789,6200.805551705358,0.25,150,5,0.15666666666666668,1.4538846490511608,5.1425878919042844,0.0
mtd_ai,200,0.005064906509039702,0.3409090909090909,1880.9892249561735,0.05,150,5,0.11933333333333332,0.4251771998921652,1.140526169918245,0.0
mtd_ai,200,0.005064906509039702,0.3125,3927.5727299192768,0.1,150,5,0.11933333333333332,0.4251771998921652,1.140526169918245,0.0
mtd_ai,200,0.005064906509039702,0.375,4803.930635932292,0.15,150,5,0.11933333333333332,0.4251771998921652,1.140526169918245,0.0
mtd_ai,200,0.005064906509039702,0.4,6178.618680198599,0.2,150,5,0.11933333333333332,0.4251771998921652,1.140526169918245,0.0
mtd_ai,200,0.005064906509039702,0.42134831460674155,6996.095303289188,0.25,150,5,0.11933333333333332,0.4251771998921652,1.140526169918245,0.0
mtd_ai,200,0.005081434588646288,0.3,2531.725765365335,0.05,150,5,0.14666666666666667,0.7783270029856766,3.189105974729478,0.0
mtd_ai,200,0.005081434588646288,0.39473684210526316,3294.0111730755293,0.1,150,5,0.14666666666666667,0.7783270029856766,3.189105974729478,0.0
mtd_ai,200,0.005081434588646288,0.4326923076923077,4228.3360171509685,0.15,150,5,0.14666666666666667,0.7783270029856766,3.189105974729478,0.0
mtd_ai,200,0.005081434588646288,0.47619047619047616,4707.413125639936,0.2,150,5,0.14666666666666667,0.7783270029856766,3.189105974729478,0.0
mtd_ai,200,0.005081434588646288,0.528169014084507,5128.773497087206,0.25,150,5,0.14666666666666667,0.7783270029856766,3.189105974729478,0.0
mtd_ai,200,0.0050424457606603485,0.25862068965517243,3052.446548612973,0.05,150,5,0.1361111111111111,1.9155675535966354,5.213081024138054,0.0
mtd_ai,200,0.0050424457606603485,0.3409090909090909,4047.5371691313444,0.1,150,5,0.1361111111111111,1.9155675535966354,5.213081024138054,0.0
mtd_ai,200,0.0050424457606603485,0.3813559322033898,5051.84775590483,0.15,150,5,0.1361111111111111,1.9155675535966354,5.213081024138054,0.0
mtd_ai,200,0.0050424457606603485,0.4225352112676056,5724.636430968365,0.2,150,5,0.1361111111111111,1.9155675535966354,5.213081024138054,0.0
mtd_ai,200,0.0050424457606603485,0.45180722891566266,6355.427402882926,0.25,150,5,0.1361111111111111,1.9155675535966354,5.213081024138054,0.0
mtd_ai,200,0.005059182097135244,0.28846153846153844,3044.031408956299,0.05,150,5,0.10666666666666667,0.09866482527514395,0.09184953094333645,0.0
mtd_ai,200,0.005059182097135244,0.38461538461538464,3824.639386844847,0.1,150,5,0.10666666666666667,0.09866482527514395,0.09184953094333645,0.0
mtd_ai,200,0.005059182097135244,0.39473684210526316,4954.690922163114,0.15,150,5,0.10666666666666667,0.09866482527514395,0.09184953094333645,0.0
mtd_ai,200,0.005059182097135244,0.42857142857142855,5662.377663528872,0.2,150,5,0.10666666666666667,0.09866482527514395,0.09184953094333645,0.0
mtd_ai,200,0.005059182097135244,0.436046511627907,7027.014496457983,0.25,150,5,0.10666666666666667,0.09866482527514395,0.09184953094333645,0.0
mtd_ai,200,0.0050510760822441,0.32608695652173914,2304.613899076674,0.05,150,5,0.1875,0.15139491348054016,0.6604775827983714,0.0
mtd_ai,200,0.0050510760822441,0.3125,4498.14241034431,0.1,150,5,0.1875,0.15139491348054016,0.6604775827983714,0.0
mtd_ai,200,0.0050510760822441,0.3515625,5473.3803117834905,0.15,150,5,0.1875,0.15139491348054016,0.6604775827983714,0.0
mtd_ai,200,0.0050510760822441,0.3614457831325301,6857.53788033875,0.2,150,5,0.1875,0.15139491348054016,0.6604775827983714,0.0
mtd_ai,200,0.0050510760822441,0.4032258064516129,7319.134096293796,0.25,150,5,0.1875,0.15139491348054016,0.6604775827983714,0.0
mtd_ai,200,0.005055374470277273,0.20270270270270271,4467.889412012668,0.05,150,5,0.12666666666666668,0.36548472335710075,1.4196918043868292,0.0
mtd_ai,200,0.005055374470277273,0.29411764705882354,5317.371784560511,0.1,150,5,0.12666666666666668,0.36548472335710075,1.4196918043868292,0.0
mtd_ai,200,0.005055374470277273,0.3629032258064516,5748.347773804739,0.15,150,5,0.12666666666666668,0.36548472335710075,1.4196918043868292,0.0
mtd_ai,200,0.005055374470277273,0.410958904109589,6343.651776192764,0.2,150,5,0.12666666666666668,0.36548472335710075,1.4196918043868292,0.0
mtd_ai,200,0.005055374470277273,0.42613636363636365,7775.19574531679,0.25,150,5,0.12666666666666668,0.36548472335710075,1.4196918043868292,0.0
mtd_ai,200,0.005037926789807386,0.25862068965517243,3475.1729115652724,0.05,150,5,0.17033333333333334,0.10863449753951467,0.4816501035514689,0.0
mtd_ai,200,0.005037926789807386,0.3409090909090909,4715.395105534092,0.1,150,5,0.17033333333333334,0.10863449753951467,0.4816501035514689,0.0
mtd_ai,200,0.005037926789807386,0.3879310344827586,5621.26263027011,0.15,150,5,0.17033333333333334,0.10863449753951467,0.4816501035514689,0.0
mtd_ai,200,0.005037926789807386,0.4225352112676056,6078.720229010085,0.2,150,5,0.17033333333333334,0.10863449753951467,0.4816501035514689,0.0
mtd_ai,200,0.005037926789807386,0.46875,6468.193567603049,0.25,150,5,0.17033333333333334,0.10863449753951467,0.4816501035514689,0.0
mtd_ai,200,0.005068820488621026,0.28846153846153844,3109.604141079507,0.05,150,5,0.13333333333333333,1.133391676909684,2.753880201012007,0.0
mtd_ai,200,0.005068820488621026,0.30612244897959184,4107.213512314132,0.1,150,5,0.13333333333333333,1.133391676909684,2.753880201012007,0.0
mtd_ai,200,0.005068820488621026,0.36885245901639346,4690.115950435576,0.15,150,5,0.13333333333333333,1.133391676909684,2.753880201012007,0.0
mtd_ai,200,0.005068820488621026,0.40540540540540543,5703.25754387902,0.2,150,5,0.13333333333333333,1.133391676909684,2.753880201012007,0.0
mtd_ai,200,0.005068820488621026,0.45180722891566266,5988.672668093673,0.25,150,5,0.13333333333333333,1.133391676909684,2.753880201012007,0.0
mtd_ai,200,0.00506425891731842,0.3409090909090909,2508.719476962623,0.05,150,5,0.10555555555555556,1.3274574033559257,4.668242598942439,0.0
mtd_ai,200,0.00506425891731842,0.39473684210526316,3884.9144825429794,0.1,150,5,0.10555555555555556,1.3274574033559257,4.668242598942439,0.0
mtd_ai,200,0.00506425891731842,0.45918367346938777,4686.186379206438,0.15,150,5,0.10555555555555556,1.3274574033559257,4.668242598942439,0.0
mtd_ai,200,0.00506425891731842,0.4411764705882353,5846.368522888304,0.2,150,5,0.10555555555555556,1.3274574033559257,4.668242598942439,0.0
mtd_ai,200,0.00506425891731842,0.4573170731707317,6583.068780819651,0.25,150,5,0.10555555555555556,1.3274574033559257,4.668242598942439,0.0
mtd_ai,200,0.00507551409431763,0.4411764705882353,1550.3492480057928,0.05,150,5,0.13444444444444445,0.3068412976518094,1.271171808594496,0.0
mtd_ai,200,0.00507551409431763,0.4838709677419355,2498.063099218074,0.1,150,5,0.13444444444444445,0.3068412976518094,1.271171808594496,0.0
mtd_ai,200,0.00507551409431763,0.4891304347826087,3538.565082908186,0.15,150,5,0.13444444444444445,0.3068412976518094,1.271171808594496,0.0
mtd_ai,200,0.00507551409431763,0.4166666666666667,5366.992944807668,0.2,150,5,0.13444444444444445,0.3068412976518094,1.271171808594496,0.0
mtd_ai,200,0.00507551409431763,0.4573170731707317,5875.214221781373,0.25,150,5,0.13444444444444445,0.3068412976518094,1.271171808594496,0.0
mtd_ai,200,0.005070089899607816,0.2777777777777778,2116.800156510749,0.05,150,5,0.10333333333333333,1.7288992202035403,1.7093615593954272,0.0
mtd_ai,200,0.005070089899607816,0.3488372093023256,3412.2435388282083,0.1,150,5,0.10333333333333333,1.7288992202035403,1.7093615593954272,0.0
mtd_ai,200,0.005070089899607816,0.42452830188679247,4111.428980649139,0.15,150,5,0.10333333333333333,1.7288992202035403,1.7093615593954272,0.0
mtd_ai,200,0.005070089899607816,0.4225352112676056,5164.044476511606,0.2,150,5,0.10333333333333333,1.7288992202035403,1.7093615593954272,0.0
mtd_ai,200,0.005070089899607816,0.4411764705882353,6364.436266802191,0.25,150,5,0.10333333333333333,1.7288992202035403,1.7093615593954272,0.0
mtd_ai,200,0.005056730000291372,0.4166666666666667,1744.7042017930007,0.05,150,5,0.12466666666666666,3.7247785009511944,5.531070287765498,0.0
mtd_ai,200,0.005056730000291372,0.36585365853658536,3262.067923449348,0.1,150,5,0.12466666666666666,3.7247785009511944,5.531070287765498,0.0
mtd_ai,200,0.005056730000291372,0.4326923076923077,4028.618049418477,0.15,150,5,0.12466666666666666,3.7247785009511944,5.531070287765498,0.0
mtd_ai,200,0.005056730000291372,0.47619047619047616,4460.815649793925,0.2,150,5,0.12466666666666666,3.7247785009511944,5.531070287765498,0.0
mtd_ai,200,0.005056730000291372,0.4934210526315789,5172.455572173034,0.25,150,5,0.12466666666666666,3.7247785009511944,5.531070287765498,0.0
mtd_ai,200,0.005039429450453759,0.35714285714285715,2049.6716037670685,0.05,150,5,0.13698412698412699,0.8446221851514424,3.7121105029155053,0.0
mtd_ai,200,0.005039429450453759,0.375,3766.7600748900404,0.1,150,5,0.13698412698412699,0.8446221851514424,3.7121105029155053,0.0
mtd_ai,200,0.005039429450453759,0.39473684210526316,5483.630324420548,0.15,150,5,0.13698412698412699,0.8446221851514424,3.7121105029155053,0.0
mtd_ai,200,0.005039429450453759,0.39473684210526316,6800.7180508648635,0.2,150,5,0.13698412698412699,0.8446221851514424,3.7121105029155053,0.0
mtd_ai,200,0.005039429450453759,0.45180722891566266,7213.059227372807,0.25,150,5,0.13698412698412699,0.8446221851514424,3.7121105029155053,0.0
mtd_ai,200,0.00504675835708,0.28846153846153844,2559.4394668110263,0.05,150,5,0.09811111111111112,0.16661931406418842,0.6624244905523169,0.0
mtd_ai,200,0.00504675835708,0.375,3720.278128181029,0.1,150,5,0.09811111111111112,0.16661931406418842,0.6624244905523169,0.0
mtd_ai,200,0.00504675835708,0.42452830188679247,4473.75074056045,0.15,150,5,0.09811111111111112,0.16661931406418842,0.6624244905523169,0.0
mtd_ai,200,0.00504675835708,0.47619047619047616,4897.480846603485,0.2,150,5,0.09811111111111112,0.16661931406418842,0.6624244905523169,0.0
mtd_ai,200,0.00504675835708,0.47468354430379744,6216.5065442460345,0.25,150,5,0.09811111111111112,0.16661931406418842,0.6624244905523169,0.0
mtd_ai,200,0.005052586684942835,0.3409090909090909,1420.8117457236267,0.05,150,5,0.15333333333333332,0.13852962772800595,0.4603551314817144,0.0
mtd_ai,200,0.005052586684942835,0.3125,3886.717062919772,0.1,150,5,0.15333333333333332,0.13852962772800595,0.4603551314817144,0.0
mtd_ai,200,0.005052586684942835,0.36885245901639346,4894.0346757889165,0.15,150,5,0.15333333333333332,0.13852962772800595,0.4603551314817144,0.0
mtd_ai,200,0.005052586684942835,0.410958904109589,5908.337331059287,0.2,150,5,0.15333333333333332,0.13852962772800595,0.4603551314817144,0.0
mtd_ai,200,0.005052586684942835,0.35046728971962615,7763.866768006277,0.25,150,5,0.15333333333333332,0.13852962772800595,0.4603551314817144,0.0
mtd_ai,200,0.0050639266285331256,0.26785714285714285,3304.823468024489,0.05,150,5,0.11755555555555555,1.0194921397817138,3.3153328510576574,0.0
mtd_ai,200,0.0050639266285331256,0.32608695652173914,4707.995062843676,0.1,150,5,0.11755555555555555,1.0194921397817138,3.3153328510576574,0.0
mtd_ai,200,0.0050639266285331256,0.4017857142857143,5128.1599382994245,0.15,150,5,0.11755555555555555,1.0194921397817138,3.3153328510576574,0.0
mtd_ai,200,0.0050639266285331256,0.4225352112676056,5768.703211698306,0.2,150,5,0.11755555555555555,1.0194921397817138,3.3153328510576574,0.0
mtd_ai,200,0.0050639266285331256,0.43103448275862066,6438.717506365141,0.25,150,5,0.11755555555555555,1.0194921397817138,3.3153328510576574,0.0
mtd_ai,200,0.005086938056705871,0.35714285714285715,1448.5415211383674,0.05,150,5,0.10133333333333333,0.7282313253366846,2.885310038237966,0.0
mtd_ai,200,0.005086938056705871,0.375,2599.585613574101,0.1,150,5,0.10133333333333333,0.7282313253366846,2.885310038237966,0.0
mtd_ai,200,0.005086938056705871,0.4166666666666667,3410.748406400816,0.15,150,5,0.10133333333333333,0.7282313253366846,2.885310038237966,0.0
mtd_ai,200,0.005086938056705871,0.4411764705882353,4180.691763565316,0.2,150,5,0.10133333333333333,0.7282313253366846,2.885310038237966,0.0
mtd_ai,200,0.005086938056705871,0.487012987012987,4845.744033577154,0.25,150,5,0.10133333333333333,0.7282313253366846,2.885310038237966,0.0
mtd_ai,200,0.005044450682201612,0.3409090909090909,1969.907435000951,0.05,150,5,0.12416666666666666,1.6277146937293523,4.845334088717382,0.0
mtd_ai,200,0.005044450682201612,0.2459016393442623,3829.343784476317,0.1,150,5,0.12416666666666666,1.6277146937293523,4.845334088717382,0.0
mtd_ai,200,0.005044450682201612,0.3,4748.645811146904,0.15,150,5,0.12416666666666666,1.6277146937293523,4.845334088717382,0.0
mtd_ai,200,0.005044450682201612,0.33707865168539325,5617.761874517231,0.2,150,5,0.12416666666666666,1.6277146937293523,4.845334088717382,0.0
mtd_ai,200,0.005044450682201612,0.3640776699029126,6338.308035109739,0.25,150,5,0.12416666666666666,1.6277146937293523,4.845334088717382,0.0
mtd_ai,200,0.005036918748367025,0.3,2441.357208951089,0.05,150,5,0.17111111111111113,0.7244613514994079,2.4674720175118723,4.366666666666666
mtd_ai,200,0.005036918748367025,0.3125,4557.739703065903,0.1,150,5,0.17111111111111113,0.7244613514994079,2.4674720175118723,4.366666666666666
mtd_ai,200,0.005036918748367025,0.3813559322033898,4886.088461091047,0.15,150,5,0.17111111111111113,0.7244613514994079,2.4674720175118723,4.366666666666666
mtd_ai,200,0.005036918748367025,0.40540540540540543,5688.882113018103,0.2,150,5,0.17111111111111113,0.7244613514994079,2.4674720175118723,4.366666666666666
mtd_ai,200,0.005036918748367025,0.42613636363636365,6179.952196064425,0.25,150,5,0.17111111111111113,0.7244613514994079,2.4674720175118723,4.366666666666666
mtd_ai,200,0.005067725517131493,0.28846153846153844,2917.204517752627,0.05,150,5,0.46153846153846156,0.8689509593569458,2.2319750438657744,0.0
mtd_ai,200,0.005067725517131493,0.32608695652173914,4722.367007690363,0.1,150,5,0.46153846153846156,0.8689509593569458,2.2319750438657744,0.0
mtd_ai,200,0.005067725517131493,0.4166666666666667,5109.200860962632,0.15,150,5,0.46153846153846156,0.8689509593569458,2.2319750438657744,0.0
mtd_ai,200,0.005067725517131493,0.4411764705882353,5548.305772449474,0.2,150,5,0.46153846153846156,0.8689509593569458,2.2319750438657744,0.0
mtd_ai,200,0.005067725517131493,0.44642857142857145,6499.9020731261835,0.25,150,5,0.46153846153846156,0.8689509593569458,2.2319750438657744,0.0
mtd_ai,200,0.005056871068315065,0.46875,1373.9040902275847,0.05,150,5,0.13333333333333333,0.06113856359971552,0.20254169467615604,0.0
mtd_ai,200,0.005056871068315065,0.42857142857142855,3071.9849532690214,0.1,150,5,0.13333333333333333,0.06113856359971552,0.20254169467615604,0.0
mtd_ai,200,0.005056871068315065,0.4891304347826087,3588.0624151715906,0.15,150,5,0.13333333333333333,0.06113856359971552,0.20254169467615604,0.0
mtd_ai,200,0.005056871068315065,0.46153846153846156,4939.155248596735,0.2,150,5,0.13333333333333333,0.06113856359971552,0.20254169467615604,0.0
mtd_ai,200,0.005056871068315065,0.4934210526315789,5446.096843020576,0.25,150,5,0.13333333333333333,0.06113856359971552,0.20254169467615604,0.0
mtd_ai,200,0.00504574481635346,0.3409090909090909,2433.3400657084294,0.05,150,5,0.1391111111111111,0.0750079302946805,0.3334112762478605,0.0
mtd_ai,200,0.00504574481635346,0.39473684210526316,3270.483609856776,0.1,150,5,0.1391111111111111,0.0750079302946805,0.3334112762478605,0.0
mtd_ai,200,0.00504574481635346,0.4411764705882353,4037.7986922353975,0.15,150,5,0.1391111111111111,0.0750079302946805,0.3334112762478605,0.0
mtd_ai,200,0.00504574481635346,0.46875,5078.84256983934,0.2,150,5,0.1391111111111111,0.0750079302946805,0.3334112762478605,0.0
mtd_ai,200,0.00504574481635346,0.4934210526315789,5673.272701393315,0.25,150,5,0.1391111111111111,0.0750079302946805,0.3334112762478605,0.0
mtd_ai,200,0.005066152753232395,0.3409090909090909,2199.449322108094,0.05,150,5,0.16777777777777778,0.5414929170369166,1.329263325286663,0.0
mtd_ai,200,0.005066152753232395,0.3488372093023256,3546.2573541715333,0.1,150,5,0.16777777777777778,0.5414929170369166,1.329263325286663,0.0
mtd_ai,200,0.005066152753232395,0.4166666666666667,4297.634598699955,0.15,150,5,0.16777777777777778,0.5414929170369166,1.329263325286663,0.0
mtd_ai,200,0.005066152753232395,0.4225352112676056,5215.154461591766,0.2,150,5,0.16777777777777778,0.5414929170369166,1.329263325286663,0.0
mtd_ai,200,0.005066152753232395,0.45180722891566266,6148.937656424847,0.25,150,5,0.16777777777777778,0.5414929170369166,1.329263325286663,0.0
mtd_ai,200,0.00505887674659924,0.3125,1784.2837784907733,0.05,150,5,0.1303174603174603,8.802810198858499,3.3719914871073877,0.0
mtd_ai,200,0.00505887674659924,0.375,3200.8756370897318,0.1,150,5,0.1303174603174603,8.802810198858499,3.3719914871073877,0.0
mtd_ai,200,0.00505887674659924,0.3515625,6054.819187288829,0.15,150,5,0.1303174603174603,8.802810198858499,3.3719914871073877,0.0
mtd_ai,200,0.00505887674659924,0.38961038961038963,6455.205360125594,0.2,150,5,0.1303174603174603,8.802810198858499,3.3719914871073877,0.0
mtd_ai,200,0.00505887674659924,0.41208791208791207,7000.128992808013,0.25,150,5,0.1303174603174603,8.802810198858499,3.3719914871073877,0.0
mtd_ai,200,0.005047665949251151,0.32608695652173914,2082.124185985772,0.05,150,5,0.13333333333333333,0.8232857526406505,3.012905503361304,0.0
mtd_ai,200,0.005047665949251151,0.4166666666666667,2763.042104259654,0.1,150,5,0.13333333333333333,0.8232857526406505,3.012905503361304,0.0
mtd_ai,200,0.005047665949251151,0.4411764705882353,4111.631108663226,0.15,150,5,0.13333333333333333,0.8232857526406505,3.012905503361304,0.0
mtd_ai,200,0.005047665949251151,0.46153846153846156,4817.3074907434675,0.2,150,5,0.13333333333333333,0.8232857526406505,3.012905503361304,0.0
mtd_ai,200,0.005047665949251151,0.44642857142857145,5744.256412678095,0.25,150,5,0.13333333333333333,0.8232857526406505,3.012905503361304,0.0
mtd_ai,200,0.005046482667433353,0.234375,3502.8620548903073,0.05,150,5,0.17366666666666666,0.40040334033802494,1.7185979416546728,0.0
mtd_ai,200,0.005046482667433353,0.3125,4604.021938147852,0.1,150,5,0.17366666666666666,0.40040334033802494,1.7185979416546728,0.0
mtd_ai,200,0.005046482667433353,0.3813559322033898,5327.62764533098,0.15,150,5,0.17366666666666666,0.40040334033802494,1.7185979416546728,0.0
mtd_ai,200,0.005046482667433353,0.42857142857142855,5658.945164495655,0.2,150,5,0.17366666666666666,0.40040334033802494,1.7185979416546728,0.0
mtd_ai,200,0.005046482667433353,0.46875,6254.985601850855,0.25,150,5,0.17366666666666666,0.40040334033802494,1.7185979416546728,0.0
mtd_ai,200,0.005053516759606059,0.1744186046511628,3466.8161221806445,0.05,150,5,0.17099999999999999,0.12463942728812158,0.4609472647053088,0.0
mtd_ai,200,0.005053516759606059,0.23809523809523808,4680.578198858886,0.1,150,5,0.17099999999999999,0.12463942728812158,0.4609472647053088,0.0
mtd_ai,200,0.005053516759606059,0.29605263157894735,5806.130956417472,0.15,150,5,0.17099999999999999,0.12463942728812158,0.4609472647053088,0.0
mtd_ai,200,0.005053516759606059,0.33707865168539325,6312.919664868152,0.2,150,5,0.17099999999999999,0.12463942728812158,0.4609472647053088,0.0
mtd_ai,200,0.005053516759606059,0.3787878787878788,6875.329038903508,0.25,150,5,0.17099999999999999,0.12463942728812158,0.4609472647053088,0.0
mtd_ai,200,0.005067399157374845,0.32608695652173914,2398.552403557632,0.05,150,5,0.15000000000000002,2.2758798709333585,4.386352833479642,0.0
mtd_ai,200,0.005067399157374845,0.40540540540540543,3557.4364987048193,0.1,150,5,0.15000000000000002,2.2758798709333585,4.386352833479642,0.0
mtd_ai,200,0.005067399157374845,0.45918367346938777,4283.763413542088,0.15,150,5,0.15000000000000002,2.2758798709333585,4.386352833479642,0.0
mtd_ai,200,0.005067399157374845,0.5,4830.719263657284,0.2,150,5,0.15000000000000002,2.2758798709333585,4.386352833479642,0.0
mtd_ai,200,0.005067399157374845,0.5067567567567568,5662.7788103230505,0.25,150,5,0.15000000000000002,2.2758798709333585,4.386352833479642,0.0
mtd_ai,200,0.005049443699983704,0.3,2123.21524473355,0.05,150,5,0.11166666666666666,0.2570297881008463,1.128999177584367,0.0
mtd_ai,200,0.005049443699983704,0.40540540540540543,3004.297189872476,0.1,150,5,0.11166666666666666,0.2570297881008463,1.128999177584367,0.0
mtd_ai,200,0.005049443699983704,0.45,4083.3657939623936,0.15,150,5,0.11166666666666666,0.2570297881008463,1.128999177584367,0.0
mtd_ai,200,0.005049443699983704,0.4411764705882353,5194.015887870946,0.2,150,5,0.11166666666666666,0.2570297881008463,1.128999177584367,0.0
mtd_ai,200,0.005049443699983704,0.4807692307692308,5836.577178871754,0.25,150,5,0.11166666666666666,0.2570297881008463,1.128999177584367,0.0
mtd_ai,200,0.0050664788198618495,0.35714285714285715,2369.131824896576,0.05,150,5,0.12977777777777777,0.3950045854837707,0.7201471231897053,0.0
mtd_ai,200,0.0050664788198618495,0.4411764705882353,3187.3072326080005,0.1,150,5,0.12977777777777777,0.3950045854837707,0.7201471231897053,0.0
mtd_ai,200,0.0050664788198618495,0.42452830188679247,4722.878369905214,0.15,150,5,0.12977777777777777,0.3950045854837707,0.7201471231897053,0.0
mtd_ai,200,0.0050664788198618495,0.45454545454545453,5603.036131253038,0.2,150,5,0.12977777777777777,0.3950045854837707,0.7201471231897053,0.0
mtd_ai,200,0.0050664788198618495,0.4934210526315789,6191.9830930567705,0.25,150,5,0.12977777777777777,0.3950045854837707,0.7201471231897053,0.0
mtd_ai,200,0.005044528367750498,0.28846153846153844,2882.5430205402363,0.05,150,5,0.08444444444444445,0.9181053307475128,3.2606341845144935,0.0
mtd_ai,200,0.005044528367750498,0.38461538461538464,3608.4086432238923,0.1,150,5,0.08444444444444445,0.9181053307475128,3.2606341845144935,0.0
mtd_ai,200,0.005044528367750498,0.4166666666666667,5135.084354165143,0.15,150,5,0.08444444444444445,0.9181053307475128,3.2606341845144935,0.0
mtd_ai,200,0.005044528367750498,0.45454545454545453,5721.281921159092,0.2,150,5,0.08444444444444445,0.9181053307475128,3.2606341845144935,0.0
mtd_ai,200,0.005044528367750498,0.487012987012987,6297.121321364102,0.25,150,5,0.08444444444444445,0.9181053307475128,3.2606341845144935,0.0
mtd_ai,200,0.005055778106414436,0.32608695652173914,2393.103350641105,0.05,150,5,0.15789473684210525,0.708217957366194,2.591398086543125,-4.366666666666666
mtd_ai,200,0.005055778106414436,0.4166666666666667,3446.012034862929,0.1,150,5,0.15789473684210525,0.708217957366194,2.591398086543125,-4.366666666666666
mtd_ai,200,0.005055778106414436,0.46875,4454.570751522156,0.15,150,5,0.15789473684210525,0.708217957366194,2.591398086543125,-4.366666666666666
mtd_ai,200,0.005055778106414436,0.5,4962.17563022727,0.2,150,5,0.15789473684210525,0.708217957366194,2.591398086543125,-4.366666666666666
mtd_ai,200,0.005055778106414436,0.5434782608695652,5238.580317950949,0.25,150,5,0.15789473684210525,0.708217957366194,2.591398086543125,-4.366666666666666
mtd_ai,200,0.005069046270775469,0.5357142857142857,1071.2415476029637,0.05,150,5,0.15155555555555555,1.0783899486208683,4.320017078288211,0.0
mtd_ai,200,0.005069046270775469,0.42857142857142855,3171.479044624977,0.1,150,5,0.15155555555555555,1.0783899486208683,4.320017078288211,0.0
mtd_ai,200,0.005069046270775469,0.46875,4032.9701503744964,0.15,150,5,0.15155555555555555,1.0783899486208683,4.320017078288211,0.0
mtd_ai,200,0.005069046270775469,0.45454545454545453,5518.764436820615,0.2,150,5,0.15155555555555555,1.0783899486208683,4.320017078288211,0.0
mtd_ai,200,0.005069046270775469,0.4934210526315789,6090.003702788308,0.25,150,5,0.15155555555555555,1.0783899486208683,4.320017078288211,0.0
mtd_ai,200,0.005040065797987792,0.3409090909090909,2073.170037947375,0.05,150,5,0.10666666666666667,0.6938612051862165,1.8369476955901438,0.0
mtd_ai,200,0.005040065797987792,0.3333333333333333,4311.746985808328,0.1,150,5,0.10666666666666667,0.6938612051862165,1.8369476955901438,0.0
mtd_ai,200,0.005040065797987792,0.3879310344827586,5156.605291817241,0.15,150,5,0.10666666666666667,0.6938612051862165,1.8369476955901438,0.0
mtd_ai,200,0.005040065797987792,0.42857142857142855,5838.84144387073,0.2,150,5,0.10666666666666667,0.6938612051862165,1.8369476955901438,0.0
mtd_ai,200,0.005040065797987792,0.46296296296296297,6313.85244088957,0.25,150,5,0.10666666666666667,0.6938612051862165,1.8369476955901438,0.0
mtd_ai,200,0.0050474836926634676,0.375,1792.6329197337552,0.05,150,5,0.11444444444444443,0.28285037648813144,0.894337984753753,0.0
mtd_ai,200,0.0050474836926634676,0.3488372093023256,3363.3780969283953,0.1,150,5,0.11444444444444443,0.28285037648813144,0.894337984753753,0.0
mtd_ai,200,0.0050474836926634676,0.3813559322033898,4281.549199144255,0.15,150,5,0.11444444444444443,0.28285037648813144,0.894337984753753,0.0
mtd_ai,200,0.0050474836926634676,0.3191489361702128,5832.653375642896,0.2,150,5,0.11444444444444443,0.28285037648813144,0.894337984753753,0.0
mtd_ai,200,0.0050474836926634676,0.36764705882352944,6245.713294796282,0.25,150,5,0.11444444444444443,0.28285037648813144,0.894337984753753,0.0
mtd_ai,200,0.0050500739975242554,0.3409090909090909,1606.8348006459375,0.05,150,5,0.1731111111111111,0.2766907800316012,1.0006091418075747,0.0
mtd_ai,200,0.0050500739975242554,0.4166666666666667,2382.591115437749,0.1,150,5,0.1731111111111111,0.2766907800316012,1.0006091418075747,0.0
mtd_ai,200,0.0050500739975242554,0.4166666666666667,3363.9018185356367,0.15,150,5,0.1731111111111111,0.2766907800316012,1.0006091418075747,0.0
mtd_ai,200,0.0050500739975242554,0.46153846153846156,3886.3339903584497,0.2,150,5,0.1731111111111111,0.2766907800316012,1.0006091418075747,0.0
mtd_ai,200,0.0050500739975242554,0.4934210526315789,4277.851197607848,0.25,150,5,0.1731111111111111,0.2766907800316012,1.0006091418075747,0.0
mtd_ai,200,0.0050986454307963905,0.39473684210526316,1721.4308406242583,0.05,150,5,0.16666666666666666,3.0270449864007754,2.8585159086372074,0.0
mtd_ai,200,0.0050986454307963905,0.38461538461538464,3475.0381656708296,0.1,150,5,0.16666666666666666,3.0270449864007754,2.8585159086372074,0.0
mtd_ai,200,0.0050986454307963905,0.4411764705882353,4286.0125931703915,0.15,150,5,0.16666666666666666,3.0270449864007754,2.8585159086372074,0.0
mtd_ai,200,0.0050986454307963905,0.5,4627.639061602056,0.2,150,5,0.16666666666666666,3.0270449864007754,2.8585159086372074,0.0
mtd_ai,200,0.0050986454307963905,0.5434782608695652,4904.6123408140975,0.25,150,5,0.16666666666666666,3.0270449864007754,2.8585159086372074,0.0
mtd_ai,200,0.005079699391942348,0.4166666666666667,1676.87438925518,0.05,150,5,0.13777777777777778,0.7212067805158133,1.0551665433629913,0.0
mtd_ai,200,0.005079699391942348,0.42857142857142855,3211.1338495940363,0.1,150,5,0.13777777777777778,0.7212067805158133,1.0551665433629913,0.0
mtd_ai,200,0.005079699391942348,0.46875,4052.8379679064337,0.15,150,5,0.13777777777777778,0.7212067805158133,1.0551665433629913,0.0
mtd_ai,200,0.005079699391942348,0.5,4981.448583124446,0.2,150,5,0.13777777777777778,0.7212067805158133,1.0551665433629913,0.0
mtd_ai,200,0.005079699391942348,0.5136986301369864,5796.609965152033,0.25,150,5,0.13777777777777778,0.7212067805158133,1.0551665433629913,0.0
mtd_ai,200,0.00508166200813334,0.28846153846153844,2378.8306854826315,0.05,150,5,0.11066666666666668,0.21828468028927916,0.9420293933269631,0.0
mtd_ai,200,0.00508166200813334,0.38461538461538464,3186.580854405057,0.1,150,5,0.11066666666666668,0.21828468028927916,0.9420293933269631,0.0
mtd_ai,200,0.00508166200813334,0.4326923076923077,4046.638239506423,0.15,150,5,0.11066666666666668,0.21828468028927916,0.9420293933269631,0.0
mtd_ai,200,0.00508166200813334,0.42857142857142855,4886.036506406482,0.2,150,5,0.11066666666666668,0.21828468028927916,0.9420293933269631,0.0
mtd_ai,200,0.00508166200813334,0.46875,5374.038998139336,0.25,150,5,0.11066666666666668,0.21828468028927916,0.9420293933269631,0.0
mtd_ai,200,0.005074902523388766,0.28846153846153844,2202.1174338938604,0.05,150,5,0.09333333333333334,0.7335522490357647,1.5760521085218464,0.0
mtd_ai,200,0.005074902523388766,0.3333333333333333,3368.2559215237625,0.1,150,5,0.09333333333333334,0.7335522490357647,1.5760521085218464,0.0
mtd_ai,200,0.005074902523388766,0.3813559322033898,4418.619902744959,0.15,150,5,0.09333333333333334,0.7335522490357647,1.5760521085218464,0.0
mtd_ai,200,0.005074902523388766,0.4225352112676056,4755.3958756773945,0.2,150,5,0.09333333333333334,0.7335522490357647,1.5760521085218464,0.0
mtd_ai,200,0.005074902523388766,0.46296296296296297,5383.351566312298,0.25,150,5,0.09333333333333334,0.7335522490357647,1.5760521085218464,0.0
mtd_ai,200,0.00505737601508041,0.39473684210526316,1516.7257206328186,0.05,150,5,0.14672222222222223,7.20519476795593,6.020336105510303,0.0
mtd_ai,200,0.00505737601508041,0.3333333333333333,3729.2283532404995,0.1,150,5,0.14672222222222223,7.20519476795593,6.020336105510303,0.0
mtd_ai,200,0.00505737601508041,0.3879310344827586,4658.439043652905,0.15,150,5,0.14672222222222223,7.20519476795593,6.020336105510303,0.0
mtd_ai,200,0.00505737601508041,0.4166666666666667,5687.8984363950185,0.2,150,5,0.14672222222222223,7.20519476795593,6.020336105510303,0.0
mtd_ai,200,0.00505737601508041,0.43103448275862066,6737.457101035276,0.25,150,5,0.14672222222222223,7.20519476795593,6.020336105510303,0.0
mtd_ai,200,0.0050649106105468975,0.32608695652173914,2437.2199540441356,0.05,150,5,0.11,0.7589117591438208,2.4638636213390424,0.0
mtd_ai,200,0.0050649106105468975,0.3,4029.068772107874,0.1,150,5,0.11,0.7589117591438208,2.4638636213390424,0.0
mtd_ai,200,0.0050649106105468975,0.3813559322033898,4361.6174109492185,0.15,150,5,0.11,0.7589117591438208,2.4638636213390424,0.0
mtd_ai,200,0.0050649106105468975,0.39473684210526316,5866.716731337434,0.2,150,5,0.11,0.7589117591438208,2.4638636213390424,0.0
mtd_ai,200,0.0050649106105468975,0.436046511627907,6234.866058504203,0.25,150,5,0.11,0.7589117591438208,2.4638636213390424,0.0
mtd_ai,200,0.005066189510149501,0.26785714285714285,2797.576401133654,0.05,150,5,0.16666666666666666,1.9040015655439115,4.866342768011873,0.0
mtd_ai,200,0.005066189510149501,0.3191489361702128,4494.27731925057,0.1,150,5,0.16666666666666666,1.9040015655439115,4.866342768011873,0.0
mtd_ai,200,0.005066189510149501,0.4017857142857143,4953.568179794567,0.15,150,5,0.16666666666666666,1.9040015655439115,4.866342768011873,0.0
mtd_ai,200,0.005066189510149501,0.43478260869565216,5918.564396045775,0.2,150,5,0.16666666666666666,1.9040015655439115,4.866342768011873,0.0
mtd_ai,200,0.005066189510149501,0.487012987012987,6223.919026865939,0.25,150,5,0.16666666666666666,1.9040015655439115,4.866342768011873,0.0
mtd_ai,200,0.005065933794303821,0.32608695652173914,2050.9372432317227,0.05,150,5,0.1622222222222222,1.0184620382644387,1.849815371416335,0.0
mtd_ai,200,0.005065933794303821,0.36585365853658536,3255.3878397632843,0.1,150,5,0.1622222222222222,1.0184620382644387,1.849815371416335,0.0
mtd_ai,200,0.005065933794303821,0.375,4905.899622884551,0.15,150,5,0.1622222222222222,1.0184620382644387,1.849815371416335,0.0
mtd_ai,200,0.005065933794303821,0.38961038961038963,5922.771340166111,0.2,150,5,0.1622222222222222,1.0184620382644387,1.849815371416335,0.0
mtd_ai,200,0.005065933794303821,0.4032258064516129,6762.509002699703,0.25,150,5,0.1622222222222222,1.0184620382644387,1.849815371416335,0.0
mtd_ai,200,0.0050657655286338345,0.32608695652173914,1942.3885062993265,0.05,150,5,0.16433333333333336,0.5204158961365961,1.6650623667161153,0.0
mtd_ai,200,0.0050657655286338345,0.3409090909090909,4046.3856069891567,0.1,150,5,0.16433333333333336,0.5204158961365961,1.6650623667161153,0.0
mtd_ai,200,0.0050657655286338345,0.3125,6083.092095274331,0.15,150,5,0.16433333333333336,0.5204158961365961,1.6650623667161153,0.0
mtd_ai,200,0.0050657655286338345,0.3614457831325301,6564.111348948849,0.2,150,5,0.16433333333333336,0.5204158961365961,1.6650623667161153,0.0
mtd_ai,200,0.0050657655286338345,0.41208791208791207,6782.226476813938,0.25,150,5,0.16433333333333336,0.5204158961365961,1.6650623667161153,0.0
mtd_ai,200,0.005073850267619354,0.4411764705882353,1558.732219524697,0.05,150,5,0.2727272727272727,0.11006042649573278,0.2905291944611679,0.0
mtd_ai,200,0.005073850267619354,0.46875,2776.711019477918,0.1,150,5,0.2727272727272727,0.11006042649573278,0.2905291944611679,0.0
mtd_ai,200,0.005073850267619354,0.4891304347826087,3907.2073246275077,0.15,150,5,0.2727272727272727,0.11006042649573278,0.2905291944611679,0.0
mtd_ai,200,0.005073850267619354,0.5172413793103449,4659.159688028758,0.2,150,5,0.2727272727272727,0.11006042649573278,0.2905291944611679,0.0
mtd_ai,200,0.005073850267619354,0.5208333333333334,5509.239602718912,0.25,150,5,0.2727272727272727,0.11006042649573278,0.2905291944611679,0.0
mtd_ai,200,0.005065318094961498,0.26785714285714285,3534.7324457722534,0.05,150,5,0.10459259259259258,0.15516112520774575,0.41456436189613205,0.0
mtd_ai,200,0.005065318094961498,0.3409090909090909,4691.483471475734,0.1,150,5,0.10459259259259258,0.15516112520774575,0.41456436189613205,0.0
mtd_ai,200,0.005065318094961498,0.42452830188679247,5171.080206291686,0.15,150,5,0.10459259259259258,0.15516112520774575,0.41456436189613205,0.0
mtd_ai,200,0.005065318094961498,0.45454545454545453,5918.307281177917,0.2,150,5,0.10459259259259258,0.15516112520774575,0.41456436189613205,0.0
mtd_ai,200,0.005065318094961498,0.45180722891566266,7028.458571006402,0.25,150,5,0.10459259259259258,0.15516112520774575,0.41456436189613205,0.0
mtd_ai,200,0.005059562886802412,0.2777777777777778,3128.3027959810715,0.05,150,5,0.14,0.6148375725651248,2.657160072625577,0.0
mtd_ai,200,0.005059562886802412,0.3409090909090909,4562.577536513805,0.1,150,5,0.14,0.6148375725651248,2.657160072625577,0.0
mtd_ai,200,0.005059562886802412,0.3813559322033898,5612.096327036856,0.15,150,5,0.14,0.6148375725651248,2.657160072625577,0.0
mtd_ai,200,0.005059562886802412,0.4225352112676056,6057.99597736743,0.2,150,5,0.14,0.6148375725651248,2.657160072625577,0.0
mtd_ai,200,0.005059562886802412,0.4573170731707317,6501.707035110681,0.25,150,5,0.14,0.6148375725651248,2.657160072625577,0.0
mtd_ai,200,0.0050675827750716156,0.4411764705882353,1436.0755205716805,0.05,150,5,0.16666666666666666,4.993914459511927,6.996176872664288,0.0
mtd_ai,200,0.0050675827750716156,0.5,2168.8760474490236,0.1,150,5,0.16666666666666666,4.993914459511927,6.996176872664288,0.0
mtd_ai,200,0.0050675827750716156,0.4017857142857143,4106.996481372513,0.15,150,5,0.16666666666666666,4.993914459511927,6.996176872664288,0.0
mtd_ai,200,0.0050675827750716156,0.40540540540540543,5376.944795093244,0.2,150,5,0.16666666666666666,4.993914459511927,6.996176872664288,0.0
mtd_ai,200,0.0050675827750716156,0.44642857142857145,5786.59946432834,0.25,150,5,0.16666666666666666,4.993914459511927,6.996176872664288,0.0
mtd_ai,200,0.0050683935725313895,0.3,2130.7513467028393,0.05,150,5,0.19533333333333333,1.3144922115475584,4.609162390245722,0.0
mtd_ai,200,0.0050683935725313895,0.35714285714285715,3601.5403970237685,0.1,150,5,0.19533333333333333,1.3144922115475584,4.609162390245722,0.0
mtd_ai,200,0.0050683935725313895,0.3813559322033898,5143.366521072159,0.15,150,5,0.19533333333333333,1.3144922115475584,4.609162390245722,0.0
mtd_ai,200,0.0050683935725313895,0.4225352112676056,5685.178163943229,0.2,150,5,0.19533333333333333,1.3144922115475584,4.609162390245722,0.0
mtd_ai,200,0.0050683935725313895,0.42134831460674155,6311.280816944702,0.25,150,5,0.19533333333333333,1.3144922115475584,4.609162390245722,0.0
mtd_ai,200,0.005070946209852827,0.3,2552.16815414884,0.05,150,5,0.14285714285714285,0.4965873623665851,2.178250179858773,0.0
mtd_ai,200,0.005070946209852827,0.29411764705882354,4429.779753354585,0.1,150,5,0.14285714285714285,0.4965873623665851,2.178250179858773,0.0
mtd_ai,200,0.005070946209852827,0.3515625,5187.450823821391,0.15,150,5,0.14285714285714285,0.4965873623665851,2.178250179858773,0.0
mtd_ai,200,0.005070946209852827,0.39473684210526316,5734.80819386723,0.2,150,5,0.14285714285714285,0.4965873623665851,2.178250179858773,0.0
mtd_ai,200,0.005070946209852827,0.43103448275862066,6387.9594140043555,0.25,150,5,0.14285714285714285,0.4965873623665851,2.178250179858773,0.0
mtd_ai,200,0.005065940535609287,0.32608695652173914,2095.1775130397973,0.05,150,5,0.15111111111111108,0.6692273064651122,2.0008327170851765,0.0
mtd_ai,200,0.005065940535609287,0.3409090909090909,3834.9840397963526,0.1,150,5,0.15111111111111108,0.6692273064651122,2.0008327170851765,0.0
mtd_ai,200,0.005065940535609287,0.4166666666666667,4426.938111491962,0.15,150,5,0.15111111111111108,0.6692273064651122,2.0008327170851765,0.0
mtd_ai,200,0.005065940535609287,0.44776119402985076,5138.874954461478,0.2,150,5,0.15111111111111108,0.6692273064651122,2.0008327170851765,0.0
mtd_ai,200,0.005065940535609287,0.4807692307692308,5844.189805027611,0.25,150,5,0.15111111111111108,0.6692273064651122,2.0008327170851765,0.0
mtd_ai,200,0.005039279789663112,0.2777777777777778,2472.6131485407836,0.05,150,5,0.1111111111111111,21.077078405364762,5.672477157539022,0.0
mtd_ai,200,0.005039279789663112,0.2830188679245283,4594.798241322724,0.1,150,5,0.1111111111111111,21.077078405364762,5.672477157539022,0.0
mtd_ai,200,0.005039279789663112,0.31690140845070425,5483.13138913599,0.15,150,5,0.1111111111111111,21.077078405364762,5.672477157539022,0.0
mtd_ai,200,0.005039279789663112,0.36585365853658536,6125.079017551565,0.2,150,5,0.1111111111111111,21.077078405364762,5.672477157539022,0.0
mtd_ai,200,0.005039279789663112,0.3865979381443299,6630.256767208781,0.25,150,5,0.1111111111111111,21.077078405364762,5.672477157539022,0.0
mtd_ai,200,0.005058930116970677,0.20270270270270271,3552.6052409997674,0.05,150,5,0.1608888888888889,1.1130484268192324,4.135643288293299,0.0
mtd_ai,200,0.005058930116970677,0.2830188679245283,4738.66528756785,0.1,150,5,0.1608888888888889,1.1130484268192324,4.135643288293299,0.0
mtd_ai,200,0.005058930116970677,0.32142857142857145,6440.456853881423,0.15,150,5,0.1608888888888889,1.1130484268192324,4.135643288293299,0.0
mtd_ai,200,0.005058930116970677,0.36585365853658536,7098.972690843393,0.2,150,5,0.1608888888888889,1.1130484268192324,4.135643288293299,0.0
mtd_ai,200,0.005058930116970677,0.4076086956521739,7461.121065806792,0.25,150,5,0.1608888888888889,1.1130484268192324,4.135643288293299,0.0
mtd_ai,200,0.005071432472587463,0.4166666666666667,1525.0369525687693,0.05,150,5,0.1511111111111111,0.23269154683470125,1.027016294599172,0.0
mtd_ai,200,0.005071432472587463,0.36585365853658536,3715.562276508028,0.1,150,5,0.1511111111111111,0.23269154683470125,1.027016294599172,0.0
mtd_ai,200,0.005071432472587463,0.42452830188679247,4509.046562568943,0.15,150,5,0.1511111111111111,0.23269154683470125,1.027016294599172,0.0
mtd_ai,200,0.005071432472587463,0.4411764705882353,5606.985985174617,0.2,150,5,0.1511111111111111,0.23269154683470125,1.027016294599172,0.0
mtd_ai,200,0.005071432472587463,0.46875,6143.817647179785,0.25,150,5,0.1511111111111111,0.23269154683470125,1.027016294599172,0.0
mtd_ai,200,0.005057414539326706,0.234375,3790.745676657822,0.05,150,5,0.07222222222222222,1.1570009522759404,3.6682386604884365,0.0
mtd_ai,200,0.005057414539326706,0.3125,5204.671685719075,0.1,150,5,0.07222222222222222,1.1570009522759404,3.6682386604884365,0.0
mtd_ai,200,0.005057414539326706,0.375,5671.005979422138,0.15,150,5,0.07222222222222222,1.1570009522759404,3.6682386604884365,0.0
mtd_ai,200,0.005057414539326706,0.4225352112676056,6399.394927671456,0.2,150,5,0.07222222222222222,1.1570009522759404,3.6682386604884365,0.0
mtd_ai,200,0.005057414539326706,0.46296296296296297,6920.390629998932,0.25,150,5,0.07222222222222222,1.1570009522759404,3.6682386604884365,0.0
mtd_ai,200,0.005052372631790537,0.32608695652173914,2164.5887788711934,0.05,150,5,0.13015873015873017,0.29778818287304626,1.0078153621863204,0.0
mtd_ai,200,0.005052372631790537,0.375,3532.4177481625757,0.1,150,5,0.13015873015873017,0.29778818287304626,1.0078153621863204,0.0
mtd_ai,200,0.005052372631790537,0.4090909090909091,4407.953309362064,0.15,150,5,0.13015873015873017,0.29778818287304626,1.0078153621863204,0.0
mtd_ai,200,0.005052372631790537,0.4411764705882353,5161.508403277223,0.2,150,5,0.13015873015873017,0.29778818287304626,1.0078153621863204,0.0
mtd_ai,200,0.005052372631790537,0.46875,5641.82350111193,0.25,150,5,0.13015873015873017,0.29778818287304626,1.0078153621863204,0.0
mtd_ai,200,0.00503482905507037,0.24193548387096775,3554.1232715742435,0.05,150,5,0.10666666666666667,7.116049396032094,6.568228408036726,0.0
mtd_ai,200,0.00503482905507037,0.32608695652173914,5180.159712417797,0.1,150,5,0.10666666666666667,7.116049396032094,6.568228408036726,0.0
mtd_ai,200,0.00503482905507037,0.375,5850.776547511856,0.15,150,5,0.10666666666666667,7.116049396032094,6.568228408036726,0.0
mtd_ai,200,0.00503482905507037,0.40540540540540543,6434.573412688365,0.2,150,5,0.10666666666666667,7.116049396032094,6.568228408036726,0.0
mtd_ai,200,0.00503482905507037,0.436046511627907,6902.4592604894715,0.25,150,5,0.10666666666666667,7.116049396032094,6.568228408036726,0.0
mtd_ai,200,0.005070052067387057,0.3409090909090909,2022.8847371199108,0.05,150,5,0.1781111111111111,1.298350338081388,3.7404397281642,0.0
mtd_ai,200,0.005070052067387057,0.40540540540540543,2965.5857311037585,0.1,150,5,0.1781111111111111,1.298350338081388,3.7404397281642,0.0
mtd_ai,200,0.005070052067387057,0.4891304347826087,3701.510804913217,0.15,150,5,0.1781111111111111,1.298350338081388,3.7404397281642,0.0
mtd_ai,200,0.005070052067387057,0.410958904109589,5180.314621321004,0.2,150,5,0.1781111111111111,1.298350338081388,3.7404397281642,0.0
mtd_ai,200,0.005070052067387057,0.43103448275862066,6210.458850197998,0.25,150,5,0.1781111111111111,1.298350338081388,3.7404397281642,0.0
mtd_ai,200,0.005071630843551621,0.3409090909090909,2441.149700879493,0.05,150,5,0.11355555555555556,3.5868863668492077,7.213267485365449,0.0
mtd_ai,200,0.005071630843551621,0.35714285714285715,4255.8116024069495,0.1,150,5,0.11355555555555556,3.5868863668492077,7.213267485365449,0.0
mtd_ai,200,0.005071630843551621,0.4326923076923077,4851.501683565534,0.15,150,5,0.11355555555555556,3.5868863668492077,7.213267485365449,0.0
mtd_ai,200,0.005071630843551621,0.4918032786885246,5204.718945018529,0.2,150,5,0.11355555555555556,3.5868863668492077,7.213267485365449,0.0
mtd_ai,200,0.005071630843551621,0.5067567567567568,5684.99301947263,0.25,150,5,0.11355555555555556,3.5868863668492077,7.213267485365449,0.0
mtd_ai,200,0.005045077155434023,0.3125,2256.245891366644,0.05,150,5,0.16366666666666668,0.9954453119008584,3.4639827494773026,0.0
mtd_ai,200,0.005045077155434023,0.38461538461538464,3373.3880025586122,0.1,150,5,0.16366666666666668,0.9954453119008584,3.4639827494773026,0.0
mtd_ai,200,0.005045077155434023,0.45,4060.8924883273867,0.15,150,5,0.16366666666666668,0.9954453119008584,3.4639827494773026,0.0
mtd_ai,200,0.005045077155434023,0.4411764705882353,5957.025756656552,0.2,150,5,0.16366666666666668,0.9954453119008584,3.4639827494773026,0.0
mtd_ai,200,0.005045077155434023,0.47468354430379744,6412.986419361997,0.25,150,5,0.16366666666666668,0.9954453119008584,3.4639827494773026,0.0
mtd_ai,200,0.005046364199381248,0.18292682926829268,5070.123892957097,0.05,150,5,0.1373333333333333,0.40931271710302497,1.5910006922086688,0.0
mtd_ai,200,0.005046364199381248,0.25862068965517243,6170.897664736764,0.1,150,5,0.1373333333333333,0.40931271710302497,1.5910006922086688,0.0
mtd_ai,200,0.005046364199381248,0.32608695652173914,6759.802859073717,0.15,150,5,0.1373333333333333,0.40931271710302497,1.5910006922086688,0.0
mtd_ai,200,0.005046364199381248,0.375,7118.689389829485,0.2,150,5,0.1373333333333333,0.40931271710302497,1.5910006922086688,0.0
mtd_ai,200,0.005046364199381248,0.41208791208791207,7623.086872343186,0.25,150,5,0.1373333333333333,0.40931271710302497,1.5910006922086688,0.0
mtd_ai,200,0.005060430153455505,0.375,2296.7538955314367,0.05,150,5,0.128,0.36468227846534884,0.5888622907288579,0.0
mtd_ai,200,0.005060430153455505,0.3125,5075.519806926117,0.1,150,5,0.128,0.36468227846534884,0.5888622907288579,0.0
mtd_ai,200,0.005060430153455505,0.35714285714285715,5653.644252640241,0.15,150,5,0.128,0.36468227846534884,0.5888622907288579,0.0
mtd_ai,200,0.005060430153455505,0.4,6073.152094510919,0.2,150,5,0.128,0.36468227846534884,0.5888622907288579,0.0
mtd_ai,200,0.005060430153455505,0.43103448275862066,6707.568159500153,0.25,150,5,0.128,0.36468227846534884,0.5888622907288579,0.0
mtd_ai,200,0.005067894556292329,0.39473684210526316,1510.4091601682255,0.05,150,5,0.15333333333333332,0.9386130322031078,3.358122527272674,0.0
mtd_ai,200,0.005067894556292329,0.35714285714285715,3587.6605347928516,0.1,150,5,0.15333333333333332,0.9386130322031078,3.358122527272674,0.0
mtd_ai,200,0.005067894556292329,0.42452830188679247,4307.832676018655,0.15,150,5,0.15333333333333332,0.9386130322031078,3.358122527272674,0.0
mtd_ai,200,0.005067894556292329,0.44776119402985076,5040.088175370579,0.2,150,5,0.15333333333333332,0.9386130322031078,3.358122527272674,0.0
mtd_ai,200,0.005067894556292329,0.46875,6085.05876644383,0.25,150,5,0.15333333333333332,0.9386130322031078,3.358122527272674,0.0
mtd_ai,200,0.005079502005728429,0.375,1643.408167607916,0.05,150,5,0.3333333333333333,1.6589175132253486,2.8254127771000768,0.0
mtd_ai,200,0.005079502005728429,0.5,2352.834597452118,0.1,150,5,0.3333333333333333,1.6589175132253486,2.8254127771000768,0.0
mtd_ai,200,0.005079502005728429,0.45,4383.528395735952,0.15,150,5,0.3333333333333333,1.6589175132253486,2.8254127771000768,0.0
mtd_ai,200,0.005079502005728429,0.4918032786885246,4773.656947299098,0.2,150,5,0.3333333333333333,1.6589175132253486,2.8254127771000768,0.0
mtd_ai,200,0.005079502005728429,0.44642857142857145,5934.681245622545,0.25,150,5,0.3333333333333333,1.6589175132253486,2.8254127771000768,0.0
mtd_ai,200,0.005031732263075271,0.19736842105263158,4503.292841235312,0.05,150,5,0.15611111111111112,0.22356262176836325,0.877498134570507,4.121212121212121
mtd_ai,200,0.005031732263075271,0.3,5310.454922240484,0.1,150,5,0.15611111111111112,0.22356262176836325,0.877498134570507,4.121212121212121
mtd_ai,200,0.005031732263075271,0.3629032258064516,6120.3970243327985,0.15,150,5,0.15611111111111112,0.22356262176836325,0.877498134570507,4.121212121212121
mtd_ai,200,0.005031732263075271,0.4225352112676056,6628.635293496134,0.2,150,5,0.15611111111111112,0.22356262176836325,0.877498134570507,4.121212121212121
mtd_ai,200,0.005031732263075271,0.4411764705882353,7184.828095387149,0.25,150,5,0.15611111111111112,0.22356262176836325,0.877498134570507,4.121212121212121
mtd_ai,200,0.005044296731691229,0.25,2374.05044787118,0.05,150,5,0.10081481481481482,0.5717350899400618,2.3807063373399107,0.0
mtd_ai,200,0.005044296731691229,0.3191489361702128,3791.039380389432,0.1,150,5,0.10081481481481482,0.5717350899400618,2.3807063373399107,0.0
mtd_ai,200,0.005044296731691229,0.39473684210526316,4318.307586268327,0.15,150,5,0.10081481481481482,0.5717350899400618,2.3807063373399107,0.0
mtd_ai,200,0.005044296731691229,0.4,5530.531661612502,0.2,150,5,0.10081481481481482,0.5717350899400618,2.3807063373399107,0.0
mtd_ai,200,0.005044296731691229,0.42613636363636365,6027.890981767826,0.25,150,5,0.10081481481481482,0.5717350899400618,2.3807063373399107,0.0
mtd_ai,200,0.005078134840279611,0.28846153846153844,2387.418558061762,0.05,150,5,0.11677777777777777,0.25912750302560555,0.6984531336687505,0.0
mtd_ai,200,0.005078134840279611,0.375,3442.547733580756,0.1,150,5,0.11677777777777777,0.25912750302560555,0.6984531336687505,0.0
mtd_ai,200,0.005078134840279611,0.45,4177.895907286764,0.15,150,5,0.11677777777777777,0.25912750302560555,0.6984531336687505,0.0
mtd_ai,200,0.005078134840279611,0.47619047619047616,5006.074607457482,0.2,150,5,0.11677777777777777,0.25912750302560555,0.6984531336687505,0.0
mtd_ai,200,0.005078134840279611,0.5067567567567568,5642.9396559975485,0.25,150,5,0.11677777777777777,0.25912750302560555,0.6984531336687505,0.0
mtd_ai,200,0.005065961368984008,0.2777777777777778,2683.8008495356785,0.05,150,5,0.07142857142857142,0.5214940709017329,1.848276667430434,0.0
mtd_ai,200,0.005065961368984008,0.38461538461538464,3478.1256093975753,0.1,150,5,0.07142857142857142,0.5214940709017329,1.848276667430434,0.0
mtd_ai,200,0.005065961368984008,0.4166666666666667,4613.750576334274,0.15,150,5,0.07142857142857142,0.5214940709017329,1.848276667430434,0.0
mtd_ai,200,0.005065961368984008,0.43478260869565216,5560.237393905951,0.2,150,5,0.07142857142857142,0.5214940709017329,1.848276667430434,0.0
mtd_ai,200,0.005065961368984008,0.46875,6147.255207701431,0.25,150,5,0.07142857142857142,0.5214940709017329,1.848276667430434,0.0
mtd_ai,200,0.005064920836116573,0.3125,2565.3250884514673,0.05,150,5,0.19,0.011424876776924987,0.049237947462103734,0.0
mtd_ai,200,0.005064920836116573,0.35714285714285715,4643.875967751568,0.1,150,5,0.19,0.011424876776924987,0.049237947462103734,0.0
mtd_ai,200,0.005064920836116573,0.4017857142857143,5547.654778729964,0.15,150,5,0.19,0.011424876776924987,0.049237947462103734,0.0
mtd_ai,200,0.005064920836116573,0.4411764705882353,6139.330067923407,0.2,150,5,0.19,0.011424876776924987,0.049237947462103734,0.0
mtd_ai,200,0.005064920836116573,0.4807692307692308,6676.901246393976,0.25,150,5,0.19,0.011424876776924987,0.049237947462103734,0.0
mtd_ai,200,0.005067641903228045,0.4166666666666667,1463.2244930336967,0.05,150,5,0.25,0.37965602235957074,1.4702046885735565,0.0
mtd_ai,200,0.005067641903228045,0.40540540540540543,2531.6929773108186,0.1,150,5,0.25,0.37965602235957074,1.4702046885735565,0.0
mtd_ai,200,0.005067641903228045,0.45918367346938777,3137.912811568478,0.15,150,5,0.25,0.37965602235957074,1.4702046885735565,0.0
mtd_ai,200,0.005067641903228045,0.44776119402985076,4366.772200097302,0.2,150,5,0.25,0.37965602235957074,1.4702046885735565,0.0
mtd_ai,200,0.005067641903228045,0.3787878787878788,5995.071244234601,0.25,150,5,0.25,0.37965602235957074,1.4702046885735565,0.0
mtd_ai,200,0.005061962036129854,0.28846153846153844,3258.902403490046,0.05,150,5,0.14577777777777778,0.7833012892452275,2.1619576822921363,0.0
mtd_ai,200,0.005061962036129854,0.36585365853658536,4151.842806521103,0.1,150,5,0.14577777777777778,0.7833012892452275,2.1619576822921363,0.0
mtd_ai,200,0.005061962036129854,0.35714285714285715,5289.359370572225,0.15,150,5,0.14577777777777778,0.7833012892452275,2.1619576822921363,0.0
mtd_ai,200,0.005061962036129854,0.379746835443038,6013.934168806394,0.2,150,5,0.14577777777777778,0.7833012892452275,2.1619576822921363,0.0
mtd_ai,200,0.005061962036129854,0.4076086956521739,6557.269864595817,0.25,150,5,0.14577777777777778,0.7833012892452275,2.1619576822921363,0.0
mtd_ai,200,0.005062407653320871,0.3125,2462.425606702298,0.05,150,5,0.08,0.39030937373659863,1.0051393288772668,0.0
mtd_ai,200,0.005062407653320871,0.35714285714285715,4225.934433461922,0.1,150,5,0.08,0.39030937373659863,1.0051393288772668,0.0
mtd_ai,200,0.005062407653320871,0.4090909090909091,5127.874828542053,0.15,150,5,0.08,0.39030937373659863,1.0051393288772668,0.0
mtd_ai,200,0.005062407653320871,0.4411764705882353,5664.289633955277,0.2,150,5,0.08,0.39030937373659863,1.0051393288772668,0.0
mtd_ai,200,0.005062407653320871,0.4807692307692308,6344.431993689555,0.25,150,5,0.08,0.39030937373659863,1.0051393288772668,0.0
mtd_ai,200,0.0050792674613520045,0.4166666666666667,1436.6927492884931,0.05,150,5,0.14533333333333334,0.2137110156198045,0.8467225011475218,0.0
mtd_ai,200,0.0050792674613520045,0.45454545454545453,2614.1688108506446,0.1,150,5,0.14533333333333334,0.2137110156198045,0.8467225011475218,0.0
mtd_ai,200,0.0050792674613520045,0.46875,3467.433553096285,0.15,150,5,0.14533333333333334,0.2137110156198045,0.8467225011475218,0.0
mtd_ai,200,0.0050792674613520045,0.46875,4633.097740341373,0.2,150,5,0.14533333333333334,0.2137110156198045,0.8467225011475218,0.0
mtd_ai,200,0.0050792674613520045,0.4807692307692308,5710.971039961327,0.25,150,5,0.14533333333333334,0.2137110156198045,0.8467225011475218,0.0
mtd_ai,200,0.005059430109609701,0.35714285714285715,1963.802340101941,0.05,150,5,0.14588888888888887,0.009256349652729996,0.037267589425846855,0.0
mtd_ai,200,0.005059430109609701,0.40540540540540543,3278.3587058925505,0.1,150,5,0.14588888888888887,0.009256349652729996,0.037267589425846855,0.0
mtd_ai,200,0.005059430109609701,0.45,4095.6440520964675,0.15,150,5,0.14588888888888887,0.009256349652729996,0.037267589425846855,0.0
mtd_ai,200,0.005059430109609701,0.5084745762711864,4636.03433247221,0.2,150,5,0.14588888888888887,0.009256349652729996,0.037267589425846855,0.0
mtd_ai,200,0.005059430109609701,0.5514705882352942,4969.289711470786,0.25,150,5,0.14588888888888887,0.009256349652729996,0.037267589425846855,0.0
mtd_ai,200,0.00507431899559715,0.375,1846.5569487636365,0.05,150,5,0.15,0.5325316997580192,2.150702495574129,0.0
mtd_ai,200,0.00507431899559715,0.42857142857142855,2673.831690352995,0.1,150,5,0.15,0.5325316997580192,2.150702495574129,0.0
mtd_ai,200,0.00507431899559715,0.5113636363636364,3125.015386515797,0.15,150,5,0.15,0.5325316997580192,2.150702495574129,0.0
mtd_ai,200,0.00507431899559715,0.47619047619047616,4240.572028310927,0.2,150,5,0.15,0.5325316997580192,2.150702495574129,0.0
mtd_ai,200,0.00507431899559715,0.44642857142857145,5418.820404519729,0.25,150,5,0.15,0.5325316997580192,2.150702495574129,0.0
mtd_ai,200,0.005045760669636918,0.375,2187.7407459739507,0.05,150,5,0.2727272727272727,1.142757229097028,3.5933710186822023,0.2903225806451613
mtd_ai,200,0.005045760669636918,0.45454545454545453,3300.8917855389946,0.1,150,5,0.2727272727272727,1.142757229097028,3.5933710186822023,0.2903225806451613
mtd_ai,200,0.005045760669636918,0.45918367346938777,4459.453307057157,0.15,150,5,0.2727272727272727,1.142757229097028,3.5933710186822023,0.2903225806451613
mtd_ai,200,0.005045760669636918,0.4918032786885246,5104.798379236393,0.2,150,5,0.2727272727272727,1.142757229097028,3.5933710186822023,0.2903225806451613
mtd_ai,200,0.005045760669636918,0.5208333333333334,5846.131641058102,0.25,150,5,0.2727272727272727,1.142757229097028,3.5933710186822023,0.2903225806451613
mtd_ai,200,0.005060612282814943,0.21428571428571427,3092.438276479038,0.05,150,5,0.36363636363636365,0.6769421044474381,1.8591142179435443,0.0
mtd_ai,200,0.005060612282814943,0.29411764705882354,4045.7557692634755,0.1,150,5,0.36363636363636365,0.6769421044474381,1.8591142179435443,0.0
mtd_ai,200,0.005060612282814943,0.3515625,4891.93074838259,0.15,150,5,0.36363636363636365,0.6769421044474381,1.8591142179435443,0.0
mtd_ai,200,0.005060612282814943,0.38961038961038963,5681.384027243579,0.2,150,5,0.36363636363636365,0.6769421044474381,1.8591142179435443,0.0
mtd_ai,200,0.005060612282814943,0.41208791208791207,6619.081236619425,0.25,150,5,0.36363636363636365,0.6769421044474381,1.8591142179435443,0.0
mtd_ai,200,0.005077631245800559,0.46875,1505.2999341539507,0.05,150,5,0.1311111111111111,0.8899327437857003,3.5292830644942894,0.0
mtd_ai,200,0.005077631245800559,0.46875,2785.979010792942,0.1,150,5,0.1311111111111111,0.8899327437857003,3.5292830644942894,0.0
mtd_ai,200,0.005077631245800559,0.46875,3969.8666375497914,0.15,150,5,0.1311111111111111,0.8899327437857003,3.5292830644942894,0.0
mtd_ai,200,0.005077631245800559,0.47619047619047616,5092.304727338748,0.2,150,5,0.1311111111111111,0.8899327437857003,3.5292830644942894,0.0
mtd_ai,200,0.005077631245800559,0.5208333333333334,5431.509448523,0.25,150,5,0.1311111111111111,0.8899327437857003,3.5292830644942894,0.0
mtd_ai,200,0.005051505164757102,0.3,2252.803054988628,0.05,150,5,0.12333333333333334,0.3627999364715376,0.8960413184166723,0.0
mtd_ai,200,0.005051505164757102,0.375,3314.8740740994363,0.1,150,5,0.12333333333333334,0.3627999364715376,0.8960413184166723,0.0
mtd_ai,200,0.005051505164757102,0.45918367346938777,3996.7722661235566,0.15,150,5,0.12333333333333334,0.3627999364715376,0.8960413184166723,0.0
mtd_ai,200,0.005051505164757102,0.5,4371.086616623367,0.2,150,5,0.12333333333333334,0.3627999364715376,0.8960413184166723,0.0
mtd_ai,200,0.005051505164757102,0.528169014084507,5124.426738836337,0.25,150,5,0.12333333333333334,0.3627999364715376,0.8960413184166723,0.0
mtd_ai,200,0.005036243029406037,0.24193548387096775,2948.385704468321,0.05,150,5,0.1852275132275132,0.4440440813069229,1.95355552920404,0.0
mtd_ai,200,0.005036243029406037,0.29411764705882354,4762.9245131446605,0.1,150,5,0.1852275132275132,0.4440440813069229,1.95355552920404,0.0
mtd_ai,200,0.005036243029406037,0.3629032258064516,5261.87578252099,0.15,150,5,0.1852275132275132,0.4440440813069229,1.95355552920404,0.0
mtd_ai,200,0.005036243029406037,0.39473684210526316,5992.695698618223,0.2,150,5,0.1852275132275132,0.4440440813069229,1.95355552920404,0.0
mtd_ai,200,0.005036243029406037,0.41208791208791207,6509.004928886487,0.25,150,5,0.1852275132275132,0.4440440813069229,1.95355552920404,0.0
mtd_ai,200,0.0050764825835168245,0.35714285714285715,1822.488255674514,0.05,150,5,0.12,1.0975249831976963,2.487830908446946,0.0
mtd_ai,200,0.0050764825835168245,0.38461538461538464,3431.886576793093,0.1,150,5,0.12,1.0975249831976963,2.487830908446946,0.0
mtd_ai,200,0.0050764825835168245,0.4411764705882353,3993.2824293596996,0.15,150,5,0.12,1.0975249831976963,2.487830908446946,0.0
mtd_ai,200,0.0050764825835168245,0.40540540540540543,5385.971710353904,0.2,150,5,0.12,1.0975249831976963,2.487830908446946,0.0
mtd_ai,200,0.0050764825835168245,0.44642857142857145,5722.377015391599,0.25,150,5,0.12,1.0975249831976963,2.487830908446946,0.0
mtd_ai,200,0.0050419553753675225,0.3,2002.4470780815727,0.05,150,5,0.14155555555555555,0.8132174836919678,2.1910396833180643,0.0
mtd_ai,200,0.0050419553753675225,0.36585365853658536,3121.8046806318275,0.1,150,5,0.14155555555555555,0.8132174836919678,2.1910396833180643,0.0
mtd_ai,200,0.0050419553753675225,0.4017857142857143,4194.667134955842,0.15,150,5,0.14155555555555555,0.8132174836919678,2.1910396833180643,0.0
mtd_ai,200,0.0050419553753675225,0.4411764705882353,4951.050818330214,0.2,150,5,0.14155555555555555,0.8132174836919678,2.1910396833180643,0.0
mtd_ai,200,0.0050419553753675225,0.44642857142857145,6278.184055452553,0.25,150,5,0.14155555555555555,0.8132174836919678,2.1910396833180643,0.0
mtd_ai,200,0.005055169100432693,0.22058823529411764,4628.494919050542,0.05,150,5,0.13133333333333333,0.24829279387775527,0.8890469561888579,0.0
mtd_ai,200,0.005055169100432693,0.30612244897959184,5544.278366496379,0.1,150,5,0.13133333333333333,0.24829279387775527,0.8890469561888579,0.0
mtd_ai,200,0.005055169100432693,0.3813559322033898,6372.466153249508,0.15,150,5,0.13133333333333333,0.24829279387775527,0.8890469561888579,0.0
mtd_ai,200,0.005055169100432693,0.410958904109589,6988.557359838591,0.2,150,5,0.13133333333333333,0.24829279387775527,0.8890469561888579,0.0
mtd_ai,200,0.005055169100432693,0.4411764705882353,7431.74458484672,0.25,150,5,0.13133333333333333,0.24829279387775527,0.8890469561888579,0.0
mtd_ai,200,0.005076138610473147,0.375,1892.3110754451325,0.05,150,5,0.14533333333333337,1.229298319131677,3.7514254963130917,0.0
mtd_ai,200,0.005076138610473147,0.36585365853658536,4053.3166409660607,0.1,150,5,0.14533333333333337,1.229298319131677,3.7514254963130917,0.0
mtd_ai,200,0.005076138610473147,0.42452830188679247,4560.910910664012,0.15,150,5,0.14533333333333337,1.229298319131677,3.7514254963130917,0.0
mtd_ai,200,0.005076138610473147,0.45454545454545453,5144.493962116801,0.2,150,5,0.14533333333333337,1.229298319131677,3.7514254963130917,0.0
mtd_ai,200,0.005076138610473147,0.4934210526315789,5745.020209988295,0.25,150,5,0.14533333333333337,1.229298319131677,3.7514254963130917,0.0
mtd_ai,200,0.005040349425926437,0.28846153846153844,3059.492022621922,0.05,150,5,0.13394444444444445,2.3332996372644508,5.640213370103558,0.0
mtd_ai,200,0.005040349425926437,0.36585365853658536,3935.8961775678245,0.1,150,5,0.13394444444444445,2.3332996372644508,5.640213370103558,0.0
mtd_ai,200,0.005040349425926437,0.4166666666666667,4635.348849618631,0.15,150,5,0.13394444444444445,2.3332996372644508,5.640213370103558,0.0
mtd_ai,200,0.005040349425926437,0.44776119402985076,5265.866694789053,0.2,150,5,0.13394444444444445,2.3332996372644508,5.640213370103558,0.0
mtd_ai,200,0.005040349425926437,0.487012987012987,5708.086079297802,0.25,150,5,0.13394444444444445,2.3332996372644508,5.640213370103558,0.0
mtd_ai,200,0.0050352585270148735,0.3125,2495.746589298882,0.05,150,5,0.11333333333333333,0.8775563797870398,1.7735142924719811,0.0
mtd_ai,200,0.0050352585270148735,0.375,3740.300172811315,0.1,150,5,0.11333333333333333,0.8775563797870398,1.7735142924719811,0.0
mtd_ai,200,0.0050352585270148735,0.33088235294117646,5050.203292560498,0.15,150,5,0.11333333333333333,0.8775563797870398,1.7735142924719811,0.0
mtd_ai,200,0.0050352585270148735,0.37037037037037035,5843.740771390665,0.2,150,5,0.11333333333333333,0.8775563797870398,1.7735142924719811,0.0
mtd_ai,200,0.0050352585270148735,0.39473684210526316,6544.338116602951,0.25,150,5,0.11333333333333333,0.8775563797870398,1.7735142924719811,0.0
mtd_ai,200,0.005054878692836112,0.3409090909090909,2095.0264565599873,0.05,150,5,0.1891111111111111,0.4536562629293817,1.1770204866820069,0.0
mtd_ai,200,0.005054878692836112,0.3409090909090909,4014.051477275177,0.1,150,5,0.1891111111111111,0.4536562629293817,1.1770204866820069,0.0
mtd_ai,200,0.005054878692836112,0.3125,5853.631852813487,0.15,150,5,0.1891111111111111,0.4536562629293817,1.1770204866820069,0.0
mtd_ai,200,0.005054878692836112,0.3409090909090909,6909.300320708908,0.2,150,5,0.1891111111111111,0.4536562629293817,1.1770204866820069,0.0
mtd_ai,200,0.005054878692836112,0.36764705882352944,7817.502809310698,0.25,150,5,0.1891111111111111,0.4536562629293817,1.1770204866820069,0.0
mtd_ai,200,0.005047933170469385,0.3125,2015.5953391415728,0.05,150,5,0.16666666666666666,2.0024015973765388,5.189065099028376,0.0
mtd_ai,200,0.005047933170469385,0.38461538461538464,2895.2869477595877,0.1,150,5,0.16666666666666666,2.0024015973765388,5.189065099028376,0.0
mtd_ai,200,0.005047933170469385,0.4166666666666667,4099.285262183159,0.15,150,5,0.16666666666666666,2.0024015973765388,5.189065099028376,0.0
mtd_ai,200,0.005047933170469385,0.45454545454545453,4505.33162182448,0.2,150,5,0.16666666666666666,2.0024015973765388,5.189065099028376,0.0
mtd_ai,200,0.005047933170469385,0.4807692307692308,5108.346315958461,0.25,150,5,0.16666666666666666,2.0024015973765388,5.189065099028376,0.0
mtd_ai,200,0.005058867287351489,0.3409090909090909,1900.6720164803003,0.05,150,5,0.09,1.6441042855066685,5.101813046233332,0.0
mtd_ai,200,0.005058867287351489,0.4411764705882353,2781.1048612171717,0.1,150,5,0.09,1.6441042855066685,5.101813046233332,0.0
mtd_ai,200,0.005058867287351489,0.4787234042553192,3587.627996341922,0.15,150,5,0.09,1.6441042855066685,5.101813046233332,0.0
mtd_ai,200,0.005058867287351489,0.5,4231.588144396096,0.2,150,5,0.09,1.6441042855066685,5.101813046233332,0.0
mtd_ai,200,0.005058867287351489,0.528169014084507,4615.053951644956,0.25,150,5,0.09,1.6441042855066685,5.101813046233332,0.0
mtd_ai,200,0.00507063098190557,0.25,2696.860357253031,0.05,150,5,0.46153846153846156,1.0427552097188273,3.5850763404539467,0.0
mtd_ai,200,0.00507063098190557,0.3125,4464.489608306879,0.1,150,5,0.46153846153846156,1.0427552097188273,3.5850763404539467,0.0
mtd_ai,200,0.00507063098190557,0.36885245901639346,5186.139880890886,0.15,150,5,0.46153846153846156,1.0427552097188273,3.5850763404539467,0.0
mtd_ai,200,0.00507063098190557,0.4225352112676056,5681.293137786837,0.2,150,5,0.46153846153846156,1.0427552097188273,3.5850763404539467,0.0
mtd_ai,200,0.00507063098190557,0.436046511627907,6289.846817494845,0.25,150,5,0.46153846153846156,1.0427552097188273,3.5850763404539467,0.0
mtd_ai,200,0.0050427001265427596,0.3409090909090909,2325.7222634365344,0.05,150,5,0.12533333333333332,0.3125209955276497,1.0177612864908268,0.0
mtd_ai,200,0.0050427001265427596,0.36585365853658536,4056.588751328798,0.1,150,5,0.12533333333333332,0.3125209955276497,1.0177612864908268,0.0
mtd_ai,200,0.0050427001265427596,0.375,5322.5541441281985,0.15,150,5,0.12533333333333332,0.3125209955276497,1.0177612864908268,0.0
mtd_ai,200,0.0050427001265427596,0.4,6324.997270682342,0.2,150,5,0.12533333333333332,0.3125209955276497,1.0177612864908268,0.0
mtd_ai,200,0.0050427001265427596,0.4573170731707317,6619.688208316734,0.25,150,5,0.12533333333333332,0.3125209955276497,1.0177612864908268,0.0
mtd_ai,200,0.005083956812196442,0.35714285714285715,1987.6879386932976,0.05,150,5,0.18044444444444444,0.2666089237591075,1.0028788073451194,0.0
mtd_ai,200,0.005083956812196442,0.38461538461538464,3301.940488011759,0.1,150,5,0.18044444444444444,0.2666089237591075,1.0028788073451194,0.0
mtd_ai,200,0.005083956812196442,0.4326923076923077,3952.19090802137,0.15,150,5,0.18044444444444444,0.2666089237591075,1.0028788073451194,0.0
mtd_ai,200,0.005083956812196442,0.4918032786885246,4378.304803452128,0.2,150,5,0.18044444444444444,0.2666089237591075,1.0028788073451194,0.0
mtd_ai,200,0.005083956812196442,0.5208333333333334,5075.539294531825,0.25,150,5,0.18044444444444444,0.2666089237591075,1.0028788073451194,0.0
mtd_ai,200,0.005078079936568743,0.35714285714285715,2160.4867644592237,0.05,150,5,0.15611111111111112,0.5214106417766928,0.8841293709631313,0.0
mtd_ai,200,0.005078079936568743,0.42857142857142855,2864.4073211911673,0.1,150,5,0.15611111111111112,0.5214106417766928,0.8841293709631313,0.0
mtd_ai,200,0.005078079936568743,0.4891304347826087,3435.1349960021907,0.15,150,5,0.15611111111111112,0.5214106417766928,0.8841293709631313,0.0
mtd_ai,200,0.005078079936568743,0.4918032786885246,4876.420941404747,0.2,150,5,0.15611111111111112,0.5214106417766928,0.8841293709631313,0.0
mtd_ai,200,0.005078079936568743,0.528169014084507,5431.755112959297,0.25,150,5,0.15611111111111112,0.5214106417766928,0.8841293709631313,0.0
mtd_ai,200,0.0050526212387151425,0.24193548387096775,3055.5875739409375,0.05,150,5,0.18855555555555553,5.590082966898241,5.929717626128703,0.0
mtd_ai,200,0.0050526212387151425,0.3333333333333333,3994.44652190306,0.1,150,5,0.18855555555555553,5.590082966898241,5.929717626128703,0.0
mtd_ai,200,0.0050526212387151425,0.375,4794.4370023790625,0.15,150,5,0.18855555555555553,5.590082966898241,5.929717626128703,0.0
mtd_ai,200,0.0050526212387151425,0.3488372093023256,6277.441760638279,0.2,150,5,0.18855555555555553,5.590082966898241,5.929717626128703,0.0
mtd_ai,200,0.0050526212387151425,0.375,6895.853004010247,0.25,150,5,0.18855555555555553,5.590082966898241,5.929717626128703,0.0
mtd_ai,200,0.005069887687138596,0.2777777777777778,2681.9456653097086,0.05,150,5,0.1322222222222222,0.4300196775805881,0.9475967873664731,0.0
mtd_ai,200,0.005069887687138596,0.3125,4473.511442902825,0.1,150,5,0.1322222222222222,0.4300196775805881,0.9475967873664731,0.0
mtd_ai,200,0.005069887687138596,0.3879310344827586,4993.453845296813,0.15,150,5,0.1322222222222222,0.4300196775805881,0.9475967873664731,0.0
mtd_ai,200,0.005069887687138596,0.43478260869565216,5641.139472214327,0.2,150,5,0.1322222222222222,0.4300196775805881,0.9475967873664731,0.0
mtd_ai,200,0.005069887687138596,0.45180722891566266,6320.2324981752445,0.25,150,5,0.1322222222222222,0.4300196775805881,0.9475967873664731,0.0
mtd_ai,200,0.005056218985119257,0.46875,1330.5285929223412,0.05,150,5,0.13644444444444445,2.1182449355782045,4.754747198817587,0.0
mtd_ai,200,0.005056218985119257,0.4166666666666667,3468.560073203924,0.1,150,5,0.13644444444444445,2.1182449355782045,4.754747198817587,0.0
mtd_ai,200,0.005056218985119257,0.46875,4188.550702404804,0.15,150,5,0.13644444444444445,2.1182449355782045,4.754747198817587,0.0
mtd_ai,200,0.005056218985119257,0.5084745762711864,4677.8667522589285,0.2,150,5,0.13644444444444445,2.1182449355782045,4.754747198817587,0.0
mtd_ai,200,0.005056218985119257,0.528169014084507,5086.551047524198,0.25,150,5,0.13644444444444445,2.1182449355782045,4.754747198817587,0.0
mtd_ai,200,0.005034043418781923,0.26785714285714285,3497.665235662842,0.05,150,5,0.13166666666666665,0.8481901971886455,2.229389151247405,4.03030303030303
mtd_ai,200,0.005034043418781923,0.36585365853658536,4043.885271992006,0.1,150,5,0.13166666666666665,0.8481901971886455,2.229389151247405,4.03030303030303
mtd_ai,200,0.005034043418781923,0.3515625,5456.231927117645,0.15,150,5,0.13166666666666665,0.8481901971886455,2.229389151247405,4.03030303030303
mtd_ai,200,0.005034043418781923,0.3409090909090909,6895.953902743263,0.2,150,5,0.13166666666666665,0.8481901971886455,2.229389151247405,4.03030303030303
mtd_ai,200,0.005034043418781923,0.3865979381443299,7273.137450312118,0.25,150,5,0.13166666666666665,0.8481901971886455,2.229389151247405,4.03030303030303
mtd_ai,200,0.005065651807219094,0.26785714285714285,2871.271952956648,0.05,150,5,0.07142857142857142,0.39568595208201496,0.6957053482308231,0.0
mtd_ai,200,0.005065651807219094,0.2830188679245283,4388.32704107837,0.1,150,5,0.07142857142857142,0.39568595208201496,0.6957053482308231,0.0
mtd_ai,200,0.005065651807219094,0.33088235294117646,5339.999745847639,0.15,150,5,0.07142857142857142,0.39568595208201496,0.6957053482308231,0.0
mtd_ai,200,0.005065651807219094,0.379746835443038,5820.288523653562,0.2,150,5,0.07142857142857142,0.39568595208201496,0.6957053482308231,0.0
mtd_ai,200,0.005065651807219094,0.42613636363636365,6405.176815080878,0.25,150,5,0.07142857142857142,0.39568595208201496,0.6957053482308231,0.0
mtd_ai,200,0.005055249953515035,0.4411764705882353,1585.6101720959123,0.05,150,5,0.11555555555555555,0.25188840773920834,1.0940337453037698,6.181818181818182
mtd_ai,200,0.005055249953515035,0.4166666666666667,2641.3061828292393,0.1,150,5,0.11555555555555555,0.25188840773920834,1.0940337453037698,6.181818181818182
mtd_ai,200,0.005055249953515035,0.5232558139534884,3140.9768395123856,0.15,150,5,0.11555555555555555,0.25188840773920834,1.0940337453037698,6.181818181818182
mtd_ai,200,0.005055249953515035,0.5084745762711864,4134.43067235618,0.2,150,5,0.11555555555555555,0.25188840773920834,1.0940337453037698,6.181818181818182
mtd_ai,200,0.005055249953515035,0.5136986301369864,4854.718017930637,0.25,150,5,0.11555555555555555,0.25188840773920834,1.0940337453037698,6.181818181818182
mtd_ai,200,0.0050566284702841914,0.375,1877.6080677038951,0.05,150,5,0.11333333333333333,0.3543478312568349,1.3869755042970902,0.0
mtd_ai,200,0.0050566284702841914,0.46875,2610.49491311204,0.1,150,5,0.11333333333333333,0.3543478312568349,1.3869755042970902,0.0
mtd_ai,200,0.0050566284702841914,0.5357142857142857,3150.0879269139223,0.15,150,5,0.11333333333333333,0.3543478312568349,1.3869755042970902,0.0
mtd_ai,200,0.0050566284702841914,0.5769230769230769,3769.534887134406,0.2,150,5,0.11333333333333333,0.3543478312568349,1.3869755042970902,0.0
mtd_ai,200,0.0050566284702841914,0.5952380952380952,4496.239021596958,0.25,150,5,0.11333333333333333,0.3543478312568349,1.3869755042970902,0.0
mtd_ai,200,0.005069467179954328,0.2777777777777778,3276.118389028421,0.05,150,5,0.13444444444444445,1.3776389288881872,2.0302425210339043,0.0
mtd_ai,200,0.005069467179954328,0.38461538461538464,3977.275779827094,0.1,150,5,0.13444444444444445,1.3776389288881872,2.0302425210339043,0.0
mtd_ai,200,0.005069467179954328,0.4326923076923077,4978.404481636924,0.15,150,5,0.13444444444444445,1.3776389288881872,2.0302425210339043,0.0
mtd_ai,200,0.005069467179954328,0.44776119402985076,5758.685673304156,0.2,150,5,0.13444444444444445,1.3776389288881872,2.0302425210339043,0.0
mtd_ai,200,0.005069467179954328,0.47468354430379744,6392.288531289608,0.25,150,5,0.13444444444444445,1.3776389288881872,2.0302425210339043,0.0
mtd_ai,200,0.005053508066181624,0.375,1943.865006289026,0.05,150,5,0.17711111111111108,2.3748358379186922,4.144442375221639,0.0
mtd_ai,200,0.005053508066181624,0.375,3463.28119897906,0.1,150,5,0.17711111111111108,2.3748358379186922,4.144442375221639,0.0
mtd_ai,200,0.005053508066181624,0.45,4044.794416516117,0.15,150,5,0.17711111111111108,2.3748358379186922,4.144442375221639,0.0
mtd_ai,200,0.005053508066181624,0.46153846153846156,4981.060613142953,0.2,150,5,0.17711111111111108,2.3748358379186922,4.144442375221639,0.0
mtd_ai,200,0.005053508066181624,0.5,5434.904545300271,0.25,150,5,0.17711111111111108,2.3748358379186922,4.144442375221639,0.0
mtd_ai,200,0.005074413411409825,0.25,3326.4523619440915,0.05,150,5,0.12222222222222223,0.45885381669488845,1.5163142005823116,0.0
mtd_ai,200,0.005074413411409825,0.3488372093023256,4116.95704120916,0.1,150,5,0.12222222222222223,0.45885381669488845,1.5163142005823116,0.0
mtd_ai,200,0.005074413411409825,0.4090909090909091,4745.768186852041,0.15,150,5,0.12222222222222223,0.45885381669488845,1.5163142005823116,0.0
mtd_ai,200,0.005074413411409825,0.46153846153846156,5258.772064312841,0.2,150,5,0.12222222222222223,0.45885381669488845,1.5163142005823116,0.0
mtd_ai,200,0.005074413411409825,0.5,5822.803983640961,0.25,150,5,0.12222222222222223,0.45885381669488845,1.5163142005823116,0.0
mtd_ai,200,0.005027420602295709,0.234375,3029.6641279383707,0.05,150,5,0.15666666666666668,3.655415498521675,4.18228649417004,0.0
mtd_ai,200,0.005027420602295709,0.3125,4068.745514378034,0.1,150,5,0.15666666666666668,3.655415498521675,4.18228649417004,0.0
mtd_ai,200,0.005027420602295709,0.3358208955223881,5854.546279718843,0.15,150,5,0.15666666666666668,3.655415498521675,4.18228649417004,0.0
mtd_ai,200,0.005027420602295709,0.375,6871.998500621648,0.2,150,5,0.15666666666666668,3.655415498521675,4.18228649417004,0.0
mtd_ai,200,0.005027420602295709,0.4076086956521739,7562.410493938103,0.25,150,5,0.15666666666666668,3.655415498521675,4.18228649417004,0.0
mtd_ai,200,0.005068765602871517,0.3125,2783.435569266499,0.05,150,5,0.3181818181818182,0.17359239646002766,0.7642967418046827,0.0
mtd_ai,200,0.005068765602871517,0.38461538461538464,3583.846766261758,0.1,150,5,0.3181818181818182,0.17359239646002766,0.7642967418046827,0.0
mtd_ai,200,0.005068765602871517,0.42452830188679247,4270.594392957873,0.15,150,5,0.3181818181818182,0.17359239646002766,0.7642967418046827,0.0
mtd_ai,200,0.005068765602871517,0.47619047619047616,4705.932795244138,0.2,150,5,0.3181818181818182,0.17359239646002766,0.7642967418046827,0.0
mtd_ai,200,0.005068765602871517,0.46296296296296297,5550.727324671725,0.25,150,5,0.3181818181818182,0.17359239646002766,0.7642967418046827,0.0
mtd_ai,200,0.005052685649780915,0.32608695652173914,2062.421507967742,0.05,150,5,0.1511111111111111,0.9532001340846457,4.148002047088552,0.0
mtd_ai,200,0.005052685649780915,0.30612244897959184,4487.669097081278,0.1,150,5,0.1511111111111111,0.9532001340846457,4.148002047088552,0.0
mtd_ai,200,0.005052685649780915,0.2777777777777778,6475.938136436527,0.15,150,5,0.1511111111111111,0.9532001340846457,4.148002047088552,0.0
mtd_ai,200,0.005052685649780915,0.2608695652173913,7833.006163189208,0.2,150,5,0.1511111111111111,0.9532001340846457,4.148002047088552,0.0
mtd_ai,200,0.005052685649780915,0.3024193548387097,8196.027649518113,0.25,150,5,0.1511111111111111,0.9532001340846457,4.148002047088552,0.0
mtd_ai,200,0.0050353999753366815,0.26785714285714285,3110.679139949741,0.05,150,5,0.13777777777777778,3.415918984925329,6.091303383686751,0.0
mtd_ai,200,0.0050353999753366815,0.35714285714285715,4007.2644067295205,0.1,150,5,0.13777777777777778,3.415918984925329,6.091303383686751,0.0
mtd_ai,200,0.0050353999753366815,0.39473684210526316,5239.939782762651,0.15,150,5,0.13777777777777778,3.415918984925329,6.091303383686751,0.0
mtd_ai,200,0.0050353999753366815,0.4166666666666667,6199.214547525948,0.2,150,5,0.13777777777777778,3.415918984925329,6.091303383686751,0.0
mtd_ai,200,0.0050353999753366815,0.4411764705882353,6889.05725806059,0.25,150,5,0.13777777777777778,3.415918984925329,6.091303383686751,0.0
mtd_ai,200,0.005047355433297539,0.4411764705882353,1532.8645896551243,0.05,150,5,0.12111111111111111,15.73606335149865,9.023855282969208,0.0
mtd_ai,200,0.005047355433297539,0.35714285714285715,4038.776800963771,0.1,150,5,0.12111111111111111,15.73606335149865,9.023855282969208,0.0
mtd_ai,200,0.005047355433297539,0.4166666666666667,4549.772272219352,0.15,150,5,0.12111111111111111,15.73606335149865,9.023855282969208,0.0
mtd_ai,200,0.005047355433297539,0.4411764705882353,5696.296799461861,0.2,150,5,0.12111111111111111,15.73606335149865,9.023855282969208,0.0
mtd_ai,200,0.005047355433297539,0.47468354430379744,6255.741367897817,0.25,150,5,0.12111111111111111,15.73606335149865,9.023855282969208,0.0
mtd_ai,200,0.005069881239674163,0.3125,2194.1948330419386,0.05,150,5,0.12492063492063492,3.258544115329439,2.160313451075117,0.0
mtd_ai,200,0.005069881239674163,0.3488372093023256,3577.332937021795,0.1,150,5,0.12492063492063492,3.258544115329439,2.160313451075117,0.0
mtd_ai,200,0.005069881239674163,0.4166666666666667,4388.508892904176,0.15,150,5,0.12492063492063492,3.258544115329439,2.160313451075117,0.0
mtd_ai,200,0.005069881239674163,0.4411764705882353,5675.488478518195,0.2,150,5,0.12492063492063492,3.258544115329439,2.160313451075117,0.0
mtd_ai,200,0.005069881239674163,0.4807692307692308,6150.840899045823,0.25,150,5,0.12492063492063492,3.258544115329439,2.160313451075117,0.0
mtd_ai,200,0.005055327451863777,0.32608695652173914,2030.1241143137474,0.05,150,5,0.12333333333333334,0.14628064590621814,0.6519252501161177,0.0
mtd_ai,200,0.005055327451863777,0.3191489361702128,3894.989342808247,0.1,150,5,0.12333333333333334,0.14628064590621814,0.6519252501161177,0.0
mtd_ai,200,0.005055327451863777,0.3813559322033898,4552.969318670902,0.15,150,5,0.12333333333333334,0.14628064590621814,0.6519252501161177,0.0
mtd_ai,200,0.005055327451863777,0.38961038961038963,6644.902457394479,0.2,150,5,0.12333333333333334,0.14628064590621814,0.6519252501161177,0.0
mtd_ai,200,0.005055327451863777,0.43103448275862066,6923.930302485236,0.25,150,5,0.12333333333333334,0.14628064590621814,0.6519252501161177,0.0
mtd_ai,200,0.00506122994906805,0.3409090909090909,1647.1640731088141,0.05,150,5,0.09222222222222222,0.2741832201401006,1.1727529717048537,0.0
mtd_ai,200,0.00506122994906805,0.3333333333333333,3414.9267205419983,0.1,150,5,0.09222222222222222,0.2741832201401006,1.1727529717048537,0.0
mtd_ai,200,0.00506122994906805,0.3879310344827586,4490.243644091027,0.15,150,5,0.09222222222222222,0.2741832201401006,1.1727529717048537,0.0
mtd_ai,200,0.00506122994906805,0.4225352112676056,5070.244558046362,0.2,150,5,0.09222222222222222,0.2741832201401006,1.1727529717048537,0.0
mtd_ai,200,0.00506122994906805,0.36764705882352944,6466.430818142166,0.25,150,5,0.09222222222222222,0.2741832201401006,1.1727529717048537,0.0
mtd_ai,200,0.005043032578822185,0.25,3087.236904341863,0.05,150,5,0.13533333333333333,0.022470149562074316,0.09222978039800556,0.0
mtd_ai,200,0.005043032578822185,0.35714285714285715,3651.8756338305757,0.1,150,5,0.13533333333333333,0.022470149562074316,0.09222978039800556,0.0
mtd_ai,200,0.005043032578822185,0.36885245901639346,5189.659567498069,0.15,150,5,0.13533333333333333,0.022470149562074316,0.09222978039800556,0.0
mtd_ai,200,0.005043032578822185,0.40540540540540543,5985.424839765295,0.2,150,5,0.13533333333333333,0.022470149562074316,0.09222978039800556,0.0
mtd_ai,200,0.005043032578822185,0.44642857142857145,6445.711850377434,0.25,150,5,0.13533333333333333,0.022470149562074316,0.09222978039800556,0.0
mtd_ai,200,0.005041321429723879,0.3,2230.505416348402,0.05,150,5,0.13777777777777778,5.908577928053759,2.9840977432676845,0.0
mtd_ai,200,0.005041321429723879,0.36585365853658536,3742.191673219631,0.1,150,5,0.13777777777777778,5.908577928053759,2.9840977432676845,0.0
mtd_ai,200,0.005041321429723879,0.4326923076923077,4452.395217987388,0.15,150,5,0.13777777777777778,5.908577928053759,2.9840977432676845,0.0
mtd_ai,200,0.005041321429723879,0.4411764705882353,5939.035029369123,0.2,150,5,0.13777777777777778,5.908577928053759,2.9840977432676845,0.0
mtd_ai,200,0.005041321429723879,0.4807692307692308,6439.1645553988,0.25,150,5,0.13777777777777778,5.908577928053759,2.9840977432676845,0.0
mtd_ai,200,0.00503272311124853,0.3,2399.069381754137,0.05,150,5,0.09888888888888889,2.0286257573747677,3.8076507784331506,0.0
mtd_ai,200,0.00503272311124853,0.38461538461538464,3744.545998157555,0.1,150,5,0.09888888888888889,2.0286257573747677,3.8076507784331506,0.0
mtd_ai,200,0.00503272311124853,0.42452830188679247,4736.528100486622,0.15,150,5,0.09888888888888889,2.0286257573747677,3.8076507784331506,0.0
mtd_ai,200,0.00503272311124853,0.4,5931.13607789302,0.2,150,5,0.09888888888888889,2.0286257573747677,3.8076507784331506,0.0
mtd_ai,200,0.00503272311124853,0.4411764705882353,6325.2298007662785,0.25,150,5,0.09888888888888889,2.0286257573747677,3.8076507784331506,0.0
mtd_ai,200,0.005031576162049339,0.3,1948.0572695343833,0.05,150,5,0.21052631578947367,2.981954011563477,5.659879089538779,0.4074074074074074
mtd_ai,200,0.005031576162049339,0.3125,4193.986623536808,0.1,150,5,0.21052631578947367,2.981954011563477,5.659879089538779,0.4074074074074074
mtd_ai,200,0.005031576162049339,0.375,5115.730201055951,0.15,150,5,0.21052631578947367,2.981954011563477,5.659879089538779,0.4074074074074074
mtd_ai,200,0.005031576162049339,0.38961038961038963,5726.56477914858,0.2,150,5,0.21052631578947367,2.981954011563477,5.659879089538779,0.4074074074074074
mtd_ai,200,0.005031576162049339,0.4032258064516129,6444.417905494749,0.25,150,5,0.21052631578947367,2.981954011563477,5.659879089538779,0.4074074074074074
mtd_ai,200,0.005036491385939377,0.4166666666666667,1714.382544713904,0.05,150,5,0.13977777777777778,6.737772589179735,7.784970875603777,4.28125
mtd_ai,200,0.005036491385939377,0.38461538461538464,3847.2426311042072,0.1,150,5,0.13977777777777778,6.737772589179735,7.784970875603777,4.28125
mtd_ai,200,0.005036491385939377,0.31690140845070425,6574.446681374737,0.15,150,5,0.13977777777777778,6.737772589179735,7.784970875603777,4.28125
mtd_ai,200,0.005036491385939377,0.37037037037037035,6930.497846282015,0.2,150,5,0.13977777777777778,6.737772589179735,7.784970875603777,4.28125
mtd_ai,200,0.005036491385939377,0.41208791208791207,7284.503249252816,0.25,150,5,0.13977777777777778,6.737772589179735,7.784970875603777,4.28125
mtd_ai,200,0.0050580816607870786,0.28846153846153844,3223.244002074371,0.05,150,5,0.13055555555555556,1.9206225583019734,4.453940248458695,0.0
mtd_ai,200,0.0050580816607870786,0.375,4021.6910465927667,0.1,150,5,0.13055555555555556,1.9206225583019734,4.453940248458695,0.0
mtd_ai,200,0.0050580816607870786,0.42452830188679247,4872.9838240624495,0.15,150,5,0.13055555555555556,1.9206225583019734,4.453940248458695,0.0
mtd_ai,200,0.0050580816607870786,0.4166666666666667,6345.941164509003,0.2,150,5,0.13055555555555556,1.9206225583019734,4.453940248458695,0.0
mtd_ai,200,0.0050580816607870786,0.46296296296296297,6749.796959348086,0.25,150,5,0.13055555555555556,1.9206225583019734,4.453940248458695,0.0
mtd_ai,200,0.005076250690093584,0.32608695652173914,1588.218097353044,0.05,150,5,0.13733333333333334,0.6782239462791765,1.8327342929466486,0.0
mtd_ai,200,0.005076250690093584,0.32608695652173914,3432.2006427400784,0.1,150,5,0.13733333333333334,0.6782239462791765,1.8327342929466486,0.0
mtd_ai,200,0.005076250690093584,0.4017857142857143,3893.6583897057253,0.15,150,5,0.13733333333333334,0.6782239462791765,1.8327342929466486,0.0
mtd_ai,200,0.005076250690093584,0.4166666666666667,5222.2449936110015,0.2,150,5,0.13733333333333334,0.6782239462791765,1.8327342929466486,0.0
mtd_ai,200,0.005076250690093584,0.4573170731707317,5802.679700737586,0.25,150,5,0.13733333333333334,0.6782239462791765,1.8327342929466486,0.0
mtd_ai,200,0.00510084374347884,0.39473684210526316,1738.242120572278,0.05,150,5,0.11259259259259259,0.5556962577128686,1.5783193149559787,0.0
mtd_ai,200,0.00510084374347884,0.46875,2659.983494769108,0.1,150,5,0.11259259259259259,0.5556962577128686,1.5783193149559787,0.0
mtd_ai,200,0.00510084374347884,0.5232558139534884,3486.4219927117947,0.15,150,5,0.11259259259259259,0.5556962577128686,1.5783193149559787,0.0
mtd_ai,200,0.00510084374347884,0.5454545454545454,4261.76066842324,0.2,150,5,0.11259259259259259,0.5556962577128686,1.5783193149559787,0.0
mtd_ai,200,0.00510084374347884,0.5681818181818182,4656.270493066833,0.25,150,5,0.11259259259259259,0.5556962577128686,1.5783193149559787,0.0
mtd_ai,200,0.00507973461633683,0.375,1759.3402532340072,0.05,150,5,0.17807407407407408,2.5635137876234975,1.6053913378473836,0.0
mtd_ai,200,0.00507973461633683,0.4166666666666667,2926.296102210189,0.1,150,5,0.17807407407407408,2.5635137876234975,1.6053913378473836,0.0
mtd_ai,200,0.00507973461633683,0.45918367346938777,3591.187109593132,0.15,150,5,0.17807407407407408,2.5635137876234975,1.6053913378473836,0.0
mtd_ai,200,0.00507973461633683,0.4838709677419355,4181.923505075071,0.2,150,5,0.17807407407407408,2.5635137876234975,1.6053913378473836,0.0
mtd_ai,200,0.00507973461633683,0.5208333333333334,5126.701200236448,0.25,150,5,0.17807407407407408,2.5635137876234975,1.6053913378473836,0.0
mtd_ai,200,0.0050650981808619015,0.2777777777777778,2604.6836020938854,0.05,150,5,0.16777777777777778,0.24738890659191687,0.5348468495569371,0.0
mtd_ai,200,0.0050650981808619015,0.36585365853658536,3815.6679997721462,0.1,150,5,0.16777777777777778,0.24738890659191687,0.5348468495569371,0.0
mtd_ai,200,0.0050650981808619015,0.3813559322033898,5313.850997430105,0.15,150,5,0.16777777777777778,0.24738890659191687,0.5348468495569371,0.0
mtd_ai,200,0.0050650981808619015,0.42857142857142855,5905.388608654506,0.2,150,5,0.16777777777777778,0.24738890659191687,0.5348468495569371,0.0
mtd_ai,200,0.0050650981808619015,0.436046511627907,6604.260183386374,0.25,150,5,0.16777777777777778,0.24738890659191687,0.5348468495569371,0.0
mtd_ai,200,0.0050872219005321006,0.5357142857142857,1050.88872214905,0.05,150,5,0.0,0.8440768075136301,3.354686555379737,0.0
mtd_ai,200,0.0050872219005321006,0.5172413793103449,2164.903223429285,0.1,150,5,0.0,0.8440768075136301,3.354686555379737,0.0
mtd_ai,200,0.0050872219005321006,0.5921052631578947,2688.4684481356144,0.15,150,5,0.0,0.8440768075136301,3.354686555379737,0.0
mtd_ai,200,0.0050872219005321006,0.5660377358490566,3655.603854312067,0.2,150,5,0.0,0.8440768075136301,3.354686555379737,0.0
mtd_ai,200,0.0050872219005321006,0.4934210526315789,4798.166297429246,0.25,150,5,0.0,0.8440768075136301,3.354686555379737,0.0
mtd_ai,200,0.0050351642912997,0.5357142857142857,987.2515319628149,0.05,150,5,0.11,0.10442406645833735,0.45875384952946774,0.0
mtd_ai,200,0.0050351642912997,0.5,2443.463179626162,0.1,150,5,0.11,0.10442406645833735,0.45875384952946774,0.0
mtd_ai,200,0.0050351642912997,0.4326923076923077,5037.24916954736,0.15,150,5,0.11,0.10442406645833735,0.45875384952946774,0.0
mtd_ai,200,0.0050351642912997,0.45454545454545453,5936.7596745807905,0.2,150,5,0.11,0.10442406645833735,0.45875384952946774,0.0
mtd_ai,200,0.0050351642912997,0.5,6599.394867692268,0.25,150,5,0.11,0.10442406645833735,0.45875384952946774,0.0
mtd_ai,200,0.005061021143448512,0.20270270270270271,2855.5141860848257,0.05,150,5,0.10666666666666667,0.1039291275501883,0.3335002225737328,0.0
mtd_ai,200,0.005061021143448512,0.2631578947368421,4182.610610203845,0.1,150,5,0.10666666666666667,0.1039291275501883,0.3335002225737328,0.0
mtd_ai,200,0.005061021143448512,0.33088235294117646,5086.840257708363,0.15,150,5,0.10666666666666667,0.1039291275501883,0.3335002225737328,0.0
mtd_ai,200,0.005061021143448512,0.36585365853658536,5900.382397152618,0.2,150,5,0.10666666666666667,0.1039291275501883,0.3335002225737328,0.0
mtd_ai,200,0.005061021143448512,0.4076086956521739,6227.158764734022,0.25,150,5,0.10666666666666667,0.1039291275501883,0.3335002225737328,0.0
mtd_ai,200,0.005078469815906794,0.234375,2794.00364326463,0.05,150,5,0.10666666666666667,0.8024937253132625,2.136555906313918,0.0
mtd_ai,200,0.005078469815906794,0.32608695652173914,3667.6576000573086,0.1,150,5,0.10666666666666667,0.8024937253132625,2.136555906313918,0.0
mtd_ai,200,0.005078469815906794,0.3629032258064516,4579.4032000382085,0.15,150,5,0.10666666666666667,0.8024937253132625,2.136555906313918,0.0
mtd_ai,200,0.005078469815906794,0.410958904109589,5184.385507027826,0.2,150,5,0.10666666666666667,0.8024937253132625,2.136555906313918,0.0
mtd_ai,200,0.005078469815906794,0.44642857142857145,5630.691481928943,0.25,150,5,0.10666666666666667,0.8024937253132625,2.136555906313918,0.0
mtd_ai,200,0.005064340367717527,0.22058823529411764,2943.6964382498395,0.05,150,5,0.10933333333333332,0.7963839683654514,2.3103072225951484,0.0
mtd_ai,200,0.005064340367717527,0.3125,3840.172231980043,0.1,150,5,0.10933333333333332,0.7963839683654514,2.3103072225951484,0.0
mtd_ai,200,0.005064340367717527,0.3515625,4896.1693230609035,0.15,150,5,0.10933333333333332,0.7963839683654514,2.3103072225951484,0.0
mtd_ai,200,0.005064340367717527,0.379746835443038,5572.938240393108,0.2,150,5,0.10933333333333332,0.7963839683654514,2.3103072225951484,0.0
mtd_ai,200,0.005064340367717527,0.39893617021276595,6919.09084529442,0.25,150,5,0.10933333333333332,0.7963839683654514,2.3103072225951484,0.0
mtd_ai,200,0.005070996467512808,0.39473684210526316,1877.0553886287844,0.05,150,5,0.1211111111111111,0.5851533379020579,2.500683328004184,0.0
mtd_ai,200,0.005070996467512808,0.4411764705882353,3048.7245560064152,0.1,150,5,0.1211111111111111,0.5851533379020579,2.500683328004184,0.0
mtd_ai,200,0.005070996467512808,0.4787234042553192,4193.944332997138,0.15,150,5,0.1211111111111111,0.5851533379020579,2.500683328004184,0.0
mtd_ai,200,0.005070996467512808,0.46153846153846156,5982.011576934019,0.2,150,5,0.1211111111111111,0.5851533379020579,2.500683328004184,0.0
mtd_ai,200,0.005070996467512808,0.4934210526315789,6502.531938676476,0.25,150,5,0.1211111111111111,0.5851533379020579,2.500683328004184,0.0
mtd_ai,200,0.005064655423230672,0.28846153846153844,2971.173255876127,0.05,150,5,0.1,0.589552346398601,2.342977672720102,0.0
mtd_ai,200,0.005064655423230672,0.35714285714285715,5003.482065616638,0.1,150,5,0.1,0.589552346398601,2.342977672720102,0.0
mtd_ai,200,0.005064655423230672,0.4326923076923077,5360.457758658773,0.15,150,5,0.1,0.589552346398601,2.342977672720102,0.0
mtd_ai,200,0.005064655423230672,0.46875,5879.556056068591,0.2,150,5,0.1,0.589552346398601,2.342977672720102,0.0
mtd_ai,200,0.005064655423230672,0.5136986301369864,6196.02544984807,0.25,150,5,0.1,0.589552346398601,2.342977672720102,0.0
mtd_ai,200,0.005045798381314794,0.39473684210526316,1436.081597698264,0.05,150,5,0.08333333333333333,0.1909460733438638,0.5391472075268342,-4.181818181818182
mtd_ai,200,0.005045798381314794,0.4166666666666667,2691.5702841088237,0.1,150,5,0.08333333333333333,0.1909460733438638,0.5391472075268342,-4.181818181818182
mtd_ai,200,0.005045798381314794,0.4411764705882353,3417.6923714979584,0.15,150,5,0.08333333333333333,0.1909460733438638,0.5391472075268342,-4.181818181818182
mtd_ai,200,0.005045798381314794,0.46875,4096.189213968624,0.2,150,5,0.08333333333333333,0.1909460733438638,0.5391472075268342,-4.181818181818182
mtd_ai,200,0.005045798381314794,0.4807692307692308,5163.958990772629,0.25,150,5,0.08333333333333333,0.1909460733438638,0.5391472075268342,-4.181818181818182
mtd_ai,200,0.005039302117307837,0.32608695652173914,2044.1233450350787,0.05,150,5,0.12333333333333334,0.47799519526162354,1.950311554423424,0.0
mtd_ai,200,0.005039302117307837,0.3333333333333333,4249.099404854334,0.1,150,5,0.12333333333333334,0.47799519526162354,1.950311554423424,0.0
mtd_ai,200,0.005039302117307837,0.4017857142857143,5005.653837965201,0.15,150,5,0.12333333333333334,0.47799519526162354,1.950311554423424,0.0
mtd_ai,200,0.005039302117307837,0.46153846153846156,5552.173930542898,0.2,150,5,0.12333333333333334,0.47799519526162354,1.950311554423424,0.0
mtd_ai,200,0.005039302117307837,0.487012987012987,6063.487934504095,0.25,150,5,0.12333333333333334,0.47799519526162354,1.950311554423424,0.0
mtd_ai,200,0.005044303100171317,0.234375,2904.3860769377116,0.05,150,5,0.15488888888888888,0.47867831142461964,1.7949507058454517,0.0
mtd_ai,200,0.005044303100171317,0.32608695652173914,3696.209768948936,0.1,150,5,0.15488888888888888,0.47867831142461964,1.7949507058454517,0.0
mtd_ai,200,0.005044303100171317,0.3629032258064516,4995.63402608746,0.15,150,5,0.15488888888888888,0.47867831142461964,1.7949507058454517,0.0
mtd_ai,200,0.005044303100171317,0.38461538461538464,6057.1265048595515,0.2,150,5,0.15488888888888888,0.47867831142461964,1.7949507058454517,0.0
mtd_ai,200,0.005044303100171317,0.3640776699029126,7865.2758072919005,0.25,150,5,0.15488888888888888,0.47867831142461964,1.7949507058454517,0.0
mtd_ai,200,0.005084380135141757,0.3409090909090909,2456.9301712093456,0.05,150,5,0.15188888888888888,0.992220056678818,4.109326640921807,0.0
mtd_ai,200,0.005084380135141757,0.3488372093023256,3620.1167431769363,0.1,150,5,0.15188888888888888,0.992220056678818,4.109326640921807,0.0
mtd_ai,200,0.005084380135141757,0.4166666666666667,4051.962682571041,0.15,150,5,0.15188888888888888,0.992220056678818,4.109326640921807,0.0
mtd_ai,200,0.005084380135141757,0.4411764705882353,4856.342474832828,0.2,150,5,0.15188888888888888,0.992220056678818,4.109326640921807,0.0
mtd_ai,200,0.005084380135141757,0.47468354430379744,5435.0701420902615,0.25,150,5,0.15188888888888888,0.992220056678818,4.109326640921807,0.0
mtd_ai,200,0.005064740475270748,0.25862068965517243,3253.050401769454,0.05,150,5,0.09822222222222222,8.433399772963963,8.04205150675545,0.0
mtd_ai,200,0.005064740475270748,0.3409090909090909,4608.6206070593435,0.1,150,5,0.09822222222222222,8.433399772963963,8.04205150675545,0.0
mtd_ai,200,0.005064740475270748,0.4090909090909091,5339.912155330627,0.15,150,5,0.09822222222222222,8.433399772963963,8.04205150675545,0.0
mtd_ai,200,0.005064740475270748,0.46153846153846156,5914.186384199962,0.2,150,5,0.09822222222222222,8.433399772963963,8.04205150675545,0.0
mtd_ai,200,0.005064740475270748,0.487012987012987,6396.2708846215955,0.25,150,5,0.09822222222222222,8.433399772963963,8.04205150675545,0.0
mtd_ai,200,0.00506183721944688,0.3,1869.161187941512,0.05,150,5,0.14333333333333334,2.295091495946524,3.792074790544819,0.0
mtd_ai,200,0.00506183721944688,0.35714285714285715,3484.8189931764773,0.1,150,5,0.14333333333333334,2.295091495946524,3.792074790544819,0.0
mtd_ai,200,0.00506183721944688,0.3813559322033898,5263.948189902758,0.15,150,5,0.14333333333333334,2.295091495946524,3.792074790544819,0.0
mtd_ai,200,0.00506183721944688,0.410958904109589,6247.177509488887,0.2,150,5,0.14333333333333334,2.295091495946524,3.792074790544819,0.0
mtd_ai,200,0.00506183721944688,0.45180722891566266,6648.860199294219,0.25,150,5,0.14333333333333334,2.295091495946524,3.792074790544819,0.0
mtd_ai,200,0.00504414067805606,0.375,2074.799157401609,0.05,150,5,0.30434782608695654,0.911384554988383,3.9809176127871915,0.0
mtd_ai,200,0.00504414067805606,0.3191489361702128,3632.4981823139988,0.1,150,5,0.30434782608695654,0.911384554988383,3.9809176127871915,0.0
mtd_ai,200,0.00504414067805606,0.375,4612.665533599065,0.15,150,5,0.30434782608695654,0.911384554988383,3.9809176127871915,0.0
mtd_ai,200,0.00504414067805606,0.4,5408.77555887346,0.2,150,5,0.30434782608695654,0.911384554988383,3.9809176127871915,0.0
mtd_ai,200,0.00504414067805606,0.42134831460674155,6231.242103501172,0.25,150,5,0.30434782608695654,0.911384554988383,3.9809176127871915,0.0
mtd_ai,200,0.005065638623347277,0.375,2016.7637887403432,0.05,150,5,0.09833333333333333,0.8061361570791803,2.0379787457876657,0.0
mtd_ai,200,0.005065638623347277,0.39473684210526316,3649.1257003549326,0.1,150,5,0.09833333333333333,0.8061361570791803,2.0379787457876657,0.0
mtd_ai,200,0.005065638623347277,0.39473684210526316,4860.583018593429,0.15,150,5,0.09833333333333333,0.8061361570791803,2.0379787457876657,0.0
mtd_ai,200,0.005065638623347277,0.4225352112676056,5728.867889183355,0.2,150,5,0.09833333333333333,0.8061361570791803,2.0379787457876657,0.0
mtd_ai,200,0.005065638623347277,0.46875,6041.797842589509,0.25,150,5,0.09833333333333333,0.8061361570791803,2.0379787457876657,0.0
mtd_ai,200,0.005069748314391611,0.25862068965517243,2932.0674643702696,0.05,150,5,0.12222222222222222,0.07296135232622428,0.23386427341409535,0.0
mtd_ai,200,0.005069748314391611,0.38461538461538464,3384.6634590363747,0.1,150,5,0.12222222222222222,0.07296135232622428,0.23386427341409535,0.0
mtd_ai,200,0.005069748314391611,0.4326923076923077,4348.472948789687,0.15,150,5,0.12222222222222222,0.07296135232622428,0.23386427341409535,0.0
mtd_ai,200,0.005069748314391611,0.46153846153846156,5005.748893959558,0.2,150,5,0.12222222222222222,0.07296135232622428,0.23386427341409535,0.0
mtd_ai,200,0.005069748314391611,0.4807692307692308,5699.8870168748845,0.25,150,5,0.12222222222222222,0.07296135232622428,0.23386427341409535,0.0
mtd_ai,200,0.005030367373718211,0.24193548387096775,3366.9941833033654,0.05,150,5,0.17333333333333334,0.8300483412962563,2.627441645128382,0.0
mtd_ai,200,0.005030367373718211,0.2830188679245283,5625.857432031722,0.1,150,5,0.17333333333333334,0.8300483412962563,2.627441645128382,0.0
mtd_ai,200,0.005030367373718211,0.35714285714285715,6131.177246452118,0.15,150,5,0.17333333333333334,0.8300483412962563,2.627441645128382,0.0
mtd_ai,200,0.005030367373718211,0.375,6699.4915569281275,0.2,150,5,0.17333333333333334,0.8300483412962563,2.627441645128382,0.0
mtd_ai,200,0.005030367373718211,0.4032258064516129,7518.978928328072,0.25,150,5,0.17333333333333334,0.8300483412962563,2.627441645128382,0.0
mtd_ai,200,0.005043347091553405,0.4166666666666667,2075.597233727105,0.05,150,5,0.08333333333333333,0.4781610682124629,1.6321426285934155,0.0
mtd_ai,200,0.005043347091553405,0.39473684210526316,3137.0687683126616,0.1,150,5,0.08333333333333333,0.4781610682124629,1.6321426285934155,0.0
mtd_ai,200,0.005043347091553405,0.45,3768.2895847192844,0.15,150,5,0.08333333333333333,0.4781610682124629,1.6321426285934155,0.0
mtd_ai,200,0.005043347091553405,0.4918032786885246,4450.3155841909465,0.2,150,5,0.08333333333333333,0.4781610682124629,1.6321426285934155,0.0
mtd_ai,200,0.005043347091553405,0.5136986301369864,5732.145377443849,0.25,150,5,0.08333333333333333,0.4781610682124629,1.6321426285934155,0.0
mtd_ai,200,0.005041923080232321,0.375,2192.9872935540243,0.05,150,5,0.19666666666666666,1.8665953287287038,4.016046153365041,0.0
mtd_ai,200,0.005041923080232321,0.36585365853658536,3382.651046645142,0.1,150,5,0.19666666666666666,1.8665953287287038,4.016046153365041,0.0
mtd_ai,200,0.005041923080232321,0.4166666666666667,4113.627549172734,0.15,150,5,0.19666666666666666,1.8665953287287038,4.016046153365041,0.0
mtd_ai,200,0.005041923080232321,0.4166666666666667,5496.375550013059,0.2,150,5,0.19666666666666666,1.8665953287287038,4.016046153365041,0.0
mtd_ai,200,0.005041923080232321,0.46875,5841.276242765243,0.25,150,5,0.19666666666666666,1.8665953287287038,4.016046153365041,0.0
mtd_ai,200,0.005050061758567866,0.35714285714285715,2219.3609979056914,0.05,150,5,0.135,0.4522172082602188,1.3723034127257439,0.0
mtd_ai,200,0.005050061758567866,0.39473684210526316,3375.2399007749345,0.1,150,5,0.135,0.4522172082602188,1.3723034127257439,0.0
mtd_ai,200,0.005050061758567866,0.46875,3805.4698161707647,0.15,150,5,0.135,0.4522172082602188,1.3723034127257439,0.0
mtd_ai,200,0.005050061758567866,0.5084745762711864,4427.746327335605,0.2,150,5,0.135,0.4522172082602188,1.3723034127257439,0.0
mtd_ai,200,0.005050061758567866,0.5357142857142857,4760.649236543932,0.25,150,5,0.135,0.4522172082602188,1.3723034127257439,0.0
mtd_ai,200,0.005041062838653349,0.3,2790.5817909304533,0.05,150,5,0.1008888888888889,4.187557148471019,6.312392417837607,0.0
mtd_ai,200,0.005041062838653349,0.32608695652173914,4554.293444868141,0.1,150,5,0.1008888888888889,4.187557148471019,6.312392417837607,0.0
mtd_ai,200,0.005041062838653349,0.4166666666666667,4937.906498257242,0.15,150,5,0.1008888888888889,4.187557148471019,6.312392417837607,0.0
mtd_ai,200,0.005041062838653349,0.45454545454545453,5607.3809395763,0.2,150,5,0.1008888888888889,4.187557148471019,6.312392417837607,0.0
mtd_ai,200,0.005041062838653349,0.5136986301369864,5905.349549903636,0.25,150,5,0.1008888888888889,4.187557148471019,6.312392417837607,0.0
mtd_ai,200,0.005060403108589185,0.2777777777777778,3252.4850017243243,0.05,150,5,0.12571428571428572,0.3853124442299454,0.9399800352489598,0.0
mtd_ai,200,0.005060403108589185,0.3333333333333333,4567.744834240755,0.1,150,5,0.12571428571428572,0.3853124442299454,0.9399800352489598,0.0
mtd_ai,200,0.005060403108589185,0.39473684210526316,5457.151227925511,0.15,150,5,0.12571428571428572,0.3853124442299454,0.9399800352489598,0.0
mtd_ai,200,0.005060403108589185,0.4411764705882353,6170.813783211746,0.2,150,5,0.12571428571428572,0.3853124442299454,0.9399800352489598,0.0
mtd_ai,200,0.005060403108589185,0.46296296296296297,6752.674971306866,0.25,150,5,0.12571428571428572,0.3853124442299454,0.9399800352489598,0.0
mtd_ai,200,0.005049897716064375,0.25862068965517243,2544.449514205912,0.05,150,5,0.16361904761904764,0.8993631804280282,3.5792589042270317,0.0
mtd_ai,200,0.005049897716064375,0.3125,4333.078637440498,0.1,150,5,0.16361904761904764,0.8993631804280282,3.5792589042270317,0.0
mtd_ai,200,0.005049897716064375,0.3879310344827586,4781.410975735713,0.15,150,5,0.16361904761904764,0.8993631804280282,3.5792589042270317,0.0
mtd_ai,200,0.005049897716064375,0.42857142857142855,5371.154242949792,0.2,150,5,0.16361904761904764,0.8993631804280282,3.5792589042270317,0.0
mtd_ai,200,0.005049897716064375,0.4807692307692308,5645.576109973792,0.25,150,5,0.16361904761904764,0.8993631804280282,3.5792589042270317,0.0
mtd_ai,200,0.005053066744989511,0.2777777777777778,2562.091240716967,0.05,150,5,0.105,0.21829223867965655,0.672406448310374,0.0
mtd_ai,200,0.005053066744989511,0.3488372093023256,4237.059409585949,0.1,150,5,0.105,0.21829223867965655,0.672406448310374,0.0
mtd_ai,200,0.005053066744989511,0.4017857142857143,5215.032010809573,0.15,150,5,0.105,0.21829223867965655,0.672406448310374,0.0
mtd_ai,200,0.005053066744989511,0.4,7280.534401435714,0.2,150,5,0.105,0.21829223867965655,0.672406448310374,0.0
mtd_ai,200,0.005053066744989511,0.42613636363636365,8027.01813866608,0.25,150,5,0.105,0.21829223867965655,0.672406448310374,0.0
mtd_ai,200,0.005064613313164467,0.3,2193.8329540471523,0.05,150,5,0.15333333333333332,0.9608086680189295,3.4788076501907956,0.0
mtd_ai,200,0.005064613313164467,0.375,3131.4286638864032,0.1,150,5,0.15333333333333332,0.9608086680189295,3.4788076501907956,0.0
mtd_ai,200,0.005064613313164467,0.375,5032.819078952911,0.15,150,5,0.15333333333333332,0.9608086680189295,3.4788076501907956,0.0
mtd_ai,200,0.005064613313164467,0.375,6159.559401512721,0.2,150,5,0.15333333333333332,0.9608086680189295,3.4788076501907956,0.0
mtd_ai,200,0.005064613313164467,0.41208791208791207,6721.520194993873,0.25,150,5,0.15333333333333332,0.9608086680189295,3.4788076501907956,0.0
mtd_ai,200,0.005086259408619526,0.3,2953.261261013326,0.05,150,5,0.13333333333333333,0.012714296678904757,0.054796297324574625,0.0
mtd_ai,200,0.005086259408619526,0.39473684210526316,3538.794754992185,0.1,150,5,0.13333333333333333,0.012714296678904757,0.054796297324574625,0.0
mtd_ai,200,0.005086259408619526,0.4787234042553192,3826.523936842744,0.15,150,5,0.13333333333333333,0.012714296678904757,0.054796297324574625,0.0
mtd_ai,200,0.005086259408619526,0.5084745762711864,4362.118101139124,0.2,150,5,0.13333333333333333,0.012714296678904757,0.054796297324574625,0.0
mtd_ai,200,0.005086259408619526,0.5514705882352942,4652.308384370197,0.25,150,5,0.13333333333333333,0.012714296678904757,0.054796297324574625,0.0
mtd_ai,200,0.005051850663468941,0.3,2813.9492402345068,0.05,150,5,0.26666666666666666,0.05625082232611557,0.1183561894182263,0.0
mtd_ai,200,0.005051850663468941,0.3488372093023256,4264.589641632465,0.1,150,5,0.26666666666666666,0.05625082232611557,0.1183561894182263,0.0
mtd_ai,200,0.005051850663468941,0.42452830188679247,4650.154198751791,0.15,150,5,0.26666666666666666,0.05625082232611557,0.1183561894182263,0.0
mtd_ai,200,0.005051850663468941,0.379746835443038,6874.223712834142,0.2,150,5,0.26666666666666666,0.05625082232611557,0.1183561894182263,0.0
mtd_ai,200,0.005051850663468941,0.42134831460674155,7236.2330431413075,0.25,150,5,0.26666666666666666,0.05625082232611557,0.1183561894182263,0.0
mtd_ai,200,0.005069085859165427,0.2777777777777778,2537.707186572361,0.05,150,5,0.13515873015873014,1.45910513592496,5.192402272470996,0.0
mtd_ai,200,0.005069085859165427,0.32608695652173914,4355.505345109373,0.1,150,5,0.13515873015873014,1.45910513592496,5.192402272470996,0.0
mtd_ai,200,0.005069085859165427,0.3879310344827586,4943.618055098765,0.15,150,5,0.13515873015873014,1.45910513592496,5.192402272470996,0.0
mtd_ai,200,0.005069085859165427,0.44776119402985076,5407.4817940739,0.2,150,5,0.13515873015873014,1.45910513592496,5.192402272470996,0.0
mtd_ai,200,0.005069085859165427,0.41208791208791207,6348.783204086399,0.25,150,5,0.13515873015873014,1.45910513592496,5.192402272470996,0.0
mtd_ai,200,0.005054796136788478,0.25,3099.9744075215326,0.05,150,5,0.13666666666666666,2.595488271525044,3.5247386962605973,0.0
mtd_ai,200,0.005054796136788478,0.32608695652173914,3744.3488755828303,0.1,150,5,0.13666666666666666,2.595488271525044,3.5247386962605973,0.0
mtd_ai,200,0.005054796136788478,0.3629032258064516,4612.531655454501,0.15,150,5,0.13666666666666666,2.595488271525044,3.5247386962605973,0.0
mtd_ai,200,0.005054796136788478,0.36585365853658536,5880.924429936915,0.2,150,5,0.13666666666666666,2.595488271525044,3.5247386962605973,0.0
mtd_ai,200,0.005054796136788478,0.39473684210526316,7007.953823009017,0.25,150,5,0.13666666666666666,2.595488271525044,3.5247386962605973,0.0
mtd_ai,200,0.005043361150977029,0.3,2553.746796405703,0.05,150,5,0.14166666666666666,0.34958616432513046,1.0231063899212216,0.0
mtd_ai,200,0.005043361150977029,0.39473684210526316,3420.559282603033,0.1,150,5,0.14166666666666666,0.34958616432513046,1.0231063899212216,0.0
mtd_ai,200,0.005043361150977029,0.4166666666666667,4827.878211860403,0.15,150,5,0.14166666666666666,0.34958616432513046,1.0231063899212216,0.0
mtd_ai,200,0.005043361150977029,0.46153846153846156,5493.307348086235,0.2,150,5,0.14166666666666666,0.34958616432513046,1.0231063899212216,0.0
mtd_ai,200,0.005043361150977029,0.46875,6567.6724071004755,0.25,150,5,0.14166666666666666,0.34958616432513046,1.0231063899212216,0.0
mtd_ai,200,0.005046428618498363,0.3,2710.862472257654,0.05,150,5,0.13799999999999998,1.9473180695796701,4.210015553709142,0.0
mtd_ai,200,0.005046428618498363,0.38461538461538464,3650.3913127470873,0.1,150,5,0.13799999999999998,1.9473180695796701,4.210015553709142,0.0
mtd_ai,200,0.005046428618498363,0.45918367346938777,4076.267409434417,0.15,150,5,0.13799999999999998,1.9473180695796701,4.210015553709142,0.0
mtd_ai,200,0.005046428618498363,0.4411764705882353,5752.2959731866285,0.2,150,5,0.13799999999999998,1.9473180695796701,4.210015553709142,0.0
mtd_ai,200,0.005046428618498363,0.4934210526315789,6019.646805428654,0.25,150,5,0.13799999999999998,1.9473180695796701,4.210015553709142,0.0
mtd_ai,200,0.005029173632212776,0.28846153846153844,2952.463504480287,0.05,150,5,0.3015873015873016,0.7501358160780641,2.62562899583605,-3.3
mtd_ai,200,0.005029173632212776,0.29411764705882354,5569.301754635611,0.1,150,5,0.3015873015873016,0.7501358160780641,2.62562899583605,-3.3
mtd_ai,200,0.005029173632212776,0.3629032258064516,6305.087714279981,0.15,150,5,0.3015873015873016,0.7501358160780641,2.62562899583605,-3.3
mtd_ai,200,0.005029173632212776,0.410958904109589,6792.797720860106,0.2,150,5,0.3015873015873016,0.7501358160780641,2.62562899583605,-3.3
mtd_ai,200,0.005029173632212776,0.44642857142857145,7217.832958984012,0.25,150,5,0.3015873015873016,0.7501358160780641,2.62562899583605,-3.3
mtd_ai,200,0.005062361511426869,0.25862068965517243,2989.6670680041934,0.05,150,5,0.14666666666666667,0.1363273068796695,0.5733677183419699,0.0
mtd_ai,200,0.005062361511426869,0.36585365853658536,3554.9201670507355,0.1,150,5,0.14666666666666667,0.1363273068796695,0.5733677183419699,0.0
mtd_ai,200,0.005062361511426869,0.4326923076923077,4076.420721319494,0.15,150,5,0.14666666666666667,0.1363273068796695,0.5733677183419699,0.0
mtd_ai,200,0.005062361511426869,0.45454545454545453,5255.196563179574,0.2,150,5,0.14666666666666667,0.1363273068796695,0.5733677183419699,0.0
mtd_ai,200,0.005062361511426869,0.4411764705882353,6164.642024862423,0.25,150,5,0.14666666666666667,0.1363273068796695,0.5733677183419699,0.0
mtd_ai,200,0.005057642549335467,0.2777777777777778,3129.5244090126316,0.05,150,5,0.18233333333333335,0.5562293229158753,2.459154255273519,0.0
mtd_ai,200,0.005057642549335467,0.3409090909090909,4651.235747070159,0.1,150,5,0.18233333333333335,0.5562293229158753,2.459154255273519,0.0
mtd_ai,200,0.005057642549335467,0.39473684210526316,5296.291872424696,0.15,150,5,0.18233333333333335,0.5562293229158753,2.459154255273519,0.0
mtd_ai,200,0.005057642549335467,0.375,6451.025934348851,0.2,150,5,0.18233333333333335,0.5562293229158753,2.459154255273519,0.0
mtd_ai,200,0.005057642549335467,0.42134831460674155,6937.174945503475,0.25,150,5,0.18233333333333335,0.5562293229158753,2.459154255273519,0.0
mtd_ai,200,0.00503858306629469,0.375,1651.2253052813985,0.05,150,5,0.1554761904761905,1.497151034953971,4.949544138764803,0.0
mtd_ai,200,0.00503858306629469,0.36585365853658536,3913.1388431285577,0.1,150,5,0.1554761904761905,1.497151034953971,4.949544138764803,0.0
mtd_ai,200,0.00503858306629469,0.42452830188679247,4654.318193551888,0.15,150,5,0.1554761904761905,1.497151034953971,4.949544138764803,0.0
mtd_ai,200,0.00503858306629469,0.44776119402985076,5299.089368173562,0.2,150,5,0.1554761904761905,1.497151034953971,4.949544138764803,0.0
mtd_ai,200,0.00503858306629469,0.4934210526315789,5619.349005123051,0.25,150,5,0.1554761904761905,1.497151034953971,4.949544138764803,0.0
mtd_ai,200,0.005036975629504369,0.375,1870.8065987325917,0.05,150,5,0.12,0.630950552999594,2.1265227826187982,0.0
mtd_ai,200,0.005036975629504369,0.375,3384.3393826022843,0.1,150,5,0.12,0.630950552999594,2.1265227826187982,0.0
mtd_ai,200,0.005036975629504369,0.4166666666666667,4257.173672020017,0.15,150,5,0.12,0.630950552999594,2.1265227826187982,0.0
mtd_ai,200,0.005036975629504369,0.45454545454545453,4925.062310510441,0.2,150,5,0.12,0.630950552999594,2.1265227826187982,0.0
mtd_ai,200,0.005036975629504369,0.46296296296296297,6172.8258469900375,0.25,150,5,0.12,0.630950552999594,2.1265227826187982,0.0
