Name,mtd_interval,MEF,ASR,time_to_compromise,host_compromise_ratio,network_size,exposed_endpoints,attack_path_exposure,ROA,risk,shortest_path_variability
mtd_ai,200,0.005045747975235665,0.234375,3886.2186016828828,0.05,150,5,0.11427777777777777,0.07878964803494251,0.34605563403548867,0.0
mtd_ai,200,0.005045747975235665,0.3125,4613.8818667626165,0.1,150,5,0.11427777777777777,0.07878964803494251,0.34605563403548867,0.0
mtd_ai,200,0.005045747975235665,0.35714285714285715,5321.790786149089,0.15,150,5,0.11427777777777777,0.07878964803494251,0.34605563403548867,0.0
mtd_ai,200,0.005045747975235665,0.40540540540540543,5833.313902159548,0.2,150,5,0.11427777777777777,0.07878964803494251,0.34605563403548867,0.0
mtd_ai,200,0.005045747975235665,0.44642857142857145,6308.3430882929615,0.25,150,5,0.11427777777777777,0.07878964803494251,0.34605563403548867,0.0
mtd_ai,200,0.005072467979343516,0.3125,2243.4570844109885,0.05,150,5,0.1511111111111111,0.6447860998730413,1.4308880423431727,0.0
mtd_ai,200,0.005072467979343516,0.30612244897959184,4547.065915693978,0.1,150,5,0.1511111111111111,0.6447860998730413,1.4308880423431727,0.0
mtd_ai,200,0.005072467979343516,0.36885245901639346,5066.913580893031,0.15,150,5,0.1511111111111111,0.6447860998730413,1.4308880423431727,0.0
mtd_ai,200,0.005072467979343516,0.4225352112676056,5466.353578579291,0.2,150,5,0.1511111111111111,0.6447860998730413,1.4308880423431727,0.0
mtd_ai,200,0.005072467979343516,0.45180722891566266,6174.482262961292,0.25,150,5,0.1511111111111111,0.6447860998730413,1.4308880423431727,0.0
mtd_ai,200,0.005069953292215,0.3125,2737.9640268786898,0.05,150,5,0.14316666666666666,0.5179253123847732,2.311288691467859,0.0
mtd_ai,200,0.005069953292215,0.38461538461538464,3808.144584130664,0.1,150,5,0.14316666666666666,0.5179253123847732,2.311288691467859,0.0
mtd_ai,200,0.005069953292215,0.4411764705882353,4575.477586909756,0.15,150,5,0.14316666666666666,0.5179253123847732,2.311288691467859,0.0
mtd_ai,200,0.005069953292215,0.45454545454545453,5951.293245621519,0.2,150,5,0.14316666666666666,0.5179253123847732,2.311288691467859,0.0
mtd_ai,200,0.005069953292215,0.46296296296296297,6555.787362662202,0.25,150,5,0.14316666666666666,0.5179253123847732,2.311288691467859,0.0
mtd_ai,200,0.005064810720156561,0.28846153846153844,2967.850802546768,0.05,150,5,0.10333333333333333,1.1954491576383828,2.027641496085432,0.0
mtd_ai,200,0.005064810720156561,0.3191489361702128,4938.810912855004,0.1,150,5,0.10333333333333333,1.1954491576383828,2.027641496085432,0.0
mtd_ai,200,0.005064810720156561,0.39473684210526316,5750.928355387079,0.15,150,5,0.10333333333333333,1.1954491576383828,2.027641496085432,0.0
mtd_ai,200,0.005064810720156561,0.43478260869565216,6303.97699080078,0.2,150,5,0.10333333333333333,1.1954491576383828,2.027641496085432,0.0
mtd_ai,200,0.005064810720156561,0.46875,6831.56134575521,0.25,150,5,0.10333333333333333,1.1954491576383828,2.027641496085432,0.0
mtd_ai,200,0.005065283815909235,0.26785714285714285,3318.446684377487,0.05,150,5,0.3684210526315789,0.4630394386712941,1.3385084329513017,0.0
mtd_ai,200,0.005065283815909235,0.39473684210526316,3882.5997460353724,0.1,150,5,0.3684210526315789,0.4630394386712941,1.3385084329513017,0.0
mtd_ai,200,0.005065283815909235,0.45,5060.081818206712,0.15,150,5,0.3684210526315789,0.4630394386712941,1.3385084329513017,0.0
mtd_ai,200,0.005065283815909235,0.4838709677419355,5472.3282948383785,0.2,150,5,0.3684210526315789,0.4630394386712941,1.3385084329513017,0.0
mtd_ai,200,0.005065283815909235,0.5067567567567568,6061.314088072362,0.25,150,5,0.3684210526315789,0.4630394386712941,1.3385084329513017,0.0
mtd_ai,200,0.005069053994821313,0.375,1988.112511562073,0.05,150,5,0.13233333333333333,1.1826642163882415,4.424275563349475,0.0
mtd_ai,200,0.005069053994821313,0.40540540540540543,3379.215951939519,0.1,150,5,0.13233333333333333,1.1826642163882415,4.424275563349475,0.0
mtd_ai,200,0.005069053994821313,0.4326923076923077,4406.0139285237865,0.15,150,5,0.13233333333333333,1.1826642163882415,4.424275563349475,0.0
mtd_ai,200,0.005069053994821313,0.46875,5196.4840703222035,0.2,150,5,0.13233333333333333,1.1826642163882415,4.424275563349475,0.0
mtd_ai,200,0.005069053994821313,0.4807692307692308,6057.428227122674,0.25,150,5,0.13233333333333333,1.1826642163882415,4.424275563349475,0.0
mtd_ai,200,0.005074542613363157,0.35714285714285715,1635.099750979713,0.05,150,5,0.14514814814814817,1.1716064539765818,4.317030932474836,0.0
mtd_ai,200,0.005074542613363157,0.3409090909090909,3922.9292625858016,0.1,150,5,0.14514814814814817,1.1716064539765818,4.317030932474836,0.0
mtd_ai,200,0.005074542613363157,0.42452830188679247,4284.962655981626,0.15,150,5,0.14514814814814817,1.1716064539765818,4.317030932474836,0.0
mtd_ai,200,0.005074542613363157,0.43478260869565216,5342.442480382011,0.2,150,5,0.14514814814814817,1.1716064539765818,4.317030932474836,0.0
mtd_ai,200,0.005074542613363157,0.4807692307692308,5570.827901300203,0.25,150,5,0.14514814814814817,1.1716064539765818,4.317030932474836,0.0
mtd_ai,200,0.0050428889252293755,0.32608695652173914,2589.3913252787875,0.05,150,5,0.17533333333333334,0.2461884151897275,0.4261249951356528,0.0
mtd_ai,200,0.0050428889252293755,0.39473684210526316,3617.398745807423,0.1,150,5,0.17533333333333334,0.2461884151897275,0.4261249951356528,0.0
mtd_ai,200,0.0050428889252293755,0.46875,4087.0228114883143,0.15,150,5,0.17533333333333334,0.2461884151897275,0.4261249951356528,0.0
mtd_ai,200,0.0050428889252293755,0.42857142857142855,5889.724886774215,0.2,150,5,0.17533333333333334,0.2461884151897275,0.4261249951356528,0.0
mtd_ai,200,0.0050428889252293755,0.4807692307692308,6102.490855405096,0.25,150,5,0.17533333333333334,0.2461884151897275,0.4261249951356528,0.0
mtd_ai,200,0.005071578973084418,0.375,1584.2328010432516,0.05,150,5,0.135,0.36855313874207274,1.4843819957422013,0.0
mtd_ai,200,0.005071578973084418,0.36585365853658536,3850.4877982055104,0.1,150,5,0.135,0.36855313874207274,1.4843819957422013,0.0
mtd_ai,200,0.005071578973084418,0.4326923076923077,4662.29586861425,0.15,150,5,0.135,0.36855313874207274,1.4843819957422013,0.0
mtd_ai,200,0.005071578973084418,0.47619047619047616,5228.343257843408,0.2,150,5,0.135,0.36855313874207274,1.4843819957422013,0.0
mtd_ai,200,0.005071578973084418,0.5136986301369864,5868.445050305683,0.25,150,5,0.135,0.36855313874207274,1.4843819957422013,0.0
mtd_ai,200,0.005041839868621884,0.2777777777777778,2705.343936434432,0.05,150,5,0.10666666666666667,0.8512413098539462,2.0395179682649465,0.0
mtd_ai,200,0.005041839868621884,0.32608695652173914,4205.386248928898,0.1,150,5,0.10666666666666667,0.8512413098539462,2.0395179682649465,0.0
mtd_ai,200,0.005041839868621884,0.4090909090909091,4819.822904630355,0.15,150,5,0.10666666666666667,0.8512413098539462,2.0395179682649465,0.0
mtd_ai,200,0.005041839868621884,0.43478260869565216,5633.120701571033,0.2,150,5,0.10666666666666667,0.8512413098539462,2.0395179682649465,0.0
mtd_ai,200,0.005041839868621884,0.46875,6214.46481096382,0.25,150,5,0.10666666666666667,0.8512413098539462,2.0395179682649465,0.0
mtd_ai,200,0.005081593263241723,0.28846153846153844,2330.325876989459,0.05,150,5,0.2727272727272727,1.6120528904810256,4.7004459544447075,0.0
mtd_ai,200,0.005081593263241723,0.40540540540540543,2748.8006836399823,0.1,150,5,0.2727272727272727,1.6120528904810256,4.7004459544447075,0.0
mtd_ai,200,0.005081593263241723,0.4891304347826087,3381.863456992434,0.15,150,5,0.2727272727272727,1.6120528904810256,4.7004459544447075,0.0
mtd_ai,200,0.005081593263241723,0.5172413793103449,3893.709438226884,0.2,150,5,0.2727272727272727,1.6120528904810256,4.7004459544447075,0.0
mtd_ai,200,0.005081593263241723,0.487012987012987,4951.621224109116,0.25,150,5,0.2727272727272727,1.6120528904810256,4.7004459544447075,0.0
mtd_ai,200,0.005070342626794859,0.2777777777777778,3256.2256245956787,0.05,150,5,0.09944444444444445,1.413713971253743,4.407279806099099,0.0
mtd_ai,200,0.005070342626794859,0.3333333333333333,4860.844671328621,0.1,150,5,0.09944444444444445,1.413713971253743,4.407279806099099,0.0
mtd_ai,200,0.005070342626794859,0.39473684210526316,5271.99279222162,0.15,150,5,0.09944444444444445,1.413713971253743,4.407279806099099,0.0
mtd_ai,200,0.005070342626794859,0.4225352112676056,5980.397504095114,0.2,150,5,0.09944444444444445,1.413713971253743,4.407279806099099,0.0
mtd_ai,200,0.005070342626794859,0.4573170731707317,6346.133965117604,0.25,150,5,0.09944444444444445,1.413713971253743,4.407279806099099,0.0
mtd_ai,200,0.005034468655579602,0.375,1576.84733177074,0.05,150,5,0.14907407407407408,0.07883268734879345,0.2672626088129734,0.0
mtd_ai,200,0.005034468655579602,0.375,3442.4995443646426,0.1,150,5,0.14907407407407408,0.07883268734879345,0.2672626088129734,0.0
mtd_ai,200,0.005034468655579602,0.4326923076923077,4399.584527967699,0.15,150,5,0.14907407407407408,0.07883268734879345,0.2672626088129734,0.0
mtd_ai,200,0.005034468655579602,0.42857142857142855,6097.491828764376,0.2,150,5,0.14907407407407408,0.07883268734879345,0.2672626088129734,0.0
mtd_ai,200,0.005034468655579602,0.45180722891566266,6858.578920505497,0.25,150,5,0.14907407407407408,0.07883268734879345,0.2672626088129734,0.0
mtd_ai,200,0.0050450768170738425,0.3125,2060.937813181753,0.05,150,5,0.17166666666666666,1.2820103378200944,4.418343706473767,0.0
mtd_ai,200,0.0050450768170738425,0.39473684210526316,3068.589523349351,0.1,150,5,0.17166666666666666,1.2820103378200944,4.418343706473767,0.0
mtd_ai,200,0.0050450768170738425,0.4411764705882353,3898.6311214966727,0.15,150,5,0.17166666666666666,1.2820103378200944,4.418343706473767,0.0
mtd_ai,200,0.0050450768170738425,0.43478260869565216,5185.5475347107695,0.2,150,5,0.17166666666666666,1.2820103378200944,4.418343706473767,0.0
mtd_ai,200,0.0050450768170738425,0.4411764705882353,5748.194034649694,0.25,150,5,0.17166666666666666,1.2820103378200944,4.418343706473767,0.0
mtd_ai,200,0.005060462472542237,0.20270270270270271,3128.7475546107744,0.05,150,5,0.12666666666666668,2.164681713857273,4.264862814462199,0.0
mtd_ai,200,0.005060462472542237,0.28846153846153844,4143.642109092601,0.1,150,5,0.12666666666666668,2.164681713857273,4.264862814462199,0.0
mtd_ai,200,0.005060462472542237,0.3358208955223881,4832.437920799007,0.15,150,5,0.12666666666666668,2.164681713857273,4.264862814462199,0.0
mtd_ai,200,0.005060462472542237,0.379746835443038,5515.016805678891,0.2,150,5,0.12666666666666668,2.164681713857273,4.264862814462199,0.0
mtd_ai,200,0.005060462472542237,0.35377358490566035,6770.156758704413,0.25,150,5,0.12666666666666668,2.164681713857273,4.264862814462199,0.0
mtd_ai,200,0.00503534998630415,0.3,2554.1840434409824,0.05,150,5,0.13266666666666665,1.3733065300026133,4.9827363216489,0.0
mtd_ai,200,0.00503534998630415,0.3333333333333333,4534.994209566485,0.1,150,5,0.13266666666666665,1.3733065300026133,4.9827363216489,0.0
mtd_ai,200,0.00503534998630415,0.4017857142857143,5141.981687743299,0.15,150,5,0.13266666666666665,1.3733065300026133,4.9827363216489,0.0
mtd_ai,200,0.00503534998630415,0.43478260869565216,6079.678331830604,0.2,150,5,0.13266666666666665,1.3733065300026133,4.9827363216489,0.0
mtd_ai,200,0.00503534998630415,0.4807692307692308,6335.555997806634,0.25,150,5,0.13266666666666665,1.3733065300026133,4.9827363216489,0.0
mtd_ai,200,0.005083085686903564,0.375,1668.5215173150627,0.05,150,5,0.14833333333333334,0.759259842171843,1.2078380597157716,0.0
mtd_ai,200,0.005083085686903564,0.45454545454545453,2462.966137677901,0.1,150,5,0.14833333333333334,0.759259842171843,1.2078380597157716,0.0
mtd_ai,200,0.005083085686903564,0.5113636363636364,3237.8904270725625,0.15,150,5,0.14833333333333334,0.759259842171843,1.2078380597157716,0.0
mtd_ai,200,0.005083085686903564,0.4918032786885246,4087.0175508947696,0.2,150,5,0.14833333333333334,0.759259842171843,1.2078380597157716,0.0
mtd_ai,200,0.005083085686903564,0.5,5405.021201493458,0.25,150,5,0.14833333333333334,0.759259842171843,1.2078380597157716,0.0
mtd_ai,200,0.005064249141336231,0.32608695652173914,2521.9907827044044,0.05,150,5,0.08666666666666667,0.12098426713439492,0.453014795186567,0.0
mtd_ai,200,0.005064249141336231,0.3409090909090909,4321.536163908424,0.1,150,5,0.08666666666666667,0.12098426713439492,0.453014795186567,0.0
mtd_ai,200,0.005064249141336231,0.3813559322033898,5773.799902707702,0.15,150,5,0.08666666666666667,0.12098426713439492,0.453014795186567,0.0
mtd_ai,200,0.005064249141336231,0.4225352112676056,6261.30888567665,0.2,150,5,0.08666666666666667,0.12098426713439492,0.453014795186567,0.0
mtd_ai,200,0.005064249141336231,0.4573170731707317,6730.515958137785,0.25,150,5,0.08666666666666667,0.12098426713439492,0.453014795186567,0.0
mtd_ai,200,0.005055693454038197,0.35714285714285715,1414.2921908935457,0.05,150,5,0.18181818181818182,0.772785163871867,2.6202118218059627,0.04
mtd_ai,200,0.005055693454038197,0.4411764705882353,2538.85155302081,0.1,150,5,0.18181818181818182,0.772785163871867,2.6202118218059627,0.04
mtd_ai,200,0.005055693454038197,0.5113636363636364,2867.348089696671,0.15,150,5,0.18181818181818182,0.772785163871867,2.6202118218059627,0.04
mtd_ai,200,0.005055693454038197,0.4225352112676056,4331.891334133277,0.2,150,5,0.18181818181818182,0.772785163871867,2.6202118218059627,0.04
mtd_ai,200,0.005055693454038197,0.46875,4718.018142038869,0.25,150,5,0.18181818181818182,0.772785163871867,2.6202118218059627,0.04
mtd_ai,200,0.005059678845049138,0.25862068965517243,3348.194273502332,0.05,150,5,0.14166666666666666,0.35487965997563564,1.1290512417461105,0.0
mtd_ai,200,0.005059678845049138,0.3488372093023256,4057.206510268088,0.1,150,5,0.14166666666666666,0.35487965997563564,1.1290512417461105,0.0
mtd_ai,200,0.005059678845049138,0.3879310344827586,5206.948235004924,0.15,150,5,0.14166666666666666,0.35487965997563564,1.1290512417461105,0.0
mtd_ai,200,0.005059678845049138,0.43478260869565216,5841.116112363695,0.2,150,5,0.14166666666666666,0.35487965997563564,1.1290512417461105,0.0
mtd_ai,200,0.005059678845049138,0.4411764705882353,6744.6805232573715,0.25,150,5,0.14166666666666666,0.35487965997563564,1.1290512417461105,0.0
mtd_ai,200,0.005073158284416504,0.2777777777777778,2384.1922085427673,0.05,150,5,0.12504761904761905,0.40331125329764445,1.5048744755260204,0.0
mtd_ai,200,0.005073158284416504,0.35714285714285715,3630.0134453272267,0.1,150,5,0.12504761904761905,0.40331125329764445,1.5048744755260204,0.0
mtd_ai,200,0.005073158284416504,0.3879310344827586,4283.690981630336,0.15,150,5,0.12504761904761905,0.40331125329764445,1.5048744755260204,0.0
mtd_ai,200,0.005073158284416504,0.38961038961038963,5062.07002125548,0.2,150,5,0.12504761904761905,0.40331125329764445,1.5048744755260204,0.0
mtd_ai,200,0.005073158284416504,0.436046511627907,5375.913735282993,0.25,150,5,0.12504761904761905,0.40331125329764445,1.5048744755260204,0.0
mtd_ai,200,0.0050436681332312735,0.32608695652173914,1862.55935278506,0.05,150,5,0.14833333333333334,0.13364883001169559,0.45858221781854364,4.827586206896552
mtd_ai,200,0.0050436681332312735,0.3333333333333333,3762.1101620132395,0.1,150,5,0.14833333333333334,0.13364883001169559,0.45858221781854364,4.827586206896552
mtd_ai,200,0.0050436681332312735,0.3879310344827586,4535.172640179308,0.15,150,5,0.14833333333333334,0.13364883001169559,0.45858221781854364,4.827586206896552
mtd_ai,200,0.0050436681332312735,0.43478260869565216,5119.181972521122,0.2,150,5,0.14833333333333334,0.13364883001169559,0.45858221781854364,4.827586206896552
mtd_ai,200,0.0050436681332312735,0.47468354430379744,5565.900027194437,0.25,150,5,0.14833333333333334,0.13364883001169559,0.45858221781854364,4.827586206896552
mtd_ai,200,0.005076008927986701,0.28846153846153844,1773.8413482194146,0.05,150,5,0.20438095238095239,0.06388048235347281,0.2848956773755542,0.0
mtd_ai,200,0.005076008927986701,0.3333333333333333,3455.9409388134018,0.1,150,5,0.20438095238095239,0.06388048235347281,0.2848956773755542,0.0
mtd_ai,200,0.005076008927986701,0.375,4237.977891601201,0.15,150,5,0.20438095238095239,0.06388048235347281,0.2848956773755542,0.0
mtd_ai,200,0.005076008927986701,0.39473684210526316,5120.013268580053,0.2,150,5,0.20438095238095239,0.06388048235347281,0.2848956773755542,0.0
mtd_ai,200,0.005076008927986701,0.436046511627907,5497.344030754213,0.25,150,5,0.20438095238095239,0.06388048235347281,0.2848956773755542,0.0
mtd_ai,200,0.005067062803600587,0.25,3589.672793151868,0.05,150,5,0.185,1.0882409137956675,3.79160499583633,0.0
mtd_ai,200,0.005067062803600587,0.3409090909090909,4426.016540946965,0.1,150,5,0.185,1.0882409137956675,3.79160499583633,0.0
mtd_ai,200,0.005067062803600587,0.4090909090909091,5142.0414385594395,0.15,150,5,0.185,1.0882409137956675,3.79160499583633,0.0
mtd_ai,200,0.005067062803600587,0.4411764705882353,6252.987169304515,0.2,150,5,0.185,1.0882409137956675,3.79160499583633,0.0
mtd_ai,200,0.005067062803600587,0.4807692307692308,6615.025325554256,0.25,150,5,0.185,1.0882409137956675,3.79160499583633,0.0
mtd_ai,200,0.00503408060765984,0.32608695652173914,2027.477375749722,0.05,150,5,0.1497777777777778,0.9260542092500039,3.196255103148422,0.0
mtd_ai,200,0.00503408060765984,0.35714285714285715,3589.5494796345674,0.1,150,5,0.1497777777777778,0.9260542092500039,3.196255103148422,0.0
mtd_ai,200,0.00503408060765984,0.34615384615384615,5109.339348793358,0.15,150,5,0.1497777777777778,0.9260542092500039,3.196255103148422,0.0
mtd_ai,200,0.00503408060765984,0.36585365853658536,6178.711759486291,0.2,150,5,0.1497777777777778,0.9260542092500039,3.196255103148422,0.0
mtd_ai,200,0.00503408060765984,0.375,7686.747705006101,0.25,150,5,0.1497777777777778,0.9260542092500039,3.196255103148422,0.0
mtd_ai,200,0.005034147194494324,0.28846153846153844,2932.0961972842324,0.05,150,5,0.12222222222222222,0.2216421790446945,0.5345982974780392,0.0
mtd_ai,200,0.005034147194494324,0.3191489361702128,4242.182286220837,0.1,150,5,0.12222222222222222,0.2216421790446945,0.5345982974780392,0.0
mtd_ai,200,0.005034147194494324,0.375,5017.6782926569,0.15,150,5,0.12222222222222222,0.2216421790446945,0.5345982974780392,0.0
mtd_ai,200,0.005034147194494324,0.410958904109589,5949.529724053193,0.2,150,5,0.12222222222222222,0.2216421790446945,0.5345982974780392,0.0
mtd_ai,200,0.005034147194494324,0.436046511627907,6658.5766426919745,0.25,150,5,0.12222222222222222,0.2216421790446945,0.5345982974780392,0.0
mtd_ai,200,0.005061752224122658,0.32608695652173914,1469.6155440653627,0.05,150,5,0.15277777777777776,1.0604113899096217,3.328292744177149,0.0
mtd_ai,200,0.005061752224122658,0.32608695652173914,3875.334591807172,0.1,150,5,0.15277777777777776,1.0604113899096217,3.328292744177149,0.0
mtd_ai,200,0.005061752224122658,0.375,5308.955887421314,0.15,150,5,0.15277777777777776,1.0604113899096217,3.328292744177149,0.0
mtd_ai,200,0.005061752224122658,0.4166666666666667,5917.562529735893,0.2,150,5,0.15277777777777776,1.0604113899096217,3.328292744177149,0.0
mtd_ai,200,0.005061752224122658,0.4411764705882353,6501.656586474219,0.25,150,5,0.15277777777777776,1.0604113899096217,3.328292744177149,0.0
mtd_ai,200,0.005080954557571965,0.375,1689.94238079,0.05,150,5,0.16666666666666666,1.0622755426335724,4.1258775933180285,0.0
mtd_ai,200,0.005080954557571965,0.46875,2338.576162823182,0.1,150,5,0.16666666666666666,1.0622755426335724,4.1258775933180285,0.0
mtd_ai,200,0.005080954557571965,0.4787234042553192,3704.287341811828,0.15,150,5,0.16666666666666666,1.0622755426335724,4.1258775933180285,0.0
mtd_ai,200,0.005080954557571965,0.47619047619047616,4865.513013833969,0.2,150,5,0.16666666666666666,1.0622755426335724,4.1258775933180285,0.0
mtd_ai,200,0.005080954557571965,0.5,5460.771828712006,0.25,150,5,0.16666666666666666,1.0622755426335724,4.1258775933180285,0.0
mtd_ai,200,0.005060426605976891,0.28846153846153844,2176.955250241427,0.05,150,5,0.17666666666666667,0.32908568248105236,0.915924089932575,0.0
mtd_ai,200,0.005060426605976891,0.32608695652173914,3634.831209569301,0.1,150,5,0.17666666666666667,0.32908568248105236,0.915924089932575,0.0
mtd_ai,200,0.005060426605976891,0.4017857142857143,4024.443679079972,0.15,150,5,0.17666666666666667,0.32908568248105236,0.915924089932575,0.0
mtd_ai,200,0.005060426605976891,0.45454545454545453,4416.361103254543,0.2,150,5,0.17666666666666667,0.32908568248105236,0.915924089932575,0.0
mtd_ai,200,0.005060426605976891,0.5,4839.150823368224,0.25,150,5,0.17666666666666667,0.32908568248105236,0.915924089932575,0.0
mtd_ai,200,0.005030452080386416,0.3409090909090909,2061.900426469878,0.05,150,5,0.11,0.2929155092313268,0.5142518971886952,0.0
mtd_ai,200,0.005030452080386416,0.35714285714285715,3814.021103037303,0.1,150,5,0.11,0.2929155092313268,0.5142518971886952,0.0
mtd_ai,200,0.005030452080386416,0.3879310344827586,5197.685401174299,0.15,150,5,0.11,0.2929155092313268,0.5142518971886952,0.0
mtd_ai,200,0.005030452080386416,0.38461538461538464,6456.606353488659,0.2,150,5,0.11,0.2929155092313268,0.5142518971886952,0.0
mtd_ai,200,0.005030452080386416,0.3826530612244898,7642.86008389163,0.25,150,5,0.11,0.2929155092313268,0.5142518971886952,0.0
mtd_ai,200,0.005071257671996612,0.3409090909090909,2573.989580035343,0.05,150,5,0.11222222222222224,0.7180123361207966,2.827910893052576,0.0
mtd_ai,200,0.005071257671996612,0.375,4322.941920410183,0.1,150,5,0.11222222222222224,0.7180123361207966,2.827910893052576,0.0
mtd_ai,200,0.005071257671996612,0.45,4824.488449055438,0.15,150,5,0.11222222222222224,0.7180123361207966,2.827910893052576,0.0
mtd_ai,200,0.005071257671996612,0.45454545454545453,5793.071618253847,0.2,150,5,0.11222222222222224,0.7180123361207966,2.827910893052576,0.0
mtd_ai,200,0.005071257671996612,0.4934210526315789,6170.566507173538,0.25,150,5,0.11222222222222224,0.7180123361207966,2.827910893052576,0.0
mtd_ai,200,0.0050758732732960445,0.375,1988.199231955452,0.05,150,5,0.135,0.6513638495782829,2.6142774279018086,0.0
mtd_ai,200,0.0050758732732960445,0.4166666666666667,3126.2078248494054,0.1,150,5,0.135,0.6513638495782829,2.6142774279018086,0.0
mtd_ai,200,0.0050758732732960445,0.46875,3936.860833502112,0.15,150,5,0.135,0.6513638495782829,2.6142774279018086,0.0
mtd_ai,200,0.0050758732732960445,0.4838709677419355,4861.188448758587,0.2,150,5,0.135,0.6513638495782829,2.6142774279018086,0.0
mtd_ai,200,0.0050758732732960445,0.5067567567567568,5577.634096354523,0.25,150,5,0.135,0.6513638495782829,2.6142774279018086,0.0
mtd_ai,200,0.005048565587217287,0.39473684210526316,1704.8313731401165,0.05,150,5,0.09111111111111111,0.7781673430962771,2.655116171003237,0.0
mtd_ai,200,0.005048565587217287,0.40540540540540543,3707.951971002127,0.1,150,5,0.09111111111111111,0.7781673430962771,2.655116171003237,0.0
mtd_ai,200,0.005048565587217287,0.4787234042553192,4258.0746699742385,0.15,150,5,0.09111111111111111,0.7781673430962771,2.655116171003237,0.0
mtd_ai,200,0.005048565587217287,0.5,4939.62958467614,0.2,150,5,0.09111111111111111,0.7781673430962771,2.655116171003237,0.0
mtd_ai,200,0.005048565587217287,0.5434782608695652,5472.674379540828,0.25,150,5,0.09111111111111111,0.7781673430962771,2.655116171003237,0.0
mtd_ai,200,0.005053482092999267,0.2777777777777778,3558.526799371186,0.05,150,5,0.08777777777777779,0.32200972307530223,1.4448243578090179,0.0
mtd_ai,200,0.005053482092999267,0.3333333333333333,4947.392717599136,0.1,150,5,0.08777777777777779,0.32200972307530223,1.4448243578090179,0.0
mtd_ai,200,0.005053482092999267,0.3629032258064516,6246.1711421462205,0.15,150,5,0.08777777777777779,0.32200972307530223,1.4448243578090179,0.0
mtd_ai,200,0.005053482092999267,0.4,7039.607659342549,0.2,150,5,0.08777777777777779,0.32200972307530223,1.4448243578090179,0.0
mtd_ai,200,0.005053482092999267,0.45180722891566266,7388.6807223447095,0.25,150,5,0.08777777777777779,0.32200972307530223,1.4448243578090179,0.0
mtd_ai,200,0.005068907545044575,0.3409090909090909,2296.261629167325,0.05,150,5,0.1,0.04503713536123845,0.16070307826845065,0.0
mtd_ai,200,0.005068907545044575,0.38461538461538464,3522.1710683725005,0.1,150,5,0.1,0.04503713536123845,0.16070307826845065,0.0
mtd_ai,200,0.005068907545044575,0.4411764705882353,4375.104936148018,0.15,150,5,0.1,0.04503713536123845,0.16070307826845065,0.0
mtd_ai,200,0.005068907545044575,0.47619047619047616,5163.071824140384,0.2,150,5,0.1,0.04503713536123845,0.16070307826845065,0.0
mtd_ai,200,0.005068907545044575,0.487012987012987,5940.190000367113,0.25,150,5,0.1,0.04503713536123845,0.16070307826845065,0.0
mtd_ai,200,0.0050440774225369725,0.35714285714285715,2172.210858447039,0.05,150,5,0.10333333333333333,0.14221885150944916,0.3931093373950509,0.0
mtd_ai,200,0.0050440774225369725,0.4166666666666667,3184.468923224077,0.1,150,5,0.10333333333333333,0.14221885150944916,0.3931093373950509,0.0
mtd_ai,200,0.0050440774225369725,0.45918367346938777,3759.8050653400705,0.15,150,5,0.10333333333333333,0.14221885150944916,0.3931093373950509,0.0
mtd_ai,200,0.0050440774225369725,0.44776119402985076,5748.313416941924,0.2,150,5,0.10333333333333333,0.14221885150944916,0.3931093373950509,0.0
mtd_ai,200,0.0050440774225369725,0.487012987012987,6392.396327258748,0.25,150,5,0.10333333333333333,0.14221885150944916,0.3931093373950509,0.0
mtd_ai,200,0.00504260558321989,0.3,1795.0721177541607,0.05,150,5,0.1322222222222222,1.2018251474035055,3.864959686849827,0.0
mtd_ai,200,0.00504260558321989,0.30612244897959184,3861.316623622305,0.1,150,5,0.1322222222222222,1.2018251474035055,3.864959686849827,0.0
mtd_ai,200,0.00504260558321989,0.3813559322033898,4215.753697795284,0.15,150,5,0.1322222222222222,1.2018251474035055,3.864959686849827,0.0
mtd_ai,200,0.00504260558321989,0.410958904109589,4881.472060404624,0.2,150,5,0.1322222222222222,1.2018251474035055,3.864959686849827,0.0
mtd_ai,200,0.00504260558321989,0.44642857142857145,5480.261046377899,0.25,150,5,0.1322222222222222,1.2018251474035055,3.864959686849827,0.0
mtd_ai,200,0.005039106022909667,0.375,2343.953373602244,0.05,150,5,0.18,0.7690444207982052,2.302099552947672,0.0
mtd_ai,200,0.005039106022909667,0.375,4434.543014059833,0.1,150,5,0.18,0.7690444207982052,2.302099552947672,0.0
mtd_ai,200,0.005039106022909667,0.45918367346938777,4922.181596652204,0.15,150,5,0.18,0.7690444207982052,2.302099552947672,0.0
mtd_ai,200,0.005039106022909667,0.47619047619047616,5879.344591872435,0.2,150,5,0.18,0.7690444207982052,2.302099552947672,0.0
mtd_ai,200,0.005039106022909667,0.5,6342.590299900424,0.25,150,5,0.18,0.7690444207982052,2.302099552947672,0.0
mtd_ai,200,0.00504052222507255,0.375,2059.0823352509033,0.05,150,5,0.18181818181818182,0.11922325851990294,0.5349128810880028,-4.964285714285714
mtd_ai,200,0.00504052222507255,0.4411764705882353,3110.5101810655988,0.1,150,5,0.18181818181818182,0.11922325851990294,0.5349128810880028,-4.964285714285714
mtd_ai,200,0.00504052222507255,0.45918367346938777,4349.631027511921,0.15,150,5,0.18181818181818182,0.11922325851990294,0.5349128810880028,-4.964285714285714
mtd_ai,200,0.00504052222507255,0.4838709677419355,5013.484579084303,0.2,150,5,0.18181818181818182,0.11922325851990294,0.5349128810880028,-4.964285714285714
mtd_ai,200,0.00504052222507255,0.3826530612244898,6927.226924592108,0.25,150,5,0.18181818181818182,0.11922325851990294,0.5349128810880028,-4.964285714285714
mtd_ai,200,0.00504812518695785,0.3125,2409.597193899449,0.05,150,5,0.2,0.13527539490090543,0.5817129923951379,-3.9705882352941178
mtd_ai,200,0.00504812518695785,0.39473684210526316,3404.3303343455,0.1,150,5,0.2,0.13527539490090543,0.5817129923951379,-3.9705882352941178
mtd_ai,200,0.00504812518695785,0.45918367346938777,4002.650858444445,0.15,150,5,0.2,0.13527539490090543,0.5817129923951379,-3.9705882352941178
mtd_ai,200,0.00504812518695785,0.46875,5273.028640652478,0.2,150,5,0.2,0.13527539490090543,0.5817129923951379,-3.9705882352941178
mtd_ai,200,0.00504812518695785,0.4934210526315789,5789.596147081631,0.25,150,5,0.2,0.13527539490090543,0.5817129923951379,-3.9705882352941178
mtd_ai,200,0.005071814070479196,0.3,2914.418588826681,0.05,150,5,0.16177777777777777,2.3025753827399367,4.805963621713316,0.0
mtd_ai,200,0.005071814070479196,0.36585365853658536,4261.315909744058,0.1,150,5,0.16177777777777777,2.3025753827399367,4.805963621713316,0.0
mtd_ai,200,0.005071814070479196,0.4166666666666667,4849.390647821469,0.15,150,5,0.16177777777777777,2.3025753827399367,4.805963621713316,0.0
mtd_ai,200,0.005071814070479196,0.4166666666666667,5516.142302887577,0.2,150,5,0.16177777777777777,2.3025753827399367,4.805963621713316,0.0
mtd_ai,200,0.005071814070479196,0.4166666666666667,6237.270111490013,0.25,150,5,0.16177777777777777,2.3025753827399367,4.805963621713316,0.0
mtd_ai,200,0.005068424423723814,0.28846153846153844,2670.9647362377505,0.05,150,5,0.16176190476190477,0.18638309783138152,0.5928480073792185,0.0
mtd_ai,200,0.005068424423723814,0.35714285714285715,4088.8276003152837,0.1,150,5,0.16176190476190477,0.18638309783138152,0.5928480073792185,0.0
mtd_ai,200,0.005068424423723814,0.42452830188679247,4957.510396589161,0.15,150,5,0.16176190476190477,0.18638309783138152,0.5928480073792185,0.0
mtd_ai,200,0.005068424423723814,0.44776119402985076,5719.204405555898,0.2,150,5,0.16176190476190477,0.18638309783138152,0.5928480073792185,0.0
mtd_ai,200,0.005068424423723814,0.46296296296296297,6383.130440331834,0.25,150,5,0.16176190476190477,0.18638309783138152,0.5928480073792185,0.0
mtd_ai,200,0.00504915315128108,0.3409090909090909,1697.535175686589,0.05,150,5,0.11333333333333333,6.486443281389296,4.554165645744161,0.0
mtd_ai,200,0.00504915315128108,0.38461538461538464,3185.976232950012,0.1,150,5,0.11333333333333333,6.486443281389296,4.554165645744161,0.0
mtd_ai,200,0.00504915315128108,0.45,3827.8436295793176,0.15,150,5,0.11333333333333333,6.486443281389296,4.554165645744161,0.0
mtd_ai,200,0.00504915315128108,0.4918032786885246,4283.005596378282,0.2,150,5,0.11333333333333333,6.486443281389296,4.554165645744161,0.0
mtd_ai,200,0.00504915315128108,0.5136986301369864,4990.69642010327,0.25,150,5,0.11333333333333333,6.486443281389296,4.554165645744161,0.0
mtd_ai,200,0.005072798994338424,0.39473684210526316,1525.0939307340573,0.05,150,5,0.10666666666666667,0.9408000163467066,0.8526032688672606,0.0
mtd_ai,200,0.005072798994338424,0.3488372093023256,3837.94036709981,0.1,150,5,0.10666666666666667,0.9408000163467066,0.8526032688672606,0.0
mtd_ai,200,0.005072798994338424,0.4017857142857143,4594.70565930454,0.15,150,5,0.10666666666666667,0.9408000163467066,0.8526032688672606,0.0
mtd_ai,200,0.005072798994338424,0.4411764705882353,5305.970511855347,0.2,150,5,0.10666666666666667,0.9408000163467066,0.8526032688672606,0.0
mtd_ai,200,0.005072798994338424,0.4934210526315789,5662.179568073379,0.25,150,5,0.10666666666666667,0.9408000163467066,0.8526032688672606,0.0
mtd_ai,200,0.005086664273780584,0.32608695652173914,2186.547713949687,0.05,150,5,0.11916666666666667,0.6784414496873775,2.8209334700851363,0.0
mtd_ai,200,0.005086664273780584,0.39473684210526316,3079.487110479553,0.1,150,5,0.11916666666666667,0.6784414496873775,2.8209334700851363,0.0
mtd_ai,200,0.005086664273780584,0.42452830188679247,3739.671608831257,0.15,150,5,0.11916666666666667,0.6784414496873775,2.8209334700851363,0.0
mtd_ai,200,0.005086664273780584,0.4225352112676056,4462.243851569618,0.2,150,5,0.11916666666666667,0.6784414496873775,2.8209334700851363,0.0
mtd_ai,200,0.005086664273780584,0.4411764705882353,4992.724612393517,0.25,150,5,0.11916666666666667,0.6784414496873775,2.8209334700851363,0.0
mtd_ai,200,0.005064256800714211,0.4411764705882353,1560.0034936105808,0.05,150,5,0.1388888888888889,0.4113279749078011,1.6406488828847656,0.0
mtd_ai,200,0.005064256800714211,0.375,3393.7662630844225,0.1,150,5,0.1388888888888889,0.4113279749078011,1.6406488828847656,0.0
mtd_ai,200,0.005064256800714211,0.32142857142857145,5791.750098049866,0.15,150,5,0.1388888888888889,0.4113279749078011,1.6406488828847656,0.0
mtd_ai,200,0.005064256800714211,0.3614457831325301,6359.361898696108,0.2,150,5,0.1388888888888889,0.4113279749078011,1.6406488828847656,0.0
mtd_ai,200,0.005064256800714211,0.39473684210526316,7022.63145286619,0.25,150,5,0.1388888888888889,0.4113279749078011,1.6406488828847656,0.0
mtd_ai,200,0.005030670809505214,0.375,2468.1119820209146,0.05,150,5,0.15277777777777776,1.1703350201138916,2.615639353346236,0.0
mtd_ai,200,0.005030670809505214,0.3125,5375.579831027968,0.1,150,5,0.15277777777777776,1.1703350201138916,2.615639353346236,0.0
mtd_ai,200,0.005030670809505214,0.3879310344827586,6031.929210870196,0.15,150,5,0.15277777777777776,1.1703350201138916,2.615639353346236,0.0
mtd_ai,200,0.005030670809505214,0.410958904109589,6893.490709280222,0.2,150,5,0.15277777777777776,1.1703350201138916,2.615639353346236,0.0
mtd_ai,200,0.005030670809505214,0.436046511627907,7510.233408438433,0.25,150,5,0.15277777777777776,1.1703350201138916,2.615639353346236,0.0
mtd_ai,200,0.005040559966690711,0.3125,2197.496467794118,0.05,150,5,0.1111111111111111,1.2005886716280836,4.2557061870516195,-4.1
mtd_ai,200,0.005040559966690711,0.3,4452.977721009955,0.1,150,5,0.1111111111111111,1.2005886716280836,4.2557061870516195,-4.1
mtd_ai,200,0.005040559966690711,0.3879310344827586,4800.13527919658,0.15,150,5,0.1111111111111111,1.2005886716280836,4.2557061870516195,-4.1
mtd_ai,200,0.005040559966690711,0.4411764705882353,5288.785868751036,0.2,150,5,0.1111111111111111,1.2005886716280836,4.2557061870516195,-4.1
mtd_ai,200,0.005040559966690711,0.46875,6164.154708799215,0.25,150,5,0.1111111111111111,1.2005886716280836,4.2557061870516195,-4.1
mtd_ai,200,0.005062280144024553,0.5,1337.9674269470277,0.05,150,5,0.14,0.7794582993028332,3.4164022012090967,0.0
mtd_ai,200,0.005062280144024553,0.4411764705882353,2770.6122099853537,0.1,150,5,0.14,0.7794582993028332,3.4164022012090967,0.0
mtd_ai,200,0.005062280144024553,0.46875,3816.592341359552,0.15,150,5,0.14,0.7794582993028332,3.4164022012090967,0.0
mtd_ai,200,0.005062280144024553,0.5,4420.902894419424,0.2,150,5,0.14,0.7794582993028332,3.4164022012090967,0.0
mtd_ai,200,0.005062280144024553,0.5434782608695652,4852.2078638278235,0.25,150,5,0.14,0.7794582993028332,3.4164022012090967,0.0
mtd_ai,200,0.005039092359578657,0.3125,3019.4727497104213,0.05,150,5,0.13777777777777775,1.329428667387954,3.1669809506276794,0.0
mtd_ai,200,0.005039092359578657,0.32608695652173914,4960.693272406425,0.1,150,5,0.13777777777777775,1.329428667387954,3.1669809506276794,0.0
mtd_ai,200,0.005039092359578657,0.4017857142857143,5460.787274901717,0.15,150,5,0.13777777777777775,1.329428667387954,3.1669809506276794,0.0
mtd_ai,200,0.005039092359578657,0.4225352112676056,6071.889262226336,0.2,150,5,0.13777777777777775,1.329428667387954,3.1669809506276794,0.0
mtd_ai,200,0.005039092359578657,0.46875,6500.594282300199,0.25,150,5,0.13777777777777775,1.329428667387954,3.1669809506276794,0.0
mtd_ai,200,0.00505096203804301,0.3,2485.155564693829,0.05,150,5,0.12666666666666668,0.31971676530059107,1.2285468517535727,0.0
mtd_ai,200,0.00505096203804301,0.3191489361702128,4420.612917553637,0.1,150,5,0.12666666666666668,0.31971676530059107,1.2285468517535727,0.0
mtd_ai,200,0.00505096203804301,0.35714285714285715,6024.117421891069,0.15,150,5,0.12666666666666668,0.31971676530059107,1.2285468517535727,0.0
mtd_ai,200,0.00505096203804301,0.379746835443038,7088.3710750044265,0.2,150,5,0.12666666666666668,0.31971676530059107,1.2285468517535727,0.0
mtd_ai,200,0.00505096203804301,0.43103448275862066,7485.387959619418,0.25,150,5,0.12666666666666668,0.31971676530059107,1.2285468517535727,0.0
mtd_ai,200,0.005079139193383509,0.22727272727272727,3168.7694786031293,0.05,150,5,0.13566666666666669,0.3069044136833377,0.7101634063519453,0.0
mtd_ai,200,0.005079139193383509,0.3125,4020.7923774622172,0.1,150,5,0.13566666666666669,0.3069044136833377,0.7101634063519453,0.0
mtd_ai,200,0.005079139193383509,0.3813559322033898,4514.102429105853,0.15,150,5,0.13566666666666669,0.3069044136833377,0.7101634063519453,0.0
mtd_ai,200,0.005079139193383509,0.4166666666666667,5372.782414839161,0.2,150,5,0.13566666666666669,0.3069044136833377,0.7101634063519453,0.0
mtd_ai,200,0.005079139193383509,0.46296296296296297,5675.906746018643,0.25,150,5,0.13566666666666669,0.3069044136833377,0.7101634063519453,0.0
mtd_ai,200,0.005046691694539447,0.4411764705882353,1613.5855079374137,0.05,150,5,0.13099999999999998,12.900667053476965,8.625964368605464,0.0
mtd_ai,200,0.005046691694539447,0.45454545454545453,2931.440375093919,0.1,150,5,0.13099999999999998,12.900667053476965,8.625964368605464,0.0
mtd_ai,200,0.005046691694539447,0.5113636363636364,3420.213561398745,0.15,150,5,0.13099999999999998,12.900667053476965,8.625964368605464,0.0
mtd_ai,200,0.005046691694539447,0.46875,4817.281275547395,0.2,150,5,0.13099999999999998,12.900667053476965,8.625964368605464,0.0
mtd_ai,200,0.005046691694539447,0.487012987012987,5927.897390119071,0.25,150,5,0.13099999999999998,12.900667053476965,8.625964368605464,0.0
mtd_ai,200,0.005034776796791651,0.35714285714285715,1694.2108218812746,0.05,150,5,0.12666666666666668,0.06105408457956085,0.09623092014564798,0.0
mtd_ai,200,0.005034776796791651,0.36585365853658536,3591.860712804308,0.1,150,5,0.12666666666666668,0.06105408457956085,0.09623092014564798,0.0
mtd_ai,200,0.005034776796791651,0.3629032258064516,4801.67958152489,0.15,150,5,0.12666666666666668,0.06105408457956085,0.09623092014564798,0.0
mtd_ai,200,0.005034776796791651,0.30612244897959184,6219.998343941163,0.2,150,5,0.12666666666666668,0.06105408457956085,0.09623092014564798,0.0
mtd_ai,200,0.005034776796791651,0.35377358490566035,6523.239353694358,0.25,150,5,0.12666666666666668,0.06105408457956085,0.09623092014564798,0.0
mtd_ai,200,0.005031899291991354,0.35714285714285715,1856.33343432236,0.05,150,5,0.45454545454545453,0.03713837130632216,0.09369200437368551,-4.088235294117647
mtd_ai,200,0.005031899291991354,0.39473684210526316,3638.6426229246263,0.1,150,5,0.45454545454545453,0.03713837130632216,0.09369200437368551,-4.088235294117647
mtd_ai,200,0.005031899291991354,0.42452830188679247,4729.622526695179,0.15,150,5,0.45454545454545453,0.03713837130632216,0.09369200437368551,-4.088235294117647
mtd_ai,200,0.005031899291991354,0.43478260869565216,6276.769638588624,0.2,150,5,0.45454545454545453,0.03713837130632216,0.09369200437368551,-4.088235294117647
mtd_ai,200,0.005031899291991354,0.45180722891566266,7124.399026909596,0.25,150,5,0.45454545454545453,0.03713837130632216,0.09369200437368551,-4.088235294117647
mtd_ai,200,0.005052387992681532,0.46875,1567.8809709314478,0.05,150,5,0.1517063492063492,0.8695857959515307,1.6515543730805078,0.0
mtd_ai,200,0.005052387992681532,0.4411764705882353,2749.6443163535814,0.1,150,5,0.1517063492063492,0.8695857959515307,1.6515543730805078,0.0
mtd_ai,200,0.005052387992681532,0.45918367346938777,3688.466152302706,0.15,150,5,0.1517063492063492,0.8695857959515307,1.6515543730805078,0.0
mtd_ai,200,0.005052387992681532,0.5172413793103449,4343.677681312613,0.2,150,5,0.1517063492063492,0.8695857959515307,1.6515543730805078,0.0
mtd_ai,200,0.005052387992681532,0.5597014925373134,4766.74622277769,0.25,150,5,0.1517063492063492,0.8695857959515307,1.6515543730805078,0.0
mtd_ai,200,0.00507550263689048,0.2777777777777778,1872.9847238069244,0.05,150,5,0.13777777777777778,0.6984533083918443,1.371910059108465,0.0
mtd_ai,200,0.00507550263689048,0.2777777777777778,3371.1897167393017,0.1,150,5,0.13777777777777778,0.6984533083918443,1.371910059108465,0.0
mtd_ai,200,0.00507550263689048,0.3125,4741.364923948581,0.15,150,5,0.13777777777777778,0.6984533083918443,1.371910059108465,0.0
mtd_ai,200,0.00507550263689048,0.35294117647058826,5617.087594490889,0.2,150,5,0.13777777777777778,0.6984533083918443,1.371910059108465,0.0
mtd_ai,200,0.00507550263689048,0.39473684210526316,6033.579682290866,0.25,150,5,0.13777777777777778,0.6984533083918443,1.371910059108465,0.0
mtd_ai,200,0.005054564262998018,0.3125,2065.6758391181625,0.05,150,5,0.14844444444444446,0.8327291202078565,2.4353430072475963,0.0
mtd_ai,200,0.005054564262998018,0.23809523809523808,4762.799944004028,0.1,150,5,0.14844444444444446,0.8327291202078565,2.4353430072475963,0.0
mtd_ai,200,0.005054564262998018,0.3,5516.425439571074,0.15,150,5,0.14844444444444446,0.8327291202078565,2.4353430072475963,0.0
mtd_ai,200,0.005054564262998018,0.33707865168539325,6337.7841159773425,0.2,150,5,0.14844444444444446,0.8327291202078565,2.4353430072475963,0.0
mtd_ai,200,0.005054564262998018,0.36764705882352944,6763.190931077519,0.25,150,5,0.14844444444444446,0.8327291202078565,2.4353430072475963,0.0
mtd_ai,200,0.005044438547963033,0.3125,2346.8274422688796,0.05,150,5,0.10066666666666667,0.010161539504434398,0.03605228486829083,0.0
mtd_ai,200,0.005044438547963033,0.40540540540540543,3308.621470012837,0.1,150,5,0.10066666666666667,0.010161539504434398,0.03605228486829083,0.0
mtd_ai,200,0.005044438547963033,0.4411764705882353,4136.561308983545,0.15,150,5,0.10066666666666667,0.010161539504434398,0.03605228486829083,0.0
mtd_ai,200,0.005044438547963033,0.46153846153846156,4944.521452343282,0.2,150,5,0.10066666666666667,0.010161539504434398,0.03605228486829083,0.0
mtd_ai,200,0.005044438547963033,0.5136986301369864,5387.213073651215,0.25,150,5,0.10066666666666667,0.010161539504434398,0.03605228486829083,0.0
mtd_ai,200,0.005031630610069342,0.32608695652173914,2552.4191283133223,0.05,150,5,0.16476190476190478,2.3840721963423523,5.85213862850646,4.5
mtd_ai,200,0.005031630610069342,0.42857142857142855,3296.927343042831,0.1,150,5,0.16476190476190478,2.3840721963423523,5.85213862850646,4.5
mtd_ai,200,0.005031630610069342,0.4787234042553192,4014.268407930994,0.15,150,5,0.16476190476190478,2.3840721963423523,5.85213862850646,4.5
mtd_ai,200,0.005031630610069342,0.3488372093023256,6029.761767891961,0.2,150,5,0.16476190476190478,2.3840721963423523,5.85213862850646,4.5
mtd_ai,200,0.005031630610069342,0.3865979381443299,6795.300339433895,0.25,150,5,0.16476190476190478,2.3840721963423523,5.85213862850646,4.5
mtd_ai,200,0.005066951762186097,0.4411764705882353,1574.4780743919569,0.05,150,5,0.1595555555555556,0.26676421776408415,1.0047988006842103,0.0
mtd_ai,200,0.005066951762186097,0.4411764705882353,3273.685575992862,0.1,150,5,0.1595555555555556,0.26676421776408415,1.0047988006842103,0.0
mtd_ai,200,0.005066951762186097,0.4891304347826087,4143.672219057805,0.15,150,5,0.1595555555555556,0.26676421776408415,1.0047988006842103,0.0
mtd_ai,200,0.005066951762186097,0.47619047619047616,5355.2581503190595,0.2,150,5,0.1595555555555556,0.26676421776408415,1.0047988006842103,0.0
mtd_ai,200,0.005066951762186097,0.5067567567567568,5850.611575589223,0.25,150,5,0.1595555555555556,0.26676421776408415,1.0047988006842103,0.0
mtd_ai,200,0.005078856509045875,0.3125,2516.5497442192636,0.05,150,5,0.16444444444444442,0.788475209820237,3.0288217010946052,0.0
mtd_ai,200,0.005078856509045875,0.3333333333333333,3859.9787492909604,0.1,150,5,0.16444444444444442,0.788475209820237,3.0288217010946052,0.0
mtd_ai,200,0.005078856509045875,0.4090909090909091,4340.574114593862,0.15,150,5,0.16444444444444442,0.788475209820237,3.0288217010946052,0.0
mtd_ai,200,0.005078856509045875,0.4411764705882353,5223.695133182448,0.2,150,5,0.16444444444444442,0.788475209820237,3.0288217010946052,0.0
mtd_ai,200,0.005078856509045875,0.487012987012987,5620.716784019369,0.25,150,5,0.16444444444444442,0.788475209820237,3.0288217010946052,0.0
mtd_ai,200,0.005052909283277817,0.19736842105263158,3930.1239788125076,0.05,150,5,0.15166666666666667,0.6241743128394,2.244546464600689,0.0
mtd_ai,200,0.005052909283277817,0.25862068965517243,5613.195680146258,0.1,150,5,0.15166666666666667,0.6241743128394,2.244546464600689,0.0
mtd_ai,200,0.005052909283277817,0.2777777777777778,7027.395245722382,0.15,150,5,0.15166666666666667,0.6241743128394,2.244546464600689,0.0
mtd_ai,200,0.005052909283277817,0.30927835051546393,7571.688017127764,0.2,150,5,0.15166666666666667,0.6241743128394,2.244546464600689,0.0
mtd_ai,200,0.005052909283277817,0.35377358490566035,7984.002362345686,0.25,150,5,0.15166666666666667,0.6241743128394,2.244546464600689,0.0
mtd_ai,200,0.00505441709107891,0.32608695652173914,2211.061215200888,0.05,150,5,0.12222222222222223,0.30079292763534804,0.7104874175934287,0.0
mtd_ai,200,0.00505441709107891,0.42857142857142855,3190.3314515016173,0.1,150,5,0.12222222222222223,0.30079292763534804,0.7104874175934287,0.0
mtd_ai,200,0.00505441709107891,0.45,4374.131545444427,0.15,150,5,0.12222222222222223,0.30079292763534804,0.7104874175934287,0.0
mtd_ai,200,0.00505441709107891,0.44776119402985076,5166.967568364719,0.2,150,5,0.12222222222222223,0.30079292763534804,0.7104874175934287,0.0
mtd_ai,200,0.00505441709107891,0.4807692307692308,5624.321789671254,0.25,150,5,0.12222222222222223,0.30079292763534804,0.7104874175934287,0.0
mtd_ai,200,0.0050518034479157675,0.375,1445.4629185240192,0.05,150,5,0.23066666666666663,0.7665930098495811,2.5331980207101323,0.0
mtd_ai,200,0.0050518034479157675,0.42857142857142855,2375.36819462351,0.1,150,5,0.23066666666666663,0.7665930098495811,2.5331980207101323,0.0
mtd_ai,200,0.0050518034479157675,0.35714285714285715,4040.0337073177216,0.15,150,5,0.23066666666666663,0.7665930098495811,2.5331980207101323,0.0
mtd_ai,200,0.0050518034479157675,0.38461538461538464,4878.900458563351,0.2,150,5,0.23066666666666663,0.7665930098495811,2.5331980207101323,0.0
mtd_ai,200,0.0050518034479157675,0.43103448275862066,5264.3835774159925,0.25,150,5,0.23066666666666663,0.7665930098495811,2.5331980207101323,0.0
mtd_ai,200,0.005039552125702915,0.22727272727272727,3569.5738436029033,0.05,150,5,0.14222222222222225,1.4207065143922513,4.518829180416487,0.0
mtd_ai,200,0.005039552125702915,0.3191489361702128,5016.708941531203,0.1,150,5,0.14222222222222225,1.4207065143922513,4.518829180416487,0.0
mtd_ai,200,0.005039552125702915,0.36885245901639346,5828.026283341382,0.15,150,5,0.14222222222222225,1.4207065143922513,4.518829180416487,0.0
mtd_ai,200,0.005039552125702915,0.4166666666666667,6504.396565794907,0.2,150,5,0.14222222222222225,1.4207065143922513,4.518829180416487,0.0
mtd_ai,200,0.005039552125702915,0.4573170731707317,7149.812025165938,0.25,150,5,0.14222222222222225,1.4207065143922513,4.518829180416487,0.0
mtd_ai,200,0.005043987341857324,0.22727272727272727,3418.7609410156083,0.05,150,5,0.14388888888888887,0.30726214532587187,1.1919631161586624,0.0
mtd_ai,200,0.005043987341857324,0.28846153846153844,4726.505431483872,0.1,150,5,0.14388888888888887,0.30726214532587187,1.1919631161586624,0.0
mtd_ai,200,0.005043987341857324,0.35714285714285715,5313.351350304596,0.15,150,5,0.14388888888888887,0.30726214532587187,1.1919631161586624,0.0
mtd_ai,200,0.005043987341857324,0.39473684210526316,5881.597902957228,0.2,150,5,0.14388888888888887,0.30726214532587187,1.1919631161586624,0.0
mtd_ai,200,0.005043987341857324,0.42613636363636365,6409.981772422989,0.25,150,5,0.14388888888888887,0.30726214532587187,1.1919631161586624,0.0
mtd_ai,200,0.005043976997980147,0.3125,2204.118544518569,0.05,150,5,0.11911111111111111,0.07352603929513465,0.22718772065778345,0.0
mtd_ai,200,0.005043976997980147,0.3125,4023.133073766976,0.1,150,5,0.11911111111111111,0.07352603929513465,0.22718772065778345,0.0
mtd_ai,200,0.005043976997980147,0.375,4765.694186835441,0.15,150,5,0.11911111111111111,0.07352603929513465,0.22718772065778345,0.0
mtd_ai,200,0.005043976997980147,0.4,5497.331506057624,0.2,150,5,0.11911111111111111,0.07352603929513465,0.22718772065778345,0.0
mtd_ai,200,0.005043976997980147,0.436046511627907,6190.663820841332,0.25,150,5,0.11911111111111111,0.07352603929513465,0.22718772065778345,0.0
mtd_ai,200,0.005067957563544228,0.26785714285714285,2583.652317497439,0.05,150,5,0.15999999999999998,0.2670724405423205,0.5789436689700872,0.0
mtd_ai,200,0.005067957563544228,0.32608695652173914,3757.4592800623905,0.1,150,5,0.15999999999999998,0.2670724405423205,0.5789436689700872,0.0
mtd_ai,200,0.005067957563544228,0.375,4684.305073515438,0.15,150,5,0.15999999999999998,0.2670724405423205,0.5789436689700872,0.0
mtd_ai,200,0.005067957563544228,0.4,5546.942549203896,0.2,150,5,0.15999999999999998,0.2670724405423205,0.5789436689700872,0.0
mtd_ai,200,0.005067957563544228,0.42613636363636365,6148.721590815264,0.25,150,5,0.15999999999999998,0.2670724405423205,0.5789436689700872,0.0
mtd_ai,200,0.005068959114091703,0.3125,2698.71423916613,0.05,150,5,0.17555555555555555,0.40766339740214375,1.7541650516519196,0.0
mtd_ai,200,0.005068959114091703,0.36585365853658536,4205.130249788393,0.1,150,5,0.17555555555555555,0.40766339740214375,1.7541650516519196,0.0
mtd_ai,200,0.005068959114091703,0.4017857142857143,4960.536652608826,0.15,150,5,0.17555555555555555,0.40766339740214375,1.7541650516519196,0.0
mtd_ai,200,0.005068959114091703,0.43478260869565216,5562.22155850174,0.2,150,5,0.17555555555555555,0.40766339740214375,1.7541650516519196,0.0
mtd_ai,200,0.005068959114091703,0.47468354430379744,6006.148693480373,0.25,150,5,0.17555555555555555,0.40766339740214375,1.7541650516519196,0.0
mtd_ai,200,0.005047016306481552,0.3125,2223.0369920189078,0.05,150,5,0.11666666666666667,0.024060234977762253,0.1023898636691191,0.0
mtd_ai,200,0.005047016306481552,0.36585365853658536,3428.5203426189714,0.1,150,5,0.11666666666666667,0.024060234977762253,0.1023898636691191,0.0
mtd_ai,200,0.005047016306481552,0.4166666666666667,4289.456286553328,0.15,150,5,0.11666666666666667,0.024060234977762253,0.1023898636691191,0.0
mtd_ai,200,0.005047016306481552,0.4225352112676056,5480.383155915346,0.2,150,5,0.11666666666666667,0.024060234977762253,0.1023898636691191,0.0
mtd_ai,200,0.005047016306481552,0.46875,6103.792286282749,0.25,150,5,0.11666666666666667,0.024060234977762253,0.1023898636691191,0.0
mtd_ai,200,0.005037313659345516,0.32608695652173914,2132.475236165141,0.05,150,5,0.13555555555555554,54.656803682694864,7.573344905175698,0.0
mtd_ai,200,0.005037313659345516,0.38461538461538464,3318.623220013971,0.1,150,5,0.13555555555555554,54.656803682694864,7.573344905175698,0.0
mtd_ai,200,0.005037313659345516,0.4411764705882353,4213.204606848255,0.15,150,5,0.13555555555555554,54.656803682694864,7.573344905175698,0.0
mtd_ai,200,0.005037313659345516,0.43478260869565216,5426.977841208958,0.2,150,5,0.13555555555555554,54.656803682694864,7.573344905175698,0.0
mtd_ai,200,0.005037313659345516,0.4411764705882353,6117.28909932149,0.25,150,5,0.13555555555555554,54.656803682694864,7.573344905175698,0.0
mtd_ai,200,0.0050446435460101205,0.3125,2415.5823386381094,0.05,150,5,0.12222222222222223,0.4493859734746,1.3627678773415428,5.64
mtd_ai,200,0.0050446435460101205,0.3333333333333333,3860.1693688613636,0.1,150,5,0.12222222222222223,0.4493859734746,1.3627678773415428,5.64
mtd_ai,200,0.0050446435460101205,0.39473684210526316,4740.1106809571065,0.15,150,5,0.12222222222222223,0.4493859734746,1.3627678773415428,5.64
mtd_ai,200,0.0050446435460101205,0.4411764705882353,5147.062412083989,0.2,150,5,0.12222222222222223,0.4493859734746,1.3627678773415428,5.64
mtd_ai,200,0.0050446435460101205,0.4807692307692308,5722.755153214399,0.25,150,5,0.12222222222222223,0.4493859734746,1.3627678773415428,5.64
mtd_ai,200,0.005072160566070462,0.28846153846153844,2567.4752136421203,0.05,150,5,0.1211111111111111,0.062223281265059584,0.27857552930492924,0.0
mtd_ai,200,0.005072160566070462,0.38461538461538464,3270.079032351941,0.1,150,5,0.1211111111111111,0.062223281265059584,0.27857552930492924,0.0
mtd_ai,200,0.005072160566070462,0.42452830188679247,4369.542589944645,0.15,150,5,0.1211111111111111,0.062223281265059584,0.27857552930492924,0.0
mtd_ai,200,0.005072160566070462,0.46153846153846156,5327.320688792743,0.2,150,5,0.1211111111111111,0.062223281265059584,0.27857552930492924,0.0
mtd_ai,200,0.005072160566070462,0.5,5696.9125279957425,0.25,150,5,0.1211111111111111,0.062223281265059584,0.27857552930492924,0.0
mtd_ai,200,0.005081371690481187,0.24193548387096775,3300.48639980835,0.05,150,5,0.17955555555555555,0.47985748738279377,1.9116554970134096,0.0
mtd_ai,200,0.005081371690481187,0.3191489361702128,4173.542454810829,0.1,150,5,0.17955555555555555,0.47985748738279377,1.9116554970134096,0.0
mtd_ai,200,0.005081371690481187,0.39473684210526316,4602.192397289079,0.15,150,5,0.17955555555555555,0.47985748738279377,1.9116554970134096,0.0
mtd_ai,200,0.005081371690481187,0.43478260869565216,5127.664000251356,0.2,150,5,0.17955555555555555,0.47985748738279377,1.9116554970134096,0.0
mtd_ai,200,0.005081371690481187,0.487012987012987,5492.748834241098,0.25,150,5,0.17955555555555555,0.47985748738279377,1.9116554970134096,0.0
mtd_ai,200,0.005059385037536809,0.26785714285714285,3165.393154420706,0.05,150,5,0.13666666666666666,0.3592587958178605,1.4398849621844907,0.0
mtd_ai,200,0.005059385037536809,0.3191489361702128,4814.688693955638,0.1,150,5,0.13666666666666666,0.3592587958178605,1.4398849621844907,0.0
mtd_ai,200,0.005059385037536809,0.3629032258064516,5495.426866181877,0.15,150,5,0.13666666666666666,0.3592587958178605,1.4398849621844907,0.0
mtd_ai,200,0.005059385037536809,0.38961038961038963,6616.256328371232,0.2,150,5,0.13666666666666666,0.3592587958178605,1.4398849621844907,0.0
mtd_ai,200,0.005059385037536809,0.42613636363636365,6910.036639935863,0.25,150,5,0.13666666666666666,0.3592587958178605,1.4398849621844907,0.0
mtd_ai,200,0.005067115063786101,0.26785714285714285,2553.436783378256,0.05,150,5,0.12222222222222222,1.48712933445606,1.4482289764814724,0.0
mtd_ai,200,0.005067115063786101,0.3488372093023256,3628.5032961691018,0.1,150,5,0.12222222222222222,1.48712933445606,1.4482289764814724,0.0
mtd_ai,200,0.005067115063786101,0.3813559322033898,4931.86272270926,0.15,150,5,0.12222222222222222,1.48712933445606,1.4482289764814724,0.0
mtd_ai,200,0.005067115063786101,0.410958904109589,5887.4617959323605,0.2,150,5,0.12222222222222222,1.48712933445606,1.4482289764814724,0.0
mtd_ai,200,0.005067115063786101,0.4411764705882353,6577.548632568416,0.25,150,5,0.12222222222222222,1.48712933445606,1.4482289764814724,0.0
mtd_ai,200,0.005039282521088094,0.35714285714285715,1882.6148946130152,0.05,150,5,0.16166666666666665,1.0740008880443577,2.458367491877153,0.0
mtd_ai,200,0.005039282521088094,0.38461538461538464,3454.41181825067,0.1,150,5,0.16166666666666665,1.0740008880443577,2.458367491877153,0.0
mtd_ai,200,0.005039282521088094,0.4017857142857143,5034.5712996186785,0.15,150,5,0.16166666666666665,1.0740008880443577,2.458367491877153,0.0
mtd_ai,200,0.005039282521088094,0.375,6217.598472995143,0.2,150,5,0.16166666666666665,1.0740008880443577,2.458367491877153,0.0
mtd_ai,200,0.005039282521088094,0.3712871287128713,7129.747776110387,0.25,150,5,0.16166666666666665,1.0740008880443577,2.458367491877153,0.0
mtd_ai,200,0.005041470329846835,0.375,2498.69963473757,0.05,150,5,0.1388888888888889,0.630575363028352,0.7392111966102614,0.0
mtd_ai,200,0.005041470329846835,0.3409090909090909,4268.649563799729,0.1,150,5,0.1388888888888889,0.630575363028352,0.7392111966102614,0.0
mtd_ai,200,0.005041470329846835,0.4326923076923077,4763.585477342974,0.15,150,5,0.1388888888888889,0.630575363028352,0.7392111966102614,0.0
mtd_ai,200,0.005041470329846835,0.46153846153846156,5519.761570863137,0.2,150,5,0.1388888888888889,0.630575363028352,0.7392111966102614,0.0
mtd_ai,200,0.005041470329846835,0.47468354430379744,6176.81116796432,0.25,150,5,0.1388888888888889,0.630575363028352,0.7392111966102614,0.0
mtd_ai,200,0.005053181203401914,0.19736842105263158,3339.7379735032564,0.05,150,5,0.1572222222222222,0.32838074568593284,0.7878485834237506,0.0
mtd_ai,200,0.005053181203401914,0.26785714285714285,4854.4904276636735,0.1,150,5,0.1572222222222222,0.32838074568593284,0.7878485834237506,0.0
mtd_ai,200,0.005053181203401914,0.3409090909090909,5608.332851612397,0.15,150,5,0.1572222222222222,0.32838074568593284,0.7878485834237506,0.0
mtd_ai,200,0.005053181203401914,0.3614457831325301,6636.152919742855,0.2,150,5,0.1572222222222222,0.32838074568593284,0.7878485834237506,0.0
mtd_ai,200,0.005053181203401914,0.3826530612244898,7219.053454526242,0.25,150,5,0.1572222222222222,0.32838074568593284,0.7878485834237506,0.0
mtd_ai,200,0.005049852348527573,0.39473684210526316,1709.2682241498592,0.05,150,5,0.13833333333333334,0.27898722069779147,0.6649404085737266,0.0
mtd_ai,200,0.005049852348527573,0.5,2279.35676959586,0.1,150,5,0.13833333333333334,0.27898722069779147,0.6649404085737266,0.0
mtd_ai,200,0.005049852348527573,0.5,3733.163239651748,0.15,150,5,0.13833333333333334,0.27898722069779147,0.6649404085737266,0.0
mtd_ai,200,0.005049852348527573,0.5357142857142857,4372.863616974767,0.2,150,5,0.13833333333333334,0.27898722069779147,0.6649404085737266,0.0
mtd_ai,200,0.005049852348527573,0.5434782608695652,5054.058835421764,0.25,150,5,0.13833333333333334,0.27898722069779147,0.6649404085737266,0.0
mtd_ai,200,0.005074506901378094,0.35714285714285715,1968.627375362299,0.05,150,5,0.058823529411764705,0.14918181107713543,0.6076393551913535,0.0
mtd_ai,200,0.005074506901378094,0.36585365853658536,3762.317024955032,0.1,150,5,0.058823529411764705,0.14918181107713543,0.6076393551913535,0.0
mtd_ai,200,0.005074506901378094,0.42452830188679247,4336.828772825683,0.15,150,5,0.058823529411764705,0.14918181107713543,0.6076393551913535,0.0
mtd_ai,200,0.005074506901378094,0.4166666666666667,5437.589411659263,0.2,150,5,0.058823529411764705,0.14918181107713543,0.6076393551913535,0.0
mtd_ai,200,0.005074506901378094,0.45180722891566266,6035.0560657463,0.25,150,5,0.058823529411764705,0.14918181107713543,0.6076393551913535,0.0
mtd_ai,200,0.005051019857327084,0.26785714285714285,2366.509672638005,0.05,150,5,0.1,3.7753751471768324,5.262655946786748,0.0
mtd_ai,200,0.005051019857327084,0.3,3413.5190336180704,0.1,150,5,0.1,3.7753751471768324,5.262655946786748,0.0
mtd_ai,200,0.005051019857327084,0.375,4040.288985574137,0.15,150,5,0.1,3.7753751471768324,5.262655946786748,0.0
mtd_ai,200,0.005051019857327084,0.40540540540540543,4920.592370772507,0.2,150,5,0.1,3.7753751471768324,5.262655946786748,0.0
mtd_ai,200,0.005051019857327084,0.4411764705882353,5493.949341326074,0.25,150,5,0.1,3.7753751471768324,5.262655946786748,0.0
mtd_ai,200,0.005039825732287916,0.3409090909090909,1651.6421969087935,0.05,150,5,0.09044444444444444,4.26001273331721,4.029615450984991,0.0
mtd_ai,200,0.005039825732287916,0.3333333333333333,3968.894472790207,0.1,150,5,0.09044444444444444,4.26001273331721,4.029615450984991,0.0
mtd_ai,200,0.005039825732287916,0.39473684210526316,4546.729468832094,0.15,150,5,0.09044444444444444,4.26001273331721,4.029615450984991,0.0
mtd_ai,200,0.005039825732287916,0.43478260869565216,5230.3462152270395,0.2,150,5,0.09044444444444444,4.26001273331721,4.029615450984991,0.0
mtd_ai,200,0.005039825732287916,0.46296296296296297,6122.834388418556,0.25,150,5,0.09044444444444444,4.26001273331721,4.029615450984991,0.0
mtd_ai,200,0.00506348635232693,0.3409090909090909,2153.8162597843566,0.05,150,5,0.1406666666666667,0.34001788636382324,1.24943356933605,0.0
mtd_ai,200,0.00506348635232693,0.39473684210526316,3734.698550326133,0.1,150,5,0.1406666666666667,0.34001788636382324,1.24943356933605,0.0
mtd_ai,200,0.00506348635232693,0.45918367346938777,4312.925513893281,0.15,150,5,0.1406666666666667,0.34001788636382324,1.24943356933605,0.0
mtd_ai,200,0.00506348635232693,0.45454545454545453,5857.629591853385,0.2,150,5,0.1406666666666667,0.34001788636382324,1.24943356933605,0.0
mtd_ai,200,0.00506348635232693,0.47468354430379744,6262.036364039894,0.25,150,5,0.1406666666666667,0.34001788636382324,1.24943356933605,0.0
mtd_ai,200,0.005063157477427031,0.28846153846153844,2056.2151039679597,0.05,150,5,0.15892063492063493,1.7891609898559484,5.620481109698733,0.0
mtd_ai,200,0.005063157477427031,0.3333333333333333,3596.361156487662,0.1,150,5,0.15892063492063493,1.7891609898559484,5.620481109698733,0.0
mtd_ai,200,0.005063157477427031,0.4017857142857143,4347.675145709438,0.15,150,5,0.15892063492063493,1.7891609898559484,5.620481109698733,0.0
mtd_ai,200,0.005063157477427031,0.38961038961038963,5467.220147897495,0.2,150,5,0.15892063492063493,1.7891609898559484,5.620481109698733,0.0
mtd_ai,200,0.005063157477427031,0.41208791208791207,6278.50539514928,0.25,150,5,0.15892063492063493,1.7891609898559484,5.620481109698733,0.0
mtd_ai,200,0.0050709001319459105,0.3125,2171.120278674311,0.05,150,5,0.11222222222222224,1.1718659261591826,1.841726164807247,0.0
mtd_ai,200,0.0050709001319459105,0.39473684210526316,3225.6734249096125,0.1,150,5,0.11222222222222224,1.1718659261591826,1.841726164807247,0.0
mtd_ai,200,0.0050709001319459105,0.4166666666666667,4762.498650455402,0.15,150,5,0.11222222222222224,1.1718659261591826,1.841726164807247,0.0
mtd_ai,200,0.0050709001319459105,0.4166666666666667,5670.854720381178,0.2,150,5,0.11222222222222224,1.1718659261591826,1.841726164807247,0.0
mtd_ai,200,0.0050709001319459105,0.46875,5944.135604320638,0.25,150,5,0.11222222222222224,1.1718659261591826,1.841726164807247,0.0
mtd_ai,200,0.005065147642478722,0.3125,1977.6976799978274,0.05,150,5,0.11266666666666665,0.7419670964606829,3.1151448248899367,0.0
mtd_ai,200,0.005065147642478722,0.39473684210526316,2910.409011646617,0.1,150,5,0.11266666666666665,0.7419670964606829,3.1151448248899367,0.0
mtd_ai,200,0.005065147642478722,0.45918367346938777,3585.040480458221,0.15,150,5,0.11266666666666665,0.7419670964606829,3.1151448248899367,0.0
mtd_ai,200,0.005065147642478722,0.4918032786885246,4462.099223204947,0.2,150,5,0.11266666666666665,0.7419670964606829,3.1151448248899367,0.0
mtd_ai,200,0.005065147642478722,0.4934210526315789,5511.301430235508,0.25,150,5,0.11266666666666665,0.7419670964606829,3.1151448248899367,0.0
mtd_ai,200,0.005083217893533385,0.3,2841.2012847715955,0.05,150,5,0.1673333333333333,1.6078192688321669,3.508282216518552,0.0
mtd_ai,200,0.005083217893533385,0.375,3565.303096966558,0.1,150,5,0.1673333333333333,1.6078192688321669,3.508282216518552,0.0
mtd_ai,200,0.005083217893533385,0.4090909090909091,4377.128175516721,0.15,150,5,0.1673333333333333,1.6078192688321669,3.508282216518552,0.0
mtd_ai,200,0.005083217893533385,0.45454545454545453,4813.275268680972,0.2,150,5,0.1673333333333333,1.6078192688321669,3.508282216518552,0.0
mtd_ai,200,0.005083217893533385,0.46296296296296297,5394.164152598633,0.25,150,5,0.1673333333333333,1.6078192688321669,3.508282216518552,0.0
mtd_ai,200,0.005034598282850751,0.3125,2633.5083924498686,0.05,150,5,0.143,0.1514979948093775,0.6497520166488889,0.0
mtd_ai,200,0.005034598282850751,0.32608695652173914,4264.900761071445,0.1,150,5,0.143,0.1514979948093775,0.6497520166488889,0.0
mtd_ai,200,0.005034598282850751,0.4090909090909091,4949.628560333312,0.15,150,5,0.143,0.1514979948093775,0.6497520166488889,0.0
mtd_ai,200,0.005034598282850751,0.43478260869565216,5921.054967083695,0.2,150,5,0.143,0.1514979948093775,0.6497520166488889,0.0
mtd_ai,200,0.005034598282850751,0.42613636363636365,6625.654783662735,0.25,150,5,0.143,0.1514979948093775,0.6497520166488889,0.0
mtd_ai,200,0.005064853734031792,0.20270270270270271,4942.056568143822,0.05,150,5,0.07,1.0419809880748299,3.5490202366768835,0.0
mtd_ai,200,0.005064853734031792,0.3125,5436.761626028958,0.1,150,5,0.07,1.0419809880748299,3.5490202366768835,0.0
mtd_ai,200,0.005064853734031792,0.3813559322033898,6017.065695346032,0.15,150,5,0.07,1.0419809880748299,3.5490202366768835,0.0
mtd_ai,200,0.005064853734031792,0.42857142857142855,6516.005735175085,0.2,150,5,0.07,1.0419809880748299,3.5490202366768835,0.0
mtd_ai,200,0.005064853734031792,0.46875,6784.074260087772,0.25,150,5,0.07,1.0419809880748299,3.5490202366768835,0.0
mtd_ai,200,0.005045781105148854,0.35714285714285715,2255.652462973232,0.05,150,5,0.11911111111111111,2.8332007631840064,5.893899041906624,0.0
mtd_ai,200,0.005045781105148854,0.39473684210526316,3791.253861889454,0.1,150,5,0.11911111111111111,2.8332007631840064,5.893899041906624,0.0
mtd_ai,200,0.005045781105148854,0.45918367346938777,4308.128788844445,0.15,150,5,0.11911111111111111,2.8332007631840064,5.893899041906624,0.0
mtd_ai,200,0.005045781105148854,0.410958904109589,5666.560270994647,0.2,150,5,0.11911111111111111,2.8332007631840064,5.893899041906624,0.0
mtd_ai,200,0.005045781105148854,0.42613636363636365,6223.908372656962,0.25,150,5,0.11911111111111111,2.8332007631840064,5.893899041906624,0.0
mtd_ai,200,0.0050338988444314885,0.26785714285714285,3233.434325797478,0.05,150,5,0.09333333333333334,0.48830792723136807,2.1405930292956956,0.0
mtd_ai,200,0.0050338988444314885,0.3191489361702128,4563.103426390364,0.1,150,5,0.09333333333333334,0.48830792723136807,2.1405930292956956,0.0
mtd_ai,200,0.0050338988444314885,0.3515625,5564.838272953879,0.15,150,5,0.09333333333333334,0.48830792723136807,2.1405930292956956,0.0
mtd_ai,200,0.0050338988444314885,0.3409090909090909,6620.042822277244,0.2,150,5,0.09333333333333334,0.48830792723136807,2.1405930292956956,0.0
mtd_ai,200,0.0050338988444314885,0.375,7079.339644800652,0.25,150,5,0.09333333333333334,0.48830792723136807,2.1405930292956956,0.0
mtd_ai,200,0.005074770662064566,0.46875,1131.8311922098344,0.05,150,5,0.14333333333333334,0.5589893443969812,2.362630874874682,0.0
mtd_ai,200,0.005074770662064566,0.39473684210526316,3006.9924899460107,0.1,150,5,0.14333333333333334,0.5589893443969812,2.362630874874682,0.0
mtd_ai,200,0.005074770662064566,0.45,3696.96174390573,0.15,150,5,0.14333333333333334,0.5589893443969812,2.362630874874682,0.0
mtd_ai,200,0.005074770662064566,0.42857142857142855,5373.62127322202,0.2,150,5,0.14333333333333334,0.5589893443969812,2.362630874874682,0.0
mtd_ai,200,0.005074770662064566,0.45180722891566266,6050.902526296361,0.25,150,5,0.14333333333333334,0.5589893443969812,2.362630874874682,0.0
mtd_ai,200,0.005080161880555098,0.2777777777777778,2313.141105704507,0.05,150,5,0.13733333333333334,0.9009096241295186,0.2730353896755186,0.0
mtd_ai,200,0.005080161880555098,0.36585365853658536,3333.5566098807835,0.1,150,5,0.13733333333333334,0.9009096241295186,0.2730353896755186,0.0
mtd_ai,200,0.005080161880555098,0.45,4113.409488343439,0.15,150,5,0.13733333333333334,0.9009096241295186,0.2730353896755186,0.0
mtd_ai,200,0.005080161880555098,0.4838709677419355,4983.141448202536,0.2,150,5,0.13733333333333334,0.9009096241295186,0.2730353896755186,0.0
mtd_ai,200,0.005080161880555098,0.4807692307692308,5634.64733592007,0.25,150,5,0.13733333333333334,0.9009096241295186,0.2730353896755186,0.0
mtd_ai,200,0.005056453426361541,0.3,1687.9897315362823,0.05,150,5,0.10133333333333333,0.9575771493144069,2.198145605267763,0.0
mtd_ai,200,0.005056453426361541,0.22058823529411764,4262.222991208366,0.1,150,5,0.10133333333333333,0.9575771493144069,2.198145605267763,0.0
mtd_ai,200,0.005056453426361541,0.2777777777777778,5127.555450395217,0.15,150,5,0.10133333333333333,0.9575771493144069,2.198145605267763,0.0
mtd_ai,200,0.005056453426361541,0.30612244897959184,6340.4110409056575,0.2,150,5,0.10133333333333333,0.9575771493144069,2.198145605267763,0.0
mtd_ai,200,0.005056453426361541,0.33783783783783783,7650.354270383465,0.25,150,5,0.10133333333333333,0.9575771493144069,2.198145605267763,0.0
mtd_ai,200,0.005067108505690105,0.19230769230769232,4022.406971347853,0.05,150,5,0.1511111111111111,0.07567374330133886,0.1082257786915556,0.0
mtd_ai,200,0.005067108505690105,0.30612244897959184,4478.786819621279,0.1,150,5,0.1511111111111111,0.07567374330133886,0.1082257786915556,0.0
mtd_ai,200,0.005067108505690105,0.3879310344827586,4938.37522790852,0.15,150,5,0.1511111111111111,0.07567374330133886,0.1082257786915556,0.0
mtd_ai,200,0.005067108505690105,0.4411764705882353,5636.827550065485,0.2,150,5,0.1511111111111111,0.07567374330133886,0.1082257786915556,0.0
mtd_ai,200,0.005067108505690105,0.487012987012987,6051.77714782062,0.25,150,5,0.1511111111111111,0.07567374330133886,0.1082257786915556,0.0
mtd_ai,200,0.005057928665792364,0.28846153846153844,2064.7780910931997,0.05,150,5,0.115,0.1283518256907063,0.4776874612356822,0.0
mtd_ai,200,0.005057928665792364,0.32608695652173914,4158.236082423642,0.1,150,5,0.115,0.1283518256907063,0.4776874612356822,0.0
mtd_ai,200,0.005057928665792364,0.3629032258064516,5431.941304030599,0.15,150,5,0.115,0.1283518256907063,0.4776874612356822,0.0
mtd_ai,200,0.005057928665792364,0.40540540540540543,6187.079827451684,0.2,150,5,0.115,0.1283518256907063,0.4776874612356822,0.0
mtd_ai,200,0.005057928665792364,0.42613636363636365,6974.443922338531,0.25,150,5,0.115,0.1283518256907063,0.4776874612356822,0.0
mtd_ai,200,0.0050632681172427165,0.35714285714285715,1955.9297064335865,0.05,150,5,0.12444444444444443,0.4379954320940506,1.736727661202179,0.0
mtd_ai,200,0.0050632681172427165,0.32608695652173914,4851.619278740668,0.1,150,5,0.12444444444444443,0.4379954320940506,1.736727661202179,0.0
mtd_ai,200,0.0050632681172427165,0.3813559322033898,5759.885205325949,0.15,150,5,0.12444444444444443,0.4379954320940506,1.736727661202179,0.0
mtd_ai,200,0.0050632681172427165,0.40540540540540543,6375.88768548412,0.2,150,5,0.12444444444444443,0.4379954320940506,1.736727661202179,0.0
mtd_ai,200,0.0050632681172427165,0.4573170731707317,6829.493539897796,0.25,150,5,0.12444444444444443,0.4379954320940506,1.736727661202179,0.0
mtd_ai,200,0.005059532064274152,0.39473684210526316,1980.5179260371617,0.05,150,5,0.11555555555555558,0.9529067031298665,3.162112387107281,0.0
mtd_ai,200,0.005059532064274152,0.38461538461538464,4092.2267963019385,0.1,150,5,0.11555555555555558,0.9529067031298665,3.162112387107281,0.0
mtd_ai,200,0.005059532064274152,0.4326923076923077,5040.000689662908,0.15,150,5,0.11555555555555558,0.9529067031298665,3.162112387107281,0.0
mtd_ai,200,0.005059532064274152,0.4838709677419355,5371.261488522681,0.2,150,5,0.11555555555555558,0.9529067031298665,3.162112387107281,0.0
mtd_ai,200,0.005059532064274152,0.46296296296296297,6564.2861725956545,0.25,150,5,0.11555555555555558,0.9529067031298665,3.162112387107281,0.0
mtd_ai,200,0.005031211999678004,0.234375,3444.2822720746153,0.05,150,5,0.12666666666666668,6.062237014688724,7.227317090023615,0.0
mtd_ai,200,0.005031211999678004,0.25862068965517243,5064.678436694237,0.1,150,5,0.12666666666666668,6.062237014688724,7.227317090023615,0.0
mtd_ai,200,0.005031211999678004,0.33088235294117646,5653.575784899817,0.15,150,5,0.12666666666666668,6.062237014688724,7.227317090023615,0.0
mtd_ai,200,0.005031211999678004,0.3614457831325301,6869.316973188323,0.2,150,5,0.12666666666666668,6.062237014688724,7.227317090023615,0.0
mtd_ai,200,0.005031211999678004,0.3605769230769231,7914.591099112472,0.25,150,5,0.12666666666666668,6.062237014688724,7.227317090023615,0.0
mtd_ai,200,0.005061762422846581,0.3125,1826.1243947779058,0.05,150,5,0.14722222222222223,0.533705984732398,1.5985703535842575,0.0
mtd_ai,200,0.005061762422846581,0.3191489361702128,3615.170708106092,0.1,150,5,0.14722222222222223,0.533705984732398,1.5985703535842575,0.0
mtd_ai,200,0.005061762422846581,0.4017857142857143,4020.1153083030867,0.15,150,5,0.14722222222222223,0.533705984732398,1.5985703535842575,0.0
mtd_ai,200,0.005061762422846581,0.40540540540540543,5309.6113925358795,0.2,150,5,0.14722222222222223,0.533705984732398,1.5985703535842575,0.0
mtd_ai,200,0.005061762422846581,0.436046511627907,6034.705831646068,0.25,150,5,0.14722222222222223,0.533705984732398,1.5985703535842575,0.0
mtd_ai,200,0.005045182591805512,0.25,2532.3290792805687,0.05,150,5,0.14,0.14316744709835388,0.4329014053768401,0.0
mtd_ai,200,0.005045182591805512,0.32608695652173914,3719.9660350415297,0.1,150,5,0.14,0.14316744709835388,0.4329014053768401,0.0
mtd_ai,200,0.005045182591805512,0.3879310344827586,4411.120246479076,0.15,150,5,0.14,0.14316744709835388,0.4329014053768401,0.0
mtd_ai,200,0.005045182591805512,0.4411764705882353,4845.441729428302,0.2,150,5,0.14,0.14316744709835388,0.4329014053768401,0.0
mtd_ai,200,0.005045182591805512,0.487012987012987,5304.495396529849,0.25,150,5,0.14,0.14316744709835388,0.4329014053768401,0.0
mtd_ai,200,0.005062152647719925,0.22727272727272727,3728.588714147052,0.05,150,5,0.14285714285714285,0.3922480629292239,1.2389061559913794,0.0
mtd_ai,200,0.005062152647719925,0.30612244897959184,4918.811896118106,0.1,150,5,0.14285714285714285,0.3922480629292239,1.2389061559913794,0.0
mtd_ai,200,0.005062152647719925,0.35714285714285715,6188.595851784401,0.15,150,5,0.14285714285714285,0.3922480629292239,1.2389061559913794,0.0
mtd_ai,200,0.005062152647719925,0.4,6729.055216339802,0.2,150,5,0.14285714285714285,0.3922480629292239,1.2389061559913794,0.0
mtd_ai,200,0.005062152647719925,0.4573170731707317,6975.666089404477,0.25,150,5,0.14285714285714285,0.3922480629292239,1.2389061559913794,0.0
mtd_ai,200,0.005071648311593023,0.39473684210526316,2027.646431791945,0.05,150,5,0.11888888888888888,0.7791424968521456,2.534759734705343,0.0
mtd_ai,200,0.005071648311593023,0.40540540540540543,3433.0995683940255,0.1,150,5,0.11888888888888888,0.7791424968521456,2.534759734705343,0.0
mtd_ai,200,0.005071648311593023,0.45,4230.245600937617,0.15,150,5,0.11888888888888888,0.7791424968521456,2.534759734705343,0.0
mtd_ai,200,0.005071648311593023,0.4,5401.181039869219,0.2,150,5,0.11888888888888888,0.7791424968521456,2.534759734705343,0.0
mtd_ai,200,0.005071648311593023,0.4411764705882353,5903.937448394687,0.25,150,5,0.11888888888888888,0.7791424968521456,2.534759734705343,0.0
mtd_ai,200,0.00506517957563296,0.28846153846153844,2869.976494132412,0.05,150,5,0.15031746031746032,0.1419255064902147,0.6289999249766534,0.0
mtd_ai,200,0.00506517957563296,0.36585365853658536,4246.574750803437,0.1,150,5,0.15031746031746032,0.1419255064902147,0.6289999249766534,0.0
mtd_ai,200,0.00506517957563296,0.42452830188679247,4928.703672407548,0.15,150,5,0.15031746031746032,0.1419255064902147,0.6289999249766534,0.0
mtd_ai,200,0.00506517957563296,0.45454545454545453,5759.439308211147,0.2,150,5,0.15031746031746032,0.1419255064902147,0.6289999249766534,0.0
mtd_ai,200,0.00506517957563296,0.5,6260.877590508942,0.25,150,5,0.15031746031746032,0.1419255064902147,0.6289999249766534,0.0
mtd_ai,200,0.005060452616011459,0.3125,2720.7404283827836,0.05,150,5,0.112,1.4684679499150732,4.351126787129531,0.0
mtd_ai,200,0.005060452616011459,0.38461538461538464,3664.9135980869914,0.1,150,5,0.112,1.4684679499150732,4.351126787129531,0.0
mtd_ai,200,0.005060452616011459,0.4017857142857143,5043.692887193107,0.15,150,5,0.112,1.4684679499150732,4.351126787129531,0.0
mtd_ai,200,0.005060452616011459,0.410958904109589,5668.594732892043,0.2,150,5,0.112,1.4684679499150732,4.351126787129531,0.0
mtd_ai,200,0.005060452616011459,0.4411764705882353,6503.395036623071,0.25,150,5,0.112,1.4684679499150732,4.351126787129531,0.0
mtd_ai,200,0.005030787556132943,0.22058823529411764,3409.9322007668106,0.05,150,5,0.12,0.4208708652496152,1.5667295060812516,0.0
mtd_ai,200,0.005030787556132943,0.2830188679245283,4790.318808467929,0.1,150,5,0.12,0.4208708652496152,1.5667295060812516,0.0
mtd_ai,200,0.005030787556132943,0.3409090909090909,6158.751508994852,0.15,150,5,0.12,0.4208708652496152,1.5667295060812516,0.0
mtd_ai,200,0.005030787556132943,0.3614457831325301,7112.036395099618,0.2,150,5,0.12,0.4208708652496152,1.5667295060812516,0.0
mtd_ai,200,0.005030787556132943,0.41208791208791207,7433.604384026785,0.25,150,5,0.12,0.4208708652496152,1.5667295060812516,0.0
mtd_ai,200,0.0050437224240346005,0.24193548387096775,3661.796386177558,0.05,150,5,0.1,9.911141853726594,2.920266765955668,0.0
mtd_ai,200,0.0050437224240346005,0.32608695652173914,4846.219155458441,0.1,150,5,0.1,9.911141853726594,2.920266765955668,0.0
mtd_ai,200,0.0050437224240346005,0.3879310344827586,5591.8875345406905,0.15,150,5,0.1,9.911141853726594,2.920266765955668,0.0
mtd_ai,200,0.0050437224240346005,0.4225352112676056,6294.900872136943,0.2,150,5,0.1,9.911141853726594,2.920266765955668,0.0
mtd_ai,200,0.0050437224240346005,0.46296296296296297,6715.996008657745,0.25,150,5,0.1,9.911141853726594,2.920266765955668,0.0
mtd_ai,200,0.005062751248842277,0.3409090909090909,2260.9171231736154,0.05,150,5,0.10333333333333333,1.1664015883581973,4.605830826054326,0.0
mtd_ai,200,0.005062751248842277,0.39473684210526316,3926.9519724121546,0.1,150,5,0.10333333333333333,1.1664015883581973,4.605830826054326,0.0
mtd_ai,200,0.005062751248842277,0.4166666666666667,5266.814810559958,0.15,150,5,0.10333333333333333,1.1664015883581973,4.605830826054326,0.0
mtd_ai,200,0.005062751248842277,0.44776119402985076,5725.386423949183,0.2,150,5,0.10333333333333333,1.1664015883581973,4.605830826054326,0.0
mtd_ai,200,0.005062751248842277,0.46875,6491.524006557449,0.25,150,5,0.10333333333333333,1.1664015883581973,4.605830826054326,0.0
mtd_ai,200,0.00504414937997693,0.26785714285714285,2302.465039587236,0.05,150,5,0.08333333333333333,0.7505356293937686,2.9641103457546643,0.0
mtd_ai,200,0.00504414937997693,0.35714285714285715,3270.796124343412,0.1,150,5,0.08333333333333333,0.7505356293937686,2.9641103457546643,0.0
mtd_ai,200,0.00504414937997693,0.45,3632.5709078000573,0.15,150,5,0.08333333333333333,0.7505356293937686,2.9641103457546643,0.0
mtd_ai,200,0.00504414937997693,0.45454545454545453,4765.17964101585,0.2,150,5,0.08333333333333333,0.7505356293937686,2.9641103457546643,0.0
mtd_ai,200,0.00504414937997693,0.436046511627907,5476.650806863445,0.25,150,5,0.08333333333333333,0.7505356293937686,2.9641103457546643,0.0
mtd_ai,200,0.005060992924816266,0.26785714285714285,2834.355713692654,0.05,150,5,0.1446031746031746,1.0548043100841171,4.115206390358354,0.0
mtd_ai,200,0.005060992924816266,0.32608695652173914,4498.847522668893,0.1,150,5,0.1446031746031746,1.0548043100841171,4.115206390358354,0.0
mtd_ai,200,0.005060992924816266,0.35714285714285715,6053.821931428259,0.15,150,5,0.1446031746031746,1.0548043100841171,4.115206390358354,0.0
mtd_ai,200,0.005060992924816266,0.379746835443038,6804.905115189127,0.2,150,5,0.1446031746031746,1.0548043100841171,4.115206390358354,0.0
mtd_ai,200,0.005060992924816266,0.4166666666666667,7595.784619068316,0.25,150,5,0.1446031746031746,1.0548043100841171,4.115206390358354,0.0
mtd_ai,200,0.005058481648690116,0.25862068965517243,2839.6940694734585,0.05,150,5,0.10333333333333333,0.647251540899926,1.0243424284315519,0.0
mtd_ai,200,0.005058481648690116,0.3409090909090909,3813.3521413648973,0.1,150,5,0.10333333333333333,0.647251540899926,1.0243424284315519,0.0
mtd_ai,200,0.005058481648690116,0.3629032258064516,5598.308613746527,0.15,150,5,0.10333333333333333,0.647251540899926,1.0243424284315519,0.0
mtd_ai,200,0.005058481648690116,0.4,6810.721593422846,0.2,150,5,0.10333333333333333,0.647251540899926,1.0243424284315519,0.0
mtd_ai,200,0.005058481648690116,0.436046511627907,7380.3312037704545,0.25,150,5,0.10333333333333333,0.647251540899926,1.0243424284315519,0.0
mtd_ai,200,0.005071451218536621,0.39473684210526316,2073.107622303137,0.05,150,5,0.14111111111111113,1.3091299693753682,3.8249110926419334,0.0
mtd_ai,200,0.005071451218536621,0.4411764705882353,3009.9194895198857,0.1,150,5,0.14111111111111113,1.3091299693753682,3.8249110926419334,0.0
mtd_ai,200,0.005071451218536621,0.4891304347826087,3869.707523998421,0.15,150,5,0.14111111111111113,1.3091299693753682,3.8249110926419334,0.0
mtd_ai,200,0.005071451218536621,0.4918032786885246,4914.795870009451,0.2,150,5,0.14111111111111113,1.3091299693753682,3.8249110926419334,0.0
mtd_ai,200,0.005071451218536621,0.5067567567567568,5430.359554547436,0.25,150,5,0.14111111111111113,1.3091299693753682,3.8249110926419334,0.0
mtd_ai,200,0.005031370452705046,0.28846153846153844,3195.87426853764,0.05,150,5,0.1288888888888889,0.6778910257764159,2.240672114401974,0.0
mtd_ai,200,0.005031370452705046,0.35714285714285715,4948.967509124621,0.1,150,5,0.1288888888888889,0.6778910257764159,2.240672114401974,0.0
mtd_ai,200,0.005031370452705046,0.375,5661.771773049197,0.15,150,5,0.1288888888888889,0.6778910257764159,2.240672114401974,0.0
mtd_ai,200,0.005031370452705046,0.4166666666666667,6239.5374827167,0.2,150,5,0.1288888888888889,0.6778910257764159,2.240672114401974,0.0
mtd_ai,200,0.005031370452705046,0.44642857142857145,6755.044228122766,0.25,150,5,0.1288888888888889,0.6778910257764159,2.240672114401974,0.0
mtd_ai,200,0.005036485964532367,0.4411764705882353,1694.4285114689155,0.05,150,5,0.17027777777777778,0.9071214841301022,3.03768987667194,0.0
mtd_ai,200,0.005036485964532367,0.46875,2686.1866666070982,0.1,150,5,0.17027777777777778,0.9071214841301022,3.03768987667194,0.0
mtd_ai,200,0.005036485964532367,0.3813559322033898,4132.355707283781,0.15,150,5,0.17027777777777778,0.9071214841301022,3.03768987667194,0.0
mtd_ai,200,0.005036485964532367,0.410958904109589,4844.656094196775,0.2,150,5,0.17027777777777778,0.9071214841301022,3.03768987667194,0.0
mtd_ai,200,0.005036485964532367,0.4032258064516129,6026.605963378972,0.25,150,5,0.17027777777777778,0.9071214841301022,3.03768987667194,0.0
mtd_ai,200,0.005045743430706303,0.3125,2613.8871967338273,0.05,150,5,0.0,10.160439737954471,8.730633833714315,0.0
mtd_ai,200,0.005045743430706303,0.3409090909090909,4108.977114274086,0.1,150,5,0.0,10.160439737954471,8.730633833714315,0.0
mtd_ai,200,0.005045743430706303,0.39473684210526316,5012.097940014751,0.15,150,5,0.0,10.160439737954471,8.730633833714315,0.0
mtd_ai,200,0.005045743430706303,0.4411764705882353,5515.652834753075,0.2,150,5,0.0,10.160439737954471,8.730633833714315,0.0
mtd_ai,200,0.005045743430706303,0.4807692307692308,6127.206901457741,0.25,150,5,0.0,10.160439737954471,8.730633833714315,0.0
mtd_ai,200,0.005044336804102742,0.5357142857142857,1141.7606680137196,0.05,150,5,0.1527777777777778,0.597638701243313,2.535289933268551,0.0
mtd_ai,200,0.005044336804102742,0.39473684210526316,3275.24123246007,0.1,150,5,0.1527777777777778,0.597638701243313,2.535289933268551,0.0
mtd_ai,200,0.005044336804102742,0.3879310344827586,5183.97201239266,0.15,150,5,0.1527777777777778,0.597638701243313,2.535289933268551,0.0
mtd_ai,200,0.005044336804102742,0.43478260869565216,5558.503469704867,0.2,150,5,0.1527777777777778,0.597638701243313,2.535289933268551,0.0
mtd_ai,200,0.005044336804102742,0.487012987012987,5861.1169727657125,0.25,150,5,0.1527777777777778,0.597638701243313,2.535289933268551,0.0
mtd_ai,200,0.005081924933619137,0.46875,1336.3002772761774,0.05,150,5,0.1522222222222222,0.05984420232599038,0.258445334450092,0.0
mtd_ai,200,0.005081924933619137,0.5,2272.0414742304556,0.1,150,5,0.1522222222222222,0.05984420232599038,0.258445334450092,0.0
mtd_ai,200,0.005081924933619137,0.5113636363636364,3275.2933460790973,0.15,150,5,0.1522222222222222,0.05984420232599038,0.258445334450092,0.0
mtd_ai,200,0.005081924933619137,0.45454545454545453,4806.092243998939,0.2,150,5,0.1522222222222222,0.05984420232599038,0.258445334450092,0.0
mtd_ai,200,0.005081924933619137,0.4934210526315789,5182.2640296570025,0.25,150,5,0.1522222222222222,0.05984420232599038,0.258445334450092,0.0
mtd_ai,200,0.005038193559535922,0.32608695652173914,2645.078657785729,0.05,150,5,0.10666666666666667,0.5499771560698679,2.1643281033093307,0.0
mtd_ai,200,0.005038193559535922,0.375,4064.5536288682797,0.1,150,5,0.10666666666666667,0.5499771560698679,2.1643281033093307,0.0
mtd_ai,200,0.005038193559535922,0.4166666666666667,4903.161255530677,0.15,150,5,0.10666666666666667,0.5499771560698679,2.1643281033093307,0.0
mtd_ai,200,0.005038193559535922,0.46153846153846156,5484.475719352943,0.2,150,5,0.10666666666666667,0.5499771560698679,2.1643281033093307,0.0
mtd_ai,200,0.005038193559535922,0.4934210526315789,6257.109603214858,0.25,150,5,0.10666666666666667,0.5499771560698679,2.1643281033093307,0.0
mtd_ai,200,0.005079860324812969,0.375,2285.68405702595,0.05,150,5,0.12,1.857429477424395,5.79913076116763,0.0
mtd_ai,200,0.005079860324812969,0.45454545454545453,3433.0332196166105,0.1,150,5,0.12,1.857429477424395,5.79913076116763,0.0
mtd_ai,200,0.005079860324812969,0.5,4291.739181331739,0.15,150,5,0.12,1.857429477424395,5.79913076116763,0.0
mtd_ai,200,0.005079860324812969,0.47619047619047616,5332.6328367282,0.2,150,5,0.12,1.857429477424395,5.79913076116763,0.0
mtd_ai,200,0.005079860324812969,0.5,5830.070236403255,0.25,150,5,0.12,1.857429477424395,5.79913076116763,0.0
mtd_ai,200,0.005047211638085984,0.25862068965517243,2921.1442198487202,0.05,150,5,0.11,1.0217631773143723,3.3690983053044428,0.0
mtd_ai,200,0.005047211638085984,0.3488372093023256,3866.7441642616186,0.1,150,5,0.11,1.0217631773143723,3.3690983053044428,0.0
mtd_ai,200,0.005047211638085984,0.4166666666666667,4441.000634338154,0.15,150,5,0.11,1.0217631773143723,3.3690983053044428,0.0
mtd_ai,200,0.005047211638085984,0.43478260869565216,5310.043370414923,0.2,150,5,0.11,1.0217631773143723,3.3690983053044428,0.0
mtd_ai,200,0.005047211638085984,0.47468354430379744,5851.594063505857,0.25,150,5,0.11,1.0217631773143723,3.3690983053044428,0.0
mtd_ai,200,0.0050757587047015355,0.39473684210526316,1849.8043668062744,0.05,150,5,0.15366666666666667,0.09442155741400078,0.08991531388872129,0.0
mtd_ai,200,0.0050757587047015355,0.40540540540540543,3421.753920132059,0.1,150,5,0.15366666666666667,0.09442155741400078,0.08991531388872129,0.0
mtd_ai,200,0.0050757587047015355,0.45918367346938777,4394.457217196659,0.15,150,5,0.15366666666666667,0.09442155741400078,0.08991531388872129,0.0
mtd_ai,200,0.0050757587047015355,0.46153846153846156,5282.522790093756,0.2,150,5,0.15366666666666667,0.09442155741400078,0.08991531388872129,0.0
mtd_ai,200,0.0050757587047015355,0.5,6039.988457845648,0.25,150,5,0.15366666666666667,0.09442155741400078,0.08991531388872129,0.0
mtd_ai,200,0.005046387930112494,0.5,1168.9520927857309,0.05,150,5,0.07692307692307693,0.8444819156298183,2.888819750169919,-4.111111111111111
mtd_ai,200,0.005046387930112494,0.45454545454545453,2772.608820363954,0.1,150,5,0.07692307692307693,0.8444819156298183,2.888819750169919,-4.111111111111111
mtd_ai,200,0.005046387930112494,0.45918367346938777,4005.410348254728,0.15,150,5,0.07692307692307693,0.8444819156298183,2.888819750169919,-4.111111111111111
mtd_ai,200,0.005046387930112494,0.4918032786885246,4529.795457408143,0.2,150,5,0.07692307692307693,0.8444819156298183,2.888819750169919,-4.111111111111111
mtd_ai,200,0.005046387930112494,0.5136986301369864,5549.138354164454,0.25,150,5,0.07692307692307693,0.8444819156298183,2.888819750169919,-4.111111111111111
mtd_ai,200,0.005058743521808425,0.375,2147.995083756808,0.05,150,5,0.12833333333333333,2.9980379290072814,6.3387475142134235,0.0
mtd_ai,200,0.005058743521808425,0.4411764705882353,3172.5617661052447,0.1,150,5,0.12833333333333333,2.9980379290072814,6.3387475142134235,0.0
mtd_ai,200,0.005058743521808425,0.5,3741.855177808388,0.15,150,5,0.12833333333333333,2.9980379290072814,6.3387475142134235,0.0
mtd_ai,200,0.005058743521808425,0.5555555555555556,4098.8049543919815,0.2,150,5,0.12833333333333333,2.9980379290072814,6.3387475142134235,0.0
mtd_ai,200,0.005058743521808425,0.5597014925373134,5121.240576270993,0.25,150,5,0.12833333333333333,2.9980379290072814,6.3387475142134235,0.0
mtd_ai,200,0.005037358408934191,0.1875,2946.599736858393,0.05,150,5,0.2,0.48231766126492365,1.0220422643686011,0.0
mtd_ai,200,0.005037358408934191,0.23076923076923078,4793.717647453175,0.1,150,5,0.2,0.48231766126492365,1.0220422643686011,0.0
mtd_ai,200,0.005037358408934191,0.27439024390243905,6195.105655823008,0.15,150,5,0.2,0.48231766126492365,1.0220422643686011,0.0
mtd_ai,200,0.005037358408934191,0.3125,7086.7398883665,0.2,150,5,0.2,0.48231766126492365,1.0220422643686011,0.0
mtd_ai,200,0.005037358408934191,0.35377358490566035,7465.669018516807,0.25,150,5,0.2,0.48231766126492365,1.0220422643686011,0.0
mtd_ai,200,0.005036180281245497,0.32608695652173914,2119.5984481565906,0.05,150,5,0.2619047619047619,1.089138132135476,4.085728676039107,-3.5833333333333335
mtd_ai,200,0.005036180281245497,0.36585365853658536,3516.45519817098,0.1,150,5,0.2619047619047619,1.089138132135476,4.085728676039107,-3.5833333333333335
mtd_ai,200,0.005036180281245497,0.39473684210526316,5055.653931444431,0.15,150,5,0.2619047619047619,1.089138132135476,4.085728676039107,-3.5833333333333335
mtd_ai,200,0.005036180281245497,0.42857142857142855,5590.370130303388,0.2,150,5,0.2619047619047619,1.089138132135476,4.085728676039107,-3.5833333333333335
mtd_ai,200,0.005036180281245497,0.46875,6299.807958140216,0.25,150,5,0.2619047619047619,1.089138132135476,4.085728676039107,-3.5833333333333335
mtd_ai,200,0.005069187584750426,0.26785714285714285,2194.8563171548503,0.05,150,5,0.16777777777777778,1.0415473079298,3.6420947231996306,0.0
mtd_ai,200,0.005069187584750426,0.3125,4038.028758361957,0.1,150,5,0.16777777777777778,1.0415473079298,3.6420947231996306,0.0
mtd_ai,200,0.005069187584750426,0.3879310344827586,4532.9167275975415,0.15,150,5,0.16777777777777778,1.0415473079298,3.6420947231996306,0.0
mtd_ai,200,0.005069187584750426,0.45454545454545453,5101.508204261247,0.2,150,5,0.16777777777777778,1.0415473079298,3.6420947231996306,0.0
mtd_ai,200,0.005069187584750426,0.4934210526315789,5825.092507882584,0.25,150,5,0.16777777777777778,1.0415473079298,3.6420947231996306,0.0
mtd_ai,200,0.005044648258617198,0.35714285714285715,2170.6439339306376,0.05,150,5,0.2608695652173913,0.19625262117967154,0.7744065983381773,0.0
mtd_ai,200,0.005044648258617198,0.40540540540540543,3431.495467193511,0.1,150,5,0.2608695652173913,0.19625262117967154,0.7744065983381773,0.0
mtd_ai,200,0.005044648258617198,0.4326923076923077,4606.025838693311,0.15,150,5,0.2608695652173913,0.19625262117967154,0.7744065983381773,0.0
mtd_ai,200,0.005044648258617198,0.45454545454545453,5439.520637356318,0.2,150,5,0.2608695652173913,0.19625262117967154,0.7744065983381773,0.0
mtd_ai,200,0.005044648258617198,0.47468354430379744,6149.582257099853,0.25,150,5,0.2608695652173913,0.19625262117967154,0.7744065983381773,0.0
mtd_ai,200,0.005071277898037151,0.2777777777777778,2809.472598215282,0.05,150,5,0.125,0.3725372087305154,1.6579999035363278,0.0
mtd_ai,200,0.005071277898037151,0.375,3701.2345347526466,0.1,150,5,0.125,0.3725372087305154,1.6579999035363278,0.0
mtd_ai,200,0.005071277898037151,0.45,4256.778706009751,0.15,150,5,0.125,0.3725372087305154,1.6579999035363278,0.0
mtd_ai,200,0.005071277898037151,0.4838709677419355,4920.5166964128475,0.2,150,5,0.125,0.3725372087305154,1.6579999035363278,0.0
mtd_ai,200,0.005071277898037151,0.5208333333333334,5579.08647412513,0.25,150,5,0.125,0.3725372087305154,1.6579999035363278,0.0
mtd_ai,200,0.005077979165145783,0.39473684210526316,1927.6654644455575,0.05,150,5,0.15333333333333332,0.8832937706015191,2.652999520981465,0.0
mtd_ai,200,0.005077979165145783,0.4166666666666667,2989.7390554036083,0.1,150,5,0.15333333333333332,0.8832937706015191,2.652999520981465,0.0
mtd_ai,200,0.005077979165145783,0.46875,3946.4103214472775,0.15,150,5,0.15333333333333332,0.8832937706015191,2.652999520981465,0.0
mtd_ai,200,0.005077979165145783,0.5172413793103449,4312.061913243126,0.2,150,5,0.15333333333333332,0.8832937706015191,2.652999520981465,0.0
mtd_ai,200,0.005077979165145783,0.5434782608695652,5112.883153549099,0.25,150,5,0.15333333333333332,0.8832937706015191,2.652999520981465,0.0
mtd_ai,200,0.005090152349219719,0.4166666666666667,1660.4536693399477,0.05,150,5,0.4444444444444445,0.13353468188697523,0.4336565624487956,0.0
mtd_ai,200,0.005090152349219719,0.4838709677419355,2476.7725230790393,0.1,150,5,0.4444444444444445,0.13353468188697523,0.4336565624487956,0.0
mtd_ai,200,0.005090152349219719,0.5357142857142857,3055.3317300337267,0.15,150,5,0.4444444444444445,0.13353468188697523,0.4336565624487956,0.0
mtd_ai,200,0.005090152349219719,0.5263157894736842,3854.586202563602,0.2,150,5,0.4444444444444445,0.13353468188697523,0.4336565624487956,0.0
mtd_ai,200,0.005090152349219719,0.5357142857142857,4720.255608622693,0.25,150,5,0.4444444444444445,0.13353468188697523,0.4336565624487956,0.0
mtd_ai,200,0.0050606555118432065,0.24193548387096775,2734.7979180723955,0.05,150,5,0.1345,0.21028049780688712,0.5616497547548832,0.0
mtd_ai,200,0.0050606555118432065,0.25,4867.312178051403,0.1,150,5,0.1345,0.21028049780688712,0.5616497547548832,0.0
mtd_ai,200,0.0050606555118432065,0.28846153846153844,6523.015616316094,0.15,150,5,0.1345,0.21028049780688712,0.5616497547548832,0.0
mtd_ai,200,0.0050606555118432065,0.33707865168539325,6911.339410180763,0.2,150,5,0.1345,0.21028049780688712,0.5616497547548832,0.0
mtd_ai,200,0.0050606555118432065,0.3712871287128713,7291.571864949125,0.25,150,5,0.1345,0.21028049780688712,0.5616497547548832,0.0
mtd_ai,200,0.00507034434932113,0.46875,1226.0376626451086,0.05,150,5,0.10518518518518519,0.0031506280507019677,0.007094559625879109,0.0
mtd_ai,200,0.00507034434932113,0.40540540540540543,2924.7728244205728,0.1,150,5,0.10518518518518519,0.0031506280507019677,0.007094559625879109,0.0
mtd_ai,200,0.00507034434932113,0.35714285714285715,4257.244553060581,0.15,150,5,0.10518518518518519,0.0031506280507019677,0.007094559625879109,0.0
mtd_ai,200,0.00507034434932113,0.36585365853658536,5130.221234896362,0.2,150,5,0.10518518518518519,0.0031506280507019677,0.007094559625879109,0.0
mtd_ai,200,0.00507034434932113,0.390625,5847.623089856077,0.25,150,5,0.10518518518518519,0.0031506280507019677,0.007094559625879109,0.0
mtd_ai,200,0.005031204467727623,0.3409090909090909,2339.139418683135,0.05,150,5,0.10666666666666667,1.3235976682726438,3.1223802099281723,0.0
mtd_ai,200,0.005031204467727623,0.40540540540540543,3410.505242941633,0.1,150,5,0.10666666666666667,1.3235976682726438,3.1223802099281723,0.0
mtd_ai,200,0.005031204467727623,0.39473684210526316,5683.668697348824,0.15,150,5,0.10666666666666667,1.3235976682726438,3.1223802099281723,0.0
mtd_ai,200,0.005031204467727623,0.40540540540540543,6860.195780758187,0.2,150,5,0.10666666666666667,1.3235976682726438,3.1223802099281723,0.0
mtd_ai,200,0.005031204467727623,0.45180722891566266,7337.582060217529,0.25,150,5,0.10666666666666667,1.3235976682726438,3.1223802099281723,0.0
mtd_ai,200,0.005061637573775087,0.234375,2822.095714879235,0.05,150,5,0.09999999999999999,0.2641654418684743,1.1884268466266659,0.0
mtd_ai,200,0.005061637573775087,0.3333333333333333,3545.407239377552,0.1,150,5,0.09999999999999999,0.2641654418684743,1.1884268466266659,0.0
mtd_ai,200,0.005061637573775087,0.375,4668.0742366725135,0.15,150,5,0.09999999999999999,0.2641654418684743,1.1884268466266659,0.0
mtd_ai,200,0.005061637573775087,0.410958904109589,5154.567650641455,0.2,150,5,0.09999999999999999,0.2641654418684743,1.1884268466266659,0.0
mtd_ai,200,0.005061637573775087,0.42134831460674155,6294.372899114908,0.25,150,5,0.09999999999999999,0.2641654418684743,1.1884268466266659,0.0
mtd_ai,200,0.005039413680956714,0.26785714285714285,3073.19537558079,0.05,150,5,0.12666666666666668,0.3737613710320904,1.5961855561104792,0.0
mtd_ai,200,0.005039413680956714,0.375,3771.666235726471,0.1,150,5,0.12666666666666668,0.3737613710320904,1.5961855561104792,0.0
mtd_ai,200,0.005039413680956714,0.42452830188679247,4768.758330305114,0.15,150,5,0.12666666666666668,0.3737613710320904,1.5961855561104792,0.0
mtd_ai,200,0.005039413680956714,0.46875,5298.125780636197,0.2,150,5,0.12666666666666668,0.3737613710320904,1.5961855561104792,0.0
mtd_ai,200,0.005039413680956714,0.4934210526315789,6167.2681722425405,0.25,150,5,0.12666666666666668,0.3737613710320904,1.5961855561104792,0.0
mtd_ai,200,0.005062357290271183,0.24193548387096775,2779.9049342022568,0.05,150,5,0.12555555555555556,0.6546663748097775,1.3130296255622054,0.0
mtd_ai,200,0.005062357290271183,0.3,4594.229153437418,0.1,150,5,0.12555555555555556,0.6546663748097775,1.3130296255622054,0.0
mtd_ai,200,0.005062357290271183,0.36885245901639346,5000.182326903252,0.15,150,5,0.12555555555555556,0.6546663748097775,1.3130296255622054,0.0
mtd_ai,200,0.005062357290271183,0.37037037037037035,5887.391017426127,0.2,150,5,0.12555555555555556,0.6546663748097775,1.3130296255622054,0.0
mtd_ai,200,0.005062357290271183,0.41208791208791207,6464.102225966155,0.25,150,5,0.12555555555555556,0.6546663748097775,1.3130296255622054,0.0
mtd_ai,200,0.005054842490720086,0.3125,2065.0778697334176,0.05,150,5,0.17055555555555557,94.54073411904916,3.596101304595025,0.0
mtd_ai,200,0.005054842490720086,0.40540540540540543,3118.614092579408,0.1,150,5,0.17055555555555557,94.54073411904916,3.596101304595025,0.0
mtd_ai,200,0.005054842490720086,0.46875,3751.4063850162206,0.15,150,5,0.17055555555555557,94.54073411904916,3.596101304595025,0.0
mtd_ai,200,0.005054842490720086,0.5084745762711864,4330.580936140894,0.2,150,5,0.17055555555555557,94.54073411904916,3.596101304595025,0.0
mtd_ai,200,0.005054842490720086,0.5136986301369864,5011.002465052969,0.25,150,5,0.17055555555555557,94.54073411904916,3.596101304595025,0.0
mtd_ai,200,0.005038488230829568,0.2777777777777778,2914.9491241845917,0.05,150,5,0.11599999999999999,0.038799821005692035,0.1734048434295843,0.0
mtd_ai,200,0.005038488230829568,0.30612244897959184,4350.67892493352,0.1,150,5,0.11599999999999999,0.038799821005692035,0.1734048434295843,0.0
mtd_ai,200,0.005038488230829568,0.375,4933.259122095185,0.15,150,5,0.11599999999999999,0.038799821005692035,0.1734048434295843,0.0
mtd_ai,200,0.005038488230829568,0.379746835443038,6056.816846532742,0.2,150,5,0.11599999999999999,0.038799821005692035,0.1734048434295843,0.0
mtd_ai,200,0.005038488230829568,0.390625,6951.834139212311,0.25,150,5,0.11599999999999999,0.038799821005692035,0.1734048434295843,0.0
mtd_ai,200,0.0050677911579733465,0.3125,2566.632777841376,0.05,150,5,0.08333333333333333,1.1887663852554227,2.2662105873934912,0.0
mtd_ai,200,0.0050677911579733465,0.39473684210526316,3605.9035034657945,0.1,150,5,0.08333333333333333,1.1887663852554227,2.2662105873934912,0.0
mtd_ai,200,0.0050677911579733465,0.4411764705882353,4384.137898210996,0.15,150,5,0.08333333333333333,1.1887663852554227,2.2662105873934912,0.0
mtd_ai,200,0.0050677911579733465,0.46153846153846156,5458.417382573386,0.2,150,5,0.08333333333333333,1.1887663852554227,2.2662105873934912,0.0
mtd_ai,200,0.0050677911579733465,0.5067567567567568,5858.417691232195,0.25,150,5,0.08333333333333333,1.1887663852554227,2.2662105873934912,0.0
mtd_ai,200,0.005064253322736459,0.3,2449.597122651746,0.05,150,5,0.0,0.008150480490837449,0.03063726217277633,0.0
mtd_ai,200,0.005064253322736459,0.32608695652173914,4236.411746998147,0.1,150,5,0.0,0.008150480490837449,0.03063726217277633,0.0
mtd_ai,200,0.005064253322736459,0.3813559322033898,4968.486803942622,0.15,150,5,0.0,0.008150480490837449,0.03063726217277633,0.0
mtd_ai,200,0.005064253322736459,0.4,6237.835821115101,0.2,150,5,0.0,0.008150480490837449,0.03063726217277633,0.0
mtd_ai,200,0.005064253322736459,0.4411764705882353,6684.658443004958,0.25,150,5,0.0,0.008150480490837449,0.03063726217277633,0.0
mtd_ai,200,0.005044981280892958,0.3125,2053.450089774877,0.05,150,5,0.14666666666666667,0.02821037756031013,0.09885825877065708,0.0
mtd_ai,200,0.005044981280892958,0.36585365853658536,3510.4656591336184,0.1,150,5,0.14666666666666667,0.02821037756031013,0.09885825877065708,0.0
mtd_ai,200,0.005044981280892958,0.4166666666666667,4384.505804603943,0.15,150,5,0.14666666666666667,0.02821037756031013,0.09885825877065708,0.0
mtd_ai,200,0.005044981280892958,0.42857142857142855,5393.984222627372,0.2,150,5,0.14666666666666667,0.02821037756031013,0.09885825877065708,0.0
mtd_ai,200,0.005044981280892958,0.46296296296296297,5792.042885486055,0.25,150,5,0.14666666666666667,0.02821037756031013,0.09885825877065708,0.0
mtd_ai,200,0.005070647090302933,0.35714285714285715,1972.5363856445485,0.05,150,5,0.13316666666666668,6.051282863317518,6.267769287993907,0.0
mtd_ai,200,0.005070647090302933,0.39473684210526316,3483.2005097598576,0.1,150,5,0.13316666666666668,6.051282863317518,6.267769287993907,0.0
mtd_ai,200,0.005070647090302933,0.4787234042553192,3865.6240921370772,0.15,150,5,0.13316666666666668,6.051282863317518,6.267769287993907,0.0
mtd_ai,200,0.005070647090302933,0.47619047619047616,4901.855987170897,0.2,150,5,0.13316666666666668,6.051282863317518,6.267769287993907,0.0
mtd_ai,200,0.005070647090302933,0.487012987012987,6138.917314375744,0.25,150,5,0.13316666666666668,6.051282863317518,6.267769287993907,0.0
mtd_ai,200,0.005047537181904901,0.375,1683.8498795800651,0.05,150,5,0.1,3.48410178287091,5.29723288704521,0.0
mtd_ai,200,0.005047537181904901,0.39473684210526316,2740.8114027135116,0.1,150,5,0.1,3.48410178287091,5.29723288704521,0.0
mtd_ai,200,0.005047537181904901,0.4411764705882353,3376.280835426684,0.15,150,5,0.1,3.48410178287091,5.29723288704521,0.0
mtd_ai,200,0.005047537181904901,0.44776119402985076,4305.677832682179,0.2,150,5,0.1,3.48410178287091,5.29723288704521,0.0
mtd_ai,200,0.005047537181904901,0.487012987012987,4929.841609878611,0.25,150,5,0.1,3.48410178287091,5.29723288704521,0.0
mtd_ai,200,0.00507550228484679,0.35714285714285715,2383.809348703011,0.05,150,5,0.08333333333333333,1.1199104573716439,3.107218348844292,0.0
mtd_ai,200,0.00507550228484679,0.4166666666666667,3812.60970788794,0.1,150,5,0.08333333333333333,1.1199104573716439,3.107218348844292,0.0
mtd_ai,200,0.00507550228484679,0.46875,4511.273409120268,0.15,150,5,0.08333333333333333,1.1199104573716439,3.107218348844292,0.0
mtd_ai,200,0.00507550228484679,0.5084745762711864,5001.010300602909,0.2,150,5,0.08333333333333333,1.1199104573716439,3.107218348844292,0.0
mtd_ai,200,0.00507550228484679,0.5597014925373134,5304.904444069049,0.25,150,5,0.08333333333333333,1.1199104573716439,3.107218348844292,0.0
mtd_ai,200,0.005044531631700851,0.32608695652173914,2178.6306480345556,0.05,150,5,0.17122222222222225,2.999689351525079,3.9234042079221347,0.0
mtd_ai,200,0.005044531631700851,0.375,3386.2249282839675,0.1,150,5,0.17122222222222225,2.999689351525079,3.9234042079221347,0.0
mtd_ai,200,0.005044531631700851,0.4411764705882353,4105.571624981823,0.15,150,5,0.17122222222222225,2.999689351525079,3.9234042079221347,0.0
mtd_ai,200,0.005044531631700851,0.45454545454545453,4992.119584622362,0.2,150,5,0.17122222222222225,2.999689351525079,3.9234042079221347,0.0
mtd_ai,200,0.005044531631700851,0.487012987012987,5499.322921434972,0.25,150,5,0.17122222222222225,2.999689351525079,3.9234042079221347,0.0
mtd_ai,200,0.005059118460727005,0.3125,2748.7486714424886,0.05,150,5,0.16,0.0063849920898560765,0.02680331831935588,0.0
mtd_ai,200,0.005059118460727005,0.375,4030.666976568657,0.1,150,5,0.16,0.0063849920898560765,0.02680331831935588,0.0
mtd_ai,200,0.005059118460727005,0.4166666666666667,5072.731541754711,0.15,150,5,0.16,0.0063849920898560765,0.02680331831935588,0.0
mtd_ai,200,0.005059118460727005,0.4411764705882353,5841.280097217597,0.2,150,5,0.16,0.0063849920898560765,0.02680331831935588,0.0
mtd_ai,200,0.005059118460727005,0.46296296296296297,6712.155459480258,0.25,150,5,0.16,0.0063849920898560765,0.02680331831935588,0.0
mtd_ai,200,0.005076277954729483,0.375,1635.6889025111086,0.05,150,5,0.1206896551724138,0.9024517679705909,3.0386046307756422,0.0
mtd_ai,200,0.005076277954729483,0.39473684210526316,3151.2734426152447,0.1,150,5,0.1206896551724138,0.9024517679705909,3.0386046307756422,0.0
mtd_ai,200,0.005076277954729483,0.45918367346938777,3585.5938666507504,0.15,150,5,0.1206896551724138,0.9024517679705909,3.0386046307756422,0.0
mtd_ai,200,0.005076277954729483,0.3448275862068966,5309.718604723443,0.2,150,5,0.1206896551724138,0.9024517679705909,3.0386046307756422,0.0
mtd_ai,200,0.005076277954729483,0.3865979381443299,5685.748352452985,0.25,150,5,0.1206896551724138,0.9024517679705909,3.0386046307756422,0.0
mtd_ai,200,0.005040173578018037,0.35714285714285715,2251.972238325124,0.05,150,5,0.16166666666666665,11.725721415202688,4.845190779719755,0.0
mtd_ai,200,0.005040173578018037,0.36585365853658536,3844.453213452139,0.1,150,5,0.16166666666666665,11.725721415202688,4.845190779719755,0.0
mtd_ai,200,0.005040173578018037,0.4166666666666667,4493.26493462962,0.15,150,5,0.16166666666666665,11.725721415202688,4.845190779719755,0.0
mtd_ai,200,0.005040173578018037,0.4,5710.189402331026,0.2,150,5,0.16166666666666665,11.725721415202688,4.845190779719755,0.0
mtd_ai,200,0.005040173578018037,0.436046511627907,6346.805445396916,0.25,150,5,0.16166666666666665,11.725721415202688,4.845190779719755,0.0
mtd_ai,200,0.0050507404271462365,0.35714285714285715,1734.2094818707956,0.05,150,5,0.13666666666666666,0.15115666864706123,0.5802357058811922,0.0
mtd_ai,200,0.0050507404271462365,0.375,3049.4815547623125,0.1,150,5,0.13666666666666666,0.15115666864706123,0.5802357058811922,0.0
mtd_ai,200,0.0050507404271462365,0.42452830188679247,3881.1446889011627,0.15,150,5,0.13666666666666666,0.15115666864706123,0.5802357058811922,0.0
mtd_ai,200,0.0050507404271462365,0.4166666666666667,5445.004109405327,0.2,150,5,0.13666666666666666,0.15115666864706123,0.5802357058811922,0.0
mtd_ai,200,0.0050507404271462365,0.4573170731707317,5939.979805705434,0.25,150,5,0.13666666666666666,0.15115666864706123,0.5802357058811922,0.0
mtd_ai,200,0.005082561212457367,0.3125,2476.7840669751467,0.05,150,5,0.14277777777777778,0.5193134058515481,1.6204475432584668,0.0
mtd_ai,200,0.005082561212457367,0.39473684210526316,3492.9497183994017,0.1,150,5,0.14277777777777778,0.5193134058515481,1.6204475432584668,0.0
mtd_ai,200,0.005082561212457367,0.45,4242.184607539577,0.15,150,5,0.14277777777777778,0.5193134058515481,1.6204475432584668,0.0
mtd_ai,200,0.005082561212457367,0.47619047619047616,4960.248739906918,0.2,150,5,0.14277777777777778,0.5193134058515481,1.6204475432584668,0.0
mtd_ai,200,0.005082561212457367,0.5208333333333334,5300.810261082959,0.25,150,5,0.14277777777777778,0.5193134058515481,1.6204475432584668,0.0
mtd_ai,200,0.005078039807808659,0.4166666666666667,1621.2117429468558,0.05,150,5,0.10222222222222221,1.4661504471391629,3.7989968022546248,0.0
mtd_ai,200,0.005078039807808659,0.39473684210526316,2958.384431046955,0.1,150,5,0.10222222222222221,1.4661504471391629,3.7989968022546248,0.0
mtd_ai,200,0.005078039807808659,0.45,3653.0039795146367,0.15,150,5,0.10222222222222221,1.4661504471391629,3.7989968022546248,0.0
mtd_ai,200,0.005078039807808659,0.44776119402985076,4945.030672367315,0.2,150,5,0.10222222222222221,1.4661504471391629,3.7989968022546248,0.0
mtd_ai,200,0.005078039807808659,0.487012987012987,5434.592920630268,0.25,150,5,0.10222222222222221,1.4661504471391629,3.7989968022546248,0.0
mtd_ai,200,0.0050603161189597306,0.32608695652173914,2356.6024626632375,0.05,150,5,0.09333333333333334,0.18701705296882498,0.3984842858171697,0.0
mtd_ai,200,0.0050603161189597306,0.36585365853658536,3601.845141838052,0.1,150,5,0.09333333333333334,0.18701705296882498,0.3984842858171697,0.0
mtd_ai,200,0.0050603161189597306,0.3879310344827586,5212.177839951744,0.15,150,5,0.09333333333333334,0.18701705296882498,0.3984842858171697,0.0
mtd_ai,200,0.0050603161189597306,0.410958904109589,6151.342841258303,0.2,150,5,0.09333333333333334,0.18701705296882498,0.3984842858171697,0.0
mtd_ai,200,0.0050603161189597306,0.44642857142857145,6688.491437653269,0.25,150,5,0.09333333333333334,0.18701705296882498,0.3984842858171697,0.0
mtd_ai,200,0.005077998120255379,0.3125,2130.1047020675633,0.05,150,5,0.16390476190476191,4.127864600721205,2.100567199034172,0.0
mtd_ai,200,0.005077998120255379,0.39473684210526316,3068.00579508613,0.1,150,5,0.16390476190476191,4.127864600721205,2.100567199034172,0.0
mtd_ai,200,0.005077998120255379,0.45,3735.9532340732203,0.15,150,5,0.16390476190476191,4.127864600721205,2.100567199034172,0.0
mtd_ai,200,0.005077998120255379,0.44776119402985076,4902.363331793961,0.2,150,5,0.16390476190476191,4.127864600721205,2.100567199034172,0.0
mtd_ai,200,0.005077998120255379,0.487012987012987,5376.310156333463,0.25,150,5,0.16390476190476191,4.127864600721205,2.100567199034172,0.0
mtd_ai,200,0.005072653789169052,0.3,1647.7310087363085,0.05,150,5,0.1662063492063492,0.11264369044513749,0.4990809184665711,0.0
mtd_ai,200,0.005072653789169052,0.3409090909090909,3298.5680248728113,0.1,150,5,0.1662063492063492,0.11264369044513749,0.4990809184665711,0.0
mtd_ai,200,0.005072653789169052,0.4017857142857143,4294.5807481736565,0.15,150,5,0.1662063492063492,0.11264369044513749,0.4990809184665711,0.0
mtd_ai,200,0.005072653789169052,0.42857142857142855,5471.884738766332,0.2,150,5,0.1662063492063492,0.11264369044513749,0.4990809184665711,0.0
mtd_ai,200,0.005072653789169052,0.4807692307692308,5825.519565417784,0.25,150,5,0.1662063492063492,0.11264369044513749,0.4990809184665711,0.0
mtd_ai,200,0.005030138239530399,0.26785714285714285,3294.3295910202696,0.05,150,5,0.08642857142857144,0.010760132761181165,0.03934619108252728,0.0
mtd_ai,200,0.005030138239530399,0.3488372093023256,4405.046540837478,0.1,150,5,0.08642857142857144,0.010760132761181165,0.03934619108252728,0.0
mtd_ai,200,0.005030138239530399,0.42452830188679247,4872.85366888599,0.15,150,5,0.08642857142857144,0.010760132761181165,0.03934619108252728,0.0
mtd_ai,200,0.005030138239530399,0.4411764705882353,5736.5298844350145,0.2,150,5,0.08642857142857144,0.010760132761181165,0.03934619108252728,0.0
mtd_ai,200,0.005030138239530399,0.42134831460674155,7413.105588082532,0.25,150,5,0.08642857142857144,0.010760132761181165,0.03934619108252728,0.0
mtd_ai,200,0.0050749639188975145,0.3409090909090909,2227.5683480747884,0.05,150,5,0.14333333333333334,2.4636430202918524,5.187399965745958,0.0
mtd_ai,200,0.0050749639188975145,0.375,3866.271111286308,0.1,150,5,0.14333333333333334,2.4636430202918524,5.187399965745958,0.0
mtd_ai,200,0.0050749639188975145,0.4411764705882353,4638.039417756556,0.15,150,5,0.14333333333333334,2.4636430202918524,5.187399965745958,0.0
mtd_ai,200,0.0050749639188975145,0.46875,5476.98703446001,0.2,150,5,0.14333333333333334,2.4636430202918524,5.187399965745958,0.0
mtd_ai,200,0.0050749639188975145,0.4934210526315789,6054.229714670386,0.25,150,5,0.14333333333333334,2.4636430202918524,5.187399965745958,0.0
mtd_ai,200,0.005033800519883286,0.3409090909090909,2390.348141591917,0.05,150,5,0.12215873015873015,0.1989015193003219,0.7144606101738443,0.0
mtd_ai,200,0.005033800519883286,0.32608695652173914,4979.781171283066,0.1,150,5,0.12215873015873015,0.1989015193003219,0.7144606101738443,0.0
mtd_ai,200,0.005033800519883286,0.375,6149.743470520185,0.15,150,5,0.12215873015873015,0.1989015193003219,0.7144606101738443,0.0
mtd_ai,200,0.005033800519883286,0.410958904109589,6774.904076366933,0.2,150,5,0.12215873015873015,0.1989015193003219,0.7144606101738443,0.0
mtd_ai,200,0.005033800519883286,0.436046511627907,8041.0331931953315,0.25,150,5,0.12215873015873015,0.1989015193003219,0.7144606101738443,0.0
mtd_ai,200,0.005059539698071912,0.28846153846153844,3000.334621270531,0.05,150,5,0.10200000000000001,4.7855066663651105,1.3674036450368567,0.0
mtd_ai,200,0.005059539698071912,0.35714285714285715,3997.4959107288173,0.1,150,5,0.10200000000000001,4.7855066663651105,1.3674036450368567,0.0
mtd_ai,200,0.005059539698071912,0.4017857142857143,4806.018029869672,0.15,150,5,0.10200000000000001,4.7855066663651105,1.3674036450368567,0.0
mtd_ai,200,0.005059539698071912,0.42857142857142855,5818.084059838749,0.2,150,5,0.10200000000000001,4.7855066663651105,1.3674036450368567,0.0
mtd_ai,200,0.005059539698071912,0.45180722891566266,6600.798187386692,0.25,150,5,0.10200000000000001,4.7855066663651105,1.3674036450368567,0.0
mtd_ai,200,0.005036107439927129,0.26785714285714285,3110.4612039620106,0.05,150,5,0.16855555555555557,0.17022168285817257,0.5943723967790605,0.0
mtd_ai,200,0.005036107439927129,0.38461538461538464,3967.983787802675,0.1,150,5,0.16855555555555557,0.17022168285817257,0.5943723967790605,0.0
mtd_ai,200,0.005036107439927129,0.3879310344827586,5269.7399961048395,0.15,150,5,0.16855555555555557,0.17022168285817257,0.5943723967790605,0.0
mtd_ai,200,0.005036107439927129,0.3488372093023256,6340.619445261504,0.2,150,5,0.16855555555555557,0.17022168285817257,0.5943723967790605,0.0
mtd_ai,200,0.005036107439927129,0.375,6937.998029920964,0.25,150,5,0.16855555555555557,0.17022168285817257,0.5943723967790605,0.0
mtd_ai,200,0.005060120569530406,0.375,1897.9388084261627,0.05,150,5,0.14,2.004007136903743,2.592919260278517,0.0
mtd_ai,200,0.005060120569530406,0.39473684210526316,3716.9169993598994,0.1,150,5,0.14,2.004007136903743,2.592919260278517,0.0
mtd_ai,200,0.005060120569530406,0.4166666666666667,4880.8655986734975,0.15,150,5,0.14,2.004007136903743,2.592919260278517,0.0
mtd_ai,200,0.005060120569530406,0.4411764705882353,5782.953808632048,0.2,150,5,0.14,2.004007136903743,2.592919260278517,0.0
mtd_ai,200,0.005060120569530406,0.487012987012987,6330.514307400663,0.25,150,5,0.14,2.004007136903743,2.592919260278517,0.0
mtd_ai,200,0.005031940340118245,0.1595744680851064,3303.580514411772,0.05,150,5,0.10526315789473684,1.1488826119669824,4.6192270835844065,-3.8529411764705883
mtd_ai,200,0.005031940340118245,0.234375,4109.002119962057,0.1,150,5,0.10526315789473684,1.1488826119669824,4.6192270835844065,-3.8529411764705883
mtd_ai,200,0.005031940340118245,0.2848101265822785,5269.168040737271,0.15,150,5,0.10526315789473684,1.1488826119669824,4.6192270835844065,-3.8529411764705883
mtd_ai,200,0.005031940340118245,0.30303030303030304,6317.270584677641,0.2,150,5,0.10526315789473684,1.1488826119669824,4.6192270835844065,-3.8529411764705883
mtd_ai,200,0.005031940340118245,0.33185840707964603,6893.717348966846,0.25,150,5,0.10526315789473684,1.1488826119669824,4.6192270835844065,-3.8529411764705883
mtd_ai,200,0.005056274406649549,0.32608695652173914,2378.0707511493156,0.05,150,5,0.12666666666666668,5.2554425356890535,2.205828236344705,0.0
mtd_ai,200,0.005056274406649549,0.40540540540540543,3283.3372409061203,0.1,150,5,0.12666666666666668,5.2554425356890535,2.205828236344705,0.0
mtd_ai,200,0.005056274406649549,0.4411764705882353,4116.585361188194,0.15,150,5,0.12666666666666668,5.2554425356890535,2.205828236344705,0.0
mtd_ai,200,0.005056274406649549,0.47619047619047616,4783.076460765696,0.2,150,5,0.12666666666666668,5.2554425356890535,2.205828236344705,0.0
mtd_ai,200,0.005056274406649549,0.46875,5421.901404600901,0.25,150,5,0.12666666666666668,5.2554425356890535,2.205828236344705,0.0
mtd_ai,200,0.005068520770605854,0.39473684210526316,1852.771381995151,0.05,150,5,0.1569047619047619,1.737619635857054,5.376626744362846,0.0
mtd_ai,200,0.005068520770605854,0.40540540540540543,2966.8028024569744,0.1,150,5,0.1569047619047619,1.737619635857054,5.376626744362846,0.0
mtd_ai,200,0.005068520770605854,0.4090909090909091,4075.293999902167,0.15,150,5,0.1569047619047619,1.737619635857054,5.376626744362846,0.0
mtd_ai,200,0.005068520770605854,0.40540540540540543,5783.9081217587045,0.2,150,5,0.1569047619047619,1.737619635857054,5.376626744362846,0.0
mtd_ai,200,0.005068520770605854,0.44642857142857145,6135.416778379329,0.25,150,5,0.1569047619047619,1.737619635857054,5.376626744362846,0.0
mtd_ai,200,0.0050519596133501155,0.28846153846153844,2571.8688631219084,0.05,150,5,0.10555555555555556,0.14633079148954023,0.5303501212514844,0.0
mtd_ai,200,0.0050519596133501155,0.375,3429.806419661848,0.1,150,5,0.10555555555555556,0.14633079148954023,0.5303501212514844,0.0
mtd_ai,200,0.0050519596133501155,0.4326923076923077,4108.687688147234,0.15,150,5,0.10555555555555556,0.14633079148954023,0.5303501212514844,0.0
mtd_ai,200,0.0050519596133501155,0.4166666666666667,5052.761473805666,0.2,150,5,0.10555555555555556,0.14633079148954023,0.5303501212514844,0.0
mtd_ai,200,0.0050519596133501155,0.46296296296296297,5270.273490854302,0.25,150,5,0.10555555555555556,0.14633079148954023,0.5303501212514844,0.0
mtd_ai,200,0.005079330321928572,0.4166666666666667,1733.7053125621214,0.05,150,5,0.09444444444444444,0.5309621693839379,1.354957416737314,0.0
mtd_ai,200,0.005079330321928572,0.39473684210526316,3320.6425500031714,0.1,150,5,0.09444444444444444,0.5309621693839379,1.354957416737314,0.0
mtd_ai,200,0.005079330321928572,0.4166666666666667,4341.397834064118,0.15,150,5,0.09444444444444444,0.5309621693839379,1.354957416737314,0.0
mtd_ai,200,0.005079330321928572,0.4411764705882353,4907.963955546041,0.2,150,5,0.09444444444444444,0.5309621693839379,1.354957416737314,0.0
mtd_ai,200,0.005079330321928572,0.46296296296296297,5713.11702944705,0.25,150,5,0.09444444444444444,0.5309621693839379,1.354957416737314,0.0
mtd_ai,200,0.005063991304442565,0.4411764705882353,1542.1508847953855,0.05,150,5,0.0,1.3290901736289082,4.081563357316601,0.0
mtd_ai,200,0.005063991304442565,0.36585365853658536,3691.2340228224703,0.1,150,5,0.0,1.3290901736289082,4.081563357316601,0.0
mtd_ai,200,0.005063991304442565,0.3813559322033898,4642.143860519614,0.15,150,5,0.0,1.3290901736289082,4.081563357316601,0.0
mtd_ai,200,0.005063991304442565,0.40540540540540543,5496.478170582443,0.2,150,5,0.0,1.3290901736289082,4.081563357316601,0.0
mtd_ai,200,0.005063991304442565,0.42134831460674155,6891.736331200949,0.25,150,5,0.0,1.3290901736289082,4.081563357316601,0.0
mtd_ai,200,0.005067513171667908,0.4166666666666667,1465.3939167655167,0.05,150,5,0.11666666666666667,0.4328023583843095,1.9447526123617074,0.0
mtd_ai,200,0.005067513171667908,0.42857142857142855,2840.486860335862,0.1,150,5,0.11666666666666667,0.4328023583843095,1.9447526123617074,0.0
mtd_ai,200,0.005067513171667908,0.4326923076923077,3929.8237048778838,0.15,150,5,0.11666666666666667,0.4328023583843095,1.9447526123617074,0.0
mtd_ai,200,0.005067513171667908,0.4411764705882353,4945.083590122346,0.2,150,5,0.11666666666666667,0.4328023583843095,1.9447526123617074,0.0
mtd_ai,200,0.005067513171667908,0.46296296296296297,5566.409197112447,0.25,150,5,0.11666666666666667,0.4328023583843095,1.9447526123617074,0.0
mtd_ai,200,0.005036996665459907,0.24193548387096775,3520.1145213062646,0.05,150,5,0.12888888888888891,0.3797062675719139,1.3760712659888241,0.0
mtd_ai,200,0.005036996665459907,0.3125,4999.060559407961,0.1,150,5,0.12888888888888891,0.3797062675719139,1.3760712659888241,0.0
mtd_ai,200,0.005036996665459907,0.3879310344827586,5411.50078264114,0.15,150,5,0.12888888888888891,0.3797062675719139,1.3760712659888241,0.0
mtd_ai,200,0.005036996665459907,0.4225352112676056,6024.36870987267,0.2,150,5,0.12888888888888891,0.3797062675719139,1.3760712659888241,0.0
mtd_ai,200,0.005036996665459907,0.45180722891566266,6502.654117747796,0.25,150,5,0.12888888888888891,0.3797062675719139,1.3760712659888241,0.0
mtd_ai,200,0.00508298112525871,0.2777777777777778,2506.775019159024,0.05,150,5,0.1051111111111111,0.39635884465145593,1.3292992183762025,0.0
mtd_ai,200,0.00508298112525871,0.375,3290.106632801509,0.1,150,5,0.1051111111111111,0.39635884465145593,1.3292992183762025,0.0
mtd_ai,200,0.00508298112525871,0.4326923076923077,4291.1479278625175,0.15,150,5,0.1051111111111111,0.39635884465145593,1.3292992183762025,0.0
mtd_ai,200,0.00508298112525871,0.4918032786885246,4753.836604260929,0.2,150,5,0.1051111111111111,0.39635884465145593,1.3292992183762025,0.0
mtd_ai,200,0.00508298112525871,0.5208333333333334,5352.882616030971,0.25,150,5,0.1051111111111111,0.39635884465145593,1.3292992183762025,0.0
mtd_ai,200,0.005055537096972011,0.26785714285714285,3268.988931431757,0.05,150,5,0.10933333333333332,1.0424069108562843,4.380769967600399,0.0
mtd_ai,200,0.005055537096972011,0.2542372881355932,4678.772444984528,0.1,150,5,0.10933333333333332,1.0424069108562843,4.380769967600399,0.0
mtd_ai,200,0.005055537096972011,0.28846153846153844,6065.176370280447,0.15,150,5,0.10933333333333332,1.0424069108562843,4.380769967600399,0.0
mtd_ai,200,0.005055537096972011,0.3333333333333333,6542.3922646285055,0.2,150,5,0.10933333333333332,1.0424069108562843,4.380769967600399,0.0
mtd_ai,200,0.005055537096972011,0.35377358490566035,7652.856717621074,0.25,150,5,0.10933333333333332,1.0424069108562843,4.380769967600399,0.0
mtd_ai,200,0.005031209659670064,0.39473684210526316,1523.6705643910786,0.05,150,5,0.15255555555555556,0.6636170248522857,2.7710532854322345,0.0
mtd_ai,200,0.005031209659670064,0.35714285714285715,3905.2026943587634,0.1,150,5,0.15255555555555556,0.6636170248522857,2.7710532854322345,0.0
mtd_ai,200,0.005031209659670064,0.4090909090909091,5148.696355433673,0.15,150,5,0.15255555555555556,0.6636170248522857,2.7710532854322345,0.0
mtd_ai,200,0.005031209659670064,0.44776119402985076,5788.533750144779,0.2,150,5,0.15255555555555556,0.6636170248522857,2.7710532854322345,0.0
mtd_ai,200,0.005031209659670064,0.3826530612244898,6947.835572772371,0.25,150,5,0.15255555555555556,0.6636170248522857,2.7710532854322345,0.0
mtd_ai,200,0.005038875602310252,0.25862068965517243,3183.054893457619,0.05,150,5,0.06833333333333333,0.07318192379864805,0.3110292267968043,0.0
mtd_ai,200,0.005038875602310252,0.3409090909090909,3991.1244091531507,0.1,150,5,0.06833333333333333,0.07318192379864805,0.3110292267968043,0.0
mtd_ai,200,0.005038875602310252,0.42452830188679247,4578.715081336973,0.15,150,5,0.06833333333333333,0.07318192379864805,0.3110292267968043,0.0
mtd_ai,200,0.005038875602310252,0.46153846153846156,5369.816400067112,0.2,150,5,0.06833333333333333,0.07318192379864805,0.3110292267968043,0.0
mtd_ai,200,0.005038875602310252,0.487012987012987,6194.482869235415,0.25,150,5,0.06833333333333333,0.07318192379864805,0.3110292267968043,0.0
mtd_ai,200,0.005076644020801591,0.39473684210526316,2066.8958907995107,0.05,150,5,0.12777777777777777,0.613434284082103,2.5366131252406223,0.0
mtd_ai,200,0.005076644020801591,0.4838709677419355,2698.955931276405,0.1,150,5,0.12777777777777777,0.613434284082103,2.5366131252406223,0.0
mtd_ai,200,0.005076644020801591,0.45918367346938777,4487.061547107177,0.15,150,5,0.12777777777777777,0.613434284082103,2.5366131252406223,0.0
mtd_ai,200,0.005076644020801591,0.47619047619047616,5206.123448075092,0.2,150,5,0.12777777777777777,0.613434284082103,2.5366131252406223,0.0
mtd_ai,200,0.005076644020801591,0.5067567567567568,5944.9248351915785,0.25,150,5,0.12777777777777777,0.613434284082103,2.5366131252406223,0.0
mtd_ai,200,0.005094648502965123,0.375,1893.8603888588136,0.05,150,5,0.12311111111111113,0.01883571297313189,0.02597709131876567,0.0
mtd_ai,200,0.005094648502965123,0.42857142857142855,3234.152293781608,0.1,150,5,0.12311111111111113,0.01883571297313189,0.02597709131876567,0.0
mtd_ai,200,0.005094648502965123,0.4891304347826087,3808.1858641311983,0.15,150,5,0.12311111111111113,0.01883571297313189,0.02597709131876567,0.0
mtd_ai,200,0.005094648502965123,0.5357142857142857,4221.28002885183,0.2,150,5,0.12311111111111113,0.01883571297313189,0.02597709131876567,0.0
mtd_ai,200,0.005094648502965123,0.5859375,4619.622561401929,0.25,150,5,0.12311111111111113,0.01883571297313189,0.02597709131876567,0.0
mtd_ai,200,0.00506060438279136,0.3125,2945.979303971042,0.05,150,5,0.11066666666666668,0.9397149373357432,4.029553922369966,0.0
mtd_ai,200,0.00506060438279136,0.375,4086.610938392401,0.1,150,5,0.11066666666666668,0.9397149373357432,4.029553922369966,0.0
mtd_ai,200,0.00506060438279136,0.4166666666666667,5087.3636038213735,0.15,150,5,0.11066666666666668,0.9397149373357432,4.029553922369966,0.0
mtd_ai,200,0.00506060438279136,0.4225352112676056,6301.522394283111,0.2,150,5,0.11066666666666668,0.9397149373357432,4.029553922369966,0.0
mtd_ai,200,0.00506060438279136,0.46296296296296297,6642.319458014152,0.25,150,5,0.11066666666666668,0.9397149373357432,4.029553922369966,0.0
mtd_ai,200,0.005044025449382802,0.46875,1529.2351472235719,0.05,150,5,0.11599999999999999,1.029383423517296,4.126551963893234,0.0
mtd_ai,200,0.005044025449382802,0.4411764705882353,3044.2422978224513,0.1,150,5,0.11599999999999999,1.029383423517296,4.126551963893234,0.0
mtd_ai,200,0.005044025449382802,0.4787234042553192,4140.898310064794,0.15,150,5,0.11599999999999999,1.029383423517296,4.126551963893234,0.0
mtd_ai,200,0.005044025449382802,0.47619047619047616,5149.739327082043,0.2,150,5,0.11599999999999999,1.029383423517296,4.126551963893234,0.0
mtd_ai,200,0.005044025449382802,0.5136986301369864,5663.492260961196,0.25,150,5,0.11599999999999999,1.029383423517296,4.126551963893234,0.0
mtd_ai,200,0.005064551792957206,0.3409090909090909,2123.7801943959585,0.05,150,5,0.07666666666666666,0.445116381962807,1.7337512720356538,0.0
mtd_ai,200,0.005064551792957206,0.3488372093023256,4009.2829099790606,0.1,150,5,0.07666666666666666,0.445116381962807,1.7337512720356538,0.0
mtd_ai,200,0.005064551792957206,0.42452830188679247,4530.280401651482,0.15,150,5,0.07666666666666666,0.445116381962807,1.7337512720356538,0.0
mtd_ai,200,0.005064551792957206,0.4166666666666667,5437.971489301599,0.2,150,5,0.07666666666666666,0.445116381962807,1.7337512720356538,0.0
mtd_ai,200,0.005064551792957206,0.4411764705882353,6123.18092014896,0.25,150,5,0.07666666666666666,0.445116381962807,1.7337512720356538,0.0
mtd_ai,200,0.005066312484378352,0.20833333333333334,3234.6781466266452,0.05,150,5,0.10666666666666667,0.6439088422355005,1.3839104019698671,0.0
mtd_ai,200,0.005066312484378352,0.3,4073.7196888841286,0.1,150,5,0.10666666666666667,0.6439088422355005,1.3839104019698671,0.0
mtd_ai,200,0.005066312484378352,0.34615384615384615,5574.211109037251,0.15,150,5,0.10666666666666667,0.6439088422355005,1.3839104019698671,0.0
mtd_ai,200,0.005066312484378352,0.39473684210526316,6110.753829649494,0.2,150,5,0.10666666666666667,0.6439088422355005,1.3839104019698671,0.0
mtd_ai,200,0.005066312484378352,0.43103448275862066,6615.514484211544,0.25,150,5,0.10666666666666667,0.6439088422355005,1.3839104019698671,0.0
mtd_ai,200,0.005059618384454936,0.2777777777777778,2575.7170284006106,0.05,150,5,0.08,0.5854795274166458,2.5664007259647117,0.0
mtd_ai,200,0.005059618384454936,0.3333333333333333,4183.509822801002,0.1,150,5,0.08,0.5854795274166458,2.5664007259647117,0.0
mtd_ai,200,0.005059618384454936,0.3879310344827586,5045.54541058766,0.15,150,5,0.08,0.5854795274166458,2.5664007259647117,0.0
mtd_ai,200,0.005059618384454936,0.4225352112676056,5737.073018713518,0.2,150,5,0.08,0.5854795274166458,2.5664007259647117,0.0
mtd_ai,200,0.005059618384454936,0.44642857142857145,6702.540540461281,0.25,150,5,0.08,0.5854795274166458,2.5664007259647117,0.0
mtd_ai,200,0.0050476419763607495,0.35714285714285715,1760.6529686058398,0.05,150,5,0.14722222222222223,0.6091455641610675,2.726935624602191,0.0
mtd_ai,200,0.0050476419763607495,0.4411764705882353,2748.3647570296507,0.1,150,5,0.14722222222222223,0.6091455641610675,2.726935624602191,0.0
mtd_ai,200,0.0050476419763607495,0.4787234042553192,3908.218361404276,0.15,150,5,0.14722222222222223,0.6091455641610675,2.726935624602191,0.0
mtd_ai,200,0.0050476419763607495,0.5357142857142857,4512.226501895715,0.2,150,5,0.14722222222222223,0.6091455641610675,2.726935624602191,0.0
mtd_ai,200,0.0050476419763607495,0.487012987012987,5831.752862310495,0.25,150,5,0.14722222222222223,0.6091455641610675,2.726935624602191,0.0
mtd_ai,200,0.005085604652411026,0.4166666666666667,1586.0188337061327,0.05,150,5,0.1597777777777778,0.7044700244385993,1.1847748745017785,0.0
mtd_ai,200,0.005085604652411026,0.46875,2693.2432899308465,0.1,150,5,0.1597777777777778,0.7044700244385993,1.1847748745017785,0.0
mtd_ai,200,0.005085604652411026,0.46875,3445.5570992288003,0.15,150,5,0.1597777777777778,0.7044700244385993,1.1847748745017785,0.0
mtd_ai,200,0.005085604652411026,0.5,4255.698215424318,0.2,150,5,0.1597777777777778,0.7044700244385993,1.1847748745017785,0.0
mtd_ai,200,0.005085604652411026,0.5208333333333334,4901.017021132156,0.25,150,5,0.1597777777777778,0.7044700244385993,1.1847748745017785,0.0
mtd_ai,200,0.005048829133162941,0.39473684210526316,1868.8347497799696,0.05,150,5,0.13833333333333334,0.5820181352881496,2.3480070507750943,0.0
mtd_ai,200,0.005048829133162941,0.45454545454545453,2761.44802380352,0.1,150,5,0.13833333333333334,0.5820181352881496,2.3480070507750943,0.0
mtd_ai,200,0.005048829133162941,0.46875,3335.843808820261,0.15,150,5,0.13833333333333334,0.5820181352881496,2.3480070507750943,0.0
mtd_ai,200,0.005048829133162941,0.4918032786885246,3919.6395990400215,0.2,150,5,0.13833333333333334,0.5820181352881496,2.3480070507750943,0.0
mtd_ai,200,0.005048829133162941,0.5067567567567568,4924.935416575494,0.25,150,5,0.13833333333333334,0.5820181352881496,2.3480070507750943,0.0
mtd_ai,200,0.005037234868095401,0.3125,2527.8122612374773,0.05,150,5,0.13233333333333333,0.8035326951050317,2.4794360983776635,0.0
mtd_ai,200,0.005037234868095401,0.36585365853658536,3965.6700719580494,0.1,150,5,0.13233333333333333,0.8035326951050317,2.4794360983776635,0.0
mtd_ai,200,0.005037234868095401,0.4166666666666667,4947.435466670156,0.15,150,5,0.13233333333333333,0.8035326951050317,2.4794360983776635,0.0
mtd_ai,200,0.005037234868095401,0.44776119402985076,5856.569923093264,0.2,150,5,0.13233333333333333,0.8035326951050317,2.4794360983776635,0.0
mtd_ai,200,0.005037234868095401,0.47468354430379744,6967.497200110222,0.25,150,5,0.13233333333333333,0.8035326951050317,2.4794360983776635,0.0
mtd_ai,200,0.0050355270616799066,0.19736842105263158,3681.4746336829157,0.05,150,5,0.13111111111111112,0.2774927121285263,1.119717727375436,0.0
mtd_ai,200,0.0050355270616799066,0.2777777777777778,4997.190223067681,0.1,150,5,0.13111111111111112,0.2774927121285263,1.119717727375436,0.0
mtd_ai,200,0.0050355270616799066,0.3515625,5633.364186578014,0.15,150,5,0.13111111111111112,0.2774927121285263,1.119717727375436,0.0
mtd_ai,200,0.0050355270616799066,0.38961038961038963,6363.804912890118,0.2,150,5,0.13111111111111112,0.2774927121285263,1.119717727375436,0.0
mtd_ai,200,0.0050355270616799066,0.42613636363636365,6856.02673649826,0.25,150,5,0.13111111111111112,0.2774927121285263,1.119717727375436,0.0
mtd_ai,200,0.005058455879596983,0.25862068965517243,2933.925281199291,0.05,150,5,0.14133333333333334,3.9184480689552657,5.281930033655173,0.0
mtd_ai,200,0.005058455879596983,0.36585365853658536,3627.5554419773616,0.1,150,5,0.14133333333333334,3.9184480689552657,5.281930033655173,0.0
mtd_ai,200,0.005058455879596983,0.4090909090909091,5031.567802443311,0.15,150,5,0.14133333333333334,3.9184480689552657,5.281930033655173,0.0
mtd_ai,200,0.005058455879596983,0.42857142857142855,5912.787296097499,0.2,150,5,0.14133333333333334,3.9184480689552657,5.281930033655173,0.0
mtd_ai,200,0.005058455879596983,0.44642857142857145,6828.848811925119,0.25,150,5,0.14133333333333334,3.9184480689552657,5.281930033655173,0.0
mtd_ai,200,0.005061132868604692,0.3125,2095.4915280768037,0.05,150,5,0.13333333333333333,4.943767690204322,2.6852652730517437,0.0
mtd_ai,200,0.005061132868604692,0.40540540540540543,2664.8053497597057,0.1,150,5,0.13333333333333333,4.943767690204322,2.6852652730517437,0.0
mtd_ai,200,0.005061132868604692,0.45918367346938777,3469.052812697891,0.15,150,5,0.13333333333333333,4.943767690204322,2.6852652730517437,0.0
mtd_ai,200,0.005061132868604692,0.44776119402985076,4482.946231015851,0.2,150,5,0.13333333333333333,4.943767690204322,2.6852652730517437,0.0
mtd_ai,200,0.005061132868604692,0.5,4852.199455246298,0.25,150,5,0.13333333333333333,4.943767690204322,2.6852652730517437,0.0
mtd_ai,200,0.0050646853870994525,0.3,2681.469394250171,0.05,150,5,0.15833333333333333,0.9903672027883712,4.032375891117058,0.0
mtd_ai,200,0.0050646853870994525,0.3409090909090909,4021.268414475069,0.1,150,5,0.15833333333333333,0.9903672027883712,4.032375891117058,0.0
mtd_ai,200,0.0050646853870994525,0.4090909090909091,4540.927527616199,0.15,150,5,0.15833333333333333,0.9903672027883712,4.032375891117058,0.0
mtd_ai,200,0.0050646853870994525,0.43478260869565216,5738.6261934700315,0.2,150,5,0.15833333333333333,0.9903672027883712,4.032375891117058,0.0
mtd_ai,200,0.0050646853870994525,0.45180722891566266,6915.028462252985,0.25,150,5,0.15833333333333333,0.9903672027883712,4.032375891117058,0.0
mtd_ai,200,0.0050737739220690515,0.35714285714285715,2214.357972219892,0.05,150,5,0.14400000000000002,0.8910718501120847,3.2129946909014504,0.0
mtd_ai,200,0.0050737739220690515,0.39473684210526316,3415.7109459992594,0.1,150,5,0.14400000000000002,0.8910718501120847,3.2129946909014504,0.0
mtd_ai,200,0.0050737739220690515,0.45,4229.8450944552715,0.15,150,5,0.14400000000000002,0.8910718501120847,3.2129946909014504,0.0
mtd_ai,200,0.0050737739220690515,0.44776119402985076,5489.038475254511,0.2,150,5,0.14400000000000002,0.8910718501120847,3.2129946909014504,0.0
mtd_ai,200,0.0050737739220690515,0.47468354430379744,6053.381968333831,0.25,150,5,0.14400000000000002,0.8910718501120847,3.2129946909014504,0.0
mtd_ai,200,0.0050691769227946765,0.32608695652173914,2046.9680403947632,0.05,150,5,0.14,4.531724060977928,5.9109439017756955,0.0
mtd_ai,200,0.0050691769227946765,0.39473684210526316,3113.8340813378427,0.1,150,5,0.14,4.531724060977928,5.9109439017756955,0.0
mtd_ai,200,0.0050691769227946765,0.46875,3610.1384536183323,0.15,150,5,0.14,4.531724060977928,5.9109439017756955,0.0
mtd_ai,200,0.0050691769227946765,0.5172413793103449,4006.7436068200705,0.2,150,5,0.14,4.531724060977928,5.9109439017756955,0.0
mtd_ai,200,0.0050691769227946765,0.5434782608695652,4614.760881950515,0.25,150,5,0.14,4.531724060977928,5.9109439017756955,0.0
mtd_ai,200,0.005071437206491497,0.3125,2685.639686814005,0.05,150,5,0.12,0.1262755815352744,0.46108572461461184,0.0
mtd_ai,200,0.005071437206491497,0.38461538461538464,3828.123665674096,0.1,150,5,0.12,0.1262755815352744,0.46108572461461184,0.0
mtd_ai,200,0.005071437206491497,0.45918367346938777,4418.777389805624,0.15,150,5,0.12,0.1262755815352744,0.46108572461461184,0.0
mtd_ai,200,0.005071437206491497,0.4838709677419355,5275.526794431036,0.2,150,5,0.12,0.1262755815352744,0.46108572461461184,0.0
mtd_ai,200,0.005071437206491497,0.5136986301369864,5960.389666019673,0.25,150,5,0.12,0.1262755815352744,0.46108572461461184,0.0
mtd_ai,200,0.005089090069993859,0.3409090909090909,1837.1792934448779,0.05,150,5,0.11533333333333334,0.5468464379073655,0.9751537460623229,0.0
mtd_ai,200,0.005089090069993859,0.38461538461538464,3296.9798937280575,0.1,150,5,0.11533333333333334,0.5468464379073655,0.9751537460623229,0.0
mtd_ai,200,0.005089090069993859,0.45918367346938777,3876.1241580922742,0.15,150,5,0.11533333333333334,0.5468464379073655,0.9751537460623229,0.0
mtd_ai,200,0.005089090069993859,0.4918032786885246,4465.138433843911,0.2,150,5,0.11533333333333334,0.5468464379073655,0.9751537460623229,0.0
mtd_ai,200,0.005089090069993859,0.528169014084507,5079.732177142147,0.25,150,5,0.11533333333333334,0.5468464379073655,0.9751537460623229,0.0
mtd_ai,200,0.0050401636829501065,0.26785714285714285,2705.8655198261204,0.05,150,5,0.15066666666666664,0.9123339440068927,3.094812901779317,0.0
mtd_ai,200,0.0050401636829501065,0.30612244897959184,4366.8223765552775,0.1,150,5,0.15066666666666664,0.9123339440068927,3.094812901779317,0.0
mtd_ai,200,0.0050401636829501065,0.36885245901639346,5164.0409433403,0.15,150,5,0.15066666666666664,0.9123339440068927,3.094812901779317,0.0
mtd_ai,200,0.0050401636829501065,0.4225352112676056,5725.711022509224,0.2,150,5,0.15066666666666664,0.9123339440068927,3.094812901779317,0.0
mtd_ai,200,0.0050401636829501065,0.42613636363636365,6363.565620129409,0.25,150,5,0.15066666666666664,0.9123339440068927,3.094812901779317,0.0
mtd_ai,200,0.005040361588653711,0.22727272727272727,3619.731215122674,0.05,150,5,0.12166666666666667,0.48101618040193106,1.7166631960903984,0.0
mtd_ai,200,0.005040361588653711,0.3191489361702128,4509.261248064329,0.1,150,5,0.12166666666666667,0.48101618040193106,1.7166631960903984,0.0
mtd_ai,200,0.005040361588653711,0.39473684210526316,4851.3034680833625,0.15,150,5,0.12166666666666667,0.48101618040193106,1.7166631960903984,0.0
mtd_ai,200,0.005040361588653711,0.4225352112676056,5682.227562205517,0.2,150,5,0.12166666666666667,0.48101618040193106,1.7166631960903984,0.0
mtd_ai,200,0.005040361588653711,0.4411764705882353,6841.303604438694,0.25,150,5,0.12166666666666667,0.48101618040193106,1.7166631960903984,0.0
mtd_ai,200,0.005068013417144196,0.2777777777777778,3535.1632463685582,0.05,150,5,0.2222222222222222,0.1460590120256183,0.3583186289692109,0.0
mtd_ai,200,0.005068013417144196,0.35714285714285715,4604.403779934756,0.1,150,5,0.2222222222222222,0.1460590120256183,0.3583186289692109,0.0
mtd_ai,200,0.005068013417144196,0.3879310344827586,5676.951287205357,0.15,150,5,0.2222222222222222,0.1460590120256183,0.3583186289692109,0.0
mtd_ai,200,0.005068013417144196,0.4225352112676056,6295.962964441342,0.2,150,5,0.2222222222222222,0.1460590120256183,0.3583186289692109,0.0
mtd_ai,200,0.005068013417144196,0.46296296296296297,6608.357226910706,0.25,150,5,0.2222222222222222,0.1460590120256183,0.3583186289692109,0.0
mtd_ai,200,0.005038128235618199,0.3,2692.0122431179566,0.05,150,5,0.10126984126984127,1.1728158682170886,1.7183545141824963,4.724137931034483
mtd_ai,200,0.005038128235618199,0.375,4022.0997288261765,0.1,150,5,0.10126984126984127,1.1728158682170886,1.7183545141824963,4.724137931034483
mtd_ai,200,0.005038128235618199,0.36885245901639346,4980.655736305222,0.15,150,5,0.10126984126984127,1.1728158682170886,1.7183545141824963,4.724137931034483
mtd_ai,200,0.005038128235618199,0.4166666666666667,5527.89479260599,0.2,150,5,0.10126984126984127,1.1728158682170886,1.7183545141824963,4.724137931034483
mtd_ai,200,0.005038128235618199,0.42613636363636365,6367.281404905083,0.25,150,5,0.10126984126984127,1.1728158682170886,1.7183545141824963,4.724137931034483
mtd_ai,200,0.005071956455883486,0.22058823529411764,3194.0989904770504,0.05,150,5,0.14400000000000002,1.3332667941789431,3.8476809239647984,0.0
mtd_ai,200,0.005071956455883486,0.2830188679245283,4426.587866908106,0.1,150,5,0.14400000000000002,1.3332667941789431,3.8476809239647984,0.0
mtd_ai,200,0.005071956455883486,0.34615384615384615,5054.366517868003,0.15,150,5,0.14400000000000002,1.3332667941789431,3.8476809239647984,0.0
mtd_ai,200,0.005071956455883486,0.38961038961038963,5558.566826185792,0.2,150,5,0.14400000000000002,1.3332667941789431,3.8476809239647984,0.0
mtd_ai,200,0.005071956455883486,0.43103448275862066,6128.887049873651,0.25,150,5,0.14400000000000002,1.3332667941789431,3.8476809239647984,0.0
mtd_ai,200,0.0050429502739939725,0.3409090909090909,2140.6770955680545,0.05,150,5,0.12555555555555556,1.8804154526973456,3.2849927073037626,4.7
mtd_ai,200,0.0050429502739939725,0.40540540540540543,3323.1944364613155,0.1,150,5,0.12555555555555556,1.8804154526973456,3.2849927073037626,4.7
mtd_ai,200,0.0050429502739939725,0.45918367346938777,4155.015507581986,0.15,150,5,0.12555555555555556,1.8804154526973456,3.2849927073037626,4.7
mtd_ai,200,0.0050429502739939725,0.4918032786885246,4944.810182108004,0.2,150,5,0.12555555555555556,1.8804154526973456,3.2849927073037626,4.7
mtd_ai,200,0.0050429502739939725,0.5,5983.050713518085,0.25,150,5,0.12555555555555556,1.8804154526973456,3.2849927073037626,4.7
mtd_ai,200,0.005061600541731511,0.375,1769.7120276651644,0.05,150,5,0.17820634920634923,1.7611488197315666,3.557188421666161,0.0
mtd_ai,200,0.005061600541731511,0.45454545454545453,2561.066922185694,0.1,150,5,0.17820634920634923,1.7611488197315666,3.557188421666161,0.0
mtd_ai,200,0.005061600541731511,0.5113636363636364,3007.36868801341,0.15,150,5,0.17820634920634923,1.7611488197315666,3.557188421666161,0.0
mtd_ai,200,0.005061600541731511,0.5454545454545454,3628.477950065626,0.2,150,5,0.17820634920634923,1.7611488197315666,3.557188421666161,0.0
mtd_ai,200,0.005061600541731511,0.5681818181818182,4104.296602357014,0.25,150,5,0.17820634920634923,1.7611488197315666,3.557188421666161,0.0
