Name,mtd_interval,MEF,ASR,time_to_compromise,host_compromise_ratio,network_size,exposed_endpoints,attack_path_exposure,ROA,risk,shortest_path_variability
mtd_ai,200,0.0050709437792059,0.32608695652173914,2224.2507642407454,0.05,150,5,0.13333333333333333,1.0065090398563759,1.128381187798997,0.0
mtd_ai,200,0.0050709437792059,0.4411764705882353,3349.213232727978,0.1,150,5,0.13333333333333333,1.0065090398563759,1.128381187798997,0.0
mtd_ai,200,0.0050709437792059,0.45918367346938777,4330.175096146725,0.15,150,5,0.13333333333333333,1.0065090398563759,1.128381187798997,0.0
mtd_ai,200,0.0050709437792059,0.42857142857142855,5304.71375568773,0.2,150,5,0.13333333333333333,1.0065090398563759,1.128381187798997,0.0
mtd_ai,200,0.0050709437792059,0.4573170731707317,5884.191841521694,0.25,150,5,0.13333333333333333,1.0065090398563759,1.128381187798997,0.0
mtd_ai,200,0.005079093134621995,0.25,2486.244447124677,0.05,150,5,0.15,3.099834881872228,6.469120088849542,0.0
mtd_ai,200,0.005079093134621995,0.3333333333333333,3446.7300628075454,0.1,150,5,0.15,3.099834881872228,6.469120088849542,0.0
mtd_ai,200,0.005079093134621995,0.375,3993.0228586886033,0.15,150,5,0.15,3.099834881872228,6.469120088849542,0.0
mtd_ai,200,0.005079093134621995,0.43478260869565216,4624.667680213354,0.2,150,5,0.15,3.099834881872228,6.469120088849542,0.0
mtd_ai,200,0.005079093134621995,0.436046511627907,5481.061472615169,0.25,150,5,0.15,3.099834881872228,6.469120088849542,0.0
mtd_ai,200,0.005063948545609833,0.26785714285714285,2908.8627779400176,0.05,150,5,0.16666666666666666,1.387046608753239,2.3488687453119845,0.0
mtd_ai,200,0.005063948545609833,0.29411764705882354,4516.769197633423,0.1,150,5,0.16666666666666666,1.387046608753239,2.3488687453119845,0.0
mtd_ai,200,0.005063948545609833,0.3515625,5609.866730716449,0.15,150,5,0.16666666666666666,1.387046608753239,2.3488687453119845,0.0
mtd_ai,200,0.005063948545609833,0.38961038961038963,6394.333969032659,0.2,150,5,0.16666666666666666,1.387046608753239,2.3488687453119845,0.0
mtd_ai,200,0.005063948545609833,0.4076086956521739,6965.130988146429,0.25,150,5,0.16666666666666666,1.387046608753239,2.3488687453119845,0.0
mtd_ai,200,0.005037441199871195,0.3409090909090909,2117.3091531316,0.05,150,5,0.14285714285714285,1.2475059120460177,3.8700192617798574,0.0
mtd_ai,200,0.005037441199871195,0.375,3559.0648866960196,0.1,150,5,0.14285714285714285,1.2475059120460177,3.8700192617798574,0.0
mtd_ai,200,0.005037441199871195,0.4166666666666667,4420.861019796801,0.15,150,5,0.14285714285714285,1.2475059120460177,3.8700192617798574,0.0
mtd_ai,200,0.005037441199871195,0.39473684210526316,5590.508164938488,0.2,150,5,0.14285714285714285,1.2475059120460177,3.8700192617798574,0.0
mtd_ai,200,0.005037441199871195,0.42134831460674155,6533.507135833048,0.25,150,5,0.14285714285714285,1.2475059120460177,3.8700192617798574,0.0
mtd_ai,200,0.005090290149645505,0.4166666666666667,1311.411285714536,0.05,150,5,0.1371111111111111,0.5965888132911663,2.4704279162522855,0.0
mtd_ai,200,0.005090290149645505,0.42857142857142855,3154.8642806933926,0.1,150,5,0.1371111111111111,0.5965888132911663,2.4704279162522855,0.0
mtd_ai,200,0.005090290149645505,0.4891304347826087,3910.6720287899025,0.15,150,5,0.1371111111111111,0.5965888132911663,2.4704279162522855,0.0
mtd_ai,200,0.005090290149645505,0.5,4616.670337347848,0.2,150,5,0.1371111111111111,0.5965888132911663,2.4704279162522855,0.0
mtd_ai,200,0.005090290149645505,0.5357142857142857,5048.41303480283,0.25,150,5,0.1371111111111111,0.5965888132911663,2.4704279162522855,0.0
mtd_ai,200,0.005067554905301151,0.2777777777777778,3255.9679817171,0.05,150,5,0.12988888888888886,4.294137284849347,3.3303585028329965,0.0
mtd_ai,200,0.005067554905301151,0.36585365853658536,4231.691191631917,0.1,150,5,0.12988888888888886,4.294137284849347,3.3303585028329965,0.0
mtd_ai,200,0.005067554905301151,0.4411764705882353,4630.470118496979,0.15,150,5,0.12988888888888886,4.294137284849347,3.3303585028329965,0.0
mtd_ai,200,0.005067554905301151,0.43478260869565216,5461.427894579878,0.2,150,5,0.12988888888888886,4.294137284849347,3.3303585028329965,0.0
mtd_ai,200,0.005067554905301151,0.45180722891566266,5904.361060194829,0.25,150,5,0.12988888888888886,4.294137284849347,3.3303585028329965,0.0
mtd_ai,200,0.005039808860257956,0.39473684210526316,1484.630526792853,0.05,150,5,0.15866666666666668,0.7222738674474737,3.0336319733564965,4.666666666666667
mtd_ai,200,0.005039808860257956,0.3125,3696.6347216386016,0.1,150,5,0.15866666666666668,0.7222738674474737,3.0336319733564965,4.666666666666667
mtd_ai,200,0.005039808860257956,0.39473684210526316,4163.15999440841,0.15,150,5,0.15866666666666668,0.7222738674474737,3.0336319733564965,4.666666666666667
mtd_ai,200,0.005039808860257956,0.4166666666666667,5463.559804929902,0.2,150,5,0.15866666666666668,0.7222738674474737,3.0336319733564965,4.666666666666667
mtd_ai,200,0.005039808860257956,0.46296296296296297,5817.181775452593,0.25,150,5,0.15866666666666668,0.7222738674474737,3.0336319733564965,4.666666666666667
mtd_ai,200,0.005089035349344626,0.5,1437.3080568565947,0.05,150,5,0.13533333333333333,0.4202966413293362,0.6640624720811734,0.0
mtd_ai,200,0.005089035349344626,0.5,2695.3896565819314,0.1,150,5,0.13533333333333333,0.4202966413293362,0.6640624720811734,0.0
mtd_ai,200,0.005089035349344626,0.5232558139534884,3501.5269643204556,0.15,150,5,0.13533333333333333,0.4202966413293362,0.6640624720811734,0.0
mtd_ai,200,0.005089035349344626,0.5555555555555556,4177.761734350579,0.2,150,5,0.13533333333333333,0.4202966413293362,0.6640624720811734,0.0
mtd_ai,200,0.005089035349344626,0.5952380952380952,4712.224632346299,0.25,150,5,0.13533333333333333,0.4202966413293362,0.6640624720811734,0.0
mtd_ai,200,0.005043788800940757,0.3125,3126.326521422721,0.05,150,5,0.17058823529411765,7.565434673412665,8.0695846196286,-4.142857142857143
mtd_ai,200,0.005043788800940757,0.38461538461538464,4203.989422609134,0.1,150,5,0.17058823529411765,7.565434673412665,8.0695846196286,-4.142857142857143
mtd_ai,200,0.005043788800940757,0.46875,4729.82324635192,0.15,150,5,0.17058823529411765,7.565434673412665,8.0695846196286,-4.142857142857143
mtd_ai,200,0.005043788800940757,0.5084745762711864,5241.358664416735,0.2,150,5,0.17058823529411765,7.565434673412665,8.0695846196286,-4.142857142857143
mtd_ai,200,0.005043788800940757,0.528169014084507,6055.483303635021,0.25,150,5,0.17058823529411765,7.565434673412665,8.0695846196286,-4.142857142857143
mtd_ai,200,0.005090471713930909,0.28846153846153844,2602.132952235089,0.05,150,5,0.06666666666666667,0.7270990691138256,3.1914152361213226,0.0
mtd_ai,200,0.005090471713930909,0.38461538461538464,3307.107710251532,0.1,150,5,0.06666666666666667,0.7270990691138256,3.1914152361213226,0.0
mtd_ai,200,0.005090471713930909,0.45,3848.358328514513,0.15,150,5,0.06666666666666667,0.7270990691138256,3.1914152361213226,0.0
mtd_ai,200,0.005090471713930909,0.46153846153846156,4624.383225272509,0.2,150,5,0.06666666666666667,0.7270990691138256,3.1914152361213226,0.0
mtd_ai,200,0.005090471713930909,0.5136986301369864,4872.254890938871,0.25,150,5,0.06666666666666667,0.7270990691138256,3.1914152361213226,0.0
mtd_ai,200,0.005097213430644398,0.4166666666666667,1827.380556040327,0.05,150,5,0.25,0.8843931213265598,3.222660849802746,0.0
mtd_ai,200,0.005097213430644398,0.5555555555555556,2075.047289356804,0.1,150,5,0.25,0.8843931213265598,3.222660849802746,0.0
mtd_ai,200,0.005097213430644398,0.5921052631578947,2957.687688260167,0.15,150,5,0.25,0.8843931213265598,3.222660849802746,0.0
mtd_ai,200,0.005097213430644398,0.5454545454545454,3899.5127466366826,0.2,150,5,0.25,0.8843931213265598,3.222660849802746,0.0
mtd_ai,200,0.005097213430644398,0.5597014925373134,4563.806609505928,0.25,150,5,0.25,0.8843931213265598,3.222660849802746,0.0
mtd_ai,200,0.005044640263984512,0.26785714285714285,3077.8948735400136,0.05,150,5,0.3,0.009604416706343478,0.030941674692254065,0.0
mtd_ai,200,0.005044640263984512,0.30612244897959184,4756.582281407025,0.1,150,5,0.3,0.009604416706343478,0.030941674692254065,0.0
mtd_ai,200,0.005044640263984512,0.3813559322033898,5278.379494855215,0.15,150,5,0.3,0.009604416706343478,0.030941674692254065,0.0
mtd_ai,200,0.005044640263984512,0.4225352112676056,5865.524309617983,0.2,150,5,0.3,0.009604416706343478,0.030941674692254065,0.0
mtd_ai,200,0.005044640263984512,0.4573170731707317,6380.3979697088125,0.25,150,5,0.3,0.009604416706343478,0.030941674692254065,0.0
mtd_ai,200,0.005066320513672259,0.2777777777777778,2965.3644537351474,0.05,150,5,0.1381111111111111,0.6976052446196238,1.3902361149708493,0.0
mtd_ai,200,0.005066320513672259,0.3191489361702128,4066.1956937200735,0.1,150,5,0.1381111111111111,0.6976052446196238,1.3902361149708493,0.0
mtd_ai,200,0.005066320513672259,0.3629032258064516,4881.091495140787,0.15,150,5,0.1381111111111111,0.6976052446196238,1.3902361149708493,0.0
mtd_ai,200,0.005066320513672259,0.38961038961038963,5635.395311795661,0.2,150,5,0.1381111111111111,0.6976052446196238,1.3902361149708493,0.0
mtd_ai,200,0.005066320513672259,0.43103448275862066,6098.9340819668605,0.25,150,5,0.1381111111111111,0.6976052446196238,1.3902361149708493,0.0
mtd_ai,200,0.005045673214626737,0.234375,2843.8997304539116,0.05,150,5,0.11571428571428571,0.514372441598593,1.656378202419118,0.0
mtd_ai,200,0.005045673214626737,0.3,4164.132441664879,0.1,150,5,0.11571428571428571,0.514372441598593,1.656378202419118,0.0
mtd_ai,200,0.005045673214626737,0.375,4791.159688847421,0.15,150,5,0.11571428571428571,0.514372441598593,1.656378202419118,0.0
mtd_ai,200,0.005045673214626737,0.410958904109589,5270.316200721945,0.2,150,5,0.11571428571428571,0.514372441598593,1.656378202419118,0.0
mtd_ai,200,0.005045673214626737,0.45180722891566266,5675.106081725213,0.25,150,5,0.11571428571428571,0.514372441598593,1.656378202419118,0.0
mtd_ai,200,0.005049562224899181,0.35714285714285715,1512.9362030915336,0.05,150,5,0.12,0.8294955769120751,2.3651077735495214,0.0
mtd_ai,200,0.005049562224899181,0.35714285714285715,3395.3300456944207,0.1,150,5,0.12,0.8294955769120751,2.3651077735495214,0.0
mtd_ai,200,0.005049562224899181,0.39473684210526316,4710.932757893903,0.15,150,5,0.12,0.8294955769120751,2.3651077735495214,0.0
mtd_ai,200,0.005049562224899181,0.4411764705882353,5312.916703553223,0.2,150,5,0.12,0.8294955769120751,2.3651077735495214,0.0
mtd_ai,200,0.005049562224899181,0.4807692307692308,5861.431943869527,0.25,150,5,0.12,0.8294955769120751,2.3651077735495214,0.0
mtd_ai,200,0.005039106455330622,0.3409090909090909,1954.3474334051311,0.05,150,5,0.11916666666666667,1.7662728374555896,3.5704918027097223,0.0
mtd_ai,200,0.005039106455330622,0.36585365853658536,3644.21843712325,0.1,150,5,0.11916666666666667,1.7662728374555896,3.5704918027097223,0.0
mtd_ai,200,0.005039106455330622,0.3629032258064516,5127.384763941163,0.15,150,5,0.11916666666666667,1.7662728374555896,3.5704918027097223,0.0
mtd_ai,200,0.005039106455330622,0.40540540540540543,6108.056401252132,0.2,150,5,0.11916666666666667,1.7662728374555896,3.5704918027097223,0.0
mtd_ai,200,0.005039106455330622,0.43103448275862066,6766.200403912447,0.25,150,5,0.11916666666666667,1.7662728374555896,3.5704918027097223,0.0
mtd_ai,200,0.0050443925882704835,0.3409090909090909,2304.106161887776,0.05,150,5,0.1288888888888889,0.4266303898970176,0.7588817447212342,0.0
mtd_ai,200,0.0050443925882704835,0.40540540540540543,3362.7187378627327,0.1,150,5,0.1288888888888889,0.4266303898970176,0.7588817447212342,0.0
mtd_ai,200,0.0050443925882704835,0.4411764705882353,4126.362109398267,0.15,150,5,0.1288888888888889,0.4266303898970176,0.7588817447212342,0.0
mtd_ai,200,0.0050443925882704835,0.44776119402985076,5031.452308131542,0.2,150,5,0.1288888888888889,0.4266303898970176,0.7588817447212342,0.0
mtd_ai,200,0.0050443925882704835,0.4807692307692308,5467.518652513172,0.25,150,5,0.1288888888888889,0.4266303898970176,0.7588817447212342,0.0
mtd_ai,200,0.005059699635635706,0.28846153846153844,1978.5936137303538,0.05,150,5,0.06,0.6588933526783731,2.194271426987049,0.0
mtd_ai,200,0.005059699635635706,0.3488372093023256,3139.3885004506237,0.1,150,5,0.06,0.6588933526783731,2.194271426987049,0.0
mtd_ai,200,0.005059699635635706,0.3813559322033898,4093.794600645253,0.15,150,5,0.06,0.6588933526783731,2.194271426987049,0.0
mtd_ai,200,0.005059699635635706,0.4,5481.339093583494,0.2,150,5,0.06,0.6588933526783731,2.194271426987049,0.0
mtd_ai,200,0.005059699635635706,0.4076086956521739,6290.770020339767,0.25,150,5,0.06,0.6588933526783731,2.194271426987049,0.0
mtd_ai,200,0.005056001230000606,0.39473684210526316,2124.732926751757,0.05,150,5,0.14,0.820643290291745,2.9897242102865067,0.0
mtd_ai,200,0.005056001230000606,0.40540540540540543,3734.183671543072,0.1,150,5,0.14,0.820643290291745,2.9897242102865067,0.0
mtd_ai,200,0.005056001230000606,0.3515625,5395.532551689363,0.15,150,5,0.14,0.820643290291745,2.9897242102865067,0.0
mtd_ai,200,0.005056001230000606,0.38461538461538464,6270.922241041038,0.2,150,5,0.14,0.820643290291745,2.9897242102865067,0.0
mtd_ai,200,0.005056001230000606,0.35714285714285715,7425.006969138998,0.25,150,5,0.14,0.820643290291745,2.9897242102865067,0.0
mtd_ai,200,0.005053919674966949,0.2777777777777778,3056.6262978441246,0.05,150,5,0.12976190476190477,0.34762221231170537,1.0045965541600728,0.0
mtd_ai,200,0.005053919674966949,0.35714285714285715,3939.8451513406003,0.1,150,5,0.12976190476190477,0.34762221231170537,1.0045965541600728,0.0
mtd_ai,200,0.005053919674966949,0.4017857142857143,4728.812161205486,0.15,150,5,0.12976190476190477,0.34762221231170537,1.0045965541600728,0.0
mtd_ai,200,0.005053919674966949,0.42857142857142855,5884.0378422242975,0.2,150,5,0.12976190476190477,0.34762221231170537,1.0045965541600728,0.0
mtd_ai,200,0.005053919674966949,0.42613636363636365,7147.322426632449,0.25,150,5,0.12976190476190477,0.34762221231170537,1.0045965541600728,0.0
mtd_ai,200,0.005071358899055231,0.28846153846153844,2910.5757370810725,0.05,150,5,0.12733333333333335,5.759097940723945,4.176240597674107,0.0
mtd_ai,200,0.005071358899055231,0.36585365853658536,4000.018779619748,0.1,150,5,0.12733333333333335,5.759097940723945,4.176240597674107,0.0
mtd_ai,200,0.005071358899055231,0.4411764705882353,4416.147164045934,0.15,150,5,0.12733333333333335,5.759097940723945,4.176240597674107,0.0
mtd_ai,200,0.005071358899055231,0.4838709677419355,5138.143199785049,0.2,150,5,0.12733333333333335,5.759097940723945,4.176240597674107,0.0
mtd_ai,200,0.005071358899055231,0.5208333333333334,5534.109238015004,0.25,150,5,0.12733333333333335,5.759097940723945,4.176240597674107,0.0
mtd_ai,200,0.00504249513380347,0.3409090909090909,1853.5827562672157,0.05,150,5,0.13666666666666666,0.6693878879959585,2.7851349209091003,0.0
mtd_ai,200,0.00504249513380347,0.35714285714285715,3263.6054998280792,0.1,150,5,0.13666666666666666,0.6693878879959585,2.7851349209091003,0.0
mtd_ai,200,0.00504249513380347,0.42452830188679247,4069.7293753823624,0.15,150,5,0.13666666666666666,0.6693878879959585,2.7851349209091003,0.0
mtd_ai,200,0.00504249513380347,0.46875,4716.4291875348035,0.2,150,5,0.13666666666666666,0.6693878879959585,2.7851349209091003,0.0
mtd_ai,200,0.00504249513380347,0.47468354430379744,5613.990033370225,0.25,150,5,0.13666666666666666,0.6693878879959585,2.7851349209091003,0.0
mtd_ai,200,0.005070952097234921,0.4166666666666667,1726.6236666535792,0.05,150,5,0.135,0.7879728539663629,2.737596896560619,0.0
mtd_ai,200,0.005070952097234921,0.4838709677419355,2774.2793100136005,0.1,150,5,0.135,0.7879728539663629,2.737596896560619,0.0
mtd_ai,200,0.005070952097234921,0.46875,4262.646748435618,0.15,150,5,0.135,0.7879728539663629,2.737596896560619,0.0
mtd_ai,200,0.005070952097234921,0.46875,4951.007260427576,0.2,150,5,0.135,0.7879728539663629,2.737596896560619,0.0
mtd_ai,200,0.005070952097234921,0.4934210526315789,5968.415180010801,0.25,150,5,0.135,0.7879728539663629,2.737596896560619,0.0
mtd_ai,200,0.0050634748704718666,0.2777777777777778,2359.137092018484,0.05,150,5,0.21875,1.9323565801506937,4.712203634277152,0.0
mtd_ai,200,0.0050634748704718666,0.28846153846153844,4171.804382947679,0.1,150,5,0.21875,1.9323565801506937,4.712203634277152,0.0
mtd_ai,200,0.0050634748704718666,0.3629032258064516,5015.3974178085555,0.15,150,5,0.21875,1.9323565801506937,4.712203634277152,0.0
mtd_ai,200,0.0050634748704718666,0.40540540540540543,5697.617937605004,0.2,150,5,0.21875,1.9323565801506937,4.712203634277152,0.0
mtd_ai,200,0.0050634748704718666,0.4411764705882353,6368.770232209146,0.25,150,5,0.21875,1.9323565801506937,4.712203634277152,0.0
mtd_ai,200,0.0050716296002719305,0.3125,2306.274121057547,0.05,150,5,0.17700000000000002,0.3458732294910181,0.712503558851078,0.0
mtd_ai,200,0.0050716296002719305,0.4166666666666667,3278.593911486012,0.1,150,5,0.17700000000000002,0.3458732294910181,0.712503558851078,0.0
mtd_ai,200,0.0050716296002719305,0.4787234042553192,4021.9648127082883,0.15,150,5,0.17700000000000002,0.3458732294910181,0.712503558851078,0.0
mtd_ai,200,0.0050716296002719305,0.45454545454545453,5828.0853217073945,0.2,150,5,0.17700000000000002,0.3458732294910181,0.712503558851078,0.0
mtd_ai,200,0.0050716296002719305,0.4934210526315789,6142.922369383607,0.25,150,5,0.17700000000000002,0.3458732294910181,0.712503558851078,0.0
mtd_ai,200,0.005071859948166894,0.2777777777777778,2861.038968217863,0.05,150,5,0.14,0.2796772521921431,1.1920719073481172,0.0
mtd_ai,200,0.005071859948166894,0.3333333333333333,4372.616496073688,0.1,150,5,0.14,0.2796772521921431,1.1920719073481172,0.0
mtd_ai,200,0.005071859948166894,0.3813559322033898,5574.716931847847,0.15,150,5,0.14,0.2796772521921431,1.1920719073481172,0.0
mtd_ai,200,0.005071859948166894,0.4411764705882353,5858.023156053882,0.2,150,5,0.14,0.2796772521921431,1.1920719073481172,0.0
mtd_ai,200,0.005071859948166894,0.4934210526315789,6201.987086554594,0.25,150,5,0.14,0.2796772521921431,1.1920719073481172,0.0
mtd_ai,200,0.005048873824226712,0.32608695652173914,2282.2552611871947,0.05,150,5,0.08777777777777777,0.17940736120340223,0.6360813949580267,0.0
mtd_ai,200,0.005048873824226712,0.35714285714285715,3639.106865894649,0.1,150,5,0.08777777777777777,0.17940736120340223,0.6360813949580267,0.0
mtd_ai,200,0.005048873824226712,0.4326923076923077,4257.561886480544,0.15,150,5,0.08777777777777777,0.17940736120340223,0.6360813949580267,0.0
mtd_ai,200,0.005048873824226712,0.46153846153846156,5299.453041998895,0.2,150,5,0.08777777777777777,0.17940736120340223,0.6360813949580267,0.0
mtd_ai,200,0.005048873824226712,0.5136986301369864,5543.858497889041,0.25,150,5,0.08777777777777777,0.17940736120340223,0.6360813949580267,0.0
mtd_ai,200,0.005050323438247841,0.39473684210526316,1721.2677841808438,0.05,150,5,0.09857142857142856,0.732419008727414,2.9147670036377153,0.0
mtd_ai,200,0.005050323438247841,0.4838709677419355,2644.6684070445235,0.1,150,5,0.09857142857142856,0.732419008727414,2.9147670036377153,0.0
mtd_ai,200,0.005050323438247841,0.5357142857142857,3343.3427728230863,0.15,150,5,0.09857142857142856,0.732419008727414,2.9147670036377153,0.0
mtd_ai,200,0.005050323438247841,0.5357142857142857,4312.874237765307,0.2,150,5,0.09857142857142856,0.732419008727414,2.9147670036377153,0.0
mtd_ai,200,0.005050323438247841,0.5434782608695652,5252.287131588899,0.25,150,5,0.09857142857142856,0.732419008727414,2.9147670036377153,0.0
mtd_ai,200,0.005065446149026932,0.2777777777777778,2800.52539861576,0.05,150,5,0.12166666666666667,2.58096034393718,5.9734613610237135,0.0
mtd_ai,200,0.005065446149026932,0.3409090909090909,4247.644476660029,0.1,150,5,0.12166666666666667,2.58096034393718,5.9734613610237135,0.0
mtd_ai,200,0.005065446149026932,0.3813559322033898,5126.889983358826,0.15,150,5,0.12166666666666667,2.58096034393718,5.9734613610237135,0.0
mtd_ai,200,0.005065446149026932,0.410958904109589,5793.11325338286,0.2,150,5,0.12166666666666667,2.58096034393718,5.9734613610237135,0.0
mtd_ai,200,0.005065446149026932,0.44642857142857145,6389.896344662669,0.25,150,5,0.12166666666666667,2.58096034393718,5.9734613610237135,0.0
mtd_ai,200,0.0050303873092027405,0.4166666666666667,2040.7922083108092,0.05,150,5,0.11777777777777779,0.5165655835295032,2.018439246246144,0.0
mtd_ai,200,0.0050303873092027405,0.3488372093023256,5261.368062388062,0.1,150,5,0.11777777777777779,0.5165655835295032,2.018439246246144,0.0
mtd_ai,200,0.0050303873092027405,0.42452830188679247,5800.755848445848,0.15,150,5,0.11777777777777779,0.5165655835295032,2.018439246246144,0.0
mtd_ai,200,0.0050303873092027405,0.46875,6643.3004838793,0.2,150,5,0.11777777777777779,0.5165655835295032,2.018439246246144,0.0
mtd_ai,200,0.0050303873092027405,0.4934210526315789,7250.4639556854445,0.25,150,5,0.11777777777777779,0.5165655835295032,2.018439246246144,0.0
mtd_ai,200,0.00507850372540211,0.3125,2915.183582219229,0.05,150,5,0.16666666666666666,1.0738730187215715,3.775674122607198,0.0
mtd_ai,200,0.00507850372540211,0.39473684210526316,4156.381269776599,0.1,150,5,0.16666666666666666,1.0738730187215715,3.775674122607198,0.0
mtd_ai,200,0.00507850372540211,0.46875,4590.511579501348,0.15,150,5,0.16666666666666666,1.0738730187215715,3.775674122607198,0.0
mtd_ai,200,0.00507850372540211,0.5172413793103449,4957.281436080253,0.2,150,5,0.16666666666666666,1.0738730187215715,3.775674122607198,0.0
mtd_ai,200,0.00507850372540211,0.5514705882352942,5278.7615110925635,0.25,150,5,0.16666666666666666,1.0738730187215715,3.775674122607198,0.0
mtd_ai,200,0.005040017566299829,0.2777777777777778,2891.8718668496913,0.05,150,5,0.14666666666666667,0.058446829873310124,0.2337266873005781,0.0
mtd_ai,200,0.005040017566299829,0.375,3728.8552618297367,0.1,150,5,0.14666666666666667,0.058446829873310124,0.2337266873005781,0.0
mtd_ai,200,0.005040017566299829,0.45,4433.631379898659,0.15,150,5,0.14666666666666667,0.058446829873310124,0.2337266873005781,0.0
mtd_ai,200,0.005040017566299829,0.46875,5593.803720727054,0.2,150,5,0.14666666666666667,0.058446829873310124,0.2337266873005781,0.0
mtd_ai,200,0.005040017566299829,0.5,6277.494121468531,0.25,150,5,0.14666666666666667,0.058446829873310124,0.2337266873005781,0.0
mtd_ai,200,0.005046474921191161,0.2777777777777778,3075.884635199193,0.05,150,5,0.1288888888888889,0.27425629603321,1.0325245186907643,5.875
mtd_ai,200,0.005046474921191161,0.3409090909090909,4428.081638397226,0.1,150,5,0.1288888888888889,0.27425629603321,1.0325245186907643,5.875
mtd_ai,200,0.005046474921191161,0.42452830188679247,4899.438960269516,0.15,150,5,0.1288888888888889,0.27425629603321,1.0325245186907643,5.875
mtd_ai,200,0.005046474921191161,0.44776119402985076,5735.88611150525,0.2,150,5,0.1288888888888889,0.27425629603321,1.0325245186907643,5.875
mtd_ai,200,0.005046474921191161,0.4934210526315789,6064.379912580642,0.25,150,5,0.1288888888888889,0.27425629603321,1.0325245186907643,5.875
mtd_ai,200,0.005049815894294457,0.39473684210526316,2021.3416049420077,0.05,150,5,0.11071428571428572,1.3683542487535572,2.067169301635904,6.318181818181818
mtd_ai,200,0.005049815894294457,0.4411764705882353,3329.2145021385577,0.1,150,5,0.11071428571428572,1.3683542487535572,2.067169301635904,6.318181818181818
mtd_ai,200,0.005049815894294457,0.4891304347826087,3828.39824779828,0.15,150,5,0.11071428571428572,1.3683542487535572,2.067169301635904,6.318181818181818
mtd_ai,200,0.005049815894294457,0.46875,4622.044993992726,0.2,150,5,0.11071428571428572,1.3683542487535572,2.067169301635904,6.318181818181818
mtd_ai,200,0.005049815894294457,0.4934210526315789,5208.036089521848,0.25,150,5,0.11071428571428572,1.3683542487535572,2.067169301635904,6.318181818181818
mtd_ai,200,0.00507405747157302,0.39473684210526316,1713.479034276673,0.05,150,5,0.13444444444444442,1.7919713387166176,1.8805121596572303,0.0
mtd_ai,200,0.00507405747157302,0.375,3706.326485697019,0.1,150,5,0.13444444444444442,1.7919713387166176,1.8805121596572303,0.0
mtd_ai,200,0.00507405747157302,0.45,4143.204529807277,0.15,150,5,0.13444444444444442,1.7919713387166176,1.8805121596572303,0.0
mtd_ai,200,0.00507405747157302,0.46153846153846156,5062.00255098591,0.2,150,5,0.13444444444444442,1.7919713387166176,1.8805121596572303,0.0
mtd_ai,200,0.00507405747157302,0.487012987012987,5676.7861295839775,0.25,150,5,0.13444444444444442,1.7919713387166176,1.8805121596572303,0.0
mtd_ai,200,0.005034809909152812,0.25862068965517243,2360.7724957711202,0.05,150,5,0.1865079365079365,0.15892764449279684,0.4145165460937847,-3.6
mtd_ai,200,0.005034809909152812,0.3125,4296.663059749088,0.1,150,5,0.1865079365079365,0.15892764449279684,0.4145165460937847,-3.6
mtd_ai,200,0.005034809909152812,0.375,5113.7795982593725,0.15,150,5,0.1865079365079365,0.15892764449279684,0.4145165460937847,-3.6
mtd_ai,200,0.005034809909152812,0.410958904109589,5840.743868181167,0.2,150,5,0.1865079365079365,0.15892764449279684,0.4145165460937847,-3.6
mtd_ai,200,0.005034809909152812,0.4166666666666667,6670.982209955131,0.25,150,5,0.1865079365079365,0.15892764449279684,0.4145165460937847,-3.6
mtd_ai,200,0.0050723256527172855,0.39473684210526316,1335.1263857173062,0.05,150,5,0.164,1.0485529290216586,3.661757060482094,0.0
mtd_ai,200,0.0050723256527172855,0.3409090909090909,3665.9841515820563,0.1,150,5,0.164,1.0485529290216586,3.661757060482094,0.0
mtd_ai,200,0.0050723256527172855,0.3879310344827586,4348.858626864772,0.15,150,5,0.164,1.0485529290216586,3.661757060482094,0.0
mtd_ai,200,0.0050723256527172855,0.410958904109589,5240.100659252963,0.2,150,5,0.164,1.0485529290216586,3.661757060482094,0.0
mtd_ai,200,0.0050723256527172855,0.44642857142857145,5721.433645144596,0.25,150,5,0.164,1.0485529290216586,3.661757060482094,0.0
mtd_ai,200,0.005072608171456887,0.39473684210526316,1791.6641775617954,0.05,150,5,0.1448888888888889,1.3386242464675104,4.370422487696218,0.0
mtd_ai,200,0.005072608171456887,0.45454545454545453,2992.491752072504,0.1,150,5,0.1448888888888889,1.3386242464675104,4.370422487696218,0.0
mtd_ai,200,0.005072608171456887,0.45918367346938777,3933.5519021813716,0.15,150,5,0.1448888888888889,1.3386242464675104,4.370422487696218,0.0
mtd_ai,200,0.005072608171456887,0.47619047619047616,4837.855415262439,0.2,150,5,0.1448888888888889,1.3386242464675104,4.370422487696218,0.0
mtd_ai,200,0.005072608171456887,0.4934210526315789,5747.41624897764,0.25,150,5,0.1448888888888889,1.3386242464675104,4.370422487696218,0.0
mtd_ai,200,0.0050417053241258265,0.26785714285714285,3067.7148734180905,0.05,150,5,0.12666666666666668,0.005944688586795074,0.02113201143728617,0.0
mtd_ai,200,0.0050417053241258265,0.36585365853658536,3892.684201379822,0.1,150,5,0.12666666666666668,0.005944688586795074,0.02113201143728617,0.0
mtd_ai,200,0.0050417053241258265,0.4166666666666667,4422.923348204462,0.15,150,5,0.12666666666666668,0.005944688586795074,0.02113201143728617,0.0
mtd_ai,200,0.0050417053241258265,0.39473684210526316,5695.3614154925945,0.2,150,5,0.12666666666666668,0.005944688586795074,0.02113201143728617,0.0
mtd_ai,200,0.0050417053241258265,0.4076086956521739,6363.589469067119,0.25,150,5,0.12666666666666668,0.005944688586795074,0.02113201143728617,0.0
mtd_ai,200,0.005053622956266796,0.3409090909090909,2400.324266707852,0.05,150,5,0.105,4.6474452525860785,7.200340102306283,0.0
mtd_ai,200,0.005053622956266796,0.4411764705882353,3321.710570101522,0.1,150,5,0.105,4.6474452525860785,7.200340102306283,0.0
mtd_ai,200,0.005053622956266796,0.5,4069.3835307739982,0.15,150,5,0.105,4.6474452525860785,7.200340102306283,0.0
mtd_ai,200,0.005053622956266796,0.5172413793103449,4807.878713450964,0.2,150,5,0.105,4.6474452525860785,7.200340102306283,0.0
mtd_ai,200,0.005053622956266796,0.5597014925373134,5295.680560680386,0.25,150,5,0.105,4.6474452525860785,7.200340102306283,0.0
mtd_ai,200,0.0050510229555166646,0.35714285714285715,1743.5076408740451,0.05,150,5,0.2,0.008921019803087255,0.03533028341718958,-5.6
mtd_ai,200,0.0050510229555166646,0.38461538461538464,3525.761994507749,0.1,150,5,0.2,0.008921019803087255,0.03533028341718958,-5.6
mtd_ai,200,0.0050510229555166646,0.45,4015.656746392102,0.15,150,5,0.2,0.008921019803087255,0.03533028341718958,-5.6
mtd_ai,200,0.0050510229555166646,0.47619047619047616,4513.1900602867045,0.2,150,5,0.2,0.008921019803087255,0.03533028341718958,-5.6
mtd_ai,200,0.0050510229555166646,0.4807692307692308,5291.08086653602,0.25,150,5,0.2,0.008921019803087255,0.03533028341718958,-5.6
mtd_ai,200,0.0050454356443983646,0.3125,2081.4675456357427,0.05,150,5,0.12666666666666668,1.2469839033484014,3.2218301653207266,0.0
mtd_ai,200,0.0050454356443983646,0.3125,4170.138662942416,0.1,150,5,0.12666666666666668,1.2469839033484014,3.2218301653207266,0.0
mtd_ai,200,0.0050454356443983646,0.3879310344827586,4840.532631804583,0.15,150,5,0.12666666666666668,1.2469839033484014,3.2218301653207266,0.0
mtd_ai,200,0.0050454356443983646,0.4225352112676056,5752.439333318411,0.2,150,5,0.12666666666666668,1.2469839033484014,3.2218301653207266,0.0
mtd_ai,200,0.0050454356443983646,0.46875,6203.258588489685,0.25,150,5,0.12666666666666668,1.2469839033484014,3.2218301653207266,0.0
mtd_ai,200,0.00505053582080924,0.3125,2273.9355292394584,0.05,150,5,0.089,0.5534714447613908,2.454323825813601,0.0
mtd_ai,200,0.00505053582080924,0.3333333333333333,4768.142957325483,0.1,150,5,0.089,0.5534714447613908,2.454323825813601,0.0
mtd_ai,200,0.00505053582080924,0.4017857142857143,5295.712718738918,0.15,150,5,0.089,0.5534714447613908,2.454323825813601,0.0
mtd_ai,200,0.00505053582080924,0.38461538461538464,7110.876240334133,0.2,150,5,0.089,0.5534714447613908,2.454323825813601,0.0
mtd_ai,200,0.00505053582080924,0.39473684210526316,8006.40700668506,0.25,150,5,0.089,0.5534714447613908,2.454323825813601,0.0
mtd_ai,200,0.00507758058482491,0.32608695652173914,1697.010394411236,0.05,150,5,0.11533333333333334,0.8384933366804628,3.3310845513654006,0.0
mtd_ai,200,0.00507758058482491,0.3125,4074.6140354466966,0.1,150,5,0.11533333333333334,0.8384933366804628,3.3310845513654006,0.0
mtd_ai,200,0.00507758058482491,0.39473684210526316,4492.112470893848,0.15,150,5,0.11533333333333334,0.8384933366804628,3.3310845513654006,0.0
mtd_ai,200,0.00507758058482491,0.4411764705882353,4921.572056190293,0.2,150,5,0.11533333333333334,0.8384933366804628,3.3310845513654006,0.0
mtd_ai,200,0.00507758058482491,0.487012987012987,5522.847370846957,0.25,150,5,0.11533333333333334,0.8384933366804628,3.3310845513654006,0.0
mtd_ai,200,0.0050518951807754725,0.39473684210526316,1692.2937994153256,0.05,150,5,0.0,0.1305670358999164,0.24566394300365502,0.0
mtd_ai,200,0.0050518951807754725,0.38461538461538464,3634.842710744182,0.1,150,5,0.0,0.1305670358999164,0.24566394300365502,0.0
mtd_ai,200,0.0050518951807754725,0.39473684210526316,4745.765289489603,0.15,150,5,0.0,0.1305670358999164,0.24566394300365502,0.0
mtd_ai,200,0.0050518951807754725,0.44776119402985076,5367.235959229529,0.2,150,5,0.0,0.1305670358999164,0.24566394300365502,0.0
mtd_ai,200,0.0050518951807754725,0.4934210526315789,5802.824803294197,0.25,150,5,0.0,0.1305670358999164,0.24566394300365502,0.0
mtd_ai,200,0.005070729612450605,0.28846153846153844,2361.4223039251715,0.05,150,5,0.129,0.015931340341443827,0.05684328394434146,0.0
mtd_ai,200,0.005070729612450605,0.3488372093023256,3568.312142142962,0.1,150,5,0.129,0.015931340341443827,0.05684328394434146,0.0
mtd_ai,200,0.005070729612450605,0.3813559322033898,4511.235325115935,0.15,150,5,0.129,0.015931340341443827,0.05684328394434146,0.0
mtd_ai,200,0.005070729612450605,0.4225352112676056,5212.011900999575,0.2,150,5,0.129,0.015931340341443827,0.05684328394434146,0.0
mtd_ai,200,0.005070729612450605,0.4411764705882353,6440.003577089887,0.25,150,5,0.129,0.015931340341443827,0.05684328394434146,0.0
mtd_ai,200,0.005065040575937315,0.4166666666666667,1730.203457000115,0.05,150,5,0.16666666666666666,0.36215892709193037,1.3358185959297175,0.0
mtd_ai,200,0.005065040575937315,0.4838709677419355,2409.9630088593512,0.1,150,5,0.16666666666666666,0.36215892709193037,1.3358185959297175,0.0
mtd_ai,200,0.005065040575937315,0.3879310344827586,5022.499225647545,0.15,150,5,0.16666666666666666,0.36215892709193037,1.3358185959297175,0.0
mtd_ai,200,0.005065040575937315,0.38961038961038963,6041.224390341553,0.2,150,5,0.16666666666666666,0.36215892709193037,1.3358185959297175,0.0
mtd_ai,200,0.005065040575937315,0.4166666666666667,6751.958328954898,0.25,150,5,0.16666666666666666,0.36215892709193037,1.3358185959297175,0.0
mtd_ai,200,0.005037282849759247,0.3125,2995.527181474922,0.05,150,5,0.10933333333333332,0.06542472473872901,0.25979979795929,0.0
mtd_ai,200,0.005037282849759247,0.375,4310.833528736138,0.1,150,5,0.10933333333333332,0.06542472473872901,0.25979979795929,0.0
mtd_ai,200,0.005037282849759247,0.45,4937.455780817299,0.15,150,5,0.10933333333333332,0.06542472473872901,0.25979979795929,0.0
mtd_ai,200,0.005037282849759247,0.45454545454545453,6093.511260584707,0.2,150,5,0.10933333333333332,0.06542472473872901,0.25979979795929,0.0
mtd_ai,200,0.005037282849759247,0.4934210526315789,6427.728560923224,0.25,150,5,0.10933333333333332,0.06542472473872901,0.25979979795929,0.0
mtd_ai,200,0.005051588088092363,0.39473684210526316,1815.8425399315406,0.05,150,5,0.15111111111111108,0.3034391695618461,0.9877471628464553,0.0
mtd_ai,200,0.005051588088092363,0.40540540540540543,3374.5515337796514,0.1,150,5,0.15111111111111108,0.3034391695618461,0.9877471628464553,0.0
mtd_ai,200,0.005051588088092363,0.42452830188679247,4770.498136203173,0.15,150,5,0.15111111111111108,0.3034391695618461,0.9877471628464553,0.0
mtd_ai,200,0.005051588088092363,0.40540540540540543,6052.3312181345855,0.2,150,5,0.15111111111111108,0.3034391695618461,0.9877471628464553,0.0
mtd_ai,200,0.005051588088092363,0.436046511627907,7075.046084249405,0.25,150,5,0.15111111111111108,0.3034391695618461,0.9877471628464553,0.0
mtd_ai,200,0.005068506032026034,0.5,1394.6283707440048,0.05,150,5,0.15714285714285714,1.407237445442213,4.41861409651189,0.0
mtd_ai,200,0.005068506032026034,0.36585365853658536,4099.11478791182,0.1,150,5,0.15714285714285714,1.407237445442213,4.41861409651189,0.0
mtd_ai,200,0.005068506032026034,0.42452830188679247,4612.266302185619,0.15,150,5,0.15714285714285714,1.407237445442213,4.41861409651189,0.0
mtd_ai,200,0.005068506032026034,0.46153846153846156,5229.379226335594,0.2,150,5,0.15714285714285714,1.407237445442213,4.41861409651189,0.0
mtd_ai,200,0.005068506032026034,0.4573170731707317,5928.833210035753,0.25,150,5,0.15714285714285714,1.407237445442213,4.41861409651189,0.0
mtd_ai,200,0.005030924800839758,0.22727272727272727,4384.982005257592,0.05,150,5,0.07333333333333333,1.3675885878759286,4.073466067588682,0.0
mtd_ai,200,0.005030924800839758,0.3125,5486.36415714963,0.1,150,5,0.07333333333333333,1.3675885878759286,4.073466067588682,0.0
mtd_ai,200,0.005030924800839758,0.3879310344827586,6032.176151235566,0.15,150,5,0.07333333333333333,1.3675885878759286,4.073466067588682,0.0
mtd_ai,200,0.005030924800839758,0.4225352112676056,6703.120310065087,0.2,150,5,0.07333333333333333,1.3675885878759286,4.073466067588682,0.0
mtd_ai,200,0.005030924800839758,0.45180722891566266,7403.490122703895,0.25,150,5,0.07333333333333333,1.3675885878759286,4.073466067588682,0.0
mtd_ai,200,0.005036517962468978,0.375,1708.546471044941,0.05,150,5,0.16033333333333333,2.213923281639187,3.4709766963761184,0.0
mtd_ai,200,0.005036517962468978,0.3333333333333333,3915.692687147502,0.1,150,5,0.16033333333333333,2.213923281639187,3.4709766963761184,0.0
mtd_ai,200,0.005036517962468978,0.4017857142857143,4479.347629062217,0.15,150,5,0.16033333333333333,2.213923281639187,3.4709766963761184,0.0
mtd_ai,200,0.005036517962468978,0.410958904109589,5757.806632455417,0.2,150,5,0.16033333333333333,2.213923281639187,3.4709766963761184,0.0
mtd_ai,200,0.005036517962468978,0.44642857142857145,6367.914738973219,0.25,150,5,0.16033333333333333,2.213923281639187,3.4709766963761184,0.0
mtd_ai,200,0.0050500176608897175,0.5357142857142857,1091.774423737807,0.05,150,5,0.15,2.5000231504176242,4.447453459466413,0.0
mtd_ai,200,0.0050500176608897175,0.5172413793103449,2133.972518467351,0.1,150,5,0.15,2.5000231504176242,4.447453459466413,0.0
mtd_ai,200,0.0050500176608897175,0.4787234042553192,3725.94423031958,0.15,150,5,0.15,2.5000231504176242,4.447453459466413,0.0
mtd_ai,200,0.0050500176608897175,0.5172413793103449,4306.866749946661,0.2,150,5,0.15,2.5000231504176242,4.447453459466413,0.0
mtd_ai,200,0.0050500176608897175,0.5434782608695652,5128.215515611153,0.25,150,5,0.15,2.5000231504176242,4.447453459466413,0.0
mtd_ai,200,0.005085247775587159,0.3409090909090909,2430.1522167261724,0.05,150,5,0.1,0.20829248163333508,0.3330556834426021,0.0
mtd_ai,200,0.005085247775587159,0.38461538461538464,3736.669240575957,0.1,150,5,0.1,0.20829248163333508,0.3330556834426021,0.0
mtd_ai,200,0.005085247775587159,0.45,4274.2585708777915,0.15,150,5,0.1,0.20829248163333508,0.3330556834426021,0.0
mtd_ai,200,0.005085247775587159,0.5,4736.583787155738,0.2,150,5,0.1,0.20829248163333508,0.3330556834426021,0.0
mtd_ai,200,0.005085247775587159,0.528169014084507,5075.567922076638,0.25,150,5,0.1,0.20829248163333508,0.3330556834426021,0.0
mtd_ai,200,0.005052268246893341,0.25,3327.6001121722625,0.05,150,5,0.16166666666666665,0.5745938545386285,2.51395833908919,0.0
mtd_ai,200,0.005052268246893341,0.35714285714285715,4036.471840620401,0.1,150,5,0.16166666666666665,0.5745938545386285,2.51395833908919,0.0
mtd_ai,200,0.005052268246893341,0.42452830188679247,4745.4960690234575,0.15,150,5,0.16166666666666665,0.5745938545386285,2.51395833908919,0.0
mtd_ai,200,0.005052268246893341,0.46153846153846156,5383.613006482051,0.2,150,5,0.16166666666666665,0.5745938545386285,2.51395833908919,0.0
mtd_ai,200,0.005052268246893341,0.5136986301369864,5708.969426060185,0.25,150,5,0.16166666666666665,0.5745938545386285,2.51395833908919,0.0
mtd_ai,200,0.005047755039649194,0.2777777777777778,2919.505205348462,0.05,150,5,0.14444444444444446,0.9092925784485569,2.635172807461379,0.0
mtd_ai,200,0.005047755039649194,0.36585365853658536,3790.0313583385914,0.1,150,5,0.14444444444444446,0.9092925784485569,2.635172807461379,0.0
mtd_ai,200,0.005047755039649194,0.4090909090909091,4791.468612482322,0.15,150,5,0.14444444444444446,0.9092925784485569,2.635172807461379,0.0
mtd_ai,200,0.005047755039649194,0.44776119402985076,5246.667681514193,0.2,150,5,0.14444444444444446,0.9092925784485569,2.635172807461379,0.0
mtd_ai,200,0.005047755039649194,0.4934210526315789,5757.819260323051,0.25,150,5,0.14444444444444446,0.9092925784485569,2.635172807461379,0.0
mtd_ai,200,0.005031223516047427,0.35714285714285715,2201.0437842997153,0.05,150,5,0.2857142857142857,0.7018564070583857,2.185309747014359,-0.17142857142857143
mtd_ai,200,0.005031223516047427,0.3191489361702128,4327.957902895354,0.1,150,5,0.2857142857142857,0.7018564070583857,2.185309747014359,-0.17142857142857143
mtd_ai,200,0.005031223516047427,0.3879310344827586,4897.463777905654,0.15,150,5,0.2857142857142857,0.7018564070583857,2.185309747014359,-0.17142857142857143
mtd_ai,200,0.005031223516047427,0.42857142857142855,5506.694832848509,0.2,150,5,0.2857142857142857,0.7018564070583857,2.185309747014359,-0.17142857142857143
mtd_ai,200,0.005031223516047427,0.43103448275862066,7174.843051237363,0.25,150,5,0.2857142857142857,0.7018564070583857,2.185309747014359,-0.17142857142857143
mtd_ai,200,0.00506601734360802,0.375,1762.0536753860565,0.05,150,5,0.09777777777777777,2.688466560079971,5.6835616571342085,0.0
mtd_ai,200,0.00506601734360802,0.39473684210526316,3318.089803676915,0.1,150,5,0.09777777777777777,2.688466560079971,5.6835616571342085,0.0
mtd_ai,200,0.00506601734360802,0.45918367346938777,4156.37092357297,0.15,150,5,0.09777777777777777,2.688466560079971,5.6835616571342085,0.0
mtd_ai,200,0.00506601734360802,0.42857142857142855,5187.051317710215,0.2,150,5,0.09777777777777777,2.688466560079971,5.6835616571342085,0.0
mtd_ai,200,0.00506601734360802,0.4573170731707317,5995.113964914179,0.25,150,5,0.09777777777777777,2.688466560079971,5.6835616571342085,0.0
mtd_ai,200,0.005037792296298625,0.46875,1203.9821970524602,0.05,150,5,0.4,2.7190133897854256,4.319689674591132,-4.0
mtd_ai,200,0.005037792296298625,0.42857142857142855,3084.4490952761175,0.1,150,5,0.4,2.7190133897854256,4.319689674591132,-4.0
mtd_ai,200,0.005037792296298625,0.45918367346938777,4128.801149245937,0.15,150,5,0.4,2.7190133897854256,4.319689674591132,-4.0
mtd_ai,200,0.005037792296298625,0.4166666666666667,5607.6243559097875,0.2,150,5,0.4,2.7190133897854256,4.319689674591132,-4.0
mtd_ai,200,0.005037792296298625,0.45180722891566266,6245.526222472755,0.25,150,5,0.4,2.7190133897854256,4.319689674591132,-4.0
mtd_ai,200,0.0050394498283491025,0.46875,1663.4788501235853,0.05,150,5,0.10888888888888891,1.8727699821477795,2.8506347121671642,0.0
mtd_ai,200,0.0050394498283491025,0.4166666666666667,3681.764157926198,0.1,150,5,0.10888888888888891,1.8727699821477795,2.8506347121671642,0.0
mtd_ai,200,0.0050394498283491025,0.46875,4482.075967717781,0.15,150,5,0.10888888888888891,1.8727699821477795,2.8506347121671642,0.0
mtd_ai,200,0.0050394498283491025,0.47619047619047616,5531.484941819675,0.2,150,5,0.10888888888888891,1.8727699821477795,2.8506347121671642,0.0
mtd_ai,200,0.0050394498283491025,0.46875,6494.185200555805,0.25,150,5,0.10888888888888891,1.8727699821477795,2.8506347121671642,0.0
mtd_ai,200,0.005076174114168207,0.35714285714285715,2212.2154859416214,0.05,150,5,0.11777777777777776,1.3203485604230416,3.098072330967077,0.0
mtd_ai,200,0.005076174114168207,0.4166666666666667,3698.1587994205775,0.1,150,5,0.11777777777777776,1.3203485604230416,3.098072330967077,0.0
mtd_ai,200,0.005076174114168207,0.4787234042553192,4411.034319627869,0.15,150,5,0.11777777777777776,1.3203485604230416,3.098072330967077,0.0
mtd_ai,200,0.005076174114168207,0.5357142857142857,4642.369220872432,0.2,150,5,0.11777777777777776,1.3203485604230416,3.098072330967077,0.0
mtd_ai,200,0.005076174114168207,0.5681818181818182,5193.600253237348,0.25,150,5,0.11777777777777776,1.3203485604230416,3.098072330967077,0.0
mtd_ai,200,0.005036592889545885,0.26785714285714285,3267.9552695068014,0.05,150,5,0.13599999999999998,0.8080463697663002,3.2133784807509844,0.0
mtd_ai,200,0.005036592889545885,0.3409090909090909,4196.133199004763,0.1,150,5,0.13599999999999998,0.8080463697663002,3.2133784807509844,0.0
mtd_ai,200,0.005036592889545885,0.3358208955223881,5316.424175036203,0.15,150,5,0.13599999999999998,0.8080463697663002,3.2133784807509844,0.0
mtd_ai,200,0.005036592889545885,0.32608695652173914,6359.665743561649,0.2,150,5,0.13599999999999998,0.8080463697663002,3.2133784807509844,0.0
mtd_ai,200,0.005036592889545885,0.35377358490566035,6802.492263998751,0.25,150,5,0.13599999999999998,0.8080463697663002,3.2133784807509844,0.0
mtd_ai,200,0.0050520790162064235,0.3125,2356.0310136758235,0.05,150,5,0.10166666666666667,0.6722297587581297,3.0204048758813244,0.0
mtd_ai,200,0.0050520790162064235,0.42857142857142855,2976.8478760690687,0.1,150,5,0.10166666666666667,0.6722297587581297,3.0204048758813244,0.0
mtd_ai,200,0.0050520790162064235,0.45918367346938777,3638.5911833952623,0.15,150,5,0.10166666666666667,0.6722297587581297,3.0204048758813244,0.0
mtd_ai,200,0.0050520790162064235,0.46153846153846156,4697.678458671198,0.2,150,5,0.10166666666666667,0.6722297587581297,3.0204048758813244,0.0
mtd_ai,200,0.0050520790162064235,0.4807692307692308,5310.347045264743,0.25,150,5,0.10166666666666667,0.6722297587581297,3.0204048758813244,0.0
mtd_ai,200,0.005045138626916318,0.24193548387096775,3056.3153961799826,0.05,150,5,0.10444444444444444,0.6537948276752078,1.574340372525157,0.0
mtd_ai,200,0.005045138626916318,0.3191489361702128,3697.952890943303,0.1,150,5,0.10444444444444444,0.6537948276752078,1.574340372525157,0.0
mtd_ai,200,0.005045138626916318,0.375,4455.07219296867,0.15,150,5,0.10444444444444444,0.6537948276752078,1.574340372525157,0.0
mtd_ai,200,0.005045138626916318,0.40540540540540543,5150.863619905829,0.2,150,5,0.10444444444444444,0.6537948276752078,1.574340372525157,0.0
mtd_ai,200,0.005045138626916318,0.4411764705882353,6023.026225590771,0.25,150,5,0.10444444444444444,0.6537948276752078,1.574340372525157,0.0
mtd_ai,200,0.005082558218848841,0.35714285714285715,1848.9135505479303,0.05,150,5,0.139,0.3918307823240808,1.0359366212260008,0.0
mtd_ai,200,0.005082558218848841,0.4166666666666667,2973.377545265958,0.1,150,5,0.139,0.3918307823240808,1.0359366212260008,0.0
mtd_ai,200,0.005082558218848841,0.4787234042553192,3677.6764979227614,0.15,150,5,0.139,0.3918307823240808,1.0359366212260008,0.0
mtd_ai,200,0.005082558218848841,0.4838709677419355,4716.965086195614,0.2,150,5,0.139,0.3918307823240808,1.0359366212260008,0.0
mtd_ai,200,0.005082558218848841,0.5136986301369864,5086.572288152056,0.25,150,5,0.139,0.3918307823240808,1.0359366212260008,0.0
mtd_ai,200,0.005078789472019364,0.39473684210526316,1258.6476284988855,0.05,150,5,0.12,0.37659805044007494,1.2780539134493256,0.0
mtd_ai,200,0.005078789472019364,0.4166666666666667,2422.272425885365,0.1,150,5,0.12,0.37659805044007494,1.2780539134493256,0.0
mtd_ai,200,0.005078789472019364,0.46875,3157.3048171649343,0.15,150,5,0.12,0.37659805044007494,1.2780539134493256,0.0
mtd_ai,200,0.005078789472019364,0.47619047619047616,4181.234847459439,0.2,150,5,0.12,0.37659805044007494,1.2780539134493256,0.0
mtd_ai,200,0.005078789472019364,0.4807692307692308,5318.294560291463,0.25,150,5,0.12,0.37659805044007494,1.2780539134493256,0.0
mtd_ai,200,0.005056603663943222,0.26785714285714285,2943.1505594717873,0.05,150,5,0.12888888888888891,0.5374137964153314,1.4660614130424792,0.0
mtd_ai,200,0.005056603663943222,0.3488372093023256,3749.6596455426343,0.1,150,5,0.12888888888888891,0.5374137964153314,1.4660614130424792,0.0
mtd_ai,200,0.005056603663943222,0.3879310344827586,4611.5802783200215,0.15,150,5,0.12888888888888891,0.5374137964153314,1.4660614130424792,0.0
mtd_ai,200,0.005056603663943222,0.4411764705882353,4950.070474054698,0.2,150,5,0.12888888888888891,0.5374137964153314,1.4660614130424792,0.0
mtd_ai,200,0.005056603663943222,0.46875,5334.21136492147,0.25,150,5,0.12888888888888891,0.5374137964153314,1.4660614130424792,0.0
mtd_ai,200,0.005079547869933456,0.39473684210526316,1677.5794402826928,0.05,150,5,0.16266666666666665,0.6289760359633833,2.45595473046598,0.0
mtd_ai,200,0.005079547869933456,0.5172413793103449,2307.3568758575902,0.1,150,5,0.16266666666666665,0.6289760359633833,2.45595473046598,0.0
mtd_ai,200,0.005079547869933456,0.5487804878048781,3273.708350779181,0.15,150,5,0.16266666666666665,0.6289760359633833,2.45595473046598,0.0
mtd_ai,200,0.005079547869933456,0.5172413793103449,4370.254272851755,0.2,150,5,0.16266666666666665,0.6289760359633833,2.45595473046598,0.0
mtd_ai,200,0.005079547869933456,0.5357142857142857,5152.539265203261,0.25,150,5,0.16266666666666665,0.6289760359633833,2.45595473046598,0.0
mtd_ai,200,0.005050800545729884,0.25862068965517243,2852.834298293332,0.05,150,5,0.14555555555555558,0.8788439195986703,3.182118863069569,0.0
mtd_ai,200,0.005050800545729884,0.25,4467.8144911464,0.1,150,5,0.14555555555555558,0.8788439195986703,3.182118863069569,0.0
mtd_ai,200,0.005050800545729884,0.27439024390243905,5763.041161524922,0.15,150,5,0.14555555555555558,0.8788439195986703,3.182118863069569,0.0
mtd_ai,200,0.005050800545729884,0.30927835051546393,6749.688556862778,0.2,150,5,0.14555555555555558,0.8788439195986703,3.182118863069569,0.0
mtd_ai,200,0.005050800545729884,0.32051282051282054,8366.901877532284,0.25,150,5,0.14555555555555558,0.8788439195986703,3.182118863069569,0.0
mtd_ai,200,0.005041192524430792,0.39473684210526316,1496.5229990187245,0.05,150,5,0.09055555555555556,0.1073448863670213,0.2815280652902984,0.0
mtd_ai,200,0.005041192524430792,0.40540540540540543,2988.1572037973287,0.1,150,5,0.09055555555555556,0.1073448863670213,0.2815280652902984,0.0
mtd_ai,200,0.005041192524430792,0.4166666666666667,4540.674056660792,0.15,150,5,0.09055555555555556,0.1073448863670213,0.2815280652902984,0.0
mtd_ai,200,0.005041192524430792,0.4225352112676056,5336.866657909356,0.2,150,5,0.09055555555555556,0.1073448863670213,0.2815280652902984,0.0
mtd_ai,200,0.005041192524430792,0.41208791208791207,6329.426179336032,0.25,150,5,0.09055555555555556,0.1073448863670213,0.2815280652902984,0.0
mtd_ai,200,0.005053135787236638,0.28846153846153844,2533.6680455704663,0.05,150,5,0.12944444444444445,0.3316549236780626,1.0862275387930946,0.0
mtd_ai,200,0.005053135787236638,0.3488372093023256,4136.34411445212,0.1,150,5,0.12944444444444445,0.3316549236780626,1.0862275387930946,0.0
mtd_ai,200,0.005053135787236638,0.4411764705882353,4504.525253518204,0.15,150,5,0.12944444444444445,0.3316549236780626,1.0862275387930946,0.0
mtd_ai,200,0.005053135787236638,0.47619047619047616,5047.181359425464,0.2,150,5,0.12944444444444445,0.3316549236780626,1.0862275387930946,0.0
mtd_ai,200,0.005053135787236638,0.5208333333333334,5438.701773565196,0.25,150,5,0.12944444444444445,0.3316549236780626,1.0862275387930946,0.0
mtd_ai,200,0.00507657048150249,0.4411764705882353,1885.2769030908557,0.05,150,5,0.12777777777777777,0.6465642455627448,2.8401572454221484,0.0
mtd_ai,200,0.00507657048150249,0.42857142857142855,3528.135316622294,0.1,150,5,0.12777777777777777,0.6465642455627448,2.8401572454221484,0.0
mtd_ai,200,0.00507657048150249,0.42452830188679247,5331.8196342915035,0.15,150,5,0.12777777777777777,0.6465642455627448,2.8401572454221484,0.0
mtd_ai,200,0.00507657048150249,0.4838709677419355,5738.049558053071,0.2,150,5,0.12777777777777777,0.6465642455627448,2.8401572454221484,0.0
mtd_ai,200,0.00507657048150249,0.5434782608695652,5980.701461428454,0.25,150,5,0.12777777777777777,0.6465642455627448,2.8401572454221484,0.0
mtd_ai,200,0.0050654522319544815,0.3409090909090909,2135.3052149171,0.05,150,5,0.13166666666666665,1.0263015792599959,2.922300430170914,0.0
mtd_ai,200,0.0050654522319544815,0.4166666666666667,3234.479525756923,0.1,150,5,0.13166666666666665,1.0263015792599959,2.922300430170914,0.0
mtd_ai,200,0.0050654522319544815,0.4411764705882353,4074.410616732397,0.15,150,5,0.13166666666666665,1.0263015792599959,2.922300430170914,0.0
mtd_ai,200,0.0050654522319544815,0.44776119402985076,4866.784625465176,0.2,150,5,0.13166666666666665,1.0263015792599959,2.922300430170914,0.0
mtd_ai,200,0.0050654522319544815,0.44642857142857145,5723.272933556183,0.25,150,5,0.13166666666666665,1.0263015792599959,2.922300430170914,0.0
mtd_ai,200,0.005069181352542797,0.4411764705882353,1531.8781933092696,0.05,150,5,0.12333333333333334,0.7768390707578186,3.2653871543210173,0.0
mtd_ai,200,0.005069181352542797,0.32608695652173914,4692.097391470611,0.1,150,5,0.12333333333333334,0.7768390707578186,3.2653871543210173,0.0
mtd_ai,200,0.005069181352542797,0.4090909090909091,5071.103831485302,0.15,150,5,0.12333333333333334,0.7768390707578186,3.2653871543210173,0.0
mtd_ai,200,0.005069181352542797,0.44776119402985076,5627.509926615846,0.2,150,5,0.12333333333333334,0.7768390707578186,3.2653871543210173,0.0
mtd_ai,200,0.005069181352542797,0.4807692307692308,6007.791094967275,0.25,150,5,0.12333333333333334,0.7768390707578186,3.2653871543210173,0.0
mtd_ai,200,0.0050485037768999525,0.22058823529411764,3176.292590956801,0.05,150,5,0.13,0.9114427555558872,2.939134229655713,0.0
mtd_ai,200,0.0050485037768999525,0.3125,4185.301803036773,0.1,150,5,0.13,0.9114427555558872,2.939134229655713,0.0
mtd_ai,200,0.0050485037768999525,0.25280898876404495,5834.3036599642855,0.15,150,5,0.13,0.9114427555558872,2.939134229655713,0.0
mtd_ai,200,0.0050485037768999525,0.2857142857142857,6701.732941801556,0.2,150,5,0.13,0.9114427555558872,2.939134229655713,0.0
mtd_ai,200,0.0050485037768999525,0.3073770491803279,8404.68425870519,0.25,150,5,0.13,0.9114427555558872,2.939134229655713,0.0
mtd_ai,200,0.005073029647567626,0.28846153846153844,2650.771041350744,0.05,150,5,0.14666666666666667,0.12081280310145083,0.4244003077047107,0.0
mtd_ai,200,0.005073029647567626,0.40540540540540543,3103.548625528465,0.1,150,5,0.14666666666666667,0.12081280310145083,0.4244003077047107,0.0
mtd_ai,200,0.005073029647567626,0.45918367346938777,4276.893471037331,0.15,150,5,0.14666666666666667,0.12081280310145083,0.4244003077047107,0.0
mtd_ai,200,0.005073029647567626,0.46875,5754.123574828249,0.2,150,5,0.14666666666666667,0.12081280310145083,0.4244003077047107,0.0
mtd_ai,200,0.005073029647567626,0.5,6141.8114448750075,0.25,150,5,0.14666666666666667,0.12081280310145083,0.4244003077047107,0.0
mtd_ai,200,0.005077298771444441,0.32608695652173914,1969.6989940772883,0.05,150,5,0.2777777777777778,0.13687227554358206,0.5598557522947575,0.0
mtd_ai,200,0.005077298771444441,0.3409090909090909,3403.9525866855756,0.1,150,5,0.2777777777777778,0.13687227554358206,0.5598557522947575,0.0
mtd_ai,200,0.005077298771444441,0.4090909090909091,4137.345675584436,0.15,150,5,0.2777777777777778,0.13687227554358206,0.5598557522947575,0.0
mtd_ai,200,0.005077298771444441,0.46153846153846156,4631.816527440717,0.2,150,5,0.2777777777777778,0.13687227554358206,0.5598557522947575,0.0
mtd_ai,200,0.005077298771444441,0.4934210526315789,5183.53210859396,0.25,150,5,0.2777777777777778,0.13687227554358206,0.5598557522947575,0.0
mtd_ai,200,0.005034595334718971,0.39473684210526316,2023.4152746291543,0.05,150,5,0.12,0.6577382168316074,2.8808302552025817,0.0
mtd_ai,200,0.005034595334718971,0.46875,2846.043642508781,0.1,150,5,0.12,0.6577382168316074,2.8808302552025817,0.0
mtd_ai,200,0.005034595334718971,0.4326923076923077,4409.171353435638,0.15,150,5,0.12,0.6577382168316074,2.8808302552025817,0.0
mtd_ai,200,0.005034595334718971,0.410958904109589,5909.519564577873,0.2,150,5,0.12,0.6577382168316074,2.8808302552025817,0.0
mtd_ai,200,0.005034595334718971,0.45180722891566266,6342.660469850913,0.25,150,5,0.12,0.6577382168316074,2.8808302552025817,0.0
mtd_ai,200,0.005041526388046378,0.375,1612.5806498266052,0.05,150,5,0.13777777777777778,1.1836490676625233,3.772734583320512,0.0
mtd_ai,200,0.005041526388046378,0.39473684210526316,3604.4523521766105,0.1,150,5,0.13777777777777778,1.1836490676625233,3.772734583320512,0.0
mtd_ai,200,0.005041526388046378,0.42452830188679247,4475.372200120828,0.15,150,5,0.13777777777777778,1.1836490676625233,3.772734583320512,0.0
mtd_ai,200,0.005041526388046378,0.45454545454545453,5143.0981814810875,0.2,150,5,0.13777777777777778,1.1836490676625233,3.772734583320512,0.0
mtd_ai,200,0.005041526388046378,0.46875,5657.695154474346,0.25,150,5,0.13777777777777778,1.1836490676625233,3.772734583320512,0.0
mtd_ai,200,0.005077007537309855,0.39473684210526316,1815.340611837648,0.05,150,5,0.11333333333333333,0.6643813082071252,2.203384477196695,0.0
mtd_ai,200,0.005077007537309855,0.39473684210526316,3116.72117500518,0.1,150,5,0.11333333333333333,0.6643813082071252,2.203384477196695,0.0
mtd_ai,200,0.005077007537309855,0.4326923076923077,4428.4671314277475,0.15,150,5,0.11333333333333333,0.6643813082071252,2.203384477196695,0.0
mtd_ai,200,0.005077007537309855,0.46875,4923.7591807868375,0.2,150,5,0.11333333333333333,0.6643813082071252,2.203384477196695,0.0
mtd_ai,200,0.005077007537309855,0.5,5724.714671953866,0.25,150,5,0.11333333333333333,0.6643813082071252,2.203384477196695,0.0
mtd_ai,200,0.005038912747424546,0.28846153846153844,2960.6421909709607,0.05,150,5,0.13611111111111113,0.573267818425051,2.038971037263881,0.0
mtd_ai,200,0.005038912747424546,0.36585365853658536,4005.8083235869026,0.1,150,5,0.13611111111111113,0.573267818425051,2.038971037263881,0.0
mtd_ai,200,0.005038912747424546,0.4090909090909091,5089.107835401075,0.15,150,5,0.13611111111111113,0.573267818425051,2.038971037263881,0.0
mtd_ai,200,0.005038912747424546,0.4411764705882353,5842.242448679573,0.2,150,5,0.13611111111111113,0.573267818425051,2.038971037263881,0.0
mtd_ai,200,0.005038912747424546,0.45180722891566266,6809.8933995297175,0.25,150,5,0.13611111111111113,0.573267818425051,2.038971037263881,0.0
mtd_ai,200,0.0050589480953542355,0.4166666666666667,1919.9817214376167,0.05,150,5,0.2777777777777778,0.029416333104926598,0.11595312175898641,0.0
mtd_ai,200,0.0050589480953542355,0.3488372093023256,4154.494909285642,0.1,150,5,0.2777777777777778,0.029416333104926598,0.11595312175898641,0.0
mtd_ai,200,0.0050589480953542355,0.4090909090909091,4873.1347781026325,0.15,150,5,0.2777777777777778,0.029416333104926598,0.11595312175898641,0.0
mtd_ai,200,0.0050589480953542355,0.40540540540540543,5822.907323521196,0.2,150,5,0.2777777777777778,0.029416333104926598,0.11595312175898641,0.0
mtd_ai,200,0.0050589480953542355,0.43103448275862066,6517.013013591561,0.25,150,5,0.2777777777777778,0.029416333104926598,0.11595312175898641,0.0
mtd_ai,200,0.005056556404484976,0.2777777777777778,2672.9633018671984,0.05,150,5,0.18333333333333332,0.6452906937340231,2.6028520099558854,0.0
mtd_ai,200,0.005056556404484976,0.3191489361702128,3966.7158390552904,0.1,150,5,0.18333333333333332,0.6452906937340231,2.6028520099558854,0.0
mtd_ai,200,0.005056556404484976,0.3629032258064516,5156.36034135503,0.15,150,5,0.18333333333333332,0.6452906937340231,2.6028520099558854,0.0
mtd_ai,200,0.005056556404484976,0.38461538461538464,6483.244379859808,0.2,150,5,0.18333333333333332,0.6452906937340231,2.6028520099558854,0.0
mtd_ai,200,0.005056556404484976,0.4166666666666667,6962.977561533795,0.25,150,5,0.18333333333333332,0.6452906937340231,2.6028520099558854,0.0
mtd_ai,200,0.0050431981135352424,0.24193548387096775,2139.36355248047,0.05,150,5,0.17222222222222225,0.6547711863550699,2.797421322728824,0.0
mtd_ai,200,0.0050431981135352424,0.3488372093023256,3027.993877344623,0.1,150,5,0.17222222222222225,0.6547711863550699,2.797421322728824,0.0
mtd_ai,200,0.0050431981135352424,0.39473684210526316,4045.3366154707305,0.15,150,5,0.17222222222222225,0.6547711863550699,2.797421322728824,0.0
mtd_ai,200,0.0050431981135352424,0.36585365853658536,5424.815643143345,0.2,150,5,0.17222222222222225,0.6547711863550699,2.797421322728824,0.0
mtd_ai,200,0.0050431981135352424,0.35046728971962615,7050.684060998899,0.25,150,5,0.17222222222222225,0.6547711863550699,2.797421322728824,0.0
mtd_ai,200,0.005075202791871093,0.234375,2422.4073191273847,0.05,150,5,0.1577777777777778,1.6834345740775576,5.054785787886904,0.0
mtd_ai,200,0.005075202791871093,0.3333333333333333,3333.820608528572,0.1,150,5,0.1577777777777778,1.6834345740775576,5.054785787886904,0.0
mtd_ai,200,0.005075202791871093,0.4017857142857143,3927.4063916469568,0.15,150,5,0.1577777777777778,1.6834345740775576,5.054785787886904,0.0
mtd_ai,200,0.005075202791871093,0.4,4991.543060624455,0.2,150,5,0.1577777777777778,1.6834345740775576,5.054785787886904,0.0
mtd_ai,200,0.005075202791871093,0.436046511627907,5410.694374035208,0.25,150,5,0.1577777777777778,1.6834345740775576,5.054785787886904,0.0
mtd_ai,200,0.005072316455471139,0.24193548387096775,3215.959167740203,0.05,150,5,0.2,1.5655555298066806,4.150378491152043,0.0
mtd_ai,200,0.005072316455471139,0.3409090909090909,4023.1485656677664,0.1,150,5,0.2,1.5655555298066806,4.150378491152043,0.0
mtd_ai,200,0.005072316455471139,0.4166666666666667,4389.596271006589,0.15,150,5,0.2,1.5655555298066806,4.150378491152043,0.0
mtd_ai,200,0.005072316455471139,0.46153846153846156,4759.822026745365,0.2,150,5,0.2,1.5655555298066806,4.150378491152043,0.0
mtd_ai,200,0.005072316455471139,0.487012987012987,5597.585696510848,0.25,150,5,0.2,1.5655555298066806,4.150378491152043,0.0
mtd_ai,200,0.005057108453678956,0.3,2688.221681544447,0.05,150,5,0.14466666666666667,0.272924934632003,0.8479284737868107,0.0
mtd_ai,200,0.005057108453678956,0.32608695652173914,4250.822352372825,0.1,150,5,0.14466666666666667,0.272924934632003,0.8479284737868107,0.0
mtd_ai,200,0.005057108453678956,0.3813559322033898,5106.348889903695,0.15,150,5,0.14466666666666667,0.272924934632003,0.8479284737868107,0.0
mtd_ai,200,0.005057108453678956,0.4,6080.6200487688075,0.2,150,5,0.14466666666666667,0.272924934632003,0.8479284737868107,0.0
mtd_ai,200,0.005057108453678956,0.4166666666666667,6701.863742958076,0.25,150,5,0.14466666666666667,0.272924934632003,0.8479284737868107,0.0
mtd_ai,200,0.005069775002253063,0.26785714285714285,2893.1080761717153,0.05,150,5,0.15466666666666665,2.044122910243603,4.866706889340337,0.0
mtd_ai,200,0.005069775002253063,0.3409090909090909,3955.8813150252595,0.1,150,5,0.15466666666666665,2.044122910243603,4.866706889340337,0.0
mtd_ai,200,0.005069775002253063,0.3813559322033898,5011.800500920041,0.15,150,5,0.15466666666666665,2.044122910243603,4.866706889340337,0.0
mtd_ai,200,0.005069775002253063,0.39473684210526316,5803.321852234691,0.2,150,5,0.15466666666666665,2.044122910243603,4.866706889340337,0.0
mtd_ai,200,0.005069775002253063,0.45180722891566266,5985.789951006142,0.25,150,5,0.15466666666666665,2.044122910243603,4.866706889340337,0.0
mtd_ai,200,0.005068032455486994,0.32608695652173914,1976.4116240578883,0.05,150,5,0.1934920634920635,0.6148652574777232,1.1440675853668172,0.0
mtd_ai,200,0.005068032455486994,0.40540540540540543,2690.608594761923,0.1,150,5,0.1934920634920635,0.6148652574777232,1.1440675853668172,0.0
mtd_ai,200,0.005068032455486994,0.4326923076923077,4043.9690316818915,0.15,150,5,0.1934920634920635,0.6148652574777232,1.1440675853668172,0.0
mtd_ai,200,0.005068032455486994,0.4838709677419355,4428.150269281344,0.2,150,5,0.1934920634920635,0.6148652574777232,1.1440675853668172,0.0
mtd_ai,200,0.005068032455486994,0.47468354430379744,6039.607731517553,0.25,150,5,0.1934920634920635,0.6148652574777232,1.1440675853668172,0.0
mtd_ai,200,0.005073711064045353,0.39473684210526316,2276.7342646927964,0.05,150,5,0.1366666666666667,1.311461105453094,2.395282334344351,0.0
mtd_ai,200,0.005073711064045353,0.39473684210526316,3841.754968988025,0.1,150,5,0.1366666666666667,1.311461105453094,2.395282334344351,0.0
mtd_ai,200,0.005073711064045353,0.42452830188679247,4940.062185245788,0.15,150,5,0.1366666666666667,1.311461105453094,2.395282334344351,0.0
mtd_ai,200,0.005073711064045353,0.46875,5388.290397130206,0.2,150,5,0.1366666666666667,1.311461105453094,2.395282334344351,0.0
mtd_ai,200,0.005073711064045353,0.5136986301369864,5659.387889938088,0.25,150,5,0.1366666666666667,1.311461105453094,2.395282334344351,0.0
mtd_ai,200,0.005038076114230179,0.22058823529411764,4653.8444155104635,0.05,150,5,0.175,0.6971620217820695,3.062419208219537,-3.4210526315789473
mtd_ai,200,0.005038076114230179,0.2777777777777778,5656.793737581681,0.1,150,5,0.175,0.6971620217820695,3.062419208219537,-3.4210526315789473
mtd_ai,200,0.005038076114230179,0.3409090909090909,6299.296675197937,0.15,150,5,0.175,0.6971620217820695,3.062419208219537,-3.4210526315789473
mtd_ai,200,0.005038076114230179,0.39473684210526316,6549.5493314520245,0.2,150,5,0.175,0.6971620217820695,3.062419208219537,-3.4210526315789473
mtd_ai,200,0.005038076114230179,0.436046511627907,6930.4985292053225,0.25,150,5,0.175,0.6971620217820695,3.062419208219537,-3.4210526315789473
mtd_ai,200,0.005080513403487569,0.26785714285714285,2311.969606290821,0.05,150,5,0.1,0.4475898760049404,1.530144512726909,0.0
mtd_ai,200,0.005080513403487569,0.32608695652173914,3703.8984087254307,0.1,150,5,0.1,0.4475898760049404,1.530144512726909,0.0
mtd_ai,200,0.005080513403487569,0.3879310344827586,4575.848349193564,0.15,150,5,0.1,0.4475898760049404,1.530144512726909,0.0
mtd_ai,200,0.005080513403487569,0.42857142857142855,4937.370729033815,0.2,150,5,0.1,0.4475898760049404,1.530144512726909,0.0
mtd_ai,200,0.005080513403487569,0.46875,5475.770432836853,0.25,150,5,0.1,0.4475898760049404,1.530144512726909,0.0
mtd_ai,200,0.005033681129118549,0.3409090909090909,2037.892379359427,0.05,150,5,0.14333333333333334,0.39593177508463734,1.74933142396552,0.0
mtd_ai,200,0.005033681129118549,0.36585365853658536,2976.647162919211,0.1,150,5,0.14333333333333334,0.39593177508463734,1.74933142396552,0.0
mtd_ai,200,0.005033681129118549,0.4411764705882353,3549.244094401477,0.15,150,5,0.14333333333333334,0.39593177508463734,1.74933142396552,0.0
mtd_ai,200,0.005033681129118549,0.4166666666666667,4919.872868626864,0.2,150,5,0.14333333333333334,0.39593177508463734,1.74933142396552,0.0
mtd_ai,200,0.005033681129118549,0.3,7490.930465290601,0.25,150,5,0.14333333333333334,0.39593177508463734,1.74933142396552,0.0
mtd_ai,200,0.005073775090421327,0.24193548387096775,2803.9899656830376,0.05,150,5,0.19,0.84014664698859,3.1957997571636683,0.0
mtd_ai,200,0.005073775090421327,0.3191489361702128,3840.476393847325,0.1,150,5,0.19,0.84014664698859,3.1957997571636683,0.0
mtd_ai,200,0.005073775090421327,0.3879310344827586,4600.2875325951345,0.15,150,5,0.19,0.84014664698859,3.1957997571636683,0.0
mtd_ai,200,0.005073775090421327,0.43478260869565216,5144.909312400174,0.2,150,5,0.19,0.84014664698859,3.1957997571636683,0.0
mtd_ai,200,0.005073775090421327,0.47468354430379744,5711.889233062738,0.25,150,5,0.19,0.84014664698859,3.1957997571636683,0.0
mtd_ai,200,0.0050600757709665664,0.3,2509.764657458013,0.05,150,5,0.0,1.2731645288844649,2.757732627638849,0.0
mtd_ai,200,0.0050600757709665664,0.38461538461538464,4104.157202253339,0.1,150,5,0.0,1.2731645288844649,2.757732627638849,0.0
mtd_ai,200,0.0050600757709665664,0.45,4691.111724992779,0.15,150,5,0.0,1.2731645288844649,2.757732627638849,0.0
mtd_ai,200,0.0050600757709665664,0.46153846153846156,5955.521539972638,0.2,150,5,0.0,1.2731645288844649,2.757732627638849,0.0
mtd_ai,200,0.0050600757709665664,0.487012987012987,6490.716375775568,0.25,150,5,0.0,1.2731645288844649,2.757732627638849,0.0
mtd_ai,200,0.0050437478527249014,0.3409090909090909,2454.6986898572013,0.05,150,5,0.09333333333333334,0.8642935145165482,2.813124745613731,0.0
mtd_ai,200,0.0050437478527249014,0.4411764705882353,3285.179423625266,0.1,150,5,0.09333333333333334,0.8642935145165482,2.813124745613731,0.0
mtd_ai,200,0.0050437478527249014,0.5,3971.401335802118,0.15,150,5,0.09333333333333334,0.8642935145165482,2.813124745613731,0.0
mtd_ai,200,0.0050437478527249014,0.5172413793103449,4689.817839646059,0.2,150,5,0.09333333333333334,0.8642935145165482,2.813124745613731,0.0
mtd_ai,200,0.0050437478527249014,0.528169014084507,5478.3058327508825,0.25,150,5,0.09333333333333334,0.8642935145165482,2.813124745613731,0.0
mtd_ai,200,0.005082325773763528,0.4166666666666667,1797.3777120656537,0.05,150,5,0.11444444444444443,0.9928675930946719,3.04368515973597,0.0
mtd_ai,200,0.005082325773763528,0.42857142857142855,3109.0430043841766,0.1,150,5,0.11444444444444443,0.9928675930946719,3.04368515973597,0.0
mtd_ai,200,0.005082325773763528,0.46875,4082.6672324206365,0.15,150,5,0.11444444444444443,0.9928675930946719,3.04368515973597,0.0
mtd_ai,200,0.005082325773763528,0.4918032786885246,4921.716700988725,0.2,150,5,0.11444444444444443,0.9928675930946719,3.04368515973597,0.0
mtd_ai,200,0.005082325773763528,0.5357142857142857,5529.293941453639,0.25,150,5,0.11444444444444443,0.9928675930946719,3.04368515973597,0.0
mtd_ai,200,0.005035698971208151,0.3,2506.010498385374,0.05,150,5,0.14547619047619048,1.6740770331985517,2.649142544030581,0.0
mtd_ai,200,0.005035698971208151,0.3409090909090909,4043.930158053355,0.1,150,5,0.14547619047619048,1.6740770331985517,2.649142544030581,0.0
mtd_ai,200,0.005035698971208151,0.4017857142857143,4903.9639476209195,0.15,150,5,0.14547619047619048,1.6740770331985517,2.649142544030581,0.0
mtd_ai,200,0.005035698971208151,0.4225352112676056,5909.991107272992,0.2,150,5,0.14547619047619048,1.6740770331985517,2.649142544030581,0.0
mtd_ai,200,0.005035698971208151,0.45180722891566266,6901.735337895246,0.25,150,5,0.14547619047619048,1.6740770331985517,2.649142544030581,0.0
mtd_ai,200,0.005072867339378802,0.2777777777777778,2571.6147040695096,0.05,150,5,0.14666666666666667,0.040805767343136755,0.1697403478166509,0.0
mtd_ai,200,0.005072867339378802,0.375,3387.896370795867,0.1,150,5,0.14666666666666667,0.040805767343136755,0.1697403478166509,0.0
mtd_ai,200,0.005072867339378802,0.42452830188679247,4328.901587655482,0.15,150,5,0.14666666666666667,0.040805767343136755,0.1697403478166509,0.0
mtd_ai,200,0.005072867339378802,0.46875,4922.373255216973,0.2,150,5,0.14666666666666667,0.040805767343136755,0.1697403478166509,0.0
mtd_ai,200,0.005072867339378802,0.4934210526315789,5630.838896052957,0.25,150,5,0.14666666666666667,0.040805767343136755,0.1697403478166509,0.0
mtd_ai,200,0.005062325995694872,0.32608695652173914,2682.8106613515924,0.05,150,5,0.09555555555555556,0.0051207812055891885,0.021595022803784565,0.0
mtd_ai,200,0.005062325995694872,0.3409090909090909,4958.473110964454,0.1,150,5,0.09555555555555556,0.0051207812055891885,0.021595022803784565,0.0
mtd_ai,200,0.005062325995694872,0.4017857142857143,5885.250292786921,0.15,150,5,0.09555555555555556,0.0051207812055891885,0.021595022803784565,0.0
mtd_ai,200,0.005062325995694872,0.43478260869565216,6432.939695199275,0.2,150,5,0.09555555555555556,0.0051207812055891885,0.021595022803784565,0.0
mtd_ai,200,0.005062325995694872,0.4807692307692308,6831.512488352717,0.25,150,5,0.09555555555555556,0.0051207812055891885,0.021595022803784565,0.0
mtd_ai,200,0.005062745128692133,0.1744186046511628,4831.092581316005,0.05,150,5,0.1111111111111111,0.3482608731439088,1.1927400704472224,0.0
mtd_ai,200,0.005062745128692133,0.25862068965517243,5442.166429347807,0.1,150,5,0.1111111111111111,0.3482608731439088,1.1927400704472224,0.0
mtd_ai,200,0.005062745128692133,0.33088235294117646,5859.157417729588,0.15,150,5,0.1111111111111111,0.3482608731439088,1.1927400704472224,0.0
mtd_ai,200,0.005062745128692133,0.38461538461538464,6103.884546979283,0.2,150,5,0.1111111111111111,0.3482608731439088,1.1927400704472224,0.0
mtd_ai,200,0.005062745128692133,0.42613636363636365,6520.2195183563945,0.25,150,5,0.1111111111111111,0.3482608731439088,1.1927400704472224,0.0
mtd_ai,200,0.0050420995190748686,0.2777777777777778,2549.1277694517585,0.05,150,5,0.13777777777777775,0.7005964484130082,2.2716179773545897,0.0
mtd_ai,200,0.0050420995190748686,0.3333333333333333,4245.275698498669,0.1,150,5,0.13777777777777775,0.7005964484130082,2.2716179773545897,0.0
mtd_ai,200,0.0050420995190748686,0.39473684210526316,5006.01548662614,0.15,150,5,0.13777777777777775,0.7005964484130082,2.2716179773545897,0.0
mtd_ai,200,0.0050420995190748686,0.4411764705882353,5499.101486370244,0.2,150,5,0.13777777777777775,0.7005964484130082,2.2716179773545897,0.0
mtd_ai,200,0.0050420995190748686,0.4807692307692308,5821.401991084138,0.25,150,5,0.13777777777777775,0.7005964484130082,2.2716179773545897,0.0
mtd_ai,200,0.005026887362452464,0.35714285714285715,2662.621410330704,0.05,150,5,0.14944444444444446,1.243047320430863,4.711001358414144,3.5555555555555554
mtd_ai,200,0.005026887362452464,0.4166666666666667,3928.220161217491,0.1,150,5,0.14944444444444446,1.243047320430863,4.711001358414144,3.5555555555555554
mtd_ai,200,0.005026887362452464,0.39473684210526316,6077.503567961481,0.15,150,5,0.14944444444444446,1.243047320430863,4.711001358414144,3.5555555555555554
mtd_ai,200,0.005026887362452464,0.40540540540540543,7021.214832883046,0.2,150,5,0.14944444444444446,1.243047320430863,4.711001358414144,3.5555555555555554
mtd_ai,200,0.005026887362452464,0.44642857142857145,7551.508373179113,0.25,150,5,0.14944444444444446,1.243047320430863,4.711001358414144,3.5555555555555554
mtd_ai,200,0.005061789787730173,0.375,1526.5841026141347,0.05,150,5,0.17455555555555555,0.32879349342578895,1.299419080244983,0.0
mtd_ai,200,0.005061789787730173,0.4838709677419355,2275.341256136396,0.1,150,5,0.17455555555555555,0.32879349342578895,1.299419080244983,0.0
mtd_ai,200,0.005061789787730173,0.4787234042553192,3153.8404672527095,0.15,150,5,0.17455555555555555,0.32879349342578895,1.299419080244983,0.0
mtd_ai,200,0.005061789787730173,0.5,3979.030501382161,0.2,150,5,0.17455555555555555,0.32879349342578895,1.299419080244983,0.0
mtd_ai,200,0.005061789787730173,0.5136986301369864,4866.482240542857,0.25,150,5,0.17455555555555555,0.32879349342578895,1.299419080244983,0.0
mtd_ai,200,0.0050613826842253375,0.25862068965517243,2832.338094079654,0.05,150,5,0.12066666666666667,0.5818203572666791,2.5366362699152445,0.0
mtd_ai,200,0.0050613826842253375,0.35714285714285715,3785.0061290493213,0.1,150,5,0.12066666666666667,0.5818203572666791,2.5366362699152445,0.0
mtd_ai,200,0.0050613826842253375,0.375,5260.571315001278,0.15,150,5,0.12066666666666667,0.5818203572666791,2.5366362699152445,0.0
mtd_ai,200,0.0050613826842253375,0.4225352112676056,5859.98809742305,0.2,150,5,0.12066666666666667,0.5818203572666791,2.5366362699152445,0.0
mtd_ai,200,0.0050613826842253375,0.47468354430379744,6366.703528908541,0.25,150,5,0.12066666666666667,0.5818203572666791,2.5366362699152445,0.0
mtd_ai,200,0.005061495715024415,0.4166666666666667,1849.2583936463016,0.05,150,5,0.13777777777777778,1.110518984147695,2.116089143190578,0.0
mtd_ai,200,0.005061495715024415,0.38461538461538464,4101.096425703348,0.1,150,5,0.13777777777777778,1.110518984147695,2.116089143190578,0.0
mtd_ai,200,0.005061495715024415,0.36885245901639346,5223.753942069774,0.15,150,5,0.13777777777777778,1.110518984147695,2.116089143190578,0.0
mtd_ai,200,0.005061495715024415,0.38461538461538464,5920.819985634513,0.2,150,5,0.13777777777777778,1.110518984147695,2.116089143190578,0.0
mtd_ai,200,0.005061495715024415,0.4166666666666667,6470.196884033553,0.25,150,5,0.13777777777777778,1.110518984147695,2.116089143190578,0.0
mtd_ai,200,0.005065193694058054,0.22727272727272727,4030.462533510983,0.05,150,5,0.11533333333333334,4.789396461624893,4.758199478928203,0.0
mtd_ai,200,0.005065193694058054,0.3333333333333333,4733.626857170249,0.1,150,5,0.11533333333333334,4.789396461624893,4.758199478928203,0.0
mtd_ai,200,0.005065193694058054,0.39473684210526316,5340.716351936825,0.15,150,5,0.11533333333333334,4.789396461624893,4.758199478928203,0.0
mtd_ai,200,0.005065193694058054,0.42857142857142855,5829.49514355733,0.2,150,5,0.11533333333333334,4.789396461624893,4.758199478928203,0.0
mtd_ai,200,0.005065193694058054,0.4573170731707317,6382.736778081315,0.25,150,5,0.11533333333333334,4.789396461624893,4.758199478928203,0.0
mtd_ai,200,0.005073833410587033,0.3125,2698.4873351321853,0.05,150,5,0.08,0.22361482020152562,0.6553985974090795,0.0
mtd_ai,200,0.005073833410587033,0.39473684210526316,3486.832232090055,0.1,150,5,0.08,0.22361482020152562,0.6553985974090795,0.0
mtd_ai,200,0.005073833410587033,0.42452830188679247,4225.347034553112,0.15,150,5,0.08,0.22361482020152562,0.6553985974090795,0.0
mtd_ai,200,0.005073833410587033,0.44776119402985076,4943.007431237921,0.2,150,5,0.08,0.22361482020152562,0.6553985974090795,0.0
mtd_ai,200,0.005073833410587033,0.47468354430379744,5466.35425441733,0.25,150,5,0.08,0.22361482020152562,0.6553985974090795,0.0
mtd_ai,200,0.005043312897926363,0.375,2258.4478813876603,0.05,150,5,0.06666666666666667,0.7640205192478138,2.682267024763926,-5.1923076923076925
mtd_ai,200,0.005043312897926363,0.42857142857142855,3232.221065472792,0.1,150,5,0.06666666666666667,0.7640205192478138,2.682267024763926,-5.1923076923076925
mtd_ai,200,0.005043312897926363,0.45918367346938777,4257.666795199168,0.15,150,5,0.06666666666666667,0.7640205192478138,2.682267024763926,-5.1923076923076925
mtd_ai,200,0.005043312897926363,0.46875,5184.2967034184,0.2,150,5,0.06666666666666667,0.7640205192478138,2.682267024763926,-5.1923076923076925
mtd_ai,200,0.005043312897926363,0.45180722891566266,5931.660822795644,0.25,150,5,0.06666666666666667,0.7640205192478138,2.682267024763926,-5.1923076923076925
mtd_ai,200,0.005052782874811634,0.46875,1436.2262290378278,0.05,150,5,0.12666666666666668,0.4137353348464588,1.3559016931790704,0.0
mtd_ai,200,0.005052782874811634,0.45454545454545453,3088.9009570617186,0.1,150,5,0.12666666666666668,0.4137353348464588,1.3559016931790704,0.0
mtd_ai,200,0.005052782874811634,0.5113636363636364,3721.1125134650924,0.15,150,5,0.12666666666666668,0.4137353348464588,1.3559016931790704,0.0
mtd_ai,200,0.005052782874811634,0.5555555555555556,4366.306119526387,0.2,150,5,0.12666666666666668,0.4137353348464588,1.3559016931790704,0.0
mtd_ai,200,0.005052782874811634,0.5769230769230769,4994.542585427664,0.25,150,5,0.12666666666666668,0.4137353348464588,1.3559016931790704,0.0
mtd_ai,200,0.005045647803462915,0.35714285714285715,2153.5423976100237,0.05,150,5,0.14777777777777779,0.21064325562530803,0.4285075960760861,0.0
mtd_ai,200,0.005045647803462915,0.39473684210526316,2978.9881095414144,0.1,150,5,0.14777777777777779,0.21064325562530803,0.4285075960760861,0.0
mtd_ai,200,0.005045647803462915,0.45,3822.10021799756,0.15,150,5,0.14777777777777779,0.21064325562530803,0.4285075960760861,0.0
mtd_ai,200,0.005045647803462915,0.4918032786885246,4205.256784945541,0.2,150,5,0.14777777777777779,0.21064325562530803,0.4285075960760861,0.0
mtd_ai,200,0.005045647803462915,0.487012987012987,5611.232976946478,0.25,150,5,0.14777777777777779,0.21064325562530803,0.4285075960760861,0.0
mtd_ai,200,0.0050497324333414,0.2777777777777778,2912.7547747975505,0.05,150,5,0.11866666666666667,0.0648532872654506,0.2485691485333443,0.0
mtd_ai,200,0.0050497324333414,0.3191489361702128,4746.784799962876,0.1,150,5,0.11866666666666667,0.0648532872654506,0.2485691485333443,0.0
mtd_ai,200,0.0050497324333414,0.4090909090909091,5020.7534708125895,0.15,150,5,0.11866666666666667,0.0648532872654506,0.2485691485333443,0.0
mtd_ai,200,0.0050497324333414,0.45454545454545453,5516.197770069744,0.2,150,5,0.11866666666666667,0.0648532872654506,0.2485691485333443,0.0
mtd_ai,200,0.0050497324333414,0.5067567567567568,5968.285297660029,0.25,150,5,0.11866666666666667,0.0648532872654506,0.2485691485333443,0.0
mtd_ai,200,0.0050434258374964305,0.3,2319.544662736931,0.05,150,5,0.14333333333333334,0.07994128637646616,0.2299434285019913,0.0
mtd_ai,200,0.0050434258374964305,0.2631578947368421,5162.452913369108,0.1,150,5,0.14333333333333334,0.07994128637646616,0.2299434285019913,0.0
mtd_ai,200,0.0050434258374964305,0.3409090909090909,5506.286229379786,0.15,150,5,0.14333333333333334,0.07994128637646616,0.2299434285019913,0.0
mtd_ai,200,0.0050434258374964305,0.39473684210526316,5962.935542438807,0.2,150,5,0.14333333333333334,0.07994128637646616,0.2299434285019913,0.0
mtd_ai,200,0.0050434258374964305,0.4411764705882353,6313.482780349477,0.25,150,5,0.14333333333333334,0.07994128637646616,0.2299434285019913,0.0
mtd_ai,200,0.005063906184077001,0.4166666666666667,1794.5769075808314,0.05,150,5,0.15333333333333332,0.10140386998927012,0.45008881983177357,0.0
mtd_ai,200,0.005063906184077001,0.38461538461538464,3800.658795477485,0.1,150,5,0.15333333333333332,0.10140386998927012,0.45008881983177357,0.0
mtd_ai,200,0.005063906184077001,0.4166666666666667,4805.20973774673,0.15,150,5,0.15333333333333332,0.10140386998927012,0.45008881983177357,0.0
mtd_ai,200,0.005063906184077001,0.46153846153846156,5235.518619618918,0.2,150,5,0.15333333333333332,0.10140386998927012,0.45008881983177357,0.0
mtd_ai,200,0.005063906184077001,0.43103448275862066,6194.443518780336,0.25,150,5,0.15333333333333332,0.10140386998927012,0.45008881983177357,0.0
mtd_ai,200,0.005077452902041031,0.25,3656.399314691488,0.05,150,5,0.13944444444444443,3.762313078854783,4.021772420433195,0.0
mtd_ai,200,0.005077452902041031,0.3191489361702128,4547.641506419731,0.1,150,5,0.13944444444444443,3.762313078854783,4.021772420433195,0.0
mtd_ai,200,0.005077452902041031,0.39473684210526316,5284.420034424714,0.15,150,5,0.13944444444444443,3.762313078854783,4.021772420433195,0.0
mtd_ai,200,0.005077452902041031,0.44776119402985076,5827.53215506601,0.2,150,5,0.13944444444444443,3.762313078854783,4.021772420433195,0.0
mtd_ai,200,0.005077452902041031,0.4934210526315789,6132.407160864992,0.25,150,5,0.13944444444444443,3.762313078854783,4.021772420433195,0.0
mtd_ai,200,0.0050416540806408556,0.39473684210526316,2126.843789565186,0.05,150,5,0.15111111111111108,1.075882482300492,2.247680696807466,0.0
mtd_ai,200,0.0050416540806408556,0.5172413793103449,2736.432809652798,0.1,150,5,0.15111111111111108,1.075882482300492,2.247680696807466,0.0
mtd_ai,200,0.0050416540806408556,0.5,4143.5725670091315,0.15,150,5,0.15111111111111108,1.075882482300492,2.247680696807466,0.0
mtd_ai,200,0.0050416540806408556,0.5,5093.426215531377,0.2,150,5,0.15111111111111108,1.075882482300492,2.247680696807466,0.0
mtd_ai,200,0.0050416540806408556,0.4573170731707317,6735.4988920820915,0.25,150,5,0.15111111111111108,1.075882482300492,2.247680696807466,0.0
mtd_ai,200,0.005047327782303582,0.25,2731.5580526558097,0.05,150,5,0.08066666666666666,0.6914363000425517,2.1526147597225296,0.0
mtd_ai,200,0.005047327782303582,0.3409090909090909,3702.7152878463135,0.1,150,5,0.08066666666666666,0.6914363000425517,2.1526147597225296,0.0
mtd_ai,200,0.005047327782303582,0.4090909090909091,4527.910727939299,0.15,150,5,0.08066666666666666,0.6914363000425517,2.1526147597225296,0.0
mtd_ai,200,0.005047327782303582,0.46153846153846156,5253.802758591095,0.2,150,5,0.08066666666666666,0.6914363000425517,2.1526147597225296,0.0
mtd_ai,200,0.005047327782303582,0.5067567567567568,5624.274424741008,0.25,150,5,0.08066666666666666,0.6914363000425517,2.1526147597225296,0.0
mtd_ai,200,0.0050530488762809255,0.3409090909090909,2033.5179963000028,0.05,150,5,0.11866666666666667,0.6178459678476342,1.9806666588744088,0.0
mtd_ai,200,0.0050530488762809255,0.3488372093023256,3856.1778575437042,0.1,150,5,0.11866666666666667,0.6178459678476342,1.9806666588744088,0.0
mtd_ai,200,0.0050530488762809255,0.39473684210526316,4657.660851975013,0.15,150,5,0.11866666666666667,0.6178459678476342,1.9806666588744088,0.0
mtd_ai,200,0.0050530488762809255,0.36585365853658536,6874.390711514394,0.2,150,5,0.11866666666666667,0.6178459678476342,1.9806666588744088,0.0
mtd_ai,200,0.0050530488762809255,0.4166666666666667,7332.481599851419,0.25,150,5,0.11866666666666667,0.6178459678476342,1.9806666588744088,0.0
mtd_ai,200,0.005041133847180586,0.3,2553.8104502796186,0.05,150,5,0.12666666666666668,0.8988471904070974,3.8251559156826187,0.0
mtd_ai,200,0.005041133847180586,0.38461538461538464,3402.2630002177175,0.1,150,5,0.12666666666666668,0.8988471904070974,3.8251559156826187,0.0
mtd_ai,200,0.005041133847180586,0.4017857142857143,5015.228054250343,0.15,150,5,0.12666666666666668,0.8988471904070974,3.8251559156826187,0.0
mtd_ai,200,0.005041133847180586,0.4411764705882353,5557.8726489679375,0.2,150,5,0.12666666666666668,0.8988471904070974,3.8251559156826187,0.0
mtd_ai,200,0.005041133847180586,0.4807692307692308,5877.76583882508,0.25,150,5,0.12666666666666668,0.8988471904070974,3.8251559156826187,0.0
mtd_ai,200,0.005059166167761766,0.3409090909090909,2039.4556597589794,0.05,150,5,0.11111111111111109,1.735499405100374,5.433499811125521,0.0
mtd_ai,200,0.005059166167761766,0.36585365853658536,3395.425583656845,0.1,150,5,0.11111111111111109,1.735499405100374,5.433499811125521,0.0
mtd_ai,200,0.005059166167761766,0.3813559322033898,5361.446852249912,0.15,150,5,0.11111111111111109,1.735499405100374,5.433499811125521,0.0
mtd_ai,200,0.005059166167761766,0.4,6489.635261333675,0.2,150,5,0.11111111111111109,1.735499405100374,5.433499811125521,0.0
mtd_ai,200,0.005059166167761766,0.44642857142857145,6862.835928998506,0.25,150,5,0.11111111111111109,1.735499405100374,5.433499811125521,0.0
mtd_ai,200,0.005048442186264063,0.3125,2383.5536119564013,0.05,150,5,0.14666666666666667,0.658088993584879,0.8454014436741787,0.0
mtd_ai,200,0.005048442186264063,0.40540540540540543,3327.672192883556,0.1,150,5,0.14666666666666667,0.658088993584879,0.8454014436741787,0.0
mtd_ai,200,0.005048442186264063,0.4090909090909091,4139.029626662294,0.15,150,5,0.14666666666666667,0.658088993584879,0.8454014436741787,0.0
mtd_ai,200,0.005048442186264063,0.44776119402985076,4732.379551558193,0.2,150,5,0.14666666666666667,0.658088993584879,0.8454014436741787,0.0
mtd_ai,200,0.005048442186264063,0.4934210526315789,5107.729793388175,0.25,150,5,0.14666666666666667,0.658088993584879,0.8454014436741787,0.0
mtd_ai,200,0.005045696627390356,0.2777777777777778,2765.8916229726665,0.05,150,5,0.14444444444444446,0.03052108000116368,0.052926656284355174,0.0
mtd_ai,200,0.005045696627390356,0.36585365853658536,3859.428235733553,0.1,150,5,0.14444444444444446,0.03052108000116368,0.052926656284355174,0.0
mtd_ai,200,0.005045696627390356,0.4166666666666667,4525.362062599889,0.15,150,5,0.14444444444444446,0.03052108000116368,0.052926656284355174,0.0
mtd_ai,200,0.005045696627390356,0.42857142857142855,5337.307534433066,0.2,150,5,0.14444444444444446,0.03052108000116368,0.052926656284355174,0.0
mtd_ai,200,0.005045696627390356,0.47468354430379744,5819.378520695784,0.25,150,5,0.14444444444444446,0.03052108000116368,0.052926656284355174,0.0
mtd_ai,200,0.005068116750243016,0.3125,2794.544920192236,0.05,150,5,0.10266666666666667,0.5393965090029689,2.0618914281897096,0.0
mtd_ai,200,0.005068116750243016,0.3333333333333333,4356.566157519135,0.1,150,5,0.10266666666666667,0.5393965090029689,2.0618914281897096,0.0
mtd_ai,200,0.005068116750243016,0.3879310344827586,5038.982506319537,0.15,150,5,0.10266666666666667,0.5393965090029689,2.0618914281897096,0.0
mtd_ai,200,0.005068116750243016,0.4225352112676056,5655.035157588896,0.2,150,5,0.10266666666666667,0.5393965090029689,2.0618914281897096,0.0
mtd_ai,200,0.005068116750243016,0.46875,6091.969092685062,0.25,150,5,0.10266666666666667,0.5393965090029689,2.0618914281897096,0.0
mtd_ai,200,0.005066665939063025,0.2777777777777778,1998.6601147098124,0.05,150,5,0.20142857142857143,0.47821054171420047,1.1471606335353164,0.0
mtd_ai,200,0.005066665939063025,0.39473684210526316,2732.002863928352,0.1,150,5,0.20142857142857143,0.47821054171420047,1.1471606335353164,0.0
mtd_ai,200,0.005066665939063025,0.35714285714285715,4027.115648818776,0.15,150,5,0.20142857142857143,0.47821054171420047,1.1471606335353164,0.0
mtd_ai,200,0.005066665939063025,0.3488372093023256,5408.4194484532745,0.2,150,5,0.20142857142857143,0.47821054171420047,1.1471606335353164,0.0
mtd_ai,200,0.005066665939063025,0.32608695652173914,6574.493216401608,0.25,150,5,0.20142857142857143,0.47821054171420047,1.1471606335353164,0.0
mtd_ai,200,0.005073305557004431,0.3409090909090909,1884.2663542875935,0.05,150,5,0.125,0.206455161588664,0.8671183626190851,0.0
mtd_ai,200,0.005073305557004431,0.4166666666666667,2978.4221079024023,0.1,150,5,0.125,0.206455161588664,0.8671183626190851,0.0
mtd_ai,200,0.005073305557004431,0.4787234042553192,3607.128541769179,0.15,150,5,0.125,0.206455161588664,0.8671183626190851,0.0
mtd_ai,200,0.005073305557004431,0.47619047619047616,4863.219717621949,0.2,150,5,0.125,0.206455161588664,0.8671183626190851,0.0
mtd_ai,200,0.005073305557004431,0.5,5355.868229165937,0.25,150,5,0.125,0.206455161588664,0.8671183626190851,0.0
mtd_ai,200,0.005055417889081132,0.32608695652173914,2436.3852617500243,0.05,150,5,0.09333333333333334,1.075547908139851,1.6996864619087093,0.0
mtd_ai,200,0.005055417889081132,0.32608695652173914,5030.703189328484,0.1,150,5,0.09333333333333334,1.075547908139851,1.6996864619087093,0.0
mtd_ai,200,0.005055417889081132,0.3879310344827586,5644.525045817496,0.15,150,5,0.09333333333333334,1.075547908139851,1.6996864619087093,0.0
mtd_ai,200,0.005055417889081132,0.43478260869565216,6041.014948303203,0.2,150,5,0.09333333333333334,1.075547908139851,1.6996864619087093,0.0
mtd_ai,200,0.005055417889081132,0.46296296296296297,6720.850762373591,0.25,150,5,0.09333333333333334,1.075547908139851,1.6996864619087093,0.0
mtd_ai,200,0.0050568595500305145,0.24193548387096775,2901.5842669248623,0.05,150,5,0.1277777777777778,0.6177264474664296,1.1483969354011192,0.0
mtd_ai,200,0.0050568595500305145,0.26785714285714285,4852.621077499319,0.1,150,5,0.1277777777777778,0.6177264474664296,1.1483969354011192,0.0
mtd_ai,200,0.0050568595500305145,0.3125,5800.743749347779,0.15,150,5,0.1277777777777778,0.6177264474664296,1.1483969354011192,0.0
mtd_ai,200,0.0050568595500305145,0.35294117647058826,6471.127429411807,0.2,150,5,0.1277777777777778,0.6177264474664296,1.1483969354011192,0.0
mtd_ai,200,0.0050568595500305145,0.390625,7107.095143694224,0.25,150,5,0.1277777777777778,0.6177264474664296,1.1483969354011192,0.0
mtd_ai,200,0.005080928730913244,0.3409090909090909,2025.14351737547,0.05,150,5,0.09422222222222223,0.5297551416095011,2.315289874276624,0.0
mtd_ai,200,0.005080928730913244,0.40540540540540543,3020.353559508058,0.1,150,5,0.09422222222222223,0.5297551416095011,2.315289874276624,0.0
mtd_ai,200,0.005080928730913244,0.4891304347826087,3418.055143239012,0.15,150,5,0.09422222222222223,0.5297551416095011,2.315289874276624,0.0
mtd_ai,200,0.005080928730913244,0.5,4374.199419399462,0.2,150,5,0.09422222222222223,0.5297551416095011,2.315289874276624,0.0
mtd_ai,200,0.005080928730913244,0.5208333333333334,4989.269042281432,0.25,150,5,0.09422222222222223,0.5297551416095011,2.315289874276624,0.0
mtd_ai,200,0.005063198990966861,0.3,2612.1288215041,0.05,150,5,0.10266666666666667,0.4191605423113978,1.4805882279598497,0.0
mtd_ai,200,0.005063198990966861,0.42857142857142855,3334.02541416156,0.1,150,5,0.10266666666666667,0.4191605423113978,1.4805882279598497,0.0
mtd_ai,200,0.005063198990966861,0.42452830188679247,5040.156936514213,0.15,150,5,0.10266666666666667,0.4191605423113978,1.4805882279598497,0.0
mtd_ai,200,0.005063198990966861,0.4411764705882353,5691.98778442129,0.2,150,5,0.10266666666666667,0.4191605423113978,1.4805882279598497,0.0
mtd_ai,200,0.005063198990966861,0.46296296296296297,6174.509938531071,0.25,150,5,0.10266666666666667,0.4191605423113978,1.4805882279598497,0.0
mtd_ai,200,0.005075452311591449,0.39473684210526316,1467.118954835818,0.05,150,5,0.1,0.4268734183810784,1.5825729651365938,0.0
mtd_ai,200,0.005075452311591449,0.29411764705882354,3168.421040995089,0.1,150,5,0.1,0.4268734183810784,1.5825729651365938,0.0
mtd_ai,200,0.005075452311591449,0.35714285714285715,3908.3607038067375,0.15,150,5,0.1,0.4268734183810784,1.5825729651365938,0.0
mtd_ai,200,0.005075452311591449,0.379746835443038,4854.905458468749,0.2,150,5,0.1,0.4268734183810784,1.5825729651365938,0.0
mtd_ai,200,0.005075452311591449,0.4166666666666667,5286.686378676501,0.25,150,5,0.1,0.4268734183810784,1.5825729651365938,0.0
mtd_ai,200,0.00505382972744609,0.22727272727272727,4378.91313539606,0.05,150,5,0.13611111111111113,2.8254667241624856,5.135243854710368,0.0
mtd_ai,200,0.00505382972744609,0.32608695652173914,5000.311354623418,0.1,150,5,0.13611111111111113,2.8254667241624856,5.135243854710368,0.0
mtd_ai,200,0.00505382972744609,0.3879310344827586,6027.749782524647,0.15,150,5,0.13611111111111113,2.8254667241624856,5.135243854710368,0.0
mtd_ai,200,0.00505382972744609,0.40540540540540543,7068.2002507761945,0.2,150,5,0.13611111111111113,2.8254667241624856,5.135243854710368,0.0
mtd_ai,200,0.00505382972744609,0.39473684210526316,7938.342395831868,0.25,150,5,0.13611111111111113,2.8254667241624856,5.135243854710368,0.0
mtd_ai,200,0.005046174298018934,0.25,3044.4098840050947,0.05,150,5,0.14844444444444443,0.34616908812934394,1.4784537233490012,0.0
mtd_ai,200,0.005046174298018934,0.3333333333333333,4184.083306138427,0.1,150,5,0.14844444444444443,0.34616908812934394,1.4784537233490012,0.0
mtd_ai,200,0.005046174298018934,0.3813559322033898,5083.1911252072105,0.15,150,5,0.14844444444444443,0.34616908812934394,1.4784537233490012,0.0
mtd_ai,200,0.005046174298018934,0.4166666666666667,5717.1443373827315,0.2,150,5,0.14844444444444443,0.34616908812934394,1.4784537233490012,0.0
mtd_ai,200,0.005046174298018934,0.4411764705882353,6366.446810980612,0.25,150,5,0.14844444444444443,0.34616908812934394,1.4784537233490012,0.0
mtd_ai,200,0.005041278329038099,0.39473684210526316,2009.5426453888704,0.05,150,5,0.13166666666666665,0.24382361221322169,1.0163600568683246,0.0
mtd_ai,200,0.005041278329038099,0.4166666666666667,3140.5544830029353,0.1,150,5,0.13166666666666665,0.24382361221322169,1.0163600568683246,0.0
mtd_ai,200,0.005041278329038099,0.46875,3659.7722474053717,0.15,150,5,0.13166666666666665,0.24382361221322169,1.0163600568683246,0.0
mtd_ai,200,0.005041278329038099,0.4918032786885246,4431.734152159998,0.2,150,5,0.13166666666666665,0.24382361221322169,1.0163600568683246,0.0
mtd_ai,200,0.005041278329038099,0.487012987012987,5932.826075094511,0.25,150,5,0.13166666666666665,0.24382361221322169,1.0163600568683246,0.0
mtd_ai,200,0.005032069486720178,0.32608695652173914,2151.0791789738223,0.05,150,5,0.1388888888888889,0.5331135777239728,1.5931127790380923,5.3076923076923075
mtd_ai,200,0.005032069486720178,0.3488372093023256,4293.895019706752,0.1,150,5,0.1388888888888889,0.5331135777239728,1.5931127790380923,5.3076923076923075
mtd_ai,200,0.005032069486720178,0.42452830188679247,4933.6695702073275,0.15,150,5,0.1388888888888889,0.5331135777239728,1.5931127790380923,5.3076923076923075
mtd_ai,200,0.005032069486720178,0.42857142857142855,5814.418969178074,0.2,150,5,0.1388888888888889,0.5331135777239728,1.5931127790380923,5.3076923076923075
mtd_ai,200,0.005032069486720178,0.46296296296296297,6332.704119987086,0.25,150,5,0.1388888888888889,0.5331135777239728,1.5931127790380923,5.3076923076923075
mtd_ai,200,0.005059288249776276,0.4411764705882353,1229.8646369123785,0.05,150,5,0.165,1.4203321947657161,5.055136507407511,0.0
mtd_ai,200,0.005059288249776276,0.5,2068.044282627257,0.1,150,5,0.165,1.4203321947657161,5.055136507407511,0.0
mtd_ai,200,0.005059288249776276,0.4891304347826087,3298.8558486921233,0.15,150,5,0.165,1.4203321947657161,5.055136507407511,0.0
mtd_ai,200,0.005059288249776276,0.5357142857142857,3823.3242098648093,0.2,150,5,0.165,1.4203321947657161,5.055136507407511,0.0
mtd_ai,200,0.005059288249776276,0.5597014925373134,4504.596025571809,0.25,150,5,0.165,1.4203321947657161,5.055136507407511,0.0
mtd_ai,200,0.005038542373554058,0.24193548387096775,3511.9230410279147,0.05,150,5,0.1383333333333333,1.4518726384407112,5.129989817233408,0.0
mtd_ai,200,0.005038542373554058,0.30612244897959184,4525.811491705721,0.1,150,5,0.1383333333333333,1.4518726384407112,5.129989817233408,0.0
mtd_ai,200,0.005038542373554058,0.375,5002.427528452748,0.15,150,5,0.1383333333333333,1.4518726384407112,5.129989817233408,0.0
mtd_ai,200,0.005038542373554058,0.4225352112676056,5532.046178409684,0.2,150,5,0.1383333333333333,1.4518726384407112,5.129989817233408,0.0
mtd_ai,200,0.005038542373554058,0.436046511627907,6604.0648836206055,0.25,150,5,0.1383333333333333,1.4518726384407112,5.129989817233408,0.0
mtd_ai,200,0.005090406617926193,0.5,1399.820426990149,0.05,150,5,0.15555555555555556,0.5006117064991983,0.6885180518915668,0.0
mtd_ai,200,0.005090406617926193,0.4411764705882353,2979.088220552996,0.1,150,5,0.15555555555555556,0.5006117064991983,0.6885180518915668,0.0
mtd_ai,200,0.005090406617926193,0.45918367346938777,3881.5953452318317,0.15,150,5,0.15555555555555556,0.5006117064991983,0.6885180518915668,0.0
mtd_ai,200,0.005090406617926193,0.5,4653.467525168135,0.2,150,5,0.15555555555555556,0.5006117064991983,0.6885180518915668,0.0
mtd_ai,200,0.005090406617926193,0.528169014084507,5275.1725643013315,0.25,150,5,0.15555555555555556,0.5006117064991983,0.6885180518915668,0.0
mtd_ai,200,0.0050910975553183765,0.4411764705882353,1624.016689132181,0.05,150,5,0.1,0.015161788056064062,0.028488380060753257,0.0
mtd_ai,200,0.0050910975553183765,0.4411764705882353,2929.784541291191,0.1,150,5,0.1,0.015161788056064062,0.028488380060753257,0.0
mtd_ai,200,0.0050910975553183765,0.5357142857142857,3375.6016483724084,0.15,150,5,0.1,0.015161788056064062,0.028488380060753257,0.0
mtd_ai,200,0.0050910975553183765,0.5660377358490566,4002.612400425478,0.2,150,5,0.1,0.015161788056064062,0.028488380060753257,0.0
mtd_ai,200,0.0050910975553183765,0.5952380952380952,4400.553525246205,0.25,150,5,0.1,0.015161788056064062,0.028488380060753257,0.0
mtd_ai,200,0.005076144487256181,0.5,1409.3204887017714,0.05,150,5,0.09066666666666666,0.31277162263033054,1.3185459631256882,0.0
mtd_ai,200,0.005076144487256181,0.5555555555555556,2129.9785702291047,0.1,150,5,0.09066666666666666,0.31277162263033054,1.3185459631256882,0.0
mtd_ai,200,0.005076144487256181,0.5,3193.1100439478523,0.15,150,5,0.09066666666666666,0.31277162263033054,1.3185459631256882,0.0
mtd_ai,200,0.005076144487256181,0.4838709677419355,4284.780923028946,0.2,150,5,0.09066666666666666,0.31277162263033054,1.3185459631256882,0.0
mtd_ai,200,0.005076144487256181,0.46875,5711.329651072497,0.25,150,5,0.09066666666666666,0.31277162263033054,1.3185459631256882,0.0
mtd_ai,200,0.005068740861335786,0.3125,2126.603354014519,0.05,150,5,0.10166666666666667,0.3106452579798145,1.1371690962125667,0.0
mtd_ai,200,0.005068740861335786,0.3488372093023256,3924.230003671866,0.1,150,5,0.10166666666666667,0.3106452579798145,1.1371690962125667,0.0
mtd_ai,200,0.005068740861335786,0.4166666666666667,4781.215114601393,0.15,150,5,0.10166666666666667,0.3106452579798145,1.1371690962125667,0.0
mtd_ai,200,0.005068740861335786,0.47619047619047616,5115.582208979515,0.2,150,5,0.10166666666666667,0.3106452579798145,1.1371690962125667,0.0
mtd_ai,200,0.005068740861335786,0.487012987012987,5747.952201868118,0.25,150,5,0.10166666666666667,0.3106452579798145,1.1371690962125667,0.0
mtd_ai,200,0.005071617080718124,0.25,3024.844109159503,0.05,150,5,0.11,1.0666247668641842,4.267863517416616,0.0
mtd_ai,200,0.005071617080718124,0.35714285714285715,3930.3289498268364,0.1,150,5,0.11,1.0666247668641842,4.267863517416616,0.0
mtd_ai,200,0.005071617080718124,0.45918367346938777,4234.941377384963,0.15,150,5,0.11,1.0666247668641842,4.267863517416616,0.0
mtd_ai,200,0.005071617080718124,0.46875,5115.717531229046,0.2,150,5,0.11,1.0666247668641842,4.267863517416616,0.0
mtd_ai,200,0.005071617080718124,0.5067567567567568,5682.918343735384,0.25,150,5,0.11,1.0666247668641842,4.267863517416616,0.0
mtd_ai,200,0.005053361195969039,0.19230769230769232,3907.0929380074904,0.05,150,5,0.16833333333333333,0.03760667811921512,0.16397333638875888,0.0
mtd_ai,200,0.005053361195969039,0.26785714285714285,5010.093056724162,0.1,150,5,0.16833333333333333,0.03760667811921512,0.16397333638875888,0.0
mtd_ai,200,0.005053361195969039,0.32608695652173914,5683.177577149936,0.15,150,5,0.16833333333333333,0.03760667811921512,0.16397333638875888,0.0
mtd_ai,200,0.005053361195969039,0.3191489361702128,7230.321025657731,0.2,150,5,0.16833333333333333,0.03760667811921512,0.16397333638875888,0.0
mtd_ai,200,0.005053361195969039,0.35377358490566035,7752.394449481188,0.25,150,5,0.16833333333333333,0.03760667811921512,0.16397333638875888,0.0
mtd_ai,200,0.005036419987442161,0.24193548387096775,3535.708235829983,0.05,150,5,0.12793650793650793,0.7417364508208822,2.4261573358515,0.0
mtd_ai,200,0.005036419987442161,0.3488372093023256,4387.24231191881,0.1,150,5,0.12793650793650793,0.7417364508208822,2.4261573358515,0.0
mtd_ai,200,0.005036419987442161,0.4090909090909091,4970.109873909172,0.15,150,5,0.12793650793650793,0.7417364508208822,2.4261573358515,0.0
mtd_ai,200,0.005036419987442161,0.4225352112676056,6041.001797870021,0.2,150,5,0.12793650793650793,0.7417364508208822,2.4261573358515,0.0
mtd_ai,200,0.005036419987442161,0.4573170731707317,6396.392052136987,0.25,150,5,0.12793650793650793,0.7417364508208822,2.4261573358515,0.0
mtd_ai,200,0.005044991697041029,0.3125,2338.2833608850406,0.05,150,5,0.375,0.4642472406006958,1.3973541106799718,-4.466666666666667
mtd_ai,200,0.005044991697041029,0.3333333333333333,3824.1674708289247,0.1,150,5,0.375,0.4642472406006958,1.3973541106799718,-4.466666666666667
mtd_ai,200,0.005044991697041029,0.3879310344827586,4871.6895179389685,0.15,150,5,0.375,0.4642472406006958,1.3973541106799718,-4.466666666666667
mtd_ai,200,0.005044991697041029,0.4225352112676056,5835.088017364347,0.2,150,5,0.375,0.4642472406006958,1.3973541106799718,-4.466666666666667
mtd_ai,200,0.005044991697041029,0.44642857142857145,6528.093953776574,0.25,150,5,0.375,0.4642472406006958,1.3973541106799718,-4.466666666666667
mtd_ai,200,0.0050430672262073905,0.3,2536.0578895835306,0.05,150,5,0.14833333333333334,0.12051370086903425,0.5256096485008955,3.9393939393939394
mtd_ai,200,0.0050430672262073905,0.375,3673.9108196834004,0.1,150,5,0.14833333333333334,0.12051370086903425,0.5256096485008955,3.9393939393939394
mtd_ai,200,0.0050430672262073905,0.4326923076923077,4423.6594768416035,0.15,150,5,0.14833333333333334,0.12051370086903425,0.5256096485008955,3.9393939393939394
mtd_ai,200,0.0050430672262073905,0.47619047619047616,5042.171334075843,0.2,150,5,0.14833333333333334,0.12051370086903425,0.5256096485008955,3.9393939393939394
mtd_ai,200,0.0050430672262073905,0.46875,5890.294983736532,0.25,150,5,0.14833333333333334,0.12051370086903425,0.5256096485008955,3.9393939393939394
mtd_ai,200,0.005074100720497505,0.32608695652173914,2373.611332175099,0.05,150,5,0.11444444444444443,0.49593537579103575,2.146080318758768,0.0
mtd_ai,200,0.005074100720497505,0.4166666666666667,3079.208939945048,0.1,150,5,0.11444444444444443,0.49593537579103575,2.146080318758768,0.0
mtd_ai,200,0.005074100720497505,0.45,3877.195216135072,0.15,150,5,0.11444444444444443,0.49593537579103575,2.146080318758768,0.0
mtd_ai,200,0.005074100720497505,0.45454545454545453,4987.596350837275,0.2,150,5,0.11444444444444443,0.49593537579103575,2.146080318758768,0.0
mtd_ai,200,0.005074100720497505,0.4807692307692308,5659.485722107218,0.25,150,5,0.11444444444444443,0.49593537579103575,2.146080318758768,0.0
mtd_ai,200,0.00506908905170584,0.46875,1283.54930525433,0.05,150,5,0.11511111111111111,0.002882984681510927,0.011402572662880507,0.0
mtd_ai,200,0.00506908905170584,0.3191489361702128,4275.901039975365,0.1,150,5,0.11511111111111111,0.002882984681510927,0.011402572662880507,0.0
mtd_ai,200,0.00506908905170584,0.375,5088.5671106395985,0.15,150,5,0.11511111111111111,0.002882984681510927,0.011402572662880507,0.0
mtd_ai,200,0.00506908905170584,0.42857142857142855,5609.487280100312,0.2,150,5,0.11511111111111111,0.002882984681510927,0.011402572662880507,0.0
mtd_ai,200,0.00506908905170584,0.47468354430379744,5972.481167603337,0.25,150,5,0.11511111111111111,0.002882984681510927,0.011402572662880507,0.0
mtd_ai,200,0.005033334759880686,0.26785714285714285,2187.9396647350545,0.05,150,5,0.1688888888888889,0.06607957314276569,0.1717409587094341,3.911764705882353
mtd_ai,200,0.005033334759880686,0.32608695652173914,3718.5280925058278,0.1,150,5,0.1688888888888889,0.06607957314276569,0.1717409587094341,3.911764705882353
mtd_ai,200,0.005033334759880686,0.33088235294117646,5505.830756625643,0.15,150,5,0.1688888888888889,0.06607957314276569,0.1717409587094341,3.911764705882353
mtd_ai,200,0.005033334759880686,0.379746835443038,6140.135809024764,0.2,150,5,0.1688888888888889,0.06607957314276569,0.1717409587094341,3.911764705882353
mtd_ai,200,0.005033334759880686,0.39893617021276595,7302.845821436761,0.25,150,5,0.1688888888888889,0.06607957314276569,0.1717409587094341,3.911764705882353
mtd_ai,200,0.00503292881485566,0.3,2767.6319217294604,0.05,150,5,0.1764920634920635,2.4278440949571545,4.254420887216747,0.0
mtd_ai,200,0.00503292881485566,0.36585365853658536,3845.2917587288366,0.1,150,5,0.1764920634920635,2.4278440949571545,4.254420887216747,0.0
mtd_ai,200,0.00503292881485566,0.4017857142857143,4955.337456010442,0.15,150,5,0.1764920634920635,2.4278440949571545,4.254420887216747,0.0
mtd_ai,200,0.00503292881485566,0.42857142857142855,5898.567306864557,0.2,150,5,0.1764920634920635,2.4278440949571545,4.254420887216747,0.0
mtd_ai,200,0.00503292881485566,0.44642857142857145,6347.756148308605,0.25,150,5,0.1764920634920635,2.4278440949571545,4.254420887216747,0.0
mtd_ai,200,0.0050357778527755715,0.3,2533.4817390156736,0.05,150,5,0.15011111111111114,2.671759140607879,2.822296999625342,0.0
mtd_ai,200,0.0050357778527755715,0.3125,4582.49239440538,0.1,150,5,0.15011111111111114,2.671759140607879,2.822296999625342,0.0
mtd_ai,200,0.0050357778527755715,0.3813559322033898,5472.523835779556,0.15,150,5,0.15011111111111114,2.671759140607879,2.822296999625342,0.0
mtd_ai,200,0.0050357778527755715,0.4411764705882353,5962.241623034654,0.2,150,5,0.15011111111111114,2.671759140607879,2.822296999625342,0.0
mtd_ai,200,0.0050357778527755715,0.47468354430379744,6764.458354310148,0.25,150,5,0.15011111111111114,2.671759140607879,2.822296999625342,0.0
mtd_ai,200,0.005060081875243766,0.25,3683.3731170152946,0.05,150,5,0.12533333333333332,2.6570363268548673,5.241095941954556,0.0
mtd_ai,200,0.005060081875243766,0.3488372093023256,4588.725338588572,0.1,150,5,0.12533333333333332,2.6570363268548673,5.241095941954556,0.0
mtd_ai,200,0.005060081875243766,0.4017857142857143,5492.59476822611,0.15,150,5,0.12533333333333332,2.6570363268548673,5.241095941954556,0.0
mtd_ai,200,0.005060081875243766,0.410958904109589,6570.802317783899,0.2,150,5,0.12533333333333332,2.6570363268548673,5.241095941954556,0.0
mtd_ai,200,0.005060081875243766,0.39473684210526316,7349.965074988837,0.25,150,5,0.12533333333333332,2.6570363268548673,5.241095941954556,0.0
mtd_ai,200,0.005043749920312223,0.375,2096.5793271281664,0.05,150,5,0.13055555555555554,2.1520981078922934,4.815899713432537,0.0
mtd_ai,200,0.005043749920312223,0.45454545454545453,3126.432783584567,0.1,150,5,0.13055555555555554,2.1520981078922934,4.815899713432537,0.0
mtd_ai,200,0.005043749920312223,0.4891304347826087,3954.438285511438,0.15,150,5,0.13055555555555554,2.1520981078922934,4.815899713432537,0.0
mtd_ai,200,0.005043749920312223,0.44776119402985076,4979.150961134071,0.2,150,5,0.13055555555555554,2.1520981078922934,4.815899713432537,0.0
mtd_ai,200,0.005043749920312223,0.4807692307692308,5522.60199234336,0.25,150,5,0.13055555555555554,2.1520981078922934,4.815899713432537,0.0
mtd_ai,200,0.005052904860651477,0.35714285714285715,2048.538055173425,0.05,150,5,0.15119047619047618,0.6591704843108579,2.4445842186712494,0.0
mtd_ai,200,0.005052904860651477,0.36585365853658536,3830.971087386765,0.1,150,5,0.15119047619047618,0.6591704843108579,2.4445842186712494,0.0
mtd_ai,200,0.005052904860651477,0.4166666666666667,4565.974854291013,0.15,150,5,0.15119047619047618,0.6591704843108579,2.4445842186712494,0.0
mtd_ai,200,0.005052904860651477,0.46153846153846156,4878.366349144109,0.2,150,5,0.15119047619047618,0.6591704843108579,2.4445842186712494,0.0
mtd_ai,200,0.005052904860651477,0.46296296296296297,5588.066679684114,0.25,150,5,0.15119047619047618,0.6591704843108579,2.4445842186712494,0.0
mtd_ai,200,0.005041955167150089,0.22727272727272727,4113.374677801118,0.05,150,5,0.12666666666666668,0.0016049905689321468,0.0029702079083006702,2.875
mtd_ai,200,0.005041955167150089,0.3125,4943.613640247395,0.1,150,5,0.12666666666666668,0.0016049905689321468,0.0029702079083006702,2.875
mtd_ai,200,0.005041955167150089,0.3879310344827586,5323.369953619625,0.15,150,5,0.12666666666666668,0.0016049905689321468,0.0029702079083006702,2.875
mtd_ai,200,0.005041955167150089,0.4411764705882353,5687.684711431858,0.2,150,5,0.12666666666666668,0.0016049905689321468,0.0029702079083006702,2.875
mtd_ai,200,0.005041955167150089,0.46296296296296297,6728.1928550544,0.25,150,5,0.12666666666666668,0.0016049905689321468,0.0029702079083006702,2.875
mtd_ai,200,0.005039217461002452,0.26785714285714285,3395.9349327016253,0.05,150,5,0.12933333333333333,0.5804393810403186,1.7723057335798469,0.0
mtd_ai,200,0.005039217461002452,0.36585365853658536,4243.759101923539,0.1,150,5,0.12933333333333333,0.5804393810403186,1.7723057335798469,0.0
mtd_ai,200,0.005039217461002452,0.4017857142857143,5205.440535837868,0.15,150,5,0.12933333333333333,0.5804393810403186,1.7723057335798469,0.0
mtd_ai,200,0.005039217461002452,0.4,6939.710640508084,0.2,150,5,0.12933333333333333,0.5804393810403186,1.7723057335798469,0.0
mtd_ai,200,0.005039217461002452,0.45180722891566266,7259.369909447818,0.25,150,5,0.12933333333333333,0.5804393810403186,1.7723057335798469,0.0
mtd_ai,200,0.005070984806630058,0.3,2653.9425412089604,0.05,150,5,0.10888888888888891,0.5581594836137871,2.220618012227036,0.0
mtd_ai,200,0.005070984806630058,0.40540540540540543,3440.2299423980394,0.1,150,5,0.10888888888888891,0.5581594836137871,2.220618012227036,0.0
mtd_ai,200,0.005070984806630058,0.45918367346938777,4238.403607165674,0.15,150,5,0.10888888888888891,0.5581594836137871,2.220618012227036,0.0
mtd_ai,200,0.005070984806630058,0.46875,5599.077251281129,0.2,150,5,0.10888888888888891,0.5581594836137871,2.220618012227036,0.0
mtd_ai,200,0.005070984806630058,0.487012987012987,6458.6726074204535,0.25,150,5,0.10888888888888891,0.5581594836137871,2.220618012227036,0.0
mtd_ai,200,0.005054986727100764,0.21428571428571427,3689.4911688412885,0.05,150,5,0.1948888888888889,0.18759260986001414,0.5590642947600011,0.0
mtd_ai,200,0.005054986727100764,0.30612244897959184,4466.605804095307,0.1,150,5,0.1948888888888889,0.18759260986001414,0.5590642947600011,0.0
mtd_ai,200,0.005054986727100764,0.3515625,5635.4236539310905,0.15,150,5,0.1948888888888889,0.18759260986001414,0.5590642947600011,0.0
mtd_ai,200,0.005054986727100764,0.36585365853658536,6572.177620342537,0.2,150,5,0.1948888888888889,0.18759260986001414,0.5590642947600011,0.0
mtd_ai,200,0.005054986727100764,0.39893617021276595,7139.884822920013,0.25,150,5,0.1948888888888889,0.18759260986001414,0.5590642947600011,0.0
mtd_ai,200,0.005080908252618182,0.39473684210526316,1865.4814035324907,0.05,150,5,0.1692307692307692,0.35926066732762996,1.3024528640849307,0.0
mtd_ai,200,0.005080908252618182,0.4166666666666667,3346.5560964966435,0.1,150,5,0.1692307692307692,0.35926066732762996,1.3024528640849307,0.0
mtd_ai,200,0.005080908252618182,0.45918367346938777,4655.451310266462,0.15,150,5,0.1692307692307692,0.35926066732762996,1.3024528640849307,0.0
mtd_ai,200,0.005080908252618182,0.5,5172.592593315558,0.2,150,5,0.1692307692307692,0.35926066732762996,1.3024528640849307,0.0
mtd_ai,200,0.005080908252618182,0.5434782608695652,5649.1359618206225,0.25,150,5,0.1692307692307692,0.35926066732762996,1.3024528640849307,0.0
mtd_ai,200,0.0050635000719620885,0.3,2157.419772863158,0.05,150,5,0.12457142857142858,0.24899748154523882,0.16706225204307382,0.0
mtd_ai,200,0.0050635000719620885,0.29411764705882354,4554.608865056801,0.1,150,5,0.12457142857142858,0.24899748154523882,0.16706225204307382,0.0
mtd_ai,200,0.0050635000719620885,0.375,5075.671157965074,0.15,150,5,0.12457142857142858,0.24899748154523882,0.16706225204307382,0.0
mtd_ai,200,0.0050635000719620885,0.4,5687.035928862695,0.2,150,5,0.12457142857142858,0.24899748154523882,0.16706225204307382,0.0
mtd_ai,200,0.0050635000719620885,0.39893617021276595,6591.51048757928,0.25,150,5,0.12457142857142858,0.24899748154523882,0.16706225204307382,0.0
mtd_ai,200,0.00503345323237404,0.2777777777777778,2882.2333006912017,0.05,150,5,0.11111111111111109,0.6086078366053704,0.9551565229767834,0.0
mtd_ai,200,0.00503345323237404,0.3333333333333333,4420.44458355321,0.1,150,5,0.11111111111111109,0.6086078366053704,0.9551565229767834,0.0
mtd_ai,200,0.00503345323237404,0.4017857142857143,5009.908253198242,0.15,150,5,0.11111111111111109,0.6086078366053704,0.9551565229767834,0.0
mtd_ai,200,0.00503345323237404,0.4166666666666667,6106.393255038291,0.2,150,5,0.11111111111111109,0.6086078366053704,0.9551565229767834,0.0
mtd_ai,200,0.00503345323237404,0.44642857142857145,6681.799317992049,0.25,150,5,0.11111111111111109,0.6086078366053704,0.9551565229767834,0.0
mtd_ai,200,0.005073377653155742,0.28846153846153844,2267.2069046707506,0.05,150,5,0.13904761904761906,0.7300179662668798,2.692881274242604,0.0
mtd_ai,200,0.005073377653155742,0.32608695652173914,3634.1907113816014,0.1,150,5,0.13904761904761906,0.7300179662668798,2.692881274242604,0.0
mtd_ai,200,0.005073377653155742,0.39473684210526316,4161.622635130403,0.15,150,5,0.13904761904761906,0.7300179662668798,2.692881274242604,0.0
mtd_ai,200,0.005073377653155742,0.42857142857142855,4736.948517307722,0.2,150,5,0.13904761904761906,0.7300179662668798,2.692881274242604,0.0
mtd_ai,200,0.005073377653155742,0.46296296296296297,5324.353375155478,0.25,150,5,0.13904761904761906,0.7300179662668798,2.692881274242604,0.0
mtd_ai,200,0.005032162460140762,0.25862068965517243,3060.852058234787,0.05,150,5,0.10666666666666667,0.863222726239173,2.616191649482904,0.0
mtd_ai,200,0.005032162460140762,0.3409090909090909,4491.313302826724,0.1,150,5,0.10666666666666667,0.863222726239173,2.616191649482904,0.0
mtd_ai,200,0.005032162460140762,0.4017857142857143,5212.670373398429,0.15,150,5,0.10666666666666667,0.863222726239173,2.616191649482904,0.0
mtd_ai,200,0.005032162460140762,0.36585365853658536,6895.493562909185,0.2,150,5,0.10666666666666667,0.863222726239173,2.616191649482904,0.0
mtd_ai,200,0.005032162460140762,0.4166666666666667,7177.602499682478,0.25,150,5,0.10666666666666667,0.863222726239173,2.616191649482904,0.0
mtd_ai,200,0.005068155135561264,0.3409090909090909,2221.8543366077492,0.05,150,5,0.14755555555555558,0.5637324746889558,2.2088841928658947,0.0
mtd_ai,200,0.005068155135561264,0.39473684210526316,3593.865577946875,0.1,150,5,0.14755555555555558,0.5637324746889558,2.2088841928658947,0.0
mtd_ai,200,0.005068155135561264,0.46875,4087.7177769219907,0.15,150,5,0.14755555555555558,0.5637324746889558,2.2088841928658947,0.0
mtd_ai,200,0.005068155135561264,0.5084745762711864,4827.346719920247,0.2,150,5,0.14755555555555558,0.5637324746889558,2.2088841928658947,0.0
mtd_ai,200,0.005068155135561264,0.528169014084507,6019.942946939074,0.25,150,5,0.14755555555555558,0.5637324746889558,2.2088841928658947,0.0
mtd_ai,200,0.005080697340649078,0.32608695652173914,2769.321136014227,0.05,150,5,0.11,0.6689384658008029,2.7301995297342563,0.0
mtd_ai,200,0.005080697340649078,0.40540540540540543,3657.7691967210294,0.1,150,5,0.11,0.6689384658008029,2.7301995297342563,0.0
mtd_ai,200,0.005080697340649078,0.46875,4184.0280768196535,0.15,150,5,0.11,0.6689384658008029,2.7301995297342563,0.0
mtd_ai,200,0.005080697340649078,0.5,4655.3029030515645,0.2,150,5,0.11,0.6689384658008029,2.7301995297342563,0.0
mtd_ai,200,0.005080697340649078,0.5,5499.016809196174,0.25,150,5,0.11,0.6689384658008029,2.7301995297342563,0.0
mtd_ai,200,0.005065080085743569,0.35714285714285715,2059.7128574665976,0.05,150,5,0.14033333333333334,6.118023210630246,7.477263033291776,0.0
mtd_ai,200,0.005065080085743569,0.5,2653.9456331508427,0.1,150,5,0.14033333333333334,6.118023210630246,7.477263033291776,0.0
mtd_ai,200,0.005065080085743569,0.5769230769230769,3272.606904854563,0.15,150,5,0.14033333333333334,6.118023210630246,7.477263033291776,0.0
mtd_ai,200,0.005065080085743569,0.5769230769230769,4062.1052746071036,0.2,150,5,0.14033333333333334,6.118023210630246,7.477263033291776,0.0
mtd_ai,200,0.005065080085743569,0.6048387096774194,4380.684987547853,0.25,150,5,0.14033333333333334,6.118023210630246,7.477263033291776,0.0
mtd_ai,200,0.005040254235509348,0.25862068965517243,2745.6050092806445,0.05,150,5,0.16444444444444445,0.6840585609230448,2.243554113844293,0.0
mtd_ai,200,0.005040254235509348,0.36585365853658536,3486.3576253297774,0.1,150,5,0.16444444444444445,0.6840585609230448,2.243554113844293,0.0
mtd_ai,200,0.005040254235509348,0.4017857142857143,4833.0930468339975,0.15,150,5,0.16444444444444445,0.6840585609230448,2.243554113844293,0.0
mtd_ai,200,0.005040254235509348,0.43478260869565216,5657.335628114819,0.2,150,5,0.16444444444444445,0.6840585609230448,2.243554113844293,0.0
mtd_ai,200,0.005040254235509348,0.45180722891566266,6390.402629567074,0.25,150,5,0.16444444444444445,0.6840585609230448,2.243554113844293,0.0
mtd_ai,200,0.005048085236432333,0.3409090909090909,2267.83433045338,0.05,150,5,0.13666666666666666,0.3207910875841336,0.9977606410027589,0.0
mtd_ai,200,0.005048085236432333,0.3191489361702128,3979.0964922037047,0.1,150,5,0.13666666666666666,0.3207910875841336,0.9977606410027589,0.0
mtd_ai,200,0.005048085236432333,0.4017857142857143,4472.845918371177,0.15,150,5,0.13666666666666666,0.3207910875841336,0.9977606410027589,0.0
mtd_ai,200,0.005048085236432333,0.4411764705882353,5160.182054375592,0.2,150,5,0.13666666666666666,0.3207910875841336,0.9977606410027589,0.0
mtd_ai,200,0.005048085236432333,0.46875,6022.846743914805,0.25,150,5,0.13666666666666666,0.3207910875841336,0.9977606410027589,0.0
mtd_ai,200,0.005039022866081982,0.28846153846153844,2938.9472042980005,0.05,150,5,0.1403174603174603,0.5434502510171331,0.9105799351628575,0.0
mtd_ai,200,0.005039022866081982,0.35714285714285715,3823.778852361466,0.1,150,5,0.1403174603174603,0.5434502510171331,0.9105799351628575,0.0
mtd_ai,200,0.005039022866081982,0.45,4141.336842215965,0.15,150,5,0.1403174603174603,0.5434502510171331,0.9105799351628575,0.0
mtd_ai,200,0.005039022866081982,0.46875,5424.533541540812,0.2,150,5,0.1403174603174603,0.5434502510171331,0.9105799351628575,0.0
mtd_ai,200,0.005039022866081982,0.5067567567567568,6364.024343472984,0.25,150,5,0.1403174603174603,0.5434502510171331,0.9105799351628575,0.0
mtd_ai,200,0.005041378907145915,0.24193548387096775,2648.7562523086444,0.05,150,5,0.15694444444444444,0.3688972613871037,0.4227222573479767,0.0
mtd_ai,200,0.005041378907145915,0.30612244897959184,4134.501569993703,0.1,150,5,0.15694444444444444,0.3688972613871037,0.4227222573479767,0.0
mtd_ai,200,0.005041378907145915,0.375,4765.932160637671,0.15,150,5,0.15694444444444444,0.3688972613871037,0.4227222573479767,0.0
mtd_ai,200,0.005041378907145915,0.4166666666666667,5286.63703540132,0.2,150,5,0.15694444444444444,0.3688972613871037,0.4227222573479767,0.0
mtd_ai,200,0.005041378907145915,0.44642857142857145,6011.862043293302,0.25,150,5,0.15694444444444444,0.3688972613871037,0.4227222573479767,0.0
mtd_ai,200,0.005089962346596688,0.25862068965517243,2757.5765877743347,0.05,150,5,0.11,1.400264197575179,2.3969319228169983,0.0
mtd_ai,200,0.005089962346596688,0.3488372093023256,3867.074783989996,0.1,150,5,0.11,1.400264197575179,2.3969319228169983,0.0
mtd_ai,200,0.005089962346596688,0.4166666666666667,4377.810409110787,0.15,150,5,0.11,1.400264197575179,2.3969319228169983,0.0
mtd_ai,200,0.005089962346596688,0.46875,4756.569325060709,0.2,150,5,0.11,1.400264197575179,2.3969319228169983,0.0
mtd_ai,200,0.005089962346596688,0.5067567567567568,5139.098520045487,0.25,150,5,0.11,1.400264197575179,2.3969319228169983,0.0
mtd_ai,200,0.00506298380718286,0.39473684210526316,1362.6029718066936,0.05,150,5,0.11222222222222221,1.5008283030771647,4.387702982483087,0.0
mtd_ai,200,0.00506298380718286,0.28846153846153844,3257.8493544861512,0.1,150,5,0.11222222222222221,1.5008283030771647,4.387702982483087,0.0
mtd_ai,200,0.00506298380718286,0.31690140845070425,5524.640494741591,0.15,150,5,0.11222222222222221,1.5008283030771647,4.387702982483087,0.0
mtd_ai,200,0.00506298380718286,0.36585365853658536,5870.441387019787,0.2,150,5,0.11222222222222221,1.5008283030771647,4.387702982483087,0.0
mtd_ai,200,0.00506298380718286,0.4076086956521739,6279.25065515778,0.25,150,5,0.11222222222222221,1.5008283030771647,4.387702982483087,0.0
mtd_ai,200,0.005060851552348653,0.32608695652173914,2281.4789898757854,0.05,150,5,0.14333333333333334,0.17876103670553908,0.7769029373122753,0.0
mtd_ai,200,0.005060851552348653,0.3409090909090909,4046.6060608570874,0.1,150,5,0.14333333333333334,0.17876103670553908,0.7769029373122753,0.0
mtd_ai,200,0.005060851552348653,0.36885245901639346,5101.235543799892,0.15,150,5,0.14333333333333334,0.17876103670553908,0.7769029373122753,0.0
mtd_ai,200,0.005060851552348653,0.410958904109589,5841.543801396971,0.2,150,5,0.14333333333333334,0.17876103670553908,0.7769029373122753,0.0
mtd_ai,200,0.005060851552348653,0.4076086956521739,6656.948668174964,0.25,150,5,0.14333333333333334,0.17876103670553908,0.7769029373122753,0.0
mtd_ai,200,0.0050587342451123025,0.234375,2539.2835643307353,0.05,150,5,0.13644444444444442,0.6579785200152931,2.742187261142526,0.0
mtd_ai,200,0.0050587342451123025,0.3125,3481.6490788976953,0.1,150,5,0.13644444444444442,0.6579785200152931,2.742187261142526,0.0
mtd_ai,200,0.0050587342451123025,0.3358208955223881,4981.120328048568,0.15,150,5,0.13644444444444442,0.6579785200152931,2.742187261142526,0.0
mtd_ai,200,0.0050587342451123025,0.375,5779.815924450193,0.2,150,5,0.13644444444444442,0.6579785200152931,2.742187261142526,0.0
mtd_ai,200,0.0050587342451123025,0.4166666666666667,6313.3868308429865,0.25,150,5,0.13644444444444442,0.6579785200152931,2.742187261142526,0.0
mtd_ai,200,0.0050749607545633275,0.32608695652173914,2248.310843909958,0.05,150,5,0.09333333333333334,0.5195029343702711,0.6330553673027164,0.0
mtd_ai,200,0.0050749607545633275,0.36585365853658536,3824.461940119568,0.1,150,5,0.09333333333333334,0.5195029343702711,0.6330553673027164,0.0
mtd_ai,200,0.0050749607545633275,0.4090909090909091,4902.46753446726,0.15,150,5,0.09333333333333334,0.5195029343702711,0.6330553673027164,0.0
mtd_ai,200,0.0050749607545633275,0.44776119402985076,5473.074609141509,0.2,150,5,0.09333333333333334,0.5195029343702711,0.6330553673027164,0.0
mtd_ai,200,0.0050749607545633275,0.4807692307692308,6025.913415386038,0.25,150,5,0.09333333333333334,0.5195029343702711,0.6330553673027164,0.0
mtd_ai,200,0.005047454583993141,0.234375,2823.5905625555897,0.05,150,5,0.16596825396825396,0.26462167999336395,0.9111868443962723,0.0
mtd_ai,200,0.005047454583993141,0.2777777777777778,4943.77532432152,0.1,150,5,0.16596825396825396,0.26462167999336395,0.9111868443962723,0.0
mtd_ai,200,0.005047454583993141,0.32608695652173914,5943.47835579786,0.15,150,5,0.16596825396825396,0.26462167999336395,0.9111868443962723,0.0
mtd_ai,200,0.005047454583993141,0.35714285714285715,7105.885055917627,0.2,150,5,0.16596825396825396,0.26462167999336395,0.9111868443962723,0.0
mtd_ai,200,0.005047454583993141,0.39473684210526316,7699.224743588723,0.25,150,5,0.16596825396825396,0.26462167999336395,0.9111868443962723,0.0
mtd_ai,200,0.005038494185628181,0.25,3465.615754457111,0.05,150,5,0.16865079365079366,0.2428569840819639,0.8245782024183163,0.0
mtd_ai,200,0.005038494185628181,0.3409090909090909,4340.775812976386,0.1,150,5,0.16865079365079366,0.2428569840819639,0.8245782024183163,0.0
mtd_ai,200,0.005038494185628181,0.42452830188679247,4851.471786735392,0.15,150,5,0.16865079365079366,0.2428569840819639,0.8245782024183163,0.0
mtd_ai,200,0.005038494185628181,0.44776119402985076,5450.33468687351,0.2,150,5,0.16865079365079366,0.2428569840819639,0.8245782024183163,0.0
mtd_ai,200,0.005038494185628181,0.436046511627907,6442.830625445218,0.25,150,5,0.16865079365079366,0.2428569840819639,0.8245782024183163,0.0
mtd_ai,200,0.005036715381985927,0.32608695652173914,2525.754790213956,0.05,150,5,0.12,0.7404715941413871,1.9800802854406692,0.0
mtd_ai,200,0.005036715381985927,0.36585365853658536,3789.8426002440315,0.1,150,5,0.12,0.7404715941413871,1.9800802854406692,0.0
mtd_ai,200,0.005036715381985927,0.4326923076923077,4211.424338773861,0.15,150,5,0.12,0.7404715941413871,1.9800802854406692,0.0
mtd_ai,200,0.005036715381985927,0.38961038961038963,5681.337845688091,0.2,150,5,0.12,0.7404715941413871,1.9800802854406692,0.0
mtd_ai,200,0.005036715381985927,0.436046511627907,6093.29838025501,0.25,150,5,0.12,0.7404715941413871,1.9800802854406692,0.0
mtd_ai,200,0.0050353128475470535,0.26785714285714285,3085.316090577382,0.05,150,5,0.10666666666666667,2.721683216553384,2.5542495221718937,4.0
mtd_ai,200,0.0050353128475470535,0.30612244897959184,4965.106401200754,0.1,150,5,0.10666666666666667,2.721683216553384,2.5542495221718937,4.0
mtd_ai,200,0.0050353128475470535,0.375,5618.020603476489,0.15,150,5,0.10666666666666667,2.721683216553384,2.5542495221718937,4.0
mtd_ai,200,0.0050353128475470535,0.43478260869565216,5994.098332742963,0.2,150,5,0.10666666666666667,2.721683216553384,2.5542495221718937,4.0
mtd_ai,200,0.0050353128475470535,0.47468354430379744,6347.15236574401,0.25,150,5,0.10666666666666667,2.721683216553384,2.5542495221718937,4.0
mtd_ai,200,0.005037484437794025,0.26785714285714285,2434.8667286953805,0.05,150,5,0.1481111111111111,0.3831834958994892,1.6687956931001797,0.0
mtd_ai,200,0.005037484437794025,0.375,3151.547107157224,0.1,150,5,0.1481111111111111,0.3831834958994892,1.6687956931001797,0.0
mtd_ai,200,0.005037484437794025,0.3813559322033898,4895.081702353046,0.15,150,5,0.1481111111111111,0.3831834958994892,1.6687956931001797,0.0
mtd_ai,200,0.005037484437794025,0.40540540540540543,5865.028597566664,0.2,150,5,0.1481111111111111,0.3831834958994892,1.6687956931001797,0.0
mtd_ai,200,0.005037484437794025,0.4411764705882353,6268.207838829811,0.25,150,5,0.1481111111111111,0.3831834958994892,1.6687956931001797,0.0
mtd_ai,200,0.005086694416076692,0.375,1519.0630997476615,0.05,150,5,0.09444444444444444,1.0585898474307682,4.079189038973932,0.0
mtd_ai,200,0.005086694416076692,0.38461538461538464,2691.677269789664,0.1,150,5,0.09444444444444444,1.0585898474307682,4.079189038973932,0.0
mtd_ai,200,0.005086694416076692,0.4166666666666667,3903.3315877934583,0.15,150,5,0.09444444444444444,1.0585898474307682,4.079189038973932,0.0
mtd_ai,200,0.005086694416076692,0.4411764705882353,4640.386922909203,0.2,150,5,0.09444444444444444,1.0585898474307682,4.079189038973932,0.0
mtd_ai,200,0.005086694416076692,0.487012987012987,5151.256953432655,0.25,150,5,0.09444444444444444,1.0585898474307682,4.079189038973932,0.0
mtd_ai,200,0.005054991963981206,0.2777777777777778,3235.2542013667344,0.05,150,5,0.1295555555555556,0.3577817194437958,1.514470177094743,0.0
mtd_ai,200,0.005054991963981206,0.39473684210526316,3764.2143652492523,0.1,150,5,0.1295555555555556,0.3577817194437958,1.514470177094743,0.0
mtd_ai,200,0.005054991963981206,0.46875,4283.81538700442,0.15,150,5,0.1295555555555556,0.3577817194437958,1.514470177094743,0.0
mtd_ai,200,0.005054991963981206,0.5263157894736842,4899.071184501206,0.2,150,5,0.1295555555555556,0.3577817194437958,1.514470177094743,0.0
mtd_ai,200,0.005054991963981206,0.5769230769230769,5196.619576479468,0.25,150,5,0.1295555555555556,0.3577817194437958,1.514470177094743,0.0
mtd_ai,200,0.0050437480454817545,0.28846153846153844,1824.0976850681018,0.05,150,5,0.12166666666666667,0.011776468129253124,0.006747875055926927,0.0
mtd_ai,200,0.0050437480454817545,0.35714285714285715,2959.039594300478,0.1,150,5,0.12166666666666667,0.011776468129253124,0.006747875055926927,0.0
mtd_ai,200,0.0050437480454817545,0.36885245901639346,4103.503084473151,0.15,150,5,0.12166666666666667,0.011776468129253124,0.006747875055926927,0.0
mtd_ai,200,0.0050437480454817545,0.39473684210526316,4928.404911378577,0.2,150,5,0.12166666666666667,0.011776468129253124,0.006747875055926927,0.0
mtd_ai,200,0.0050437480454817545,0.43103448275862066,5307.266059551555,0.25,150,5,0.12166666666666667,0.011776468129253124,0.006747875055926927,0.0
mtd_ai,200,0.005067406930073138,0.26785714285714285,2714.2696708560197,0.05,150,5,0.07142857142857142,2.5351683738094506,6.5515010889995455,0.0
mtd_ai,200,0.005067406930073138,0.36585365853658536,4013.1056641920613,0.1,150,5,0.07142857142857142,2.5351683738094506,6.5515010889995455,0.0
mtd_ai,200,0.005067406930073138,0.4326923076923077,4676.841497890455,0.15,150,5,0.07142857142857142,2.5351683738094506,6.5515010889995455,0.0
mtd_ai,200,0.005067406930073138,0.42857142857142855,5586.160862710325,0.2,150,5,0.07142857142857142,2.5351683738094506,6.5515010889995455,0.0
mtd_ai,200,0.005067406930073138,0.42613636363636365,6735.4493803901305,0.25,150,5,0.07142857142857142,2.5351683738094506,6.5515010889995455,0.0
mtd_ai,200,0.00504934575772568,0.25,2690.1677059226104,0.05,150,5,0.10066666666666667,0.2517578625406664,1.1157579753299736,0.0
mtd_ai,200,0.00504934575772568,0.35714285714285715,3504.9377535276262,0.1,150,5,0.10066666666666667,0.2517578625406664,1.1157579753299736,0.0
mtd_ai,200,0.00504934575772568,0.4326923076923077,4032.5749033644443,0.15,150,5,0.10066666666666667,0.2517578625406664,1.1157579753299736,0.0
mtd_ai,200,0.00504934575772568,0.46153846153846156,4700.252943812474,0.2,150,5,0.10066666666666667,0.2517578625406664,1.1157579753299736,0.0
mtd_ai,200,0.00504934575772568,0.4934210526315789,5309.982214297513,0.25,150,5,0.10066666666666667,0.2517578625406664,1.1157579753299736,0.0
mtd_ai,200,0.005060438565615734,0.32608695652173914,2405.294434500168,0.05,150,5,0.16666666666666666,0.16815786013173517,0.7273870530124148,0.0
mtd_ai,200,0.005060438565615734,0.39473684210526316,3508.3142569081238,0.1,150,5,0.16666666666666666,0.16815786013173517,0.7273870530124148,0.0
mtd_ai,200,0.005060438565615734,0.4017857142857143,5232.621777193736,0.15,150,5,0.16666666666666666,0.16815786013173517,0.7273870530124148,0.0
mtd_ai,200,0.005060438565615734,0.44776119402985076,5769.023994903547,0.2,150,5,0.16666666666666666,0.16815786013173517,0.7273870530124148,0.0
mtd_ai,200,0.005060438565615734,0.43103448275862066,7223.311282058347,0.25,150,5,0.16666666666666666,0.16815786013173517,0.7273870530124148,0.0
mtd_ai,200,0.005043367860552318,0.375,1902.14606344834,0.05,150,5,0.14285714285714285,0.3430325778913643,1.21154505057844,-3.588235294117647
mtd_ai,200,0.005043367860552318,0.32608695652173914,3437.8168760224444,0.1,150,5,0.14285714285714285,0.3430325778913643,1.21154505057844,-3.588235294117647
mtd_ai,200,0.005043367860552318,0.34615384615384615,4613.359591196362,0.15,150,5,0.14285714285714285,0.3430325778913643,1.21154505057844,-3.588235294117647
mtd_ai,200,0.005043367860552318,0.38461538461538464,5375.120275416438,0.2,150,5,0.14285714285714285,0.3430325778913643,1.21154505057844,-3.588235294117647
mtd_ai,200,0.005043367860552318,0.42134831460674155,5941.711648599308,0.25,150,5,0.14285714285714285,0.3430325778913643,1.21154505057844,-3.588235294117647
mtd_ai,200,0.005057416349953131,0.32608695652173914,2294.865679983643,0.05,150,5,0.11555555555555558,0.7072687384475443,2.6380696799398895,0.0
mtd_ai,200,0.005057416349953131,0.26785714285714285,5183.061857210978,0.1,150,5,0.11555555555555558,0.7072687384475443,2.6380696799398895,0.0
mtd_ai,200,0.005057416349953131,0.33088235294117646,5694.464988887232,0.15,150,5,0.11555555555555558,0.7072687384475443,2.6380696799398895,0.0
mtd_ai,200,0.005057416349953131,0.37037037037037035,6287.836493614771,0.2,150,5,0.11555555555555558,0.7072687384475443,2.6380696799398895,0.0
mtd_ai,200,0.005057416349953131,0.3865979381443299,7022.736395093086,0.25,150,5,0.11555555555555558,0.7072687384475443,2.6380696799398895,0.0
mtd_ai,200,0.005050462339868964,0.28846153846153844,2721.3364350139236,0.05,150,5,0.167,0.5081204773187818,2.2724986888420045,0.0
mtd_ai,200,0.005050462339868964,0.375,3430.932956941716,0.1,150,5,0.167,0.5081204773187818,2.2724986888420045,0.0
mtd_ai,200,0.005050462339868964,0.4411764705882353,4259.488403746169,0.15,150,5,0.167,0.5081204773187818,2.2724986888420045,0.0
mtd_ai,200,0.005050462339868964,0.45454545454545453,4934.669809460099,0.2,150,5,0.167,0.5081204773187818,2.2724986888420045,0.0
mtd_ai,200,0.005050462339868964,0.487012987012987,5458.022175000939,0.25,150,5,0.167,0.5081204773187818,2.2724986888420045,0.0
mtd_ai,200,0.005045623326955465,0.2777777777777778,3049.001863700465,0.05,150,5,0.11333333333333333,0.5815763525917566,2.4440034987409045,0.0
mtd_ai,200,0.005045623326955465,0.36585365853658536,4042.7622039680105,0.1,150,5,0.11333333333333333,0.5815763525917566,2.4440034987409045,0.0
mtd_ai,200,0.005045623326955465,0.4326923076923077,4612.647911382504,0.15,150,5,0.11333333333333333,0.5815763525917566,2.4440034987409045,0.0
mtd_ai,200,0.005045623326955465,0.4166666666666667,5800.6815599665715,0.2,150,5,0.11333333333333333,0.5815763525917566,2.4440034987409045,0.0
mtd_ai,200,0.005045623326955465,0.45180722891566266,6247.050863115771,0.25,150,5,0.11333333333333333,0.5815763525917566,2.4440034987409045,0.0
mtd_ai,200,0.005065017549026276,0.3125,2388.701348692196,0.05,150,5,0.16922222222222222,0.5832955438050996,2.600818243343243,0.0
mtd_ai,200,0.005065017549026276,0.35714285714285715,4214.755355567638,0.1,150,5,0.16922222222222222,0.5832955438050996,2.600818243343243,0.0
mtd_ai,200,0.005065017549026276,0.42452830188679247,5061.833502230636,0.15,150,5,0.16922222222222222,0.5832955438050996,2.600818243343243,0.0
mtd_ai,200,0.005065017549026276,0.4411764705882353,5886.108881809538,0.2,150,5,0.16922222222222222,0.5832955438050996,2.600818243343243,0.0
mtd_ai,200,0.005065017549026276,0.487012987012987,6271.818042307612,0.25,150,5,0.16922222222222222,0.5832955438050996,2.600818243343243,0.0
mtd_ai,200,0.005082656207151002,0.3409090909090909,1835.5341348412135,0.05,150,5,0.14333333333333334,0.3338147501462605,1.0914405703421703,0.0
mtd_ai,200,0.005082656207151002,0.4411764705882353,2718.0374938380673,0.1,150,5,0.14333333333333334,0.3338147501462605,1.0914405703421703,0.0
mtd_ai,200,0.005082656207151002,0.45,4069.9119589332427,0.15,150,5,0.14333333333333334,0.3338147501462605,1.0914405703421703,0.0
mtd_ai,200,0.005082656207151002,0.4918032786885246,4506.984102388558,0.2,150,5,0.14333333333333334,0.3338147501462605,1.0914405703421703,0.0
mtd_ai,200,0.005082656207151002,0.5434782608695652,4793.9907725861285,0.25,150,5,0.14333333333333334,0.3338147501462605,1.0914405703421703,0.0
mtd_ai,200,0.005085565602231589,0.3,2239.4792217993463,0.05,150,5,0.21428571428571427,0.033774290544371324,0.14715486798908095,0.0
mtd_ai,200,0.005085565602231589,0.35714285714285715,3784.8874886335157,0.1,150,5,0.21428571428571427,0.033774290544371324,0.14715486798908095,0.0
mtd_ai,200,0.005085565602231589,0.4411764705882353,4158.695432380364,0.15,150,5,0.21428571428571427,0.033774290544371324,0.14715486798908095,0.0
mtd_ai,200,0.005085565602231589,0.46153846153846156,4772.812153617009,0.2,150,5,0.21428571428571427,0.033774290544371324,0.14715486798908095,0.0
mtd_ai,200,0.005085565602231589,0.5,5347.030562776765,0.25,150,5,0.21428571428571427,0.033774290544371324,0.14715486798908095,0.0
mtd_ai,200,0.005079494517966728,0.3125,2800.346581566253,0.05,150,5,0.10111111111111111,0.021754255556145966,0.07708525147562596,0.0
mtd_ai,200,0.005079494517966728,0.30612244897959184,4356.144710386662,0.1,150,5,0.10111111111111111,0.021754255556145966,0.07708525147562596,0.0
mtd_ai,200,0.005079494517966728,0.36885245901639346,4931.4641638179755,0.15,150,5,0.10111111111111111,0.021754255556145966,0.07708525147562596,0.0
mtd_ai,200,0.005079494517966728,0.4166666666666667,5402.860883857678,0.2,150,5,0.10111111111111111,0.021754255556145966,0.07708525147562596,0.0
mtd_ai,200,0.005079494517966728,0.46875,5653.429290124073,0.25,150,5,0.10111111111111111,0.021754255556145966,0.07708525147562596,0.0
mtd_ai,200,0.005053907214763995,0.234375,3096.183243655383,0.05,150,5,0.14277777777777778,0.36061069017059366,1.4857452193084826,0.0
mtd_ai,200,0.005053907214763995,0.29411764705882354,4256.1770513805905,0.1,150,5,0.14277777777777778,0.36061069017059366,1.4857452193084826,0.0
mtd_ai,200,0.005053907214763995,0.3629032258064516,4781.214584297114,0.15,150,5,0.14277777777777778,0.36061069017059366,1.4857452193084826,0.0
mtd_ai,200,0.005053907214763995,0.35714285714285715,7056.92778298941,0.2,150,5,0.14277777777777778,0.36061069017059366,1.4857452193084826,0.0
mtd_ai,200,0.005053907214763995,0.3865979381443299,7767.118257188146,0.25,150,5,0.14277777777777778,0.36061069017059366,1.4857452193084826,0.0
mtd_ai,200,0.005064798932672813,0.19230769230769232,4283.823332415326,0.05,150,5,0.2777777777777778,0.7638435861869012,3.1082063916941687,0.0
mtd_ai,200,0.005064798932672813,0.2631578947368421,6021.532846540118,0.1,150,5,0.2777777777777778,0.7638435861869012,3.1082063916941687,0.0
mtd_ai,200,0.005064798932672813,0.34615384615384615,6364.827797539479,0.15,150,5,0.2777777777777778,0.7638435861869012,3.1082063916941687,0.0
mtd_ai,200,0.005064798932672813,0.40540540540540543,6764.944974309554,0.2,150,5,0.2777777777777778,0.7638435861869012,3.1082063916941687,0.0
mtd_ai,200,0.005064798932672813,0.4573170731707317,7038.207096315257,0.25,150,5,0.2777777777777778,0.7638435861869012,3.1082063916941687,0.0
mtd_ai,200,0.005037227624566352,0.4166666666666667,1668.5232167605527,0.05,150,5,0.09333333333333334,0.7488549484714425,2.909694743241856,0.0
mtd_ai,200,0.005037227624566352,0.2777777777777778,3636.084792077695,0.1,150,5,0.09333333333333334,0.7488549484714425,2.909694743241856,0.0
mtd_ai,200,0.005037227624566352,0.3409090909090909,4145.5273977638935,0.15,150,5,0.09333333333333334,0.7488549484714425,2.909694743241856,0.0
mtd_ai,200,0.005037227624566352,0.35714285714285715,5405.628566696404,0.2,150,5,0.09333333333333334,0.7488549484714425,2.909694743241856,0.0
mtd_ai,200,0.005037227624566352,0.390625,6253.27638260287,0.25,150,5,0.09333333333333334,0.7488549484714425,2.909694743241856,0.0
mtd_ai,200,0.005042122944673399,0.25,3420.800354655901,0.05,150,5,0.11,0.8533507023853484,2.511295844319411,0.0
mtd_ai,200,0.005042122944673399,0.3409090909090909,4743.705709638865,0.1,150,5,0.11,0.8533507023853484,2.511295844319411,0.0
mtd_ai,200,0.005042122944673399,0.39473684210526316,5648.883643212841,0.15,150,5,0.11,0.8533507023853484,2.511295844319411,0.0
mtd_ai,200,0.005042122944673399,0.43478260869565216,6254.798068945063,0.2,150,5,0.11,0.8533507023853484,2.511295844319411,0.0
mtd_ai,200,0.005042122944673399,0.45180722891566266,6818.334564022329,0.25,150,5,0.11,0.8533507023853484,2.511295844319411,0.0
mtd_ai,200,0.00507275568849161,0.32608695652173914,1512.684015201899,0.05,150,5,0.17394708994708996,0.25183097926683745,0.765909347430975,0.0
mtd_ai,200,0.00507275568849161,0.35714285714285715,2941.1052384440027,0.1,150,5,0.17394708994708996,0.25183097926683745,0.765909347430975,0.0
mtd_ai,200,0.00507275568849161,0.34615384615384615,4474.33557547467,0.15,150,5,0.17394708994708996,0.25183097926683745,0.765909347430975,0.0
mtd_ai,200,0.00507275568849161,0.38961038961038963,5297.683837576225,0.2,150,5,0.17394708994708996,0.25183097926683745,0.765909347430975,0.0
mtd_ai,200,0.00507275568849161,0.43103448275862066,5668.221613435849,0.25,150,5,0.17394708994708996,0.25183097926683745,0.765909347430975,0.0
mtd_ai,200,0.005072729002427403,0.39473684210526316,2307.495574062488,0.05,150,5,0.1097777777777778,10.357077856552623,8.800161762479265,0.0
mtd_ai,200,0.005072729002427403,0.40540540540540543,3942.2167136849484,0.1,150,5,0.1097777777777778,10.357077856552623,8.800161762479265,0.0
mtd_ai,200,0.005072729002427403,0.45918367346938777,4709.337104200822,0.15,150,5,0.1097777777777778,10.357077856552623,8.800161762479265,0.0
mtd_ai,200,0.005072729002427403,0.5,5286.591797439351,0.2,150,5,0.1097777777777778,10.357077856552623,8.800161762479265,0.0
mtd_ai,200,0.005072729002427403,0.5136986301369864,6231.666207668111,0.25,150,5,0.1097777777777778,10.357077856552623,8.800161762479265,0.0
mtd_ai,200,0.005050539009712191,0.22727272727272727,3953.8868812914134,0.05,150,5,0.12755555555555556,0.9192312952415952,1.5678043275403324,0.0
mtd_ai,200,0.005050539009712191,0.2631578947368421,6807.84055477987,0.1,150,5,0.12755555555555556,0.9192312952415952,1.5678043275403324,0.0
mtd_ai,200,0.005050539009712191,0.33088235294117646,7388.184251878719,0.15,150,5,0.12755555555555556,0.9192312952415952,1.5678043275403324,0.0
mtd_ai,200,0.005050539009712191,0.38961038961038963,7759.974935350943,0.2,150,5,0.12755555555555556,0.9192312952415952,1.5678043275403324,0.0
mtd_ai,200,0.005050539009712191,0.3787878787878788,8708.501335155543,0.25,150,5,0.12755555555555556,0.9192312952415952,1.5678043275403324,0.0
mtd_ai,200,0.00508454137703652,0.3409090909090909,2267.373183959236,0.05,150,5,0.2424242424242424,0.6260937400100276,2.401955833788817,0.0,438038.85908616683
mtd_ai,200,0.00508454137703652,0.4411764705882353,3027.069636002637,0.1,150,5,0.2424242424242424,0.6260937400100276,2.401955833788817,0.0,438038.85908616683
mtd_ai,200,0.00508454137703652,0.4891304347826087,3742.5031805006024,0.15,150,5,0.2424242424242424,0.6260937400100276,2.401955833788817,0.0,438038.85908616683
mtd_ai,200,0.00508454137703652,0.4918032786885246,4726.324503774787,0.2,150,5,0.2424242424242424,0.6260937400100276,2.401955833788817,0.0,438038.85908616683
mtd_ai,200,0.00508454137703652,0.5067567567567568,5234.033298282371,0.25,150,5,0.2424242424242424,0.6260937400100276,2.401955833788817,0.0,438038.85908616683
mtd_ai,200,0.005042255146378064,0.375,2080.8664093268803,0.05,150,5,0.11166666666666666,0.7828808479914661,2.34169848554168,0.0,526217.4346829524
mtd_ai,200,0.005042255146378064,0.32608695652173914,4975.955193119436,0.1,150,5,0.11166666666666666,0.7828808479914661,2.34169848554168,0.0,526217.4346829524
mtd_ai,200,0.005042255146378064,0.4017857142857143,5653.103781170257,0.15,150,5,0.11166666666666666,0.7828808479914661,2.34169848554168,0.0,526217.4346829524
mtd_ai,200,0.005042255146378064,0.42857142857142855,6271.178225332131,0.2,150,5,0.11166666666666666,0.7828808479914661,2.34169848554168,0.0,526217.4346829524
mtd_ai,200,0.005042255146378064,0.46875,6758.517133185707,0.25,150,5,0.11166666666666666,0.7828808479914661,2.34169848554168,0.0,526217.4346829524
mtd_ai,200,0.005046692662156148,0.2777777777777778,2825.8399002007377,0.05,150,5,0.14844444444444443,11.665877741288963,7.889752131552334,0.0,538879.3265548864
mtd_ai,200,0.005046692662156148,0.3488372093023256,3874.718926744786,0.1,150,5,0.14844444444444443,11.665877741288963,7.889752131552334,0.0,538879.3265548864
mtd_ai,200,0.005046692662156148,0.4326923076923077,4445.11727559009,0.15,150,5,0.14844444444444443,11.665877741288963,7.889752131552334,0.0,538879.3265548864
mtd_ai,200,0.005046692662156148,0.43478260869565216,5746.060178861213,0.2,150,5,0.14844444444444443,11.665877741288963,7.889752131552334,0.0,538879.3265548864
mtd_ai,200,0.005046692662156148,0.47468354430379744,6258.258572270324,0.25,150,5,0.14844444444444443,11.665877741288963,7.889752131552334,0.0,538879.3265548864
mtd_ai,200,0.005044638300317852,0.39473684210526316,1623.3979262954872,0.05,150,5,0.26666666666666666,1.2490117072511175,3.015302775115747,-4.5,521953.1976476569
mtd_ai,200,0.005044638300317852,0.40540540540540543,3119.926545342664,0.1,150,5,0.26666666666666666,1.2490117072511175,3.015302775115747,-4.5,521953.1976476569
mtd_ai,200,0.005044638300317852,0.4411764705882353,4329.036132682867,0.15,150,5,0.26666666666666666,1.2490117072511175,3.015302775115747,-4.5,521953.1976476569
mtd_ai,200,0.005044638300317852,0.47619047619047616,5393.497027686769,0.2,150,5,0.26666666666666666,1.2490117072511175,3.015302775115747,-4.5,521953.1976476569
mtd_ai,200,0.005044638300317852,0.5208333333333334,5727.607513498329,0.25,150,5,0.26666666666666666,1.2490117072511175,3.015302775115747,-4.5,521953.1976476569
mtd_ai,200,0.005046747481935707,0.32608695652173914,2379.2049929948025,0.05,150,5,0.14777777777777779,0.40551602789220087,1.729724820837369,0.0,519270.1642938679
mtd_ai,200,0.005046747481935707,0.40540540540540543,3341.114508919315,0.1,150,5,0.14777777777777779,0.40551602789220087,1.729724820837369,0.0,519270.1642938679
mtd_ai,200,0.005046747481935707,0.4090909090909091,4194.546394907647,0.15,150,5,0.14777777777777779,0.40551602789220087,1.729724820837369,0.0,519270.1642938679
mtd_ai,200,0.005046747481935707,0.4411764705882353,4896.713643605264,0.2,150,5,0.14777777777777779,0.40551602789220087,1.729724820837369,0.0,519270.1642938679
mtd_ai,200,0.005046747481935707,0.487012987012987,5341.2227550186635,0.25,150,5,0.14777777777777779,0.40551602789220087,1.729724820837369,0.0,519270.1642938679
mtd_ai,200,0.005062617484042346,0.25862068965517243,2711.37987308457,0.05,150,5,0.10844444444444444,0.3903253743820984,1.1197227645148695,0.0,669952.5137536514
mtd_ai,200,0.005062617484042346,0.3191489361702128,3745.2172389120433,0.1,150,5,0.10844444444444444,0.3903253743820984,1.1197227645148695,0.0,669952.5137536514
mtd_ai,200,0.005062617484042346,0.3629032258064516,4745.190111305861,0.15,150,5,0.10844444444444444,0.3903253743820984,1.1197227645148695,0.0,669952.5137536514
mtd_ai,200,0.005062617484042346,0.38461538461538464,6186.761800694187,0.2,150,5,0.10844444444444444,0.3903253743820984,1.1197227645148695,0.0,669952.5137536514
mtd_ai,200,0.005062617484042346,0.4166666666666667,7070.932637929875,0.25,150,5,0.10844444444444444,0.3903253743820984,1.1197227645148695,0.0,669952.5137536514
mtd_ai,200,0.005035729916277937,0.3125,2575.767813505454,0.05,150,5,0.11333333333333333,0.7764298139954949,2.6636482464874924,3.8181818181818183,702358.0535458056
mtd_ai,200,0.005035729916277937,0.39473684210526316,3289.077699357692,0.1,150,5,0.11333333333333333,0.7764298139954949,2.6636482464874924,3.8181818181818183,702358.0535458056
mtd_ai,200,0.005035729916277937,0.4017857142857143,5125.171289136608,0.15,150,5,0.11333333333333333,0.7764298139954949,2.6636482464874924,3.8181818181818183,702358.0535458056
mtd_ai,200,0.005035729916277937,0.375,6380.152386861328,0.2,150,5,0.11333333333333333,0.7764298139954949,2.6636482464874924,3.8181818181818183,702358.0535458056
mtd_ai,200,0.005035729916277937,0.4076086956521739,6984.244686223385,0.25,150,5,0.11333333333333333,0.7764298139954949,2.6636482464874924,3.8181818181818183,702358.0535458056
mtd_ai,200,0.005052441672715665,0.35714285714285715,1991.6646050713189,0.05,150,5,0.11333333333333333,0.4042533562503646,0.5154031897510024,6.75,449361.9790060732
mtd_ai,200,0.005052441672715665,0.4166666666666667,2895.245655819658,0.1,150,5,0.11333333333333333,0.4042533562503646,0.5154031897510024,6.75,449361.9790060732
mtd_ai,200,0.005052441672715665,0.46875,3737.5321629141204,0.15,150,5,0.11333333333333333,0.4042533562503646,0.5154031897510024,6.75,449361.9790060732
mtd_ai,200,0.005052441672715665,0.5084745762711864,4319.142375923091,0.2,150,5,0.11333333333333333,0.4042533562503646,0.5154031897510024,6.75,449361.9790060732
mtd_ai,200,0.005052441672715665,0.5434782608695652,4814.775743937518,0.25,150,5,0.11333333333333333,0.4042533562503646,0.5154031897510024,6.75,449361.9790060732
mtd_ai,200,0.00505043849499836,0.22727272727272727,2360.821557923076,0.05,150,5,0.1477777777777778,0.19120735719981122,0.4117212152143022,0.0,702733.8768074447
mtd_ai,200,0.00505043849499836,0.24193548387096775,5140.117193454244,0.1,150,5,0.1477777777777778,0.19120735719981122,0.4117212152143022,0.0,702733.8768074447
mtd_ai,200,0.00505043849499836,0.2710843373493976,6303.7912241813965,0.15,150,5,0.1477777777777778,0.19120735719981122,0.4117212152143022,0.0,702733.8768074447
mtd_ai,200,0.00505043849499836,0.30927835051546393,6936.2914873395175,0.2,150,5,0.1477777777777778,0.19120735719981122,0.4117212152143022,0.0,702733.8768074447
mtd_ai,200,0.00505043849499836,0.3440366972477064,7695.629119174385,0.25,150,5,0.1477777777777778,0.19120735719981122,0.4117212152143022,0.0,702733.8768074447
mtd_ai,200,0.005057274042052447,0.46875,1593.3602199006668,0.05,150,5,0.12866666666666668,0.8284303303735306,0.5374492865005341,0.0,468676.9226449286
mtd_ai,200,0.005057274042052447,0.4838709677419355,2651.552056443754,0.1,150,5,0.12866666666666668,0.8284303303735306,0.5374492865005341,0.0,468676.9226449286
mtd_ai,200,0.005057274042052447,0.5487804878048781,3211.124487893886,0.15,150,5,0.12866666666666668,0.8284303303735306,0.5374492865005341,0.0,468676.9226449286
mtd_ai,200,0.005057274042052447,0.5263157894736842,3961.5625330547464,0.2,150,5,0.12866666666666668,0.8284303303735306,0.5374492865005341,0.0,468676.9226449286
mtd_ai,200,0.005057274042052447,0.5357142857142857,4957.533407149491,0.25,150,5,0.12866666666666668,0.8284303303735306,0.5374492865005341,0.0,468676.9226449286
mtd_ai,200,0.0050288808150413915,0.3125,3260.718029088338,0.05,150,5,0.11511111111111111,1.241721937217515,4.731360811058256,0.0,688261.5211646421
mtd_ai,200,0.0050288808150413915,0.40540540540540543,3977.7457952490295,0.1,150,5,0.11511111111111111,1.241721937217515,4.731360811058256,0.0,688261.5211646421
mtd_ai,200,0.0050288808150413915,0.4326923076923077,5205.814454010549,0.15,150,5,0.11511111111111111,1.241721937217515,4.731360811058256,0.0,688261.5211646421
mtd_ai,200,0.0050288808150413915,0.43478260869565216,6497.521060790706,0.2,150,5,0.11511111111111111,1.241721937217515,4.731360811058256,0.0,688261.5211646421
mtd_ai,200,0.0050288808150413915,0.44642857142857145,7821.552793450263,0.25,150,5,0.11511111111111111,1.241721937217515,4.731360811058256,0.0,688261.5211646421
mtd_ai,200,0.0050693873825369985,0.375,1916.454780462584,0.05,150,5,0.2777777777777778,4.322528423573697,6.872363541102591,0.0,497119.9920204055
mtd_ai,200,0.0050693873825369985,0.39473684210526316,3336.5833137487957,0.1,150,5,0.2777777777777778,4.322528423573697,6.872363541102591,0.0,497119.9920204055
mtd_ai,200,0.0050693873825369985,0.45918367346938777,3924.820128508568,0.15,150,5,0.2777777777777778,4.322528423573697,6.872363541102591,0.0,497119.9920204055
mtd_ai,200,0.0050693873825369985,0.46875,5153.891455910886,0.2,150,5,0.2777777777777778,4.322528423573697,6.872363541102591,0.0,497119.9920204055
mtd_ai,200,0.0050693873825369985,0.5,5777.730639408874,0.25,150,5,0.2777777777777778,4.322528423573697,6.872363541102591,0.0,497119.9920204055
mtd_ai,200,0.005053813150538646,0.19230769230769232,4875.5038489705685,0.05,150,5,0.05333333333333334,0.5847748276409287,2.1996474549840217,0.0,643076.9273686047
mtd_ai,200,0.005053813150538646,0.28846153846153844,5522.188472642165,0.1,150,5,0.05333333333333334,0.5847748276409287,2.1996474549840217,0.0,643076.9273686047
mtd_ai,200,0.005053813150538646,0.3358208955223881,6698.045383364006,0.15,150,5,0.05333333333333334,0.5847748276409287,2.1996474549840217,0.0,643076.9273686047
mtd_ai,200,0.005053813150538646,0.38961038961038963,7161.604650193496,0.2,150,5,0.05333333333333334,0.5847748276409287,2.1996474549840217,0.0,643076.9273686047
mtd_ai,200,0.005053813150538646,0.42613636363636365,7715.0396924894585,0.25,150,5,0.05333333333333334,0.5847748276409287,2.1996474549840217,0.0,643076.9273686047
mtd_ai,200,0.005069880873535671,0.234375,2892.7062286794917,0.05,150,5,0.13866666666666666,0.8698752031803435,3.865945457487964,0.0,557876.2335182516
mtd_ai,200,0.005069880873535671,0.3,4359.439639087278,0.1,150,5,0.13866666666666666,0.8698752031803435,3.865945457487964,0.0,557876.2335182516
mtd_ai,200,0.005069880873535671,0.3813559322033898,4701.333680686261,0.15,150,5,0.13866666666666666,0.8698752031803435,3.865945457487964,0.0,557876.2335182516
mtd_ai,200,0.005069880873535671,0.410958904109589,5909.033998664211,0.2,150,5,0.13866666666666666,0.8698752031803435,3.865945457487964,0.0,557876.2335182516
mtd_ai,200,0.005069880873535671,0.4411764705882353,6485.036684427084,0.25,150,5,0.13866666666666666,0.8698752031803435,3.865945457487964,0.0,557876.2335182516
mtd_ai,200,0.005064562371247404,0.32608695652173914,2370.2359285838857,0.05,150,5,0.1288888888888889,0.590134540975653,2.4902442414614443,0.0,624118.5549357848
mtd_ai,200,0.005064562371247404,0.3191489361702128,4167.638038276749,0.1,150,5,0.1288888888888889,0.590134540975653,2.4902442414614443,0.0,624118.5549357848
mtd_ai,200,0.005064562371247404,0.3629032258064516,5441.444717264785,0.15,150,5,0.1288888888888889,0.590134540975653,2.4902442414614443,0.0,624118.5549357848
mtd_ai,200,0.005064562371247404,0.40540540540540543,6083.495643039349,0.2,150,5,0.1288888888888889,0.590134540975653,2.4902442414614443,0.0,624118.5549357848
mtd_ai,200,0.005064562371247404,0.4411764705882353,6656.532978568412,0.25,150,5,0.1288888888888889,0.590134540975653,2.4902442414614443,0.0,624118.5549357848
mtd_ai,200,0.005034404465778878,0.32608695652173914,2662.4795775249513,0.05,150,5,0.10244444444444445,0.6054909516605451,1.9928597196338784,0.0,687139.2339553435
mtd_ai,200,0.005034404465778878,0.42857142857142855,3284.7178681935093,0.1,150,5,0.10244444444444445,0.6054909516605451,1.9928597196338784,0.0,687139.2339553435
mtd_ai,200,0.005034404465778878,0.4891304347826087,4391.570955013544,0.15,150,5,0.10244444444444445,0.6054909516605451,1.9928597196338784,0.0,687139.2339553435
mtd_ai,200,0.005034404465778878,0.4918032786885246,5628.364560341188,0.2,150,5,0.10244444444444445,0.6054909516605451,1.9928597196338784,0.0,687139.2339553435
mtd_ai,200,0.005034404465778878,0.46296296296296297,6793.36020161945,0.25,150,5,0.10244444444444445,0.6054909516605451,1.9928597196338784,0.0,687139.2339553435
mtd_ai,200,0.005060934042235201,0.25,2511.2552427014043,0.05,150,5,0.14333333333333334,1.0499154903696268,3.1824471842995905,0.0,561195.6127931077
mtd_ai,200,0.005060934042235201,0.32608695652173914,3636.5416748116713,0.1,150,5,0.14333333333333334,1.0499154903696268,3.1824471842995905,0.0,561195.6127931077
mtd_ai,200,0.005060934042235201,0.375,4580.814978741866,0.15,150,5,0.14333333333333334,1.0499154903696268,3.1824471842995905,0.0,561195.6127931077
mtd_ai,200,0.005060934042235201,0.3157894736842105,6109.681547183876,0.2,150,5,0.14333333333333334,1.0499154903696268,3.1824471842995905,0.0,561195.6127931077
mtd_ai,200,0.005060934042235201,0.35377358490566035,6452.091096937027,0.25,150,5,0.14333333333333334,1.0499154903696268,3.1824471842995905,0.0,561195.6127931077
mtd_ai,200,0.0050757949962798,0.375,1716.01830635115,0.05,150,5,0.15055555555555555,1.463356860572003,4.6534744183718635,0.0,458508.650171451
mtd_ai,200,0.0050757949962798,0.4411764705882353,2748.094942149143,0.1,150,5,0.15055555555555555,1.463356860572003,4.6534744183718635,0.0,458508.650171451
mtd_ai,200,0.0050757949962798,0.5,3483.681453104201,0.15,150,5,0.15055555555555555,1.463356860572003,4.6534744183718635,0.0,458508.650171451
mtd_ai,200,0.0050757949962798,0.5,4083.8203406758603,0.2,150,5,0.15055555555555555,1.463356860572003,4.6534744183718635,0.0,458508.650171451
mtd_ai,200,0.0050757949962798,0.5,4883.49877806187,0.25,150,5,0.15055555555555555,1.463356860572003,4.6534744183718635,0.0,458508.650171451
mtd_ai,200,0.005052160897251612,0.3125,2738.8609106804124,0.05,150,5,0.19117647058823528,0.192958834046914,0.7777137865401448,0.0,537095.8035365546
mtd_ai,200,0.005052160897251612,0.30612244897959184,5338.561218881657,0.1,150,5,0.19117647058823528,0.192958834046914,0.7777137865401448,0.0,537095.8035365546
mtd_ai,200,0.005052160897251612,0.3813559322033898,6114.288083478249,0.15,150,5,0.19117647058823528,0.192958834046914,0.7777137865401448,0.0,537095.8035365546
mtd_ai,200,0.005052160897251612,0.42857142857142855,6743.891052978226,0.2,150,5,0.19117647058823528,0.192958834046914,0.7777137865401448,0.0,537095.8035365546
mtd_ai,200,0.005052160897251612,0.46875,7086.683728484385,0.25,150,5,0.19117647058823528,0.192958834046914,0.7777137865401448,0.0,537095.8035365546
mtd_ai,200,0.005080033783742375,0.3,1985.102498151384,0.05,150,5,0.13444444444444445,0.027092179847041136,0.10948400308427265,0.0,530493.2491445078
mtd_ai,200,0.005080033783742375,0.3191489361702128,3350.1999649813124,0.1,150,5,0.13444444444444445,0.027092179847041136,0.10948400308427265,0.0,530493.2491445078
mtd_ai,200,0.005080033783742375,0.4017857142857143,3601.020107192651,0.15,150,5,0.13444444444444445,0.027092179847041136,0.10948400308427265,0.0,530493.2491445078
mtd_ai,200,0.005080033783742375,0.4225352112676056,4632.761042443556,0.2,150,5,0.13444444444444445,0.027092179847041136,0.10948400308427265,0.0,530493.2491445078
mtd_ai,200,0.005080033783742375,0.44642857142857145,5390.358010935195,0.25,150,5,0.13444444444444445,0.027092179847041136,0.10948400308427265,0.0,530493.2491445078
mtd_ai,200,0.005042954987045576,0.3,2216.7510693034055,0.05,150,5,0.16093650793650793,0.5716570653963275,2.159369481233244,0.0,549093.7147403635
mtd_ai,200,0.005042954987045576,0.32608695652173914,4540.629421188412,0.1,150,5,0.16093650793650793,0.5716570653963275,2.159369481233244,0.0,549093.7147403635
mtd_ai,200,0.005042954987045576,0.375,5298.853215765372,0.15,150,5,0.16093650793650793,0.5716570653963275,2.159369481233244,0.0,549093.7147403635
mtd_ai,200,0.005042954987045576,0.410958904109589,5875.7753104501335,0.2,150,5,0.16093650793650793,0.5716570653963275,2.159369481233244,0.0,549093.7147403635
mtd_ai,200,0.005042954987045576,0.4411764705882353,6502.259818310389,0.25,150,5,0.16093650793650793,0.5716570653963275,2.159369481233244,0.0,549093.7147403635
mtd_ai,200,0.0050361826065334885,0.17045454545454544,4969.666656129804,0.05,150,5,0.10277777777777777,0.34317741396589724,0.9157851071564888,0.0,630523.5505442702
mtd_ai,200,0.0050361826065334885,0.26785714285714285,5638.022680520451,0.1,150,5,0.10277777777777777,0.34317741396589724,0.9157851071564888,0.0,630523.5505442702
mtd_ai,200,0.0050361826065334885,0.3515625,5982.584244565891,0.15,150,5,0.10277777777777777,0.34317741396589724,0.9157851071564888,0.0,630523.5505442702
mtd_ai,200,0.0050361826065334885,0.38961038961038963,6517.694356411958,0.2,150,5,0.10277777777777777,0.34317741396589724,0.9157851071564888,0.0,630523.5505442702
mtd_ai,200,0.0050361826065334885,0.4166666666666667,7107.839265009372,0.25,150,5,0.10277777777777777,0.34317741396589724,0.9157851071564888,0.0,630523.5505442702
mtd_ai,200,0.005064672854624342,0.32608695652173914,2790.8200782483077,0.05,150,5,0.21428571428571427,1.1571396642842404,3.459490555657049,0.0,594090.8225591356
mtd_ai,200,0.005064672854624342,0.38461538461538464,3928.347541271203,0.1,150,5,0.21428571428571427,1.1571396642842404,3.459490555657049,0.0,594090.8225591356
mtd_ai,200,0.005064672854624342,0.4166666666666667,5018.379096274128,0.15,150,5,0.21428571428571427,1.1571396642842404,3.459490555657049,0.0,594090.8225591356
mtd_ai,200,0.005064672854624342,0.44776119402985076,5695.165261096483,0.2,150,5,0.21428571428571427,1.1571396642842404,3.459490555657049,0.0,594090.8225591356
mtd_ai,200,0.005064672854624342,0.47468354430379744,6517.05177260044,0.25,150,5,0.21428571428571427,1.1571396642842404,3.459490555657049,0.0,594090.8225591356
mtd_ai,200,0.005065397033990377,0.24193548387096775,3271.91650449714,0.05,150,5,0.13111111111111112,0.2788931272890667,1.0426201899499943,0.0,557724.1015704408
mtd_ai,200,0.005065397033990377,0.32608695652173914,4399.610949221456,0.1,150,5,0.13111111111111112,0.2788931272890667,1.0426201899499943,0.0,557724.1015704408
mtd_ai,200,0.005065397033990377,0.34615384615384615,5186.862596994806,0.15,150,5,0.13111111111111112,0.2788931272890667,1.0426201899499943,0.0,557724.1015704408
mtd_ai,200,0.005065397033990377,0.36585365853658536,6024.151704072771,0.2,150,5,0.13111111111111112,0.2788931272890667,1.0426201899499943,0.0,557724.1015704408
mtd_ai,200,0.005065397033990377,0.390625,6485.949930225528,0.25,150,5,0.13111111111111112,0.2788931272890667,1.0426201899499943,0.0,557724.1015704408
mtd_ai,200,0.005053376049165706,0.3409090909090909,2088.097974451117,0.05,150,5,0.2,1.3849772149399848,4.152570212386677,0.0,555008.20951055
mtd_ai,200,0.005053376049165706,0.38461538461538464,3344.392101345431,0.1,150,5,0.2,1.3849772149399848,4.152570212386677,0.0,555008.20951055
mtd_ai,200,0.005053376049165706,0.45,4051.2295610933415,0.15,150,5,0.2,1.3849772149399848,4.152570212386677,0.0,555008.20951055
mtd_ai,200,0.005053376049165706,0.4838709677419355,4601.943935484551,0.2,150,5,0.2,1.3849772149399848,4.152570212386677,0.0,555008.20951055
mtd_ai,200,0.005053376049165706,0.5067567567567568,5487.783040109522,0.25,150,5,0.2,1.3849772149399848,4.152570212386677,0.0,555008.20951055
mtd_ai,200,0.005049420406192959,0.3125,1974.8358636393154,0.05,150,5,0.2,0.5512598637817041,1.9957962438439079,0.0,477740.264099035
mtd_ai,200,0.005049420406192959,0.40540540540540543,2813.278450236412,0.1,150,5,0.2,0.5512598637817041,1.9957962438439079,0.0,477740.264099035
mtd_ai,200,0.005049420406192959,0.4326923076923077,4035.2698021604447,0.15,150,5,0.2,0.5512598637817041,1.9957962438439079,0.0,477740.264099035
mtd_ai,200,0.005049420406192959,0.45454545454545453,4973.9108813981275,0.2,150,5,0.2,0.5512598637817041,1.9957962438439079,0.0,477740.264099035
mtd_ai,200,0.005049420406192959,0.46296296296296297,5977.512243249829,0.25,150,5,0.2,0.5512598637817041,1.9957962438439079,0.0,477740.264099035
mtd_ai,200,0.005078785795111857,0.3409090909090909,1987.3896292472982,0.05,150,5,0.14047619047619045,1.0221342728649285,2.004507992354028,0.0,431817.26551464485
mtd_ai,200,0.005078785795111857,0.4166666666666667,2923.8284942894784,0.1,150,5,0.14047619047619045,1.0221342728649285,2.004507992354028,0.0,431817.26551464485
mtd_ai,200,0.005078785795111857,0.46875,4192.030509901235,0.15,150,5,0.14047619047619045,1.0221342728649285,2.004507992354028,0.0,431817.26551464485
mtd_ai,200,0.005078785795111857,0.4918032786885246,4883.583942430052,0.2,150,5,0.14047619047619045,1.0221342728649285,2.004507992354028,0.0,431817.26551464485
mtd_ai,200,0.005078785795111857,0.5357142857142857,5276.3246864966895,0.25,150,5,0.14047619047619045,1.0221342728649285,2.004507992354028,0.0,431817.26551464485
mtd_ai,200,0.0050558795173268134,0.3409090909090909,1956.7655128553595,0.05,150,5,0.19047619047619047,0.6525286264107458,2.4865579913257956,0.0,588026.0269055507
mtd_ai,200,0.0050558795173268134,0.234375,4816.742864750109,0.1,150,5,0.19047619047619047,0.6525286264107458,2.4865579913257956,0.0,588026.0269055507
mtd_ai,200,0.0050558795173268134,0.2922077922077922,5370.301261752795,0.15,150,5,0.19047619047619047,0.6525286264107458,2.4865579913257956,0.0,588026.0269055507
mtd_ai,200,0.0050558795173268134,0.33707865168539325,5781.839350919685,0.2,150,5,0.19047619047619047,0.6525286264107458,2.4865579913257956,0.0,588026.0269055507
mtd_ai,200,0.0050558795173268134,0.3640776699029126,6489.085392770074,0.25,150,5,0.19047619047619047,0.6525286264107458,2.4865579913257956,0.0,588026.0269055507
mtd_ai,200,0.0050556921454959405,0.35714285714285715,1890.1850129591762,0.05,150,5,0.10888888888888891,0.8491799956185638,2.5025786632460365,0.0,473337.07448552945
mtd_ai,200,0.0050556921454959405,0.4166666666666667,3197.398302669439,0.1,150,5,0.10888888888888891,0.8491799956185638,2.5025786632460365,0.0,473337.07448552945
mtd_ai,200,0.0050556921454959405,0.4891304347826087,3839.063395865478,0.15,150,5,0.10888888888888891,0.8491799956185638,2.5025786632460365,0.0,473337.07448552945
mtd_ai,200,0.0050556921454959405,0.5357142857142857,4302.841355484585,0.2,150,5,0.10888888888888891,0.8491799956185638,2.5025786632460365,0.0,473337.07448552945
mtd_ai,200,0.0050556921454959405,0.5681818181818182,4858.005219063119,0.25,150,5,0.10888888888888891,0.8491799956185638,2.5025786632460365,0.0,473337.07448552945
mtd_ai,200,0.005034820028584069,0.28846153846153844,2442.808163427656,0.05,150,5,0.13333333333333333,1.1048478569814761,3.228702994577586,0.0,579398.1229512659
mtd_ai,200,0.005034820028584069,0.38461538461538464,3531.6690924850864,0.1,150,5,0.13333333333333333,1.1048478569814761,3.228702994577586,0.0,579398.1229512659
mtd_ai,200,0.005034820028584069,0.42452830188679247,4425.606748784363,0.15,150,5,0.13333333333333333,1.1048478569814761,3.228702994577586,0.0,579398.1229512659
mtd_ai,200,0.005034820028584069,0.4,5730.45931326937,0.2,150,5,0.13333333333333333,1.1048478569814761,3.228702994577586,0.0,579398.1229512659
mtd_ai,200,0.005034820028584069,0.436046511627907,6373.439461759066,0.25,150,5,0.13333333333333333,1.1048478569814761,3.228702994577586,0.0,579398.1229512659
mtd_ai,200,0.005063373706000706,0.375,2282.7899172931784,0.05,150,5,0.12266666666666666,0.028241585212719283,0.11248900488847052,0.0,564095.9352136707
mtd_ai,200,0.005063373706000706,0.46875,2861.3409201363534,0.1,150,5,0.12266666666666666,0.028241585212719283,0.11248900488847052,0.0,564095.9352136707
mtd_ai,200,0.005063373706000706,0.45,4792.09124332287,0.15,150,5,0.12266666666666666,0.028241585212719283,0.11248900488847052,0.0,564095.9352136707
mtd_ai,200,0.005063373706000706,0.46153846153846156,6051.221103056241,0.2,150,5,0.12266666666666666,0.028241585212719283,0.11248900488847052,0.0,564095.9352136707
mtd_ai,200,0.005063373706000706,0.5067567567567568,6346.761825932061,0.25,150,5,0.12266666666666666,0.028241585212719283,0.11248900488847052,0.0,564095.9352136707
mtd_ai,200,0.005043891093603681,0.375,1948.784465985627,0.05,150,5,0.14866666666666667,0.06736175711169344,0.187025846323069,0.0,455018.1232447509
mtd_ai,200,0.005043891093603681,0.4411764705882353,3024.566403609142,0.1,150,5,0.14866666666666667,0.06736175711169344,0.187025846323069,0.0,455018.1232447509
mtd_ai,200,0.005043891093603681,0.4891304347826087,3744.5712299841343,0.15,150,5,0.14866666666666667,0.06736175711169344,0.187025846323069,0.0,455018.1232447509
mtd_ai,200,0.005043891093603681,0.5084745762711864,4392.7509833614085,0.2,150,5,0.14866666666666667,0.06736175711169344,0.187025846323069,0.0,455018.1232447509
mtd_ai,200,0.005043891093603681,0.5434782608695652,4935.902704194681,0.25,150,5,0.14866666666666667,0.06736175711169344,0.187025846323069,0.0,455018.1232447509
mtd_ai,200,0.005072870117341604,0.3,2946.6437411906654,0.05,150,5,0.08333333333333333,0.1485866777910646,0.5009563502393771,0.0,485490.1924844923
mtd_ai,200,0.005072870117341604,0.40540540540540543,3481.077942895401,0.1,150,5,0.08333333333333333,0.1485866777910646,0.5009563502393771,0.0,485490.1924844923
mtd_ai,200,0.005072870117341604,0.4891304347826087,3945.9424881757623,0.15,150,5,0.08333333333333333,0.1485866777910646,0.5009563502393771,0.0,485490.1924844923
mtd_ai,200,0.005072870117341604,0.4838709677419355,5528.395821143431,0.2,150,5,0.08333333333333333,0.1485866777910646,0.5009563502393771,0.0,485490.1924844923
mtd_ai,200,0.005072870117341604,0.528169014084507,5855.671485541661,0.25,150,5,0.08333333333333333,0.1485866777910646,0.5009563502393771,0.0,485490.1924844923
mtd_ai,200,0.005025893895524026,0.3125,1644.661895933184,0.05,150,5,0.12,1.136976140942346,3.5698916682036796,0.0,707932.8100304587
mtd_ai,200,0.005025893895524026,0.2830188679245283,4308.62058155968,0.1,150,5,0.12,1.136976140942346,3.5698916682036796,0.0,707932.8100304587
mtd_ai,200,0.005025893895524026,0.31690140845070425,5737.756466896097,0.15,150,5,0.12,1.136976140942346,3.5698916682036796,0.0,707932.8100304587
mtd_ai,200,0.005025893895524026,0.3409090909090909,6653.981623521475,0.2,150,5,0.12,1.136976140942346,3.5698916682036796,0.0,707932.8100304587
mtd_ai,200,0.005025893895524026,0.35377358490566035,8113.493872470648,0.25,150,5,0.12,1.136976140942346,3.5698916682036796,0.0,707932.8100304587
mtd_ai,200,0.005037209681076202,0.375,1642.788525044215,0.05,150,5,0.35,0.8001454204392039,3.1796834807833467,0.07407407407407407,578617.5686536632
mtd_ai,200,0.005037209681076202,0.36585365853658536,3632.924243982352,0.1,150,5,0.35,0.8001454204392039,3.1796834807833467,0.07407407407407407,578617.5686536632
mtd_ai,200,0.005037209681076202,0.4017857142857143,5169.237267190152,0.15,150,5,0.35,0.8001454204392039,3.1796834807833467,0.07407407407407407,578617.5686536632
mtd_ai,200,0.005037209681076202,0.45454545454545453,5673.918231007847,0.2,150,5,0.35,0.8001454204392039,3.1796834807833467,0.07407407407407407,578617.5686536632
mtd_ai,200,0.005037209681076202,0.4934210526315789,6060.557081984205,0.25,150,5,0.35,0.8001454204392039,3.1796834807833467,0.07407407407407407,578617.5686536632
mtd_ai,200,0.0050386761462553765,0.2777777777777778,3429.530203773147,0.05,150,5,0.3333333333333333,2.560408774963979,5.985488377331533,-5.4,573143.3716448541
mtd_ai,200,0.0050386761462553765,0.3333333333333333,4445.383590894551,0.1,150,5,0.3333333333333333,2.560408774963979,5.985488377331533,-5.4,573143.3716448541
mtd_ai,200,0.0050386761462553765,0.39473684210526316,5214.746948698674,0.15,150,5,0.3333333333333333,2.560408774963979,5.985488377331533,-5.4,573143.3716448541
mtd_ai,200,0.0050386761462553765,0.43478260869565216,5748.046122337959,0.2,150,5,0.3333333333333333,2.560408774963979,5.985488377331533,-5.4,573143.3716448541
mtd_ai,200,0.0050386761462553765,0.487012987012987,6058.4208415520625,0.25,150,5,0.3333333333333333,2.560408774963979,5.985488377331533,-5.4,573143.3716448541
mtd_ai,200,0.005073374305893702,0.3,2369.1973600052916,0.05,150,5,0.13222222222222224,0.07370704372839597,0.23409363291627727,0.0,570498.8240815295
mtd_ai,200,0.005073374305893702,0.3409090909090909,3787.4312252184172,0.1,150,5,0.13222222222222224,0.07370704372839597,0.23409363291627727,0.0,570498.8240815295
mtd_ai,200,0.005073374305893702,0.3629032258064516,5003.340796936813,0.15,150,5,0.13222222222222224,0.07370704372839597,0.23409363291627727,0.0,570498.8240815295
mtd_ai,200,0.005073374305893702,0.4,5730.997733943399,0.2,150,5,0.13222222222222224,0.07370704372839597,0.23409363291627727,0.0,570498.8240815295
mtd_ai,200,0.005073374305893702,0.42613636363636365,6394.3608688289005,0.25,150,5,0.13222222222222224,0.07370704372839597,0.23409363291627727,0.0,570498.8240815295
mtd_ai,200,0.0050394594087929175,0.3,2466.15570762361,0.05,150,5,0.09833333333333333,0.17072599960139506,0.7118313089330219,0.0,569612.2829894241
mtd_ai,200,0.0050394594087929175,0.39473684210526316,3296.3422166131404,0.1,150,5,0.09833333333333333,0.17072599960139506,0.7118313089330219,0.0,569612.2829894241
mtd_ai,200,0.0050394594087929175,0.4090909090909091,5031.527393543992,0.15,150,5,0.09833333333333333,0.17072599960139506,0.7118313089330219,0.0,569612.2829894241
mtd_ai,200,0.0050394594087929175,0.45454545454545453,5478.129994941489,0.2,150,5,0.09833333333333333,0.17072599960139506,0.7118313089330219,0.0,569612.2829894241
mtd_ai,200,0.0050394594087929175,0.47468354430379744,6156.6132320933775,0.25,150,5,0.09833333333333333,0.17072599960139506,0.7118313089330219,0.0,569612.2829894241
mtd_ai,200,0.0050642591262625835,0.25862068965517243,3134.676188595785,0.05,150,5,0.12866666666666668,1.1694404232399254,4.288020102631929,0.0,524816.934845122
mtd_ai,200,0.0050642591262625835,0.32608695652173914,4534.007752506221,0.1,150,5,0.12866666666666668,1.1694404232399254,4.288020102631929,0.0,524816.934845122
mtd_ai,200,0.0050642591262625835,0.39473684210526316,5043.627715813782,0.15,150,5,0.12866666666666668,1.1694404232399254,4.288020102631929,0.0,524816.934845122
mtd_ai,200,0.0050642591262625835,0.42857142857142855,5470.585792326765,0.2,150,5,0.12866666666666668,1.1694404232399254,4.288020102631929,0.0,524816.934845122
mtd_ai,200,0.0050642591262625835,0.46296296296296297,6027.088045067263,0.25,150,5,0.12866666666666668,1.1694404232399254,4.288020102631929,0.0,524816.934845122
mtd_ai,200,0.005080173191533778,0.39473684210526316,1617.498719518488,0.05,150,5,0.1481111111111111,0.6912002444274651,2.4307848593100876,0.0,504791.7540692655
mtd_ai,200,0.005080173191533778,0.45454545454545453,3112.9397317443418,0.1,150,5,0.1481111111111111,0.6912002444274651,2.4307848593100876,0.0,504791.7540692655
mtd_ai,200,0.005080173191533778,0.45918367346938777,4079.8940014596483,0.15,150,5,0.1481111111111111,0.6912002444274651,2.4307848593100876,0.0,504791.7540692655
mtd_ai,200,0.005080173191533778,0.4838709677419355,5032.020329548013,0.2,150,5,0.1481111111111111,0.6912002444274651,2.4307848593100876,0.0,504791.7540692655
mtd_ai,200,0.005080173191533778,0.5357142857142857,5330.72766935505,0.25,150,5,0.1481111111111111,0.6912002444274651,2.4307848593100876,0.0,504791.7540692655
mtd_ai,200,0.005051044295496091,0.32608695652173914,2348.4234717714617,0.05,150,5,0.10333333333333333,1.5005332921970478,5.069698740764639,0.0,481684.8759391486
mtd_ai,200,0.005051044295496091,0.375,3759.360595040763,0.1,150,5,0.10333333333333333,1.5005332921970478,5.069698740764639,0.0,481684.8759391486
mtd_ai,200,0.005051044295496091,0.4326923076923077,4491.1555821393085,0.15,150,5,0.10333333333333333,1.5005332921970478,5.069698740764639,0.0,481684.8759391486
mtd_ai,200,0.005051044295496091,0.46875,4899.713230955021,0.2,150,5,0.10333333333333333,1.5005332921970478,5.069698740764639,0.0,481684.8759391486
mtd_ai,200,0.005051044295496091,0.46875,5515.931963071313,0.25,150,5,0.10333333333333333,1.5005332921970478,5.069698740764639,0.0,481684.8759391486
mtd_ai,200,0.005059780901516959,0.4166666666666667,1901.0988493088523,0.05,150,5,0.14,0.6859302773523172,2.052343938027267,0.0,590809.2424024245
mtd_ai,200,0.005059780901516959,0.4411764705882353,3191.379675319171,0.1,150,5,0.14,0.6859302773523172,2.052343938027267,0.0,590809.2424024245
mtd_ai,200,0.005059780901516959,0.4891304347826087,4022.7371595379136,0.15,150,5,0.14,0.6859302773523172,2.052343938027267,0.0,590809.2424024245
mtd_ai,200,0.005059780901516959,0.46875,5845.432021011144,0.2,150,5,0.14,0.6859302773523172,2.052343938027267,0.0,590809.2424024245
mtd_ai,200,0.005059780901516959,0.5,6477.708809158748,0.25,150,5,0.14,0.6859302773523172,2.052343938027267,0.0,590809.2424024245
mtd_ai,200,0.005048208137005544,0.26785714285714285,2466.7746923053783,0.05,150,5,0.125,0.3398997343627083,0.9670077814743513,0.0,533092.2113963288
mtd_ai,200,0.005048208137005544,0.32608695652173914,3883.7458547312062,0.1,150,5,0.125,0.3398997343627083,0.9670077814743513,0.0,533092.2113963288
mtd_ai,200,0.005048208137005544,0.3879310344827586,4553.117040582333,0.15,150,5,0.125,0.3398997343627083,0.9670077814743513,0.0,533092.2113963288
mtd_ai,200,0.005048208137005544,0.42857142857142855,5084.689947117522,0.2,150,5,0.125,0.3398997343627083,0.9670077814743513,0.0,533092.2113963288
mtd_ai,200,0.005048208137005544,0.47468354430379744,5452.6569026574925,0.25,150,5,0.125,0.3398997343627083,0.9670077814743513,0.0,533092.2113963288
mtd_ai,200,0.005046425431762056,0.25862068965517243,2910.1725834200433,0.05,150,5,0.13555555555555554,1.4400548403952276,3.697350882285119,0.0,500886.9506439631
mtd_ai,200,0.005046425431762056,0.3333333333333333,3916.6757516603375,0.1,150,5,0.13555555555555554,1.4400548403952276,3.697350882285119,0.0,500886.9506439631
mtd_ai,200,0.005046425431762056,0.39473684210526316,4588.184492272246,0.15,150,5,0.13555555555555554,1.4400548403952276,3.697350882285119,0.0,500886.9506439631
mtd_ai,200,0.005046425431762056,0.43478260869565216,5219.124794427602,0.2,150,5,0.13555555555555554,1.4400548403952276,3.697350882285119,0.0,500886.9506439631
mtd_ai,200,0.005046425431762056,0.47468354430379744,5600.550261017782,0.25,150,5,0.13555555555555554,1.4400548403952276,3.697350882285119,0.0,500886.9506439631
mtd_ai,200,0.0050545096548927065,0.3125,2721.911404611865,0.05,150,5,0.12,2.1868351106309656,5.343051166848348,0.0,642055.7711515564
mtd_ai,200,0.0050545096548927065,0.3409090909090909,4693.809249095326,0.1,150,5,0.12,2.1868351106309656,5.343051166848348,0.0,642055.7711515564
mtd_ai,200,0.0050545096548927065,0.4166666666666667,5204.423701990636,0.15,150,5,0.12,2.1868351106309656,5.343051166848348,0.0,642055.7711515564
mtd_ai,200,0.0050545096548927065,0.42857142857142855,6208.856955496245,0.2,150,5,0.12,2.1868351106309656,5.343051166848348,0.0,642055.7711515564
mtd_ai,200,0.0050545096548927065,0.436046511627907,6984.809753670414,0.25,150,5,0.12,2.1868351106309656,5.343051166848348,0.0,642055.7711515564
mtd_ai,200,0.005085566434565312,0.4166666666666667,1822.5718716992449,0.05,150,5,0.17555555555555558,0.3916894890599154,0.23377418543688597,0.0,464669.31179048656
mtd_ai,200,0.005085566434565312,0.4838709677419355,2731.146984636809,0.1,150,5,0.17555555555555558,0.3916894890599154,0.23377418543688597,0.0,464669.31179048656
mtd_ai,200,0.005085566434565312,0.5357142857142857,3178.570149356311,0.15,150,5,0.17555555555555558,0.3916894890599154,0.23377418543688597,0.0,464669.31179048656
mtd_ai,200,0.005085566434565312,0.5660377358490566,3771.1486340612073,0.2,150,5,0.17555555555555558,0.3916894890599154,0.23377418543688597,0.0,464669.31179048656
mtd_ai,200,0.005085566434565312,0.5769230769230769,4641.181092813276,0.25,150,5,0.17555555555555558,0.3916894890599154,0.23377418543688597,0.0,464669.31179048656
mtd_ai,200,0.005071687719780061,0.3,2431.6521212730786,0.05,150,5,0.11777777777777779,1.3500737987759222,4.733743999030563,0.0,490958.2458121814
mtd_ai,200,0.005071687719780061,0.36585365853658536,3854.5662572112715,0.1,150,5,0.11777777777777779,1.3500737987759222,4.733743999030563,0.0,490958.2458121814
mtd_ai,200,0.005071687719780061,0.42452830188679247,4465.758972856172,0.15,150,5,0.11777777777777779,1.3500737987759222,4.733743999030563,0.0,490958.2458121814
mtd_ai,200,0.005071687719780061,0.44776119402985076,5481.59142328986,0.2,150,5,0.11777777777777779,1.3500737987759222,4.733743999030563,0.0,490958.2458121814
mtd_ai,200,0.005071687719780061,0.5067567567567568,5724.187142229888,0.25,150,5,0.11777777777777779,1.3500737987759222,4.733743999030563,0.0,490958.2458121814
mtd_ai,200,0.0050751899934440535,0.4411764705882353,1146.9861681735374,0.05,150,5,0.11,0.3362294903073695,1.0625639995098344,0.0,476325.76805971673
mtd_ai,200,0.0050751899934440535,0.42857142857142855,2296.3842765518293,0.1,150,5,0.11,0.3362294903073695,1.0625639995098344,0.0,476325.76805971673
mtd_ai,200,0.0050751899934440535,0.42452830188679247,4073.479430582567,0.15,150,5,0.11,0.3362294903073695,1.0625639995098344,0.0,476325.76805971673
mtd_ai,200,0.0050751899934440535,0.45454545454545453,5018.081052189493,0.2,150,5,0.11,0.3362294903073695,1.0625639995098344,0.0,476325.76805971673
mtd_ai,200,0.0050751899934440535,0.5,5445.135597088567,0.25,150,5,0.11,0.3362294903073695,1.0625639995098344,0.0,476325.76805971673
mtd_ai,200,0.005067437822048416,0.25862068965517243,2573.810449317968,0.05,150,5,0.1333333333333333,0.24878340047357217,0.9792370904143686,0.0,548947.596470682
mtd_ai,200,0.005067437822048416,0.3488372093023256,3437.606793310113,0.1,150,5,0.1333333333333333,0.24878340047357217,0.9792370904143686,0.0,548947.596470682
mtd_ai,200,0.005067437822048416,0.4090909090909091,4219.267285286104,0.15,150,5,0.1333333333333333,0.24878340047357217,0.9792370904143686,0.0,548947.596470682
mtd_ai,200,0.005067437822048416,0.43478260869565216,5151.57474345958,0.2,150,5,0.1333333333333333,0.24878340047357217,0.9792370904143686,0.0,548947.596470682
mtd_ai,200,0.005067437822048416,0.4573170731707317,5842.248973655947,0.25,150,5,0.1333333333333333,0.24878340047357217,0.9792370904143686,0.0,548947.596470682
mtd_ai,200,0.005031759110443295,0.32608695652173914,2661.8560627990946,0.05,150,5,0.1,0.7510219511710927,2.837050808097115,-3.5135135135135136,572989.12875098
mtd_ai,200,0.005031759110443295,0.40540540540540543,3776.8693057488194,0.1,150,5,0.1,0.7510219511710927,2.837050808097115,-3.5135135135135136,572989.12875098
mtd_ai,200,0.005031759110443295,0.4787234042553192,4177.261453121681,0.15,150,5,0.1,0.7510219511710927,2.837050808097115,-3.5135135135135136,572989.12875098
mtd_ai,200,0.005031759110443295,0.4838709677419355,5194.316445154747,0.2,150,5,0.1,0.7510219511710927,2.837050808097115,-3.5135135135135136,572989.12875098
mtd_ai,200,0.005031759110443295,0.3712871287128713,6855.672693422809,0.25,150,5,0.1,0.7510219511710927,2.837050808097115,-3.5135135135135136,572989.12875098
mtd_ai,200,0.005068710825725401,0.32608695652173914,2224.7301688986736,0.05,150,5,0.14888888888888888,1.0673306859035847,4.0981103171369115,0.0,594308.3085880368
mtd_ai,200,0.005068710825725401,0.35714285714285715,3997.800833786299,0.1,150,5,0.14888888888888888,1.0673306859035847,4.0981103171369115,0.0,594308.3085880368
mtd_ai,200,0.005068710825725401,0.39473684210526316,4915.886670172307,0.15,150,5,0.14888888888888888,1.0673306859035847,4.0981103171369115,0.0,594308.3085880368
mtd_ai,200,0.005068710825725401,0.42857142857142855,5736.871842096098,0.2,150,5,0.14888888888888888,1.0673306859035847,4.0981103171369115,0.0,594308.3085880368
mtd_ai,200,0.005068710825725401,0.46296296296296297,6167.51210637457,0.25,150,5,0.14888888888888888,1.0673306859035847,4.0981103171369115,0.0,594308.3085880368
mtd_ai,200,0.005040938364446473,0.4411764705882353,1541.4750976320083,0.05,150,5,0.14666666666666667,0.18405613879222277,0.7111775243465658,0.0,540010.8085212241
mtd_ai,200,0.005040938364446473,0.3488372093023256,4418.968752399592,0.1,150,5,0.14666666666666667,0.18405613879222277,0.7111775243465658,0.0,540010.8085212241
mtd_ai,200,0.005040938364446473,0.4017857142857143,5318.522359067823,0.15,150,5,0.14666666666666667,0.18405613879222277,0.7111775243465658,0.0,540010.8085212241
mtd_ai,200,0.005040938364446473,0.43478260869565216,5912.110188996644,0.2,150,5,0.14666666666666667,0.18405613879222277,0.7111775243465658,0.0,540010.8085212241
mtd_ai,200,0.005040938364446473,0.4807692307692308,6386.794979287676,0.25,150,5,0.14666666666666667,0.18405613879222277,0.7111775243465658,0.0,540010.8085212241
mtd_ai,200,0.005049501246263189,0.3125,2219.1995301223424,0.05,150,5,0.125,0.4753039833864141,1.8128662590173688,0.0,557332.8187442095
mtd_ai,200,0.005049501246263189,0.38461538461538464,3428.3671745328365,0.1,150,5,0.125,0.4753039833864141,1.8128662590173688,0.0,557332.8187442095
mtd_ai,200,0.005049501246263189,0.3813559322033898,4847.71652409285,0.15,150,5,0.125,0.4753039833864141,1.8128662590173688,0.0,557332.8187442095
mtd_ai,200,0.005049501246263189,0.43478260869565216,5681.3495082983345,0.2,150,5,0.125,0.4753039833864141,1.8128662590173688,0.0,557332.8187442095
mtd_ai,200,0.005049501246263189,0.4807692307692308,6133.317636931054,0.25,150,5,0.125,0.4753039833864141,1.8128662590173688,0.0,557332.8187442095
mtd_ai,200,0.005073526356304621,0.3409090909090909,2161.3289255766886,0.05,150,5,0.09666666666666666,0.3388722895177368,1.1522230599489094,0.0,562717.0120902574
mtd_ai,200,0.005073526356304621,0.39473684210526316,3816.829252432291,0.1,150,5,0.09666666666666666,0.3388722895177368,1.1522230599489094,0.0,562717.0120902574
mtd_ai,200,0.005073526356304621,0.4166666666666667,4656.392131478056,0.15,150,5,0.09666666666666666,0.3388722895177368,1.1522230599489094,0.0,562717.0120902574
mtd_ai,200,0.005073526356304621,0.4411764705882353,5552.566153587008,0.2,150,5,0.09666666666666666,0.3388722895177368,1.1522230599489094,0.0,562717.0120902574
mtd_ai,200,0.005073526356304621,0.46875,6155.593553295941,0.25,150,5,0.09666666666666666,0.3388722895177368,1.1522230599489094,0.0,562717.0120902574
mtd_ai,200,0.005042354321243013,0.3125,2075.6158695026925,0.05,150,5,0.10323809523809524,0.9232281064414493,3.6581696616077064,0.0,530382.2214549383
mtd_ai,200,0.005042354321243013,0.38461538461538464,3532.3176725537387,0.1,150,5,0.10323809523809524,0.9232281064414493,3.6581696616077064,0.0,530382.2214549383
mtd_ai,200,0.005042354321243013,0.4787234042553192,3842.4866593349834,0.15,150,5,0.10323809523809524,0.9232281064414493,3.6581696616077064,0.0,530382.2214549383
mtd_ai,200,0.005042354321243013,0.4918032786885246,4950.785013900541,0.2,150,5,0.10323809523809524,0.9232281064414493,3.6581696616077064,0.0,530382.2214549383
mtd_ai,200,0.005042354321243013,0.5136986301369864,5419.491881793729,0.25,150,5,0.10323809523809524,0.9232281064414493,3.6581696616077064,0.0,530382.2214549383
mtd_ai,200,0.005089185918652901,0.46875,1576.2971259023846,0.05,150,5,0.24561403508771926,1.7012919627090632,4.049558341521277,0.0,410310.2561638597
mtd_ai,200,0.005089185918652901,0.42857142857142855,3209.545226113356,0.1,150,5,0.24561403508771926,1.7012919627090632,4.049558341521277,0.0,410310.2561638597
mtd_ai,200,0.005089185918652901,0.5,3802.565641916207,0.15,150,5,0.24561403508771926,1.7012919627090632,4.049558341521277,0.0,410310.2561638597
mtd_ai,200,0.005089185918652901,0.5357142857142857,4267.59356248633,0.2,150,5,0.24561403508771926,1.7012919627090632,4.049558341521277,0.0,410310.2561638597
mtd_ai,200,0.005089185918652901,0.5681818181818182,4762.816881850969,0.25,150,5,0.24561403508771926,1.7012919627090632,4.049558341521277,0.0,410310.2561638597
mtd_ai,200,0.005077204892821498,0.24193548387096775,2489.715227817153,0.05,150,5,0.15533333333333335,3.6952080802341523,4.584547211025255,0.0,479263.8924158264
mtd_ai,200,0.005077204892821498,0.3488372093023256,3235.6220394645093,0.1,150,5,0.15533333333333335,3.6952080802341523,4.584547211025255,0.0,479263.8924158264
mtd_ai,200,0.005077204892821498,0.3879310344827586,4411.028426842399,0.15,150,5,0.15533333333333335,3.6952080802341523,4.584547211025255,0.0,479263.8924158264
mtd_ai,200,0.005077204892821498,0.42857142857142855,5038.823075285996,0.2,150,5,0.15533333333333335,3.6952080802341523,4.584547211025255,0.0,479263.8924158264
mtd_ai,200,0.005077204892821498,0.46875,5328.389475599657,0.25,150,5,0.15533333333333335,3.6952080802341523,4.584547211025255,0.0,479263.8924158264
mtd_ai,200,0.005061568504052049,0.39473684210526316,1660.3051736257153,0.05,150,5,0.1007936507936508,0.7933185053637581,2.2934832737987456,0.0,543644.0356545381
mtd_ai,200,0.005061568504052049,0.36585365853658536,3322.364381975788,0.1,150,5,0.1007936507936508,0.7933185053637581,2.2934832737987456,0.0,543644.0356545381
mtd_ai,200,0.005061568504052049,0.35714285714285715,5712.936845288968,0.15,150,5,0.1007936507936508,0.7933185053637581,2.2934832737987456,0.0,543644.0356545381
mtd_ai,200,0.005061568504052049,0.4,6173.92623224317,0.2,150,5,0.1007936507936508,0.7933185053637581,2.2934832737987456,0.0,543644.0356545381
mtd_ai,200,0.005061568504052049,0.4411764705882353,6701.62926742194,0.25,150,5,0.1007936507936508,0.7933185053637581,2.2934832737987456,0.0,543644.0356545381
mtd_ai,200,0.005066385693160409,0.25862068965517243,2938.060893420449,0.05,150,5,0.10666666666666667,1.0744347575813258,1.7816048442275079,0.0,546024.608241182
mtd_ai,200,0.005066385693160409,0.3488372093023256,3828.928216761596,0.1,150,5,0.10666666666666667,1.0744347575813258,1.7816048442275079,0.0,546024.608241182
mtd_ai,200,0.005066385693160409,0.4017857142857143,4784.0083426241345,0.15,150,5,0.10666666666666667,1.0744347575813258,1.7816048442275079,0.0,546024.608241182
mtd_ai,200,0.005066385693160409,0.40540540540540543,5579.667384168119,0.2,150,5,0.10666666666666667,1.0744347575813258,1.7816048442275079,0.0,546024.608241182
mtd_ai,200,0.005066385693160409,0.44642857142857145,5932.459775564985,0.25,150,5,0.10666666666666667,1.0744347575813258,1.7816048442275079,0.0,546024.608241182
mtd_ai,200,0.005090110292273792,0.39473684210526316,1837.3058019442738,0.05,150,5,0.2,0.6475811544525711,2.6384486285727253,0.0,425818.9115243933
mtd_ai,200,0.005090110292273792,0.40540540540540543,3042.3030428691623,0.1,150,5,0.2,0.6475811544525711,2.6384486285727253,0.0,425818.9115243933
mtd_ai,200,0.005090110292273792,0.45918367346938777,3682.4009223595417,0.15,150,5,0.2,0.6475811544525711,2.6384486285727253,0.0,425818.9115243933
mtd_ai,200,0.005090110292273792,0.4918032786885246,4471.348957427377,0.2,150,5,0.2,0.6475811544525711,2.6384486285727253,0.0,425818.9115243933
mtd_ai,200,0.005090110292273792,0.5136986301369864,4975.296092313938,0.25,150,5,0.2,0.6475811544525711,2.6384486285727253,0.0,425818.9115243933
mtd_ai,200,0.005035516166275261,0.32608695652173914,1946.0403116817547,0.05,150,5,0.09090909090909091,1.4014504053969905,2.8455429430995807,-4.34375,673712.34178035
mtd_ai,200,0.005035516166275261,0.3333333333333333,3495.036566592067,0.1,150,5,0.09090909090909091,1.4014504053969905,2.8455429430995807,-4.34375,673712.34178035
mtd_ai,200,0.005035516166275261,0.31690140845070425,5290.335256273227,0.15,150,5,0.09090909090909091,1.4014504053969905,2.8455429430995807,-4.34375,673712.34178035
mtd_ai,200,0.005035516166275261,0.3488372093023256,6278.904045310011,0.2,150,5,0.09090909090909091,1.4014504053969905,2.8455429430995807,-4.34375,673712.34178035
mtd_ai,200,0.005035516166275261,0.3605769230769231,7166.750258258803,0.25,150,5,0.09090909090909091,1.4014504053969905,2.8455429430995807,-4.34375,673712.34178035
mtd_ai,200,0.005053441124115463,0.25862068965517243,2778.8409015650222,0.05,150,5,0.12444444444444443,0.6941513470816502,0.9466929874711666,0.0,506633.41558504564
mtd_ai,200,0.005053441124115463,0.35714285714285715,3306.5049105279923,0.1,150,5,0.12444444444444443,0.6941513470816502,0.9466929874711666,0.0,506633.41558504564
mtd_ai,200,0.005053441124115463,0.42452830188679247,4009.590175414284,0.15,150,5,0.12444444444444443,0.6941513470816502,0.9466929874711666,0.0,506633.41558504564
mtd_ai,200,0.005053441124115463,0.44776119402985076,4670.534570050331,0.2,150,5,0.12444444444444443,0.6941513470816502,0.9466929874711666,0.0,506633.41558504564
mtd_ai,200,0.005053441124115463,0.47468354430379744,5230.540180442293,0.25,150,5,0.12444444444444443,0.6941513470816502,0.9466929874711666,0.0,506633.41558504564
mtd_ai,200,0.005064518158699899,0.35714285714285715,1821.3745642558742,0.05,150,5,0.16666666666666666,0.4557000131371002,1.8017383798351696,0.0,610620.0503710785
mtd_ai,200,0.005064518158699899,0.42857142857142855,3196.8813476949945,0.1,150,5,0.16666666666666666,0.4557000131371002,1.8017383798351696,0.0,610620.0503710785
mtd_ai,200,0.005064518158699899,0.375,4489.519940473544,0.15,150,5,0.16666666666666666,0.4557000131371002,1.8017383798351696,0.0,610620.0503710785
mtd_ai,200,0.005064518158699899,0.35714285714285715,5640.473594646177,0.2,150,5,0.16666666666666666,0.4557000131371002,1.8017383798351696,0.0,610620.0503710785
mtd_ai,200,0.005064518158699899,0.390625,6617.043927898272,0.25,150,5,0.16666666666666666,0.4557000131371002,1.8017383798351696,0.0,610620.0503710785
mtd_ai,200,0.0050712450237318804,0.3409090909090909,2366.263370340281,0.05,150,5,0.11766666666666668,4.307671700721128,4.3489577258031105,0.0,564058.0235609511
mtd_ai,200,0.0050712450237318804,0.42857142857142855,3284.566887853405,0.1,150,5,0.11766666666666668,4.307671700721128,4.3489577258031105,0.0,564058.0235609511
mtd_ai,200,0.0050712450237318804,0.4891304347826087,3995.2254034851658,0.15,150,5,0.11766666666666668,4.307671700721128,4.3489577258031105,0.0,564058.0235609511
mtd_ai,200,0.0050712450237318804,0.5172413793103449,4547.509624130525,0.2,150,5,0.11766666666666668,4.307671700721128,4.3489577258031105,0.0,564058.0235609511
mtd_ai,200,0.0050712450237318804,0.5067567567567568,5653.434654267059,0.25,150,5,0.11766666666666668,4.307671700721128,4.3489577258031105,0.0,564058.0235609511
mtd_ai,200,0.0050581665907670865,0.3125,2458.139813625681,0.05,150,5,0.12333333333333334,5.77998694555102,4.251190314902972,0.0,614829.9860570038
mtd_ai,200,0.0050581665907670865,0.4166666666666667,3082.495366132046,0.1,150,5,0.12333333333333334,5.77998694555102,4.251190314902972,0.0,614829.9860570038
mtd_ai,200,0.0050581665907670865,0.4090909090909091,4764.086336614117,0.15,150,5,0.12333333333333334,5.77998694555102,4.251190314902972,0.0,614829.9860570038
mtd_ai,200,0.0050581665907670865,0.4166666666666667,6231.404090745721,0.2,150,5,0.12333333333333334,5.77998694555102,4.251190314902972,0.0,614829.9860570038
mtd_ai,200,0.0050581665907670865,0.4573170731707317,6720.026885406052,0.25,150,5,0.12333333333333334,5.77998694555102,4.251190314902972,0.0,614829.9860570038
mtd_ai,200,0.005034000317794518,0.4411764705882353,1443.1419961532292,0.05,150,5,0.1705952380952381,5.840315168669663,6.438534917615204,0.0,603215.0164835666
mtd_ai,200,0.005034000317794518,0.3125,3638.055351530838,0.1,150,5,0.1705952380952381,5.840315168669663,6.438534917615204,0.0,603215.0164835666
mtd_ai,200,0.005034000317794518,0.3409090909090909,4731.0968084823535,0.15,150,5,0.1705952380952381,5.840315168669663,6.438534917615204,0.0,603215.0164835666
mtd_ai,200,0.005034000317794518,0.375,5606.895812619776,0.2,150,5,0.1705952380952381,5.840315168669663,6.438534917615204,0.0,603215.0164835666
mtd_ai,200,0.005034000317794518,0.33185840707964603,7032.924016836624,0.25,150,5,0.1705952380952381,5.840315168669663,6.438534917615204,0.0,603215.0164835666
mtd_ai,200,0.005059757225486667,0.21428571428571427,4369.040298222933,0.05,150,5,0.16883333333333334,0.19373184244904654,0.4850916476759176,0.0,675096.4816120636
mtd_ai,200,0.005059757225486667,0.3125,5255.398670501343,0.1,150,5,0.16883333333333334,0.19373184244904654,0.4850916476759176,0.0,675096.4816120636
mtd_ai,200,0.005059757225486667,0.375,5984.395675722764,0.15,150,5,0.16883333333333334,0.19373184244904654,0.4850916476759176,0.0,675096.4816120636
mtd_ai,200,0.005059757225486667,0.38961038961038963,6942.47036907191,0.2,150,5,0.16883333333333334,0.19373184244904654,0.4850916476759176,0.0,675096.4816120636
mtd_ai,200,0.005059757225486667,0.42613636363636365,7447.251079947128,0.25,150,5,0.16883333333333334,0.19373184244904654,0.4850916476759176,0.0,675096.4816120636
mtd_ai,200,0.005059054239580265,0.20833333333333334,2871.1774335396585,0.05,150,5,0.18181818181818182,1.265795440362542,4.724186752183553,0.0,603113.3857993158
mtd_ai,200,0.005059054239580265,0.2830188679245283,4438.114534879969,0.1,150,5,0.18181818181818182,1.265795440362542,4.724186752183553,0.0,603113.3857993158
mtd_ai,200,0.005059054239580265,0.3515625,4893.5498792198905,0.15,150,5,0.18181818181818182,1.265795440362542,4.724186752183553,0.0,603113.3857993158
mtd_ai,200,0.005059054239580265,0.379746835443038,5732.6076495716425,0.2,150,5,0.18181818181818182,1.265795440362542,4.724186752183553,0.0,603113.3857993158
mtd_ai,200,0.005059054239580265,0.41208791208791207,6605.286110075043,0.25,150,5,0.18181818181818182,1.265795440362542,4.724186752183553,0.0,603113.3857993158
mtd_ai,200,0.005056932416190321,0.375,1918.1876635743963,0.05,150,5,0.12277777777777776,0.32247253451208835,0.8046436175815664,0.0,500084.68811724434
mtd_ai,200,0.005056932416190321,0.4411764705882353,2905.4864378512457,0.1,150,5,0.12277777777777776,0.32247253451208835,0.8046436175815664,0.0,500084.68811724434
mtd_ai,200,0.005056932416190321,0.5357142857142857,3181.8629991206917,0.15,150,5,0.12277777777777776,0.32247253451208835,0.8046436175815664,0.0,500084.68811724434
mtd_ai,200,0.005056932416190321,0.5084745762711864,4206.847496021077,0.2,150,5,0.12277777777777776,0.32247253451208835,0.8046436175815664,0.0,500084.68811724434
mtd_ai,200,0.005056932416190321,0.4807692307692308,5075.857983371372,0.25,150,5,0.12277777777777776,0.32247253451208835,0.8046436175815664,0.0,500084.68811724434
mtd_ai,200,0.005042664029684658,0.32608695652173914,2291.9413800292864,0.05,150,5,0.11666666666666667,0.8791162690400455,2.7989942958898197,0.0,630728.7518620245
mtd_ai,200,0.005042664029684658,0.375,3189.4776167086075,0.1,150,5,0.11666666666666667,0.8791162690400455,2.7989942958898197,0.0,630728.7518620245
mtd_ai,200,0.005042664029684658,0.4166666666666667,4304.467997847057,0.15,150,5,0.11666666666666667,0.8791162690400455,2.7989942958898197,0.0,630728.7518620245
mtd_ai,200,0.005042664029684658,0.410958904109589,6253.858823153218,0.2,150,5,0.11666666666666667,0.8791162690400455,2.7989942958898197,0.0,630728.7518620245
mtd_ai,200,0.005042664029684658,0.44642857142857145,7046.13720918347,0.25,150,5,0.11666666666666667,0.8791162690400455,2.7989942958898197,0.0,630728.7518620245
mtd_ai,200,0.005081387996318638,0.32608695652173914,2309.6205478836737,0.05,150,5,0.0625,0.595459494368031,1.5735521241878159,0.0,488153.9745863796
mtd_ai,200,0.005081387996318638,0.38461538461538464,3466.430765449638,0.1,150,5,0.0625,0.595459494368031,1.5735521241878159,0.0,488153.9745863796
mtd_ai,200,0.005081387996318638,0.45,4142.208983990505,0.15,150,5,0.0625,0.595459494368031,1.5735521241878159,0.0,488153.9745863796
mtd_ai,200,0.005081387996318638,0.46875,4744.60219810388,0.2,150,5,0.0625,0.595459494368031,1.5735521241878159,0.0,488153.9745863796
mtd_ai,200,0.005081387996318638,0.5,5214.929524121243,0.25,150,5,0.0625,0.595459494368031,1.5735521241878159,0.0,488153.9745863796
mtd_ai,200,0.005054383261277345,0.4166666666666667,1321.2421185764154,0.05,150,5,0.17888888888888888,0.31838075487400624,1.2172093375867044,0.0,470662.9952742072
mtd_ai,200,0.005054383261277345,0.38461538461538464,2773.845740480322,0.1,150,5,0.17888888888888888,0.31838075487400624,1.2172093375867044,0.0,470662.9952742072
mtd_ai,200,0.005054383261277345,0.4411764705882353,3438.1912801708486,0.15,150,5,0.17888888888888888,0.31838075487400624,1.2172093375867044,0.0,470662.9952742072
mtd_ai,200,0.005054383261277345,0.45454545454545453,4218.398438172776,0.2,150,5,0.17888888888888888,0.31838075487400624,1.2172093375867044,0.0,470662.9952742072
mtd_ai,200,0.005054383261277345,0.5,4759.248029243123,0.25,150,5,0.17888888888888888,0.31838075487400624,1.2172093375867044,0.0,470662.9952742072
mtd_ai,200,0.005032599500855793,0.2777777777777778,3004.9954489021056,0.05,150,5,0.1180952380952381,0.17470537134198927,0.36563286488943236,0.0,718194.9958472566
mtd_ai,200,0.005032599500855793,0.35714285714285715,4051.8227842335855,0.1,150,5,0.1180952380952381,0.17470537134198927,0.36563286488943236,0.0,718194.9958472566
mtd_ai,200,0.005032599500855793,0.4090909090909091,5090.894845288532,0.15,150,5,0.1180952380952381,0.17470537134198927,0.36563286488943236,0.0,718194.9958472566
mtd_ai,200,0.005032599500855793,0.3614457831325301,7418.814167346338,0.2,150,5,0.1180952380952381,0.17470537134198927,0.36563286488943236,0.0,718194.9958472566
mtd_ai,200,0.005032599500855793,0.4032258064516129,7804.194404401019,0.25,150,5,0.1180952380952381,0.17470537134198927,0.36563286488943236,0.0,718194.9958472566
mtd_ai,200,0.005080753789004554,0.35714285714285715,2178.04541127621,0.05,150,5,0.13944444444444443,0.6498428224954322,1.29579408787494,0.0,473822.59408218315
mtd_ai,200,0.005080753789004554,0.39473684210526316,3859.355361738469,0.1,150,5,0.13944444444444443,0.6498428224954322,1.29579408787494,0.0,473822.59408218315
mtd_ai,200,0.005080753789004554,0.45,4709.482408725784,0.15,150,5,0.13944444444444443,0.6498428224954322,1.29579408787494,0.0,473822.59408218315
mtd_ai,200,0.005080753789004554,0.47619047619047616,5244.772656487098,0.2,150,5,0.13944444444444443,0.6498428224954322,1.29579408787494,0.0,473822.59408218315
mtd_ai,200,0.005080753789004554,0.5136986301369864,5696.538312112356,0.25,150,5,0.13944444444444443,0.6498428224954322,1.29579408787494,0.0,473822.59408218315
mtd_ai,200,0.00506539831065295,0.46875,1350.9909994433667,0.05,150,5,0.11566666666666668,0.397469709707097,1.782020209459521,0.0,540788.4877483012
mtd_ai,200,0.00506539831065295,0.46875,2834.313934555056,0.1,150,5,0.11566666666666668,0.397469709707097,1.782020209459521,0.0,540788.4877483012
mtd_ai,200,0.00506539831065295,0.5113636363636364,3691.945865825399,0.15,150,5,0.11566666666666668,0.397469709707097,1.782020209459521,0.0,540788.4877483012
mtd_ai,200,0.00506539831065295,0.5172413793103449,5011.093641115958,0.2,150,5,0.11566666666666668,0.397469709707097,1.782020209459521,0.0,540788.4877483012
mtd_ai,200,0.00506539831065295,0.4934210526315789,6383.348900227711,0.25,150,5,0.11566666666666668,0.397469709707097,1.782020209459521,0.0,540788.4877483012
mtd_ai,200,0.005031257124749807,0.24193548387096775,3411.2112776404088,0.05,150,5,0.126,0.9883714913308119,4.253668367601078,0.0,645198.0263274222
mtd_ai,200,0.005031257124749807,0.30612244897959184,4840.878360778988,0.1,150,5,0.126,0.9883714913308119,4.253668367601078,0.0,645198.0263274222
mtd_ai,200,0.005031257124749807,0.35714285714285715,5975.203320641962,0.15,150,5,0.126,0.9883714913308119,4.253668367601078,0.0,645198.0263274222
mtd_ai,200,0.005031257124749807,0.39473684210526316,6751.8721395698085,0.2,150,5,0.126,0.9883714913308119,4.253668367601078,0.0,645198.0263274222
mtd_ai,200,0.005031257124749807,0.41208791208791207,7331.611672561634,0.25,150,5,0.126,0.9883714913308119,4.253668367601078,0.0,645198.0263274222
mtd_ai,200,0.005066762210698045,0.2777777777777778,3160.4581726415727,0.05,150,5,0.18111111111111108,0.9506793372821294,4.1029125877378165,0.0,616696.8118104403
mtd_ai,200,0.005066762210698045,0.3333333333333333,4028.8734856396095,0.1,150,5,0.18111111111111108,0.9506793372821294,4.1029125877378165,0.0,616696.8118104403
mtd_ai,200,0.005066762210698045,0.36885245901639346,4776.559864550975,0.15,150,5,0.18111111111111108,0.9506793372821294,4.1029125877378165,0.0,616696.8118104403
mtd_ai,200,0.005066762210698045,0.38961038961038963,5805.021739754101,0.2,150,5,0.18111111111111108,0.9506793372821294,4.1029125877378165,0.0,616696.8118104403
mtd_ai,200,0.005066762210698045,0.43103448275862066,6376.291152057049,0.25,150,5,0.18111111111111108,0.9506793372821294,4.1029125877378165,0.0,616696.8118104403
mtd_ai,200,0.005047718033970826,0.375,1693.7081017656815,0.05,150,5,0.10666666666666667,0.8931232910210676,2.060254650041157,0.0,608293.8428955383
mtd_ai,200,0.005047718033970826,0.4411764705882353,2771.71405478196,0.1,150,5,0.10666666666666667,0.8931232910210676,2.060254650041157,0.0,608293.8428955383
mtd_ai,200,0.005047718033970826,0.5,3735.018402701223,0.15,150,5,0.10666666666666667,0.8931232910210676,2.060254650041157,0.0,608293.8428955383
mtd_ai,200,0.005047718033970826,0.46875,5466.558303904166,0.2,150,5,0.10666666666666667,0.8931232910210676,2.060254650041157,0.0,608293.8428955383
mtd_ai,200,0.005047718033970826,0.5,6001.019537828453,0.25,150,5,0.10666666666666667,0.8931232910210676,2.060254650041157,0.0,608293.8428955383
mtd_ai,200,0.005083216328976257,0.26785714285714285,2901.6896075896293,0.05,150,5,0.1696666666666667,0.3487303563487315,1.3878681414047198,0.0,477675.9568901413
mtd_ai,200,0.005083216328976257,0.29411764705882354,4091.395176588698,0.1,150,5,0.1696666666666667,0.3487303563487315,1.3878681414047198,0.0,477675.9568901413
mtd_ai,200,0.005083216328976257,0.3629032258064516,4573.314662165826,0.15,150,5,0.1696666666666667,0.3487303563487315,1.3878681414047198,0.0,477675.9568901413
mtd_ai,200,0.005083216328976257,0.40540540540540543,5154.666278711833,0.2,150,5,0.1696666666666667,0.3487303563487315,1.3878681414047198,0.0,477675.9568901413
mtd_ai,200,0.005083216328976257,0.4573170731707317,5562.399868932473,0.25,150,5,0.1696666666666667,0.3487303563487315,1.3878681414047198,0.0,477675.9568901413
mtd_ai,200,0.00503534075637729,0.375,1900.5400173550677,0.05,150,5,0.135,0.29416600051019126,1.2420396838986612,0.0,673387.5916611579
mtd_ai,200,0.00503534075637729,0.38461538461538464,3383.612358052508,0.1,150,5,0.135,0.29416600051019126,1.2420396838986612,0.0,673387.5916611579
mtd_ai,200,0.00503534075637729,0.45918367346938777,3895.2444264523674,0.15,150,5,0.135,0.29416600051019126,1.2420396838986612,0.0,673387.5916611579
mtd_ai,200,0.00503534075637729,0.4,5184.096504844452,0.2,150,5,0.135,0.29416600051019126,1.2420396838986612,0.0,673387.5916611579
mtd_ai,200,0.00503534075637729,0.3409090909090909,6669.126367509069,0.25,150,5,0.135,0.29416600051019126,1.2420396838986612,0.0,673387.5916611579
mtd_ai,200,0.005052796427926303,0.4166666666666667,1566.6858055598366,0.05,150,5,0.1111111111111111,1.6735598657328201,5.3698633014173325,-5.28,428429.9712811942
mtd_ai,200,0.005052796427926303,0.5,2286.655763241826,0.1,150,5,0.1111111111111111,1.6735598657328201,5.3698633014173325,-5.28,428429.9712811942
mtd_ai,200,0.005052796427926303,0.5357142857142857,3229.055729903158,0.15,150,5,0.1111111111111111,1.6735598657328201,5.3698633014173325,-5.28,428429.9712811942
mtd_ai,200,0.005052796427926303,0.5555555555555556,3708.2811166737692,0.2,150,5,0.1111111111111111,1.6735598657328201,5.3698633014173325,-5.28,428429.9712811942
mtd_ai,200,0.005052796427926303,0.5357142857142857,4815.857371236401,0.25,150,5,0.1111111111111111,1.6735598657328201,5.3698633014173325,-5.28,428429.9712811942
mtd_ai,200,0.005071444949902335,0.375,2029.4195585768919,0.05,150,5,0.12,0.8682365083356994,2.307705823372387,0.0,626926.9679329591
mtd_ai,200,0.005071444949902335,0.42857142857142855,3161.3548908178245,0.1,150,5,0.12,0.8682365083356994,2.307705823372387,0.0,626926.9679329591
mtd_ai,200,0.005071444949902335,0.4787234042553192,3964.3255505157763,0.15,150,5,0.12,0.8682365083356994,2.307705823372387,0.0,626926.9679329591
mtd_ai,200,0.005071444949902335,0.44776119402985076,5141.618391657907,0.2,150,5,0.12,0.8682365083356994,2.307705823372387,0.0,626926.9679329591
mtd_ai,200,0.005071444949902335,0.46875,6139.27027057498,0.25,150,5,0.12,0.8682365083356994,2.307705823372387,0.0,626926.9679329591
mtd_ai,200,0.0050574551617769935,0.3125,2675.500926437643,0.05,150,5,0.14515873015873018,0.24888663998695415,0.9953478445391906,0.0,626487.1138420091
mtd_ai,200,0.0050574551617769935,0.3191489361702128,5123.918641468553,0.1,150,5,0.14515873015873018,0.24888663998695415,0.9953478445391906,0.0,626487.1138420091
mtd_ai,200,0.0050574551617769935,0.3879310344827586,5823.014180577129,0.15,150,5,0.14515873015873018,0.24888663998695415,0.9953478445391906,0.0,626487.1138420091
mtd_ai,200,0.0050574551617769935,0.4225352112676056,6585.0845607713145,0.2,150,5,0.14515873015873018,0.24888663998695415,0.9953478445391906,0.0,626487.1138420091
mtd_ai,200,0.0050574551617769935,0.46875,6941.710633560138,0.25,150,5,0.14515873015873018,0.24888663998695415,0.9953478445391906,0.0,626487.1138420091
mtd_ai,200,0.005053388558845754,0.2777777777777778,1838.8689844099722,0.05,150,5,0.17033333333333334,0.6623792193496695,1.5652133716571819,0.0,463812.32146277087
mtd_ai,200,0.005053388558845754,0.39473684210526316,2416.2782898995683,0.1,150,5,0.17033333333333334,0.6623792193496695,1.5652133716571819,0.0,463812.32146277087
mtd_ai,200,0.005053388558845754,0.4326923076923077,3531.492590035272,0.15,150,5,0.17033333333333334,0.6623792193496695,1.5652133716571819,0.0,463812.32146277087
mtd_ai,200,0.005053388558845754,0.46153846153846156,4362.669429649715,0.2,150,5,0.17033333333333334,0.6623792193496695,1.5652133716571819,0.0,463812.32146277087
mtd_ai,200,0.005053388558845754,0.5067567567567568,4763.145208768705,0.25,150,5,0.17033333333333334,0.6623792193496695,1.5652133716571819,0.0,463812.32146277087
mtd_ai,200,0.005063250750963,0.3409090909090909,2080.535573641308,0.05,150,5,0.11111111111111109,0.7714823762409445,1.3767467023120328,0.0,566876.0656262884
mtd_ai,200,0.005063250750963,0.38461538461538464,3484.715833059354,0.1,150,5,0.11111111111111109,0.7714823762409445,1.3767467023120328,0.0,566876.0656262884
mtd_ai,200,0.005063250750963,0.39473684210526316,4908.515754525977,0.15,150,5,0.11111111111111109,0.7714823762409445,1.3767467023120328,0.0,566876.0656262884
mtd_ai,200,0.005063250750963,0.43478260869565216,5476.87316490365,0.2,150,5,0.11111111111111109,0.7714823762409445,1.3767467023120328,0.0,566876.0656262884
mtd_ai,200,0.005063250750963,0.46875,6173.907146977737,0.25,150,5,0.11111111111111109,0.7714823762409445,1.3767467023120328,0.0,566876.0656262884
mtd_ai,200,0.00504130482999345,0.3,2179.1921983491093,0.05,150,5,0.11,1.7248644697306819,4.459574358337061,0.0,557856.4304227552
mtd_ai,200,0.00504130482999345,0.36585365853658536,2964.279376107289,0.1,150,5,0.11,1.7248644697306819,4.459574358337061,0.0,557856.4304227552
mtd_ai,200,0.00504130482999345,0.42452830188679247,3383.525945387166,0.15,150,5,0.11,1.7248644697306819,4.459574358337061,0.0,557856.4304227552
mtd_ai,200,0.00504130482999345,0.42857142857142855,4800.290527911553,0.2,150,5,0.11,1.7248644697306819,4.459574358337061,0.0,557856.4304227552
mtd_ai,200,0.00504130482999345,0.3865979381443299,6318.861870268734,0.25,150,5,0.11,1.7248644697306819,4.459574358337061,0.0,557856.4304227552
mtd_ai,200,0.0050616180614009455,0.3125,2134.091319388342,0.05,150,5,0.13333333333333333,1.0346698582298324,4.125354944190033,0.0,571912.7465904823
mtd_ai,200,0.0050616180614009455,0.40540540540540543,2751.2171023864366,0.1,150,5,0.13333333333333333,1.0346698582298324,4.125354944190033,0.0,571912.7465904823
mtd_ai,200,0.0050616180614009455,0.35714285714285715,6156.777135039132,0.15,150,5,0.13333333333333333,1.0346698582298324,4.125354944190033,0.0,571912.7465904823
mtd_ai,200,0.0050616180614009455,0.410958904109589,6603.946086003652,0.2,150,5,0.13333333333333333,1.0346698582298324,4.125354944190033,0.0,571912.7465904823
mtd_ai,200,0.0050616180614009455,0.436046511627907,7193.389781160542,0.25,150,5,0.13333333333333333,1.0346698582298324,4.125354944190033,0.0,571912.7465904823
mtd_ai,200,0.0050661016423559895,0.21428571428571427,3361.276556839863,0.05,150,5,0.12555555555555556,26.63100827084197,7.705761713557799,0.0,573343.8529300111
mtd_ai,200,0.0050661016423559895,0.2830188679245283,4372.182678016053,0.1,150,5,0.12555555555555556,26.63100827084197,7.705761713557799,0.0,573343.8529300111
mtd_ai,200,0.0050661016423559895,0.35714285714285715,4889.674060198925,0.15,150,5,0.12555555555555556,26.63100827084197,7.705761713557799,0.0,573343.8529300111
mtd_ai,200,0.0050661016423559895,0.39473684210526316,5650.702108328966,0.2,150,5,0.12555555555555556,26.63100827084197,7.705761713557799,0.0,573343.8529300111
mtd_ai,200,0.0050661016423559895,0.41208791208791207,6419.424398165981,0.25,150,5,0.12555555555555556,26.63100827084197,7.705761713557799,0.0,573343.8529300111
mtd_ai,200,0.005085464336285091,0.375,2234.989674513529,0.05,150,5,0.13116666666666668,0.47566592037572625,1.9668454448612605,0.0,411161.1258707124
mtd_ai,200,0.005085464336285091,0.36585365853658536,3508.1799384702613,0.1,150,5,0.13116666666666668,0.47566592037572625,1.9668454448612605,0.0,411161.1258707124
mtd_ai,200,0.005085464336285091,0.4411764705882353,4070.603724641786,0.15,150,5,0.13116666666666668,0.47566592037572625,1.9668454448612605,0.0,411161.1258707124
mtd_ai,200,0.005085464336285091,0.4838709677419355,4627.214245149744,0.2,150,5,0.13116666666666668,0.47566592037572625,1.9668454448612605,0.0,411161.1258707124
mtd_ai,200,0.005085464336285091,0.528169014084507,4901.314770122599,0.25,150,5,0.13116666666666668,0.47566592037572625,1.9668454448612605,0.0,411161.1258707124
mtd_ai,200,0.00504694751423612,0.26785714285714285,2970.770596755592,0.05,150,5,0.14666666666666667,0.838194137828602,3.3490330056454196,0.0,583659.5449343653
mtd_ai,200,0.00504694751423612,0.38461538461538464,3745.2925569997033,0.1,150,5,0.14666666666666667,0.838194137828602,3.3490330056454196,0.0,583659.5449343653
mtd_ai,200,0.00504694751423612,0.45918367346938777,4394.737938093525,0.15,150,5,0.14666666666666667,0.838194137828602,3.3490330056454196,0.0,583659.5449343653
mtd_ai,200,0.00504694751423612,0.47619047619047616,5244.236508156366,0.2,150,5,0.14666666666666667,0.838194137828602,3.3490330056454196,0.0,583659.5449343653
mtd_ai,200,0.00504694751423612,0.4573170731707317,6073.846932544195,0.25,150,5,0.14666666666666667,0.838194137828602,3.3490330056454196,0.0,583659.5449343653
mtd_ai,200,0.0050782703524048355,0.39473684210526316,1829.3987406066126,0.05,150,5,0.12666666666666668,0.5766153630933694,1.986024242214025,0.0,573906.4342475323
mtd_ai,200,0.0050782703524048355,0.29411764705882354,4044.7867954584017,0.1,150,5,0.12666666666666668,0.5766153630933694,1.986024242214025,0.0,573906.4342475323
mtd_ai,200,0.0050782703524048355,0.3358208955223881,4699.868006593743,0.15,150,5,0.12666666666666668,0.5766153630933694,1.986024242214025,0.0,573906.4342475323
mtd_ai,200,0.0050782703524048355,0.39473684210526316,5250.90344270973,0.2,150,5,0.12666666666666668,0.5766153630933694,1.986024242214025,0.0,573906.4342475323
mtd_ai,200,0.0050782703524048355,0.44642857142857145,5523.359144252603,0.25,150,5,0.12666666666666668,0.5766153630933694,1.986024242214025,0.0,573906.4342475323
mtd_ai,200,0.005040432675552098,0.3409090909090909,2393.530579290322,0.05,150,5,0.1,0.5630591516275772,1.6441005582970003,0.0,640584.3148637558
mtd_ai,200,0.005040432675552098,0.45454545454545453,3277.0246517154383,0.1,150,5,0.1,0.5630591516275772,1.6441005582970003,0.0,640584.3148637558
mtd_ai,200,0.005040432675552098,0.5487804878048781,3734.9302787081488,0.15,150,5,0.1,0.5630591516275772,1.6441005582970003,0.0,640584.3148637558
mtd_ai,200,0.005040432675552098,0.46875,5546.815253932712,0.2,150,5,0.1,0.5630591516275772,1.6441005582970003,0.0,640584.3148637558
mtd_ai,200,0.005040432675552098,0.44642857142857145,7137.885160475609,0.25,150,5,0.1,0.5630591516275772,1.6441005582970003,0.0,640584.3148637558
mtd_ai,200,0.005046715392029147,0.20833333333333334,3421.921715605914,0.05,150,5,0.13333333333333333,1.0837316191975523,4.087256670145725,0.0,518642.6438373137
mtd_ai,200,0.005046715392029147,0.30612244897959184,4094.009234497237,0.1,150,5,0.13333333333333333,1.0837316191975523,4.087256670145725,0.0,518642.6438373137
mtd_ai,200,0.005046715392029147,0.3879310344827586,4562.247344898209,0.15,150,5,0.13333333333333333,1.0837316191975523,4.087256670145725,0.0,518642.6438373137
mtd_ai,200,0.005046715392029147,0.42857142857142855,5107.5214676561045,0.2,150,5,0.13333333333333333,1.0837316191975523,4.087256670145725,0.0,518642.6438373137
mtd_ai,200,0.005046715392029147,0.4573170731707317,6130.524210037713,0.25,150,5,0.13333333333333333,1.0837316191975523,4.087256670145725,0.0,518642.6438373137
mtd_ai,200,0.005074881192192408,0.4166666666666667,1788.7516457124739,0.05,150,5,0.13666666666666666,0.8939600943330605,2.1267373432388195,0.0,512622.4186606087
mtd_ai,200,0.005074881192192408,0.3488372093023256,3280.1880212670494,0.1,150,5,0.13666666666666666,0.8939600943330605,2.1267373432388195,0.0,512622.4186606087
mtd_ai,200,0.005074881192192408,0.4166666666666667,4099.328180746103,0.15,150,5,0.13666666666666666,0.8939600943330605,2.1267373432388195,0.0,512622.4186606087
mtd_ai,200,0.005074881192192408,0.4411764705882353,4784.33690433327,0.2,150,5,0.13666666666666666,0.8939600943330605,2.1267373432388195,0.0,512622.4186606087
mtd_ai,200,0.005074881192192408,0.43103448275862066,5985.605793530158,0.25,150,5,0.13666666666666666,0.8939600943330605,2.1267373432388195,0.0,512622.4186606087
mtd_ai,200,0.005069822980765969,0.32608695652173914,2255.6197911366935,0.05,150,5,0.1,0.6287813678483021,0.6969727705567833,0.0,578386.3111717334
mtd_ai,200,0.005069822980765969,0.35714285714285715,3740.620274511547,0.1,150,5,0.1,0.6287813678483021,0.6969727705567833,0.0,578386.3111717334
mtd_ai,200,0.005069822980765969,0.4017857142857143,4666.766751743469,0.15,150,5,0.1,0.6287813678483021,0.6969727705567833,0.0,578386.3111717334
mtd_ai,200,0.005069822980765969,0.42857142857142855,5457.02287473692,0.2,150,5,0.1,0.6287813678483021,0.6969727705567833,0.0,578386.3111717334
mtd_ai,200,0.005069822980765969,0.46296296296296297,6170.000510210181,0.25,150,5,0.1,0.6287813678483021,0.6969727705567833,0.0,578386.3111717334
mtd_ai,200,0.00503398056232423,0.35714285714285715,1699.2540386864243,0.05,150,5,0.1561111111111111,0.06904104180185118,0.10330510127791671,4.3125,644617.7805318324
mtd_ai,200,0.00503398056232423,0.375,2883.705462255747,0.1,150,5,0.1561111111111111,0.06904104180185118,0.10330510127791671,4.3125,644617.7805318324
mtd_ai,200,0.00503398056232423,0.42452830188679247,3702.922727940274,0.15,150,5,0.1561111111111111,0.06904104180185118,0.10330510127791671,4.3125,644617.7805318324
mtd_ai,200,0.00503398056232423,0.35294117647058826,6262.637774332499,0.2,150,5,0.1561111111111111,0.06904104180185118,0.10330510127791671,4.3125,644617.7805318324
mtd_ai,200,0.00503398056232423,0.3787878787878788,6941.920426311966,0.25,150,5,0.1561111111111111,0.06904104180185118,0.10330510127791671,4.3125,644617.7805318324
mtd_ai,200,0.005048286451461833,0.375,1893.6294639233781,0.05,150,5,0.1758888888888889,1.0559550844616952,3.065797385994462,0.0,515707.83093437616
mtd_ai,200,0.005048286451461833,0.35714285714285715,2903.7675617711366,0.1,150,5,0.1758888888888889,1.0559550844616952,3.065797385994462,0.0,515707.83093437616
mtd_ai,200,0.005048286451461833,0.4326923076923077,3516.729394680379,0.15,150,5,0.1758888888888889,1.0559550844616952,3.065797385994462,0.0,515707.83093437616
mtd_ai,200,0.005048286451461833,0.43478260869565216,4317.7856997335975,0.2,150,5,0.1758888888888889,1.0559550844616952,3.065797385994462,0.0,515707.83093437616
mtd_ai,200,0.005048286451461833,0.4032258064516129,5396.302518776103,0.25,150,5,0.1758888888888889,1.0559550844616952,3.065797385994462,0.0,515707.83093437616
mtd_ai,200,0.0050427004293756884,0.21428571428571427,2862.3456872077613,0.05,150,5,0.15666666666666668,0.332780094126324,0.7815351429372874,0.0,575832.7036939269
mtd_ai,200,0.0050427004293756884,0.3191489361702128,3774.9021019090433,0.1,150,5,0.15666666666666668,0.332780094126324,0.7815351429372874,0.0,575832.7036939269
mtd_ai,200,0.0050427004293756884,0.3879310344827586,4490.380415987122,0.15,150,5,0.15666666666666668,0.332780094126324,0.7815351429372874,0.0,575832.7036939269
mtd_ai,200,0.0050427004293756884,0.42857142857142855,5097.175605654163,0.2,150,5,0.15666666666666668,0.332780094126324,0.7815351429372874,0.0,575832.7036939269
mtd_ai,200,0.0050427004293756884,0.44642857142857145,5839.281503230537,0.25,150,5,0.15666666666666668,0.332780094126324,0.7815351429372874,0.0,575832.7036939269
mtd_ai,200,0.0050345649910421555,0.3125,2297.2680047499725,0.05,150,5,0.14666666666666667,0.5071637642536219,2.2692717201487853,0.0,678500.2887707606
mtd_ai,200,0.0050345649910421555,0.30612244897959184,4416.600765393802,0.1,150,5,0.14666666666666667,0.5071637642536219,2.2692717201487853,0.0,678500.2887707606
mtd_ai,200,0.0050345649910421555,0.3813559322033898,4969.534820206038,0.15,150,5,0.14666666666666667,0.5071637642536219,2.2692717201487853,0.0,678500.2887707606
mtd_ai,200,0.0050345649910421555,0.40540540540540543,5950.762440489769,0.2,150,5,0.14666666666666667,0.5071637642536219,2.2692717201487853,0.0,678500.2887707606
mtd_ai,200,0.0050345649910421555,0.436046511627907,6986.523911496377,0.25,150,5,0.14666666666666667,0.5071637642536219,2.2692717201487853,0.0,678500.2887707606
mtd_ai,200,0.005073227994693718,0.3,2250.7398542145393,0.05,150,5,0.12238095238095238,0.9481271194680945,1.9433997518446107,0.0,521557.85101265024
mtd_ai,200,0.005073227994693718,0.40540540540540543,2812.4408070544414,0.1,150,5,0.12238095238095238,0.9481271194680945,1.9433997518446107,0.0,521557.85101265024
mtd_ai,200,0.005073227994693718,0.4411764705882353,3720.23860932537,0.15,150,5,0.12238095238095238,0.9481271194680945,1.9433997518446107,0.0,521557.85101265024
mtd_ai,200,0.005073227994693718,0.44776119402985076,4996.482615771801,0.2,150,5,0.12238095238095238,0.9481271194680945,1.9433997518446107,0.0,521557.85101265024
mtd_ai,200,0.005073227994693718,0.4573170731707317,5584.29492348617,0.25,150,5,0.12238095238095238,0.9481271194680945,1.9433997518446107,0.0,521557.85101265024
mtd_ai,200,0.005041601082547234,0.24193548387096775,3687.44528341425,0.05,150,5,0.09333333333333334,1.748090829296172,5.074598375400486,0.0,741025.7926808713
mtd_ai,200,0.005041601082547234,0.3333333333333333,4583.7331146478955,0.1,150,5,0.09333333333333334,1.748090829296172,5.074598375400486,0.0,741025.7926808713
mtd_ai,200,0.005041601082547234,0.3629032258064516,6384.448453693707,0.15,150,5,0.09333333333333334,1.748090829296172,5.074598375400486,0.0,741025.7926808713
mtd_ai,200,0.005041601082547234,0.38461538461538464,7711.628564632198,0.2,150,5,0.09333333333333334,1.748090829296172,5.074598375400486,0.0,741025.7926808713
mtd_ai,200,0.005041601082547234,0.39893617021276595,9621.152161947703,0.25,150,5,0.09333333333333334,1.748090829296172,5.074598375400486,0.0,741025.7926808713
mtd_ai,200,0.005072395447743901,0.2777777777777778,2780.6793792126364,0.05,150,5,0.1857777777777778,1.7522835369294374,5.055297832597446,0.0,572461.7053190598
mtd_ai,200,0.005072395447743901,0.3191489361702128,4309.12845215842,0.1,150,5,0.1857777777777778,1.7522835369294374,5.055297832597446,0.0,572461.7053190598
mtd_ai,200,0.005072395447743901,0.375,4872.408022742284,0.15,150,5,0.1857777777777778,1.7522835369294374,5.055297832597446,0.0,572461.7053190598
mtd_ai,200,0.005072395447743901,0.4225352112676056,5553.129395362875,0.2,150,5,0.1857777777777778,1.7522835369294374,5.055297832597446,0.0,572461.7053190598
mtd_ai,200,0.005072395447743901,0.4411764705882353,6093.33194563572,0.25,150,5,0.1857777777777778,1.7522835369294374,5.055297832597446,0.0,572461.7053190598
mtd_ai,200,0.005060413487028045,0.1875,4591.814823882905,0.05,150,5,0.137,2.215367007906553,3.511558367097461,0.0,661230.8629871124
mtd_ai,200,0.005060413487028045,0.25,5648.322340702542,0.1,150,5,0.137,2.215367007906553,3.511558367097461,0.0,661230.8629871124
mtd_ai,200,0.005060413487028045,0.3082191780821918,6161.409128429058,0.15,150,5,0.137,2.215367007906553,3.511558367097461,0.0,661230.8629871124
mtd_ai,200,0.005060413487028045,0.35294117647058826,6621.33383416435,0.2,150,5,0.137,2.215367007906553,3.511558367097461,0.0,661230.8629871124
mtd_ai,200,0.005060413487028045,0.390625,7250.461163180231,0.25,150,5,0.137,2.215367007906553,3.511558367097461,0.0,661230.8629871124
mtd_ai,200,0.005067420676370134,0.3,2722.526497650658,0.05,150,5,0.14944444444444446,0.5621264286142695,1.8119602838873858,0.0,578064.4033917054
mtd_ai,200,0.005067420676370134,0.3488372093023256,4512.563047566926,0.1,150,5,0.14944444444444446,0.5621264286142695,1.8119602838873858,0.0,578064.4033917054
mtd_ai,200,0.005067420676370134,0.4166666666666667,5150.698099595434,0.15,150,5,0.14944444444444446,0.5621264286142695,1.8119602838873858,0.0,578064.4033917054
mtd_ai,200,0.005067420676370134,0.44776119402985076,5813.958595895452,0.2,150,5,0.14944444444444446,0.5621264286142695,1.8119602838873858,0.0,578064.4033917054
mtd_ai,200,0.005067420676370134,0.487012987012987,6288.836711328951,0.25,150,5,0.14944444444444446,0.5621264286142695,1.8119602838873858,0.0,578064.4033917054
mtd_ai,200,0.005072912091666219,0.35714285714285715,2367.1802208186887,0.05,150,5,0.11055555555555555,0.5805996682805609,1.6929638472593358,0.0,557083.9992730953
mtd_ai,200,0.005072912091666219,0.5,2856.7796858726747,0.1,150,5,0.11055555555555555,0.5805996682805609,1.6929638472593358,0.0,557083.9992730953
mtd_ai,200,0.005072912091666219,0.5,3692.3344687535446,0.15,150,5,0.11055555555555555,0.5805996682805609,1.6929638472593358,0.0,557083.9992730953
mtd_ai,200,0.005072912091666219,0.4225352112676056,5268.396240000738,0.2,150,5,0.11055555555555555,0.5805996682805609,1.6929638472593358,0.0,557083.9992730953
mtd_ai,200,0.005072912091666219,0.46296296296296297,5703.004312797207,0.25,150,5,0.11055555555555555,0.5805996682805609,1.6929638472593358,0.0,557083.9992730953
mtd_ai,200,0.005069295029422243,0.3125,2591.2825541581255,0.05,150,5,0.12,0.76677430924125,2.96178223000857,0.0,561521.8437350763
mtd_ai,200,0.005069295029422243,0.39473684210526316,3787.936942762235,0.1,150,5,0.12,0.76677430924125,2.96178223000857,0.0,561521.8437350763
mtd_ai,200,0.005069295029422243,0.45918367346938777,4382.443333467296,0.15,150,5,0.12,0.76677430924125,2.96178223000857,0.0,561521.8437350763
mtd_ai,200,0.005069295029422243,0.4225352112676056,5424.389465080989,0.2,150,5,0.12,0.76677430924125,2.96178223000857,0.0,561521.8437350763
mtd_ai,200,0.005069295029422243,0.436046511627907,6146.010550242877,0.25,150,5,0.12,0.76677430924125,2.96178223000857,0.0,561521.8437350763
mtd_ai,200,0.005039902462793679,0.39473684210526316,1669.3729701711395,0.05,150,5,0.16333333333333333,0.05932632679896707,0.25787013464852776,0.0,512982.50000443944
mtd_ai,200,0.005039902462793679,0.38461538461538464,3924.354517436017,0.1,150,5,0.16333333333333333,0.05932632679896707,0.25787013464852776,0.0,512982.50000443944
mtd_ai,200,0.005039902462793679,0.4326923076923077,4685.417662250669,0.15,150,5,0.16333333333333333,0.05932632679896707,0.25787013464852776,0.0,512982.50000443944
mtd_ai,200,0.005039902462793679,0.45454545454545453,5496.3064931563,0.2,150,5,0.16333333333333333,0.05932632679896707,0.25787013464852776,0.0,512982.50000443944
mtd_ai,200,0.005039902462793679,0.4573170731707317,6299.337465044992,0.25,150,5,0.16333333333333333,0.05932632679896707,0.25787013464852776,0.0,512982.50000443944
mtd_ai,200,0.005073484271627334,0.375,1866.2682914252496,0.05,150,5,0.12277777777777776,0.473297488589356,1.495292968868051,0.0,485103.54886759084
mtd_ai,200,0.005073484271627334,0.3488372093023256,3498.025297269908,0.1,150,5,0.12277777777777776,0.473297488589356,1.495292968868051,0.0,485103.54886759084
mtd_ai,200,0.005073484271627334,0.4017857142857143,4139.036603283912,0.15,150,5,0.12277777777777776,0.473297488589356,1.495292968868051,0.0,485103.54886759084
mtd_ai,200,0.005073484271627334,0.4411764705882353,4976.884141705324,0.2,150,5,0.12277777777777776,0.473297488589356,1.495292968868051,0.0,485103.54886759084
mtd_ai,200,0.005073484271627334,0.487012987012987,5446.332949051745,0.25,150,5,0.12277777777777776,0.473297488589356,1.495292968868051,0.0,485103.54886759084
mtd_ai,200,0.0050774758249539104,0.32608695652173914,1640.2525705998971,0.05,150,5,0.10555555555555554,1.5014493156465634,4.451897886379455,0.0,497606.9999180321
mtd_ai,200,0.0050774758249539104,0.39473684210526316,2854.2066728057343,0.1,150,5,0.10555555555555554,1.5014493156465634,4.451897886379455,0.0,497606.9999180321
mtd_ai,200,0.0050774758249539104,0.45,3766.3160035383626,0.15,150,5,0.10555555555555554,1.5014493156465634,4.451897886379455,0.0,497606.9999180321
mtd_ai,200,0.0050774758249539104,0.47619047619047616,4740.582342506458,0.2,150,5,0.10555555555555554,1.5014493156465634,4.451897886379455,0.0,497606.9999180321
mtd_ai,200,0.0050774758249539104,0.5067567567567568,5423.872887385482,0.25,150,5,0.10555555555555554,1.5014493156465634,4.451897886379455,0.0,497606.9999180321
mtd_ai,200,0.005040681040399243,0.4411764705882353,1500.8483619270503,0.05,150,5,0.11866666666666667,0.8601440792808867,3.8078279772610153,0.0,555701.3156057727
mtd_ai,200,0.005040681040399243,0.4411764705882353,2733.034327353781,0.1,150,5,0.11866666666666667,0.8601440792808867,3.8078279772610153,0.0,555701.3156057727
mtd_ai,200,0.005040681040399243,0.4891304347826087,3314.671405475493,0.15,150,5,0.11866666666666667,0.8601440792808867,3.8078279772610153,0.0,555701.3156057727
mtd_ai,200,0.005040681040399243,0.43478260869565216,5796.332475132025,0.2,150,5,0.11866666666666667,0.8601440792808867,3.8078279772610153,0.0,555701.3156057727
mtd_ai,200,0.005040681040399243,0.46875,6117.151688399617,0.25,150,5,0.11866666666666667,0.8601440792808867,3.8078279772610153,0.0,555701.3156057727
mtd_ai,200,0.0050825463049133665,0.3,2986.4956372236875,0.05,150,5,0.12088888888888888,0.42565876204523917,1.8246768501236577,0.0,490126.59775361716
mtd_ai,200,0.0050825463049133665,0.38461538461538464,3569.531455146034,0.1,150,5,0.12088888888888888,0.42565876204523917,1.8246768501236577,0.0,490126.59775361716
mtd_ai,200,0.0050825463049133665,0.46875,3965.8922238930104,0.15,150,5,0.12088888888888888,0.42565876204523917,1.8246768501236577,0.0,490126.59775361716
mtd_ai,200,0.0050825463049133665,0.44776119402985076,4888.325182741608,0.2,150,5,0.12088888888888888,0.42565876204523917,1.8246768501236577,0.0,490126.59775361716
mtd_ai,200,0.0050825463049133665,0.4807692307692308,5449.584479389244,0.25,150,5,0.12088888888888888,0.42565876204523917,1.8246768501236577,0.0,490126.59775361716
mtd_ai,200,0.005075671110424336,0.26785714285714285,2392.4493820200178,0.05,150,5,0.13444444444444442,0.27476860500438494,0.9839168092069943,0.0,523554.6523298113
mtd_ai,200,0.005075671110424336,0.3125,4081.712358855179,0.1,150,5,0.13444444444444442,0.27476860500438494,0.9839168092069943,0.0,523554.6523298113
mtd_ai,200,0.005075671110424336,0.3813559322033898,4624.373366642709,0.15,150,5,0.13444444444444442,0.27476860500438494,0.9839168092069943,0.0,523554.6523298113
mtd_ai,200,0.005075671110424336,0.38961038961038963,5484.579000483205,0.2,150,5,0.13444444444444442,0.27476860500438494,0.9839168092069943,0.0,523554.6523298113
mtd_ai,200,0.005075671110424336,0.43103448275862066,5817.187905865232,0.25,150,5,0.13444444444444442,0.27476860500438494,0.9839168092069943,0.0,523554.6523298113
mtd_ai,200,0.00504515215900798,0.3125,1879.9810058990652,0.05,150,5,0.132,0.12606219468139218,0.5007890337218089,0.0,518328.97303520824
mtd_ai,200,0.00504515215900798,0.35714285714285715,3495.8393416769986,0.1,150,5,0.132,0.12606219468139218,0.5007890337218089,0.0,518328.97303520824
mtd_ai,200,0.00504515215900798,0.4166666666666667,4187.526308339512,0.15,150,5,0.132,0.12606219468139218,0.5007890337218089,0.0,518328.97303520824
mtd_ai,200,0.00504515215900798,0.46875,4587.006599729463,0.2,150,5,0.132,0.12606219468139218,0.5007890337218089,0.0,518328.97303520824
mtd_ai,200,0.00504515215900798,0.46296296296296297,5732.208652968001,0.25,150,5,0.132,0.12606219468139218,0.5007890337218089,0.0,518328.97303520824
mtd_ai,200,0.005059087253539398,0.26785714285714285,2578.9508295229016,0.05,150,5,0.13833333333333334,0.9325351939218554,3.1093151414920253,0.0,710014.4463242507
mtd_ai,200,0.005059087253539398,0.30612244897959184,4578.749359754514,0.1,150,5,0.13833333333333334,0.9325351939218554,3.1093151414920253,0.0,710014.4463242507
mtd_ai,200,0.005059087253539398,0.3515625,5615.509374585613,0.15,150,5,0.13833333333333334,0.9325351939218554,3.1093151414920253,0.0,710014.4463242507
mtd_ai,200,0.005059087253539398,0.379746835443038,6651.208371168327,0.2,150,5,0.13833333333333334,0.9325351939218554,3.1093151414920253,0.0,710014.4463242507
mtd_ai,200,0.005059087253539398,0.4076086956521739,7156.604878879089,0.25,150,5,0.13833333333333334,0.9325351939218554,3.1093151414920253,0.0,710014.4463242507
mtd_ai,200,0.005071873079435462,0.234375,3296.097077361941,0.05,150,5,0.09,0.3898816545954684,1.2228537352785775,0.0,530784.721872508
mtd_ai,200,0.005071873079435462,0.30612244897959184,4231.66755461831,0.1,150,5,0.09,0.3898816545954684,1.2228537352785775,0.0,530784.721872508
mtd_ai,200,0.005071873079435462,0.3879310344827586,4615.714128816124,0.15,150,5,0.09,0.3898816545954684,1.2228537352785775,0.0,530784.721872508
mtd_ai,200,0.005071873079435462,0.4225352112676056,5237.542485453396,0.2,150,5,0.09,0.3898816545954684,1.2228537352785775,0.0,530784.721872508
mtd_ai,200,0.005071873079435462,0.44642857142857145,5755.547232075751,0.25,150,5,0.09,0.3898816545954684,1.2228537352785775,0.0,530784.721872508
mtd_ai,200,0.0050481747540227695,0.2777777777777778,2388.869493449577,0.05,150,5,0.08533333333333334,0.0790603679486748,0.3019330116729079,0.0,529251.8961332209
mtd_ai,200,0.0050481747540227695,0.3,3594.8380465063847,0.1,150,5,0.08533333333333334,0.0790603679486748,0.3019330116729079,0.0,529251.8961332209
mtd_ai,200,0.0050481747540227695,0.3629032258064516,4373.531214342467,0.15,150,5,0.08533333333333334,0.0790603679486748,0.3019330116729079,0.0,529251.8961332209
mtd_ai,200,0.0050481747540227695,0.4166666666666667,4996.113646217935,0.2,150,5,0.08533333333333334,0.0790603679486748,0.3019330116729079,0.0,529251.8961332209
mtd_ai,200,0.0050481747540227695,0.41208791208791207,5868.972157740347,0.25,150,5,0.08533333333333334,0.0790603679486748,0.3019330116729079,0.0,529251.8961332209
mtd_ai,200,0.005054981077672715,0.25,2994.053005624164,0.05,150,5,0.18822222222222224,0.7757512354172666,2.489260493228836,0.0,626914.1911873758
mtd_ai,200,0.005054981077672715,0.3333333333333333,3842.910243424783,0.1,150,5,0.18822222222222224,0.7757512354172666,2.489260493228836,0.0,626914.1911873758
mtd_ai,200,0.005054981077672715,0.34615384615384615,5422.645814634974,0.15,150,5,0.18822222222222224,0.7757512354172666,2.489260493228836,0.0,626914.1911873758
mtd_ai,200,0.005054981077672715,0.37037037037037035,6143.299931624613,0.2,150,5,0.18822222222222224,0.7757512354172666,2.489260493228836,0.0,626914.1911873758
mtd_ai,200,0.005054981077672715,0.3865979381443299,7000.209988098437,0.25,150,5,0.18822222222222224,0.7757512354172666,2.489260493228836,0.0,626914.1911873758
mtd_ai,200,0.005062659111929194,0.375,1872.2544816741229,0.05,150,5,0.12222222222222222,9.81519263375309,3.359075234826127,0.0,542695.3898653073
mtd_ai,200,0.005062659111929194,0.4166666666666667,3067.8412787328243,0.1,150,5,0.12222222222222222,9.81519263375309,3.359075234826127,0.0,542695.3898653073
mtd_ai,200,0.005062659111929194,0.4411764705882353,4338.362834754764,0.15,150,5,0.12222222222222222,9.81519263375309,3.359075234826127,0.0,542695.3898653073
mtd_ai,200,0.005062659111929194,0.4225352112676056,5438.687928234189,0.2,150,5,0.12222222222222222,9.81519263375309,3.359075234826127,0.0,542695.3898653073
mtd_ai,200,0.005062659111929194,0.436046511627907,6270.635780100076,0.25,150,5,0.12222222222222222,9.81519263375309,3.359075234826127,0.0,542695.3898653073
mtd_ai,200,0.005067782415407198,0.3409090909090909,2172.487749845936,0.05,150,5,0.1406666666666667,0.38981050961282965,1.6256210598800347,0.0,521572.10352656315
mtd_ai,200,0.005067782415407198,0.375,3574.815798275612,0.1,150,5,0.1406666666666667,0.38981050961282965,1.6256210598800347,0.0,521572.10352656315
mtd_ai,200,0.005067782415407198,0.3879310344827586,5146.430400179321,0.15,150,5,0.1406666666666667,0.38981050961282965,1.6256210598800347,0.0,521572.10352656315
mtd_ai,200,0.005067782415407198,0.4225352112676056,5556.9549071923975,0.2,150,5,0.1406666666666667,0.38981050961282965,1.6256210598800347,0.0,521572.10352656315
mtd_ai,200,0.005067782415407198,0.4573170731707317,5917.76239546693,0.25,150,5,0.1406666666666667,0.38981050961282965,1.6256210598800347,0.0,521572.10352656315
mtd_ai,200,0.00505735503770034,0.24193548387096775,2969.8422138786973,0.05,150,5,0.11766666666666666,0.08826375115557278,0.17966073131847923,0.0,681293.5918387952
mtd_ai,200,0.00505735503770034,0.28846153846153844,4086.3555025951905,0.1,150,5,0.11766666666666666,0.08826375115557278,0.17966073131847923,0.0,681293.5918387952
mtd_ai,200,0.00505735503770034,0.3082191780821918,6294.077196305445,0.15,150,5,0.11766666666666666,0.08826375115557278,0.17966073131847923,0.0,681293.5918387952
mtd_ai,200,0.00505735503770034,0.3409090909090909,6871.833139537522,0.2,150,5,0.11766666666666666,0.08826375115557278,0.17966073131847923,0.0,681293.5918387952
mtd_ai,200,0.00505735503770034,0.3712871287128713,7602.84088936613,0.25,150,5,0.11766666666666666,0.08826375115557278,0.17966073131847923,0.0,681293.5918387952
mtd_ai,200,0.005083456466194553,0.3125,2313.1884434392064,0.05,150,5,0.1508888888888889,1.2333329343145492,3.805911778241562,0.0,504825.2224979956
mtd_ai,200,0.005083456466194553,0.3409090909090909,3742.42979526858,0.1,150,5,0.1508888888888889,1.2333329343145492,3.805911778241562,0.0,504825.2224979956
mtd_ai,200,0.005083456466194553,0.42452830188679247,4211.258117101841,0.15,150,5,0.1508888888888889,1.2333329343145492,3.805911778241562,0.0,504825.2224979956
mtd_ai,200,0.005083456466194553,0.46153846153846156,4777.842387394615,0.2,150,5,0.1508888888888889,1.2333329343145492,3.805911778241562,0.0,504825.2224979956
mtd_ai,200,0.005083456466194553,0.5,5447.729394894124,0.25,150,5,0.1508888888888889,1.2333329343145492,3.805911778241562,0.0,504825.2224979956
mtd_ai,200,0.00505474647061367,0.375,1746.350447260619,0.05,150,5,0.08277777777777777,0.04724758027752007,0.08695288212640137,0.0,683832.7901187948
mtd_ai,200,0.00505474647061367,0.36585365853658536,3565.9967936124285,0.1,150,5,0.08277777777777777,0.04724758027752007,0.08695288212640137,0.0,683832.7901187948
mtd_ai,200,0.00505474647061367,0.4090909090909091,4868.1267547999705,0.15,150,5,0.08277777777777777,0.04724758027752007,0.08695288212640137,0.0,683832.7901187948
mtd_ai,200,0.00505474647061367,0.4166666666666667,6302.039175202915,0.2,150,5,0.08277777777777777,0.04724758027752007,0.08695288212640137,0.0,683832.7901187948
mtd_ai,200,0.00505474647061367,0.44642857142857145,7277.927287859169,0.25,150,5,0.08277777777777777,0.04724758027752007,0.08695288212640137,0.0,683832.7901187948
mtd_ai,200,0.005039360777926606,0.26785714285714285,2917.6211208701307,0.05,150,5,0.1,0.8092106288423634,2.7730440546375603,0.0,605604.7656118869
mtd_ai,200,0.005039360777926606,0.3488372093023256,4101.697419190672,0.1,150,5,0.1,0.8092106288423634,2.7730440546375603,0.0,605604.7656118869
mtd_ai,200,0.005039360777926606,0.375,5500.870204031744,0.15,150,5,0.1,0.8092106288423634,2.7730440546375603,0.0,605604.7656118869
mtd_ai,200,0.005039360777926606,0.4225352112676056,6129.894057673679,0.2,150,5,0.1,0.8092106288423634,2.7730440546375603,0.0,605604.7656118869
mtd_ai,200,0.005039360777926606,0.4166666666666667,6851.9070882838,0.25,150,5,0.1,0.8092106288423634,2.7730440546375603,0.0,605604.7656118869
mtd_ai,200,0.005038018835997615,0.25,2859.9924558034318,0.05,150,5,0.13844444444444443,1.01001977670398,3.8852070239097336,0.0,682984.6935151597
mtd_ai,200,0.005038018835997615,0.28846153846153844,4981.267292255901,0.1,150,5,0.13844444444444443,1.01001977670398,3.8852070239097336,0.0,682984.6935151597
mtd_ai,200,0.005038018835997615,0.3515625,5874.165946252029,0.15,150,5,0.13844444444444443,1.01001977670398,3.8852070239097336,0.0,682984.6935151597
mtd_ai,200,0.005038018835997615,0.379746835443038,6564.187349968461,0.2,150,5,0.13844444444444443,1.01001977670398,3.8852070239097336,0.0,682984.6935151597
mtd_ai,200,0.005038018835997615,0.42134831460674155,7047.166945083161,0.25,150,5,0.13844444444444443,1.01001977670398,3.8852070239097336,0.0,682984.6935151597
mtd_ai,200,0.0050486196856080875,0.2777777777777778,2828.50131536301,0.05,150,5,0.1466666666666667,1.6435566210091865,2.1305195124306042,4.730769230769231,605481.6349322895
mtd_ai,200,0.0050486196856080875,0.3409090909090909,4071.9011664315867,0.1,150,5,0.1466666666666667,1.6435566210091865,2.1305195124306042,4.730769230769231,605481.6349322895
mtd_ai,200,0.0050486196856080875,0.42452830188679247,4625.853742321459,0.15,150,5,0.1466666666666667,1.6435566210091865,2.1305195124306042,4.730769230769231,605481.6349322895
mtd_ai,200,0.0050486196856080875,0.46153846153846156,5251.491880783413,0.2,150,5,0.1466666666666667,1.6435566210091865,2.1305195124306042,4.730769230769231,605481.6349322895
mtd_ai,200,0.0050486196856080875,0.5,5913.771910502373,0.25,150,5,0.1466666666666667,1.6435566210091865,2.1305195124306042,4.730769230769231,605481.6349322895
mtd_ai,200,0.005068177324921891,0.25862068965517243,3055.846405272502,0.05,150,5,0.10833333333333334,1.1857927334548435,4.036056501464026,0.0,581090.8089928674
mtd_ai,200,0.005068177324921891,0.3409090909090909,3931.9696602208046,0.1,150,5,0.10833333333333334,1.1857927334548435,4.036056501464026,0.0,581090.8089928674
mtd_ai,200,0.005068177324921891,0.3879310344827586,4919.646935198662,0.15,150,5,0.10833333333333334,1.1857927334548435,4.036056501464026,0.0,581090.8089928674
mtd_ai,200,0.005068177324921891,0.410958904109589,5977.578660949064,0.2,150,5,0.10833333333333334,1.1857927334548435,4.036056501464026,0.0,581090.8089928674
mtd_ai,200,0.005068177324921891,0.4411764705882353,6557.180247138367,0.25,150,5,0.10833333333333334,1.1857927334548435,4.036056501464026,0.0,581090.8089928674
mtd_ai,200,0.005084000220757726,0.26785714285714285,2767.025847856562,0.05,150,5,0.14,0.7127381778180637,2.894959866875222,0.0,534757.5317071904
mtd_ai,200,0.005084000220757726,0.38461538461538464,4084.6341099409033,0.1,150,5,0.14,0.7127381778180637,2.894959866875222,0.0,534757.5317071904
mtd_ai,200,0.005084000220757726,0.42452830188679247,4659.0331604781095,0.15,150,5,0.14,0.7127381778180637,2.894959866875222,0.0,534757.5317071904
mtd_ai,200,0.005084000220757726,0.46153846153846156,5160.136235886221,0.2,150,5,0.14,0.7127381778180637,2.894959866875222,0.0,534757.5317071904
mtd_ai,200,0.005084000220757726,0.5,5527.154615946021,0.25,150,5,0.14,0.7127381778180637,2.894959866875222,0.0,534757.5317071904
mtd_ai,200,0.005091762883761357,0.4411764705882353,1534.9569510595568,0.05,150,5,0.14777777777777776,0.3242553738791507,1.1884825074556955,0.0,455778.3241527761
mtd_ai,200,0.005091762883761357,0.45454545454545453,2977.557681834247,0.1,150,5,0.14777777777777776,0.3242553738791507,1.1884825074556955,0.0,455778.3241527761
mtd_ai,200,0.005091762883761357,0.4891304347826087,3723.528031187744,0.15,150,5,0.14777777777777776,0.3242553738791507,1.1884825074556955,0.0,455778.3241527761
mtd_ai,200,0.005091762883761357,0.47619047619047616,4830.255759784612,0.2,150,5,0.14777777777777776,0.3242553738791507,1.1884825074556955,0.0,455778.3241527761
mtd_ai,200,0.005091762883761357,0.528169014084507,5043.4431655971985,0.25,150,5,0.14777777777777776,0.3242553738791507,1.1884825074556955,0.0,455778.3241527761
mtd_ai,200,0.005060005548469522,0.2777777777777778,2670.4376553411607,0.05,150,5,0.15738095238095237,1.4324703640524288,4.176564367331875,0.0,557794.5809910245
mtd_ai,200,0.005060005548469522,0.32608695652173914,4011.4259342976707,0.1,150,5,0.15738095238095237,1.4324703640524288,4.176564367331875,0.0,557794.5809910245
mtd_ai,200,0.005060005548469522,0.32142857142857145,5093.291371321995,0.15,150,5,0.15738095238095237,1.4324703640524288,4.176564367331875,0.0,557794.5809910245
mtd_ai,200,0.005060005548469522,0.35714285714285715,5788.425055898359,0.2,150,5,0.15738095238095237,1.4324703640524288,4.176564367331875,0.0,557794.5809910245
mtd_ai,200,0.005060005548469522,0.3826530612244898,6503.156567689968,0.25,150,5,0.15738095238095237,1.4324703640524288,4.176564367331875,0.0,557794.5809910245
mtd_ai,200,0.005037901232473757,0.2777777777777778,3346.9868868495205,0.05,150,5,0.13,0.4218377516861077,0.4742641976929857,0.0,536982.6380589178,49530000
mtd_ai,200,0.005037901232473757,0.3488372093023256,4183.444889336673,0.1,150,5,0.13,0.4218377516861077,0.4742641976929857,0.0,536982.6380589178,49530000
mtd_ai,200,0.005037901232473757,0.4326923076923077,4758.501781496145,0.15,150,5,0.13,0.4218377516861077,0.4742641976929857,0.0,536982.6380589178,49530000
mtd_ai,200,0.005037901232473757,0.4411764705882353,5874.450071202698,0.2,150,5,0.13,0.4218377516861077,0.4742641976929857,0.0,536982.6380589178,49530000
mtd_ai,200,0.005037901232473757,0.4934210526315789,6475.49126760731,0.25,150,5,0.13,0.4218377516861077,0.4742641976929857,0.0,536982.6380589178,49530000
mtd_ai,200,0.005051897322741366,0.20270270270270271,3566.5098577954686,0.05,150,5,0.3,1.9136371138959722,5.370711511248375,0.0,681545.2794944011,52605000
mtd_ai,200,0.005051897322741366,0.26785714285714285,4467.789244874398,0.1,150,5,0.3,1.9136371138959722,5.370711511248375,0.0,681545.2794944011,52605000
mtd_ai,200,0.005051897322741366,0.3358208955223881,5012.553629909236,0.15,150,5,0.3,1.9136371138959722,5.370711511248375,0.0,681545.2794944011,52605000
mtd_ai,200,0.005051897322741366,0.3448275862068966,5872.588719437763,0.2,150,5,0.3,1.9136371138959722,5.370711511248375,0.0,681545.2794944011,52605000
mtd_ai,200,0.005051897322741366,0.32894736842105265,7260.533310545851,0.25,150,5,0.3,1.9136371138959722,5.370711511248375,0.0,681545.2794944011,52605000
mtd_ai,200,0.005056115264181226,0.20833333333333334,3552.4974543795215,0.05,150,5,0.08266666666666667,0.6201884598123502,2.142167738454771,0.0,618189.9025998471,46590000
mtd_ai,200,0.005056115264181226,0.32608695652173914,4159.125240542297,0.1,150,5,0.08266666666666667,0.6201884598123502,2.142167738454771,0.0,618189.9025998471,46590000
mtd_ai,200,0.005056115264181226,0.39473684210526316,4895.438227327294,0.15,150,5,0.08266666666666667,0.6201884598123502,2.142167738454771,0.0,618189.9025998471,46590000
mtd_ai,200,0.005056115264181226,0.38961038961038963,6847.963976066326,0.2,150,5,0.08266666666666667,0.6201884598123502,2.142167738454771,0.0,618189.9025998471,46590000
mtd_ai,200,0.005056115264181226,0.436046511627907,7132.286134109865,0.25,150,5,0.08266666666666667,0.6201884598123502,2.142167738454771,0.0,618189.9025998471,46590000
mtd_ai,200,0.005070456364057779,0.24193548387096775,2731.468275265089,0.05,150,5,0.21142857142857144,0.596207127067174,2.471672885662606,0.0,542619.9799419413,36090000
mtd_ai,200,0.005070456364057779,0.3125,3727.926281421116,0.1,150,5,0.21142857142857144,0.596207127067174,2.471672885662606,0.0,542619.9799419413,36090000
mtd_ai,200,0.005070456364057779,0.36885245901639346,4506.593834041281,0.15,150,5,0.21142857142857144,0.596207127067174,2.471672885662606,0.0,542619.9799419413,36090000
mtd_ai,200,0.005070456364057779,0.410958904109589,5251.849573753941,0.2,150,5,0.21142857142857144,0.596207127067174,2.471672885662606,0.0,542619.9799419413,36090000
mtd_ai,200,0.005070456364057779,0.43103448275862066,5936.910612797836,0.25,150,5,0.21142857142857144,0.596207127067174,2.471672885662606,0.0,542619.9799419413,36090000
mtd_ai,200,0.005038265999531793,0.234375,3513.0951983751174,0.05,150,5,0.14333333333333334,0.30363589454109613,1.3035356520914239,0.0,564042.0591851926,55545000
mtd_ai,200,0.005038265999531793,0.3191489361702128,4493.42859456919,0.1,150,5,0.14333333333333334,0.30363589454109613,1.3035356520914239,0.0,564042.0591851926,55545000
mtd_ai,200,0.005038265999531793,0.3879310344827586,5226.380082802759,0.15,150,5,0.14333333333333334,0.30363589454109613,1.3035356520914239,0.0,564042.0591851926,55545000
mtd_ai,200,0.005038265999531793,0.43478260869565216,5685.672568912255,0.2,150,5,0.14333333333333334,0.30363589454109613,1.3035356520914239,0.0,564042.0591851926,55545000
mtd_ai,200,0.005038265999531793,0.47468354430379744,6270.759827957711,0.25,150,5,0.14333333333333334,0.30363589454109613,1.3035356520914239,0.0,564042.0591851926,55545000
mtd_ai,200,0.005035992292928471,0.22058823529411764,2983.925229911906,0.05,150,5,0.23529411764705882,0.6360740943829303,1.5928258824241894,0.0,653322.677318806,33142500
mtd_ai,200,0.005035992292928471,0.2727272727272727,3860.247564004411,0.1,150,5,0.23529411764705882,0.6360740943829303,1.5928258824241894,0.0,653322.677318806,33142500
mtd_ai,200,0.005035992292928471,0.30405405405405406,5431.345114263121,0.15,150,5,0.23529411764705882,0.6360740943829303,1.5928258824241894,0.0,653322.677318806,33142500
mtd_ai,200,0.005035992292928471,0.3448275862068966,6258.14400055501,0.2,150,5,0.23529411764705882,0.6360740943829303,1.5928258824241894,0.0,653322.677318806,33142500
mtd_ai,200,0.005035992292928471,0.3440366972477064,7319.940840876407,0.25,150,5,0.23529411764705882,0.6360740943829303,1.5928258824241894,0.0,653322.677318806,33142500
mtd_ai,200,0.0050641916715347575,0.3,2035.5484607207968,0.05,150,5,0.13722222222222222,0.5348834871057435,2.092027052599747,0.0,560335.197273723,43575000
mtd_ai,200,0.0050641916715347575,0.3,3757.3284416624124,0.1,150,5,0.13722222222222222,0.5348834871057435,2.092027052599747,0.0,560335.197273723,43575000
mtd_ai,200,0.0050641916715347575,0.32142857142857145,5260.253342549568,0.15,150,5,0.13722222222222222,0.5348834871057435,2.092027052599747,0.0,560335.197273723,43575000
mtd_ai,200,0.0050641916715347575,0.37037037037037035,5786.309248289193,0.2,150,5,0.13722222222222222,0.5348834871057435,2.092027052599747,0.0,560335.197273723,43575000
mtd_ai,200,0.0050641916715347575,0.41208791208791207,6450.3342621998145,0.25,150,5,0.13722222222222222,0.5348834871057435,2.092027052599747,0.0,560335.197273723,43575000
mtd_ai,200,0.005057319895717732,0.35714285714285715,1923.2346199289664,0.05,150,5,0.1595,0.07851752438323988,0.3509785070041071,0.0,463037.596374366,34567500
mtd_ai,200,0.005057319895717732,0.4166666666666667,3086.8214841931203,0.1,150,5,0.1595,0.07851752438323988,0.3509785070041071,0.0,463037.596374366,34567500
mtd_ai,200,0.005057319895717732,0.45918367346938777,4016.365992083131,0.15,150,5,0.1595,0.07851752438323988,0.3509785070041071,0.0,463037.596374366,34567500
mtd_ai,200,0.005057319895717732,0.5,4391.056282889471,0.2,150,5,0.1595,0.07851752438323988,0.3509785070041071,0.0,463037.596374366,34567500
mtd_ai,200,0.005057319895717732,0.528169014084507,4836.9564595596,0.25,150,5,0.1595,0.07851752438323988,0.3509785070041071,0.0,463037.596374366,34567500
mtd_ai,200,0.005052027397565343,0.3125,2073.516700326917,0.05,150,5,0.11555555555555555,0.2564137810082294,1.035618776428324,0.0,455241.30287293607,39795000
mtd_ai,200,0.005052027397565343,0.35714285714285715,3339.5319549916185,0.1,150,5,0.11555555555555555,0.2564137810082294,1.035618776428324,0.0,455241.30287293607,39795000
mtd_ai,200,0.005052027397565343,0.4017857142857143,4503.451991866672,0.15,150,5,0.11555555555555555,0.2564137810082294,1.035618776428324,0.0,455241.30287293607,39795000
mtd_ai,200,0.005052027397565343,0.44776119402985076,4916.8017054658485,0.2,150,5,0.11555555555555555,0.2564137810082294,1.035618776428324,0.0,455241.30287293607,39795000
mtd_ai,200,0.005052027397565343,0.4934210526315789,5295.324394059824,0.25,150,5,0.11555555555555555,0.2564137810082294,1.035618776428324,0.0,455241.30287293607,39795000
mtd_ai,200,0.005060471563427642,0.3409090909090909,1747.3011225351452,0.05,150,5,0.11,0.7891194359341321,2.804563783478326,0.0,610357.6782258914,53310000
mtd_ai,200,0.005060471563427642,0.3125,3706.9883874009283,0.1,150,5,0.11,0.7891194359341321,2.804563783478326,0.0,610357.6782258914,53310000
mtd_ai,200,0.005060471563427642,0.34615384615384615,5333.924754036006,0.15,150,5,0.11,0.7891194359341321,2.804563783478326,0.0,610357.6782258914,53310000
mtd_ai,200,0.005060471563427642,0.35714285714285715,6604.9860846516685,0.2,150,5,0.11,0.7891194359341321,2.804563783478326,0.0,610357.6782258914,53310000
mtd_ai,200,0.005060471563427642,0.390625,7135.704242966299,0.25,150,5,0.11,0.7891194359341321,2.804563783478326,0.0,610357.6782258914,53310000
mtd_ai,200,0.0050592321094820565,0.3125,2484.7126828584283,0.05,150,5,0.08,0.14054268085252303,0.4390460960348368,0.0,599242.5253273337,47310000
mtd_ai,200,0.0050592321094820565,0.2777777777777778,5262.403693407203,0.1,150,5,0.08,0.14054268085252303,0.4390460960348368,0.0,599242.5253273337,47310000
mtd_ai,200,0.0050592321094820565,0.31690140845070425,6329.693089764093,0.15,150,5,0.08,0.14054268085252303,0.4390460960348368,0.0,599242.5253273337,47310000
mtd_ai,200,0.0050592321094820565,0.36585365853658536,6955.198869821223,0.2,150,5,0.08,0.14054268085252303,0.4390460960348368,0.0,599242.5253273337,47310000
mtd_ai,200,0.0050592321094820565,0.4032258064516129,7336.382488730049,0.25,150,5,0.08,0.14054268085252303,0.4390460960348368,0.0,599242.5253273337,47310000
mtd_ai,200,0.005042801831292044,0.25862068965517243,2427.11635968924,0.05,150,5,0.12622222222222224,0.7207089845445688,1.517313833149357,0.0,566187.4904033978,39090000
mtd_ai,200,0.005042801831292044,0.3488372093023256,3222.0500184742923,0.1,150,5,0.12622222222222224,0.7207089845445688,1.517313833149357,0.0,566187.4904033978,39090000
mtd_ai,200,0.005042801831292044,0.4017857142857143,4091.112131119507,0.15,150,5,0.12622222222222224,0.7207089845445688,1.517313833149357,0.0,566187.4904033978,39090000
mtd_ai,200,0.005042801831292044,0.43478260869565216,4691.088097178466,0.2,150,5,0.12622222222222224,0.7207089845445688,1.517313833149357,0.0,566187.4904033978,39090000
mtd_ai,200,0.005042801831292044,0.436046511627907,6160.979438344113,0.25,150,5,0.12622222222222224,0.7207089845445688,1.517313833149357,0.0,566187.4904033978,39090000
mtd_ai,200,0.005052590187474692,0.22727272727272727,3883.1850314255616,0.05,150,5,0.18181818181818182,0.036485906672931785,0.13210475812229336,0.0,633577.369220561,39120000
mtd_ai,200,0.005052590187474692,0.32608695652173914,4664.428882074773,0.1,150,5,0.18181818181818182,0.036485906672931785,0.13210475812229336,0.0,633577.369220561,39120000
mtd_ai,200,0.005052590187474692,0.36885245901639346,5833.180603555678,0.15,150,5,0.18181818181818182,0.036485906672931785,0.13210475812229336,0.0,633577.369220561,39120000
mtd_ai,200,0.005052590187474692,0.38961038961038963,6899.979779835816,0.2,150,5,0.18181818181818182,0.036485906672931785,0.13210475812229336,0.0,633577.369220561,39120000
mtd_ai,200,0.005052590187474692,0.4411764705882353,7264.894052002216,0.25,150,5,0.18181818181818182,0.036485906672931785,0.13210475812229336,0.0,633577.369220561,39120000
mtd_ai,200,0.005061610561793527,0.2777777777777778,3512.399164293282,0.05,150,5,0.15611111111111112,0.7225917010950554,1.1631422011031884,0.0,563988.1298633022,45075000
mtd_ai,200,0.005061610561793527,0.36585365853658536,4315.666909744583,0.1,150,5,0.15611111111111112,0.7225917010950554,1.1631422011031884,0.0,563988.1298633022,45075000
mtd_ai,200,0.005061610561793527,0.4326923076923077,4994.9444782925075,0.15,150,5,0.15611111111111112,0.7225917010950554,1.1631422011031884,0.0,563988.1298633022,45075000
mtd_ai,200,0.005061610561793527,0.46153846153846156,5906.396072792758,0.2,150,5,0.15611111111111112,0.7225917010950554,1.1631422011031884,0.0,563988.1298633022,45075000
mtd_ai,200,0.005061610561793527,0.5067567567567568,6271.622781877395,0.25,150,5,0.15611111111111112,0.7225917010950554,1.1631422011031884,0.0,563988.1298633022,45075000
mtd_ai,200,0.005077101527134838,0.32608695652173914,2056.177659562747,0.05,150,5,0.0811111111111111,0.5755097306470636,1.8165082277460205,0.0,529131.3137441212,47295000
mtd_ai,200,0.005077101527134838,0.4166666666666667,3124.358658229382,0.1,150,5,0.0811111111111111,0.5755097306470636,1.8165082277460205,0.0,529131.3137441212,47295000
mtd_ai,200,0.005077101527134838,0.45918367346938777,4340.017763134616,0.15,150,5,0.0811111111111111,0.5755097306470636,1.8165082277460205,0.0,529131.3137441212,47295000
mtd_ai,200,0.005077101527134838,0.5,4717.536342015697,0.2,150,5,0.0811111111111111,0.5755097306470636,1.8165082277460205,0.0,529131.3137441212,47295000
mtd_ai,200,0.005077101527134838,0.4934210526315789,5637.588698992136,0.25,150,5,0.0811111111111111,0.5755097306470636,1.8165082277460205,0.0,529131.3137441212,47295000
mtd_ai,200,0.005039637276781343,0.10416666666666667,5499.554662680612,0.05,150,5,0.12518518518518518,0.14204640295717338,0.5272411511483308,0.0,763233.414004861,60090000
mtd_ai,200,0.005039637276781343,0.1744186046511628,6415.776562498179,0.1,150,5,0.12518518518518518,0.14204640295717338,0.5272411511483308,0.0,763233.414004861,60090000
mtd_ai,200,0.005039637276781343,0.23195876288659795,7193.9039892566225,0.15,150,5,0.12518518518518518,0.14204640295717338,0.5272411511483308,0.0,763233.414004861,60090000
mtd_ai,200,0.005039637276781343,0.2727272727272727,7977.827395114047,0.2,150,5,0.12518518518518518,0.14204640295717338,0.5272411511483308,0.0,763233.414004861,60090000
mtd_ai,200,0.005039637276781343,0.2952755905511811,9195.159688483887,0.25,150,5,0.12518518518518518,0.14204640295717338,0.5272411511483308,0.0,763233.414004861,60090000
mtd_ai,200,0.0050658292291948966,0.32608695652173914,2072.4644804958853,0.05,150,5,0.3333333333333333,0.9093889363272549,3.9302317551919077,0.0,549241.2496270129,39090000
mtd_ai,200,0.0050658292291948966,0.35714285714285715,3818.7124266576584,0.1,150,5,0.3333333333333333,0.9093889363272549,3.9302317551919077,0.0,549241.2496270129,39090000
mtd_ai,200,0.0050658292291948966,0.4166666666666667,4576.497016640054,0.15,150,5,0.3333333333333333,0.9093889363272549,3.9302317551919077,0.0,549241.2496270129,39090000
mtd_ai,200,0.0050658292291948966,0.410958904109589,5849.469473180161,0.2,150,5,0.3333333333333333,0.9093889363272549,3.9302317551919077,0.0,549241.2496270129,39090000
mtd_ai,200,0.0050658292291948966,0.44642857142857145,6176.836034927775,0.25,150,5,0.3333333333333333,0.9093889363272549,3.9302317551919077,0.0,549241.2496270129,39090000
mtd_ai,200,0.005057743417188088,0.4166666666666667,1588.4871546960005,0.05,150,5,0.17944444444444446,1.066355703078157,2.5845546109702715,0.0,540097.0452630895,54015000
mtd_ai,200,0.005057743417188088,0.45454545454545453,2903.3573770071735,0.1,150,5,0.17944444444444446,1.066355703078157,2.5845546109702715,0.0,540097.0452630895,54015000
mtd_ai,200,0.005057743417188088,0.45,3905.5794479311844,0.15,150,5,0.17944444444444446,1.066355703078157,2.5845546109702715,0.0,540097.0452630895,54015000
mtd_ai,200,0.005057743417188088,0.4225352112676056,5522.955490664649,0.2,150,5,0.17944444444444446,1.066355703078157,2.5845546109702715,0.0,540097.0452630895,54015000
mtd_ai,200,0.005057743417188088,0.42613636363636365,6914.027373411643,0.25,150,5,0.17944444444444446,1.066355703078157,2.5845546109702715,0.0,540097.0452630895,54015000
mtd_ai,200,0.005076876320943412,0.25862068965517243,2680.3173771735487,0.05,150,5,0.10111111111111111,0.989929629771703,3.4380905124327494,0.0,483166.97490879806,33090000
mtd_ai,200,0.005076876320943412,0.3488372093023256,3694.8321136075956,0.1,150,5,0.10111111111111111,0.989929629771703,3.4380905124327494,0.0,483166.97490879806,33090000
mtd_ai,200,0.005076876320943412,0.42452830188679247,4094.82951615777,0.15,150,5,0.10111111111111111,0.989929629771703,3.4380905124327494,0.0,483166.97490879806,33090000
mtd_ai,200,0.005076876320943412,0.46153846153846156,4962.044605346185,0.2,150,5,0.10111111111111111,0.989929629771703,3.4380905124327494,0.0,483166.97490879806,33090000
mtd_ai,200,0.005076876320943412,0.4934210526315789,5382.351396168324,0.25,150,5,0.10111111111111111,0.989929629771703,3.4380905124327494,0.0,483166.97490879806,33090000
mtd_ai,200,0.0050570242295999105,0.35714285714285715,2111.74958558263,0.05,150,5,0.13555555555555557,0.9246911990286403,3.669008870290915,0.0,510274.149442863,48052500
mtd_ai,200,0.0050570242295999105,0.40540540540540543,3209.0025034807454,0.1,150,5,0.13555555555555557,0.9246911990286403,3.669008870290915,0.0,510274.149442863,48052500
mtd_ai,200,0.0050570242295999105,0.46875,3845.7270225281964,0.15,150,5,0.13555555555555557,0.9246911990286403,3.669008870290915,0.0,510274.149442863,48052500
mtd_ai,200,0.0050570242295999105,0.5,4350.618817131949,0.2,150,5,0.13555555555555557,0.9246911990286403,3.669008870290915,0.0,510274.149442863,48052500
mtd_ai,200,0.0050570242295999105,0.528169014084507,4998.336881710828,0.25,150,5,0.13555555555555557,0.9246911990286403,3.669008870290915,0.0,510274.149442863,48052500
mtd_ai,200,0.0050739674165282515,0.35714285714285715,2206.7521417212265,0.05,150,5,0.11888888888888888,1.7056419815703987,4.018709438391925,0.0,543819.0295779491,39825000
mtd_ai,200,0.0050739674165282515,0.4166666666666667,3461.1454683948787,0.1,150,5,0.11888888888888888,1.7056419815703987,4.018709438391925,0.0,543819.0295779491,39825000
mtd_ai,200,0.0050739674165282515,0.45,4810.105547072033,0.15,150,5,0.11888888888888888,1.7056419815703987,4.018709438391925,0.0,543819.0295779491,39825000
mtd_ai,200,0.0050739674165282515,0.45454545454545453,5848.340898648203,0.2,150,5,0.11888888888888888,1.7056419815703987,4.018709438391925,0.0,543819.0295779491,39825000
mtd_ai,200,0.0050739674165282515,0.4934210526315789,6359.973936769906,0.25,150,5,0.11888888888888888,1.7056419815703987,4.018709438391925,0.0,543819.0295779491,39825000
mtd_ai,200,0.00504269039268203,0.32608695652173914,2320.3121274652676,0.05,150,5,0.16522222222222221,0.5956109503984832,0.5797082149068205,0.0,524159.65897135844,39075000
mtd_ai,200,0.00504269039268203,0.35714285714285715,3923.3563722471354,0.1,150,5,0.16522222222222221,0.5956109503984832,0.5797082149068205,0.0,524159.65897135844,39075000
mtd_ai,200,0.00504269039268203,0.4090909090909091,4615.279007669161,0.15,150,5,0.16522222222222221,0.5956109503984832,0.5797082149068205,0.0,524159.65897135844,39075000
mtd_ai,200,0.00504269039268203,0.46153846153846156,5243.478518823869,0.2,150,5,0.16522222222222221,0.5956109503984832,0.5797082149068205,0.0,524159.65897135844,39075000
mtd_ai,200,0.00504269039268203,0.5,5709.374032614693,0.25,150,5,0.16522222222222221,0.5956109503984832,0.5797082149068205,0.0,524159.65897135844,39075000
mtd_ai,200,0.005040910960406768,0.3125,2442.0250604180246,0.05,150,5,0.13611111111111113,0.02777761376175343,0.08302039291785047,4.925925925925926,564700.485616057,42825000
mtd_ai,200,0.005040910960406768,0.35714285714285715,3688.3874140514517,0.1,150,5,0.13611111111111113,0.02777761376175343,0.08302039291785047,4.925925925925926,564700.485616057,42825000
mtd_ai,200,0.005040910960406768,0.4017857142857143,4649.674927659225,0.15,150,5,0.13611111111111113,0.02777761376175343,0.08302039291785047,4.925925925925926,564700.485616057,42825000
mtd_ai,200,0.005040910960406768,0.45454545454545453,5089.1881374902,0.2,150,5,0.13611111111111113,0.02777761376175343,0.08302039291785047,4.925925925925926,564700.485616057,42825000
mtd_ai,200,0.005040910960406768,0.47468354430379744,5632.216935507588,0.25,150,5,0.13611111111111113,0.02777761376175343,0.08302039291785047,4.925925925925926,564700.485616057,42825000
mtd_ai,200,0.005040862952076659,0.35714285714285715,1714.09730734133,0.05,150,5,0.16000000000000003,1.15572924146376,2.8045282717108773,0.0,652516.363091474,54082500
mtd_ai,200,0.005040862952076659,0.32608695652173914,3336.9443251533557,0.1,150,5,0.16000000000000003,1.15572924146376,2.8045282717108773,0.0,652516.363091474,54082500
mtd_ai,200,0.005040862952076659,0.375,4267.466488455679,0.15,150,5,0.16000000000000003,1.15572924146376,2.8045282717108773,0.0,652516.363091474,54082500
mtd_ai,200,0.005040862952076659,0.3157894736842105,5888.8973762168025,0.2,150,5,0.16000000000000003,1.15572924146376,2.8045282717108773,0.0,652516.363091474,54082500
mtd_ai,200,0.005040862952076659,0.35377358490566035,6556.080953650944,0.25,150,5,0.16000000000000003,1.15572924146376,2.8045282717108773,0.0,652516.363091474,54082500
mtd_ai,200,0.005052100893812943,0.28846153846153844,2361.188911628944,0.05,150,5,0.12444444444444445,2.1376791284119308,5.587437940721087,0.0,625399.731353707,55560000
mtd_ai,200,0.005052100893812943,0.3,4903.669563596042,0.1,150,5,0.12444444444444445,2.1376791284119308,5.587437940721087,0.0,625399.731353707,55560000
mtd_ai,200,0.005052100893812943,0.3629032258064516,5371.615906882098,0.15,150,5,0.12444444444444445,2.1376791284119308,5.587437940721087,0.0,625399.731353707,55560000
mtd_ai,200,0.005052100893812943,0.30612244897959184,7148.59918132182,0.2,150,5,0.12444444444444445,2.1376791284119308,5.587437940721087,0.0,625399.731353707,55560000
mtd_ai,200,0.005052100893812943,0.35046728971962615,7581.194175848135,0.25,150,5,0.12444444444444445,2.1376791284119308,5.587437940721087,0.0,625399.731353707,55560000
mtd_ai,200,0.005081512588896566,0.32608695652173914,2067.843076699174,0.05,150,5,0.12333333333333334,3.7534410252570147,2.315519101541362,0.0,461233.19439173705,48030000
mtd_ai,200,0.005081512588896566,0.39473684210526316,2933.6011404113224,0.1,150,5,0.12333333333333334,3.7534410252570147,2.315519101541362,0.0,461233.19439173705,48030000
mtd_ai,200,0.005081512588896566,0.45918367346938777,3411.299249103068,0.15,150,5,0.12333333333333334,3.7534410252570147,2.315519101541362,0.0,461233.19439173705,48030000
mtd_ai,200,0.005081512588896566,0.5084745762711864,3977.526876649491,0.2,150,5,0.12333333333333334,3.7534410252570147,2.315519101541362,0.0,461233.19439173705,48030000
mtd_ai,200,0.005081512588896566,0.5208333333333334,4930.7374111733825,0.25,150,5,0.12333333333333334,3.7534410252570147,2.315519101541362,0.0,461233.19439173705,48030000
mtd_ai,200,0.005067836040801269,0.2777777777777778,2897.6842695704618,0.05,150,5,0.1,2.3083153625666366,4.780311150370174,0.0,543076.4463488361,36090000
mtd_ai,200,0.005067836040801269,0.3409090909090909,3987.0190134963577,0.1,150,5,0.1,2.3083153625666366,4.780311150370174,0.0,543076.4463488361,36090000
mtd_ai,200,0.005067836040801269,0.3813559322033898,5186.206774391823,0.15,150,5,0.1,2.3083153625666366,4.780311150370174,0.0,543076.4463488361,36090000
mtd_ai,200,0.005067836040801269,0.410958904109589,5719.889245078331,0.2,150,5,0.1,2.3083153625666366,4.780311150370174,0.0,543076.4463488361,36090000
mtd_ai,200,0.005067836040801269,0.44642857142857145,6116.472541611608,0.25,150,5,0.1,2.3083153625666366,4.780311150370174,0.0,543076.4463488361,36090000
mtd_ai,200,0.005055611040399595,0.3409090909090909,2427.924425031304,0.05,150,5,0.16666666666666666,0.7934737606542684,3.097888233214097,0.0,591392.0644524856,48060000
mtd_ai,200,0.005055611040399595,0.36585365853658536,4250.443428311182,0.1,150,5,0.16666666666666666,0.7934737606542684,3.097888233214097,0.0,591392.0644524856,48060000
mtd_ai,200,0.005055611040399595,0.3813559322033898,5960.5818584719855,0.15,150,5,0.16666666666666666,0.7934737606542684,3.097888233214097,0.0,591392.0644524856,48060000
mtd_ai,200,0.005055611040399595,0.40540540540540543,6754.912653443413,0.2,150,5,0.16666666666666666,0.7934737606542684,3.097888233214097,0.0,591392.0644524856,48060000
mtd_ai,200,0.005055611040399595,0.44642857142857145,7163.242303595915,0.25,150,5,0.16666666666666666,0.7934737606542684,3.097888233214097,0.0,591392.0644524856,48060000
mtd_ai,200,0.0050408292199598135,0.2777777777777778,3267.5983181665115,0.05,150,5,0.145,2.849319906318956,6.350411731963122,0.0,625302.4394082091,49582500
mtd_ai,200,0.0050408292199598135,0.39473684210526316,3858.378175689286,0.1,150,5,0.145,2.849319906318956,6.350411731963122,0.0,625302.4394082091,49582500
mtd_ai,200,0.0050408292199598135,0.4411764705882353,4724.00885093356,0.15,150,5,0.145,2.849319906318956,6.350411731963122,0.0,625302.4394082091,49582500
mtd_ai,200,0.0050408292199598135,0.46153846153846156,6039.135694431663,0.2,150,5,0.145,2.849319906318956,6.350411731963122,0.0,625302.4394082091,49582500
mtd_ai,200,0.0050408292199598135,0.4934210526315789,6913.436852473354,0.25,150,5,0.145,2.849319906318956,6.350411731963122,0.0,625302.4394082091,49582500
mtd_ai,200,0.005035558608137468,0.20270270270270271,3133.199481092608,0.05,150,5,0.17222222222222222,0.18394786139793606,0.7856476248456951,0.0,611907.9642545064,42855000
mtd_ai,200,0.005035558608137468,0.3,3770.5175551712377,0.1,150,5,0.17222222222222222,0.18394786139793606,0.7856476248456951,0.0,611907.9642545064,42855000
mtd_ai,200,0.005035558608137468,0.3629032258064516,4357.986761083859,0.15,150,5,0.17222222222222222,0.18394786139793606,0.7856476248456951,0.0,611907.9642545064,42855000
mtd_ai,200,0.005035558608137468,0.38961038961038963,5533.74335946099,0.2,150,5,0.17222222222222222,0.18394786139793606,0.7856476248456951,0.0,611907.9642545064,42855000
mtd_ai,200,0.005035558608137468,0.3826530612244898,6443.3467275679795,0.25,150,5,0.17222222222222222,0.18394786139793606,0.7856476248456951,0.0,611907.9642545064,42855000
mtd_ai,200,0.005059513362799758,0.19736842105263158,3775.594640574741,0.05,150,5,0.11811111111111113,1.1498565136891998,0.7403061033791238,0.0,648400.4032731758,51075000
mtd_ai,200,0.005059513362799758,0.2830188679245283,5088.574064559702,0.1,150,5,0.11811111111111113,1.1498565136891998,0.7403061033791238,0.0,648400.4032731758,51075000
mtd_ai,200,0.005059513362799758,0.28846153846153844,6404.676024741402,0.15,150,5,0.11811111111111113,1.1498565136891998,0.7403061033791238,0.0,648400.4032731758,51075000
mtd_ai,200,0.005059513362799758,0.3333333333333333,6873.877693055096,0.2,150,5,0.11811111111111113,1.1498565136891998,0.7403061033791238,0.0,648400.4032731758,51075000
mtd_ai,200,0.005059513362799758,0.36764705882352944,7654.585684821485,0.25,150,5,0.11811111111111113,1.1498565136891998,0.7403061033791238,0.0,648400.4032731758,51075000
mtd_ai,200,0.005064021725751365,0.24193548387096775,3204.7819385906305,0.05,150,5,0.11666666666666667,0.9645349300462227,4.180639236674347,0.0,563556.8943381596,61515000
mtd_ai,200,0.005064021725751365,0.35714285714285715,3846.0211174668734,0.1,150,5,0.11666666666666667,0.9645349300462227,4.180639236674347,0.0,563556.8943381596,61515000
mtd_ai,200,0.005064021725751365,0.4090909090909091,4782.82615363122,0.15,150,5,0.11666666666666667,0.9645349300462227,4.180639236674347,0.0,563556.8943381596,61515000
mtd_ai,200,0.005064021725751365,0.4411764705882353,5866.423737254314,0.2,150,5,0.11666666666666667,0.9645349300462227,4.180639236674347,0.0,563556.8943381596,61515000
mtd_ai,200,0.005064021725751365,0.4807692307692308,6384.061860583786,0.25,150,5,0.11666666666666667,0.9645349300462227,4.180639236674347,0.0,563556.8943381596,61515000
mtd_ai,200,0.005036507880484749,0.24193548387096775,2735.5033324806204,0.05,150,5,0.1588888888888889,0.5670750236123073,0.1136737055241748,0.0,569946.2238602288,51795000
mtd_ai,200,0.005036507880484749,0.3333333333333333,4112.704531920999,0.1,150,5,0.1588888888888889,0.5670750236123073,0.1136737055241748,0.0,569946.2238602288,51795000
mtd_ai,200,0.005036507880484749,0.375,5085.966672169998,0.15,150,5,0.1588888888888889,0.5670750236123073,0.1136737055241748,0.0,569946.2238602288,51795000
mtd_ai,200,0.005036507880484749,0.4225352112676056,5612.9112630197915,0.2,150,5,0.1588888888888889,0.5670750236123073,0.1136737055241748,0.0,569946.2238602288,51795000
mtd_ai,200,0.005036507880484749,0.46875,6126.672091338956,0.25,150,5,0.1588888888888889,0.5670750236123073,0.1136737055241748,0.0,569946.2238602288,51795000
mtd_ai,200,0.0050741133042765795,0.375,1668.6324319551818,0.05,150,5,0.1693888888888889,0.9796297001672096,2.5481362503906206,0.0,527520.6124857884,51045000
mtd_ai,200,0.0050741133042765795,0.45454545454545453,2505.2283550774273,0.1,150,5,0.1693888888888889,0.9796297001672096,2.5481362503906206,0.0,527520.6124857884,51045000
mtd_ai,200,0.0050741133042765795,0.46875,3988.8960887610965,0.15,150,5,0.1693888888888889,0.9796297001672096,2.5481362503906206,0.0,527520.6124857884,51045000
mtd_ai,200,0.0050741133042765795,0.4918032786885246,4976.383207932243,0.2,150,5,0.1693888888888889,0.9796297001672096,2.5481362503906206,0.0,527520.6124857884,51045000
mtd_ai,200,0.0050741133042765795,0.5208333333333334,5446.170714124356,0.25,150,5,0.1693888888888889,0.9796297001672096,2.5481362503906206,0.0,527520.6124857884,51045000
mtd_ai,200,0.005048766513011395,0.5,1596.5079671948442,0.05,150,5,0.12255555555555556,34.94439953172817,3.30065337369755,0.0,582692.6100482406,52560000
mtd_ai,200,0.005048766513011395,0.5357142857142857,2455.5569007218473,0.1,150,5,0.12255555555555556,34.94439953172817,3.30065337369755,0.0,582692.6100482406,52560000
mtd_ai,200,0.005048766513011395,0.46875,4140.0841954288935,0.15,150,5,0.12255555555555556,34.94439953172817,3.30065337369755,0.0,582692.6100482406,52560000
mtd_ai,200,0.005048766513011395,0.43478260869565216,5454.445135093648,0.2,150,5,0.12255555555555556,34.94439953172817,3.30065337369755,0.0,582692.6100482406,52560000
mtd_ai,200,0.005048766513011395,0.47468354430379744,5746.832911267076,0.25,150,5,0.12255555555555556,34.94439953172817,3.30065337369755,0.0,582692.6100482406,52560000
mtd_ai,200,0.005070334319449934,0.5,1603.2468733830515,0.05,150,5,0.11311111111111112,0.21483992376629987,0.8685454816450255,0.0,546334.1438317604,28635000
mtd_ai,200,0.005070334319449934,0.46875,2767.8197874147404,0.1,150,5,0.11311111111111112,0.21483992376629987,0.8685454816450255,0.0,546334.1438317604,28635000
mtd_ai,200,0.005070334319449934,0.4891304347826087,3648.248917081475,0.15,150,5,0.11311111111111112,0.21483992376629987,0.8685454816450255,0.0,546334.1438317604,28635000
mtd_ai,200,0.005070334319449934,0.5,4808.205519295576,0.2,150,5,0.11311111111111112,0.21483992376629987,0.8685454816450255,0.0,546334.1438317604,28635000
mtd_ai,200,0.005070334319449934,0.5357142857142857,5377.550682810221,0.25,150,5,0.11311111111111112,0.21483992376629987,0.8685454816450255,0.0,546334.1438317604,28635000
mtd_ai,200,0.005077217129439905,0.28846153846153844,2131.440475690172,0.05,150,5,0.14222222222222225,1.064510265630395,1.2943304245141873,0.0,474728.38080045243,28590000
mtd_ai,200,0.005077217129439905,0.36585365853658536,3010.471790633237,0.1,150,5,0.14222222222222225,1.064510265630395,1.2943304245141873,0.0,474728.38080045243,28590000
mtd_ai,200,0.005077217129439905,0.375,4274.384849280652,0.15,150,5,0.14222222222222225,1.064510265630395,1.2943304245141873,0.0,474728.38080045243,28590000
mtd_ai,200,0.005077217129439905,0.4166666666666667,4914.3935351801065,0.2,150,5,0.14222222222222225,1.064510265630395,1.2943304245141873,0.0,474728.38080045243,28590000
mtd_ai,200,0.005077217129439905,0.45180722891566266,5527.862161110455,0.25,150,5,0.14222222222222225,1.064510265630395,1.2943304245141873,0.0,474728.38080045243,28590000
mtd_ai,200,0.005045392609057194,0.28846153846153844,2490.9560295665683,0.05,150,5,0.12,0.9951682431671947,2.769520841541842,0.0,607726.1832674833,46597500
mtd_ai,200,0.005045392609057194,0.375,3670.4620673383492,0.1,150,5,0.12,0.9951682431671947,2.769520841541842,0.0,607726.1832674833,46597500
mtd_ai,200,0.005045392609057194,0.4166666666666667,4617.936595804227,0.15,150,5,0.12,0.9951682431671947,2.769520841541842,0.0,607726.1832674833,46597500
mtd_ai,200,0.005045392609057194,0.45454545454545453,5231.258493311072,0.2,150,5,0.12,0.9951682431671947,2.769520841541842,0.0,607726.1832674833,46597500
mtd_ai,200,0.005045392609057194,0.5,5747.17887744988,0.25,150,5,0.12,0.9951682431671947,2.769520841541842,0.0,607726.1832674833,46597500
mtd_ai,200,0.00506461864815185,0.25,3901.1174582753497,0.05,150,5,0.13111111111111112,0.6694050703016883,2.099225052758307,0.0,575596.8349846817,43590000
mtd_ai,200,0.00506461864815185,0.3409090909090909,4959.060123266056,0.1,150,5,0.13111111111111112,0.6694050703016883,2.099225052758307,0.0,575596.8349846817,43590000
mtd_ai,200,0.00506461864815185,0.42452830188679247,5405.098240503394,0.15,150,5,0.13111111111111112,0.6694050703016883,2.099225052758307,0.0,575596.8349846817,43590000
mtd_ai,200,0.00506461864815185,0.45454545454545453,6010.058377582807,0.2,150,5,0.13111111111111112,0.6694050703016883,2.099225052758307,0.0,575596.8349846817,43590000
mtd_ai,200,0.00506461864815185,0.5067567567567568,6246.428683321758,0.25,150,5,0.13111111111111112,0.6694050703016883,2.099225052758307,0.0,575596.8349846817,43590000
mtd_ai,200,0.005044658404388999,0.24193548387096775,3067.3493610307205,0.05,150,5,0.15384615384615385,0.6655385305291812,1.3977984197212603,0.0,535812.1404629126,39067500
mtd_ai,200,0.005044658404388999,0.3333333333333333,3985.143404099853,0.1,150,5,0.15384615384615385,0.6655385305291812,1.3977984197212603,0.0,535812.1404629126,39067500
mtd_ai,200,0.005044658404388999,0.39473684210526316,4835.059832152626,0.15,150,5,0.15384615384615385,0.6655385305291812,1.3977984197212603,0.0,535812.1404629126,39067500
mtd_ai,200,0.005044658404388999,0.4166666666666667,5698.186342130043,0.2,150,5,0.15384615384615385,0.6655385305291812,1.3977984197212603,0.0,535812.1404629126,39067500
mtd_ai,200,0.005044658404388999,0.44642857142857145,6155.3367729922,0.25,150,5,0.15384615384615385,0.6655385305291812,1.3977984197212603,0.0,535812.1404629126,39067500
mtd_ai,200,0.005073816752832249,0.4166666666666667,1567.1745877895335,0.05,150,5,0.15384615384615385,0.41967522193220475,1.593707056355972,0.0,494604.406686343,37575000
mtd_ai,200,0.005073816752832249,0.4411764705882353,2988.7053125957214,0.1,150,5,0.15384615384615385,0.41967522193220475,1.593707056355972,0.0,494604.406686343,37575000
mtd_ai,200,0.005073816752832249,0.4411764705882353,4206.264594371598,0.15,150,5,0.15384615384615385,0.41967522193220475,1.593707056355972,0.0,494604.406686343,37575000
mtd_ai,200,0.005073816752832249,0.47619047619047616,4937.782330786036,0.2,150,5,0.15384615384615385,0.41967522193220475,1.593707056355972,0.0,494604.406686343,37575000
mtd_ai,200,0.005073816752832249,0.5136986301369864,5370.013464015352,0.25,150,5,0.15384615384615385,0.41967522193220475,1.593707056355972,0.0,494604.406686343,37575000
mtd_ai,200,0.0050648707993570345,0.25862068965517243,3537.2245796890747,0.05,150,5,0.1061111111111111,3.492611355710377,4.638093902435496,0.0,560662.1096209444,49545000
mtd_ai,200,0.0050648707993570345,0.36585365853658536,4393.588195058083,0.1,150,5,0.1061111111111111,3.492611355710377,4.638093902435496,0.0,560662.1096209444,49545000
mtd_ai,200,0.0050648707993570345,0.45,5259.580930614276,0.15,150,5,0.1061111111111111,3.492611355710377,4.638093902435496,0.0,560662.1096209444,49545000
mtd_ai,200,0.0050648707993570345,0.4838709677419355,5865.018811082982,0.2,150,5,0.1061111111111111,3.492611355710377,4.638093902435496,0.0,560662.1096209444,49545000
mtd_ai,200,0.0050648707993570345,0.4411764705882353,6700.497416625583,0.25,150,5,0.1061111111111111,3.492611355710377,4.638093902435496,0.0,560662.1096209444,49545000
mtd_ai,200,0.005039199637295093,0.20270270270270271,3142.6201237288296,0.05,150,5,0.16,0.5708612012715366,1.1515939086157632,0.0,606832.6636831563,47340000
mtd_ai,200,0.005039199637295093,0.28846153846153844,4377.769795854983,0.1,150,5,0.16,0.5708612012715366,1.1515939086157632,0.0,606832.6636831563,47340000
mtd_ai,200,0.005039199637295093,0.3629032258064516,4985.728172139339,0.15,150,5,0.16,0.5708612012715366,1.1515939086157632,0.0,606832.6636831563,47340000
mtd_ai,200,0.005039199637295093,0.410958904109589,5745.347267009171,0.2,150,5,0.16,0.5708612012715366,1.1515939086157632,0.0,606832.6636831563,47340000
mtd_ai,200,0.005039199637295093,0.4411764705882353,6388.953265420189,0.25,150,5,0.16,0.5708612012715366,1.1515939086157632,0.0,606832.6636831563,47340000
mtd_ai,200,0.005078679233615491,0.4166666666666667,1700.459479894639,0.05,150,5,0.14222222222222225,0.12631720322365675,0.36349595466559353,0.0,557087.8326804485,45825000
mtd_ai,200,0.005078679233615491,0.39473684210526316,3483.3380039759336,0.1,150,5,0.14222222222222225,0.12631720322365675,0.36349595466559353,0.0,557087.8326804485,45825000
mtd_ai,200,0.005078679233615491,0.42452830188679247,4322.1284742149455,0.15,150,5,0.14222222222222225,0.12631720322365675,0.36349595466559353,0.0,557087.8326804485,45825000
mtd_ai,200,0.005078679233615491,0.4225352112676056,5316.147663425072,0.2,150,5,0.14222222222222225,0.12631720322365675,0.36349595466559353,0.0,557087.8326804485,45825000
mtd_ai,200,0.005078679233615491,0.4573170731707317,5866.559636930471,0.25,150,5,0.14222222222222225,0.12631720322365675,0.36349595466559353,0.0,557087.8326804485,45825000
mtd_ai,200,0.005086975000805281,0.375,2018.1397110423063,0.05,150,5,0.15384615384615385,0.054972977572558285,0.24148510704145976,0.0,473484.66641667247,48015000
mtd_ai,200,0.005086975000805281,0.46875,2798.8302102375455,0.1,150,5,0.15384615384615385,0.054972977572558285,0.24148510704145976,0.0,473484.66641667247,48015000
mtd_ai,200,0.005086975000805281,0.5232558139534884,3507.8509229561973,0.15,150,5,0.15384615384615385,0.054972977572558285,0.24148510704145976,0.0,473484.66641667247,48015000
mtd_ai,200,0.005086975000805281,0.5357142857142857,4365.856709427551,0.2,150,5,0.15384615384615385,0.054972977572558285,0.24148510704145976,0.0,473484.66641667247,48015000
mtd_ai,200,0.005086975000805281,0.5514705882352942,5258.92351108782,0.25,150,5,0.15384615384615385,0.054972977572558285,0.24148510704145976,0.0,473484.66641667247,48015000
mtd_ai,200,0.005040301504633107,0.39473684210526316,2076.9072686175277,0.05,150,5,0.14333333333333334,1.0020045343447352,2.6314177497214652,0.0,612435.6536198627,40605000
mtd_ai,200,0.005040301504633107,0.35714285714285715,4351.232932843886,0.1,150,5,0.14333333333333334,1.0020045343447352,2.6314177497214652,0.0,612435.6536198627,40605000
mtd_ai,200,0.005040301504633107,0.3879310344827586,5763.049421641136,0.15,150,5,0.14333333333333334,1.0020045343447352,2.6314177497214652,0.0,612435.6536198627,40605000
mtd_ai,200,0.005040301504633107,0.45454545454545453,6301.95566136778,0.2,150,5,0.14333333333333334,1.0020045343447352,2.6314177497214652,0.0,612435.6536198627,40605000
mtd_ai,200,0.005040301504633107,0.5,6760.261629681156,0.25,150,5,0.14333333333333334,1.0020045343447352,2.6314177497214652,0.0,612435.6536198627,40605000
mtd_ai,200,0.005055901332763996,0.39473684210526316,1471.9027661307925,0.05,150,5,0.12333333333333334,2.191753751170198,0.8485467282586118,0.0,497606.5693625144,25620000
mtd_ai,200,0.005055901332763996,0.38461538461538464,3156.964693470407,0.1,150,5,0.12333333333333334,2.191753751170198,0.8485467282586118,0.0,497606.5693625144,25620000
mtd_ai,200,0.005055901332763996,0.4411764705882353,4101.607416148405,0.15,150,5,0.12333333333333334,2.191753751170198,0.8485467282586118,0.0,497606.5693625144,25620000
mtd_ai,200,0.005055901332763996,0.46153846153846156,4898.616198012232,0.2,150,5,0.12333333333333334,2.191753751170198,0.8485467282586118,0.0,497606.5693625144,25620000
mtd_ai,200,0.005055901332763996,0.5067567567567568,5315.224330224017,0.25,150,5,0.12333333333333334,2.191753751170198,0.8485467282586118,0.0,497606.5693625144,25620000
mtd_ai,200,0.005037372696811485,0.5,1183.973667256937,0.05,150,5,0.13904761904761906,2.853272808124433,5.441191482142442,5.107142857142857,623779.3996490126,42105000
mtd_ai,200,0.005037372696811485,0.38461538461538464,3401.143104242752,0.1,150,5,0.13904761904761906,2.853272808124433,5.441191482142442,5.107142857142857,623779.3996490126,42105000
mtd_ai,200,0.005037372696811485,0.4166666666666667,4470.615547993071,0.15,150,5,0.13904761904761906,2.853272808124433,5.441191482142442,5.107142857142857,623779.3996490126,42105000
mtd_ai,200,0.005037372696811485,0.42857142857142855,5681.557525791853,0.2,150,5,0.13904761904761906,2.853272808124433,5.441191482142442,5.107142857142857,623779.3996490126,42105000
mtd_ai,200,0.005037372696811485,0.46296296296296297,6204.360424161388,0.25,150,5,0.13904761904761906,2.853272808124433,5.441191482142442,5.107142857142857,623779.3996490126,42105000
mtd_ai,200,0.005060321057770337,0.32608695652173914,2059.223068705638,0.05,150,5,0.1,1.6289617977397672,3.3567902450883014,0.0,549647.8440186592,52545000
mtd_ai,200,0.005060321057770337,0.30612244897959184,4266.148613298187,0.1,150,5,0.1,1.6289617977397672,3.3567902450883014,0.0,549647.8440186592,52545000
mtd_ai,200,0.005060321057770337,0.375,5077.280034001238,0.15,150,5,0.1,1.6289617977397672,3.3567902450883014,0.0,549647.8440186592,52545000
mtd_ai,200,0.005060321057770337,0.40540540540540543,5811.049422767645,0.2,150,5,0.1,1.6289617977397672,3.3567902450883014,0.0,549647.8440186592,52545000
mtd_ai,200,0.005060321057770337,0.45180722891566266,6131.211175388066,0.25,150,5,0.1,1.6289617977397672,3.3567902450883014,0.0,549647.8440186592,52545000
mtd_ai,200,0.005063694462427583,0.25,3105.072432502264,0.05,150,5,0.1358888888888889,0.6891446289237972,1.9151426727609615,0.0,624546.3418938441,45090000
mtd_ai,200,0.005063694462427583,0.3,4466.4661811331,0.1,150,5,0.1358888888888889,0.6891446289237972,1.9151426727609615,0.0,624546.3418938441,45090000
mtd_ai,200,0.005063694462427583,0.36885245901639346,5351.84861242938,0.15,150,5,0.1358888888888889,0.6891446289237972,1.9151426727609615,0.0,624546.3418938441,45090000
mtd_ai,200,0.005063694462427583,0.40540540540540543,6538.7146000428165,0.2,150,5,0.1358888888888889,0.6891446289237972,1.9151426727609615,0.0,624546.3418938441,45090000
mtd_ai,200,0.005063694462427583,0.44642857142857145,6909.203421344977,0.25,150,5,0.1358888888888889,0.6891446289237972,1.9151426727609615,0.0,624546.3418938441,45090000
mtd_ai,200,0.005046485111398947,0.3125,2646.0542379143144,0.05,150,5,0.12666666666666668,0.5774285959681102,2.3407079787455203,0.0,466668.37045927625,38310000
mtd_ai,200,0.005046485111398947,0.40540540540540543,3521.355973397416,0.1,150,5,0.12666666666666668,0.5774285959681102,2.3407079787455203,0.0,466668.37045927625,38310000
mtd_ai,200,0.005046485111398947,0.4411764705882353,4366.65835538729,0.15,150,5,0.12666666666666668,0.5774285959681102,2.3407079787455203,0.0,466668.37045927625,38310000
mtd_ai,200,0.005046485111398947,0.4838709677419355,4822.85964276808,0.2,150,5,0.12666666666666668,0.5774285959681102,2.3407079787455203,0.0,466668.37045927625,38310000
mtd_ai,200,0.005046485111398947,0.5208333333333334,5207.974134998191,0.25,150,5,0.12666666666666668,0.5774285959681102,2.3407079787455203,0.0,466668.37045927625,38310000
mtd_ai,200,0.005041055392058974,0.3125,2202.6531057892253,0.05,150,5,0.10333333333333333,1.2246699873584372,2.6772702864573708,0.0,602179.2095488172,37627500
mtd_ai,200,0.005041055392058974,0.38461538461538464,3078.1491163915052,0.1,150,5,0.10333333333333333,1.2246699873584372,2.6772702864573708,0.0,602179.2095488172,37627500
mtd_ai,200,0.005041055392058974,0.3409090909090909,4467.815685141436,0.15,150,5,0.10333333333333333,1.2246699873584372,2.6772702864573708,0.0,602179.2095488172,37627500
mtd_ai,200,0.005041055392058974,0.38461538461538464,5022.904284701983,0.2,150,5,0.10333333333333333,1.2246699873584372,2.6772702864573708,0.0,602179.2095488172,37627500
mtd_ai,200,0.005041055392058974,0.3712871287128713,6385.537757679525,0.25,150,5,0.10333333333333333,1.2246699873584372,2.6772702864573708,0.0,602179.2095488172,37627500
mtd_ai,200,0.005070114498129264,0.3,2590.0278449261805,0.05,150,5,0.12444444444444443,0.699381987451632,1.7363440999680726,0.0,566535.1845577437,46575000
mtd_ai,200,0.005070114498129264,0.375,3568.428254316823,0.1,150,5,0.12444444444444443,0.699381987451632,1.7363440999680726,0.0,566535.1845577437,46575000
mtd_ai,200,0.005070114498129264,0.4411764705882353,4395.443121156,0.15,150,5,0.12444444444444443,0.699381987451632,1.7363440999680726,0.0,566535.1845577437,46575000
mtd_ai,200,0.005070114498129264,0.45454545454545453,5570.954733904051,0.2,150,5,0.12444444444444443,0.699381987451632,1.7363440999680726,0.0,566535.1845577437,46575000
mtd_ai,200,0.005070114498129264,0.4934210526315789,6091.062627581756,0.25,150,5,0.12444444444444443,0.699381987451632,1.7363440999680726,0.0,566535.1845577437,46575000
mtd_ai,200,0.005057329950252039,0.28846153846153844,3354.7540741358607,0.05,150,5,0.2,0.7912168972024997,3.3618843028924132,0.0,630171.3886958382,48090000
mtd_ai,200,0.005057329950252039,0.38461538461538464,4365.373377123082,0.1,150,5,0.2,0.7912168972024997,3.3618843028924132,0.0,630171.3886958382,48090000
mtd_ai,200,0.005057329950252039,0.4411764705882353,5155.771306339989,0.15,150,5,0.2,0.7912168972024997,3.3618843028924132,0.0,630171.3886958382,48090000
mtd_ai,200,0.005057329950252039,0.45454545454545453,6028.147910631045,0.2,150,5,0.2,0.7912168972024997,3.3618843028924132,0.0,630171.3886958382,48090000
mtd_ai,200,0.005057329950252039,0.487012987012987,7054.683192309326,0.25,150,5,0.2,0.7912168972024997,3.3618843028924132,0.0,630171.3886958382,48090000
mtd_ai,200,0.005056783574162611,0.24193548387096775,2601.006669751613,0.05,150,5,0.11866666666666667,0.4555280736714213,1.3120188184940726,0.0,647893.9091271658,52590000
mtd_ai,200,0.005056783574162611,0.28846153846153844,4281.683749585132,0.1,150,5,0.11866666666666667,0.4555280736714213,1.3120188184940726,0.0,647893.9091271658,52590000
mtd_ai,200,0.005056783574162611,0.30405405405405406,5689.329980336622,0.15,150,5,0.11866666666666667,0.4555280736714213,1.3120188184940726,0.0,647893.9091271658,52590000
mtd_ai,200,0.005056783574162611,0.3448275862068966,6473.733642066633,0.2,150,5,0.11866666666666667,0.4555280736714213,1.3120188184940726,0.0,647893.9091271658,52590000
mtd_ai,200,0.005056783574162611,0.3865979381443299,7071.013040023645,0.25,150,5,0.11866666666666667,0.4555280736714213,1.3120188184940726,0.0,647893.9091271658,52590000
mtd_ai,200,0.005028828375599755,0.2777777777777778,3119.0474562152244,0.05,150,5,0.08466666666666667,1.529710163475639,4.195588442530545,0.0,705336.3540774169,80265000
mtd_ai,200,0.005028828375599755,0.32608695652173914,4865.929045648549,0.1,150,5,0.08466666666666667,1.529710163475639,4.195588442530545,0.0,705336.3540774169,80265000
mtd_ai,200,0.005028828375599755,0.3629032258064516,5941.652229466212,0.15,150,5,0.08466666666666667,1.529710163475639,4.195588442530545,0.0,705336.3540774169,80265000
mtd_ai,200,0.005028828375599755,0.4,6478.686460398075,0.2,150,5,0.08466666666666667,1.529710163475639,4.195588442530545,0.0,705336.3540774169,80265000
mtd_ai,200,0.005028828375599755,0.42134831460674155,7341.897422104544,0.25,150,5,0.08466666666666667,1.529710163475639,4.195588442530545,0.0,705336.3540774169,80265000
mtd_ai,200,0.005070019534516108,0.2777777777777778,2787.503923762374,0.05,150,5,0.105,1.0901267919690838,3.6114726476934544,0.0,573502.4023546919,45825000
mtd_ai,200,0.005070019534516108,0.39473684210526316,3478.3785057454643,0.1,150,5,0.105,1.0901267919690838,3.6114726476934544,0.0,573502.4023546919,45825000
mtd_ai,200,0.005070019534516108,0.42452830188679247,4595.56644197927,0.15,150,5,0.105,1.0901267919690838,3.6114726476934544,0.0,573502.4023546919,45825000
mtd_ai,200,0.005070019534516108,0.46875,5507.565076993631,0.2,150,5,0.105,1.0901267919690838,3.6114726476934544,0.0,573502.4023546919,45825000
mtd_ai,200,0.005070019534516108,0.5,6116.39505074215,0.25,150,5,0.105,1.0901267919690838,3.6114726476934544,0.0,573502.4023546919,45825000
mtd_ai,200,0.005066755444973457,0.26785714285714285,3176.026060901845,0.05,150,5,0.1531111111111111,0.4681178225877468,1.7051247825519107,0.0,539918.6508602255,28620000
mtd_ai,200,0.005066755444973457,0.3333333333333333,4589.3763824685,0.1,150,5,0.1531111111111111,0.4681178225877468,1.7051247825519107,0.0,539918.6508602255,28620000
mtd_ai,200,0.005066755444973457,0.4166666666666667,5070.371809009378,0.15,150,5,0.1531111111111111,0.4681178225877468,1.7051247825519107,0.0,539918.6508602255,28620000
mtd_ai,200,0.005066755444973457,0.4411764705882353,5555.114316898665,0.2,150,5,0.1531111111111111,0.4681178225877468,1.7051247825519107,0.0,539918.6508602255,28620000
mtd_ai,200,0.005066755444973457,0.487012987012987,5882.490172731142,0.25,150,5,0.1531111111111111,0.4681178225877468,1.7051247825519107,0.0,539918.6508602255,28620000
mtd_ai,200,0.005060677455244832,0.375,2094.672747564804,0.05,150,5,0.12333333333333334,1.2906183189401177,4.310081631451661,0.0,534804.1206145035,49545000
mtd_ai,200,0.005060677455244832,0.4166666666666667,3476.316177505909,0.1,150,5,0.12333333333333334,1.2906183189401177,4.310081631451661,0.0,534804.1206145035,49545000
mtd_ai,200,0.005060677455244832,0.45,4793.721646054741,0.15,150,5,0.12333333333333334,1.2906183189401177,4.310081631451661,0.0,534804.1206145035,49545000
mtd_ai,200,0.005060677455244832,0.46875,5589.884061824785,0.2,150,5,0.12333333333333334,1.2906183189401177,4.310081631451661,0.0,534804.1206145035,49545000
mtd_ai,200,0.005060677455244832,0.5136986301369864,6054.888157940561,0.25,150,5,0.12333333333333334,1.2906183189401177,4.310081631451661,0.0,534804.1206145035,49545000
mtd_ai,200,0.00508874483212291,0.32608695652173914,2214.2284113679816,0.05,150,5,0.12333333333333334,1.3252215808775416,4.617935367057965,0.0,430556.7760092677,44265000
mtd_ai,200,0.00508874483212291,0.40540540540540543,3439.3254709627267,0.1,150,5,0.12333333333333334,1.3252215808775416,4.617935367057965,0.0,430556.7760092677,44265000
mtd_ai,200,0.00508874483212291,0.45,4167.806578533055,0.15,150,5,0.12333333333333334,1.3252215808775416,4.617935367057965,0.0,430556.7760092677,44265000
mtd_ai,200,0.00508874483212291,0.47619047619047616,4748.102857567426,0.2,150,5,0.12333333333333334,1.3252215808775416,4.617935367057965,0.0,430556.7760092677,44265000
mtd_ai,200,0.00508874483212291,0.5136986301369864,5276.517055371887,0.25,150,5,0.12333333333333334,1.3252215808775416,4.617935367057965,0.0,430556.7760092677,44265000
mtd_ai,200,0.0050631761442394875,0.3,2229.910074099968,0.05,150,5,0.11,9.701891154417986,6.899928283653234,0.0,621374.4794444984,34635000
mtd_ai,200,0.0050631761442394875,0.3409090909090909,3931.20770121811,0.1,150,5,0.11,9.701891154417986,6.899928283653234,0.0,621374.4794444984,34635000
mtd_ai,200,0.0050631761442394875,0.3515625,4840.797266858879,0.15,150,5,0.11,9.701891154417986,6.899928283653234,0.0,621374.4794444984,34635000
mtd_ai,200,0.0050631761442394875,0.375,5539.590511212773,0.2,150,5,0.11,9.701891154417986,6.899928283653234,0.0,621374.4794444984,34635000
mtd_ai,200,0.0050631761442394875,0.36764705882352944,6560.661433632322,0.25,150,5,0.11,9.701891154417986,6.899928283653234,0.0,621374.4794444984,34635000
mtd_ai,200,0.005055303777085186,0.375,2101.6924048286783,0.05,150,5,0.14866666666666667,2.3382443800679833,5.472493434721846,0.0,416601.76733071514,36045000
mtd_ai,200,0.005055303777085186,0.4166666666666667,2945.8438356752804,0.1,150,5,0.14866666666666667,2.3382443800679833,5.472493434721846,0.0,416601.76733071514,36045000
mtd_ai,200,0.005055303777085186,0.4891304347826087,3443.167145673471,0.15,150,5,0.14866666666666667,2.3382443800679833,5.472493434721846,0.0,416601.76733071514,36045000
mtd_ai,200,0.005055303777085186,0.5084745762711864,4083.4319959131967,0.2,150,5,0.14866666666666667,2.3382443800679833,5.472493434721846,0.0,416601.76733071514,36045000
mtd_ai,200,0.005055303777085186,0.5434782608695652,4799.353996630788,0.25,150,5,0.14866666666666667,2.3382443800679833,5.472493434721846,0.0,416601.76733071514,36045000
mtd_ai,200,0.005070092456256352,0.21428571428571427,3150.5781391777373,0.05,150,5,0.10200000000000001,0.4153827616002936,1.701669758646799,0.0,533762.4599836948,52530000
mtd_ai,200,0.005070092456256352,0.30612244897959184,4122.313959786303,0.1,150,5,0.10200000000000001,0.4153827616002936,1.701669758646799,0.0,533762.4599836948,52530000
mtd_ai,200,0.005070092456256352,0.3813559322033898,4618.814471064571,0.15,150,5,0.10200000000000001,0.4153827616002936,1.701669758646799,0.0,533762.4599836948,52530000
mtd_ai,200,0.005070092456256352,0.42857142857142855,5420.6906533502315,0.2,150,5,0.10200000000000001,0.4153827616002936,1.701669758646799,0.0,533762.4599836948,52530000
mtd_ai,200,0.005070092456256352,0.45180722891566266,6160.606216763383,0.25,150,5,0.10200000000000001,0.4153827616002936,1.701669758646799,0.0,533762.4599836948,52530000
mtd_ai,200,0.00507734142084239,0.3125,2179.5987170779927,0.05,150,5,0.12888888888888891,0.09030094775442633,0.2523599154165816,0.0,514767.9315408538,41310000
mtd_ai,200,0.00507734142084239,0.40540540540540543,2954.12398181428,0.1,150,5,0.12888888888888891,0.09030094775442633,0.2523599154165816,0.0,514767.9315408538,41310000
mtd_ai,200,0.00507734142084239,0.42452830188679247,4404.324821687913,0.15,150,5,0.12888888888888891,0.09030094775442633,0.2523599154165816,0.0,514767.9315408538,41310000
mtd_ai,200,0.00507734142084239,0.46875,4860.901588159768,0.2,150,5,0.12888888888888891,0.09030094775442633,0.2523599154165816,0.0,514767.9315408538,41310000
mtd_ai,200,0.00507734142084239,0.46296296296296297,5784.650828577059,0.25,150,5,0.12888888888888891,0.09030094775442633,0.2523599154165816,0.0,514767.9315408538,41310000
mtd_ai,200,0.005046830169770086,0.25862068965517243,2924.767760816517,0.05,150,5,0.13866666666666666,1.4307469128341481,3.9271950248544147,4.129032258064516,422537.38645273284,38265000
mtd_ai,200,0.005046830169770086,0.375,3459.476997869963,0.1,150,5,0.13866666666666666,1.4307469128341481,3.9271950248544147,4.129032258064516,422537.38645273284,38265000
mtd_ai,200,0.005046830169770086,0.4326923076923077,4194.378198556139,0.15,150,5,0.13866666666666666,1.4307469128341481,3.9271950248544147,4.129032258064516,422537.38645273284,38265000
mtd_ai,200,0.005046830169770086,0.4838709677419355,4574.989887486479,0.2,150,5,0.13866666666666666,1.4307469128341481,3.9271950248544147,4.129032258064516,422537.38645273284,38265000
mtd_ai,200,0.005046830169770086,0.5,5253.485884316799,0.25,150,5,0.13866666666666666,1.4307469128341481,3.9271950248544147,4.129032258064516,422537.38645273284,38265000
mtd_ai,200,0.005074041242576462,0.3,1933.5823034282885,0.05,150,5,0.15,0.415300540456749,1.8512668327995192,0.0,542579.9893854719,33105000
mtd_ai,200,0.005074041242576462,0.3125,4193.297641389672,0.1,150,5,0.15,0.415300540456749,1.8512668327995192,0.0,542579.9893854719,33105000
mtd_ai,200,0.005074041242576462,0.375,4896.393814186221,0.15,150,5,0.15,0.415300540456749,1.8512668327995192,0.0,542579.9893854719,33105000
mtd_ai,200,0.005074041242576462,0.410958904109589,5509.992020732465,0.2,150,5,0.15,0.415300540456749,1.8512668327995192,0.0,542579.9893854719,33105000
mtd_ai,200,0.005074041242576462,0.45180722891566266,5921.034985308277,0.25,150,5,0.15,0.415300540456749,1.8512668327995192,0.0,542579.9893854719,33105000
mtd_ai,200,0.005040587128066705,0.26785714285714285,3170.601879715961,0.05,150,5,0.13043478260869565,0.7854929902679748,3.521631819095419,-4.233333333333333,569858.1262273948,51060000
mtd_ai,200,0.005040587128066705,0.40540540540540543,3680.9248241862606,0.1,150,5,0.13043478260869565,0.7854929902679748,3.521631819095419,-4.233333333333333,569858.1262273948,51060000
mtd_ai,200,0.005040587128066705,0.45,4395.335354253101,0.15,150,5,0.13043478260869565,0.7854929902679748,3.521631819095419,-4.233333333333333,569858.1262273948,51060000
mtd_ai,200,0.005040587128066705,0.44776119402985076,5476.939717335728,0.2,150,5,0.13043478260869565,0.7854929902679748,3.521631819095419,-4.233333333333333,569858.1262273948,51060000
mtd_ai,200,0.005040587128066705,0.46875,6036.378541300446,0.25,150,5,0.13043478260869565,0.7854929902679748,3.521631819095419,-4.233333333333333,569858.1262273948,51060000
mtd_ai,200,0.005084600932872924,0.35714285714285715,1854.3234776331487,0.05,150,5,0.15888888888888889,0.3222618744980664,1.4496588020786711,0.0,485476.59262304386,37575000
mtd_ai,200,0.005084600932872924,0.4166666666666667,3062.361122840225,0.1,150,5,0.15888888888888889,0.3222618744980664,1.4496588020786711,0.0,485476.59262304386,37575000
mtd_ai,200,0.005084600932872924,0.4787234042553192,3638.231926570455,0.15,150,5,0.15888888888888889,0.3222618744980664,1.4496588020786711,0.0,485476.59262304386,37575000
mtd_ai,200,0.005084600932872924,0.4918032786885246,4570.2230768294685,0.2,150,5,0.15888888888888889,0.3222618744980664,1.4496588020786711,0.0,485476.59262304386,37575000
mtd_ai,200,0.005084600932872924,0.5357142857142857,4970.0550290106785,0.25,150,5,0.15888888888888889,0.3222618744980664,1.4496588020786711,0.0,485476.59262304386,37575000
mtd_ai,200,0.005081841762995965,0.32608695652173914,2367.8588778821277,0.05,150,5,0.14333333333333334,5.8028583259154285,6.487922058830925,0.0,507310.3786615358,45795000
mtd_ai,200,0.005081841762995965,0.38461538461538464,3752.6553912774507,0.1,150,5,0.14333333333333334,5.8028583259154285,6.487922058830925,0.0,507310.3786615358,45795000
mtd_ai,200,0.005081841762995965,0.45,4560.356057075276,0.15,150,5,0.14333333333333334,5.8028583259154285,6.487922058830925,0.0,507310.3786615358,45795000
mtd_ai,200,0.005081841762995965,0.4918032786885246,5058.646564090781,0.2,150,5,0.14333333333333334,5.8028583259154285,6.487922058830925,0.0,507310.3786615358,45795000
mtd_ai,200,0.005081841762995965,0.528169014084507,5390.5486932678405,0.25,150,5,0.14333333333333334,5.8028583259154285,6.487922058830925,0.0,507310.3786615358,45795000
mtd_ai,200,0.005047424974010632,0.35714285714285715,2051.0462153994654,0.05,150,5,0.09333333333333334,0.6489875543998618,2.150058219350825,0.0,518561.3990443169,40575000
mtd_ai,200,0.005047424974010632,0.40540540540540543,3340.5064711693694,0.1,150,5,0.09333333333333334,0.6489875543998618,2.150058219350825,0.0,518561.3990443169,40575000
mtd_ai,200,0.005047424974010632,0.45918367346938777,4042.360776893521,0.15,150,5,0.09333333333333334,0.6489875543998618,2.150058219350825,0.0,518561.3990443169,40575000
mtd_ai,200,0.005047424974010632,0.4838709677419355,4631.66019020668,0.2,150,5,0.09333333333333334,0.6489875543998618,2.150058219350825,0.0,518561.3990443169,40575000
mtd_ai,200,0.005047424974010632,0.5208333333333334,5301.218755003701,0.25,150,5,0.09333333333333334,0.6489875543998618,2.150058219350825,0.0,518561.3990443169,40575000
mtd_ai,200,0.0050596341832990464,0.26785714285714285,2755.3147481905717,0.05,150,5,0.09444444444444444,1.7021473235516245,3.0580980220392173,0.0,613993.6510067651,44340000
mtd_ai,200,0.0050596341832990464,0.36585365853658536,3900.000849037149,0.1,150,5,0.09444444444444444,1.7021473235516245,3.0580980220392173,0.0,613993.6510067651,44340000
mtd_ai,200,0.0050596341832990464,0.4166666666666667,5085.466286943305,0.15,150,5,0.09444444444444444,1.7021473235516245,3.0580980220392173,0.0,613993.6510067651,44340000
mtd_ai,200,0.0050596341832990464,0.44776119402985076,6201.7993546422695,0.2,150,5,0.09444444444444444,1.7021473235516245,3.0580980220392173,0.0,613993.6510067651,44340000
mtd_ai,200,0.0050596341832990464,0.46875,7270.974680933755,0.25,150,5,0.09444444444444444,1.7021473235516245,3.0580980220392173,0.0,613993.6510067651,44340000
mtd_ai,200,0.005055768644047316,0.3125,2186.4380140652006,0.05,150,5,0.12,0.48962950845583275,1.8095041893912984,0.0,691375.1201060372,55590000
mtd_ai,200,0.005055768644047316,0.3,3710.0144867885692,0.1,150,5,0.12,0.48962950845583275,1.8095041893912984,0.0,691375.1201060372,55590000
mtd_ai,200,0.005055768644047316,0.35714285714285715,4402.063835435052,0.15,150,5,0.12,0.48962950845583275,1.8095041893912984,0.0,691375.1201060372,55590000
mtd_ai,200,0.005055768644047316,0.3614457831325301,6078.160691787777,0.2,150,5,0.12,0.48962950845583275,1.8095041893912984,0.0,691375.1201060372,55590000
mtd_ai,200,0.005055768644047316,0.375,7475.893547586021,0.25,150,5,0.12,0.48962950845583275,1.8095041893912984,0.0,691375.1201060372,55590000
mtd_ai,200,0.005045877118587105,0.3409090909090909,1832.7790611325383,0.05,150,5,0.13777777777777775,1.145246808993146,4.510158786664298,0.0,575160.4395688083,33120000
mtd_ai,200,0.005045877118587105,0.45454545454545453,2469.3172959504327,0.1,150,5,0.13777777777777775,1.145246808993146,4.510158786664298,0.0,575160.4395688083,33120000
mtd_ai,200,0.005045877118587105,0.4891304347826087,3322.8223939498384,0.15,150,5,0.13777777777777775,1.145246808993146,4.510158786664298,0.0,575160.4395688083,33120000
mtd_ai,200,0.005045877118587105,0.4411764705882353,4511.931235113498,0.2,150,5,0.13777777777777775,1.145246808993146,4.510158786664298,0.0,575160.4395688083,33120000
mtd_ai,200,0.005045877118587105,0.43103448275862066,6251.544985453291,0.25,150,5,0.13777777777777775,1.145246808993146,4.510158786664298,0.0,575160.4395688083,33120000
mtd_ai,200,0.005041967851586216,0.3409090909090909,2191.8360535038246,0.05,150,5,0.13,0.8419431453525333,2.646375127934035,0.0,518816.9229010953,35340000
mtd_ai,200,0.005041967851586216,0.40540540540540543,3009.241732334103,0.1,150,5,0.13,0.8419431453525333,2.646375127934035,0.0,518816.9229010953,35340000
mtd_ai,200,0.005041967851586216,0.46875,3527.57472257417,0.15,150,5,0.13,0.8419431453525333,2.646375127934035,0.0,518816.9229010953,35340000
mtd_ai,200,0.005041967851586216,0.5084745762711864,4358.390726797326,0.2,150,5,0.13,0.8419431453525333,2.646375127934035,0.0,518816.9229010953,35340000
mtd_ai,200,0.005041967851586216,0.5136986301369864,5716.778964301051,0.25,150,5,0.13,0.8419431453525333,2.646375127934035,0.0,518816.9229010953,35340000
mtd_ai,200,0.005035305688249483,0.234375,3591.219773608174,0.05,150,5,0.105,1.3126546412378344,3.8313786351272907,0.0,675869.0181381366,46620000
mtd_ai,200,0.005035305688249483,0.28846153846153844,5495.663049185807,0.1,150,5,0.105,1.3126546412378344,3.8313786351272907,0.0,675869.0181381366,46620000
mtd_ai,200,0.005035305688249483,0.34615384615384615,6257.316106882061,0.15,150,5,0.105,1.3126546412378344,3.8313786351272907,0.0,675869.0181381366,46620000
mtd_ai,200,0.005035305688249483,0.4,6569.826394619944,0.2,150,5,0.105,1.3126546412378344,3.8313786351272907,0.0,675869.0181381366,46620000
mtd_ai,200,0.005035305688249483,0.4076086956521739,7220.656711443671,0.25,150,5,0.105,1.3126546412378344,3.8313786351272907,0.0,675869.0181381366,46620000
mtd_ai,200,0.005061305750078585,0.4166666666666667,1657.0924698161903,0.05,150,5,0.10222222222222221,0.629593182379019,0.734725514855575,0.0,566835.4141064516,36105000
mtd_ai,200,0.005061305750078585,0.4166666666666667,3387.55261181364,0.1,150,5,0.10222222222222221,0.629593182379019,0.734725514855575,0.0,566835.4141064516,36105000
mtd_ai,200,0.005061305750078585,0.4411764705882353,4906.290530545135,0.15,150,5,0.10222222222222221,0.629593182379019,0.734725514855575,0.0,566835.4141064516,36105000
mtd_ai,200,0.005061305750078585,0.47619047619047616,5629.879312222132,0.2,150,5,0.10222222222222221,0.629593182379019,0.734725514855575,0.0,566835.4141064516,36105000
mtd_ai,200,0.005061305750078585,0.5,6522.707937476165,0.25,150,5,0.10222222222222221,0.629593182379019,0.734725514855575,0.0,566835.4141064516,36105000
mtd_ai,200,0.005067497977508104,0.4166666666666667,1452.9308667316927,0.05,150,5,0.12333333333333334,0.8221123304006943,2.9969129316278638,0.0,555382.6683313936,30105000
mtd_ai,200,0.005067497977508104,0.4166666666666667,3150.012357221942,0.1,150,5,0.12333333333333334,0.8221123304006943,2.9969129316278638,0.0,555382.6683313936,30105000
mtd_ai,200,0.005067497977508104,0.4411764705882353,4334.63283650082,0.15,150,5,0.12333333333333334,0.8221123304006943,2.9969129316278638,0.0,555382.6683313936,30105000
mtd_ai,200,0.005067497977508104,0.4166666666666667,5885.240868289683,0.2,150,5,0.12333333333333334,0.8221123304006943,2.9969129316278638,0.0,555382.6683313936,30105000
mtd_ai,200,0.005067497977508104,0.45180722891566266,6812.148415108328,0.25,150,5,0.12333333333333334,0.8221123304006943,2.9969129316278638,0.0,555382.6683313936,30105000
mtd_ai,200,0.0050624582059856675,0.4166666666666667,1503.8408551599314,0.05,150,5,0.1,0.35777831172930097,1.533506231132954,0.0,602624.0530439131,34635000
mtd_ai,200,0.0050624582059856675,0.4411764705882353,2950.699901353769,0.1,150,5,0.1,0.35777831172930097,1.533506231132954,0.0,602624.0530439131,34635000
mtd_ai,200,0.0050624582059856675,0.4090909090909091,4965.002969766716,0.15,150,5,0.1,0.35777831172930097,1.533506231132954,0.0,602624.0530439131,34635000
mtd_ai,200,0.0050624582059856675,0.42857142857142855,6156.935275810307,0.2,150,5,0.1,0.35777831172930097,1.533506231132954,0.0,602624.0530439131,34635000
mtd_ai,200,0.0050624582059856675,0.487012987012987,6468.449544744739,0.25,150,5,0.1,0.35777831172930097,1.533506231132954,0.0,602624.0530439131,34635000
mtd_ai,200,0.005073815223058355,0.3409090909090909,2375.029790015168,0.05,150,5,0.095,0.17998402744190736,0.6039136855345529,0.0,496963.5188926995,39075000
mtd_ai,200,0.005073815223058355,0.4166666666666667,3491.742336499612,0.1,150,5,0.095,0.17998402744190736,0.6039136855345529,0.0,496963.5188926995,39075000
mtd_ai,200,0.005073815223058355,0.45,4440.772769273275,0.15,150,5,0.095,0.17998402744190736,0.6039136855345529,0.0,496963.5188926995,39075000
mtd_ai,200,0.005073815223058355,0.4838709677419355,4980.3406216267085,0.2,150,5,0.095,0.17998402744190736,0.6039136855345529,0.0,496963.5188926995,39075000
mtd_ai,200,0.005073815223058355,0.5208333333333334,5548.459012435649,0.25,150,5,0.095,0.17998402744190736,0.6039136855345529,0.0,496963.5188926995,39075000
mtd_ai,200,0.005071695805015252,0.234375,3843.1965932456023,0.05,150,5,0.2647058823529412,0.5080992950462065,1.1115821055234951,0.0,489678.5131919251,33810000
mtd_ai,200,0.005071695805015252,0.3333333333333333,4641.469599915457,0.1,150,5,0.2647058823529412,0.5080992950462065,1.1115821055234951,0.0,489678.5131919251,33810000
mtd_ai,200,0.005071695805015252,0.4166666666666667,5153.909110518882,0.15,150,5,0.2647058823529412,0.5080992950462065,1.1115821055234951,0.0,489678.5131919251,33810000
mtd_ai,200,0.005071695805015252,0.44776119402985076,5903.7340642910585,0.2,150,5,0.2647058823529412,0.5080992950462065,1.1115821055234951,0.0,489678.5131919251,33810000
mtd_ai,200,0.005071695805015252,0.4934210526315789,6311.983557397209,0.25,150,5,0.2647058823529412,0.5080992950462065,1.1115821055234951,0.0,489678.5131919251,33810000
mtd_ai,200,0.0050834059484506835,0.3,2324.8232746791655,0.05,150,5,0.17647058823529413,0.4506330153579293,1.5974206539971865,0.0,440220.11838023603,28575000
mtd_ai,200,0.0050834059484506835,0.40540540540540543,3059.0540532811037,0.1,150,5,0.17647058823529413,0.4506330153579293,1.5974206539971865,0.0,440220.11838023603,28575000
mtd_ai,200,0.0050834059484506835,0.46875,3702.2828012699174,0.15,150,5,0.17647058823529413,0.4506330153579293,1.5974206539971865,0.0,440220.11838023603,28575000
mtd_ai,200,0.0050834059484506835,0.5172413793103449,4229.933643662908,0.2,150,5,0.17647058823529413,0.4506330153579293,1.5974206539971865,0.0,440220.11838023603,28575000
mtd_ai,200,0.0050834059484506835,0.528169014084507,4783.446340161412,0.25,150,5,0.17647058823529413,0.4506330153579293,1.5974206539971865,0.0,440220.11838023603,28575000
mtd_ai,200,0.005085221029618023,0.28846153846153844,2652.01419618613,0.05,150,5,0.1188888888888889,0.39920595610609094,1.4712593138606622,0.0,495425.55591300264,40560000
mtd_ai,200,0.005085221029618023,0.36585365853658536,3771.0631707773928,0.1,150,5,0.1188888888888889,0.39920595610609094,1.4712593138606622,0.0,495425.55591300264,40560000
mtd_ai,200,0.005085221029618023,0.45,4160.844961677036,0.15,150,5,0.1188888888888889,0.39920595610609094,1.4712593138606622,0.0,495425.55591300264,40560000
mtd_ai,200,0.005085221029618023,0.4838709677419355,4816.535078775642,0.2,150,5,0.1188888888888889,0.39920595610609094,1.4712593138606622,0.0,495425.55591300264,40560000
mtd_ai,200,0.005085221029618023,0.5136986301369864,5285.0959957923915,0.25,150,5,0.1188888888888889,0.39920595610609094,1.4712593138606622,0.0,495425.55591300264,40560000
mtd_ai,200,0.005059758560814459,0.25862068965517243,2548.5992096893888,0.05,150,5,0.11444444444444443,0.7864158920595157,3.4525042724993953,0.0,587228.9954717519,42105000
mtd_ai,200,0.005059758560814459,0.35714285714285715,3320.511065928805,0.1,150,5,0.11444444444444443,0.7864158920595157,3.4525042724993953,0.0,587228.9954717519,42105000
mtd_ai,200,0.005059758560814459,0.4090909090909091,4144.508762333467,0.15,150,5,0.11444444444444443,0.7864158920595157,3.4525042724993953,0.0,587228.9954717519,42105000
mtd_ai,200,0.005059758560814459,0.4411764705882353,5194.6008843175005,0.2,150,5,0.11444444444444443,0.7864158920595157,3.4525042724993953,0.0,587228.9954717519,42105000
mtd_ai,200,0.005059758560814459,0.46296296296296297,6220.250757765734,0.25,150,5,0.11444444444444443,0.7864158920595157,3.4525042724993953,0.0,587228.9954717519,42105000
mtd_ai,200,0.005041104066658219,0.25862068965517243,2856.1245743212107,0.05,150,5,0.13333333333333333,0.5863719664297224,2.4280460417345235,4.0,592304.7706626881,42082500
mtd_ai,200,0.005041104066658219,0.3125,4743.160735332829,0.1,150,5,0.13333333333333333,0.5863719664297224,2.4280460417345235,4.0,592304.7706626881,42082500
mtd_ai,200,0.005041104066658219,0.35714285714285715,5977.136012720867,0.15,150,5,0.13333333333333333,0.5863719664297224,2.4280460417345235,4.0,592304.7706626881,42082500
mtd_ai,200,0.005041104066658219,0.40540540540540543,6498.846803243789,0.2,150,5,0.13333333333333333,0.5863719664297224,2.4280460417345235,4.0,592304.7706626881,42082500
mtd_ai,200,0.005041104066658219,0.44642857142857145,6875.926726395782,0.25,150,5,0.13333333333333333,0.5863719664297224,2.4280460417345235,4.0,592304.7706626881,42082500
mtd_ai,200,0.005040558944278565,0.25,3125.373563008241,0.05,150,5,0.1865,0.12419352645916,0.5358392735369629,4.387096774193548,576266.5892017443,15442500,0.2735850139288232
mtd_ai,200,0.005040558944278565,0.3488372093023256,4215.013447563665,0.1,150,5,0.1865,0.12419352645916,0.5358392735369629,4.387096774193548,576266.5892017443,15442500,0.2735850139288232
mtd_ai,200,0.005040558944278565,0.42452830188679247,5061.041441904214,0.15,150,5,0.1865,0.12419352645916,0.5358392735369629,4.387096774193548,576266.5892017443,15442500,0.2735850139288232
mtd_ai,200,0.005040558944278565,0.46875,5698.146661464074,0.2,150,5,0.1865,0.12419352645916,0.5358392735369629,4.387096774193548,576266.5892017443,15442500,0.2735850139288232
mtd_ai,200,0.005040558944278565,0.5067567567567568,6109.608595773669,0.25,150,5,0.1865,0.12419352645916,0.5358392735369629,4.387096774193548,576266.5892017443,15442500,0.2735850139288232
mtd_ai,200,0.0050470645870440405,0.28846153846153844,2677.78657692616,0.05,150,5,0.0,0.9632120105782849,3.20260299126692,0.0,547519.7381895317,13080000,0.28160999645479023
mtd_ai,200,0.0050470645870440405,0.375,3661.751590152331,0.1,150,5,0.0,0.9632120105782849,3.20260299126692,0.0,547519.7381895317,13080000,0.28160999645479023
mtd_ai,200,0.0050470645870440405,0.45918367346938777,4351.3947650512255,0.15,150,5,0.0,0.9632120105782849,3.20260299126692,0.0,547519.7381895317,13080000,0.28160999645479023
mtd_ai,200,0.0050470645870440405,0.5,4941.050172728062,0.2,150,5,0.0,0.9632120105782849,3.20260299126692,0.0,547519.7381895317,13080000,0.28160999645479023
mtd_ai,200,0.0050470645870440405,0.5067567567567568,5932.046097577227,0.25,150,5,0.0,0.9632120105782849,3.20260299126692,0.0,547519.7381895317,13080000,0.28160999645479023
mtd_ai,200,0.005078650731482867,0.25862068965517243,3443.206611392,0.05,150,5,0.0761904761904762,0.3662801375248864,1.5776904356099486,0.0,462281.21914088656,8152500,0.642075008363463
mtd_ai,200,0.005078650731482867,0.36585365853658536,4142.989905658484,0.1,150,5,0.0761904761904762,0.3662801375248864,1.5776904356099486,0.0,462281.21914088656,8152500,0.642075008363463
mtd_ai,200,0.005078650731482867,0.4411764705882353,4537.0125717705905,0.15,150,5,0.0761904761904762,0.3662801375248864,1.5776904356099486,0.0,462281.21914088656,8152500,0.642075008363463
mtd_ai,200,0.005078650731482867,0.5,5198.086825611201,0.2,150,5,0.0761904761904762,0.3662801375248864,1.5776904356099486,0.0,462281.21914088656,8152500,0.642075008363463
mtd_ai,200,0.005078650731482867,0.5434782608695652,5574.755432167007,0.25,150,5,0.0761904761904762,0.3662801375248864,1.5776904356099486,0.0,462281.21914088656,8152500,0.642075008363463
mtd_ai,200,0.005071000876021353,0.39473684210526316,1996.2769113064912,0.05,150,5,0.13555555555555557,2.030665409095494,1.8319400686348375,0.0,539409.7313377631,15990000,0.3096150263445452
mtd_ai,200,0.005071000876021353,0.4166666666666667,3352.6831918356147,0.1,150,5,0.13555555555555557,2.030665409095494,1.8319400686348375,0.0,539409.7313377631,15990000,0.3096150263445452
mtd_ai,200,0.005071000876021353,0.4166666666666667,4512.415044240064,0.15,150,5,0.13555555555555557,2.030665409095494,1.8319400686348375,0.0,539409.7313377631,15990000,0.3096150263445452
mtd_ai,200,0.005071000876021353,0.4411764705882353,5191.652420054638,0.2,150,5,0.13555555555555557,2.030665409095494,1.8319400686348375,0.0,539409.7313377631,15990000,0.3096150263445452
mtd_ai,200,0.005071000876021353,0.47468354430379744,5869.448828616169,0.25,150,5,0.13555555555555557,2.030665409095494,1.8319400686348375,0.0,539409.7313377631,15990000,0.3096150263445452
mtd_ai,200,0.005073137056096468,0.3125,2354.500692676976,0.05,150,5,0.15499999999999997,0.1678896970979462,0.7302261584190863,0.0,497298.06471243215,11527500,0.8153400180162862
mtd_ai,200,0.005073137056096468,0.375,3453.3410644738183,0.1,150,5,0.15499999999999997,0.1678896970979462,0.7302261584190863,0.0,497298.06471243215,11527500,0.8153400180162862
mtd_ai,200,0.005073137056096468,0.4411764705882353,4034.9178875898738,0.15,150,5,0.15499999999999997,0.1678896970979462,0.7302261584190863,0.0,497298.06471243215,11527500,0.8153400180162862
mtd_ai,200,0.005073137056096468,0.4918032786885246,4460.924951695022,0.2,150,5,0.15499999999999997,0.1678896970979462,0.7302261584190863,0.0,497298.06471243215,11527500,0.8153400180162862
mtd_ai,200,0.005073137056096468,0.5208333333333334,5041.302128569498,0.25,150,5,0.15499999999999997,0.1678896970979462,0.7302261584190863,0.0,497298.06471243215,11527500,0.8153400180162862
mtd_ai,200,0.005037306403130894,0.4411764705882353,1471.1781603344052,0.05,150,5,0.09777777777777777,0.8581746120403652,3.2216110887017946,0.0,612538.2055935318,18427500,1.4607000339310616
mtd_ai,200,0.005037306403130894,0.40540540540540543,3328.684396897505,0.1,150,5,0.09777777777777777,0.8581746120403652,3.2216110887017946,0.0,612538.2055935318,18427500,1.4607000339310616
mtd_ai,200,0.005037306403130894,0.4017857142857143,4464.055764321747,0.15,150,5,0.09777777777777777,0.8581746120403652,3.2216110887017946,0.0,612538.2055935318,18427500,1.4607000339310616
mtd_ai,200,0.005037306403130894,0.40540540540540543,5524.609023774883,0.2,150,5,0.09777777777777777,0.8581746120403652,3.2216110887017946,0.0,612538.2055935318,18427500,1.4607000339310616
mtd_ai,200,0.005037306403130894,0.43103448275862066,6187.661288127862,0.25,150,5,0.09777777777777777,0.8581746120403652,3.2216110887017946,0.0,612538.2055935318,18427500,1.4607000339310616
mtd_ai,200,0.005054912729545739,0.3409090909090909,2380.425161320865,0.05,150,5,0.13844444444444443,0.4402629265892813,1.234414314845918,0.0,645989.3695075477,17722500,0.3479550563497469
mtd_ai,200,0.005054912729545739,0.39473684210526316,3845.914355962117,0.1,150,5,0.13844444444444443,0.4402629265892813,1.234414314845918,0.0,645989.3695075477,17722500,0.3479550563497469
mtd_ai,200,0.005054912729545739,0.3879310344827586,5507.700670921621,0.15,150,5,0.13844444444444443,0.4402629265892813,1.234414314845918,0.0,645989.3695075477,17722500,0.3479550563497469
mtd_ai,200,0.005054912729545739,0.38961038961038963,6665.505704857365,0.2,150,5,0.13844444444444443,0.4402629265892813,1.234414314845918,0.0,645989.3695075477,17722500,0.3479550563497469
mtd_ai,200,0.005054912729545739,0.42134831460674155,7166.327827776724,0.25,150,5,0.13844444444444443,0.4402629265892813,1.234414314845918,0.0,645989.3695075477,17722500,0.3479550563497469
mtd_ai,200,0.0050617030758822795,0.32608695652173914,2197.9555488829506,0.05,150,5,0.11733333333333335,0.05493323681539334,0.24340744685550095,0.0,462368.50400940224,14385000,0.7716149993939325
mtd_ai,200,0.0050617030758822795,0.40540540540540543,3187.0019072128075,0.1,150,5,0.11733333333333335,0.05493323681539334,0.24340744685550095,0.0,462368.50400940224,14385000,0.7716149993939325
mtd_ai,200,0.0050617030758822795,0.5,3669.3423739183804,0.15,150,5,0.11733333333333335,0.05493323681539334,0.24340744685550095,0.0,462368.50400940224,14385000,0.7716149993939325
mtd_ai,200,0.0050617030758822795,0.5454545454545454,4338.020488723645,0.2,150,5,0.11733333333333335,0.05493323681539334,0.24340744685550095,0.0,462368.50400940224,14385000,0.7716149993939325
mtd_ai,200,0.0050617030758822795,0.5859375,4762.1548731444655,0.25,150,5,0.11733333333333335,0.05493323681539334,0.24340744685550095,0.0,462368.50400940224,14385000,0.7716149993939325
mtd_ai,200,0.005094420602027399,0.375,1825.1481227978663,0.05,150,5,0.17444444444444443,0.5043887670479404,1.5945834679864885,0.0,432816.97780052584,11985000,0.7167750096414238
mtd_ai,200,0.005094420602027399,0.4411764705882353,3158.2208750167883,0.1,150,5,0.17444444444444443,0.5043887670479404,1.5945834679864885,0.0,432816.97780052584,11985000,0.7167750096414238
mtd_ai,200,0.005094420602027399,0.5113636363636364,3641.544819172969,0.15,150,5,0.17444444444444443,0.5043887670479404,1.5945834679864885,0.0,432816.97780052584,11985000,0.7167750096414238
mtd_ai,200,0.005094420602027399,0.5357142857142857,4289.564170249066,0.2,150,5,0.17444444444444443,0.5043887670479404,1.5945834679864885,0.0,432816.97780052584,11985000,0.7167750096414238
mtd_ai,200,0.005094420602027399,0.5597014925373134,4712.696582245078,0.25,150,5,0.17444444444444443,0.5043887670479404,1.5945834679864885,0.0,432816.97780052584,11985000,0.7167750096414238
mtd_ai,200,0.005041204288751309,0.28846153846153844,2556.0611178108657,0.05,150,5,0.1748888888888889,0.6971125877482695,2.6482353809542523,0.0,672302.6383560147,19305000,1.1574300297070295
mtd_ai,200,0.005041204288751309,0.3488372093023256,3836.920362438175,0.1,150,5,0.1748888888888889,0.6971125877482695,2.6482353809542523,0.0,672302.6383560147,19305000,1.1574300297070295
mtd_ai,200,0.005041204288751309,0.3629032258064516,5632.909677968468,0.15,150,5,0.1748888888888889,0.6971125877482695,2.6482353809542523,0.0,672302.6383560147,19305000,1.1574300297070295
mtd_ai,200,0.005041204288751309,0.35294117647058826,6638.98665825963,0.2,150,5,0.1748888888888889,0.6971125877482695,2.6482353809542523,0.0,672302.6383560147,19305000,1.1574300297070295
mtd_ai,200,0.005041204288751309,0.4032258064516129,6970.272044654575,0.25,150,5,0.1748888888888889,0.6971125877482695,2.6482353809542523,0.0,672302.6383560147,19305000,1.1574300297070295
mtd_ai,200,0.005068821125256745,0.39473684210526316,1889.6557016821941,0.05,150,5,0.10777777777777776,0.2860517077184732,0.7422899610882918,0.0,545186.690455716,16080000,0.822600003448315
mtd_ai,200,0.005068821125256745,0.42857142857142855,3445.1788362182115,0.1,150,5,0.10777777777777776,0.2860517077184732,0.7422899610882918,0.0,545186.690455716,16080000,0.822600003448315
mtd_ai,200,0.005068821125256745,0.42452830188679247,5222.249283204519,0.15,150,5,0.10777777777777776,0.2860517077184732,0.7422899610882918,0.0,545186.690455716,16080000,0.822600003448315
mtd_ai,200,0.005068821125256745,0.47619047619047616,5637.1923503184435,0.2,150,5,0.10777777777777776,0.2860517077184732,0.7422899610882918,0.0,545186.690455716,16080000,0.822600003448315
mtd_ai,200,0.005068821125256745,0.5067567567567568,6133.152997634237,0.25,150,5,0.10777777777777776,0.2860517077184732,0.7422899610882918,0.0,545186.690455716,16080000,0.822600003448315
mtd_ai,200,0.005058884471186045,0.35714285714285715,1580.8265874192393,0.05,150,5,0.12566666666666668,0.33026228448447403,0.6600388396413217,0.0,433067.95273594925,12795000,0.21649501577485353
mtd_ai,200,0.005058884471186045,0.38461538461538464,3000.378017877232,0.1,150,5,0.12566666666666668,0.33026228448447403,0.6600388396413217,0.0,433067.95273594925,12795000,0.21649501577485353
mtd_ai,200,0.005058884471186045,0.45,3439.242000521239,0.15,150,5,0.12566666666666668,0.33026228448447403,0.6600388396413217,0.0,433067.95273594925,12795000,0.21649501577485353
mtd_ai,200,0.005058884471186045,0.47619047619047616,4329.919652955716,0.2,150,5,0.12566666666666668,0.33026228448447403,0.6600388396413217,0.0,433067.95273594925,12795000,0.21649501577485353
mtd_ai,200,0.005058884471186045,0.5136986301369864,4815.9734191016105,0.25,150,5,0.12566666666666668,0.33026228448447403,0.6600388396413217,0.0,433067.95273594925,12795000,0.21649501577485353
mtd_ai,200,0.005060584893281684,0.3409090909090909,1935.0938612368464,0.05,150,5,0.12222222222222222,0.030457783446314057,0.1258926867689429,0.0,590581.7414492136,20310000,0.8606100047472864
mtd_ai,200,0.005060584893281684,0.30612244897959184,4196.049730179173,0.1,150,5,0.12222222222222222,0.030457783446314057,0.1258926867689429,0.0,590581.7414492136,20310000,0.8606100047472864
mtd_ai,200,0.005060584893281684,0.375,4668.209351067021,0.15,150,5,0.12222222222222222,0.030457783446314057,0.1258926867689429,0.0,590581.7414492136,20310000,0.8606100047472864
mtd_ai,200,0.005060584893281684,0.39473684210526316,5766.618869478607,0.2,150,5,0.12222222222222222,0.030457783446314057,0.1258926867689429,0.0,590581.7414492136,20310000,0.8606100047472864
mtd_ai,200,0.005060584893281684,0.4076086956521739,6899.309320200649,0.25,150,5,0.12222222222222222,0.030457783446314057,0.1258926867689429,0.0,590581.7414492136,20310000,0.8606100047472864
mtd_ai,200,0.005085267116540916,0.3409090909090909,2551.445537565656,0.05,150,5,0.14285714285714285,0.1872763183159872,0.4925421056658645,0.0,503005.41853431135,14460000,1.7044950305717066
mtd_ai,200,0.005085267116540916,0.42857142857142855,3328.8759711001717,0.1,150,5,0.14285714285714285,0.1872763183159872,0.4925421056658645,0.0,503005.41853431135,14460000,1.7044950305717066
mtd_ai,200,0.005085267116540916,0.4787234042553192,4218.478539161779,0.15,150,5,0.14285714285714285,0.1872763183159872,0.4925421056658645,0.0,503005.41853431135,14460000,1.7044950305717066
mtd_ai,200,0.005085267116540916,0.5172413793103449,4815.305872963945,0.2,150,5,0.14285714285714285,0.1872763183159872,0.4925421056658645,0.0,503005.41853431135,14460000,1.7044950305717066
mtd_ai,200,0.005085267116540916,0.5597014925373134,5324.629536235085,0.25,150,5,0.14285714285714285,0.1872763183159872,0.4925421056658645,0.0,503005.41853431135,14460000,1.7044950305717066
mtd_ai,200,0.005034642332100711,0.39473684210526316,1546.7949146977394,0.05,150,5,0.13533333333333333,1.0008136378833132,3.681732738740181,0.0,630027.7825070425,17002500,0.3056250046938658
mtd_ai,200,0.005034642332100711,0.45454545454545453,3141.449152067178,0.1,150,5,0.13533333333333333,1.0008136378833132,3.681732738740181,0.0,630027.7825070425,17002500,0.3056250046938658
mtd_ai,200,0.005034642332100711,0.4787234042553192,4329.626499642653,0.15,150,5,0.13533333333333333,1.0008136378833132,3.681732738740181,0.0,630027.7825070425,17002500,0.3056250046938658
mtd_ai,200,0.005034642332100711,0.5,4995.332243396089,0.2,150,5,0.13533333333333333,1.0008136378833132,3.681732738740181,0.0,630027.7825070425,17002500,0.3056250046938658
mtd_ai,200,0.005034642332100711,0.36764705882352944,6665.732963843335,0.25,150,5,0.13533333333333333,1.0008136378833132,3.681732738740181,0.0,630027.7825070425,17002500,0.3056250046938658
mtd_ai,200,0.005038195632846331,0.28846153846153844,3251.507695275811,0.05,150,5,0.15666666666666668,2.577334346745829,3.9087981572556796,0.0,611490.4075116195,14580000,0.780690016108565
mtd_ai,200,0.005038195632846331,0.32608695652173914,4839.580223725548,0.1,150,5,0.15666666666666668,2.577334346745829,3.9087981572556796,0.0,611490.4075116195,14580000,0.780690016108565
mtd_ai,200,0.005038195632846331,0.4017857142857143,5248.095998418754,0.15,150,5,0.15666666666666668,2.577334346745829,3.9087981572556796,0.0,611490.4075116195,14580000,0.780690016108565
mtd_ai,200,0.005038195632846331,0.4166666666666667,6370.608298849096,0.2,150,5,0.15666666666666668,2.577334346745829,3.9087981572556796,0.0,611490.4075116195,14580000,0.780690016108565
mtd_ai,200,0.005038195632846331,0.46875,6778.7870491582125,0.25,150,5,0.15666666666666668,2.577334346745829,3.9087981572556796,0.0,611490.4075116195,14580000,0.780690016108565
mtd_ai,200,0.005064754768367309,0.32608695652173914,2562.5624163441307,0.05,150,5,0.07666666666666666,0.2402109430656977,0.7629419780452215,0.0,563864.2815698388,14572500,1.3549799885367975
mtd_ai,200,0.005064754768367309,0.39473684210526316,3516.4840857721747,0.1,150,5,0.07666666666666666,0.2402109430656977,0.7629419780452215,0.0,563864.2815698388,14572500,1.3549799885367975
mtd_ai,200,0.005064754768367309,0.42452830188679247,4994.126017363212,0.15,150,5,0.07666666666666666,0.2402109430656977,0.7629419780452215,0.0,563864.2815698388,14572500,1.3549799885367975
mtd_ai,200,0.005064754768367309,0.47619047619047616,5552.129814505475,0.2,150,5,0.07666666666666666,0.2402109430656977,0.7629419780452215,0.0,563864.2815698388,14572500,1.3549799885367975
mtd_ai,200,0.005064754768367309,0.5067567567567568,6018.714412152673,0.25,150,5,0.07666666666666666,0.2402109430656977,0.7629419780452215,0.0,563864.2815698388,14572500,1.3549799885367975
mtd_ai,200,0.005038146268806509,0.35714285714285715,2146.984985554132,0.05,150,5,0.16833333333333333,0.03436603753488721,0.11381305976776822,0.0,551606.5449552939,19170000,0.7343250297708437
mtd_ai,200,0.005038146268806509,0.4166666666666667,3578.548265649862,0.1,150,5,0.16833333333333333,0.03436603753488721,0.11381305976776822,0.0,551606.5449552939,19170000,0.7343250297708437
mtd_ai,200,0.005038146268806509,0.5,4118.67863120035,0.15,150,5,0.16833333333333333,0.03436603753488721,0.11381305976776822,0.0,551606.5449552939,19170000,0.7343250297708437
mtd_ai,200,0.005038146268806509,0.5,4918.750392963113,0.2,150,5,0.16833333333333333,0.03436603753488721,0.11381305976776822,0.0,551606.5449552939,19170000,0.7343250297708437
mtd_ai,200,0.005038146268806509,0.5136986301369864,6023.74146427073,0.25,150,5,0.16833333333333333,0.03436603753488721,0.11381305976776822,0.0,551606.5449552939,19170000,0.7343250297708437
mtd_ai,200,0.005083441765689938,0.3409090909090909,2267.40084385482,0.05,150,5,0.13333333333333333,0.8828583845528063,1.4636422432233003,0.0,422057.76972912205,12697500,0.8476050279568881
mtd_ai,200,0.005083441765689938,0.46875,2626.0152597881656,0.1,150,5,0.13333333333333333,0.8828583845528063,1.4636422432233003,0.0,422057.76972912205,12697500,0.8476050279568881
mtd_ai,200,0.005083441765689938,0.5113636363636364,3430.0975035281454,0.15,150,5,0.13333333333333333,0.8828583845528063,1.4636422432233003,0.0,422057.76972912205,12697500,0.8476050279568881
mtd_ai,200,0.005083441765689938,0.5454545454545454,3985.696015476217,0.2,150,5,0.13333333333333333,0.8828583845528063,1.4636422432233003,0.0,422057.76972912205,12697500,0.8476050279568881
mtd_ai,200,0.005083441765689938,0.5681818181818182,4618.144685268229,0.25,150,5,0.13333333333333333,0.8828583845528063,1.4636422432233003,0.0,422057.76972912205,12697500,0.8476050279568881
mtd_ai,200,0.00503782233679944,0.2777777777777778,2499.4006128839,0.05,150,5,0.25,0.3150833141006104,1.0966265015688903,-4.451612903225806,581626.64046195,19912500,0.7966349890921265
mtd_ai,200,0.00503782233679944,0.32608695652173914,4310.583260771314,0.1,150,5,0.25,0.3150833141006104,1.0966265015688903,-4.451612903225806,581626.64046195,19912500,0.7966349890921265
mtd_ai,200,0.00503782233679944,0.3813559322033898,5003.5690751594575,0.15,150,5,0.25,0.3150833141006104,1.0966265015688903,-4.451612903225806,581626.64046195,19912500,0.7966349890921265
mtd_ai,200,0.00503782233679944,0.42857142857142855,5440.902439275141,0.2,150,5,0.25,0.3150833141006104,1.0966265015688903,-4.451612903225806,581626.64046195,19912500,0.7966349890921265
mtd_ai,200,0.00503782233679944,0.4573170731707317,5997.74426515262,0.25,150,5,0.25,0.3150833141006104,1.0966265015688903,-4.451612903225806,581626.64046195,19912500,0.7966349890921265
mtd_ai,200,0.005069018873697116,0.32608695652173914,2502.5906911326665,0.05,150,5,0.15005555555555558,0.2803776647913782,1.1226830908717318,0.0,591455.0599560564,14460000,0.35825999511871487
mtd_ai,200,0.005069018873697116,0.4166666666666667,3086.1525502097165,0.1,150,5,0.15005555555555558,0.2803776647913782,1.1226830908717318,0.0,591455.0599560564,14460000,0.35825999511871487
mtd_ai,200,0.005069018873697116,0.45918367346938777,3937.743711742377,0.15,150,5,0.15005555555555558,0.2803776647913782,1.1226830908717318,0.0,591455.0599560564,14460000,0.35825999511871487
mtd_ai,200,0.005069018873697116,0.45454545454545453,5383.535633233179,0.2,150,5,0.15005555555555558,0.2803776647913782,1.1226830908717318,0.0,591455.0599560564,14460000,0.35825999511871487
mtd_ai,200,0.005069018873697116,0.487012987012987,5779.223857040375,0.25,150,5,0.15005555555555558,0.2803776647913782,1.1226830908717318,0.0,591455.0599560564,14460000,0.35825999511871487
mtd_ai,200,0.005057664792452772,0.35714285714285715,2603.6964447002324,0.05,150,5,0.1277777777777778,1.6133448483523687,4.226475803505615,0.0,661522.7175782545,18480000,1.4397900231415406
mtd_ai,200,0.005057664792452772,0.35714285714285715,4201.0564432545125,0.1,150,5,0.1277777777777778,1.6133448483523687,4.226475803505615,0.0,661522.7175782545,18480000,1.4397900231415406
mtd_ai,200,0.005057664792452772,0.3515625,5472.338857866913,0.15,150,5,0.1277777777777778,1.6133448483523687,4.226475803505615,0.0,661522.7175782545,18480000,1.4397900231415406
mtd_ai,200,0.005057664792452772,0.379746835443038,6191.387911780672,0.2,150,5,0.1277777777777778,1.6133448483523687,4.226475803505615,0.0,661522.7175782545,18480000,1.4397900231415406
mtd_ai,200,0.005057664792452772,0.4076086956521739,7098.62632318068,0.25,150,5,0.1277777777777778,1.6133448483523687,4.226475803505615,0.0,661522.7175782545,18480000,1.4397900231415406
mtd_ai,200,0.005054813213634502,0.25,2670.597330655747,0.05,150,5,0.1288888888888889,0.4588532973996407,1.3080994151710514,0.0,688743.8126882588,11872500,0.9100799536099657
mtd_ai,200,0.005054813213634502,0.3125,3873.0710269216665,0.1,150,5,0.1288888888888889,0.4588532973996407,1.3080994151710514,0.0,688743.8126882588,11872500,0.9100799536099657
mtd_ai,200,0.005054813213634502,0.3629032258064516,4570.044755962255,0.15,150,5,0.1288888888888889,0.4588532973996407,1.3080994151710514,0.0,688743.8126882588,11872500,0.9100799536099657
mtd_ai,200,0.005054813213634502,0.35714285714285715,6347.5553397504555,0.2,150,5,0.1288888888888889,0.4588532973996407,1.3080994151710514,0.0,688743.8126882588,11872500,0.9100799536099657
mtd_ai,200,0.005054813213634502,0.390625,6951.2713303004,0.25,150,5,0.1288888888888889,0.4588532973996407,1.3080994151710514,0.0,688743.8126882588,11872500,0.9100799536099657
mtd_ai,200,0.005029169519302545,0.39473684210526316,1522.8632099208487,0.05,150,5,0.11777777777777776,0.6191273265774557,2.4768030741151867,0.0,654479.2068246239,14505000,1.646220005932264
mtd_ai,200,0.005029169519302545,0.2727272727272727,6170.519618962331,0.1,150,5,0.11777777777777776,0.6191273265774557,2.4768030741151867,0.0,654479.2068246239,14505000,1.646220005932264
mtd_ai,200,0.005029169519302545,0.3409090909090909,6701.304863695317,0.15,150,5,0.11777777777777776,0.6191273265774557,2.4768030741151867,0.0,654479.2068246239,14505000,1.646220005932264
mtd_ai,200,0.005029169519302545,0.39473684210526316,7197.49343649897,0.2,150,5,0.11777777777777776,0.6191273265774557,2.4768030741151867,0.0,654479.2068246239,14505000,1.646220005932264
mtd_ai,200,0.005029169519302545,0.42613636363636365,7817.770552591129,0.25,150,5,0.11777777777777776,0.6191273265774557,2.4768030741151867,0.0,654479.2068246239,14505000,1.646220005932264
mtd_ai,200,0.0050588122653806,0.234375,2902.1438571188137,0.05,150,5,0.08222222222222221,0.7331034356577897,2.8881127132675584,0.0,609484.5248507864,14655000,1.2535350455436856
mtd_ai,200,0.0050588122653806,0.3,4086.3094215729375,0.1,150,5,0.08222222222222221,0.7331034356577897,2.8881127132675584,0.0,609484.5248507864,14655000,1.2535350455436856
mtd_ai,200,0.0050588122653806,0.375,4694.426667288877,0.15,150,5,0.08222222222222221,0.7331034356577897,2.8881127132675584,0.0,609484.5248507864,14655000,1.2535350455436856
mtd_ai,200,0.0050588122653806,0.4166666666666667,5397.740854987067,0.2,150,5,0.08222222222222221,0.7331034356577897,2.8881127132675584,0.0,609484.5248507864,14655000,1.2535350455436856
mtd_ai,200,0.0050588122653806,0.4411764705882353,6503.440955612863,0.25,150,5,0.08222222222222221,0.7331034356577897,2.8881127132675584,0.0,609484.5248507864,14655000,1.2535350455436856
mtd_ai,200,0.00505615066654105,0.35714285714285715,2027.134917911213,0.05,150,5,0.13277777777777777,0.13275580204884305,0.358883674426445,0.0,463348.4510300152,17310000,0.2593349665403366
mtd_ai,200,0.00505615066654105,0.42857142857142855,2963.8843912786647,0.1,150,5,0.13277777777777777,0.13275580204884305,0.358883674426445,0.0,463348.4510300152,17310000,0.2593349665403366
mtd_ai,200,0.00505615066654105,0.4891304347826087,3573.2268945317614,0.15,150,5,0.13277777777777777,0.13275580204884305,0.358883674426445,0.0,463348.4510300152,17310000,0.2593349665403366
mtd_ai,200,0.00505615066654105,0.5084745762711864,4257.966419492308,0.2,150,5,0.13277777777777777,0.13275580204884305,0.358883674426445,0.0,463348.4510300152,17310000,0.2593349665403366
mtd_ai,200,0.00505615066654105,0.5208333333333334,5100.650059773523,0.25,150,5,0.13277777777777777,0.13275580204884305,0.358883674426445,0.0,463348.4510300152,17310000,0.2593349665403366
mtd_ai,200,0.005050000473631797,0.3,2972.4578722538017,0.05,150,5,0.18055555555555555,0.31496848994977944,1.2916135491756586,0.0,529409.3915786087,11430000,0.31216501956805587
mtd_ai,200,0.005050000473631797,0.39473684210526316,4010.822486173627,0.1,150,5,0.18055555555555555,0.31496848994977944,1.2916135491756586,0.0,529409.3915786087,11430000,0.31216501956805587
mtd_ai,200,0.005050000473631797,0.4411764705882353,4656.678177398231,0.15,150,5,0.18055555555555555,0.31496848994977944,1.2916135491756586,0.0,529409.3915786087,11430000,0.31216501956805587
mtd_ai,200,0.005050000473631797,0.46875,5329.653734146013,0.2,150,5,0.18055555555555555,0.31496848994977944,1.2916135491756586,0.0,529409.3915786087,11430000,0.31216501956805587
mtd_ai,200,0.005050000473631797,0.4934210526315789,5814.501884547629,0.25,150,5,0.18055555555555555,0.31496848994977944,1.2916135491756586,0.0,529409.3915786087,11430000,0.31216501956805587
mtd_ai,200,0.005051072614726489,0.375,1801.693506946186,0.05,150,5,0.11736507936507937,0.31209910698293897,1.30988466437158,0.0,514477.81698099786,15945000,1.314569977694191
mtd_ai,200,0.005051072614726489,0.40540540540540543,3286.273067422166,0.1,150,5,0.11736507936507937,0.31209910698293897,1.30988466437158,0.0,514477.81698099786,15945000,1.314569977694191
mtd_ai,200,0.005051072614726489,0.4411764705882353,4092.786308065153,0.15,150,5,0.11736507936507937,0.31209910698293897,1.30988466437158,0.0,514477.81698099786,15945000,1.314569977694191
mtd_ai,200,0.005051072614726489,0.46875,4887.1129574051465,0.2,150,5,0.11736507936507937,0.31209910698293897,1.30988466437158,0.0,514477.81698099786,15945000,1.314569977694191
mtd_ai,200,0.005051072614726489,0.4807692307692308,5905.281105428699,0.25,150,5,0.11736507936507937,0.31209910698293897,1.30988466437158,0.0,514477.81698099786,15945000,1.314569977694191
mtd_ai,200,0.005033185170827415,0.18292682926829268,5131.30766237643,0.05,150,5,0.08142857142857143,0.33705555851252117,0.7762601052120248,0.0,587884.3435313723,12930000,0.3181199950631708
mtd_ai,200,0.005033185170827415,0.2727272727272727,6010.0649496105425,0.1,150,5,0.08142857142857143,0.33705555851252117,0.7762601052120248,0.0,587884.3435313723,12930000,0.3181199950631708
mtd_ai,200,0.005033185170827415,0.3358208955223881,6801.689627064272,0.15,150,5,0.08142857142857143,0.33705555851252117,0.7762601052120248,0.0,587884.3435313723,12930000,0.3181199950631708
mtd_ai,200,0.005033185170827415,0.379746835443038,7313.147183495768,0.2,150,5,0.08142857142857143,0.33705555851252117,0.7762601052120248,0.0,587884.3435313723,12930000,0.3181199950631708
mtd_ai,200,0.005033185170827415,0.42613636363636365,7605.432839474535,0.25,150,5,0.08142857142857143,0.33705555851252117,0.7762601052120248,0.0,587884.3435313723,12930000,0.3181199950631708
mtd_ai,200,0.0050716912033518515,0.32608695652173914,1916.217138648793,0.05,150,5,0.11311111111111112,21.248153801291362,5.543034660327727,0.0,507700.70693802665,9930000,0.8182499615941197
mtd_ai,200,0.0050716912033518515,0.4166666666666667,2885.938492335255,0.1,150,5,0.11311111111111112,21.248153801291362,5.543034660327727,0.0,507700.70693802665,9930000,0.8182499615941197
mtd_ai,200,0.0050716912033518515,0.42452830188679247,4010.575540076804,0.15,150,5,0.11311111111111112,21.248153801291362,5.543034660327727,0.0,507700.70693802665,9930000,0.8182499615941197
mtd_ai,200,0.0050716912033518515,0.4411764705882353,5080.647688260946,0.2,150,5,0.11311111111111112,21.248153801291362,5.543034660327727,0.0,507700.70693802665,9930000,0.8182499615941197
mtd_ai,200,0.0050716912033518515,0.4807692307692308,5579.025824543782,0.25,150,5,0.11311111111111112,21.248153801291362,5.543034660327727,0.0,507700.70693802665,9930000,0.8182499615941197
mtd_ai,200,0.005063193012533804,0.3,2760.0352030985496,0.05,150,5,0.26262626262626265,0.3773896108078002,1.4855931027201943,0.0,579372.0732900236,20370000,1.2630899873329327
mtd_ai,200,0.005063193012533804,0.38461538461538464,3791.334716789005,0.1,150,5,0.26262626262626265,0.3773896108078002,1.4855931027201943,0.0,579372.0732900236,20370000,1.2630899873329327
mtd_ai,200,0.005063193012533804,0.375,6174.958642334915,0.15,150,5,0.26262626262626265,0.3773896108078002,1.4855931027201943,0.0,579372.0732900236,20370000,1.2630899873329327
mtd_ai,200,0.005063193012533804,0.410958904109589,6854.174006793248,0.2,150,5,0.26262626262626265,0.3773896108078002,1.4855931027201943,0.0,579372.0732900236,20370000,1.2630899873329327
mtd_ai,200,0.005063193012533804,0.4573170731707317,7137.733055807605,0.25,150,5,0.26262626262626265,0.3773896108078002,1.4855931027201943,0.0,579372.0732900236,20370000,1.2630899873329327
mtd_ai,200,0.0050571711948476416,0.2777777777777778,3165.187056977304,0.05,150,5,0.14111111111111113,0.5499468919881633,1.678994674765796,0.0,606596.7364358365,14730000,0.30409504543058574
mtd_ai,200,0.0050571711948476416,0.35714285714285715,4304.827410830772,0.1,150,5,0.14111111111111113,0.5499468919881633,1.678994674765796,0.0,606596.7364358365,14730000,0.30409504543058574
mtd_ai,200,0.0050571711948476416,0.4326923076923077,4994.236400146436,0.15,150,5,0.14111111111111113,0.5499468919881633,1.678994674765796,0.0,606596.7364358365,14730000,0.30409504543058574
mtd_ai,200,0.0050571711948476416,0.4411764705882353,6239.498819202367,0.2,150,5,0.14111111111111113,0.5499468919881633,1.678994674765796,0.0,606596.7364358365,14730000,0.30409504543058574
mtd_ai,200,0.0050571711948476416,0.47468354430379744,6638.793642150549,0.25,150,5,0.14111111111111113,0.5499468919881633,1.678994674765796,0.0,606596.7364358365,14730000,0.30409504543058574
mtd_ai,200,0.005047347082327434,0.375,1781.7990114697368,0.05,150,5,0.1,0.007346154712176582,0.022422985314537378,0.0,552664.6807970848,17475000,0.9331949811894447
mtd_ai,200,0.005047347082327434,0.45454545454545453,2501.0727691695224,0.1,150,5,0.1,0.007346154712176582,0.022422985314537378,0.0,552664.6807970848,17475000,0.9331949811894447
mtd_ai,200,0.005047347082327434,0.45,4514.317046081636,0.15,150,5,0.1,0.007346154712176582,0.022422985314537378,0.0,552664.6807970848,17475000,0.9331949811894447
mtd_ai,200,0.005047347082327434,0.46875,5294.040262390028,0.2,150,5,0.1,0.007346154712176582,0.022422985314537378,0.0,552664.6807970848,17475000,0.9331949811894447
mtd_ai,200,0.005047347082327434,0.4934210526315789,6196.4303824675735,0.25,150,5,0.1,0.007346154712176582,0.022422985314537378,0.0,552664.6807970848,17475000,0.9331949811894447
mtd_ai,200,0.005070626199718662,0.3409090909090909,1985.1810744466752,0.05,150,5,0.16194444444444442,1.8117956331057148,4.420094221134608,0.0,597106.0783191522,19170000,0.30151502578519285
mtd_ai,200,0.005070626199718662,0.40540540540540543,2826.404139785798,0.1,150,5,0.16194444444444442,1.8117956331057148,4.420094221134608,0.0,597106.0783191522,19170000,0.30151502578519285
mtd_ai,200,0.005070626199718662,0.46875,3472.315668889856,0.15,150,5,0.16194444444444442,1.8117956331057148,4.420094221134608,0.0,597106.0783191522,19170000,0.30151502578519285
mtd_ai,200,0.005070626199718662,0.47619047619047616,4766.742089079535,0.2,150,5,0.16194444444444442,1.8117956331057148,4.420094221134608,0.0,597106.0783191522,19170000,0.30151502578519285
mtd_ai,200,0.005070626199718662,0.47468354430379744,6150.427290066849,0.25,150,5,0.16194444444444442,1.8117956331057148,4.420094221134608,0.0,597106.0783191522,19170000,0.30151502578519285
mtd_ai,200,0.0050418780150282595,0.26785714285714285,2757.865869215625,0.05,150,5,0.1452222222222222,1.504814677731212,4.0903383611184765,0.0,819411.6129452427,21195000,1.5410250256536528
mtd_ai,200,0.0050418780150282595,0.2777777777777778,4670.5707776122745,0.1,150,5,0.1452222222222222,1.504814677731212,4.0903383611184765,0.0,819411.6129452427,21195000,1.5410250256536528
mtd_ai,200,0.0050418780150282595,0.2616279069767442,6622.091869040987,0.15,150,5,0.1452222222222222,1.504814677731212,4.0903383611184765,0.0,819411.6129452427,21195000,1.5410250256536528
mtd_ai,200,0.0050418780150282595,0.29411764705882354,7636.443326002172,0.2,150,5,0.1452222222222222,1.504814677731212,4.0903383611184765,0.0,819411.6129452427,21195000,1.5410250256536528
mtd_ai,200,0.0050418780150282595,0.33482142857142855,8385.84068005696,0.25,150,5,0.1452222222222222,1.504814677731212,4.0903383611184765,0.0,819411.6129452427,21195000,1.5410250256536528
mtd_ai,200,0.005067961280997032,0.39473684210526316,1788.2535912433468,0.05,150,5,0.11166666666666666,1.017025777229141,3.135388227841464,0.0,527583.2462994434,18735000,0.3173699806211516
mtd_ai,200,0.005067961280997032,0.40540540540540543,2840.224999717185,0.1,150,5,0.11166666666666666,1.017025777229141,3.135388227841464,0.0,527583.2462994434,18735000,0.3173699806211516
mtd_ai,200,0.005067961280997032,0.4166666666666667,4729.150013841036,0.15,150,5,0.11166666666666666,1.017025777229141,3.135388227841464,0.0,527583.2462994434,18735000,0.3173699806211516
mtd_ai,200,0.005067961280997032,0.42857142857142855,5691.373318328668,0.2,150,5,0.11166666666666666,1.017025777229141,3.135388227841464,0.0,527583.2462994434,18735000,0.3173699806211516
mtd_ai,200,0.005067961280997032,0.46296296296296297,6523.672704145711,0.25,150,5,0.11166666666666666,1.017025777229141,3.135388227841464,0.0,527583.2462994434,18735000,0.3173699806211516
mtd_ai,200,0.005043714380169373,0.20270270270270271,2623.870109964803,0.05,150,5,0.24305555555555555,0.4336588839189206,1.3212133823288819,0.0,565464.7311575192,14580000,0.31135501340031624
mtd_ai,200,0.005043714380169373,0.2542372881355932,3935.602162545803,0.1,150,5,0.24305555555555555,0.4336588839189206,1.3212133823288819,0.0,565464.7311575192,14580000,0.31135501340031624
mtd_ai,200,0.005043714380169373,0.3125,4537.894532545322,0.15,150,5,0.24305555555555555,0.4336588839189206,1.3212133823288819,0.0,565464.7311575192,14580000,0.31135501340031624
mtd_ai,200,0.005043714380169373,0.35294117647058826,5316.7769983036105,0.2,150,5,0.24305555555555555,0.4336588839189206,1.3212133823288819,0.0,565464.7311575192,14580000,0.31135501340031624
mtd_ai,200,0.005043714380169373,0.3826530612244898,6497.431556656016,0.25,150,5,0.24305555555555555,0.4336588839189206,1.3212133823288819,0.0,565464.7311575192,14580000,0.31135501340031624
mtd_ai,200,0.005080921001111031,0.39473684210526316,2056.5021844462817,0.05,150,5,0.14888888888888888,1.1042817230765143,4.443000297820849,0.0,456005.1371988118,20220000,2.0893799839541316
mtd_ai,200,0.005080921001111031,0.4411764705882353,3269.74390774659,0.1,150,5,0.14888888888888888,1.1042817230765143,4.443000297820849,0.0,456005.1371988118,20220000,2.0893799839541316
mtd_ai,200,0.005080921001111031,0.4787234042553192,4066.1304150323303,0.15,150,5,0.14888888888888888,1.1042817230765143,4.443000297820849,0.0,456005.1371988118,20220000,2.0893799839541316
mtd_ai,200,0.005080921001111031,0.4838709677419355,5048.920902792559,0.2,150,5,0.14888888888888888,1.1042817230765143,4.443000297820849,0.0,456005.1371988118,20220000,2.0893799839541316
mtd_ai,200,0.005080921001111031,0.5208333333333334,5386.339198423024,0.25,150,5,0.14888888888888888,1.1042817230765143,4.443000297820849,0.0,456005.1371988118,20220000,2.0893799839541316
mtd_ai,200,0.005042616848412443,0.39473684210526316,1601.3771714708873,0.05,150,5,0.16666666666666663,0.319986470950625,0.751077208628176,0.0,517931.78485372255,10185000,0.26878498611040413
mtd_ai,200,0.005042616848412443,0.42857142857142855,3116.082750204575,0.1,150,5,0.16666666666666663,0.319986470950625,0.751077208628176,0.0,517931.78485372255,10185000,0.26878498611040413
mtd_ai,200,0.005042616848412443,0.4891304347826087,3663.165066215689,0.15,150,5,0.16666666666666663,0.319986470950625,0.751077208628176,0.0,517931.78485372255,10185000,0.26878498611040413
mtd_ai,200,0.005042616848412443,0.5,4662.628850889506,0.2,150,5,0.16666666666666663,0.319986470950625,0.751077208628176,0.0,517931.78485372255,10185000,0.26878498611040413
mtd_ai,200,0.005042616848412443,0.528169014084507,5286.414038822444,0.25,150,5,0.16666666666666663,0.319986470950625,0.751077208628176,0.0,517931.78485372255,10185000,0.26878498611040413
mtd_ai,200,0.005059549833418043,0.3,2394.3914438335396,0.05,150,5,0.11166666666666666,6.154248601971007,1.0081115220555423,0.0,633533.6849473183,19005000,0.826859992230311
mtd_ai,200,0.005059549833418043,0.2542372881355932,4896.137482353857,0.1,150,5,0.11166666666666666,6.154248601971007,1.0081115220555423,0.0,633533.6849473183,19005000,0.826859992230311
mtd_ai,200,0.005059549833418043,0.30405405405405406,5785.3184413604295,0.15,150,5,0.11166666666666666,6.154248601971007,1.0081115220555423,0.0,633533.6849473183,19005000,0.826859992230311
mtd_ai,200,0.005059549833418043,0.3448275862068966,6479.930467323048,0.2,150,5,0.11166666666666666,6.154248601971007,1.0081115220555423,0.0,633533.6849473183,19005000,0.826859992230311
mtd_ai,200,0.005059549833418043,0.3787878787878788,7120.1870934758135,0.25,150,5,0.11166666666666666,6.154248601971007,1.0081115220555423,0.0,633533.6849473183,19005000,0.826859992230311
mtd_ai,200,0.0050433575456709226,0.35714285714285715,2098.3154354123285,0.05,150,5,0.25,0.6480476523874116,2.4308572594197346,0.0,569405.0180854936,15885000,1.2038699904223904
mtd_ai,200,0.0050433575456709226,0.42857142857142855,3030.69147009167,0.1,150,5,0.25,0.6480476523874116,2.4308572594197346,0.0,569405.0180854936,15885000,1.2038699904223904
mtd_ai,200,0.0050433575456709226,0.45,4035.3195647976486,0.15,150,5,0.25,0.6480476523874116,2.4308572594197346,0.0,569405.0180854936,15885000,1.2038699904223904
mtd_ai,200,0.0050433575456709226,0.42857142857142855,5996.431539489062,0.2,150,5,0.25,0.6480476523874116,2.4308572594197346,0.0,569405.0180854936,15885000,1.2038699904223904
mtd_ai,200,0.0050433575456709226,0.46875,6629.681857948089,0.25,150,5,0.25,0.6480476523874116,2.4308572594197346,0.0,569405.0180854936,15885000,1.2038699904223904
mtd_ai,200,0.00509407567767147,0.5,1258.2830437149996,0.05,150,5,0.12333333333333334,0.15526122736922132,0.6079828090912951,0.0,429626.7424068207,13440000,0.2347499888855964
mtd_ai,200,0.00509407567767147,0.4838709677419355,2474.562245369221,0.1,150,5,0.12333333333333334,0.15526122736922132,0.6079828090912951,0.0,429626.7424068207,13440000,0.2347499888855964
mtd_ai,200,0.00509407567767147,0.5,3481.8708363823007,0.15,150,5,0.12333333333333334,0.15526122736922132,0.6079828090912951,0.0,429626.7424068207,13440000,0.2347499888855964
mtd_ai,200,0.00509407567767147,0.5172413793103449,4161.6933907418,0.2,150,5,0.12333333333333334,0.15526122736922132,0.6079828090912951,0.0,429626.7424068207,13440000,0.2347499888855964
mtd_ai,200,0.00509407567767147,0.5434782608695652,4759.688103778409,0.25,150,5,0.12333333333333334,0.15526122736922132,0.6079828090912951,0.0,429626.7424068207,13440000,0.2347499888855964
mtd_ai,200,0.00506357294216451,0.19230769230769232,4749.142410844064,0.05,150,5,0.09666666666666666,1.5136492595434037,0.8010980580900002,0.0,627259.9864053413,14610000,0.815459992736578
mtd_ai,200,0.00506357294216451,0.28846153846153844,5381.378437848745,0.1,150,5,0.09666666666666666,1.5136492595434037,0.8010980580900002,0.0,627259.9864053413,14610000,0.815459992736578
mtd_ai,200,0.00506357294216451,0.36885245901639346,5851.693214199173,0.15,150,5,0.09666666666666666,1.5136492595434037,0.8010980580900002,0.0,627259.9864053413,14610000,0.815459992736578
mtd_ai,200,0.00506357294216451,0.4166666666666667,6401.249576774777,0.2,150,5,0.09666666666666666,1.5136492595434037,0.8010980580900002,0.0,627259.9864053413,14610000,0.815459992736578
mtd_ai,200,0.00506357294216451,0.45180722891566266,7118.274762964989,0.25,150,5,0.09666666666666666,1.5136492595434037,0.8010980580900002,0.0,627259.9864053413,14610000,0.815459992736578
mtd_ai,200,0.00510541751053515,0.4166666666666667,1569.2833023904846,0.05,150,5,0.15789473684210525,0.8633089538384979,1.5787171626223395,0.0,319937.3633893213,6435000,0.18599998438730836
mtd_ai,200,0.00510541751053515,0.45454545454545453,2369.340966223728,0.1,150,5,0.15789473684210525,0.8633089538384979,1.5787171626223395,0.0,319937.3633893213,6435000,0.18599998438730836
mtd_ai,200,0.00510541751053515,0.5232558139534884,2849.501183445778,0.15,150,5,0.15789473684210525,0.8633089538384979,1.5787171626223395,0.0,319937.3633893213,6435000,0.18599998438730836
mtd_ai,200,0.00510541751053515,0.5263157894736842,3722.8036714349514,0.2,150,5,0.15789473684210525,0.8633089538384979,1.5787171626223395,0.0,319937.3633893213,6435000,0.18599998438730836
mtd_ai,200,0.00510541751053515,0.5769230769230769,3994.2123683767354,0.25,150,5,0.15789473684210525,0.8633089538384979,1.5787171626223395,0.0,319937.3633893213,6435000,0.18599998438730836
mtd_ai,200,0.005069061630565279,0.24193548387096775,3457.234435752352,0.05,150,5,0.1,0.5432563890848199,2.3077974572784234,0.0,500611.5354377223,12765000,0.9316350216977298
mtd_ai,200,0.005069061630565279,0.3488372093023256,4215.78180064534,0.1,150,5,0.1,0.5432563890848199,2.3077974572784234,0.0,500611.5354377223,12765000,0.9316350216977298
mtd_ai,200,0.005069061630565279,0.4090909090909091,5132.977848778059,0.15,150,5,0.1,0.5432563890848199,2.3077974572784234,0.0,500611.5354377223,12765000,0.9316350216977298
mtd_ai,200,0.005069061630565279,0.44776119402985076,5744.388219667224,0.2,150,5,0.1,0.5432563890848199,2.3077974572784234,0.0,500611.5354377223,12765000,0.9316350216977298
mtd_ai,200,0.005069061630565279,0.487012987012987,6168.029242976472,0.25,150,5,0.1,0.5432563890848199,2.3077974572784234,0.0,500611.5354377223,12765000,0.9316350216977298
mtd_ai,200,0.005049727454069863,0.3125,2249.1117192276824,0.05,150,5,0.16444444444444445,0.20040692677732447,0.637832404058446,0.0,461485.59063136345,18690000,0.738975012791343
mtd_ai,200,0.005049727454069863,0.36585365853658536,3673.762504080826,0.1,150,5,0.16444444444444445,0.20040692677732447,0.637832404058446,0.0,461485.59063136345,18690000,0.738975012791343
mtd_ai,200,0.005049727454069863,0.4326923076923077,4288.445646780004,0.15,150,5,0.16444444444444445,0.20040692677732447,0.637832404058446,0.0,461485.59063136345,18690000,0.738975012791343
mtd_ai,200,0.005049727454069863,0.4838709677419355,4854.650239791848,0.2,150,5,0.16444444444444445,0.20040692677732447,0.637832404058446,0.0,461485.59063136345,18690000,0.738975012791343
mtd_ai,200,0.005049727454069863,0.5208333333333334,5402.6254272439055,0.25,150,5,0.16444444444444445,0.20040692677732447,0.637832404058446,0.0,461485.59063136345,18690000,0.738975012791343
mtd_ai,200,0.005042371016205909,0.25,3107.416971150935,0.05,150,5,0.15,0.8703482370827377,2.14101378157058,0.0,542484.9830438521,17610000,0.7795349811203778
mtd_ai,200,0.005042371016205909,0.3488372093023256,3870.9719166718455,0.1,150,5,0.15,0.8703482370827377,2.14101378157058,0.0,542484.9830438521,17610000,0.7795349811203778
mtd_ai,200,0.005042371016205909,0.4326923076923077,4270.331604117628,0.15,150,5,0.15,0.8703482370827377,2.14101378157058,0.0,542484.9830438521,17610000,0.7795349811203778
mtd_ai,200,0.005042371016205909,0.46875,4906.413327391745,0.2,150,5,0.15,0.8703482370827377,2.14101378157058,0.0,542484.9830438521,17610000,0.7795349811203778
mtd_ai,200,0.005042371016205909,0.4807692307692308,5735.159983850448,0.25,150,5,0.15,0.8703482370827377,2.14101378157058,0.0,542484.9830438521,17610000,0.7795349811203778
mtd_ai,200,0.005063457440213886,0.32608695652173914,2175.970641293738,0.05,150,5,0.12888888888888891,0.6837675112065384,2.9090948551677833,0.0,550277.6118584812,20235000,2.001120036584325
mtd_ai,200,0.005063457440213886,0.3409090909090909,3820.492510074775,0.1,150,5,0.12888888888888891,0.6837675112065384,2.9090948551677833,0.0,550277.6118584812,20235000,2.001120036584325
mtd_ai,200,0.005063457440213886,0.3813559322033898,5185.336154480225,0.15,150,5,0.12888888888888891,0.6837675112065384,2.9090948551677833,0.0,550277.6118584812,20235000,2.001120036584325
mtd_ai,200,0.005063457440213886,0.42857142857142855,5645.660357039708,0.2,150,5,0.12888888888888891,0.6837675112065384,2.9090948551677833,0.0,550277.6118584812,20235000,2.001120036584325
mtd_ai,200,0.005063457440213886,0.44642857142857145,6783.639233225559,0.25,150,5,0.12888888888888891,0.6837675112065384,2.9090948551677833,0.0,550277.6118584812,20235000,2.001120036584325
mtd_ai,200,0.005068699310713056,0.3125,2253.366969616584,0.05,150,5,0.26666666666666666,0.49356275040117975,2.211691940560035,0.0,564382.273488469,11415000,1.2497099727625027
mtd_ai,200,0.005068699310713056,0.3333333333333333,4099.802249987008,0.1,150,5,0.26666666666666666,0.49356275040117975,2.211691940560035,0.0,564382.273488469,11415000,1.2497099727625027
mtd_ai,200,0.005068699310713056,0.39473684210526316,4651.484649705089,0.15,150,5,0.26666666666666666,0.49356275040117975,2.211691940560035,0.0,564382.273488469,11415000,1.2497099727625027
mtd_ai,200,0.005068699310713056,0.43478260869565216,5430.111314352653,0.2,150,5,0.26666666666666666,0.49356275040117975,2.211691940560035,0.0,564382.273488469,11415000,1.2497099727625027
mtd_ai,200,0.005068699310713056,0.4573170731707317,6347.653678667809,0.25,150,5,0.26666666666666666,0.49356275040117975,2.211691940560035,0.0,564382.273488469,11415000,1.2497099727625027
mtd_ai,200,0.005055291165570792,0.35714285714285715,1996.4326141015745,0.05,150,5,0.155,0.2893046372530291,0.9167470034049733,0.0,512378.2485141308,11475000,0.28020002064295113
mtd_ai,200,0.005055291165570792,0.4166666666666667,3035.3927524965225,0.1,150,5,0.155,0.2893046372530291,0.9167470034049733,0.0,512378.2485141308,11475000,0.28020002064295113
mtd_ai,200,0.005055291165570792,0.4787234042553192,3402.9029468134595,0.15,150,5,0.155,0.2893046372530291,0.9167470034049733,0.0,512378.2485141308,11475000,0.28020002064295113
mtd_ai,200,0.005055291165570792,0.46875,4506.3003520927405,0.2,150,5,0.155,0.2893046372530291,0.9167470034049733,0.0,512378.2485141308,11475000,0.28020002064295113
mtd_ai,200,0.005055291165570792,0.5208333333333334,4873.807908592651,0.25,150,5,0.155,0.2893046372530291,0.9167470034049733,0.0,512378.2485141308,11475000,0.28020002064295113
mtd_ai,200,0.005086379090061024,0.3409090909090909,1651.028895442917,0.05,150,5,0.1443333333333333,0.04158518701456494,0.07321667613577194,0.0,488532.92576561857,6975000,1.19245499081444
mtd_ai,200,0.005086379090061024,0.35714285714285715,3328.02664544539,0.1,150,5,0.1443333333333333,0.04158518701456494,0.07321667613577194,0.0,488532.92576561857,6975000,1.19245499081444
mtd_ai,200,0.005086379090061024,0.39473684210526316,3972.1601103822595,0.15,150,5,0.1443333333333333,0.04158518701456494,0.07321667613577194,0.0,488532.92576561857,6975000,1.19245499081444
mtd_ai,200,0.005086379090061024,0.4411764705882353,4499.949750853568,0.2,150,5,0.1443333333333333,0.04158518701456494,0.07321667613577194,0.0,488532.92576561857,6975000,1.19245499081444
mtd_ai,200,0.005086379090061024,0.46875,5358.5895629268925,0.25,150,5,0.1443333333333333,0.04158518701456494,0.07321667613577194,0.0,488532.92576561857,6975000,1.19245499081444
mtd_ai,200,0.005081158750905167,0.3125,2299.453930841203,0.05,150,5,0.13977777777777778,1.3690141355700194,4.5408902664066835,0.0,460802.02474968054,10500000,0.828554987674579
mtd_ai,200,0.005081158750905167,0.29411764705882354,4093.1677750721637,0.1,150,5,0.13977777777777778,1.3690141355700194,4.5408902664066835,0.0,460802.02474968054,10500000,0.828554987674579
mtd_ai,200,0.005081158750905167,0.3629032258064516,4523.92055022331,0.15,150,5,0.13977777777777778,1.3690141355700194,4.5408902664066835,0.0,460802.02474968054,10500000,0.828554987674579
mtd_ai,200,0.005081158750905167,0.4225352112676056,4927.133046519358,0.2,150,5,0.13977777777777778,1.3690141355700194,4.5408902664066835,0.0,460802.02474968054,10500000,0.828554987674579
mtd_ai,200,0.005081158750905167,0.46296296296296297,5450.663705075407,0.25,150,5,0.13977777777777778,1.3690141355700194,4.5408902664066835,0.0,460802.02474968054,10500000,0.828554987674579
mtd_ai,200,0.005039860586191091,0.2777777777777778,2704.174687812453,0.05,150,5,0.14222222222222222,1.609350728311559,3.196850467800137,0.0,587412.8079817557,13155000,0.30373497284017503
mtd_ai,200,0.005039860586191091,0.30612244897959184,4552.062257429579,0.1,150,5,0.14222222222222222,1.609350728311559,3.196850467800137,0.0,587412.8079817557,13155000,0.30373497284017503
mtd_ai,200,0.005039860586191091,0.375,5129.358286189574,0.15,150,5,0.14222222222222222,1.609350728311559,3.196850467800137,0.0,587412.8079817557,13155000,0.30373497284017503
mtd_ai,200,0.005039860586191091,0.40540540540540543,5864.243926743906,0.2,150,5,0.14222222222222222,1.609350728311559,3.196850467800137,0.0,587412.8079817557,13155000,0.30373497284017503
mtd_ai,200,0.005039860586191091,0.45180722891566266,6275.37358584807,0.25,150,5,0.14222222222222222,1.609350728311559,3.196850467800137,0.0,587412.8079817557,13155000,0.30373497284017503
mtd_ai,200,0.0050440863381916515,0.26785714285714285,2689.797619390886,0.05,150,5,0.15622222222222223,0.3885715708629755,1.6943428279646793,0.0,543450.3757564252,15382500,0.28054502326995134
mtd_ai,200,0.0050440863381916515,0.3488372093023256,3734.091879382301,0.1,150,5,0.15622222222222223,0.3885715708629755,1.6943428279646793,0.0,543450.3757564252,15382500,0.28054502326995134
mtd_ai,200,0.0050440863381916515,0.42452830188679247,4474.142485779458,0.15,150,5,0.15622222222222223,0.3885715708629755,1.6943428279646793,0.0,543450.3757564252,15382500,0.28054502326995134
mtd_ai,200,0.0050440863381916515,0.45454545454545453,5106.856092804033,0.2,150,5,0.15622222222222223,0.3885715708629755,1.6943428279646793,0.0,543450.3757564252,15382500,0.28054502326995134
mtd_ai,200,0.0050440863381916515,0.4934210526315789,5919.526571226811,0.25,150,5,0.15622222222222223,0.3885715708629755,1.6943428279646793,0.0,543450.3757564252,15382500,0.28054502326995134
mtd_ai,200,0.00505609904442519,0.375,1715.9860792269405,0.05,150,5,0.12,0.9000843121081467,1.9391248034108663,0.0,615014.9658600915,20587500,1.25161501346156
mtd_ai,200,0.00505609904442519,0.3191489361702128,4319.00925728451,0.1,150,5,0.12,0.9000843121081467,1.9391248034108663,0.0,615014.9658600915,20587500,1.25161501346156
mtd_ai,200,0.00505609904442519,0.36885245901639346,5540.69291165568,0.15,150,5,0.12,0.9000843121081467,1.9391248034108663,0.0,615014.9658600915,20587500,1.25161501346156
mtd_ai,200,0.00505609904442519,0.379746835443038,6380.314445720058,0.2,150,5,0.12,0.9000843121081467,1.9391248034108663,0.0,615014.9658600915,20587500,1.25161501346156
mtd_ai,200,0.00505609904442519,0.42613636363636365,6795.769275723487,0.25,150,5,0.12,0.9000843121081467,1.9391248034108663,0.0,615014.9658600915,20587500,1.25161501346156
mtd_ai,200,0.005045352906097931,0.3409090909090909,2189.1349653267225,0.05,150,5,0.14166666666666666,0.8805423840350518,3.2055597843060837,0.0,557392.8739095797,12945000,0.3352799598360434
mtd_ai,200,0.005045352906097931,0.36585365853658536,3580.6929671470734,0.1,150,5,0.14166666666666666,0.8805423840350518,3.2055597843060837,0.0,557392.8739095797,12945000,0.3352799598360434
mtd_ai,200,0.005045352906097931,0.42452830188679247,4033.807921340829,0.15,150,5,0.14166666666666666,0.8805423840350518,3.2055597843060837,0.0,557392.8739095797,12945000,0.3352799598360434
mtd_ai,200,0.005045352906097931,0.379746835443038,5927.549983346221,0.2,150,5,0.14166666666666666,0.8805423840350518,3.2055597843060837,0.0,557392.8739095797,12945000,0.3352799598360434
mtd_ai,200,0.005045352906097931,0.42134831460674155,6277.441524969665,0.25,150,5,0.14166666666666666,0.8805423840350518,3.2055597843060837,0.0,557392.8739095797,12945000,0.3352799598360434
mtd_ai,200,0.005036182644142718,0.32608695652173914,2282.0506630898763,0.05,150,5,0.12866666666666668,0.6664021673433523,2.739394336417647,4.689655172413793,576441.4787348186,13747500,1.1409899918362498
mtd_ai,200,0.005036182644142718,0.36585365853658536,3527.222154102594,0.1,150,5,0.12866666666666668,0.6664021673433523,2.739394336417647,4.689655172413793,576441.4787348186,13747500,1.1409899918362498
mtd_ai,200,0.005036182644142718,0.4017857142857143,4143.246101447579,0.15,150,5,0.12866666666666668,0.6664021673433523,2.739394336417647,4.689655172413793,576441.4787348186,13747500,1.1409899918362498
mtd_ai,200,0.005036182644142718,0.4166666666666667,4929.491939579957,0.2,150,5,0.12866666666666668,0.6664021673433523,2.739394336417647,4.689655172413793,576441.4787348186,13747500,1.1409899918362498
mtd_ai,200,0.005036182644142718,0.3787878787878788,6362.802752534053,0.25,150,5,0.12866666666666668,0.6664021673433523,2.739394336417647,4.689655172413793,576441.4787348186,13747500,1.1409899918362498
mtd_ai,200,0.005056121865260755,0.25862068965517243,2751.017637604102,0.05,150,5,0.04666666666666667,0.028792591429233984,0.08003179959638586,0.0,737062.5959374872,16995000,0.8447400061413646
mtd_ai,200,0.005056121865260755,0.25862068965517243,5198.572008729247,0.1,150,5,0.04666666666666667,0.028792591429233984,0.08003179959638586,0.0,737062.5959374872,16995000,0.8447400061413646
mtd_ai,200,0.005056121865260755,0.31690140845070425,5950.783772182163,0.15,150,5,0.04666666666666667,0.028792591429233984,0.08003179959638586,0.0,737062.5959374872,16995000,0.8447400061413646
mtd_ai,200,0.005056121865260755,0.32608695652173914,6875.086560800641,0.2,150,5,0.04666666666666667,0.028792591429233984,0.08003179959638586,0.0,737062.5959374872,16995000,0.8447400061413646
mtd_ai,200,0.005056121865260755,0.3605769230769231,7686.505661412695,0.25,150,5,0.04666666666666667,0.028792591429233984,0.08003179959638586,0.0,737062.5959374872,16995000,0.8447400061413646
mtd_ai,200,0.00507114570926627,0.375,1846.177310373375,0.05,150,5,0.19416666666666665,0.29208993103518804,1.2649389890306626,0.0,423797.747439429,12930000,0.572114999522455
mtd_ai,200,0.00507114570926627,0.4411764705882353,2636.83095090227,0.1,150,5,0.19416666666666665,0.29208993103518804,1.2649389890306626,0.0,423797.747439429,12930000,0.572114999522455
mtd_ai,200,0.00507114570926627,0.5113636363636364,3061.0548810865494,0.15,150,5,0.19416666666666665,0.29208993103518804,1.2649389890306626,0.0,423797.747439429,12930000,0.572114999522455
mtd_ai,200,0.00507114570926627,0.5660377358490566,3382.398134341284,0.2,150,5,0.19416666666666665,0.29208993103518804,1.2649389890306626,0.0,423797.747439429,12930000,0.572114999522455
mtd_ai,200,0.00507114570926627,0.5769230769230769,3950.60566186034,0.25,150,5,0.19416666666666665,0.29208993103518804,1.2649389890306626,0.0,423797.747439429,12930000,0.572114999522455
mtd_ai,200,0.005038399662132626,0.35714285714285715,1920.3712083958171,0.05,150,5,0.14222222222222222,0.35451884547277296,1.4153650891174425,0.0,614852.3161381149,22125000,0.8662649692269042
mtd_ai,200,0.005038399662132626,0.40540540540540543,3334.540637502079,0.1,150,5,0.14222222222222222,0.35451884547277296,1.4153650891174425,0.0,614852.3161381149,22125000,0.8662649692269042
mtd_ai,200,0.005038399662132626,0.3813559322033898,5549.287656662875,0.15,150,5,0.14222222222222222,0.35451884547277296,1.4153650891174425,0.0,614852.3161381149,22125000,0.8662649692269042
mtd_ai,200,0.005038399662132626,0.410958904109589,6212.200900404583,0.2,150,5,0.14222222222222222,0.35451884547277296,1.4153650891174425,0.0,614852.3161381149,22125000,0.8662649692269042
mtd_ai,200,0.005038399662132626,0.44642857142857145,6631.432801721077,0.25,150,5,0.14222222222222222,0.35451884547277296,1.4153650891174425,0.0,614852.3161381149,22125000,0.8662649692269042
mtd_ai,200,0.005071300965611616,0.2777777777777778,2451.691626480915,0.05,150,5,0.11333333333333333,0.41724417019408594,1.2902126012560322,0.0,585211.8403331614,17610000,0.8478449861286208
mtd_ai,200,0.005071300965611616,0.36585365853658536,3532.2128664543056,0.1,150,5,0.11333333333333333,0.41724417019408594,1.2902126012560322,0.0,585211.8403331614,17610000,0.8478449861286208
mtd_ai,200,0.005071300965611616,0.4411764705882353,4195.712741645446,0.15,150,5,0.11333333333333333,0.41724417019408594,1.2902126012560322,0.0,585211.8403331614,17610000,0.8478449861286208
mtd_ai,200,0.005071300965611616,0.4918032786885246,4885.985285888586,0.2,150,5,0.11333333333333333,0.41724417019408594,1.2902126012560322,0.0,585211.8403331614,17610000,0.8478449861286208
mtd_ai,200,0.005071300965611616,0.4934210526315789,6366.68273589375,0.25,150,5,0.11333333333333333,0.41724417019408594,1.2902126012560322,0.0,585211.8403331614,17610000,0.8478449861286208
mtd_ai,200,0.0050708817385381145,0.32608695652173914,2524.9305631987327,0.05,150,5,0.11777777777777776,0.2666497546634537,1.0226498693086257,0.0,503716.7842372315,16080000,0.2454150002449751
mtd_ai,200,0.0050708817385381145,0.39473684210526316,3750.8312235108624,0.1,150,5,0.11777777777777776,0.2666497546634537,1.0226498693086257,0.0,503716.7842372315,16080000,0.2454150002449751
mtd_ai,200,0.0050708817385381145,0.46875,4455.019608909697,0.15,150,5,0.11777777777777776,0.2666497546634537,1.0226498693086257,0.0,503716.7842372315,16080000,0.2454150002449751
mtd_ai,200,0.0050708817385381145,0.5263157894736842,4845.75525743625,0.2,150,5,0.11777777777777776,0.2666497546634537,1.0226498693086257,0.0,503716.7842372315,16080000,0.2454150002449751
mtd_ai,200,0.0050708817385381145,0.5597014925373134,5371.291460033897,0.25,150,5,0.11777777777777776,0.2666497546634537,1.0226498693086257,0.0,503716.7842372315,16080000,0.2454150002449751
mtd_ai,200,0.005059159433235115,0.3125,2999.6595669623493,0.05,150,5,0.2,1.495359835817253,4.316875840376311,0.0,594208.8302315777,14550000,0.6122549821157008
mtd_ai,200,0.005059159433235115,0.3488372093023256,4434.017465751229,0.1,150,5,0.2,1.495359835817253,4.316875840376311,0.0,594208.8302315777,14550000,0.6122549821157008
mtd_ai,200,0.005059159433235115,0.42452830188679247,4955.88225228428,0.15,150,5,0.2,1.495359835817253,4.316875840376311,0.0,594208.8302315777,14550000,0.6122549821157008
mtd_ai,200,0.005059159433235115,0.45454545454545453,5739.36050300741,0.2,150,5,0.2,1.495359835817253,4.316875840376311,0.0,594208.8302315777,14550000,0.6122549821157008
mtd_ai,200,0.005059159433235115,0.46296296296296297,6615.184715858805,0.25,150,5,0.2,1.495359835817253,4.316875840376311,0.0,594208.8302315777,14550000,0.6122549821157008
mtd_ai,200,0.005043062178754371,0.28846153846153844,2402.8793261086767,0.05,150,5,0.12333333333333334,0.2068137878832819,0.40109848922633096,0.0,567234.838092513,16882500,0.31036498839966953
mtd_ai,200,0.005043062178754371,0.32608695652173914,3461.237046884988,0.1,150,5,0.12333333333333334,0.2068137878832819,0.40109848922633096,0.0,567234.838092513,16882500,0.31036498839966953
mtd_ai,200,0.005043062178754371,0.39473684210526316,4087.618164612552,0.15,150,5,0.12333333333333334,0.2068137878832819,0.40109848922633096,0.0,567234.838092513,16882500,0.31036498839966953
mtd_ai,200,0.005043062178754371,0.42857142857142855,5017.852158585635,0.2,150,5,0.12333333333333334,0.2068137878832819,0.40109848922633096,0.0,567234.838092513,16882500,0.31036498839966953
mtd_ai,200,0.005043062178754371,0.44642857142857145,5703.083178505662,0.25,150,5,0.12333333333333334,0.2068137878832819,0.40109848922633096,0.0,567234.838092513,16882500,0.31036498839966953
mtd_ai,200,0.00506437817507774,0.2777777777777778,3083.4216601551407,0.05,150,5,0.13777777777777778,1.344558924362202,3.068470337507046,0.0,567518.7551129477,14422500,0.772589971893467
mtd_ai,200,0.00506437817507774,0.3333333333333333,4723.686488159399,0.1,150,5,0.13777777777777778,1.344558924362202,3.068470337507046,0.0,567518.7551129477,14422500,0.772589971893467
mtd_ai,200,0.00506437817507774,0.4017857142857143,5553.9693508096625,0.15,150,5,0.13777777777777778,1.344558924362202,3.068470337507046,0.0,567518.7551129477,14422500,0.772589971893467
mtd_ai,200,0.00506437817507774,0.4225352112676056,6315.881458262969,0.2,150,5,0.13777777777777778,1.344558924362202,3.068470337507046,0.0,567518.7551129477,14422500,0.772589971893467
mtd_ai,200,0.00506437817507774,0.46875,6584.940210196377,0.25,150,5,0.13777777777777778,1.344558924362202,3.068470337507046,0.0,567518.7551129477,14422500,0.772589971893467
mtd_ai,200,0.005063427649335875,0.5357142857142857,1223.3187723098772,0.05,150,5,0.10666666666666667,1.2513944703864153,4.834142368894397,0.0,427287.8590387061,11160000,0.7013700233073905
mtd_ai,200,0.005063427649335875,0.46875,2688.434425587806,0.1,150,5,0.10666666666666667,1.2513944703864153,4.834142368894397,0.0,427287.8590387061,11160000,0.7013700233073905
mtd_ai,200,0.005063427649335875,0.5232558139534884,3347.022099293562,0.15,150,5,0.10666666666666667,1.2513944703864153,4.834142368894397,0.0,427287.8590387061,11160000,0.7013700233073905
mtd_ai,200,0.005063427649335875,0.5454545454545454,4092.276007579002,0.2,150,5,0.10666666666666667,1.2513944703864153,4.834142368894397,0.0,427287.8590387061,11160000,0.7013700233073905
mtd_ai,200,0.005063427649335875,0.5859375,4394.714702359375,0.25,150,5,0.10666666666666667,1.2513944703864153,4.834142368894397,0.0,427287.8590387061,11160000,0.7013700233073905
mtd_ai,200,0.005071933917871077,0.5769230769230769,1336.9684068070542,0.05,150,5,0.1334814814814815,0.5046967356555048,0.9003120700781194,0.0,528616.2000025857,8505000,0.6859799759695306
mtd_ai,200,0.005071933917871077,0.6,1990.1808986715428,0.1,150,5,0.1334814814814815,0.5046967356555048,0.9003120700781194,0.0,528616.2000025857,8505000,0.6859799759695306
mtd_ai,200,0.005071933917871077,0.5625,3112.1296390701923,0.15,150,5,0.1334814814814815,0.5046967356555048,0.9003120700781194,0.0,528616.2000025857,8505000,0.6859799759695306
mtd_ai,200,0.005071933917871077,0.5263157894736842,4509.765486583012,0.2,150,5,0.1334814814814815,0.5046967356555048,0.9003120700781194,0.0,528616.2000025857,8505000,0.6859799759695306
mtd_ai,200,0.005071933917871077,0.5357142857142857,5445.36389139112,0.25,150,5,0.1334814814814815,0.5046967356555048,0.9003120700781194,0.0,528616.2000025857,8505000,0.6859799759695306
mtd_ai,200,0.005040514019430443,0.2777777777777778,2748.0740548965296,0.05,150,5,0.17666666666666667,0.23721758929886583,0.6780064301403192,0.0,613237.0523770519,20820000,0.29659498832188547
mtd_ai,200,0.005040514019430443,0.39473684210526316,3463.898989896418,0.1,150,5,0.17666666666666667,0.23721758929886583,0.6780064301403192,0.0,613237.0523770519,20820000,0.29659498832188547
mtd_ai,200,0.005040514019430443,0.4090909090909091,4763.985451449405,0.15,150,5,0.17666666666666667,0.23721758929886583,0.6780064301403192,0.0,613237.0523770519,20820000,0.29659498832188547
mtd_ai,200,0.005040514019430443,0.43478260869565216,5704.0284864594,0.2,150,5,0.17666666666666667,0.23721758929886583,0.6780064301403192,0.0,613237.0523770519,20820000,0.29659498832188547
mtd_ai,200,0.005040514019430443,0.436046511627907,6551.308729773782,0.25,150,5,0.17666666666666667,0.23721758929886583,0.6780064301403192,0.0,613237.0523770519,20820000,0.29659498832188547
mtd_ai,200,0.005046040724490601,0.4166666666666667,1608.0776762308549,0.05,150,5,0.13777777777777778,1.0892623921582694,4.111094710545035,0.0,489035.5891121569,12975000,0.7770900236209854
mtd_ai,200,0.005046040724490601,0.4166666666666667,3496.826810640406,0.1,150,5,0.13777777777777778,1.0892623921582694,4.111094710545035,0.0,489035.5891121569,12975000,0.7770900236209854
mtd_ai,200,0.005046040724490601,0.5,4129.2405226967785,0.15,150,5,0.13777777777777778,1.0892623921582694,4.111094710545035,0.0,489035.5891121569,12975000,0.7770900236209854
mtd_ai,200,0.005046040724490601,0.5172413793103449,4701.009847705258,0.2,150,5,0.13777777777777778,1.0892623921582694,4.111094710545035,0.0,489035.5891121569,12975000,0.7770900236209854
mtd_ai,200,0.005046040724490601,0.5136986301369864,5424.210720400356,0.25,150,5,0.13777777777777778,1.0892623921582694,4.111094710545035,0.0,489035.5891121569,12975000,0.7770900236209854
mtd_ai,200,0.005046345245182399,0.375,1805.7863897473003,0.05,150,5,0.1,1.646570017977936,5.370303434966398,0.0,598861.9278641822,13095000,0.7136249943869188
mtd_ai,200,0.005046345245182399,0.3409090909090909,3747.5990711781296,0.1,150,5,0.1,1.646570017977936,5.370303434966398,0.0,598861.9278641822,13095000,0.7136249943869188
mtd_ai,200,0.005046345245182399,0.3629032258064516,5586.746152567979,0.15,150,5,0.1,1.646570017977936,5.370303434966398,0.0,598861.9278641822,13095000,0.7136249943869188
mtd_ai,200,0.005046345245182399,0.410958904109589,6044.465982558344,0.2,150,5,0.1,1.646570017977936,5.370303434966398,0.0,598861.9278641822,13095000,0.7136249943869188
mtd_ai,200,0.005046345245182399,0.45180722891566266,6558.444578439143,0.25,150,5,0.1,1.646570017977936,5.370303434966398,0.0,598861.9278641822,13095000,0.7136249943869188
mtd_ai,200,0.005044750680019775,0.3125,1936.2266917297752,0.05,150,5,0.125,0.190635008720432,0.6575164408257743,-4.785714285714286,550276.2734037994,14625000,1.549425019766204
mtd_ai,200,0.005044750680019775,0.40540540540540543,2979.837613941985,0.1,150,5,0.125,0.190635008720432,0.6575164408257743,-4.785714285714286,550276.2734037994,14625000,1.549425019766204
mtd_ai,200,0.005044750680019775,0.4090909090909091,4540.379492118281,0.15,150,5,0.125,0.190635008720432,0.6575164408257743,-4.785714285714286,550276.2734037994,14625000,1.549425019766204
mtd_ai,200,0.005044750680019775,0.42857142857142855,5492.820670866836,0.2,150,5,0.125,0.190635008720432,0.6575164408257743,-4.785714285714286,550276.2734037994,14625000,1.549425019766204
mtd_ai,200,0.005044750680019775,0.4807692307692308,5746.93411383209,0.25,150,5,0.125,0.190635008720432,0.6575164408257743,-4.785714285714286,550276.2734037994,14625000,1.549425019766204
mtd_ai,200,0.005057025271875629,0.4166666666666667,1325.655257624202,0.05,150,5,0.15666666666666668,1.0969226154850098,3.0732862792473017,7.066666666666666,437202.6435240469,7567500,0.24859501572791487
mtd_ai,200,0.005057025271875629,0.5,2182.651611600074,0.1,150,5,0.15666666666666668,1.0969226154850098,3.0732862792473017,7.066666666666666,437202.6435240469,7567500,0.24859501572791487
mtd_ai,200,0.005057025271875629,0.5,3129.861970361698,0.15,150,5,0.15666666666666668,1.0969226154850098,3.0732862792473017,7.066666666666666,437202.6435240469,7567500,0.24859501572791487
mtd_ai,200,0.005057025271875629,0.5454545454545454,3646.421754656604,0.2,150,5,0.15666666666666668,1.0969226154850098,3.0732862792473017,7.066666666666666,437202.6435240469,7567500,0.24859501572791487
mtd_ai,200,0.005057025271875629,0.528169014084507,4384.64425139517,0.25,150,5,0.15666666666666668,1.0969226154850098,3.0732862792473017,7.066666666666666,437202.6435240469,7567500,0.24859501572791487
mtd_ai,200,0.00507157468476944,0.22727272727272727,3770.1522076144693,0.05,150,5,0.14603174603174607,0.5553859084224827,1.1681140037643274,0.0,570436.1817612832,14505000,0.7541400147601962
mtd_ai,200,0.00507157468476944,0.32608695652173914,4612.000649002866,0.1,150,5,0.14603174603174607,0.5553859084224827,1.1681140037643274,0.0,570436.1817612832,14505000,0.7541400147601962
mtd_ai,200,0.00507157468476944,0.4166666666666667,5144.268394894572,0.15,150,5,0.14603174603174607,0.5553859084224827,1.1681140037643274,0.0,570436.1817612832,14505000,0.7541400147601962
mtd_ai,200,0.00507157468476944,0.4411764705882353,6127.2584692212085,0.2,150,5,0.14603174603174607,0.5553859084224827,1.1681140037643274,0.0,570436.1817612832,14505000,0.7541400147601962
mtd_ai,200,0.00507157468476944,0.487012987012987,6464.474411938936,0.25,150,5,0.14603174603174607,0.5553859084224827,1.1681140037643274,0.0,570436.1817612832,14505000,0.7541400147601962
mtd_ai,200,0.00505913755035237,0.35714285714285715,1779.3282940849024,0.05,150,5,0.10666666666666667,0.8292647369844168,3.6384875127688523,0.0,449119.13111034903,14205000,0.278505016467534
mtd_ai,200,0.00505913755035237,0.39473684210526316,2957.0247431068055,0.1,150,5,0.10666666666666667,0.8292647369844168,3.6384875127688523,0.0,449119.13111034903,14205000,0.278505016467534
mtd_ai,200,0.00505913755035237,0.45,3905.0551032166613,0.15,150,5,0.10666666666666667,0.8292647369844168,3.6384875127688523,0.0,449119.13111034903,14205000,0.278505016467534
mtd_ai,200,0.00505913755035237,0.4838709677419355,4395.188287275775,0.2,150,5,0.10666666666666667,0.8292647369844168,3.6384875127688523,0.0,449119.13111034903,14205000,0.278505016467534
mtd_ai,200,0.00505913755035237,0.5,5092.159628155385,0.25,150,5,0.10666666666666667,0.8292647369844168,3.6384875127688523,0.0,449119.13111034903,14205000,0.278505016467534
mtd_ai,200,0.005063885106906193,0.25,3462.213762411471,0.05,150,5,0.10444444444444444,0.9266040480480621,3.799494152981302,0.0,603595.6637315855,21870000,0.8018699852982536
mtd_ai,200,0.005063885106906193,0.28846153846153844,5178.465376053371,0.1,150,5,0.10444444444444444,0.9266040480480621,3.799494152981302,0.0,603595.6637315855,21870000,0.8018699852982536
mtd_ai,200,0.005063885106906193,0.35714285714285715,6189.779653252644,0.15,150,5,0.10444444444444444,0.9266040480480621,3.799494152981302,0.0,603595.6637315855,21870000,0.8018699852982536
mtd_ai,200,0.005063885106906193,0.39473684210526316,6589.647409584158,0.2,150,5,0.10444444444444444,0.9266040480480621,3.799494152981302,0.0,603595.6637315855,21870000,0.8018699852982536
mtd_ai,200,0.005063885106906193,0.436046511627907,6959.40202864097,0.25,150,5,0.10444444444444444,0.9266040480480621,3.799494152981302,0.0,603595.6637315855,21870000,0.8018699852982536
mtd_ai,200,0.005079976295009186,0.375,1792.6187379186968,0.05,150,5,0.09090909090909091,0.6551795549182606,1.922916957963705,0.0,514274.14949612785,15210000,0.8980799844721332
mtd_ai,200,0.005079976295009186,0.4411764705882353,2943.139789976224,0.1,150,5,0.09090909090909091,0.6551795549182606,1.922916957963705,0.0,514274.14949612785,15210000,0.8980799844721332
mtd_ai,200,0.005079976295009186,0.45,4311.648466029329,0.15,150,5,0.09090909090909091,0.6551795549182606,1.922916957963705,0.0,514274.14949612785,15210000,0.8980799844721332
mtd_ai,200,0.005079976295009186,0.4918032786885246,5045.3950293912485,0.2,150,5,0.09090909090909091,0.6551795549182606,1.922916957963705,0.0,514274.14949612785,15210000,0.8980799844721332
mtd_ai,200,0.005079976295009186,0.5434782608695652,5437.861198371551,0.25,150,5,0.09090909090909091,0.6551795549182606,1.922916957963705,0.0,514274.14949612785,15210000,0.8980799844721332
mtd_ai,200,0.005101071229073362,0.5,1392.957438645109,0.05,150,5,0.13333333333333333,0.6520443794681461,2.2860989128289297,0.0,414992.7699483983,9030000,0.6967349792830646
mtd_ai,200,0.005101071229073362,0.5357142857142857,2154.825667753372,0.1,150,5,0.13333333333333333,0.6520443794681461,2.2860989128289297,0.0,414992.7699483983,9030000,0.6967349792830646
mtd_ai,200,0.005101071229073362,0.6081081081081081,2642.156541519239,0.15,150,5,0.13333333333333333,0.6520443794681461,2.2860989128289297,0.0,414992.7699483983,9030000,0.6967349792830646
mtd_ai,200,0.005101071229073362,0.5660377358490566,4108.630868906779,0.2,150,5,0.13333333333333333,0.6520443794681461,2.2860989128289297,0.0,414992.7699483983,9030000,0.6967349792830646
mtd_ai,200,0.005101071229073362,0.6048387096774194,4538.099179461828,0.25,150,5,0.13333333333333333,0.6520443794681461,2.2860989128289297,0.0,414992.7699483983,9030000,0.6967349792830646
mtd_ai,200,0.005064809509240056,0.3,2760.598909184584,0.05,150,5,0.09822222222222221,0.8458764950400415,3.6270937072212917,0.0,620465.6868904959,18405000,0.2877300343243405
mtd_ai,200,0.005064809509240056,0.375,4169.907369353374,0.1,150,5,0.09822222222222221,0.8458764950400415,3.6270937072212917,0.0,620465.6868904959,18405000,0.2877300343243405
mtd_ai,200,0.005064809509240056,0.4326923076923077,4680.353526514502,0.15,150,5,0.09822222222222221,0.8458764950400415,3.6270937072212917,0.0,620465.6868904959,18405000,0.2877300343243405
mtd_ai,200,0.005064809509240056,0.43478260869565216,5831.993509981412,0.2,150,5,0.09822222222222221,0.8458764950400415,3.6270937072212917,0.0,620465.6868904959,18405000,0.2877300343243405
mtd_ai,200,0.005064809509240056,0.4573170731707317,6762.380832186676,0.25,150,5,0.09822222222222221,0.8458764950400415,3.6270937072212917,0.0,620465.6868904959,18405000,0.2877300343243405
mtd_ai,200,0.005043326887047016,0.25862068965517243,2341.2693612169824,0.05,150,5,0.2,0.22641692761810062,0.9997217468588007,-5.625,619408.9762438164,14670000,0.7654949964489788
mtd_ai,200,0.005043326887047016,0.3409090909090909,3372.6679658377752,0.1,150,5,0.2,0.22641692761810062,0.9997217468588007,-5.625,619408.9762438164,14670000,0.7654949964489788
mtd_ai,200,0.005043326887047016,0.3879310344827586,4417.612507374844,0.15,150,5,0.2,0.22641692761810062,0.9997217468588007,-5.625,619408.9762438164,14670000,0.7654949964489788
mtd_ai,200,0.005043326887047016,0.4225352112676056,5303.1978242925825,0.2,150,5,0.2,0.22641692761810062,0.9997217468588007,-5.625,619408.9762438164,14670000,0.7654949964489788
mtd_ai,200,0.005043326887047016,0.43103448275862066,6240.944097142159,0.25,150,5,0.2,0.22641692761810062,0.9997217468588007,-5.625,619408.9762438164,14670000,0.7654949964489788
mtd_ai,200,0.005041726951488928,0.32608695652173914,2299.190608969324,0.05,150,5,0.12666666666666668,1.4913340224340712,4.084908064564449,0.0,634569.6499895084,14775000,0.9269850037526339
mtd_ai,200,0.005041726951488928,0.375,3227.399958117675,0.1,150,5,0.12666666666666668,1.4913340224340712,4.084908064564449,0.0,634569.6499895084,14775000,0.9269850037526339
mtd_ai,200,0.005041726951488928,0.4411764705882353,3929.2666022417643,0.15,150,5,0.12666666666666668,1.4913340224340712,4.084908064564449,0.0,634569.6499895084,14775000,0.9269850037526339
mtd_ai,200,0.005041726951488928,0.4411764705882353,5677.176327877175,0.2,150,5,0.12666666666666668,1.4913340224340712,4.084908064564449,0.0,634569.6499895084,14775000,0.9269850037526339
mtd_ai,200,0.005041726951488928,0.46296296296296297,6548.905315680365,0.25,150,5,0.12666666666666668,1.4913340224340712,4.084908064564449,0.0,634569.6499895084,14775000,0.9269850037526339
mtd_ai,200,0.005047642048532518,0.4166666666666667,1413.6904014059382,0.05,150,5,0.165,2.295722814503236,4.240732702399605,0.0,569557.6103342021,16200000,1.866750026238151
mtd_ai,200,0.005047642048532518,0.375,2874.7462346487378,0.1,150,5,0.165,2.295722814503236,4.240732702399605,0.0,569557.6103342021,16200000,1.866750026238151
mtd_ai,200,0.005047642048532518,0.39473684210526316,4054.262133006019,0.15,150,5,0.165,2.295722814503236,4.240732702399605,0.0,569557.6103342021,16200000,1.866750026238151
mtd_ai,200,0.005047642048532518,0.4225352112676056,4852.269970951062,0.2,150,5,0.165,2.295722814503236,4.240732702399605,0.0,569557.6103342021,16200000,1.866750026238151
mtd_ai,200,0.005047642048532518,0.45180722891566266,5688.876229507262,0.25,150,5,0.165,2.295722814503236,4.240732702399605,0.0,569557.6103342021,16200000,1.866750026238151
mtd_ai,200,0.005046407131872864,0.3409090909090909,2177.5300311538376,0.05,150,5,0.13533333333333333,0.40802668971227096,1.3162239061177574,0.0,485496.2369050762,17430000,1.103280027746223
mtd_ai,200,0.005046407131872864,0.3488372093023256,3648.662962905424,0.1,150,5,0.13533333333333333,0.40802668971227096,1.3162239061177574,0.0,485496.2369050762,17430000,1.103280027746223
mtd_ai,200,0.005046407131872864,0.4166666666666667,4191.095487438496,0.15,150,5,0.13533333333333333,0.40802668971227096,1.3162239061177574,0.0,485496.2369050762,17430000,1.103280027746223
mtd_ai,200,0.005046407131872864,0.45454545454545453,4841.933892809117,0.2,150,5,0.13533333333333333,0.40802668971227096,1.3162239061177574,0.0,485496.2369050762,17430000,1.103280027746223
mtd_ai,200,0.005046407131872864,0.487012987012987,5463.656499581011,0.25,150,5,0.13533333333333333,0.40802668971227096,1.3162239061177574,0.0,485496.2369050762,17430000,1.103280027746223
mtd_ai,200,0.005034702022760458,0.19736842105263158,4158.204533029268,0.05,150,5,0.11533333333333334,0.017262093960074262,0.07697232885767179,0.0,711435.8439269126,22380000,1.3297499885084108
mtd_ai,200,0.005034702022760458,0.26785714285714285,5801.888721523244,0.1,150,5,0.11533333333333334,0.017262093960074262,0.07697232885767179,0.0,711435.8439269126,22380000,1.3297499885084108
mtd_ai,200,0.005034702022760458,0.3358208955223881,6312.11233862645,0.15,150,5,0.11533333333333334,0.017262093960074262,0.07697232885767179,0.0,711435.8439269126,22380000,1.3297499885084108
mtd_ai,200,0.005034702022760458,0.3614457831325301,7004.650995942255,0.2,150,5,0.11533333333333334,0.017262093960074262,0.07697232885767179,0.0,711435.8439269126,22380000,1.3297499885084108
mtd_ai,200,0.005034702022760458,0.375,7761.456436134449,0.25,150,5,0.11533333333333334,0.017262093960074262,0.07697232885767179,0.0,711435.8439269126,22380000,1.3297499885084108
mtd_ai,200,0.005050994052283056,0.32608695652173914,1931.228690310603,0.05,150,5,0.16233333333333333,0.12738045581199953,0.3518425650136359,0.0,521007.64094380353,16110000,0.2576249884441495
mtd_ai,200,0.005050994052283056,0.375,3098.4120786497488,0.1,150,5,0.16233333333333333,0.12738045581199953,0.3518425650136359,0.0,521007.64094380353,16110000,0.2576249884441495
mtd_ai,200,0.005050994052283056,0.45,3520.721763490562,0.15,150,5,0.16233333333333333,0.12738045581199953,0.3518425650136359,0.0,521007.64094380353,16110000,0.2576249884441495
mtd_ai,200,0.005050994052283056,0.45454545454545453,4474.7669512233315,0.2,150,5,0.16233333333333333,0.12738045581199953,0.3518425650136359,0.0,521007.64094380353,16110000,0.2576249884441495
mtd_ai,200,0.005050994052283056,0.46875,5202.510692375583,0.25,150,5,0.16233333333333333,0.12738045581199953,0.3518425650136359,0.0,521007.64094380353,16110000,0.2576249884441495
mtd_ai,200,0.005033260160243186,0.3409090909090909,2016.2450329348624,0.05,150,5,0.1373333333333333,1.053360117514727,3.9542835294847785,0.0,693492.4197855185,15577500,0.8294400118757039
mtd_ai,200,0.005033260160243186,0.39473684210526316,3156.5129247940285,0.1,150,5,0.1373333333333333,1.053360117514727,3.9542835294847785,0.0,693492.4197855185,15577500,0.8294400118757039
mtd_ai,200,0.005033260160243186,0.4326923076923077,4194.158537928662,0.15,150,5,0.1373333333333333,1.053360117514727,3.9542835294847785,0.0,693492.4197855185,15577500,0.8294400118757039
mtd_ai,200,0.005033260160243186,0.39473684210526316,5517.492331681609,0.2,150,5,0.1373333333333333,1.053360117514727,3.9542835294847785,0.0,693492.4197855185,15577500,0.8294400118757039
mtd_ai,200,0.005033260160243186,0.4032258064516129,7387.402899806626,0.25,150,5,0.1373333333333333,1.053360117514727,3.9542835294847785,0.0,693492.4197855185,15577500,0.8294400118757039
mtd_ai,200,0.005057794437220103,0.32608695652173914,2037.0775158277615,0.05,150,5,0.08,0.8307912829109465,3.6731957273858327,0.0,636409.1490475304,16320000,0.6801749492296949
mtd_ai,200,0.005057794437220103,0.36585365853658536,3568.4041948266004,0.1,150,5,0.08,0.8307912829109465,3.6731957273858327,0.0,636409.1490475304,16320000,0.6801749492296949
mtd_ai,200,0.005057794437220103,0.39473684210526316,5049.504328527373,0.15,150,5,0.08,0.8307912829109465,3.6731957273858327,0.0,636409.1490475304,16320000,0.6801749492296949
mtd_ai,200,0.005057794437220103,0.4225352112676056,5992.305034877261,0.2,150,5,0.08,0.8307912829109465,3.6731957273858327,0.0,636409.1490475304,16320000,0.6801749492296949
mtd_ai,200,0.005057794437220103,0.46296296296296297,6615.850301256742,0.25,150,5,0.08,0.8307912829109465,3.6731957273858327,0.0,636409.1490475304,16320000,0.6801749492296949
mtd_ai,200,0.005058426776856546,0.25862068965517243,3039.1788719637907,0.05,150,5,0.15789473684210525,0.8929983890364114,2.8897957518003294,0.0,637722.2156750449,16980000,0.34100995981134474
mtd_ai,200,0.005058426776856546,0.2727272727272727,4738.756757166389,0.1,150,5,0.15789473684210525,0.8929983890364114,2.8897957518003294,0.0,637722.2156750449,16980000,0.34100995981134474
mtd_ai,200,0.005058426776856546,0.3358208955223881,5460.9732061107425,0.15,150,5,0.15789473684210525,0.8929983890364114,2.8897957518003294,0.0,637722.2156750449,16980000,0.34100995981134474
mtd_ai,200,0.005058426776856546,0.36585365853658536,6636.543997732364,0.2,150,5,0.15789473684210525,0.8929983890364114,2.8897957518003294,0.0,637722.2156750449,16980000,0.34100995981134474
mtd_ai,200,0.005058426776856546,0.4032258064516129,7382.61787918982,0.25,150,5,0.15789473684210525,0.8929983890364114,2.8897957518003294,0.0,637722.2156750449,16980000,0.34100995981134474
mtd_ai,200,0.005067932592614982,0.2777777777777778,2540.0171727354464,0.05,150,5,0.08666666666666667,0.21128771871763144,0.7673786106686958,0.0,515332.6246073872,15870000,0.27120001323055476
mtd_ai,200,0.005067932592614982,0.36585365853658536,3370.1982162243385,0.1,150,5,0.08666666666666667,0.21128771871763144,0.7673786106686958,0.0,515332.6246073872,15870000,0.27120001323055476
mtd_ai,200,0.005067932592614982,0.42452830188679247,4270.165276469885,0.15,150,5,0.08666666666666667,0.21128771871763144,0.7673786106686958,0.0,515332.6246073872,15870000,0.27120001323055476
mtd_ai,200,0.005067932592614982,0.4225352112676056,5221.440813939553,0.2,150,5,0.08666666666666667,0.21128771871763144,0.7673786106686958,0.0,515332.6246073872,15870000,0.27120001323055476
mtd_ai,200,0.005067932592614982,0.44642857142857145,5999.775765215385,0.25,150,5,0.08666666666666667,0.21128771871763144,0.7673786106686958,0.0,515332.6246073872,15870000,0.27120001323055476
mtd_ai,200,0.005073504105144455,0.2777777777777778,2660.7183613779625,0.05,150,5,0.10476190476190476,2.839481938898686,2.5199976940060247,0.0,536707.8064934536,14445000,1.4664449903648347
mtd_ai,200,0.005073504105144455,0.3333333333333333,4369.096579739843,0.1,150,5,0.10476190476190476,2.839481938898686,2.5199976940060247,0.0,536707.8064934536,14445000,1.4664449903648347
mtd_ai,200,0.005073504105144455,0.3879310344827586,5225.35696279074,0.15,150,5,0.10476190476190476,2.839481938898686,2.5199976940060247,0.0,536707.8064934536,14445000,1.4664449903648347
mtd_ai,200,0.005073504105144455,0.4225352112676056,5625.835827582119,0.2,150,5,0.10476190476190476,2.839481938898686,2.5199976940060247,0.0,536707.8064934536,14445000,1.4664449903648347
mtd_ai,200,0.005073504105144455,0.4573170731707317,6001.917335502151,0.25,150,5,0.10476190476190476,2.839481938898686,2.5199976940060247,0.0,536707.8064934536,14445000,1.4664449903648347
mtd_ai,200,0.005052840260197988,0.35714285714285715,2275.704577551568,0.05,150,5,0.1895185185185185,5.00167491383398,6.070083059948641,0.0,431002.7965780551,12022500,0.7662600022740662
mtd_ai,200,0.005052840260197988,0.45454545454545453,3060.8075423803557,0.1,150,5,0.1895185185185185,5.00167491383398,6.070083059948641,0.0,431002.7965780551,12022500,0.7662600022740662
mtd_ai,200,0.005052840260197988,0.4891304347826087,4010.0696313794674,0.15,150,5,0.1895185185185185,5.00167491383398,6.070083059948641,0.0,431002.7965780551,12022500,0.7662600022740662
mtd_ai,200,0.005052840260197988,0.5263157894736842,4435.327876490236,0.2,150,5,0.1895185185185185,5.00167491383398,6.070083059948641,0.0,431002.7965780551,12022500,0.7662600022740662
mtd_ai,200,0.005052840260197988,0.5769230769230769,4721.346165756106,0.25,150,5,0.1895185185185185,5.00167491383398,6.070083059948641,0.0,431002.7965780551,12022500,0.7662600022740662
mtd_ai,200,0.005063419680721576,0.4166666666666667,1262.0766251147393,0.05,150,5,0.1461111111111111,2.9412971987851884,6.844183828894267,0.0,674757.5335450006,21735000,1.4829749590717256
mtd_ai,200,0.005063419680721576,0.5,2157.8968477324834,0.1,150,5,0.1461111111111111,2.9412971987851884,6.844183828894267,0.0,674757.5335450006,21735000,1.4829749590717256
mtd_ai,200,0.005063419680721576,0.45918367346938777,3453.1798358812703,0.15,150,5,0.1461111111111111,2.9412971987851884,6.844183828894267,0.0,674757.5335450006,21735000,1.4829749590717256
mtd_ai,200,0.005063419680721576,0.39473684210526316,5502.752599350633,0.2,150,5,0.1461111111111111,2.9412971987851884,6.844183828894267,0.0,674757.5335450006,21735000,1.4829749590717256
mtd_ai,200,0.005063419680721576,0.4166666666666667,6706.776277850769,0.25,150,5,0.1461111111111111,2.9412971987851884,6.844183828894267,0.0,674757.5335450006,21735000,1.4829749590717256
mtd_ai,200,0.0050507402287711676,0.1875,4094.579520472451,0.05,150,5,0.15444444444444444,0.8384669833497453,0.708028663718405,0.0,702629.1745098819,22365000,0.40510496764909476
mtd_ai,200,0.0050507402287711676,0.23809523809523808,5396.151984056917,0.1,150,5,0.15444444444444444,0.8384669833497453,0.708028663718405,0.0,702629.1745098819,22365000,0.40510496764909476
mtd_ai,200,0.0050507402287711676,0.25862068965517243,6328.3135830108995,0.15,150,5,0.15444444444444444,0.8384669833497453,0.708028663718405,0.0,702629.1745098819,22365000,0.40510496764909476
mtd_ai,200,0.0050507402287711676,0.2830188679245283,7050.167550229875,0.2,150,5,0.15444444444444444,0.8384669833497453,0.708028663718405,0.0,702629.1745098819,22365000,0.40510496764909476
mtd_ai,200,0.0050507402287711676,0.3177966101694915,7618.141542454407,0.25,150,5,0.15444444444444444,0.8384669833497453,0.708028663718405,0.0,702629.1745098819,22365000,0.40510496764909476
mtd_ai,200,0.0050389880223431546,0.25,3503.9064924153586,0.05,150,5,0.14333333333333334,6.867140015341731,3.900682192692376,0.0,606061.4470836777,11730000,0.8421600301517174
mtd_ai,200,0.0050389880223431546,0.3191489361702128,4881.979840678152,0.1,150,5,0.14333333333333334,6.867140015341731,3.900682192692376,0.0,606061.4470836777,11730000,0.8421600301517174
mtd_ai,200,0.0050389880223431546,0.3813559322033898,5607.783729318839,0.15,150,5,0.14333333333333334,6.867140015341731,3.900682192692376,0.0,606061.4470836777,11730000,0.8421600301517174
mtd_ai,200,0.0050389880223431546,0.43478260869565216,6170.451883124362,0.2,150,5,0.14333333333333334,6.867140015341731,3.900682192692376,0.0,606061.4470836777,11730000,0.8421600301517174
mtd_ai,200,0.0050389880223431546,0.4807692307692308,6489.375487387701,0.25,150,5,0.14333333333333334,6.867140015341731,3.900682192692376,0.0,606061.4470836777,11730000,0.8421600301517174
mtd_ai,200,0.005066447387053087,0.32608695652173914,1676.6248967260312,0.05,150,5,0.17857142857142858,1.8883767315800206,3.51776434235963,0.0,516049.7106824914,15870000,0.28813495009671897
mtd_ai,200,0.005066447387053087,0.42857142857142855,2426.398853909866,0.1,150,5,0.17857142857142858,1.8883767315800206,3.51776434235963,0.0,516049.7106824914,15870000,0.28813495009671897
mtd_ai,200,0.005066447387053087,0.4411764705882353,3664.6009636540643,0.15,150,5,0.17857142857142858,1.8883767315800206,3.51776434235963,0.0,516049.7106824914,15870000,0.28813495009671897
mtd_ai,200,0.005066447387053087,0.44776119402985076,5017.4500343499,0.2,150,5,0.17857142857142858,1.8883767315800206,3.51776434235963,0.0,516049.7106824914,15870000,0.28813495009671897
mtd_ai,200,0.005066447387053087,0.4807692307692308,6020.458630210149,0.25,150,5,0.17857142857142858,1.8883767315800206,3.51776434235963,0.0,516049.7106824914,15870000,0.28813495009671897
mtd_ai,200,0.005073784979237711,0.2777777777777778,2572.0138647273197,0.05,150,5,0.11833333333333333,0.45052651656391607,1.5714308599442637,0.0,522736.0566394919,15150000,0.869955014786683
mtd_ai,200,0.005073784979237711,0.375,3413.823082885305,0.1,150,5,0.11833333333333333,0.45052651656391607,1.5714308599442637,0.0,522736.0566394919,15150000,0.869955014786683
mtd_ai,200,0.005073784979237711,0.4166666666666667,4658.533707179327,0.15,150,5,0.11833333333333333,0.45052651656391607,1.5714308599442637,0.0,522736.0566394919,15150000,0.869955014786683
mtd_ai,200,0.005073784979237711,0.44776119402985076,5246.252215136647,0.2,150,5,0.11833333333333333,0.45052651656391607,1.5714308599442637,0.0,522736.0566394919,15150000,0.869955014786683
mtd_ai,200,0.005073784979237711,0.487012987012987,5776.645426936015,0.25,150,5,0.11833333333333333,0.45052651656391607,1.5714308599442637,0.0,522736.0566394919,15150000,0.869955014786683
mtd_ai,200,0.005087521314630205,0.3409090909090909,1836.1896642017016,0.05,150,5,0.15944444444444444,0.1272691970519213,0.5270184531348323,0.0,457247.32683575415,12030000,0.2409750100923702
mtd_ai,200,0.005087521314630205,0.4166666666666667,2917.767863668084,0.1,150,5,0.15944444444444444,0.1272691970519213,0.5270184531348323,0.0,457247.32683575415,12030000,0.2409750100923702
mtd_ai,200,0.005087521314630205,0.46875,3694.006586837454,0.15,150,5,0.15944444444444444,0.1272691970519213,0.5270184531348323,0.0,457247.32683575415,12030000,0.2409750100923702
mtd_ai,200,0.005087521314630205,0.45454545454545453,4525.865394951808,0.2,150,5,0.15944444444444444,0.1272691970519213,0.5270184531348323,0.0,457247.32683575415,12030000,0.2409750100923702
mtd_ai,200,0.005087521314630205,0.4807692307692308,5163.257987015591,0.25,150,5,0.15944444444444444,0.1272691970519213,0.5270184531348323,0.0,457247.32683575415,12030000,0.2409750100923702
mtd_ai,200,0.005080743062259713,0.3,1835.1990604011767,0.05,150,5,0.16666666666666666,0.5637104418221401,1.8645334958514985,0.0,483353.7428592757,11265000,0.6046499940566719
mtd_ai,200,0.005080743062259713,0.375,3129.914341304296,0.1,150,5,0.16666666666666666,0.5637104418221401,1.8645334958514985,0.0,483353.7428592757,11265000,0.6046499940566719
mtd_ai,200,0.005080743062259713,0.42452830188679247,4082.6212091205834,0.15,150,5,0.16666666666666666,0.5637104418221401,1.8645334958514985,0.0,483353.7428592757,11265000,0.6046499940566719
mtd_ai,200,0.005080743062259713,0.42857142857142855,4838.293145456392,0.2,150,5,0.16666666666666666,0.5637104418221401,1.8645334958514985,0.0,483353.7428592757,11265000,0.6046499940566719
mtd_ai,200,0.005080743062259713,0.47468354430379744,5365.517746069349,0.25,150,5,0.16666666666666666,0.5637104418221401,1.8645334958514985,0.0,483353.7428592757,11265000,0.6046499940566719
mtd_ai,200,0.005037899655031826,0.2777777777777778,2561.5228387368315,0.05,150,5,0.15277777777777776,1.9433053789681898,3.6782784531011474,0.0,644344.1685416194,17640000,0.7013400318101048
mtd_ai,200,0.005037899655031826,0.32608695652173914,4357.7080631546505,0.1,150,5,0.15277777777777776,1.9433053789681898,3.6782784531011474,0.0,644344.1685416194,17640000,0.7013400318101048
mtd_ai,200,0.005037899655031826,0.4017857142857143,4892.314598162425,0.15,150,5,0.15277777777777776,1.9433053789681898,3.6782784531011474,0.0,644344.1685416194,17640000,0.7013400318101048
mtd_ai,200,0.005037899655031826,0.4225352112676056,6008.245815003471,0.2,150,5,0.15277777777777776,1.9433053789681898,3.6782784531011474,0.0,644344.1685416194,17640000,0.7013400318101048
mtd_ai,200,0.005037899655031826,0.45180722891566266,7188.372264822306,0.25,150,5,0.15277777777777776,1.9433053789681898,3.6782784531011474,0.0,644344.1685416194,17640000,0.7013400318101048
mtd_ai,200,0.005085125635408157,0.28846153846153844,2405.816055411472,0.05,150,5,0.1708888888888889,1.203664330693624,4.474005008165113,0.0,419849.9263648852,6615000,0.24670501006767154
mtd_ai,200,0.005085125635408157,0.4166666666666667,3091.296439032791,0.1,150,5,0.1708888888888889,1.203664330693624,4.474005008165113,0.0,419849.9263648852,6615000,0.24670501006767154
mtd_ai,200,0.005085125635408157,0.4787234042553192,3535.159160815325,0.15,150,5,0.1708888888888889,1.203664330693624,4.474005008165113,0.0,419849.9263648852,6615000,0.24670501006767154
mtd_ai,200,0.005085125635408157,0.5084745762711864,4350.090468817448,0.2,150,5,0.1708888888888889,1.203664330693624,4.474005008165113,0.0,419849.9263648852,6615000,0.24670501006767154
mtd_ai,200,0.005085125635408157,0.528169014084507,4939.1190490375275,0.25,150,5,0.1708888888888889,1.203664330693624,4.474005008165113,0.0,419849.9263648852,6615000,0.24670501006767154
mtd_ai,200,0.005066770855514879,0.22727272727272727,3821.790079566879,0.05,150,5,0.13433333333333333,1.1507277879931348,3.0447742733880556,0.0,579283.6852085331,14445000,0.3084149822825566
mtd_ai,200,0.005066770855514879,0.3125,4872.652906822328,0.1,150,5,0.13433333333333333,1.1507277879931348,3.0447742733880556,0.0,579283.6852085331,14445000,0.3084149822825566
mtd_ai,200,0.005066770855514879,0.3629032258064516,5992.399857495013,0.15,150,5,0.13433333333333333,1.1507277879931348,3.0447742733880556,0.0,579283.6852085331,14445000,0.3084149822825566
mtd_ai,200,0.005066770855514879,0.410958904109589,6357.151362269795,0.2,150,5,0.13433333333333333,1.1507277879931348,3.0447742733880556,0.0,579283.6852085331,14445000,0.3084149822825566
mtd_ai,200,0.005066770855514879,0.4573170731707317,6680.398861143653,0.25,150,5,0.13433333333333333,1.1507277879931348,3.0447742733880556,0.0,579283.6852085331,14445000,0.3084149822825566
mtd_ai,200,0.005056380050612622,0.39473684210526316,1928.7638976896171,0.05,150,5,0.14666666666666667,0.3330641749729716,1.0717520831844405,0.0,374511.5869518923,16995000,0.7628700375789776,30
mtd_ai,200,0.005056380050612622,0.4166666666666667,3111.2591246161664,0.1,150,5,0.14666666666666667,0.3330641749729716,1.0717520831844405,0.0,374511.5869518923,16995000,0.7628700375789776,30
mtd_ai,200,0.005056380050612622,0.5113636363636364,3589.927758903093,0.15,150,5,0.14666666666666667,0.3330641749729716,1.0717520831844405,0.0,374511.5869518923,16995000,0.7628700375789776,30
mtd_ai,200,0.005056380050612622,0.5263157894736842,4245.395274604354,0.2,150,5,0.14666666666666667,0.3330641749729716,1.0717520831844405,0.0,374511.5869518923,16995000,0.7628700375789776,30
mtd_ai,200,0.005056380050612622,0.5597014925373134,4758.249985518075,0.25,150,5,0.14666666666666667,0.3330641749729716,1.0717520831844405,0.0,374511.5869518923,16995000,0.7628700375789776,30
mtd_ai,200,0.005064551801168314,0.3125,2827.3636671541644,0.05,150,5,0.5,0.5066179525335923,0.8479803052652926,0.0,643161.4217165262,13905000,2.0464949717279524,43
mtd_ai,200,0.005064551801168314,0.38461538461538464,4121.953006945168,0.1,150,5,0.5,0.5066179525335923,0.8479803052652926,0.0,643161.4217165262,13905000,2.0464949717279524,43
mtd_ai,200,0.005064551801168314,0.4166666666666667,5375.376340226512,0.15,150,5,0.5,0.5066179525335923,0.8479803052652926,0.0,643161.4217165262,13905000,2.0464949717279524,43
mtd_ai,200,0.005064551801168314,0.46153846153846156,6268.986205194164,0.2,150,5,0.5,0.5066179525335923,0.8479803052652926,0.0,643161.4217165262,13905000,2.0464949717279524,43
mtd_ai,200,0.005064551801168314,0.4934210526315789,6946.384069518219,0.25,150,5,0.5,0.5066179525335923,0.8479803052652926,0.0,643161.4217165262,13905000,2.0464949717279524,43
mtd_ai,200,0.005068069760894957,0.28846153846153844,2720.7029601226886,0.05,150,5,0.13811111111111113,1.3486570042606671,4.5801312619288295,0.0,646737.7417658867,23145000,1.259174957522191,41
mtd_ai,200,0.005068069760894957,0.3333333333333333,3757.448607941497,0.1,150,5,0.13811111111111113,1.3486570042606671,4.5801312619288295,0.0,646737.7417658867,23145000,1.259174957522191,41
mtd_ai,200,0.005068069760894957,0.375,4744.7062608632095,0.15,150,5,0.13811111111111113,1.3486570042606671,4.5801312619288295,0.0,646737.7417658867,23145000,1.259174957522191,41
mtd_ai,200,0.005068069760894957,0.40540540540540543,5755.561295863419,0.2,150,5,0.13811111111111113,1.3486570042606671,4.5801312619288295,0.0,646737.7417658867,23145000,1.259174957522191,41
mtd_ai,200,0.005068069760894957,0.42613636363636365,6333.888453399224,0.25,150,5,0.13811111111111113,1.3486570042606671,4.5801312619288295,0.0,646737.7417658867,23145000,1.259174957522191,41
mtd_ai,200,0.005032384671342269,0.234375,3218.2375571751063,0.05,150,5,0.15333333333333332,0.4635226569101392,1.483356806131288,0.0,644578.7683443691,17107500,0.8837100147502497,43
mtd_ai,200,0.005032384671342269,0.3125,4470.792273663548,0.1,150,5,0.15333333333333332,0.4635226569101392,1.483356806131288,0.0,644578.7683443691,17107500,0.8837100147502497,43
mtd_ai,200,0.005032384671342269,0.35714285714285715,5779.642876033062,0.15,150,5,0.15333333333333332,0.4635226569101392,1.483356806131288,0.0,644578.7683443691,17107500,0.8837100147502497,43
mtd_ai,200,0.005032384671342269,0.375,6497.08022561864,0.2,150,5,0.15333333333333332,0.4635226569101392,1.483356806131288,0.0,644578.7683443691,17107500,0.8837100147502497,43
mtd_ai,200,0.005032384671342269,0.42134831460674155,6822.34385582397,0.25,150,5,0.15333333333333332,0.4635226569101392,1.483356806131288,0.0,644578.7683443691,17107500,0.8837100147502497,43
mtd_ai,200,0.005047234717456834,0.39473684210526316,1914.4505933700354,0.05,150,5,0.12133333333333333,1.7510679618102898,4.595787444957947,0.0,435103.5715376693,14872500,0.2479199756635353,33
mtd_ai,200,0.005047234717456834,0.40540540540540543,3192.826913436852,0.1,150,5,0.12133333333333333,1.7510679618102898,4.595787444957947,0.0,435103.5715376693,14872500,0.2479199756635353,33
mtd_ai,200,0.005047234717456834,0.4090909090909091,4032.5919691341855,0.15,150,5,0.12133333333333333,1.7510679618102898,4.595787444957947,0.0,435103.5715376693,14872500,0.2479199756635353,33
mtd_ai,200,0.005047234717456834,0.46153846153846156,4605.45897296355,0.2,150,5,0.12133333333333333,1.7510679618102898,4.595787444957947,0.0,435103.5715376693,14872500,0.2479199756635353,33
mtd_ai,200,0.005047234717456834,0.45180722891566266,5312.675058627392,0.25,150,5,0.12133333333333333,1.7510679618102898,4.595787444957947,0.0,435103.5715376693,14872500,0.2479199756635353,33
mtd_ai,200,0.00507088505718324,0.4166666666666667,1799.9627010499685,0.05,150,5,0.13888888888888887,0.23387650925614642,0.9062218922834697,0.0,507580.2491360367,17310000,1.2330750119872391,36
mtd_ai,200,0.00507088505718324,0.39473684210526316,3645.253308594893,0.1,150,5,0.13888888888888887,0.23387650925614642,0.9062218922834697,0.0,507580.2491360367,17310000,1.2330750119872391,36
mtd_ai,200,0.00507088505718324,0.45,4330.1978022314215,0.15,150,5,0.13888888888888887,0.23387650925614642,0.9062218922834697,0.0,507580.2491360367,17310000,1.2330750119872391,36
mtd_ai,200,0.00507088505718324,0.46875,5073.752526642265,0.2,150,5,0.13888888888888887,0.23387650925614642,0.9062218922834697,0.0,507580.2491360367,17310000,1.2330750119872391,36
mtd_ai,200,0.00507088505718324,0.5136986301369864,5743.326494795931,0.25,150,5,0.13888888888888887,0.23387650925614642,0.9062218922834697,0.0,507580.2491360367,17310000,1.2330750119872391,36
mtd_ai,200,0.005043268476585807,0.32608695652173914,2410.0917125630654,0.05,150,5,0.18181818181818182,0.9949122644925533,4.179685644212446,0.0,595701.765500805,11550000,0.31994995661079884,41
mtd_ai,200,0.005043268476585807,0.39473684210526316,3679.8591129996034,0.1,150,5,0.18181818181818182,0.9949122644925533,4.179685644212446,0.0,595701.765500805,11550000,0.31994995661079884,41
mtd_ai,200,0.005043268476585807,0.4326923076923077,4954.295411244153,0.15,150,5,0.18181818181818182,0.9949122644925533,4.179685644212446,0.0,595701.765500805,11550000,0.31994995661079884,41
mtd_ai,200,0.005043268476585807,0.47619047619047616,5413.0878532099905,0.2,150,5,0.18181818181818182,0.9949122644925533,4.179685644212446,0.0,595701.765500805,11550000,0.31994995661079884,41
mtd_ai,200,0.005043268476585807,0.5067567567567568,6461.134960408063,0.25,150,5,0.18181818181818182,0.9949122644925533,4.179685644212446,0.0,595701.765500805,11550000,0.31994995661079884,41
mtd_ai,200,0.005064569272306702,0.39473684210526316,1997.4001745111686,0.05,150,5,0.17233333333333334,1.029078782669839,3.7932232787238576,0.0,456841.67881423776,14295000,0.6658649625023827,31
mtd_ai,200,0.005064569272306702,0.4166666666666667,3545.781051303757,0.1,150,5,0.17233333333333334,1.029078782669839,3.7932232787238576,0.0,456841.67881423776,14295000,0.6658649625023827,31
mtd_ai,200,0.005064569272306702,0.5113636363636364,4000.203258665991,0.15,150,5,0.17233333333333334,1.029078782669839,3.7932232787238576,0.0,456841.67881423776,14295000,0.6658649625023827,31
mtd_ai,200,0.005064569272306702,0.5555555555555556,4320.121150971263,0.2,150,5,0.17233333333333334,1.029078782669839,3.7932232787238576,0.0,456841.67881423776,14295000,0.6658649625023827,31
mtd_ai,200,0.005064569272306702,0.5859375,4816.642713334854,0.25,150,5,0.17233333333333334,1.029078782669839,3.7932232787238576,0.0,456841.67881423776,14295000,0.6658649625023827,31
mtd_ai,200,0.005063128337285015,0.375,1542.770517113373,0.05,150,5,0.12333333333333334,0.915422422555137,3.524531397079989,0.0,527768.7873756889,14355000,0.3071399813052267,40
mtd_ai,200,0.005063128337285015,0.39473684210526316,3559.877801875673,0.1,150,5,0.12333333333333334,0.915422422555137,3.524531397079989,0.0,527768.7873756889,14355000,0.3071399813052267,40
mtd_ai,200,0.005063128337285015,0.4166666666666667,5427.252672465747,0.15,150,5,0.12333333333333334,0.915422422555137,3.524531397079989,0.0,527768.7873756889,14355000,0.3071399813052267,40
mtd_ai,200,0.005063128337285015,0.45454545454545453,5939.001083177853,0.2,150,5,0.12333333333333334,0.915422422555137,3.524531397079989,0.0,527768.7873756889,14355000,0.3071399813052267,40
mtd_ai,200,0.005063128337285015,0.487012987012987,6597.264754316468,0.25,150,5,0.12333333333333334,0.915422422555137,3.524531397079989,0.0,527768.7873756889,14355000,0.3071399813052267,40
mtd_ai,200,0.00504110439510894,0.35714285714285715,1648.2399550483092,0.05,150,5,0.06666666666666667,1.5674477161362443,2.868677636054222,-4.655172413793103,520922.3164914734,15187500,0.2612549636978656,37
mtd_ai,200,0.00504110439510894,0.375,3561.987114483054,0.1,150,5,0.06666666666666667,1.5674477161362443,2.868677636054222,-4.655172413793103,520922.3164914734,15187500,0.2612549636978656,37
mtd_ai,200,0.00504110439510894,0.4411764705882353,4283.187507347447,0.15,150,5,0.06666666666666667,1.5674477161362443,2.868677636054222,-4.655172413793103,520922.3164914734,15187500,0.2612549636978656,37
mtd_ai,200,0.00504110439510894,0.46875,4862.802145985164,0.2,150,5,0.06666666666666667,1.5674477161362443,2.868677636054222,-4.655172413793103,520922.3164914734,15187500,0.2612549636978656,37
mtd_ai,200,0.00504110439510894,0.43103448275862066,5819.884647879932,0.25,150,5,0.06666666666666667,1.5674477161362443,2.868677636054222,-4.655172413793103,520922.3164914734,15187500,0.2612549636978656,37
mtd_ai,200,0.005065949282006185,0.39473684210526316,1795.5198707188504,0.05,150,5,0.14111111111111113,0.8501488346036837,3.775265755421228,0.0,590762.4100780579,16320000,0.2860650129150599,40
mtd_ai,200,0.005065949282006185,0.40540540540540543,3291.866190904999,0.1,150,5,0.14111111111111113,0.8501488346036837,3.775265755421228,0.0,590762.4100780579,16320000,0.2860650129150599,40
mtd_ai,200,0.005065949282006185,0.35714285714285715,4726.218482446402,0.15,150,5,0.14111111111111113,0.8501488346036837,3.775265755421228,0.0,590762.4100780579,16320000,0.2860650129150599,40
mtd_ai,200,0.005065949282006185,0.39473684210526316,5275.071469255165,0.2,150,5,0.14111111111111113,0.8501488346036837,3.775265755421228,0.0,590762.4100780579,16320000,0.2860650129150599,40
mtd_ai,200,0.005065949282006185,0.4032258064516129,6096.56104957199,0.25,150,5,0.14111111111111113,0.8501488346036837,3.775265755421228,0.0,590762.4100780579,16320000,0.2860650129150599,40
mtd_ai,200,0.005044509319484861,0.35714285714285715,1938.0408528406829,0.05,150,5,0.15833333333333333,0.6256719800803204,1.8314096011248353,0.0,503760.7388418929,23385000,1.2537000206066296,36
mtd_ai,200,0.005044509319484861,0.40540540540540543,3072.1118968545397,0.1,150,5,0.15833333333333333,0.6256719800803204,1.8314096011248353,0.0,503760.7388418929,23385000,1.2537000206066296,36
mtd_ai,200,0.005044509319484861,0.45,4099.586241255844,0.15,150,5,0.15833333333333333,0.6256719800803204,1.8314096011248353,0.0,503760.7388418929,23385000,1.2537000206066296,36
mtd_ai,200,0.005044509319484861,0.46875,4980.729772885856,0.2,150,5,0.15833333333333333,0.6256719800803204,1.8314096011248353,0.0,503760.7388418929,23385000,1.2537000206066296,36
mtd_ai,200,0.005044509319484861,0.4934210526315789,5527.899996681275,0.25,150,5,0.15833333333333333,0.6256719800803204,1.8314096011248353,0.0,503760.7388418929,23385000,1.2537000206066296,36
mtd_ai,200,0.005063452263602203,0.22058823529411764,3790.740657605251,0.05,150,5,0.11833333333333333,0.039938452600609936,0.17844162956327547,0.0,599087.1584031207,22830000,0.33811503381002694,43
mtd_ai,200,0.005063452263602203,0.3,5121.69385607995,0.1,150,5,0.11833333333333333,0.039938452600609936,0.17844162956327547,0.0,599087.1584031207,22830000,0.33811503381002694,43
mtd_ai,200,0.005063452263602203,0.375,5781.917174807253,0.15,150,5,0.11833333333333333,0.039938452600609936,0.17844162956327547,0.0,599087.1584031207,22830000,0.33811503381002694,43
mtd_ai,200,0.005063452263602203,0.410958904109589,6356.952497756331,0.2,150,5,0.11833333333333333,0.039938452600609936,0.17844162956327547,0.0,599087.1584031207,22830000,0.33811503381002694,43
mtd_ai,200,0.005063452263602203,0.4573170731707317,6973.048839816125,0.25,150,5,0.11833333333333333,0.039938452600609936,0.17844162956327547,0.0,599087.1584031207,22830000,0.33811503381002694,43
mtd_ai,200,0.005048276243405124,0.2777777777777778,2346.9435059708203,0.05,150,5,0.14333333333333337,1.35575964580268,4.906394586064626,0.0,705777.2786386531,19290000,1.8944550189189613,48
mtd_ai,200,0.005048276243405124,0.25862068965517243,5082.861112950939,0.1,150,5,0.14333333333333337,1.35575964580268,4.906394586064626,0.0,705777.2786386531,19290000,1.8944550189189613,48
mtd_ai,200,0.005048276243405124,0.2922077922077922,6503.861631827625,0.15,150,5,0.14333333333333337,1.35575964580268,4.906394586064626,0.0,705777.2786386531,19290000,1.8944550189189613,48
mtd_ai,200,0.005048276243405124,0.35294117647058826,6927.643625814066,0.2,150,5,0.14333333333333337,1.35575964580268,4.906394586064626,0.0,705777.2786386531,19290000,1.8944550189189613,48
mtd_ai,200,0.005048276243405124,0.390625,7601.878567126211,0.25,150,5,0.14333333333333337,1.35575964580268,4.906394586064626,0.0,705777.2786386531,19290000,1.8944550189189613,48
mtd_ai,200,0.005054308086162389,0.4166666666666667,1816.8405764066765,0.05,150,5,0.17,0.003223903868725238,0.010473646962243255,0.0,404516.10622134106,12585000,0.6599400396225974,30
mtd_ai,200,0.005054308086162389,0.46875,2716.5307012116227,0.1,150,5,0.17,0.003223903868725238,0.010473646962243255,0.0,404516.10622134106,12585000,0.6599400396225974,30
mtd_ai,200,0.005054308086162389,0.5232558139534884,3360.3433678211522,0.15,150,5,0.17,0.003223903868725238,0.010473646962243255,0.0,404516.10622134106,12585000,0.6599400396225974,30
mtd_ai,200,0.005054308086162389,0.5357142857142857,4085.4763582781698,0.2,150,5,0.17,0.003223903868725238,0.010473646962243255,0.0,404516.10622134106,12585000,0.6599400396225974,30
mtd_ai,200,0.005054308086162389,0.5514705882352942,4670.516488515421,0.25,150,5,0.17,0.003223903868725238,0.010473646962243255,0.0,404516.10622134106,12585000,0.6599400396225974,30
mtd_ai,200,0.005064322888077774,0.35714285714285715,1598.078694543812,0.05,150,5,0.19630158730158728,0.6195236364340331,2.015539460756405,0.0,552196.3274069325,14392500,0.6291449972195551,39
mtd_ai,200,0.005064322888077774,0.45454545454545453,2470.445310914987,0.1,150,5,0.19630158730158728,0.6195236364340331,2.015539460756405,0.0,552196.3274069325,14392500,0.6291449972195551,39
mtd_ai,200,0.005064322888077774,0.3813559322033898,3991.8723368039537,0.15,150,5,0.19630158730158728,0.6195236364340331,2.015539460756405,0.0,552196.3274069325,14392500,0.6291449972195551,39
mtd_ai,200,0.005064322888077774,0.4166666666666667,4803.956964704013,0.2,150,5,0.19630158730158728,0.6195236364340331,2.015539460756405,0.0,552196.3274069325,14392500,0.6291449972195551,39
mtd_ai,200,0.005064322888077774,0.42134831460674155,5899.790641479724,0.25,150,5,0.19630158730158728,0.6195236364340331,2.015539460756405,0.0,552196.3274069325,14392500,0.6291449972195551,39
mtd_ai,200,0.0050451435033601316,0.28846153846153844,2725.162207830578,0.05,150,5,0.10476190476190475,0.43762231970449506,1.6736539055841628,0.0,512790.5023265461,14325000,0.6288900127401575,38
mtd_ai,200,0.0050451435033601316,0.3488372093023256,3599.0979276702005,0.1,150,5,0.10476190476190475,0.43762231970449506,1.6736539055841628,0.0,512790.5023265461,14325000,0.6288900127401575,38
mtd_ai,200,0.0050451435033601316,0.4166666666666667,4398.31974397852,0.15,150,5,0.10476190476190475,0.43762231970449506,1.6736539055841628,0.0,512790.5023265461,14325000,0.6288900127401575,38
mtd_ai,200,0.0050451435033601316,0.44776119402985076,5417.5429835443065,0.2,150,5,0.10476190476190475,0.43762231970449506,1.6736539055841628,0.0,512790.5023265461,14325000,0.6288900127401575,38
mtd_ai,200,0.0050451435033601316,0.4807692307692308,6094.833986240619,0.25,150,5,0.10476190476190475,0.43762231970449506,1.6736539055841628,0.0,512790.5023265461,14325000,0.6288900127401575,38
mtd_ai,200,0.005072704950409812,0.35714285714285715,1948.0042676285134,0.05,150,5,0.158,0.03359062115731751,0.033549069248926165,0.0,519127.9371286468,14647500,0.7929149782285094,35
mtd_ai,200,0.005072704950409812,0.40540540540540543,3155.7070125986666,0.1,150,5,0.158,0.03359062115731751,0.033549069248926165,0.0,519127.9371286468,14647500,0.7929149782285094,35
mtd_ai,200,0.005072704950409812,0.4326923076923077,4026.790370438612,0.15,150,5,0.158,0.03359062115731751,0.033549069248926165,0.0,519127.9371286468,14647500,0.7929149782285094,35
mtd_ai,200,0.005072704950409812,0.43478260869565216,4759.454216240612,0.2,150,5,0.158,0.03359062115731751,0.033549069248926165,0.0,519127.9371286468,14647500,0.7929149782285094,35
mtd_ai,200,0.005072704950409812,0.46875,5394.863932024831,0.25,150,5,0.158,0.03359062115731751,0.033549069248926165,0.0,519127.9371286468,14647500,0.7929149782285094,35
mtd_ai,200,0.00504940508388752,0.46875,1229.4261534838702,0.05,150,5,0.112,0.8189503508134355,3.386788028827253,0.0,515942.33625417406,9945000,1.2278699548915029,36
mtd_ai,200,0.00504940508388752,0.46875,2351.1425001100615,0.1,150,5,0.112,0.8189503508134355,3.386788028827253,0.0,515942.33625417406,9945000,1.2278699548915029,36
mtd_ai,200,0.00504940508388752,0.4891304347826087,3186.7113290873494,0.15,150,5,0.112,0.8189503508134355,3.386788028827253,0.0,515942.33625417406,9945000,1.2278699548915029,36
mtd_ai,200,0.00504940508388752,0.46153846153846156,5064.70762236016,0.2,150,5,0.112,0.8189503508134355,3.386788028827253,0.0,515942.33625417406,9945000,1.2278699548915029,36
mtd_ai,200,0.00504940508388752,0.4934210526315789,5533.111209679938,0.25,150,5,0.112,0.8189503508134355,3.386788028827253,0.0,515942.33625417406,9945000,1.2278699548915029,36
mtd_ai,200,0.005046556726257717,0.1875,3986.122768996031,0.05,150,5,0.10666666666666667,1.6067383796991446,4.16295020681415,0.0,543133.5534367807,9840000,0.8245049742981791,40
mtd_ai,200,0.005046556726257717,0.2830188679245283,4826.395509926833,0.1,150,5,0.10666666666666667,1.6067383796991446,4.16295020681415,0.0,543133.5534367807,9840000,0.8245049742981791,40
mtd_ai,200,0.005046556726257717,0.3515625,5492.13333711321,0.15,150,5,0.10666666666666667,1.6067383796991446,4.16295020681415,0.0,543133.5534367807,9840000,0.8245049742981791,40
mtd_ai,200,0.005046556726257717,0.40540540540540543,6056.050936324269,0.2,150,5,0.10666666666666667,1.6067383796991446,4.16295020681415,0.0,543133.5534367807,9840000,0.8245049742981791,40
mtd_ai,200,0.005046556726257717,0.44642857142857145,6564.080861846375,0.25,150,5,0.10666666666666667,1.6067383796991446,4.16295020681415,0.0,543133.5534367807,9840000,0.8245049742981791,40
mtd_ai,200,0.00506872006835494,0.24193548387096775,3129.8360322408603,0.05,150,5,0.0,1.6772229707260689,4.056455306625797,0.0,563577.1144667618,16110000,0.2974050468765199,38
mtd_ai,200,0.00506872006835494,0.3191489361702128,4111.096277917711,0.1,150,5,0.0,1.6772229707260689,4.056455306625797,0.0,563577.1144667618,16110000,0.2974050468765199,38
mtd_ai,200,0.00506872006835494,0.3813559322033898,4894.261498707035,0.15,150,5,0.0,1.6772229707260689,4.056455306625797,0.0,563577.1144667618,16110000,0.2974050468765199,38
mtd_ai,200,0.00506872006835494,0.410958904109589,5508.84100763933,0.2,150,5,0.0,1.6772229707260689,4.056455306625797,0.0,563577.1144667618,16110000,0.2974050468765199,38
mtd_ai,200,0.00506872006835494,0.45180722891566266,5843.136941933302,0.25,150,5,0.0,1.6772229707260689,4.056455306625797,0.0,563577.1144667618,16110000,0.2974050468765199,38
mtd_ai,200,0.005065336252234195,0.375,1950.78718199562,0.05,150,5,0.10466666666666666,1.1238443516538106,4.248688327664961,0.0,498286.39164907916,11220000,1.5251549833919853,38
mtd_ai,200,0.005065336252234195,0.38461538461538464,3888.769587651883,0.1,150,5,0.10466666666666666,1.1238443516538106,4.248688327664961,0.0,498286.39164907916,11220000,1.5251549833919853,38
mtd_ai,200,0.005065336252234195,0.4411764705882353,4845.851197688674,0.15,150,5,0.10466666666666666,1.1238443516538106,4.248688327664961,0.0,498286.39164907916,11220000,1.5251549833919853,38
mtd_ai,200,0.005065336252234195,0.46153846153846156,5618.710465098278,0.2,150,5,0.10466666666666666,1.1238443516538106,4.248688327664961,0.0,498286.39164907916,11220000,1.5251549833919853,38
mtd_ai,200,0.005065336252234195,0.5,6261.068565422972,0.25,150,5,0.10466666666666666,1.1238443516538106,4.248688327664961,0.0,498286.39164907916,11220000,1.5251549833919853,38
mtd_ai,200,0.0050362572613661056,0.25,3342.0261705011862,0.05,150,5,0.09666666666666666,0.42910162690466386,1.1339560437433343,0.0,606240.3987979748,13882500,0.8063100016443059,43
mtd_ai,200,0.0050362572613661056,0.3409090909090909,4217.381799423054,0.1,150,5,0.09666666666666666,0.42910162690466386,1.1339560437433343,0.0,606240.3987979748,13882500,0.8063100016443059,43
mtd_ai,200,0.0050362572613661056,0.3409090909090909,5386.422751748158,0.15,150,5,0.09666666666666666,0.42910162690466386,1.1339560437433343,0.0,606240.3987979748,13882500,0.8063100016443059,43
mtd_ai,200,0.0050362572613661056,0.375,6299.52909720298,0.2,150,5,0.09666666666666666,0.42910162690466386,1.1339560437433343,0.0,606240.3987979748,13882500,0.8063100016443059,43
mtd_ai,200,0.0050362572613661056,0.41208791208791207,6829.586061511634,0.25,150,5,0.09666666666666666,0.42910162690466386,1.1339560437433343,0.0,606240.3987979748,13882500,0.8063100016443059,43
mtd_ai,200,0.005077522618668935,0.35714285714285715,2124.6478865958707,0.05,150,5,0.16,0.5315765926855248,1.1705025285964339,0.0,476277.42585110886,14415000,0.6801300187362358,34
mtd_ai,200,0.005077522618668935,0.35714285714285715,3667.4937311125536,0.1,150,5,0.16,0.5315765926855248,1.1705025285964339,0.0,476277.42585110886,14415000,0.6801300187362358,34
mtd_ai,200,0.005077522618668935,0.42452830188679247,4431.343841456293,0.15,150,5,0.16,0.5315765926855248,1.1705025285964339,0.0,476277.42585110886,14415000,0.6801300187362358,34
mtd_ai,200,0.005077522618668935,0.46153846153846156,4888.034217464916,0.2,150,5,0.16,0.5315765926855248,1.1705025285964339,0.0,476277.42585110886,14415000,0.6801300187362358,34
mtd_ai,200,0.005077522618668935,0.5067567567567568,5424.745890642587,0.25,150,5,0.16,0.5315765926855248,1.1705025285964339,0.0,476277.42585110886,14415000,0.6801300187362358,34
mtd_ai,200,0.005064273520754737,0.19736842105263158,3214.155544876107,0.05,150,5,0.2727272727272727,1.8983912583232168,5.276735571389928,0.0,578641.1915591632,13065000,0.2647200250066817,42
mtd_ai,200,0.005064273520754737,0.2631578947368421,5193.99710430973,0.1,150,5,0.2727272727272727,1.8983912583232168,5.276735571389928,0.0,578641.1915591632,13065000,0.2647200250066817,42
mtd_ai,200,0.005064273520754737,0.31690140845070425,6059.875892468373,0.15,150,5,0.2727272727272727,1.8983912583232168,5.276735571389928,0.0,578641.1915591632,13065000,0.2647200250066817,42
mtd_ai,200,0.005064273520754737,0.375,6501.125493229903,0.2,150,5,0.2727272727272727,1.8983912583232168,5.276735571389928,0.0,578641.1915591632,13065000,0.2647200250066817,42
mtd_ai,200,0.005064273520754737,0.42134831460674155,6870.035461116356,0.25,150,5,0.2727272727272727,1.8983912583232168,5.276735571389928,0.0,578641.1915591632,13065000,0.2647200250066817,42
mtd_ai,200,0.005029880117309221,0.234375,3653.1600642002413,0.05,150,5,0.13799999999999998,1.9943855807093134,3.704857180259945,0.0,655288.3601195054,10972500,0.3872399451211095,47
mtd_ai,200,0.005029880117309221,0.3125,4788.317661824613,0.1,150,5,0.13799999999999998,1.9943855807093134,3.704857180259945,0.0,655288.3601195054,10972500,0.3872399451211095,47
mtd_ai,200,0.005029880117309221,0.36885245901639346,5751.928239361937,0.15,150,5,0.13799999999999998,1.9943855807093134,3.704857180259945,0.0,655288.3601195054,10972500,0.3872399451211095,47
mtd_ai,200,0.005029880117309221,0.4225352112676056,6451.600552162957,0.2,150,5,0.13799999999999998,1.9943855807093134,3.704857180259945,0.0,655288.3601195054,10972500,0.3872399451211095,47
mtd_ai,200,0.005029880117309221,0.36764705882352944,7745.198479179768,0.25,150,5,0.13799999999999998,1.9943855807093134,3.704857180259945,0.0,655288.3601195054,10972500,0.3872399451211095,47
mtd_ai,200,0.005046235030998603,0.25862068965517243,3652.885346449413,0.05,150,5,0.14353968253968258,2.1841450918971397,4.548049516561103,0.0,579397.0629751236,11520000,1.4213702408596873,40
mtd_ai,200,0.005046235030998603,0.35714285714285715,4629.036921558136,0.1,150,5,0.14353968253968258,2.1841450918971397,4.548049516561103,0.0,579397.0629751236,11520000,1.4213702408596873,40
mtd_ai,200,0.005046235030998603,0.4166666666666667,5551.359509148976,0.15,150,5,0.14353968253968258,2.1841450918971397,4.548049516561103,0.0,579397.0629751236,11520000,1.4213702408596873,40
mtd_ai,200,0.005046235030998603,0.46153846153846156,5978.6800124928095,0.2,150,5,0.14353968253968258,2.1841450918971397,4.548049516561103,0.0,579397.0629751236,11520000,1.4213702408596873,40
mtd_ai,200,0.005046235030998603,0.5,6419.901845642742,0.25,150,5,0.14353968253968258,2.1841450918971397,4.548049516561103,0.0,579397.0629751236,11520000,1.4213702408596873,40
mtd_ai,200,0.005046902430397529,0.20833333333333334,4162.917823547705,0.05,150,5,0.1711111111111111,0.27381063753659646,1.0883392534802154,0.0,772507.6966117034,21030000,2.638814994134009,52
mtd_ai,200,0.005046902430397529,0.2727272727272727,6113.768326813626,0.1,150,5,0.1711111111111111,0.27381063753659646,1.0883392534802154,0.0,772507.6966117034,21030000,2.638814994134009,52
mtd_ai,200,0.005046902430397529,0.33088235294117646,6592.631717938373,0.15,150,5,0.1711111111111111,0.27381063753659646,1.0883392534802154,0.0,772507.6966117034,21030000,2.638814994134009,52
mtd_ai,200,0.005046902430397529,0.3614457831325301,7307.464315051882,0.2,150,5,0.1711111111111111,0.27381063753659646,1.0883392534802154,0.0,772507.6966117034,21030000,2.638814994134009,52
mtd_ai,200,0.005046902430397529,0.3826530612244898,8019.374703209511,0.25,150,5,0.1711111111111111,0.27381063753659646,1.0883392534802154,0.0,772507.6966117034,21030000,2.638814994134009,52
mtd_ai,200,0.005055307334587813,0.39473684210526316,1739.773274849043,0.05,150,5,0.17333333333333334,3.4245173822045625,6.534839646779779,0.0,442883.7271894186,7657500,0.9650398045778275,29
mtd_ai,200,0.005055307334587813,0.45454545454545453,2609.078590623812,0.1,150,5,0.17333333333333334,3.4245173822045625,6.534839646779779,0.0,442883.7271894186,7657500,0.9650398045778275,29
mtd_ai,200,0.005055307334587813,0.5487804878048781,3136.9282486635075,0.15,150,5,0.17333333333333334,3.4245173822045625,6.534839646779779,0.0,442883.7271894186,7657500,0.9650398045778275,29
mtd_ai,200,0.005055307334587813,0.5454545454545454,3764.8466019044736,0.2,150,5,0.17333333333333334,3.4245173822045625,6.534839646779779,0.0,442883.7271894186,7657500,0.9650398045778275,29
mtd_ai,200,0.005055307334587813,0.5597014925373134,4252.076586553608,0.25,150,5,0.17333333333333334,3.4245173822045625,6.534839646779779,0.0,442883.7271894186,7657500,0.9650398045778275,29
mtd_ai,200,0.005046608174821991,0.24193548387096775,3519.1639176154154,0.05,150,5,0.16,0.8793342389630512,1.97689155984686,0.0,555908.2095813643,13095000,1.2433351599611342,38
mtd_ai,200,0.005046608174821991,0.3409090909090909,4384.339484912125,0.1,150,5,0.16,0.8793342389630512,1.97689155984686,0.0,555908.2095813643,13095000,1.2433351599611342,38
mtd_ai,200,0.005046608174821991,0.4017857142857143,4921.334812679694,0.15,150,5,0.16,0.8793342389630512,1.97689155984686,0.0,555908.2095813643,13095000,1.2433351599611342,38
mtd_ai,200,0.005046608174821991,0.43478260869565216,5670.353138487228,0.2,150,5,0.16,0.8793342389630512,1.97689155984686,0.0,555908.2095813643,13095000,1.2433351599611342,38
mtd_ai,200,0.005046608174821991,0.487012987012987,6013.2705926659655,0.25,150,5,0.16,0.8793342389630512,1.97689155984686,0.0,555908.2095813643,13095000,1.2433351599611342,38
mtd_ai,200,0.005054640660180871,0.35714285714285715,2285.1453920529602,0.05,150,5,0.08571428571428572,0.8006800692831616,3.3829088444475546,0.0,456480.84772871755,17220000,0.8163597900420427,33
mtd_ai,200,0.005054640660180871,0.42857142857142855,3065.6776568912546,0.1,150,5,0.08571428571428572,0.8006800692831616,3.3829088444475546,0.0,456480.84772871755,17220000,0.8163597900420427,33
mtd_ai,200,0.005054640660180871,0.4891304347826087,3649.922052862602,0.15,150,5,0.08571428571428572,0.8006800692831616,3.3829088444475546,0.0,456480.84772871755,17220000,0.8163597900420427,33
mtd_ai,200,0.005054640660180871,0.4918032786885246,4492.496905255138,0.2,150,5,0.08571428571428572,0.8006800692831616,3.3829088444475546,0.0,456480.84772871755,17220000,0.8163597900420427,33
mtd_ai,200,0.005054640660180871,0.5208333333333334,5216.638511955403,0.25,150,5,0.08571428571428572,0.8006800692831616,3.3829088444475546,0.0,456480.84772871755,17220000,0.8163597900420427,33
mtd_ai,200,0.005070434776068435,0.22727272727272727,4324.516128295958,0.05,150,5,0.15344444444444447,2.217576918787352,5.326525574420735,0.0,459505.84377128974,15532500,0.2617349848151207,37
mtd_ai,200,0.005070434776068435,0.3191489361702128,5090.072954899962,0.1,150,5,0.15344444444444447,2.217576918787352,5.326525574420735,0.0,459505.84377128974,15532500,0.2617349848151207,37
mtd_ai,200,0.005070434776068435,0.4090909090909091,5476.789498340082,0.15,150,5,0.15344444444444447,2.217576918787352,5.326525574420735,0.0,459505.84377128974,15532500,0.2617349848151207,37
mtd_ai,200,0.005070434776068435,0.46153846153846156,5821.57518081365,0.2,150,5,0.15344444444444447,2.217576918787352,5.326525574420735,0.0,459505.84377128974,15532500,0.2617349848151207,37
mtd_ai,200,0.005070434776068435,0.5067567567567568,6073.829965418425,0.25,150,5,0.15344444444444447,2.217576918787352,5.326525574420735,0.0,459505.84377128974,15532500,0.2617349848151207,37
mtd_ai,200,0.005040201712943753,0.25,3072.3858202641504,0.05,150,5,0.13333333333333333,0.5885861297549765,1.4939113889486808,0.0,589523.5972957801,16155000,0.8321998408064246,39
mtd_ai,200,0.005040201712943753,0.3191489361702128,4042.037920660173,0.1,150,5,0.13333333333333333,0.5885861297549765,1.4939113889486808,0.0,589523.5972957801,16155000,0.8321998408064246,39
mtd_ai,200,0.005040201712943753,0.3813559322033898,4874.582860809196,0.15,150,5,0.13333333333333333,0.5885861297549765,1.4939113889486808,0.0,589523.5972957801,16155000,0.8321998408064246,39
mtd_ai,200,0.005040201712943753,0.40540540540540543,5592.4160273015805,0.2,150,5,0.13333333333333333,0.5885861297549765,1.4939113889486808,0.0,589523.5972957801,16155000,0.8321998408064246,39
mtd_ai,200,0.005040201712943753,0.4411764705882353,6054.105075108874,0.25,150,5,0.13333333333333333,0.5885861297549765,1.4939113889486808,0.0,589523.5972957801,16155000,0.8321998408064246,39
mtd_ai,200,0.005061598698512109,0.35714285714285715,2254.420157881975,0.05,150,5,0.13277777777777777,1.0793599040712607,2.982897605049222,0.0,558478.0704882033,20565000,0.828929990530014,40
mtd_ai,200,0.005061598698512109,0.3488372093023256,4449.697139002362,0.1,150,5,0.13277777777777777,1.0793599040712607,2.982897605049222,0.0,558478.0704882033,20565000,0.828929990530014,40
mtd_ai,200,0.005061598698512109,0.4166666666666667,5119.7769826830245,0.15,150,5,0.13277777777777777,1.0793599040712607,2.982897605049222,0.0,558478.0704882033,20565000,0.828929990530014,40
mtd_ai,200,0.005061598698512109,0.45454545454545453,5833.600263292422,0.2,150,5,0.13277777777777777,1.0793599040712607,2.982897605049222,0.0,558478.0704882033,20565000,0.828929990530014,40
mtd_ai,200,0.005061598698512109,0.4934210526315789,6416.465124781045,0.25,150,5,0.13277777777777777,1.0793599040712607,2.982897605049222,0.0,558478.0704882033,20565000,0.828929990530014,40
mtd_ai,200,0.00505740237263862,0.35714285714285715,2374.107330102004,0.05,150,5,0.1562222222222222,2.3846218500089718,3.8451469728066425,0.0,632919.8169574074,16237500,1.1256450321525335,43
mtd_ai,200,0.00505740237263862,0.375,3948.64092462383,0.1,150,5,0.1562222222222222,2.3846218500089718,3.8451469728066425,0.0,632919.8169574074,16237500,1.1256450321525335,43
mtd_ai,200,0.00505740237263862,0.36885245901639346,5467.636820018533,0.15,150,5,0.1562222222222222,2.3846218500089718,3.8451469728066425,0.0,632919.8169574074,16237500,1.1256450321525335,43
mtd_ai,200,0.00505740237263862,0.4225352112676056,6044.835916035705,0.2,150,5,0.1562222222222222,2.3846218500089718,3.8451469728066425,0.0,632919.8169574074,16237500,1.1256450321525335,43
mtd_ai,200,0.00505740237263862,0.45180722891566266,6776.335770871384,0.25,150,5,0.1562222222222222,2.3846218500089718,3.8451469728066425,0.0,632919.8169574074,16237500,1.1256450321525335,43
mtd_ai,200,0.005048648163405471,0.46875,1273.424544881313,0.05,150,5,0.11,1.0858232504804295,3.1724849049092896,0.0,572669.7124622475,16125000,0.8002498419955373,38
mtd_ai,200,0.005048648163405471,0.46875,2626.1467590857383,0.1,150,5,0.11,1.0858232504804295,3.1724849049092896,0.0,572669.7124622475,16125000,0.8002498419955373,38
mtd_ai,200,0.005048648163405471,0.4891304347826087,3462.362514629809,0.15,150,5,0.11,1.0858232504804295,3.1724849049092896,0.0,572669.7124622475,16125000,0.8002498419955373,38
mtd_ai,200,0.005048648163405471,0.4411764705882353,5298.720520172256,0.2,150,5,0.11,1.0858232504804295,3.1724849049092896,0.0,572669.7124622475,16125000,0.8002498419955373,38
mtd_ai,200,0.005048648163405471,0.46875,5818.2792254673295,0.25,150,5,0.11,1.0858232504804295,3.1724849049092896,0.0,572669.7124622475,16125000,0.8002498419955373,38
mtd_ai,200,0.005059974944957626,0.32608695652173914,2412.587228257126,0.05,150,5,0.11822222222222223,0.6519990639029501,1.541587399034206,0.0,455543.15534891695,9915000,0.866624980699271,32
mtd_ai,200,0.005059974944957626,0.4166666666666667,3270.275729198475,0.1,150,5,0.11822222222222223,0.6519990639029501,1.541587399034206,0.0,455543.15534891695,9915000,0.866624980699271,32
mtd_ai,200,0.005059974944957626,0.4787234042553192,3880.652086348792,0.15,150,5,0.11822222222222223,0.6519990639029501,1.541587399034206,0.0,455543.15534891695,9915000,0.866624980699271,32
mtd_ai,200,0.005059974944957626,0.4838709677419355,4592.751174794455,0.2,150,5,0.11822222222222223,0.6519990639029501,1.541587399034206,0.0,455543.15534891695,9915000,0.866624980699271,32
mtd_ai,200,0.005059974944957626,0.5136986301369864,5006.875110771053,0.25,150,5,0.11822222222222223,0.6519990639029501,1.541587399034206,0.0,455543.15534891695,9915000,0.866624980699271,32
mtd_ai,200,0.005040927310924069,0.4166666666666667,1606.0107582640233,0.05,150,5,0.125,1.034226131572672,3.9924113753254438,0.0,532849.1691874218,18442500,1.4991150121204555,35
mtd_ai,200,0.005040927310924069,0.42857142857142855,3086.9776806885,0.1,150,5,0.125,1.034226131572672,3.9924113753254438,0.0,532849.1691874218,18442500,1.4991150121204555,35
mtd_ai,200,0.005040927310924069,0.45918367346938777,4179.257382886636,0.15,150,5,0.125,1.034226131572672,3.9924113753254438,0.0,532849.1691874218,18442500,1.4991150121204555,35
mtd_ai,200,0.005040927310924069,0.45454545454545453,4953.18320170706,0.2,150,5,0.125,1.034226131572672,3.9924113753254438,0.0,532849.1691874218,18442500,1.4991150121204555,35
mtd_ai,200,0.005040927310924069,0.5,5489.175322064537,0.25,150,5,0.125,1.034226131572672,3.9924113753254438,0.0,532849.1691874218,18442500,1.4991150121204555,35
mtd_ai,200,0.005066113519074811,0.32608695652173914,2614.3225402347116,0.05,150,5,0.14333333333333334,0.43218350153851764,0.9616587778436065,0.0,584105.4178342298,10147500,1.9279799773357809,39
mtd_ai,200,0.005066113519074811,0.39473684210526316,3502.2274544301017,0.1,150,5,0.14333333333333334,0.43218350153851764,0.9616587778436065,0.0,584105.4178342298,10147500,1.9279799773357809,39
mtd_ai,200,0.005066113519074811,0.3629032258064516,4792.231739943953,0.15,150,5,0.14333333333333334,0.43218350153851764,0.9616587778436065,0.0,584105.4178342298,10147500,1.9279799773357809,39
mtd_ai,200,0.005066113519074811,0.410958904109589,5560.96693661127,0.2,150,5,0.14333333333333334,0.43218350153851764,0.9616587778436065,0.0,584105.4178342298,10147500,1.9279799773357809,39
mtd_ai,200,0.005066113519074811,0.45180722891566266,6027.907769069254,0.25,150,5,0.14333333333333334,0.43218350153851764,0.9616587778436065,0.0,584105.4178342298,10147500,1.9279799773357809,39
mtd_ai,200,0.005053968796251408,0.39473684210526316,1465.502929339687,0.05,150,5,0.09333333333333334,1.1258234141269499,3.141038875486197,0.0,560888.3398260631,14640000,0.27817500522360206,36
mtd_ai,200,0.005053968796251408,0.38461538461538464,3458.1811622380383,0.1,150,5,0.09333333333333334,1.1258234141269499,3.141038875486197,0.0,560888.3398260631,14640000,0.27817500522360206,36
mtd_ai,200,0.005053968796251408,0.4411764705882353,4332.453963023671,0.15,150,5,0.09333333333333334,1.1258234141269499,3.141038875486197,0.0,560888.3398260631,14640000,0.27817500522360206,36
mtd_ai,200,0.005053968796251408,0.4918032786885246,4620.160819560503,0.2,150,5,0.09333333333333334,1.1258234141269499,3.141038875486197,0.0,560888.3398260631,14640000,0.27817500522360206,36
mtd_ai,200,0.005053968796251408,0.5,5557.562256560992,0.25,150,5,0.09333333333333334,1.1258234141269499,3.141038875486197,0.0,560888.3398260631,14640000,0.27817500522360206,36
mtd_ai,200,0.005039572671817531,0.4411764705882353,1860.1859399402642,0.05,150,5,0.15344444444444444,0.1981608510350228,0.8576401508807229,0.0,561376.2800089046,14565000,0.3085050266236067,38
mtd_ai,200,0.005039572671817531,0.45454545454545453,2977.7731025975,0.1,150,5,0.15344444444444444,0.1981608510350228,0.8576401508807229,0.0,561376.2800089046,14565000,0.3085050266236067,38
mtd_ai,200,0.005039572671817531,0.45,4129.744113995263,0.15,150,5,0.15344444444444444,0.1981608510350228,0.8576401508807229,0.0,561376.2800089046,14565000,0.3085050266236067,38
mtd_ai,200,0.005039572671817531,0.46875,5133.8075075984625,0.2,150,5,0.15344444444444444,0.1981608510350228,0.8576401508807229,0.0,561376.2800089046,14565000,0.3085050266236067,38
mtd_ai,200,0.005039572671817531,0.487012987012987,5876.503847277103,0.25,150,5,0.15344444444444444,0.1981608510350228,0.8576401508807229,0.0,561376.2800089046,14565000,0.3085050266236067,38
mtd_ai,200,0.005074034549434216,0.375,2221.9471902855366,0.05,150,5,0.16333333333333333,1.040489624046658,2.9390769976716817,0.0,464360.5370833486,18697500,2.378820057492703,35
mtd_ai,200,0.005074034549434216,0.40540540540540543,3451.0842865604154,0.1,150,5,0.16333333333333333,1.040489624046658,2.9390769976716817,0.0,464360.5370833486,18697500,2.378820057492703,35
mtd_ai,200,0.005074034549434216,0.46875,4277.122851244281,0.15,150,5,0.16333333333333333,1.040489624046658,2.9390769976716817,0.0,464360.5370833486,18697500,2.378820057492703,35
mtd_ai,200,0.005074034549434216,0.5084745762711864,4670.866616669675,0.2,150,5,0.16333333333333333,1.040489624046658,2.9390769976716817,0.0,464360.5370833486,18697500,2.378820057492703,35
mtd_ai,200,0.005074034549434216,0.528169014084507,5517.8131663532495,0.25,150,5,0.16333333333333333,1.040489624046658,2.9390769976716817,0.0,464360.5370833486,18697500,2.378820057492703,35
mtd_ai,200,0.0050364963663842655,0.35714285714285715,1594.0803431636155,0.05,150,5,0.14285714285714285,1.7586930229148021,5.619685276999312,-5.107142857142857,602903.6842691011,13260000,0.6617098348215222,40
mtd_ai,200,0.0050364963663842655,0.35714285714285715,3775.407259567325,0.1,150,5,0.14285714285714285,1.7586930229148021,5.619685276999312,-5.107142857142857,602903.6842691011,13260000,0.6617098348215222,40
mtd_ai,200,0.0050364963663842655,0.36885245901639346,4702.221397405306,0.15,150,5,0.14285714285714285,1.7586930229148021,5.619685276999312,-5.107142857142857,602903.6842691011,13260000,0.6617098348215222,40
mtd_ai,200,0.0050364963663842655,0.39473684210526316,5451.765675374059,0.2,150,5,0.14285714285714285,1.7586930229148021,5.619685276999312,-5.107142857142857,602903.6842691011,13260000,0.6617098348215222,40
mtd_ai,200,0.0050364963663842655,0.42613636363636365,6346.865037458767,0.25,150,5,0.14285714285714285,1.7586930229148021,5.619685276999312,-5.107142857142857,602903.6842691011,13260000,0.6617098348215222,40
mtd_ai,200,0.005054445529194735,0.4166666666666667,1575.794213753515,0.05,150,5,0.15533333333333335,1.1226781838024224e-05,1.3395487572908278e-05,0.0,524743.764255911,13035000,0.7611899985931814,34
mtd_ai,200,0.005054445529194735,0.45454545454545453,2414.250366722024,0.1,150,5,0.15533333333333335,1.1226781838024224e-05,1.3395487572908278e-05,0.0,524743.764255911,13035000,0.7611899985931814,34
mtd_ai,200,0.005054445529194735,0.45918367346938777,3312.4499986811293,0.15,150,5,0.15533333333333335,1.1226781838024224e-05,1.3395487572908278e-05,0.0,524743.764255911,13035000,0.7611899985931814,34
mtd_ai,200,0.005054445529194735,0.4411764705882353,4849.6330552225645,0.2,150,5,0.15533333333333335,1.1226781838024224e-05,1.3395487572908278e-05,0.0,524743.764255911,13035000,0.7611899985931814,34
mtd_ai,200,0.005054445529194735,0.4807692307692308,5218.939186898042,0.25,150,5,0.15533333333333335,1.1226781838024224e-05,1.3395487572908278e-05,0.0,524743.764255911,13035000,0.7611899985931814,34
mtd_ai,200,0.005066411553157094,0.22058823529411764,3406.9457843783416,0.05,150,5,0.11,0.01397187933386087,0.055814008771274654,0.0,519740.6127744724,14257500,1.3584301457740366,39
mtd_ai,200,0.005066411553157094,0.3125,4156.295457340515,0.1,150,5,0.11,0.01397187933386087,0.055814008771274654,0.0,519740.6127744724,14257500,1.3584301457740366,39
mtd_ai,200,0.005066411553157094,0.375,5092.382762178034,0.15,150,5,0.11,0.01397187933386087,0.055814008771274654,0.0,519740.6127744724,14257500,1.3584301457740366,39
mtd_ai,200,0.005066411553157094,0.40540540540540543,6039.907534443631,0.2,150,5,0.11,0.01397187933386087,0.055814008771274654,0.0,519740.6127744724,14257500,1.3584301457740366,39
mtd_ai,200,0.005066411553157094,0.45180722891566266,6393.495448202005,0.25,150,5,0.11,0.01397187933386087,0.055814008771274654,0.0,519740.6127744724,14257500,1.3584301457740366,39
mtd_ai,200,0.005053422140449995,0.234375,3466.7779817546434,0.05,150,5,0.42857142857142855,0.1466259691854115,0.2197009413664133,0.0,657890.2642538996,25282500,0.8593199774622917,45
mtd_ai,200,0.005053422140449995,0.3333333333333333,4411.686505329454,0.1,150,5,0.42857142857142855,0.1466259691854115,0.2197009413664133,0.0,657890.2642538996,25282500,0.8593199774622917,45
mtd_ai,200,0.005053422140449995,0.3515625,6271.078812850662,0.15,150,5,0.42857142857142855,0.1466259691854115,0.2197009413664133,0.0,657890.2642538996,25282500,0.8593199774622917,45
mtd_ai,200,0.005053422140449995,0.4,6725.961440112498,0.2,150,5,0.42857142857142855,0.1466259691854115,0.2197009413664133,0.0,657890.2642538996,25282500,0.8593199774622917,45
mtd_ai,200,0.005053422140449995,0.4411764705882353,7152.856039669483,0.25,150,5,0.42857142857142855,0.1466259691854115,0.2197009413664133,0.0,657890.2642538996,25282500,0.8593199774622917,45
mtd_ai,200,0.005051312149155889,0.39473684210526316,1795.3007250532373,0.05,150,5,0.15553968253968256,0.8306663367639645,3.527665742287287,0.0,428227.5605497448,10477500,0.555764848832041,31
mtd_ai,200,0.005051312149155889,0.45454545454545453,2709.20192895902,0.1,150,5,0.15553968253968256,0.8306663367639645,3.527665742287287,0.0,428227.5605497448,10477500,0.555764848832041,31
mtd_ai,200,0.005051312149155889,0.5113636363636364,3209.053040826774,0.15,150,5,0.15553968253968256,0.8306663367639645,3.527665742287287,0.0,428227.5605497448,10477500,0.555764848832041,31
mtd_ai,200,0.005051312149155889,0.5084745762711864,3930.0190929109663,0.2,150,5,0.15553968253968256,0.8306663367639645,3.527665742287287,0.0,428227.5605497448,10477500,0.555764848832041,31
mtd_ai,200,0.005051312149155889,0.46296296296296297,4759.127915510027,0.25,150,5,0.15553968253968256,0.8306663367639645,3.527665742287287,0.0,428227.5605497448,10477500,0.555764848832041,31
mtd_ai,200,0.005074442988003179,0.28846153846153844,2685.9940038954887,0.05,150,5,0.12944444444444442,3.117463759219577,6.219821535052349,0.0,476482.4183427486,17257500,0.32726990757510066,35
mtd_ai,200,0.005074442988003179,0.39473684210526316,3311.1475147510464,0.1,150,5,0.12944444444444442,3.117463759219577,6.219821535052349,0.0,476482.4183427486,17257500,0.32726990757510066,35
mtd_ai,200,0.005074442988003179,0.46875,3797.5118252973048,0.15,150,5,0.12944444444444442,3.117463759219577,6.219821535052349,0.0,476482.4183427486,17257500,0.32726990757510066,35
mtd_ai,200,0.005074442988003179,0.4918032786885246,4674.269225866699,0.2,150,5,0.12944444444444442,3.117463759219577,6.219821535052349,0.0,476482.4183427486,17257500,0.32726990757510066,35
mtd_ai,200,0.005074442988003179,0.4807692307692308,5466.383185899715,0.25,150,5,0.12944444444444442,3.117463759219577,6.219821535052349,0.0,476482.4183427486,17257500,0.32726990757510066,35
mtd_ai,200,0.005070779842283111,0.28846153846153844,2926.5221175277725,0.05,150,5,0.2777777777777778,18.542828031152556,8.533738213155662,0.0,510158.8899937807,11475000,0.2853148151189089,36
mtd_ai,200,0.005070779842283111,0.35714285714285715,3848.4367541327333,0.1,150,5,0.2777777777777778,18.542828031152556,8.533738213155662,0.0,510158.8899937807,11475000,0.2853148151189089,36
mtd_ai,200,0.005070779842283111,0.42452830188679247,4638.284683369582,0.15,150,5,0.2777777777777778,18.542828031152556,8.533738213155662,0.0,510158.8899937807,11475000,0.2853148151189089,36
mtd_ai,200,0.005070779842283111,0.46153846153846156,5121.337808795795,0.2,150,5,0.2777777777777778,18.542828031152556,8.533738213155662,0.0,510158.8899937807,11475000,0.2853148151189089,36
mtd_ai,200,0.005070779842283111,0.487012987012987,5454.887121728107,0.25,150,5,0.2777777777777778,18.542828031152556,8.533738213155662,0.0,510158.8899937807,11475000,0.2853148151189089,36
mtd_ai,200,0.005046204741987947,0.2777777777777778,2727.2349722074437,0.05,150,5,0.12666666666666668,1.0135921969592918,2.3479944770239194,0.0,557621.1985924286,17715000,1.9531052210368216,36
mtd_ai,200,0.005046204741987947,0.35714285714285715,3967.7779780562473,0.1,150,5,0.12666666666666668,1.0135921969592918,2.3479944770239194,0.0,557621.1985924286,17715000,1.9531052210368216,36
mtd_ai,200,0.005046204741987947,0.4326923076923077,4440.647580094856,0.15,150,5,0.12666666666666668,1.0135921969592918,2.3479944770239194,0.0,557621.1985924286,17715000,1.9531052210368216,36
mtd_ai,200,0.005046204741987947,0.4838709677419355,5130.89963893349,0.2,150,5,0.12666666666666668,1.0135921969592918,2.3479944770239194,0.0,557621.1985924286,17715000,1.9531052210368216,36
mtd_ai,200,0.005046204741987947,0.5136986301369864,5549.900424565938,0.25,150,5,0.12666666666666668,1.0135921969592918,2.3479944770239194,0.0,557621.1985924286,17715000,1.9531052210368216,36
mtd_ai,200,0.005090042510096183,0.35714285714285715,1595.34486664266,0.05,150,5,0.11666666666666667,0.9891933425313061,4.063328671028134,0.0,455520.9389235756,11295000,0.8309400407597423,32
mtd_ai,200,0.005090042510096183,0.375,2632.1715826536843,0.1,150,5,0.11666666666666667,0.9891933425313061,4.063328671028134,0.0,455520.9389235756,11295000,0.8309400407597423,32
mtd_ai,200,0.005090042510096183,0.45,3293.1410608841043,0.15,150,5,0.11666666666666667,0.9891933425313061,4.063328671028134,0.0,455520.9389235756,11295000,0.8309400407597423,32
mtd_ai,200,0.005090042510096183,0.47619047619047616,4300.13103434756,0.2,150,5,0.11666666666666667,0.9891933425313061,4.063328671028134,0.0,455520.9389235756,11295000,0.8309400407597423,32
mtd_ai,200,0.005090042510096183,0.5136986301369864,5034.590102999906,0.25,150,5,0.11666666666666667,0.9891933425313061,4.063328671028134,0.0,455520.9389235756,11295000,0.8309400407597423,32
mtd_ai,200,0.005046594242662176,0.234375,3566.3325279119204,0.05,150,5,0.08666666666666667,0.6933309362131111,2.5966496731922235,0.0,610964.7055608667,17655000,1.0267351171933115,41
mtd_ai,200,0.005046594242662176,0.3125,5002.384180689898,0.1,150,5,0.08666666666666667,0.6933309362131111,2.5966496731922235,0.0,610964.7055608667,17655000,1.0267351171933115,41
mtd_ai,200,0.005046594242662176,0.39473684210526316,5574.391496274091,0.15,150,5,0.08666666666666667,0.6933309362131111,2.5966496731922235,0.0,610964.7055608667,17655000,1.0267351171933115,41
mtd_ai,200,0.005046594242662176,0.44776119402985076,6101.044522246526,0.2,150,5,0.08666666666666667,0.6933309362131111,2.5966496731922235,0.0,610964.7055608667,17655000,1.0267351171933115,41
mtd_ai,200,0.005046594242662176,0.4807692307692308,6480.195486535315,0.25,150,5,0.08666666666666667,0.6933309362131111,2.5966496731922235,0.0,610964.7055608667,17655000,1.0267351171933115,41
mtd_ai,200,0.005060991598969691,0.46875,1730.7959760835304,0.05,150,5,0.10666666666666667,0.8362375305621679,2.9663873649185755,0.0,584430.4297002435,16230000,0.3425400936976075,40
mtd_ai,200,0.005060991598969691,0.39473684210526316,3591.1232681149813,0.1,150,5,0.10666666666666667,0.8362375305621679,2.9663873649185755,0.0,584430.4297002435,16230000,0.3425400936976075,40
mtd_ai,200,0.005060991598969691,0.4411764705882353,4651.5492586283635,0.15,150,5,0.10666666666666667,0.8362375305621679,2.9663873649185755,0.0,584430.4297002435,16230000,0.3425400936976075,40
mtd_ai,200,0.005060991598969691,0.4411764705882353,5634.0202184864265,0.2,150,5,0.10666666666666667,0.8362375305621679,2.9663873649185755,0.0,584430.4297002435,16230000,0.3425400936976075,40
mtd_ai,200,0.005060991598969691,0.46875,6225.991182383079,0.25,150,5,0.10666666666666667,0.8362375305621679,2.9663873649185755,0.0,584430.4297002435,16230000,0.3425400936976075,40
mtd_ai,200,0.005055990685778333,0.22058823529411764,3113.4959532855246,0.05,150,5,0.11766666666666666,0.48867215032842287,1.6695363247452344,0.0,696714.7643792619,16350000,1.5192297985777259,46
mtd_ai,200,0.005055990685778333,0.24193548387096775,4650.703703603058,0.1,150,5,0.11766666666666666,0.48867215032842287,1.6695363247452344,0.0,696714.7643792619,16350000,1.5192297985777259,46
mtd_ai,200,0.005055990685778333,0.3125,5129.260561551012,0.15,150,5,0.11766666666666666,0.48867215032842287,1.6695363247452344,0.0,696714.7643792619,16350000,1.5192297985777259,46
mtd_ai,200,0.005055990685778333,0.35294117647058826,5973.569999514266,0.2,150,5,0.11766666666666666,0.48867215032842287,1.6695363247452344,0.0,696714.7643792619,16350000,1.5192297985777259,46
mtd_ai,200,0.005055990685778333,0.3440366972477064,7022.423927751561,0.25,150,5,0.11766666666666666,0.48867215032842287,1.6695363247452344,0.0,696714.7643792619,16350000,1.5192297985777259,46
mtd_ai,200,0.005063128167101516,0.25,3388.3782922478654,0.05,150,5,0.12666666666666668,1.3513074897977195,3.1618836313305114,0.0,660010.5987452569,8820000,0.9095098706893623,42
mtd_ai,200,0.005063128167101516,0.3488372093023256,4341.9734744672,0.1,150,5,0.12666666666666668,1.3513074897977195,3.1618836313305114,0.0,660010.5987452569,8820000,0.9095098706893623,42
mtd_ai,200,0.005063128167101516,0.4017857142857143,5250.585012441234,0.15,150,5,0.12666666666666668,1.3513074897977195,3.1618836313305114,0.0,660010.5987452569,8820000,0.9095098706893623,42
mtd_ai,200,0.005063128167101516,0.4225352112676056,6025.509248530418,0.2,150,5,0.12666666666666668,1.3513074897977195,3.1618836313305114,0.0,660010.5987452569,8820000,0.9095098706893623,42
mtd_ai,200,0.005063128167101516,0.47468354430379744,6484.326162286649,0.25,150,5,0.12666666666666668,1.3513074897977195,3.1618836313305114,0.0,660010.5987452569,8820000,0.9095098706893623,42
mtd_ai,200,0.005038254702605237,0.25,2765.9574731236503,0.05,150,5,0.26666666666666666,1.032206378172031,3.449773385405448,-4.821428571428571,567127.5304498889,15960000,1.152870012447238,40
mtd_ai,200,0.005038254702605237,0.3191489361702128,3961.556998481974,0.1,150,5,0.26666666666666666,1.032206378172031,3.449773385405448,-4.821428571428571,567127.5304498889,15960000,1.152870012447238,40
mtd_ai,200,0.005038254702605237,0.36885245901639346,4757.462122467956,0.15,150,5,0.26666666666666666,1.032206378172031,3.449773385405448,-4.821428571428571,567127.5304498889,15960000,1.152870012447238,40
mtd_ai,200,0.005038254702605237,0.410958904109589,5476.08571452793,0.2,150,5,0.26666666666666666,1.032206378172031,3.449773385405448,-4.821428571428571,567127.5304498889,15960000,1.152870012447238,40
mtd_ai,200,0.005038254702605237,0.4411764705882353,6507.792490510431,0.25,150,5,0.26666666666666666,1.032206378172031,3.449773385405448,-4.821428571428571,567127.5304498889,15960000,1.152870012447238,40
mtd_ai,200,0.00505919783645908,0.234375,3726.4275322441176,0.05,150,5,0.12277777777777779,0.3316267237705599,1.3466751993604977,0.0,582358.1734461013,14610000,1.1146350530907512,42
mtd_ai,200,0.00505919783645908,0.25862068965517243,5253.224719124166,0.1,150,5,0.12277777777777779,0.3316267237705599,1.3466751993604977,0.0,582358.1734461013,14610000,1.1146350530907512,42
mtd_ai,200,0.00505919783645908,0.33088235294117646,5640.350059491987,0.15,150,5,0.12277777777777779,0.3316267237705599,1.3466751993604977,0.0,582358.1734461013,14610000,1.1146350530907512,42
mtd_ai,200,0.00505919783645908,0.375,6217.861397477531,0.2,150,5,0.12277777777777779,0.3316267237705599,1.3466751993604977,0.0,582358.1734461013,14610000,1.1146350530907512,42
mtd_ai,200,0.00505919783645908,0.42134831460674155,6792.745337288465,0.25,150,5,0.12277777777777779,0.3316267237705599,1.3466751993604977,0.0,582358.1734461013,14610000,1.1146350530907512,42
mtd_ai,200,0.005077773222206305,0.35714285714285715,2239.490406931499,0.05,150,5,0.1277777777777778,0.9184845752047361,4.068149017579098,0.0,465784.1449218709,14970000,0.25830018566921353,35
mtd_ai,200,0.005077773222206305,0.4411764705882353,3007.1109881360526,0.1,150,5,0.1277777777777778,0.9184845752047361,4.068149017579098,0.0,465784.1449218709,14970000,0.25830018566921353,35
mtd_ai,200,0.005077773222206305,0.4017857142857143,4092.875532249169,0.15,150,5,0.1277777777777778,0.9184845752047361,4.068149017579098,0.0,465784.1449218709,14970000,0.25830018566921353,35
mtd_ai,200,0.005077773222206305,0.42857142857142855,4975.455189406879,0.2,150,5,0.1277777777777778,0.9184845752047361,4.068149017579098,0.0,465784.1449218709,14970000,0.25830018566921353,35
mtd_ai,200,0.005077773222206305,0.46875,5545.919483539441,0.25,150,5,0.1277777777777778,0.9184845752047361,4.068149017579098,0.0,465784.1449218709,14970000,0.25830018566921353,35
mtd_ai,200,0.0050622994883758165,0.46875,1351.8315482361643,0.05,150,5,0.19642857142857142,0.11444698524783013,0.4645982958179399,-6.1,462054.90929706185,11385000,0.8568449062295258,31
mtd_ai,200,0.0050622994883758165,0.42857142857142855,2799.286226069917,0.1,150,5,0.19642857142857142,0.11444698524783013,0.4645982958179399,-6.1,462054.90929706185,11385000,0.8568449062295258,31
mtd_ai,200,0.0050622994883758165,0.5232558139534884,3207.952598939836,0.15,150,5,0.19642857142857142,0.11444698524783013,0.4645982958179399,-6.1,462054.90929706185,11385000,0.8568449062295258,31
mtd_ai,200,0.0050622994883758165,0.5263157894736842,4376.983905666439,0.2,150,5,0.19642857142857142,0.11444698524783013,0.4645982958179399,-6.1,462054.90929706185,11385000,0.8568449062295258,31
mtd_ai,200,0.0050622994883758165,0.5434782608695652,4824.455093464894,0.25,150,5,0.19642857142857142,0.11444698524783013,0.4645982958179399,-6.1,462054.90929706185,11385000,0.8568449062295258,31
mtd_ai,200,0.0050430875309803915,0.3409090909090909,1847.8463948156095,0.05,150,5,0.0625,0.10722915289051596,0.16602315095552378,-4.466666666666667,509382.4876177176,14475000,0.6451349705457687,36
mtd_ai,200,0.0050430875309803915,0.40540540540540543,2637.9534512761275,0.1,150,5,0.0625,0.10722915289051596,0.16602315095552378,-4.466666666666667,509382.4876177176,14475000,0.6451349705457687,36
mtd_ai,200,0.0050430875309803915,0.4090909090909091,3885.035009280756,0.15,150,5,0.0625,0.10722915289051596,0.16602315095552378,-4.466666666666667,509382.4876177176,14475000,0.6451349705457687,36
mtd_ai,200,0.0050430875309803915,0.43478260869565216,4759.290958647267,0.2,150,5,0.0625,0.10722915289051596,0.16602315095552378,-4.466666666666667,509382.4876177176,14475000,0.6451349705457687,36
mtd_ai,200,0.0050430875309803915,0.46296296296296297,5755.4770838334625,0.25,150,5,0.0625,0.10722915289051596,0.16602315095552378,-4.466666666666667,509382.4876177176,14475000,0.6451349705457687,36
mtd_ai,200,0.005080320971402368,0.3409090909090909,2051.642244350416,0.05,150,5,0.12555555555555556,0.38887238822675185,1.668354434183908,0.0,509527.1571878142,14475000,1.4748450368642807,36
mtd_ai,200,0.005080320971402368,0.36585365853658536,3792.1359221213906,0.1,150,5,0.12555555555555556,0.38887238822675185,1.668354434183908,0.0,509527.1571878142,14475000,1.4748450368642807,36
mtd_ai,200,0.005080320971402368,0.42452830188679247,4553.033854416701,0.15,150,5,0.12555555555555556,0.38887238822675185,1.668354434183908,0.0,509527.1571878142,14475000,1.4748450368642807,36
mtd_ai,200,0.005080320971402368,0.46875,5488.081639009096,0.2,150,5,0.12555555555555556,0.38887238822675185,1.668354434183908,0.0,509527.1571878142,14475000,1.4748450368642807,36
mtd_ai,200,0.005080320971402368,0.5136986301369864,5845.054041439542,0.25,150,5,0.12555555555555556,0.38887238822675185,1.668354434183908,0.0,509527.1571878142,14475000,1.4748450368642807,36
mtd_ai,200,0.0050702287429408395,0.3125,2314.9389150952356,0.05,150,5,0.10200000000000001,0.2717481445315504,0.9288489326103585,0.0,627568.0391242568,22380000,1.2192749767564237,40
mtd_ai,200,0.0050702287429408395,0.40540540540540543,3156.200604000332,0.1,150,5,0.10200000000000001,0.2717481445315504,0.9288489326103585,0.0,627568.0391242568,22380000,1.2192749767564237,40
mtd_ai,200,0.0050702287429408395,0.4326923076923077,4554.530230300203,0.15,150,5,0.10200000000000001,0.2717481445315504,0.9288489326103585,0.0,627568.0391242568,22380000,1.2192749767564237,40
mtd_ai,200,0.0050702287429408395,0.4225352112676056,5481.739946655036,0.2,150,5,0.10200000000000001,0.2717481445315504,0.9288489326103585,0.0,627568.0391242568,22380000,1.2192749767564237,40
mtd_ai,200,0.0050702287429408395,0.42613636363636365,6127.6440938121195,0.25,150,5,0.10200000000000001,0.2717481445315504,0.9288489326103585,0.0,627568.0391242568,22380000,1.2192749767564237,40
mtd_ai,200,0.005074475075619509,0.39473684210526316,2168.6202637611395,0.05,150,5,0.12666666666666668,1.0146019933749215,1.7486552955567116,0.0,513294.8615501147,11557500,1.8374701961874962,35
mtd_ai,200,0.005074475075619509,0.3191489361702128,3868.0773516045406,0.1,150,5,0.12666666666666668,1.0146019933749215,1.7486552955567116,0.0,513294.8615501147,11557500,1.8374701961874962,35
mtd_ai,200,0.005074475075619509,0.4090909090909091,4194.427070916623,0.15,150,5,0.12666666666666668,1.0146019933749215,1.7486552955567116,0.0,513294.8615501147,11557500,1.8374701961874962,35
mtd_ai,200,0.005074475075619509,0.45454545454545453,4991.434595131109,0.2,150,5,0.12666666666666668,1.0146019933749215,1.7486552955567116,0.0,513294.8615501147,11557500,1.8374701961874962,35
mtd_ai,200,0.005074475075619509,0.487012987012987,5388.508338483862,0.25,150,5,0.12666666666666668,1.0146019933749215,1.7486552955567116,0.0,513294.8615501147,11557500,1.8374701961874962,35
mtd_ai,200,0.005072999981297925,0.32608695652173914,2569.082202539189,0.05,150,5,0.1511111111111111,0.3300732174354253,1.4061872521777403,0.0,560726.80606058,14565000,0.2702698577195406,38
mtd_ai,200,0.005072999981297925,0.42857142857142855,3209.435797779137,0.1,150,5,0.1511111111111111,0.3300732174354253,1.4061872521777403,0.0,560726.80606058,14565000,0.2702698577195406,38
mtd_ai,200,0.005072999981297925,0.45,4502.497525622035,0.15,150,5,0.1511111111111111,0.3300732174354253,1.4061872521777403,0.0,560726.80606058,14565000,0.2702698577195406,38
mtd_ai,200,0.005072999981297925,0.5,5051.716484316428,0.2,150,5,0.1511111111111111,0.3300732174354253,1.4061872521777403,0.0,560726.80606058,14565000,0.2702698577195406,38
mtd_ai,200,0.005072999981297925,0.5357142857142857,5570.812295089558,0.25,150,5,0.1511111111111111,0.3300732174354253,1.4061872521777403,0.0,560726.80606058,14565000,0.2702698577195406,38
mtd_ai,200,0.005064990078557733,0.24193548387096775,2585.0915904180983,0.05,150,5,0.20833333333333334,0.27253470711941685,0.7241446682969014,0.0,527701.4780628299,17115000,0.3494100412353873,40
mtd_ai,200,0.005064990078557733,0.3333333333333333,3457.9049876647896,0.1,150,5,0.20833333333333334,0.27253470711941685,0.7241446682969014,0.0,527701.4780628299,17115000,0.3494100412353873,40
mtd_ai,200,0.005064990078557733,0.4090909090909091,4013.2232366670733,0.15,150,5,0.20833333333333334,0.27253470711941685,0.7241446682969014,0.0,527701.4780628299,17115000,0.3494100412353873,40
mtd_ai,200,0.005064990078557733,0.4166666666666667,5293.197002849869,0.2,150,5,0.20833333333333334,0.27253470711941685,0.7241446682969014,0.0,527701.4780628299,17115000,0.3494100412353873,40
mtd_ai,200,0.005064990078557733,0.436046511627907,6251.7198761649215,0.25,150,5,0.20833333333333334,0.27253470711941685,0.7241446682969014,0.0,527701.4780628299,17115000,0.3494100412353873,40
mtd_ai,200,0.005065362660301124,0.2777777777777778,3362.2644015094766,0.05,150,5,0.13063492063492063,10.013428695910635,8.266493893883897,0.0,557862.0277412664,13102500,1.2634198414161801,39
mtd_ai,200,0.005065362660301124,0.39473684210526316,3925.697981415089,0.1,150,5,0.13063492063492063,10.013428695910635,8.266493893883897,0.0,557862.0277412664,13102500,1.2634198414161801,39
mtd_ai,200,0.005065362660301124,0.4411764705882353,4700.116972888303,0.15,150,5,0.13063492063492063,10.013428695910635,8.266493893883897,0.0,557862.0277412664,13102500,1.2634198414161801,39
mtd_ai,200,0.005065362660301124,0.45454545454545453,5586.190379710557,0.2,150,5,0.13063492063492063,10.013428695910635,8.266493893883897,0.0,557862.0277412664,13102500,1.2634198414161801,39
mtd_ai,200,0.005065362660301124,0.4934210526315789,6172.417520565305,0.25,150,5,0.13063492063492063,10.013428695910635,8.266493893883897,0.0,557862.0277412664,13102500,1.2634198414161801,39
mtd_ai,200,0.0050657364004700915,0.375,1685.4191699839803,0.05,150,5,0.15753968253968256,0.5713219969000294,2.2716117292498663,0.0,615896.0565855828,0.8558699686545879,42
mtd_ai,200,0.0050657364004700915,0.375,2908.179725083237,0.1,150,5,0.15753968253968256,0.5713219969000294,2.2716117292498663,0.0,615896.0565855828,0.8558699686545879,42
mtd_ai,200,0.0050657364004700915,0.39473684210526316,4599.546712401178,0.15,150,5,0.15753968253968256,0.5713219969000294,2.2716117292498663,0.0,615896.0565855828,0.8558699686545879,42
mtd_ai,200,0.0050657364004700915,0.379746835443038,5729.510534000375,0.2,150,5,0.15753968253968256,0.5713219969000294,2.2716117292498663,0.0,615896.0565855828,0.8558699686545879,42
mtd_ai,200,0.0050657364004700915,0.3787878787878788,6657.905629993285,0.25,150,5,0.15753968253968256,0.5713219969000294,2.2716117292498663,0.0,615896.0565855828,0.8558699686545879,42
mtd_ai,200,0.005032159924225734,0.39473684210526316,1812.3383898146394,0.05,150,5,0.16,0.21570676326386948,0.6645008936860709,0.0,675396.1332276864,0.9423599985893816,44
mtd_ai,200,0.005032159924225734,0.30612244897959184,4142.49746203496,0.1,150,5,0.16,0.21570676326386948,0.6645008936860709,0.0,675396.1332276864,0.9423599985893816,44
mtd_ai,200,0.005032159924225734,0.34615384615384615,5177.7293897564105,0.15,150,5,0.16,0.21570676326386948,0.6645008936860709,0.0,675396.1332276864,0.9423599985893816,44
mtd_ai,200,0.005032159924225734,0.379746835443038,6405.814293117772,0.2,150,5,0.16,0.21570676326386948,0.6645008936860709,0.0,675396.1332276864,0.9423599985893816,44
mtd_ai,200,0.005032159924225734,0.41208791208791207,7021.479412543094,0.25,150,5,0.16,0.21570676326386948,0.6645008936860709,0.0,675396.1332276864,0.9423599985893816,44
mtd_ai,200,0.005085117155563443,0.4411764705882353,1607.8828717720246,0.05,150,5,0.17311111111111113,1.5010651475507704,4.750048323721778,0.0,479138.706528389,0.2526000200305134,32
mtd_ai,200,0.005085117155563443,0.46875,2519.082856493423,0.1,150,5,0.17311111111111113,1.5010651475507704,4.750048323721778,0.0,479138.706528389,0.2526000200305134,32
mtd_ai,200,0.005085117155563443,0.4891304347826087,3906.941053429576,0.15,150,5,0.17311111111111113,1.5010651475507704,4.750048323721778,0.0,479138.706528389,0.2526000200305134,32
mtd_ai,200,0.005085117155563443,0.5,4491.312170449217,0.2,150,5,0.17311111111111113,1.5010651475507704,4.750048323721778,0.0,479138.706528389,0.2526000200305134,32
mtd_ai,200,0.005085117155563443,0.5357142857142857,4816.802263823181,0.25,150,5,0.17311111111111113,1.5010651475507704,4.750048323721778,0.0,479138.706528389,0.2526000200305134,32
mtd_ai,200,0.0050380020973364355,0.2777777777777778,2766.5902617937672,0.05,150,5,0.1078888888888889,0.17756956337985122,0.5361730817928473,0.0,525216.179292037,0.5935049965046346,39
mtd_ai,200,0.0050380020973364355,0.3409090909090909,4084.727308260326,0.1,150,5,0.1078888888888889,0.17756956337985122,0.5361730817928473,0.0,525216.179292037,0.5935049965046346,39
mtd_ai,200,0.0050380020973364355,0.39473684210526316,5036.568081503121,0.15,150,5,0.1078888888888889,0.17756956337985122,0.5361730817928473,0.0,525216.179292037,0.5935049965046346,39
mtd_ai,200,0.0050380020973364355,0.42857142857142855,5874.676320429593,0.2,150,5,0.1078888888888889,0.17756956337985122,0.5361730817928473,0.0,525216.179292037,0.5935049965046346,39
mtd_ai,200,0.0050380020973364355,0.4807692307692308,6157.0642131275745,0.25,150,5,0.1078888888888889,0.17756956337985122,0.5361730817928473,0.0,525216.179292037,0.5935049965046346,39
mtd_ai,200,0.005037155145474885,0.22727272727272727,3207.5116476631424,0.05,150,5,0.145,0.8220230843094961,1.3799456500544376,0.0,578734.7763091892,0.30417000671150163,39
mtd_ai,200,0.005037155145474885,0.3409090909090909,3747.781393051228,0.1,150,5,0.145,0.8220230843094961,1.3799456500544376,0.0,578734.7763091892,0.30417000671150163,39
mtd_ai,200,0.005037155145474885,0.4166666666666667,4143.491215666312,0.15,150,5,0.145,0.8220230843094961,1.3799456500544376,0.0,578734.7763091892,0.30417000671150163,39
mtd_ai,200,0.005037155145474885,0.46153846153846156,5178.8524450935565,0.2,150,5,0.145,0.8220230843094961,1.3799456500544376,0.0,578734.7763091892,0.30417000671150163,39
mtd_ai,200,0.005037155145474885,0.4573170731707317,6027.1554686956915,0.25,150,5,0.145,0.8220230843094961,1.3799456500544376,0.0,578734.7763091892,0.30417000671150163,39
mtd_ai,200,0.005043304826844891,0.3125,2473.2143423709317,0.05,150,5,0.1,2.6786301760034297,5.098035815857108,0.0,586326.4313868809,0.7062450036755763,41
mtd_ai,200,0.005043304826844891,0.39473684210526316,3794.355558288804,0.1,150,5,0.1,2.6786301760034297,5.098035815857108,0.0,586326.4313868809,0.7062450036755763,41
mtd_ai,200,0.005043304826844891,0.42452830188679247,5238.991470182454,0.15,150,5,0.1,2.6786301760034297,5.098035815857108,0.0,586326.4313868809,0.7062450036755763,41
mtd_ai,200,0.005043304826844891,0.45454545454545453,6159.168211072035,0.2,150,5,0.1,2.6786301760034297,5.098035815857108,0.0,586326.4313868809,0.7062450036755763,41
mtd_ai,200,0.005043304826844891,0.487012987012987,6531.325437780286,0.25,150,5,0.1,2.6786301760034297,5.098035815857108,0.0,586326.4313868809,0.7062450036755763,41
mtd_ai,200,0.005074703099681764,0.26785714285714285,3403.220415209417,0.05,150,5,0.12133333333333333,1.0877328308606802,3.54242930472585,0.0,471895.12837107695,2.489430009154603,37
mtd_ai,200,0.005074703099681764,0.375,4438.589613069313,0.1,150,5,0.12133333333333333,1.0877328308606802,3.54242930472585,0.0,471895.12837107695,2.489430009154603,37
mtd_ai,200,0.005074703099681764,0.4326923076923077,5010.346987048157,0.15,150,5,0.12133333333333333,1.0877328308606802,3.54242930472585,0.0,471895.12837107695,2.489430009154603,37
mtd_ai,200,0.005074703099681764,0.46153846153846156,5620.023170881572,0.2,150,5,0.12133333333333333,1.0877328308606802,3.54242930472585,0.0,471895.12837107695,2.489430009154603,37
mtd_ai,200,0.005074703099681764,0.5,6118.901175800407,0.25,150,5,0.12133333333333333,1.0877328308606802,3.54242930472585,0.0,471895.12837107695,2.489430009154603,37
mtd_ai,200,0.005082786813368003,0.2777777777777778,2362.0540342914846,0.05,150,5,0.15811111111111112,1.2671978637033339,3.793513311653858,0.0,458951.67102001054,0.25385999033460394,32
mtd_ai,200,0.005082786813368003,0.3409090909090909,3316.30350223907,0.1,150,5,0.15811111111111112,1.2671978637033339,3.793513311653858,0.0,458951.67102001054,0.25385999033460394,32
mtd_ai,200,0.005082786813368003,0.4017857142857143,3965.912778790272,0.15,150,5,0.15811111111111112,1.2671978637033339,3.793513311653858,0.0,458951.67102001054,0.25385999033460394,32
mtd_ai,200,0.005082786813368003,0.45454545454545453,4576.086365554986,0.2,150,5,0.15811111111111112,1.2671978637033339,3.793513311653858,0.0,458951.67102001054,0.25385999033460394,32
mtd_ai,200,0.005082786813368003,0.5,4840.753526503125,0.25,150,5,0.15811111111111112,1.2671978637033339,3.793513311653858,0.0,458951.67102001054,0.25385999033460394,32
mtd_ai,200,0.005058149831833377,0.26785714285714285,2755.3871103334086,0.05,150,5,0.13366666666666668,0.9731592427236924,3.800713948143314,0.0,591174.6347425568,0.3305550024379045,43
mtd_ai,200,0.005058149831833377,0.36585365853658536,3822.17566000991,0.1,150,5,0.13366666666666668,0.9731592427236924,3.800713948143314,0.0,591174.6347425568,0.3305550024379045,43
mtd_ai,200,0.005058149831833377,0.35714285714285715,5233.1082359698885,0.15,150,5,0.13366666666666668,0.9731592427236924,3.800713948143314,0.0,591174.6347425568,0.3305550024379045,43
mtd_ai,200,0.005058149831833377,0.38961038961038963,6079.425085360621,0.2,150,5,0.13366666666666668,0.9731592427236924,3.800713948143314,0.0,591174.6347425568,0.3305550024379045,43
mtd_ai,200,0.005058149831833377,0.39893617021276595,6670.3637541235385,0.25,150,5,0.13366666666666668,0.9731592427236924,3.800713948143314,0.0,591174.6347425568,0.3305550024379045,43
mtd_ai,200,0.0050429593505097875,0.375,2025.7400898798066,0.05,150,5,0.12333333333333334,0.46235387078749435,1.903769154101138,0.0,561429.3580068317,1.375650019326713,38
mtd_ai,200,0.0050429593505097875,0.40540540540540543,3168.403212465192,0.1,150,5,0.12333333333333334,0.46235387078749435,1.903769154101138,0.0,561429.3580068317,1.375650019326713,38
mtd_ai,200,0.0050429593505097875,0.4411764705882353,4355.741588891234,0.15,150,5,0.12333333333333334,0.46235387078749435,1.903769154101138,0.0,561429.3580068317,1.375650019326713,38
mtd_ai,200,0.0050429593505097875,0.46153846153846156,5022.615690274692,0.2,150,5,0.12333333333333334,0.46235387078749435,1.903769154101138,0.0,561429.3580068317,1.375650019326713,38
mtd_ai,200,0.0050429593505097875,0.5,5973.33619500519,0.25,150,5,0.12333333333333334,0.46235387078749435,1.903769154101138,0.0,561429.3580068317,1.375650019326713,38
mtd_ai,200,0.005039420995692441,0.22058823529411764,4184.251518823786,0.05,150,5,0.07142857142857142,0.8453712723848207,2.090201366606445,0.0,615656.8614061417,0.9542850064462982,44
mtd_ai,200,0.005039420995692441,0.28846153846153844,5620.056922778309,0.1,150,5,0.07142857142857142,0.8453712723848207,2.090201366606445,0.0,615656.8614061417,0.9542850064462982,44
mtd_ai,200,0.005039420995692441,0.3515625,6188.8763246309845,0.15,150,5,0.07142857142857142,0.8453712723848207,2.090201366606445,0.0,615656.8614061417,0.9542850064462982,44
mtd_ai,200,0.005039420995692441,0.38461538461538464,7086.453550556061,0.2,150,5,0.07142857142857142,0.8453712723848207,2.090201366606445,0.0,615656.8614061417,0.9542850064462982,44
mtd_ai,200,0.005039420995692441,0.4411764705882353,7290.637617708838,0.25,150,5,0.07142857142857142,0.8453712723848207,2.090201366606445,0.0,615656.8614061417,0.9542850064462982,44
mtd_ai,200,0.005075374844068808,0.3409090909090909,1426.8657408352105,0.05,150,5,0.11777777777777776,1.9670808828373392,2.58806728770584,0.0,400192.3307357268,0.5675549909938127,27
mtd_ai,200,0.005075374844068808,0.40540540540540543,2349.3350984653457,0.1,150,5,0.11777777777777776,1.9670808828373392,2.58806728770584,0.0,400192.3307357268,0.5675549909938127,27
mtd_ai,200,0.005075374844068808,0.45,2903.208403090691,0.15,150,5,0.11777777777777776,1.9670808828373392,2.58806728770584,0.0,400192.3307357268,0.5675549909938127,27
mtd_ai,200,0.005075374844068808,0.4918032786885246,3413.2432319145228,0.2,150,5,0.11777777777777776,1.9670808828373392,2.58806728770584,0.0,400192.3307357268,0.5675549909938127,27
mtd_ai,200,0.005075374844068808,0.5067567567567568,3937.627775609222,0.25,150,5,0.11777777777777776,1.9670808828373392,2.58806728770584,0.0,400192.3307357268,0.5675549909938127,27
mtd_ai,200,0.00504815466120505,0.2777777777777778,2349.834368514661,0.05,150,5,0.12277777777777779,1.6361164194173912,4.1575517253033585,0.0,470635.9774743474,0.7651350024389103,35
mtd_ai,200,0.00504815466120505,0.375,3498.3180390330335,0.1,150,5,0.12277777777777779,1.6361164194173912,4.1575517253033585,0.0,470635.9774743474,0.7651350024389103,35
mtd_ai,200,0.00504815466120505,0.45,4058.019279301734,0.15,150,5,0.12277777777777779,1.6361164194173912,4.1575517253033585,0.0,470635.9774743474,0.7651350024389103,35
mtd_ai,200,0.00504815466120505,0.47619047619047616,4763.332059672321,0.2,150,5,0.12277777777777779,1.6361164194173912,4.1575517253033585,0.0,470635.9774743474,0.7651350024389103,35
mtd_ai,200,0.00504815466120505,0.5,5551.215575698334,0.25,150,5,0.12277777777777779,1.6361164194173912,4.1575517253033585,0.0,470635.9774743474,0.7651350024389103,35
mtd_ai,200,0.005035514007488436,0.1595744680851064,3721.9240661693466,0.05,150,5,0.14044444444444446,0.5119429715905127,1.2656192761805525,0.0,711982.793611095,1.3710299666854553,48
mtd_ai,200,0.005035514007488436,0.22388059701492538,4840.893118323576,0.1,150,5,0.14044444444444446,0.5119429715905127,1.2656192761805525,0.0,711982.793611095,1.3710299666854553,48
mtd_ai,200,0.005035514007488436,0.2922077922077922,5621.112194770816,0.15,150,5,0.14044444444444446,0.5119429715905127,1.2656192761805525,0.0,711982.793611095,1.3710299666854553,48
mtd_ai,200,0.005035514007488436,0.30612244897959184,6700.433801909599,0.2,150,5,0.14044444444444446,0.5119429715905127,1.2656192761805525,0.0,711982.793611095,1.3710299666854553,48
mtd_ai,200,0.005035514007488436,0.33185840707964603,7366.826443069622,0.25,150,5,0.14044444444444446,0.5119429715905127,1.2656192761805525,0.0,711982.793611095,1.3710299666854553,48
mtd_ai,200,0.005049903113952791,0.35714285714285715,1896.637798145869,0.05,150,5,0.14644444444444446,0.05505613961618278,0.18960533460430606,0.0,575597.0059603106,0.8212649932829663,38
mtd_ai,200,0.005049903113952791,0.38461538461538464,3360.472483307439,0.1,150,5,0.14644444444444446,0.05505613961618278,0.18960533460430606,0.0,575597.0059603106,0.8212649932829663,38
mtd_ai,200,0.005049903113952791,0.4411764705882353,4010.3823602694606,0.15,150,5,0.14644444444444446,0.05505613961618278,0.18960533460430606,0.0,575597.0059603106,0.8212649932829663,38
mtd_ai,200,0.005049903113952791,0.42857142857142855,5000.203071534885,0.2,150,5,0.14644444444444446,0.05505613961618278,0.18960533460430606,0.0,575597.0059603106,0.8212649932829663,38
mtd_ai,200,0.005049903113952791,0.45180722891566266,5750.002790016906,0.25,150,5,0.14644444444444446,0.05505613961618278,0.18960533460430606,0.0,575597.0059603106,0.8212649932829663,38
mtd_ai,200,0.0050419618221688774,0.19736842105263158,2816.6848559903106,0.05,150,5,0.16000000000000003,0.6113025160784138,0.7994738487671377,0.0,607186.1460628089,0.8917950151953846,41
mtd_ai,200,0.0050419618221688774,0.2830188679245283,3787.2001834191774,0.1,150,5,0.16000000000000003,0.6113025160784138,0.7994738487671377,0.0,607186.1460628089,0.8917950151953846,41
mtd_ai,200,0.0050419618221688774,0.3515625,4169.683884430751,0.15,150,5,0.16000000000000003,0.6113025160784138,0.7994738487671377,0.0,607186.1460628089,0.8917950151953846,41
mtd_ai,200,0.0050419618221688774,0.35294117647058826,5603.936284658472,0.2,150,5,0.16000000000000003,0.6113025160784138,0.7994738487671377,0.0,607186.1460628089,0.8917950151953846,41
mtd_ai,200,0.0050419618221688774,0.3865979381443299,6363.518430116224,0.25,150,5,0.16000000000000003,0.6113025160784138,0.7994738487671377,0.0,607186.1460628089,0.8917950151953846,41
mtd_ai,200,0.005083636603099312,0.4166666666666667,1594.2594554973023,0.05,150,5,0.125,1.3066611801112848,3.443585828515031,0.0,485940.3437289676,0.2786999742966145,33
mtd_ai,200,0.005083636603099312,0.4838709677419355,2685.0799330862546,0.1,150,5,0.125,1.3066611801112848,3.443585828515031,0.0,485940.3437289676,0.2786999742966145,33
mtd_ai,200,0.005083636603099312,0.5357142857142857,3164.9272988218563,0.15,150,5,0.125,1.3066611801112848,3.443585828515031,0.0,485940.3437289676,0.2786999742966145,33
mtd_ai,200,0.005083636603099312,0.5172413793103449,4301.180960454859,0.2,150,5,0.125,1.3066611801112848,3.443585828515031,0.0,485940.3437289676,0.2786999742966145,33
mtd_ai,200,0.005083636603099312,0.5067567567567568,5160.361878884647,0.25,150,5,0.125,1.3066611801112848,3.443585828515031,0.0,485940.3437289676,0.2786999742966145,33
mtd_ai,200,0.005037938223646648,0.26785714285714285,2331.0085456319875,0.05,150,5,0.10488888888888888,0.4128072795756286,1.5207263306732584,0.0,546764.7053493843,1.304655006970279,40
mtd_ai,200,0.005037938223646648,0.3488372093023256,3387.1432678045876,0.1,150,5,0.10488888888888888,0.4128072795756286,1.5207263306732584,0.0,546764.7053493843,1.304655006970279,40
mtd_ai,200,0.005037938223646648,0.4166666666666667,4217.147874517596,0.15,150,5,0.10488888888888888,0.4128072795756286,1.5207263306732584,0.0,546764.7053493843,1.304655006970279,40
mtd_ai,200,0.005037938223646648,0.4411764705882353,5476.194530827981,0.2,150,5,0.10488888888888888,0.4128072795756286,1.5207263306732584,0.0,546764.7053493843,1.304655006970279,40
mtd_ai,200,0.005037938223646648,0.46296296296296297,6447.4323381933045,0.25,150,5,0.10488888888888888,0.4128072795756286,1.5207263306732584,0.0,546764.7053493843,1.304655006970279,40
mtd_ai,200,0.005051944459300142,0.3409090909090909,2335.69538658504,0.05,150,5,0.12333333333333334,0.2530594858083792,0.9778674773557906,0.0,524383.6028407152,0.28150500875199214,36
mtd_ai,200,0.005051944459300142,0.40540540540540543,3705.3529284070246,0.1,150,5,0.12333333333333334,0.2530594858083792,0.9778674773557906,0.0,524383.6028407152,0.28150500875199214,36
mtd_ai,200,0.005051944459300142,0.45,4408.084985683986,0.15,150,5,0.12333333333333334,0.2530594858083792,0.9778674773557906,0.0,524383.6028407152,0.28150500875199214,36
mtd_ai,200,0.005051944459300142,0.4918032786885246,5069.347430106717,0.2,150,5,0.12333333333333334,0.2530594858083792,0.9778674773557906,0.0,524383.6028407152,0.28150500875199214,36
mtd_ai,200,0.005051944459300142,0.528169014084507,5579.047423726337,0.25,150,5,0.12333333333333334,0.2530594858083792,0.9778674773557906,0.0,524383.6028407152,0.28150500875199214,36
mtd_ai,200,0.005041617295762578,0.39473684210526316,1823.814491524965,0.05,150,5,0.14666666666666667,0.539455465897258,2.426562771826046,2.7567567567567566,521696.0592157457,0.3039749921299517,39
mtd_ai,200,0.005041617295762578,0.38461538461538464,3682.5507363968045,0.1,150,5,0.14666666666666667,0.539455465897258,2.426562771826046,2.7567567567567566,521696.0592157457,0.3039749921299517,39
mtd_ai,200,0.005041617295762578,0.36885245901639346,4761.825357634702,0.15,150,5,0.14666666666666667,0.539455465897258,2.426562771826046,2.7567567567567566,521696.0592157457,0.3039749921299517,39
mtd_ai,200,0.005041617295762578,0.4,5493.487802327698,0.2,150,5,0.14666666666666667,0.539455465897258,2.426562771826046,2.7567567567567566,521696.0592157457,0.3039749921299517,39
mtd_ai,200,0.005041617295762578,0.4411764705882353,6110.763811199362,0.25,150,5,0.14666666666666667,0.539455465897258,2.426562771826046,2.7567567567567566,521696.0592157457,0.3039749921299517,39
mtd_ai,200,0.005042961620437103,0.26785714285714285,3189.9792378660827,0.05,150,5,0.17755555555555555,1.049132377641458,3.295393477476769,0.0,494904.60217005806,0.6316800034255721,37
mtd_ai,200,0.005042961620437103,0.3488372093023256,4193.767241026211,0.1,150,5,0.17755555555555555,1.049132377641458,3.295393477476769,0.0,494904.60217005806,0.6316800034255721,37
mtd_ai,200,0.005042961620437103,0.4017857142857143,4733.709039761925,0.15,150,5,0.17755555555555555,1.049132377641458,3.295393477476769,0.0,494904.60217005806,0.6316800034255721,37
mtd_ai,200,0.005042961620437103,0.43478260869565216,5474.209366244884,0.2,150,5,0.17755555555555555,1.049132377641458,3.295393477476769,0.0,494904.60217005806,0.6316800034255721,37
mtd_ai,200,0.005042961620437103,0.4807692307692308,5728.730703938356,0.25,150,5,0.17755555555555555,1.049132377641458,3.295393477476769,0.0,494904.60217005806,0.6316800034255721,37
mtd_ai,200,0.0050500687508659055,0.16666666666666666,5328.612493760053,0.05,150,5,0.09333333333333334,0.7731183583329291,2.4444397011813077,0.0,759714.8014219288,1.5182549701421522,52
mtd_ai,200,0.0050500687508659055,0.234375,6477.097013302307,0.1,150,5,0.09333333333333334,0.7731183583329291,2.4444397011813077,0.0,759714.8014219288,1.5182549701421522,52
mtd_ai,200,0.0050500687508659055,0.29605263157894735,7391.3253440557155,0.15,150,5,0.09333333333333334,0.7731183583329291,2.4444397011813077,0.0,759714.8014219288,1.5182549701421522,52
mtd_ai,200,0.0050500687508659055,0.33707865168539325,7942.862840170851,0.2,150,5,0.09333333333333334,0.7731183583329291,2.4444397011813077,0.0,759714.8014219288,1.5182549701421522,52
mtd_ai,200,0.0050500687508659055,0.3865979381443299,8271.933778340193,0.25,150,5,0.09333333333333334,0.7731183583329291,2.4444397011813077,0.0,759714.8014219288,1.5182549701421522,52
mtd_ai,200,0.0050610839306175015,0.26785714285714285,2703.6973484008627,0.05,150,5,0.16055555555555553,0.46565757930008295,1.5679051477998325,0.0,585467.8478424724,1.4541450189426541,39
mtd_ai,200,0.0050610839306175015,0.3409090909090909,3955.3144274435117,0.1,150,5,0.16055555555555553,0.46565757930008295,1.5679051477998325,0.0,585467.8478424724,1.4541450189426541,39
mtd_ai,200,0.0050610839306175015,0.4017857142857143,4930.207890733924,0.15,150,5,0.16055555555555553,0.46565757930008295,1.5679051477998325,0.0,585467.8478424724,1.4541450189426541,39
mtd_ai,200,0.0050610839306175015,0.4411764705882353,5794.538961529301,0.2,150,5,0.16055555555555553,0.46565757930008295,1.5679051477998325,0.0,585467.8478424724,1.4541450189426541,39
mtd_ai,200,0.0050610839306175015,0.4934210526315789,6123.393905559378,0.25,150,5,0.16055555555555553,0.46565757930008295,1.5679051477998325,0.0,585467.8478424724,1.4541450189426541,39
mtd_ai,200,0.005046341141506723,0.32608695652173914,2161.72546762155,0.05,150,5,0.13455555555555557,1.6334759436325723,2.1576009297443126,0.0,524307.8290776267,1.4439750113524497,36
mtd_ai,200,0.005046341141506723,0.38461538461538464,3441.466372541101,0.1,150,5,0.13455555555555557,1.6334759436325723,2.1576009297443126,0.0,524307.8290776267,1.4439750113524497,36
mtd_ai,200,0.005046341141506723,0.4411764705882353,3952.9981134003874,0.15,150,5,0.13455555555555557,1.6334759436325723,2.1576009297443126,0.0,524307.8290776267,1.4439750113524497,36
mtd_ai,200,0.005046341141506723,0.47619047619047616,4510.783736596224,0.2,150,5,0.13455555555555557,1.6334759436325723,2.1576009297443126,0.0,524307.8290776267,1.4439750113524497,36
mtd_ai,200,0.005046341141506723,0.4411764705882353,5574.238989807803,0.25,150,5,0.13455555555555557,1.6334759436325723,2.1576009297443126,0.0,524307.8290776267,1.4439750113524497,36
mtd_ai,200,0.005066134189744863,0.25,2566.9714160693084,0.05,150,5,0.14988888888888888,0.586263136695947,2.1997603131159216,0.0,567160.2310540103,0.9218549952493049,42
mtd_ai,200,0.005066134189744863,0.29411764705882354,4573.402767055436,0.1,150,5,0.14988888888888888,0.586263136695947,2.1997603131159216,0.0,567160.2310540103,0.9218549952493049,42
mtd_ai,200,0.005066134189744863,0.36885245901639346,5215.083323481691,0.15,150,5,0.14988888888888888,0.586263136695947,2.1997603131159216,0.0,567160.2310540103,0.9218549952493049,42
mtd_ai,200,0.005066134189744863,0.38961038961038963,6064.252045602876,0.2,150,5,0.14988888888888888,0.586263136695947,2.1997603131159216,0.0,567160.2310540103,0.9218549952493049,42
mtd_ai,200,0.005066134189744863,0.42613636363636365,6746.109407372889,0.25,150,5,0.14988888888888888,0.586263136695947,2.1997603131159216,0.0,567160.2310540103,0.9218549952493049,42
mtd_ai,200,0.005074317284362714,0.25862068965517243,2583.6136158243644,0.05,150,5,0.15833333333333333,0.4562818807951767,1.5822236060986843,0.0,563620.5592103262,0.911895019817166,38
mtd_ai,200,0.005074317284362714,0.2830188679245283,4162.091118863058,0.1,150,5,0.15833333333333333,0.4562818807951767,1.5822236060986843,0.0,563620.5592103262,0.911895019817166,38
mtd_ai,200,0.005074317284362714,0.35714285714285715,4859.447557915268,0.15,150,5,0.15833333333333333,0.4562818807951767,1.5822236060986843,0.0,563620.5592103262,0.911895019817166,38
mtd_ai,200,0.005074317284362714,0.4,5464.935035457233,0.2,150,5,0.15833333333333333,0.4562818807951767,1.5822236060986843,0.0,563620.5592103262,0.911895019817166,38
mtd_ai,200,0.005074317284362714,0.44642857142857145,5907.476606864424,0.25,150,5,0.15833333333333333,0.4562818807951767,1.5822236060986843,0.0,563620.5592103262,0.911895019817166,38
mtd_ai,200,0.005036875277800889,0.4411764705882353,1229.846851107035,0.05,150,5,0.09333333333333334,1.6650495503623244,4.69200101129398,0.0,564325.0427250423,0.32272500393446535,39
mtd_ai,200,0.005036875277800889,0.46875,2493.1633844312682,0.1,150,5,0.09333333333333334,1.6650495503623244,4.69200101129398,0.0,564325.0427250423,0.32272500393446535,39
mtd_ai,200,0.005036875277800889,0.4891304347826087,3345.630332086812,0.15,150,5,0.09333333333333334,1.6650495503623244,4.69200101129398,0.0,564325.0427250423,0.32272500393446535,39
mtd_ai,200,0.005036875277800889,0.42857142857142855,4746.529870089327,0.2,150,5,0.09333333333333334,1.6650495503623244,4.69200101129398,0.0,564325.0427250423,0.32272500393446535,39
mtd_ai,200,0.005036875277800889,0.42613636363636365,6091.333219276485,0.25,150,5,0.09333333333333334,1.6650495503623244,4.69200101129398,0.0,564325.0427250423,0.32272500393446535,39
mtd_ai,200,0.005065699111021659,0.3409090909090909,2176.6616684029295,0.05,150,5,0.11333333333333333,0.10496156372324811,0.291636603092082,0.0,560192.0975713698,0.8764200159930624,39
mtd_ai,200,0.005065699111021659,0.32608695652173914,4775.95543822528,0.1,150,5,0.11333333333333333,0.10496156372324811,0.291636603092082,0.0,560192.0975713698,0.8764200159930624,39
mtd_ai,200,0.005065699111021659,0.4017857142857143,5463.223469617853,0.15,150,5,0.11333333333333333,0.10496156372324811,0.291636603092082,0.0,560192.0975713698,0.8764200159930624,39
mtd_ai,200,0.005065699111021659,0.43478260869565216,5917.375919632363,0.2,150,5,0.11333333333333333,0.10496156372324811,0.291636603092082,0.0,560192.0975713698,0.8764200159930624,39
mtd_ai,200,0.005065699111021659,0.487012987012987,6211.443679669637,0.25,150,5,0.11333333333333333,0.10496156372324811,0.291636603092082,0.0,560192.0975713698,0.8764200159930624,39
mtd_ai,200,0.005049548753595334,0.22727272727272727,3557.3469444423276,0.05,150,5,0.12355555555555557,0.22390037312415229,0.9850550941447057,0.0,709473.2036150066,0.9831449773628265,49
mtd_ai,200,0.005049548753595334,0.3,5228.583810187355,0.1,150,5,0.12355555555555557,0.22390037312415229,0.9850550941447057,0.0,709473.2036150066,0.9831449773628265,49
mtd_ai,200,0.005049548753595334,0.2922077922077922,7092.045315638443,0.15,150,5,0.12355555555555557,0.22390037312415229,0.9850550941447057,0.0,709473.2036150066,0.9831449773628265,49
mtd_ai,200,0.005049548753595334,0.33707865168539325,7536.656380822825,0.2,150,5,0.12355555555555557,0.22390037312415229,0.9850550941447057,0.0,709473.2036150066,0.9831449773628265,49
mtd_ai,200,0.005049548753595334,0.3826530612244898,7866.153064695836,0.25,150,5,0.12355555555555557,0.22390037312415229,0.9850550941447057,0.0,709473.2036150066,0.9831449773628265,49
mtd_ai,200,0.005052968009951101,0.3409090909090909,2334.2894537474126,0.05,150,5,0.1371111111111111,5.1850382370170225,7.338779048466046,0.0,705891.6507641103,0.34739999973680824,50
mtd_ai,200,0.005052968009951101,0.32608695652173914,5077.731159733316,0.1,150,5,0.1371111111111111,5.1850382370170225,7.338779048466046,0.0,705891.6507641103,0.34739999973680824,50
mtd_ai,200,0.005052968009951101,0.3879310344827586,5997.615601667976,0.15,150,5,0.1371111111111111,5.1850382370170225,7.338779048466046,0.0,705891.6507641103,0.34739999973680824,50
mtd_ai,200,0.005052968009951101,0.3191489361702128,7479.708936012248,0.2,150,5,0.1371111111111111,5.1850382370170225,7.338779048466046,0.0,705891.6507641103,0.34739999973680824,50
mtd_ai,200,0.005052968009951101,0.35046728971962615,7906.045348201729,0.25,150,5,0.1371111111111111,5.1850382370170225,7.338779048466046,0.0,705891.6507641103,0.34739999973680824,50
mtd_ai,200,0.005068343718180008,0.375,2093.6227145235607,0.05,150,5,0.15,39.40746462901919,2.669310990600302,0.0,506882.02051437396,1.527899999928195,36
mtd_ai,200,0.005068343718180008,0.4166666666666667,3081.049169763297,0.1,150,5,0.15,39.40746462901919,2.669310990600302,0.0,506882.02051437396,1.527899999928195,36
mtd_ai,200,0.005068343718180008,0.45918367346938777,3997.485911372481,0.15,150,5,0.15,39.40746462901919,2.669310990600302,0.0,506882.02051437396,1.527899999928195,36
mtd_ai,200,0.005068343718180008,0.5084745762711864,4559.29146632793,0.2,150,5,0.15,39.40746462901919,2.669310990600302,0.0,506882.02051437396,1.527899999928195,36
mtd_ai,200,0.005068343718180008,0.5136986301369864,5485.099862952895,0.25,150,5,0.15,39.40746462901919,2.669310990600302,0.0,506882.02051437396,1.527899999928195,36
mtd_ai,200,0.005044837333371899,0.5,1001.577618813602,0.05,150,5,0.13444444444444442,0.4109452363185846,0.7654709149991412,0.0,552563.8845118631,0.3412650097743608,39
mtd_ai,200,0.005044837333371899,0.46875,2301.6455075391714,0.1,150,5,0.13444444444444442,0.4109452363185846,0.7654709149991412,0.0,552563.8845118631,0.3412650097743608,39
mtd_ai,200,0.005044837333371899,0.5,3652.3865865211505,0.15,150,5,0.13444444444444442,0.4109452363185846,0.7654709149991412,0.0,552563.8845118631,0.3412650097743608,39
mtd_ai,200,0.005044837333371899,0.4838709677419355,5472.00552779777,0.2,150,5,0.13444444444444442,0.4109452363185846,0.7654709149991412,0.0,552563.8845118631,0.3412650097743608,39
mtd_ai,200,0.005044837333371899,0.46296296296296297,6242.934460756385,0.25,150,5,0.13444444444444442,0.4109452363185846,0.7654709149991412,0.0,552563.8845118631,0.3412650097743608,39
mtd_ai,200,0.005070340204675197,0.32608695652173914,2401.2335847279355,0.05,150,5,0.18194708994708997,12.173370813634302,8.795515944616383,0.0,554128.6018535678,0.3657900306279771,38
mtd_ai,200,0.005070340204675197,0.3488372093023256,4162.293690118305,0.1,150,5,0.18194708994708997,12.173370813634302,8.795515944616383,0.0,554128.6018535678,0.3657900306279771,38
mtd_ai,200,0.005070340204675197,0.42452830188679247,4690.23998652948,0.15,150,5,0.18194708994708997,12.173370813634302,8.795515944616383,0.0,554128.6018535678,0.3657900306279771,38
mtd_ai,200,0.005070340204675197,0.45454545454545453,5513.617237398337,0.2,150,5,0.18194708994708997,12.173370813634302,8.795515944616383,0.0,554128.6018535678,0.3657900306279771,38
mtd_ai,200,0.005070340204675197,0.487012987012987,6054.1145555153125,0.25,150,5,0.18194708994708997,12.173370813634302,8.795515944616383,0.0,554128.6018535678,0.3657900306279771,38
mtd_ai,200,0.005065061940206558,0.32608695652173914,2033.9767687472595,0.05,150,5,0.12851851851851853,0.37642789753022765,0.9832481797031574,0.0,548699.1704899882,0.3020849952008575,39
mtd_ai,200,0.005065061940206558,0.3333333333333333,3436.365073779324,0.1,150,5,0.12851851851851853,0.37642789753022765,0.9832481797031574,0.0,548699.1704899882,0.3020849952008575,39
mtd_ai,200,0.005065061940206558,0.3879310344827586,4411.396640063551,0.15,150,5,0.12851851851851853,0.37642789753022765,0.9832481797031574,0.0,548699.1704899882,0.3020849952008575,39
mtd_ai,200,0.005065061940206558,0.42857142857142855,5095.197646716418,0.2,150,5,0.12851851851851853,0.37642789753022765,0.9832481797031574,0.0,548699.1704899882,0.3020849952008575,39
mtd_ai,200,0.005065061940206558,0.4573170731707317,5936.378685381811,0.25,150,5,0.12851851851851853,0.37642789753022765,0.9832481797031574,0.0,548699.1704899882,0.3020849952008575,39
mtd_ai,200,0.005070758688467541,0.35714285714285715,2269.35460294145,0.05,150,5,0.112,0.21027738189361558,0.5273026996839772,0.0,553232.9012661449,0.2941800092230551,39
mtd_ai,200,0.005070758688467541,0.40540540540540543,3678.202939446116,0.1,150,5,0.112,0.21027738189361558,0.5273026996839772,0.0,553232.9012661449,0.2941800092230551,39
mtd_ai,200,0.005070758688467541,0.45918367346938777,4429.69615767467,0.15,150,5,0.112,0.21027738189361558,0.5273026996839772,0.0,553232.9012661449,0.2941800092230551,39
mtd_ai,200,0.005070758688467541,0.42857142857142855,5806.789262524311,0.2,150,5,0.112,0.21027738189361558,0.5273026996839772,0.0,553232.9012661449,0.2941800092230551,39
mtd_ai,200,0.005070758688467541,0.4807692307692308,6200.9643431260265,0.25,150,5,0.112,0.21027738189361558,0.5273026996839772,0.0,553232.9012661449,0.2941800092230551,39
mtd_ai,200,0.00503940990309761,0.26785714285714285,2919.95088403151,0.05,150,5,0.09888888888888889,0.3652891283576423,1.2484889223512994,3.0833333333333335,687937.1241677377,0.8311499943374656,46
mtd_ai,200,0.00503940990309761,0.3488372093023256,4212.0168372110375,0.1,150,5,0.09888888888888889,0.3652891283576423,1.2484889223512994,3.0833333333333335,687937.1241677377,0.8311499943374656,46
mtd_ai,200,0.00503940990309761,0.36885245901639346,5957.735885193339,0.15,150,5,0.09888888888888889,0.3652891283576423,1.2484889223512994,3.0833333333333335,687937.1241677377,0.8311499943374656,46
mtd_ai,200,0.00503940990309761,0.37037037037037035,6784.128592750599,0.2,150,5,0.09888888888888889,0.3652891283576423,1.2484889223512994,3.0833333333333335,687937.1241677377,0.8311499943374656,46
mtd_ai,200,0.00503940990309761,0.4032258064516129,7174.375798722583,0.25,150,5,0.09888888888888889,0.3652891283576423,1.2484889223512994,3.0833333333333335,687937.1241677377,0.8311499943374656,46
mtd_ai,200,0.0050685159510318245,0.2777777777777778,2893.5402201424376,0.05,150,5,0.13666666666666666,0.22524520727832995,0.8212478518258839,0.0,561683.2674668225,0.8111699906294234,39
mtd_ai,200,0.0050685159510318245,0.3191489361702128,4088.2989367546606,0.1,150,5,0.13666666666666666,0.22524520727832995,0.8212478518258839,0.0,561683.2674668225,0.8111699906294234,39
mtd_ai,200,0.0050685159510318245,0.3813559322033898,4894.712388521789,0.15,150,5,0.13666666666666666,0.22524520727832995,0.8212478518258839,0.0,561683.2674668225,0.8111699906294234,39
mtd_ai,200,0.0050685159510318245,0.4166666666666667,5654.4647288522565,0.2,150,5,0.13666666666666666,0.22524520727832995,0.8212478518258839,0.0,561683.2674668225,0.8111699906294234,39
mtd_ai,200,0.0050685159510318245,0.45180722891566266,6094.070662552325,0.25,150,5,0.13666666666666666,0.22524520727832995,0.8212478518258839,0.0,561683.2674668225,0.8111699906294234,39
mtd_ai,200,0.00509107102201555,0.4411764705882353,1499.7643380303616,0.05,150,5,0.14444444444444443,1.5337577990956501,4.826810471985021,0.0,446278.8339712128,0.7072049891576171,32
mtd_ai,200,0.00509107102201555,0.45454545454545453,2856.8836223612407,0.1,150,5,0.14444444444444443,1.5337577990956501,4.826810471985021,0.0,446278.8339712128,0.7072049891576171,32
mtd_ai,200,0.00509107102201555,0.5113636363636364,3507.483623648235,0.15,150,5,0.14444444444444443,1.5337577990956501,4.826810471985021,0.0,446278.8339712128,0.7072049891576171,32
mtd_ai,200,0.00509107102201555,0.47619047619047616,4545.865611733044,0.2,150,5,0.14444444444444443,1.5337577990956501,4.826810471985021,0.0,446278.8339712128,0.7072049891576171,32
mtd_ai,200,0.00509107102201555,0.5136986301369864,5017.510327457045,0.25,150,5,0.14444444444444443,1.5337577990956501,4.826810471985021,0.0,446278.8339712128,0.7072049891576171,32
mtd_ai,200,0.005030420383426832,0.2777777777777778,2722.9370890452374,0.05,150,5,0.12333333333333334,1.4851168321958639,4.917009319595765,0.0,694179.0016363894,0.3330000297864899,50
mtd_ai,200,0.005030420383426832,0.35714285714285715,3887.262755905039,0.1,150,5,0.12333333333333334,1.4851168321958639,4.917009319595765,0.0,694179.0016363894,0.3330000297864899,50
mtd_ai,200,0.005030420383426832,0.3358208955223881,6681.854190053568,0.15,150,5,0.12333333333333334,1.4851168321958639,4.917009319595765,0.0,694179.0016363894,0.3330000297864899,50
mtd_ai,200,0.005030420383426832,0.38461538461538464,7284.280937393472,0.2,150,5,0.12333333333333334,1.4851168321958639,4.917009319595765,0.0,694179.0016363894,0.3330000297864899,50
mtd_ai,200,0.005030420383426832,0.41208791208791207,8019.119608693816,0.25,150,5,0.12333333333333334,1.4851168321958639,4.917009319595765,0.0,694179.0016363894,0.3330000297864899,50
mtd_ai,200,0.005061872911038549,0.32608695652173914,1909.214159729865,0.05,150,5,0.15620634920634924,1.1678010444109583,3.60040808657156,0.0,631451.0475945006,1.2789450120180845,44
mtd_ai,200,0.005061872911038549,0.3,4446.260628902604,0.1,150,5,0.15620634920634924,1.1678010444109583,3.60040808657156,0.0,631451.0475945006,1.2789450120180845,44
mtd_ai,200,0.005061872911038549,0.3629032258064516,5706.997519607713,0.15,150,5,0.15620634920634924,1.1678010444109583,3.60040808657156,0.0,631451.0475945006,1.2789450120180845,44
mtd_ai,200,0.005061872911038549,0.38961038961038963,6313.936878852235,0.2,150,5,0.15620634920634924,1.1678010444109583,3.60040808657156,0.0,631451.0475945006,1.2789450120180845,44
mtd_ai,200,0.005061872911038549,0.42134831460674155,7243.959737053152,0.25,150,5,0.15620634920634924,1.1678010444109583,3.60040808657156,0.0,631451.0475945006,1.2789450120180845,44
mtd_ai,200,0.00502929049103635,0.1875,4389.435599713588,0.05,150,5,0.18126984126984128,0.23386107869270584,0.8506928724127404,0.0,667427.2667212533,1.3207650161348283,46
mtd_ai,200,0.00502929049103635,0.26785714285714285,5237.4888502619015,0.1,150,5,0.18126984126984128,0.23386107869270584,0.8506928724127404,0.0,667427.2667212533,1.3207650161348283,46
mtd_ai,200,0.00502929049103635,0.32142857142857145,5945.59335663495,0.15,150,5,0.18126984126984128,0.23386107869270584,0.8506928724127404,0.0,667427.2667212533,1.3207650161348283,46
mtd_ai,200,0.00502929049103635,0.36585365853658536,6574.130842422945,0.2,150,5,0.18126984126984128,0.23386107869270584,0.8506928724127404,0.0,667427.2667212533,1.3207650161348283,46
mtd_ai,200,0.00502929049103635,0.4032258064516129,7009.03825946677,0.25,150,5,0.18126984126984128,0.23386107869270584,0.8506928724127404,0.0,667427.2667212533,1.3207650161348283,46
mtd_ai,200,0.005048121082224887,0.5357142857142857,1225.033728684372,0.05,150,5,0.08333333333333333,0.8734476512343494,3.7931677285074623,0.0,517118.69913917826,0.7443599926773459,37
mtd_ai,200,0.005048121082224887,0.45454545454545453,3106.7410004852545,0.1,150,5,0.08333333333333333,0.8734476512343494,3.7931677285074623,0.0,517118.69913917826,0.7443599926773459,37
mtd_ai,200,0.005048121082224887,0.45918367346938777,4482.11317962595,0.15,150,5,0.08333333333333333,0.8734476512343494,3.7931677285074623,0.0,517118.69913917826,0.7443599926773459,37
mtd_ai,200,0.005048121082224887,0.5172413793103449,4924.304062198377,0.2,150,5,0.08333333333333333,0.8734476512343494,3.7931677285074623,0.0,517118.69913917826,0.7443599926773459,37
mtd_ai,200,0.005048121082224887,0.5357142857142857,5863.963558340328,0.25,150,5,0.08333333333333333,0.8734476512343494,3.7931677285074623,0.0,517118.69913917826,0.7443599926773459,37
mtd_ai,200,0.005072455921881098,0.3125,1969.1915372911817,0.05,150,5,0.12888888888888891,2.383479491563404,2.183298279947048,0.0,550640.1638102246,0.7871250039897859,39
mtd_ai,200,0.005072455921881098,0.35714285714285715,3608.254716124827,0.1,150,5,0.12888888888888891,2.383479491563404,2.183298279947048,0.0,550640.1638102246,0.7871250039897859,39
mtd_ai,200,0.005072455921881098,0.42452830188679247,4622.357401672647,0.15,150,5,0.12888888888888891,2.383479491563404,2.183298279947048,0.0,550640.1638102246,0.7871250039897859,39
mtd_ai,200,0.005072455921881098,0.44776119402985076,5519.507457291833,0.2,150,5,0.12888888888888891,2.383479491563404,2.183298279947048,0.0,550640.1638102246,0.7871250039897859,39
mtd_ai,200,0.005072455921881098,0.46875,6080.296122452295,0.25,150,5,0.12888888888888891,2.383479491563404,2.183298279947048,0.0,550640.1638102246,0.7871250039897859,39
mtd_ai,200,0.00505047842029656,0.3,1941.7063630257016,0.05,150,5,0.11,1.1343964654955592,3.9784398161021612,0.0,545716.0126097734,0.8529599901521578,38
mtd_ai,200,0.00505047842029656,0.35714285714285715,3596.032987047643,0.1,150,5,0.11,1.1343964654955592,3.9784398161021612,0.0,545716.0126097734,0.8529599901521578,38
mtd_ai,200,0.00505047842029656,0.4166666666666667,4489.699246488967,0.15,150,5,0.11,1.1343964654955592,3.9784398161021612,0.0,545716.0126097734,0.8529599901521578,38
mtd_ai,200,0.00505047842029656,0.46153846153846156,4937.1643707701405,0.2,150,5,0.11,1.1343964654955592,3.9784398161021612,0.0,545716.0126097734,0.8529599901521578,38
mtd_ai,200,0.00505047842029656,0.45180722891566266,5942.826931903144,0.25,150,5,0.11,1.1343964654955592,3.9784398161021612,0.0,545716.0126097734,0.8529599901521578,38
mtd_ai,200,0.0050664766683017936,0.39473684210526316,2018.7604671863362,0.05,150,5,0.15888888888888889,1.2204996291405024,3.6650100933737355,0.0,557738.0023308991,0.2791200124192983,37
mtd_ai,200,0.0050664766683017936,0.40540540540540543,3741.7429757618784,0.1,150,5,0.15888888888888889,1.2204996291405024,3.6650100933737355,0.0,557738.0023308991,0.2791200124192983,37
mtd_ai,200,0.0050664766683017936,0.46875,4232.636601642316,0.15,150,5,0.15888888888888889,1.2204996291405024,3.6650100933737355,0.0,557738.0023308991,0.2791200124192983,37
mtd_ai,200,0.0050664766683017936,0.47619047619047616,5334.7586949949455,0.2,150,5,0.15888888888888889,1.2204996291405024,3.6650100933737355,0.0,557738.0023308991,0.2791200124192983,37
mtd_ai,200,0.0050664766683017936,0.5136986301369864,5839.527310638354,0.25,150,5,0.15888888888888889,1.2204996291405024,3.6650100933737355,0.0,557738.0023308991,0.2791200124192983,37
mtd_ai,200,0.005076048003497834,0.3125,2589.2749659303954,0.05,150,5,0.14222222222222225,0.13831769923186757,0.5967014539107685,0.0,498990.48744617036,0.7216200028778985,37
mtd_ai,200,0.005076048003497834,0.36585365853658536,4118.351947357533,0.1,150,5,0.14222222222222225,0.13831769923186757,0.5967014539107685,0.0,498990.48744617036,0.7216200028778985,37
mtd_ai,200,0.005076048003497834,0.4326923076923077,4850.467278832513,0.15,150,5,0.14222222222222225,0.13831769923186757,0.5967014539107685,0.0,498990.48744617036,0.7216200028778985,37
mtd_ai,200,0.005076048003497834,0.46153846153846156,5390.137792663647,0.2,150,5,0.14222222222222225,0.13831769923186757,0.5967014539107685,0.0,498990.48744617036,0.7216200028778985,37
mtd_ai,200,0.005076048003497834,0.5,5777.1662802695555,0.25,150,5,0.14222222222222225,0.13831769923186757,0.5967014539107685,0.0,498990.48744617036,0.7216200028778985,37
mtd_ai,200,0.005064017961940012,0.24193548387096775,3008.2970853483466,0.05,150,5,0.1257777777777778,0.4992594358965213,0.40133862018945515,0.0,585048.9987874111,1.3281150153488852,40
mtd_ai,200,0.005064017961940012,0.30612244897959184,3939.5246656707354,0.1,150,5,0.1257777777777778,0.4992594358965213,0.40133862018945515,0.0,585048.9987874111,1.3281150153488852,40
mtd_ai,200,0.005064017961940012,0.36885245901639346,4403.0622198939145,0.15,150,5,0.1257777777777778,0.4992594358965213,0.40133862018945515,0.0,585048.9987874111,1.3281150153488852,40
mtd_ai,200,0.005064017961940012,0.4,5459.914199248711,0.2,150,5,0.1257777777777778,0.4992594358965213,0.40133862018945515,0.0,585048.9987874111,1.3281150153488852,40
mtd_ai,200,0.005064017961940012,0.43103448275862066,6012.88498858399,0.25,150,5,0.1257777777777778,0.4992594358965213,0.40133862018945515,0.0,585048.9987874111,1.3281150153488852,40
mtd_ai,200,0.005048917562289025,0.25,3183.898032346018,0.05,150,5,0.13,1.1557146219766405,2.247958998885111,0.0,547828.0361311319,0.9349949948955327,37
mtd_ai,200,0.005048917562289025,0.3125,4046.088490604921,0.1,150,5,0.13,1.1557146219766405,2.247958998885111,0.0,547828.0361311319,0.9349949948955327,37
mtd_ai,200,0.005048917562289025,0.3813559322033898,4543.821714551779,0.15,150,5,0.13,1.1557146219766405,2.247958998885111,0.0,547828.0361311319,0.9349949948955327,37
mtd_ai,200,0.005048917562289025,0.4166666666666667,5300.391785677701,0.2,150,5,0.13,1.1557146219766405,2.247958998885111,0.0,547828.0361311319,0.9349949948955327,37
mtd_ai,200,0.005048917562289025,0.45180722891566266,5727.0013393509325,0.25,150,5,0.13,1.1557146219766405,2.247958998885111,0.0,547828.0361311319,0.9349949948955327,37
mtd_ai,200,0.005052116242145439,0.26785714285714285,3294.8938738440984,0.05,150,5,0.10111111111111111,1.9760409861791495,5.87035762398669,0.0,486916.7161382326,0.9068700077477843,37
mtd_ai,200,0.005052116242145439,0.38461538461538464,4127.465014367035,0.1,150,5,0.10111111111111111,1.9760409861791495,5.87035762398669,0.0,486916.7161382326,0.9068700077477843,37
mtd_ai,200,0.005052116242145439,0.4411764705882353,4879.188170976417,0.15,150,5,0.10111111111111111,1.9760409861791495,5.87035762398669,0.0,486916.7161382326,0.9068700077477843,37
mtd_ai,200,0.005052116242145439,0.47619047619047616,5375.945389729124,0.2,150,5,0.10111111111111111,1.9760409861791495,5.87035762398669,0.0,486916.7161382326,0.9068700077477843,37
mtd_ai,200,0.005052116242145439,0.5067567567567568,6009.536981331772,0.25,150,5,0.10111111111111111,1.9760409861791495,5.87035762398669,0.0,486916.7161382326,0.9068700077477843,37
mtd_ai,200,0.005050922742525443,0.375,2132.6371999794824,0.05,150,5,0.25,0.010006969451998245,0.02472721852676209,0.0,564902.1350250527,0.28379999566823244,37
mtd_ai,200,0.005050922742525443,0.42857142857142855,3370.1278333581795,0.1,150,5,0.25,0.010006969451998245,0.02472721852676209,0.0,564902.1350250527,0.28379999566823244,37
mtd_ai,200,0.005050922742525443,0.45918367346938777,4302.090500018716,0.15,150,5,0.25,0.010006969451998245,0.02472721852676209,0.0,564902.1350250527,0.28379999566823244,37
mtd_ai,200,0.005050922742525443,0.4918032786885246,5171.338035201748,0.2,150,5,0.25,0.010006969451998245,0.02472721852676209,0.0,564902.1350250527,0.28379999566823244,37
mtd_ai,200,0.005050922742525443,0.487012987012987,5814.821223182422,0.25,150,5,0.25,0.010006969451998245,0.02472721852676209,0.0,564902.1350250527,0.28379999566823244,37
mtd_ai,200,0.005064667518293673,0.19736842105263158,3788.823233888275,0.05,150,5,0.1438888888888889,0.31738317972382435,1.165052928585854,0.0,553853.1009142827,0.2891400101361796,41
mtd_ai,200,0.005064667518293673,0.2727272727272727,4982.331054077205,0.1,150,5,0.1438888888888889,0.31738317972382435,1.165052928585854,0.0,553853.1009142827,0.2891400101361796,41
mtd_ai,200,0.005064667518293673,0.34615384615384615,5302.383394111997,0.15,150,5,0.1438888888888889,0.31738317972382435,1.165052928585854,0.0,553853.1009142827,0.2891400101361796,41
mtd_ai,200,0.005064667518293673,0.38961038961038963,6196.799950952171,0.2,150,5,0.1438888888888889,0.31738317972382435,1.165052928585854,0.0,553853.1009142827,0.2891400101361796,41
mtd_ai,200,0.005064667518293673,0.436046511627907,6405.950356215659,0.25,150,5,0.1438888888888889,0.31738317972382435,1.165052928585854,0.0,553853.1009142827,0.2891400101361796,41
mtd_ai,200,0.005042660507380866,0.234375,3292.2231386812814,0.05,150,5,0.15789473684210525,2.042670576330623,2.0848438993588,-4.366666666666666,556412.8653002385,0.6524700002046302,39
mtd_ai,200,0.005042660507380866,0.3125,4738.684145307258,0.1,150,5,0.15789473684210525,2.042670576330623,2.0848438993588,-4.366666666666666,556412.8653002385,0.6524700002046302,39
mtd_ai,200,0.005042660507380866,0.3879310344827586,5163.345496794833,0.15,150,5,0.15789473684210525,2.042670576330623,2.0848438993588,-4.366666666666666,556412.8653002385,0.6524700002046302,39
mtd_ai,200,0.005042660507380866,0.4225352112676056,5711.648868400347,0.2,150,5,0.15789473684210525,2.042670576330623,2.0848438993588,-4.366666666666666,556412.8653002385,0.6524700002046302,39
mtd_ai,200,0.005042660507380866,0.47468354430379744,6273.340374391029,0.25,150,5,0.15789473684210525,2.042670576330623,2.0848438993588,-4.366666666666666,556412.8653002385,0.6524700002046302,39
mtd_ai,200,0.005032547570884469,0.3409090909090909,1872.9108328351815,0.05,150,5,0.08399999999999999,0.647601259153454,2.7600068377388287,0.0,651441.8256343225,0.30911999638192356,42
mtd_ai,200,0.005032547570884469,0.4166666666666667,2813.9477253427785,0.1,150,5,0.08399999999999999,0.647601259153454,2.7600068377388287,0.0,651441.8256343225,0.30911999638192356,42
mtd_ai,200,0.005032547570884469,0.45918367346938777,3712.240148639403,0.15,150,5,0.08399999999999999,0.647601259153454,2.7600068377388287,0.0,651441.8256343225,0.30911999638192356,42
mtd_ai,200,0.005032547570884469,0.46875,4650.345510769187,0.2,150,5,0.08399999999999999,0.647601259153454,2.7600068377388287,0.0,651441.8256343225,0.30911999638192356,42
mtd_ai,200,0.005032547570884469,0.4573170731707317,6588.05352559189,0.25,150,5,0.08399999999999999,0.647601259153454,2.7600068377388287,0.0,651441.8256343225,0.30911999638192356,42
mtd_ai,200,0.005059550214793153,0.35714285714285715,2020.0420668065765,0.05,150,5,0.16404761904761905,1.9821673765447947,5.108316730472059,0.0,446087.70841680426,0.6035850121406838,32
mtd_ai,200,0.005059550214793153,0.40540540540540543,3287.850244545424,0.1,150,5,0.16404761904761905,1.9821673765447947,5.108316730472059,0.0,446087.70841680426,0.6035850121406838,32
mtd_ai,200,0.005059550214793153,0.45918367346938777,4246.866916815077,0.15,150,5,0.16404761904761905,1.9821673765447947,5.108316730472059,0.0,446087.70841680426,0.6035850121406838,32
mtd_ai,200,0.005059550214793153,0.5,4665.4497618277255,0.2,150,5,0.16404761904761905,1.9821673765447947,5.108316730472059,0.0,446087.70841680426,0.6035850121406838,32
mtd_ai,200,0.005059550214793153,0.5434782608695652,5018.876681717555,0.25,150,5,0.16404761904761905,1.9821673765447947,5.108316730472059,0.0,446087.70841680426,0.6035850121406838,32
mtd_ai,200,0.0050676820556569135,0.32608695652173914,1750.7446997673899,0.05,150,5,0.09090909090909091,0.883079139896033,3.4320578924834417,0.0,634176.4277410577,0.853019994974602,42
mtd_ai,200,0.0050676820556569135,0.38461538461538464,2916.03959901555,0.1,150,5,0.09090909090909091,0.883079139896033,3.4320578924834417,0.0,634176.4277410577,0.853019994974602,42
mtd_ai,200,0.0050676820556569135,0.39473684210526316,4840.0684656312515,0.15,150,5,0.09090909090909091,0.883079139896033,3.4320578924834417,0.0,634176.4277410577,0.853019994974602,42
mtd_ai,200,0.0050676820556569135,0.39473684210526316,5998.104035649447,0.2,150,5,0.09090909090909091,0.883079139896033,3.4320578924834417,0.0,634176.4277410577,0.853019994974602,42
mtd_ai,200,0.0050676820556569135,0.436046511627907,6492.8923083059,0.25,150,5,0.09090909090909091,0.883079139896033,3.4320578924834417,0.0,634176.4277410577,0.853019994974602,42
mtd_ai,200,0.00506971300066683,0.26785714285714285,2734.5999475495364,0.05,150,5,0.13666666666666666,0.3638211763551106,0.9706383321673296,0.0,554371.4984767006,0.940605002688244,38
mtd_ai,200,0.00506971300066683,0.3191489361702128,3994.376380468646,0.1,150,5,0.13666666666666666,0.3638211763551106,0.9706383321673296,0.0,554371.4984767006,0.940605002688244,38
mtd_ai,200,0.00506971300066683,0.3515625,4830.675196960238,0.15,150,5,0.13666666666666666,0.3638211763551106,0.9706383321673296,0.0,554371.4984767006,0.940605002688244,38
mtd_ai,200,0.00506971300066683,0.38961038961038963,5441.968871926817,0.2,150,5,0.13666666666666666,0.3638211763551106,0.9706383321673296,0.0,554371.4984767006,0.940605002688244,38
mtd_ai,200,0.00506971300066683,0.42134831460674155,5962.256727857929,0.25,150,5,0.13666666666666666,0.3638211763551106,0.9706383321673296,0.0,554371.4984767006,0.940605002688244,38
mtd_ai,200,0.005041569675009258,0.26785714285714285,2931.675998878829,0.05,150,5,0.05555555555555555,0.5316750208445727,2.212418461911597,-4.4,601733.3252042123,0.3120600013062358,41
mtd_ai,200,0.005041569675009258,0.38461538461538464,3530.426781947527,0.1,150,5,0.05555555555555555,0.5316750208445727,2.212418461911597,-4.4,601733.3252042123,0.3120600013062358,41
mtd_ai,200,0.005041569675009258,0.42452830188679247,5001.938884155525,0.15,150,5,0.05555555555555555,0.5316750208445727,2.212418461911597,-4.4,601733.3252042123,0.3120600013062358,41
mtd_ai,200,0.005041569675009258,0.44776119402985076,5600.901716925272,0.2,150,5,0.05555555555555555,0.5316750208445727,2.212418461911597,-4.4,601733.3252042123,0.3120600013062358,41
mtd_ai,200,0.005041569675009258,0.46875,6489.254226905404,0.25,150,5,0.05555555555555555,0.5316750208445727,2.212418461911597,-4.4,601733.3252042123,0.3120600013062358,41
mtd_ai,200,0.005040800599734195,0.4166666666666667,1878.9863791717144,0.05,150,5,0.13799999999999998,0.6273439768512258,2.532230981003836,0.0,696344.7266154803,0.8287200020276941,44
mtd_ai,200,0.005040800599734195,0.39473684210526316,3638.37533312265,0.1,150,5,0.13799999999999998,0.6273439768512258,2.532230981003836,0.0,696344.7266154803,0.8287200020276941,44
mtd_ai,200,0.005040800599734195,0.42452830188679247,4902.761856719981,0.15,150,5,0.13799999999999998,0.6273439768512258,2.532230981003836,0.0,696344.7266154803,0.8287200020276941,44
mtd_ai,200,0.005040800599734195,0.4411764705882353,6011.378939064793,0.2,150,5,0.13799999999999998,0.6273439768512258,2.532230981003836,0.0,696344.7266154803,0.8287200020276941,44
mtd_ai,200,0.005040800599734195,0.47468354430379744,6836.110946308354,0.25,150,5,0.13799999999999998,0.6273439768512258,2.532230981003836,0.0,696344.7266154803,0.8287200020276941,44
mtd_ai,200,0.00507441836596328,0.28846153846153844,2766.057121843459,0.05,150,5,0.13166666666666665,0.1785229462584692,0.7499820286972606,0.0,541654.5642361925,0.24648000398883596,37
mtd_ai,200,0.00507441836596328,0.3409090909090909,4142.479749703973,0.1,150,5,0.13166666666666665,0.1785229462584692,0.7499820286972606,0.0,541654.5642361925,0.24648000398883596,37
mtd_ai,200,0.00507441836596328,0.4166666666666667,4673.8328536515,0.15,150,5,0.13166666666666665,0.1785229462584692,0.7499820286972606,0.0,541654.5642361925,0.24648000398883596,37
mtd_ai,200,0.00507441836596328,0.46875,5242.746072487676,0.2,150,5,0.13166666666666665,0.1785229462584692,0.7499820286972606,0.0,541654.5642361925,0.24648000398883596,37
mtd_ai,200,0.00507441836596328,0.5,5925.772327871255,0.25,150,5,0.13166666666666665,0.1785229462584692,0.7499820286972606,0.0,541654.5642361925,0.24648000398883596,37
mtd_ai,200,0.005056706475352743,0.32608695652173914,2431.1570763713444,0.05,150,5,0.12944444444444445,2.7497812247473084,5.983938722672954,0.0,624136.5291769385,0.9074849949683994,45
mtd_ai,200,0.005056706475352743,0.45454545454545453,2993.226796863939,0.1,150,5,0.12944444444444445,2.7497812247473084,5.983938722672954,0.0,624136.5291769385,0.9074849949683994,45
mtd_ai,200,0.005056706475352743,0.4326923076923077,5082.743064920627,0.15,150,5,0.12944444444444445,2.7497812247473084,5.983938722672954,0.0,624136.5291769385,0.9074849949683994,45
mtd_ai,200,0.005056706475352743,0.4411764705882353,5831.619885953044,0.2,150,5,0.12944444444444445,2.7497812247473084,5.983938722672954,0.0,624136.5291769385,0.9074849949683994,45
mtd_ai,200,0.005056706475352743,0.3865979381443299,7290.830193454254,0.25,150,5,0.12944444444444445,2.7497812247473084,5.983938722672954,0.0,624136.5291769385,0.9074849949683994,45
mtd_ai,200,0.005073182193954021,0.3125,2956.898978237363,0.05,150,5,0.16666666666666666,2.338851996104852,3.3542272652283276,0.0,473126.86468126136,1.2761550038703717,34
mtd_ai,200,0.005073182193954021,0.39473684210526316,3701.502856815689,0.1,150,5,0.16666666666666666,2.338851996104852,3.3542272652283276,0.0,473126.86468126136,1.2761550038703717,34
mtd_ai,200,0.005073182193954021,0.45918367346938777,4500.445238325465,0.15,150,5,0.16666666666666666,2.338851996104852,3.3542272652283276,0.0,473126.86468126136,1.2761550038703717,34
mtd_ai,200,0.005073182193954021,0.5084745762711864,4919.808635929134,0.2,150,5,0.16666666666666666,2.338851996104852,3.3542272652283276,0.0,473126.86468126136,1.2761550038703717,34
mtd_ai,200,0.005073182193954021,0.5,5487.83915835461,0.25,150,5,0.16666666666666666,2.338851996104852,3.3542272652283276,0.0,473126.86468126136,1.2761550038703717,34
mtd_ai,200,0.005029768277236731,0.25,2948.289879731229,0.05,150,5,0.153,1.2234191265661094,4.501184210167426,0.0,744740.5836248988,0.35305500350659713,47
mtd_ai,200,0.005029768277236731,0.2830188679245283,4818.076022179777,0.1,150,5,0.153,1.2234191265661094,4.501184210167426,0.0,744740.5836248988,0.35305500350659713,47
mtd_ai,200,0.005029768277236731,0.3515625,5552.339977246162,0.15,150,5,0.153,1.2234191265661094,4.501184210167426,0.0,744740.5836248988,0.35305500350659713,47
mtd_ai,200,0.005029768277236731,0.375,6828.438620751153,0.2,150,5,0.153,1.2234191265661094,4.501184210167426,0.0,744740.5836248988,0.35305500350659713,47
mtd_ai,200,0.005029768277236731,0.4166666666666667,7267.881487737545,0.25,150,5,0.153,1.2234191265661094,4.501184210167426,0.0,744740.5836248988,0.35305500350659713,47
mtd_ai,200,0.005060508815802969,0.2777777777777778,3253.1679996952025,0.05,150,5,0.14594444444444443,0.6982968378728192,2.805002925244028,0.0,643007.1800793988,0.8006699936231598,44
mtd_ai,200,0.005060508815802969,0.38461538461538464,4074.944897030049,0.1,150,5,0.14594444444444443,0.6982968378728192,2.805002925244028,0.0,643007.1800793988,0.8006699936231598,44
mtd_ai,200,0.005060508815802969,0.4326923076923077,5082.1823700465775,0.15,150,5,0.14594444444444443,0.6982968378728192,2.805002925244028,0.0,643007.1800793988,0.8006699936231598,44
mtd_ai,200,0.005060508815802969,0.45454545454545453,5880.768346149029,0.2,150,5,0.14594444444444443,0.6982968378728192,2.805002925244028,0.0,643007.1800793988,0.8006699936231598,44
mtd_ai,200,0.005060508815802969,0.4411764705882353,7091.851859750518,0.25,150,5,0.14594444444444443,0.6982968378728192,2.805002925244028,0.0,643007.1800793988,0.8006699936231598,44
mtd_ai,200,0.005087253304238114,0.4411764705882353,1546.0207433566156,0.05,150,5,0.13844444444444445,0.22578870263162554,0.4255559945815812,0.0,428063.8434102493,0.780465014395304,30
mtd_ai,200,0.005087253304238114,0.5,2302.6687620450693,0.1,150,5,0.13844444444444445,0.22578870263162554,0.4255559945815812,0.0,428063.8434102493,0.780465014395304,30
mtd_ai,200,0.005087253304238114,0.5232558139534884,3446.9875725826414,0.15,150,5,0.13844444444444445,0.22578870263162554,0.4255559945815812,0.0,428063.8434102493,0.780465014395304,30
mtd_ai,200,0.005087253304238114,0.5263157894736842,3946.4950271116795,0.2,150,5,0.13844444444444445,0.22578870263162554,0.4255559945815812,0.0,428063.8434102493,0.780465014395304,30
mtd_ai,200,0.005087253304238114,0.5597014925373134,4466.888316561147,0.25,150,5,0.13844444444444445,0.22578870263162554,0.4255559945815812,0.0,428063.8434102493,0.780465014395304,30
mtd_ai,200,0.005067741377438382,0.25,2652.0415613687146,0.05,150,5,0.15,0.3489747794297184,1.4229400589231154,0.0,678203.1080347364,2.0533199931378476,44
mtd_ai,200,0.005067741377438382,0.2830188679245283,4302.5219804092685,0.1,150,5,0.15,0.3489747794297184,1.4229400589231154,0.0,678203.1080347364,2.0533199931378476,44
mtd_ai,200,0.005067741377438382,0.33088235294117646,5494.543908990436,0.15,150,5,0.15,0.3489747794297184,1.4229400589231154,0.0,678203.1080347364,2.0533199931378476,44
mtd_ai,200,0.005067741377438382,0.379746835443038,5981.126272149806,0.2,150,5,0.15,0.3489747794297184,1.4229400589231154,0.0,678203.1080347364,2.0533199931378476,44
mtd_ai,200,0.005067741377438382,0.42134831460674155,6689.217927758094,0.25,150,5,0.15,0.3489747794297184,1.4229400589231154,0.0,678203.1080347364,2.0533199931378476,44
mtd_ai,200,0.005058956436065308,0.25862068965517243,3280.1499378129674,0.05,150,5,0.11333333333333333,0.10806648427196591,0.3603114275159386,0.0,542401.7963580432,0.34727995516732335,42
mtd_ai,200,0.005058956436065308,0.35714285714285715,4101.137197448504,0.1,150,5,0.11333333333333333,0.10806648427196591,0.3603114275159386,0.0,542401.7963580432,0.34727995516732335,42
mtd_ai,200,0.005058956436065308,0.39473684210526316,5572.868111476775,0.15,150,5,0.11333333333333333,0.10806648427196591,0.3603114275159386,0.0,542401.7963580432,0.34727995516732335,42
mtd_ai,200,0.005058956436065308,0.4225352112676056,6564.7480861534,0.2,150,5,0.11333333333333333,0.10806648427196591,0.3603114275159386,0.0,542401.7963580432,0.34727995516732335,42
mtd_ai,200,0.005058956436065308,0.46296296296296297,6908.045059310711,0.25,150,5,0.11333333333333333,0.10806648427196591,0.3603114275159386,0.0,542401.7963580432,0.34727995516732335,42
mtd_ai,200,0.005052636806203225,0.3409090909090909,2057.767232153603,0.05,150,5,0.16444444444444445,2.5013772726325656,5.456065557200958,0.0,530275.1391129217,0.2615249657537788,36
mtd_ai,200,0.005052636806203225,0.45454545454545453,3007.3140821148236,0.1,150,5,0.16444444444444445,2.5013772726325656,5.456065557200958,0.0,530275.1391129217,0.2615249657537788,36
mtd_ai,200,0.005052636806203225,0.46875,3915.680290941109,0.15,150,5,0.16444444444444445,2.5013772726325656,5.456065557200958,0.0,530275.1391129217,0.2615249657537788,36
mtd_ai,200,0.005052636806203225,0.4838709677419355,4883.095399751173,0.2,150,5,0.16444444444444445,2.5013772726325656,5.456065557200958,0.0,530275.1391129217,0.2615249657537788,36
mtd_ai,200,0.005052636806203225,0.5067567567567568,5492.115802363303,0.25,150,5,0.16444444444444445,2.5013772726325656,5.456065557200958,0.0,530275.1391129217,0.2615249657537788,36
mtd_ai,200,0.005062598259253235,0.2777777777777778,2875.5670409756153,0.05,150,5,0.2727272727272727,1.464780755368367,2.9055693087405765,0.0,611713.3258154911,0.8989049645606428,41
mtd_ai,200,0.005062598259253235,0.375,3782.939117022094,0.1,150,5,0.2727272727272727,1.464780755368367,2.9055693087405765,0.0,611713.3258154911,0.8989049645606428,41
mtd_ai,200,0.005062598259253235,0.46875,4261.327676018309,0.15,150,5,0.2727272727272727,1.464780755368367,2.9055693087405765,0.0,611713.3258154911,0.8989049645606428,41
mtd_ai,200,0.005062598259253235,0.45454545454545453,5092.914155410772,0.2,150,5,0.2727272727272727,1.464780755368367,2.9055693087405765,0.0,611713.3258154911,0.8989049645606428,41
mtd_ai,200,0.005062598259253235,0.39893617021276595,6388.643489460443,0.25,150,5,0.2727272727272727,1.464780755368367,2.9055693087405765,0.0,611713.3258154911,0.8989049645606428,41
mtd_ai,200,0.005041476667031508,0.35714285714285715,1699.8077962295456,0.05,150,5,0.12311111111111113,2.6733124329002513,5.739230130382383,0.0,589353.6654642764,1.4269799692556262,41
mtd_ai,200,0.005041476667031508,0.36585365853658536,3806.358679623891,0.1,150,5,0.12311111111111113,2.6733124329002513,5.739230130382383,0.0,589353.6654642764,1.4269799692556262,41
mtd_ai,200,0.005041476667031508,0.4090909090909091,4747.537819738876,0.15,150,5,0.12311111111111113,2.6733124329002513,5.739230130382383,0.0,589353.6654642764,1.4269799692556262,41
mtd_ai,200,0.005041476667031508,0.4225352112676056,5617.865579990255,0.2,150,5,0.12311111111111113,2.6733124329002513,5.739230130382383,0.0,589353.6654642764,1.4269799692556262,41
mtd_ai,200,0.005041476667031508,0.45180722891566266,6531.095429993813,0.25,150,5,0.12311111111111113,2.6733124329002513,5.739230130382383,0.0,589353.6654642764,1.4269799692556262,41
mtd_ai,200,0.0050725632241779865,0.25862068965517243,3164.026648981111,0.05,150,5,0.14666666666666667,0.026605985977533896,0.058753640831546376,0.0,551865.7469195318,1.3917599979322404,38
mtd_ai,200,0.0050725632241779865,0.375,3683.5655131503145,0.1,150,5,0.14666666666666667,0.026605985977533896,0.058753640831546376,0.0,551865.7469195318,1.3917599979322404,38
mtd_ai,200,0.0050725632241779865,0.4326923076923077,4324.303488084319,0.15,150,5,0.14666666666666667,0.026605985977533896,0.058753640831546376,0.0,551865.7469195318,1.3917599979322404,38
mtd_ai,200,0.0050725632241779865,0.46153846153846156,5193.314441727478,0.2,150,5,0.14666666666666667,0.026605985977533896,0.058753640831546376,0.0,551865.7469195318,1.3917599979322404,38
mtd_ai,200,0.0050725632241779865,0.5,5682.939353917502,0.25,150,5,0.14666666666666667,0.026605985977533896,0.058753640831546376,0.0,551865.7469195318,1.3917599979322404,38
mtd_ai,200,0.0050642366965337,0.32608695652173914,2597.5928444561673,0.05,150,5,0.11944444444444445,0.6954728006868048,2.409258781903877,0.0,591392.7347800792,0.30702006770297885,41
mtd_ai,200,0.0050642366965337,0.375,4136.338836080438,0.1,150,5,0.11944444444444445,0.6954728006868048,2.409258781903877,0.0,591392.7347800792,0.30702006770297885,41
mtd_ai,200,0.0050642366965337,0.45,4795.151447586535,0.15,150,5,0.11944444444444445,0.6954728006868048,2.409258781903877,0.0,591392.7347800792,0.30702006770297885,41
mtd_ai,200,0.0050642366965337,0.45454545454545453,6056.855251326751,0.2,150,5,0.11944444444444445,0.6954728006868048,2.409258781903877,0.0,591392.7347800792,0.30702006770297885,41
mtd_ai,200,0.0050642366965337,0.4934210526315789,6401.458985768382,0.25,150,5,0.11944444444444445,0.6954728006868048,2.409258781903877,0.0,591392.7347800792,0.30702006770297885,41
mtd_ai,200,0.005051462958554056,0.21428571428571427,3043.6269587926563,0.05,150,5,0.11764705882352941,0.5405324545013046,2.4010105405969293,0.0,685240.6308333976,0.3230550413718447,47
mtd_ai,200,0.005051462958554056,0.29411764705882354,4265.147144331397,0.1,150,5,0.11764705882352941,0.5405324545013046,2.4010105405969293,0.0,685240.6308333976,0.3230550413718447,47
mtd_ai,200,0.005051462958554056,0.33088235294117646,5684.71755714312,0.15,150,5,0.11764705882352941,0.5405324545013046,2.4010105405969293,0.0,685240.6308333976,0.3230550413718447,47
mtd_ai,200,0.005051462958554056,0.375,6232.815579168892,0.2,150,5,0.11764705882352941,0.5405324545013046,2.4010105405969293,0.0,685240.6308333976,0.3230550413718447,47
mtd_ai,200,0.005051462958554056,0.39893617021276595,7516.076411821304,0.25,150,5,0.11764705882352941,0.5405324545013046,2.4010105405969293,0.0,685240.6308333976,0.3230550413718447,47
mtd_ai,200,0.005061897168799707,0.4166666666666667,2025.6828191610487,0.05,150,5,0.0,9.805854730013184,5.017222981543411,0.0,575447.8627167309,0.6864750146633014,40
mtd_ai,200,0.005061897168799707,0.40540540540540543,3652.027553648525,0.1,150,5,0.0,9.805854730013184,5.017222981543411,0.0,575447.8627167309,0.6864750146633014,40
mtd_ai,200,0.005061897168799707,0.45918367346938777,4287.272670757992,0.15,150,5,0.0,9.805854730013184,5.017222981543411,0.0,575447.8627167309,0.6864750146633014,40
mtd_ai,200,0.005061897168799707,0.5084745762711864,4676.988026730939,0.2,150,5,0.0,9.805854730013184,5.017222981543411,0.0,575447.8627167309,0.6864750146633014,40
mtd_ai,200,0.005061897168799707,0.4807692307692308,6188.82626726239,0.25,150,5,0.0,9.805854730013184,5.017222981543411,0.0,575447.8627167309,0.6864750146633014,40
mtd_ai,200,0.005038625051166365,0.32608695652173914,2144.297471797656,0.05,150,5,0.08571428571428572,1.352146468888602,2.975268022491199,0.0,554925.8027535755,0.3080550057347864,40
mtd_ai,200,0.005038625051166365,0.38461538461538464,3310.183427993894,0.1,150,5,0.08571428571428572,1.352146468888602,2.975268022491199,0.0,554925.8027535755,0.3080550057347864,40
mtd_ai,200,0.005038625051166365,0.4326923076923077,4408.305089869336,0.15,150,5,0.08571428571428572,1.352146468888602,2.975268022491199,0.0,554925.8027535755,0.3080550057347864,40
mtd_ai,200,0.005038625051166365,0.46153846153846156,5061.884799734704,0.2,150,5,0.08571428571428572,1.352146468888602,2.975268022491199,0.0,554925.8027535755,0.3080550057347864,40
mtd_ai,200,0.005038625051166365,0.4573170731707317,6370.638975304308,0.25,150,5,0.08571428571428572,1.352146468888602,2.975268022491199,0.0,554925.8027535755,0.3080550057347864,40
mtd_ai,200,0.005036753093608882,0.32608695652173914,2727.247515212108,0.05,150,5,0.12666666666666668,2.5957513799378202,6.366161961064068,5.038461538461538,602814.1013933186,0.8094449818599969,40
mtd_ai,200,0.005036753093608882,0.4166666666666667,3458.9499422848685,0.1,150,5,0.12666666666666668,2.5957513799378202,6.366161961064068,5.038461538461538,602814.1013933186,0.8094449818599969,40
mtd_ai,200,0.005036753093608882,0.45,4306.520989506269,0.15,150,5,0.12666666666666668,2.5957513799378202,6.366161961064068,5.038461538461538,602814.1013933186,0.8094449818599969,40
mtd_ai,200,0.005036753093608882,0.42857142857142855,5570.251664225536,0.2,150,5,0.12666666666666668,2.5957513799378202,6.366161961064068,5.038461538461538,602814.1013933186,0.8094449818599969,40
mtd_ai,200,0.005036753093608882,0.44642857142857145,6136.383481466992,0.25,150,5,0.12666666666666668,2.5957513799378202,6.366161961064068,5.038461538461538,602814.1013933186,0.8094449818599969,40
mtd_ai,200,0.0050296650493373745,0.25862068965517243,2846.803699202157,0.05,150,5,0.1532962962962963,0.01792461006485005,0.053887220590120175,0.0,686899.9679832608,0.7691250328207389,44
mtd_ai,200,0.0050296650493373745,0.3409090909090909,3962.65691326543,0.1,150,5,0.1532962962962963,0.01792461006485005,0.053887220590120175,0.0,686899.9679832608,0.7691250328207389,44
mtd_ai,200,0.0050296650493373745,0.39473684210526316,4606.794599615483,0.15,150,5,0.1532962962962963,0.01792461006485005,0.053887220590120175,0.0,686899.9679832608,0.7691250328207389,44
mtd_ai,200,0.0050296650493373745,0.4,6296.137355645234,0.2,150,5,0.1532962962962963,0.01792461006485005,0.053887220590120175,0.0,686899.9679832608,0.7691250328207389,44
mtd_ai,200,0.0050296650493373745,0.436046511627907,6982.784100855994,0.25,150,5,0.1532962962962963,0.01792461006485005,0.053887220590120175,0.0,686899.9679832608,0.7691250328207389,44
mtd_ai,200,0.005070667100028443,0.3409090909090909,2544.0105319449112,0.05,150,5,0.12222222222222222,0.9225497706800247,3.9275300325268976,0.0,527486.5147456111,0.2933999989181757,37
mtd_ai,200,0.005070667100028443,0.375,3755.6600322478603,0.1,150,5,0.12222222222222222,0.9225497706800247,3.9275300325268976,0.0,527486.5147456111,0.2933999989181757,37
mtd_ai,200,0.005070667100028443,0.42452830188679247,4453.555630540071,0.15,150,5,0.12222222222222222,0.9225497706800247,3.9275300325268976,0.0,527486.5147456111,0.2933999989181757,37
mtd_ai,200,0.005070667100028443,0.46153846153846156,5060.389187006114,0.2,150,5,0.12222222222222222,0.9225497706800247,3.9275300325268976,0.0,527486.5147456111,0.2933999989181757,37
mtd_ai,200,0.005070667100028443,0.487012987012987,5754.158072279082,0.25,150,5,0.12222222222222222,0.9225497706800247,3.9275300325268976,0.0,527486.5147456111,0.2933999989181757,37
mtd_ai,200,0.0050692236356514675,0.26785714285714285,2803.2032694002655,0.05,150,5,0.09666666666666666,0.8398318933337655,3.2368484273351417,0.0,524490.7251164649,0.3227849694667384,38
mtd_ai,200,0.0050692236356514675,0.35714285714285715,3916.720681972033,0.1,150,5,0.09666666666666666,0.8398318933337655,3.2368484273351417,0.0,524490.7251164649,0.3227849694667384,38
mtd_ai,200,0.0050692236356514675,0.4166666666666667,4669.370293685972,0.15,150,5,0.09666666666666666,0.8398318933337655,3.2368484273351417,0.0,524490.7251164649,0.3227849694667384,38
mtd_ai,200,0.0050692236356514675,0.45454545454545453,5296.2509254309425,0.2,150,5,0.09666666666666666,0.8398318933337655,3.2368484273351417,0.0,524490.7251164649,0.3227849694667384,38
mtd_ai,200,0.0050692236356514675,0.4807692307692308,6233.28878565781,0.25,150,5,0.09666666666666666,0.8398318933337655,3.2368484273351417,0.0,524490.7251164649,0.3227849694667384,38
mtd_ai,200,0.00504514842971904,0.39473684210526316,1446.0054226641857,0.05,150,5,0.14400000000000002,0.3317841160947188,0.8635842174058577,0.0,548973.3143340122,0.7689899968681857,40
mtd_ai,200,0.00504514842971904,0.36585365853658536,3322.5352371063163,0.1,150,5,0.14400000000000002,0.3317841160947188,0.8635842174058577,0.0,548973.3143340122,0.7689899968681857,40
mtd_ai,200,0.00504514842971904,0.39473684210526316,4741.880183296337,0.15,150,5,0.14400000000000002,0.3317841160947188,0.8635842174058577,0.0,548973.3143340122,0.7689899968681857,40
mtd_ai,200,0.00504514842971904,0.43478260869565216,5556.000038374617,0.2,150,5,0.14400000000000002,0.3317841160947188,0.8635842174058577,0.0,548973.3143340122,0.7689899968681857,40
mtd_ai,200,0.00504514842971904,0.4411764705882353,6465.537195594736,0.25,150,5,0.14400000000000002,0.3317841160947188,0.8635842174058577,0.0,548973.3143340122,0.7689899968681857,40
mtd_ai,200,0.005028439459150475,0.4166666666666667,1645.817364934078,0.05,150,5,0.1375925925925926,1.0921074803129076,4.07240838159314,4.419354838709677,736004.0795056443,0.32223002635873854,47
mtd_ai,200,0.005028439459150475,0.36585365853658536,4240.348551918176,0.1,150,5,0.1375925925925926,1.0921074803129076,4.07240838159314,4.419354838709677,736004.0795056443,0.32223002635873854,47
mtd_ai,200,0.005028439459150475,0.45,4736.862711265057,0.15,150,5,0.1375925925925926,1.0921074803129076,4.07240838159314,4.419354838709677,736004.0795056443,0.32223002635873854,47
mtd_ai,200,0.005028439459150475,0.42857142857142855,5938.66305044939,0.2,150,5,0.1375925925925926,1.0921074803129076,4.07240838159314,4.419354838709677,736004.0795056443,0.32223002635873854,47
mtd_ai,200,0.005028439459150475,0.3826530612244898,7304.223952466656,0.25,150,5,0.1375925925925926,1.0921074803129076,4.07240838159314,4.419354838709677,736004.0795056443,0.32223002635873854,47
mtd_ai,200,0.005081619741087277,0.4166666666666667,1856.2891030477695,0.05,150,5,0.12277777777777776,0.30498942427911696,0.7846972838028066,0.0,470246.5948465607,1.310475025093183,34
mtd_ai,200,0.005081619741087277,0.46875,2882.9748939379765,0.1,150,5,0.12277777777777776,0.30498942427911696,0.7846972838028066,0.0,470246.5948465607,1.310475025093183,34
mtd_ai,200,0.005081619741087277,0.5,3627.1264517705495,0.15,150,5,0.12277777777777776,0.30498942427911696,0.7846972838028066,0.0,470246.5948465607,1.310475025093183,34
mtd_ai,200,0.005081619741087277,0.5263157894736842,4261.758500815791,0.2,150,5,0.12277777777777776,0.30498942427911696,0.7846972838028066,0.0,470246.5948465607,1.310475025093183,34
mtd_ai,200,0.005081619741087277,0.5067567567567568,5182.561458305118,0.25,150,5,0.12277777777777776,0.30498942427911696,0.7846972838028066,0.0,470246.5948465607,1.310475025093183,34
mtd_ai,200,0.0050377225875247785,0.2777777777777778,3077.301851663845,0.05,150,5,0.13000000000000003,1.9149320643002934,4.158683358506158,4.193548387096774,522481.08771557914,0.2917199512012303,39
mtd_ai,200,0.0050377225875247785,0.32608695652173914,4940.300153039711,0.1,150,5,0.13000000000000003,1.9149320643002934,4.158683358506158,4.193548387096774,522481.08771557914,0.2917199512012303,39
mtd_ai,200,0.0050377225875247785,0.4166666666666667,5343.885544976496,0.15,150,5,0.13000000000000003,1.9149320643002934,4.158683358506158,4.193548387096774,522481.08771557914,0.2917199512012303,39
mtd_ai,200,0.0050377225875247785,0.45454545454545453,6052.024365176932,0.2,150,5,0.13000000000000003,1.9149320643002934,4.158683358506158,4.193548387096774,522481.08771557914,0.2917199512012303,39
mtd_ai,200,0.0050377225875247785,0.5,6336.899731064284,0.25,150,5,0.13000000000000003,1.9149320643002934,4.158683358506158,4.193548387096774,522481.08771557914,0.2917199512012303,39
mtd_ai,200,0.005053599610963655,0.4166666666666667,1749.658182234075,0.05,150,5,0.16533333333333333,0.11281077943459866,0.3619124975110567,0.0,455231.3692156341,0.24105000193230808,32
mtd_ai,200,0.005053599610963655,0.45454545454545453,2965.3445691428487,0.1,150,5,0.16533333333333333,0.11281077943459866,0.3619124975110567,0.0,455231.3692156341,0.24105000193230808,32
mtd_ai,200,0.005053599610963655,0.4787234042553192,4100.328834232559,0.15,150,5,0.16533333333333333,0.11281077943459866,0.3619124975110567,0.0,455231.3692156341,0.24105000193230808,32
mtd_ai,200,0.005053599610963655,0.5,4717.413232222942,0.2,150,5,0.16533333333333333,0.11281077943459866,0.3619124975110567,0.0,455231.3692156341,0.24105000193230808,32
mtd_ai,200,0.005053599610963655,0.528169014084507,5040.012893292411,0.25,150,5,0.16533333333333333,0.11281077943459866,0.3619124975110567,0.0,455231.3692156341,0.24105000193230808,32
mtd_ai,200,0.005037424644462868,0.4166666666666667,1941.2358113090968,0.05,150,5,0.09,0.7595674741497147,2.9071228497578097,0.0,552053.5863221745,0.3152849822072312,39
mtd_ai,200,0.005037424644462868,0.42857142857142855,3325.4233439807713,0.1,150,5,0.09,0.7595674741497147,2.9071228497578097,0.0,552053.5863221745,0.3152849822072312,39
mtd_ai,200,0.005037424644462868,0.4411764705882353,4617.851986723115,0.15,150,5,0.09,0.7595674741497147,2.9071228497578097,0.0,552053.5863221745,0.3152849822072312,39
mtd_ai,200,0.005037424644462868,0.4411764705882353,5628.28390258101,0.2,150,5,0.09,0.7595674741497147,2.9071228497578097,0.0,552053.5863221745,0.3152849822072312,39
mtd_ai,200,0.005037424644462868,0.46875,5904.540339593899,0.25,150,5,0.09,0.7595674741497147,2.9071228497578097,0.0,552053.5863221745,0.3152849822072312,39
mtd_ai,200,0.005080024792869729,0.3125,2125.1490549284536,0.05,150,5,0.12666666666666668,1.7083315823591612,4.971287712768898,0.0,471670.3256166589,0.2625900087878108,33
mtd_ai,200,0.005080024792869729,0.4166666666666667,2771.4902390378747,0.1,150,5,0.12666666666666668,1.7083315823591612,4.971287712768898,0.0,471670.3256166589,0.2625900087878108,33
mtd_ai,200,0.005080024792869729,0.4411764705882353,4392.452500663685,0.15,150,5,0.12666666666666668,1.7083315823591612,4.971287712768898,0.0,471670.3256166589,0.2625900087878108,33
mtd_ai,200,0.005080024792869729,0.4838709677419355,4815.207091839538,0.2,150,5,0.12666666666666668,1.7083315823591612,4.971287712768898,0.0,471670.3256166589,0.2625900087878108,33
mtd_ai,200,0.005080024792869729,0.5357142857142857,5185.767421793931,0.25,150,5,0.12666666666666668,1.7083315823591612,4.971287712768898,0.0,471670.3256166589,0.2625900087878108,33
mtd_ai,200,0.0050387437286594896,0.39473684210526316,1657.2943033318372,0.05,150,5,0.2857142857142857,0.3350405529778258,1.4112396093119903,-4.0,536674.6596334027,1.043970012688078,38
mtd_ai,200,0.0050387437286594896,0.4166666666666667,3034.7740284308084,0.1,150,5,0.2857142857142857,0.3350405529778258,1.4112396093119903,-4.0,536674.6596334027,1.043970012688078,38
mtd_ai,200,0.0050387437286594896,0.4166666666666667,4097.987626815557,0.15,150,5,0.2857142857142857,0.3350405529778258,1.4112396093119903,-4.0,536674.6596334027,1.043970012688078,38
mtd_ai,200,0.0050387437286594896,0.4411764705882353,5074.451062366048,0.2,150,5,0.2857142857142857,0.3350405529778258,1.4112396093119903,-4.0,536674.6596334027,1.043970012688078,38
mtd_ai,200,0.0050387437286594896,0.45180722891566266,6163.303926849445,0.25,150,5,0.2857142857142857,0.3350405529778258,1.4112396093119903,-4.0,536674.6596334027,1.043970012688078,38
mtd_ai,200,0.005081473830183299,0.26785714285714285,2742.2469289982273,0.05,150,5,0.11111111111111112,0.12364519201204265,0.4348698252122451,0.0,541133.6225273097,0.8175000257324427,35
mtd_ai,200,0.005081473830183299,0.39473684210526316,3334.5653561185964,0.1,150,5,0.11111111111111112,0.12364519201204265,0.4348698252122451,0.0,541133.6225273097,0.8175000257324427,35
mtd_ai,200,0.005081473830183299,0.45,3936.902967876979,0.15,150,5,0.11111111111111112,0.12364519201204265,0.4348698252122451,0.0,541133.6225273097,0.8175000257324427,35
mtd_ai,200,0.005081473830183299,0.46875,4787.935947867316,0.2,150,5,0.11111111111111112,0.12364519201204265,0.4348698252122451,0.0,541133.6225273097,0.8175000257324427,35
mtd_ai,200,0.005081473830183299,0.5067567567567568,5277.038862360127,0.25,150,5,0.11111111111111112,0.12364519201204265,0.4348698252122451,0.0,541133.6225273097,0.8175000257324427,35
mtd_ai,200,0.0050896470889806224,0.3,2183.4050735708147,0.05,150,5,0.19047619047619047,0.2917373967783073,0.8668157999651256,0.0,443513.88231283106,0.60454499325715,32
mtd_ai,200,0.0050896470889806224,0.39473684210526316,2863.3067910971286,0.1,150,5,0.19047619047619047,0.2917373967783073,0.8668157999651256,0.0,443513.88231283106,0.60454499325715,32
mtd_ai,200,0.0050896470889806224,0.4166666666666667,4153.632732871779,0.15,150,5,0.19047619047619047,0.2917373967783073,0.8668157999651256,0.0,443513.88231283106,0.60454499325715,32
mtd_ai,200,0.0050896470889806224,0.46153846153846156,4711.449374746153,0.2,150,5,0.19047619047619047,0.2917373967783073,0.8668157999651256,0.0,443513.88231283106,0.60454499325715,32
mtd_ai,200,0.0050896470889806224,0.5208333333333334,4984.034506006602,0.25,150,5,0.19047619047619047,0.2917373967783073,0.8668157999651256,0.0,443513.88231283106,0.60454499325715,32
mtd_ai,200,0.005031255573423763,0.21428571428571427,3457.9867638068754,0.05,150,5,0.1,0.06273109450167372,0.20308834462574116,0.0,675327.4056789926,0.9592200309270993,45
mtd_ai,200,0.005031255573423763,0.2777777777777778,4959.600846133029,0.1,150,5,0.1,0.06273109450167372,0.20308834462574116,0.0,675327.4056789926,0.9592200309270993,45
mtd_ai,200,0.005031255573423763,0.30405405405405406,6173.964315594747,0.15,150,5,0.1,0.06273109450167372,0.20308834462574116,0.0,675327.4056789926,0.9592200309270993,45
mtd_ai,200,0.005031255573423763,0.3448275862068966,6775.386751740455,0.2,150,5,0.1,0.06273109450167372,0.20308834462574116,0.0,675327.4056789926,0.9592200309270993,45
mtd_ai,200,0.005031255573423763,0.3865979381443299,7218.574995990412,0.25,150,5,0.1,0.06273109450167372,0.20308834462574116,0.0,675327.4056789926,0.9592200309270993,45
mtd_ai,200,0.005055765349233728,0.24193548387096775,2035.5016807987217,0.05,150,5,0.10722222222222223,1.6851919301727216,4.42287411954501,0.0,645123.5238795929,1.7828550247941166,44
mtd_ai,200,0.005055765349233728,0.3125,3129.851028394452,0.1,150,5,0.10722222222222223,1.6851919301727216,4.42287411954501,0.0,645123.5238795929,1.7828550247941166,44
mtd_ai,200,0.005055765349233728,0.3515625,4236.405781294314,0.15,150,5,0.10722222222222223,1.6851919301727216,4.42287411954501,0.0,645123.5238795929,1.7828550247941166,44
mtd_ai,200,0.005055765349233728,0.36585365853658536,5735.604565205944,0.2,150,5,0.10722222222222223,1.6851919301727216,4.42287411954501,0.0,645123.5238795929,1.7828550247941166,44
mtd_ai,200,0.005055765349233728,0.39473684210526316,7090.075660020915,0.25,150,5,0.10722222222222223,1.6851919301727216,4.42287411954501,0.0,645123.5238795929,1.7828550247941166,44
mtd_ai,200,0.005040511966029195,0.26785714285714285,3051.3107005405664,0.05,150,5,0.16444444444444445,0.5193013197766035,2.317693744766404,0.0,623511.6498159546,1.2623400165466592,43
mtd_ai,200,0.005040511966029195,0.32608695652173914,4424.614915683738,0.1,150,5,0.16444444444444445,0.5193013197766035,2.317693744766404,0.0,623511.6498159546,1.2623400165466592,43
mtd_ai,200,0.005040511966029195,0.3879310344827586,5340.639674253289,0.15,150,5,0.16444444444444445,0.5193013197766035,2.317693744766404,0.0,623511.6498159546,1.2623400165466592,43
mtd_ai,200,0.005040511966029195,0.4225352112676056,6110.269183905963,0.2,150,5,0.16444444444444445,0.5193013197766035,2.317693744766404,0.0,623511.6498159546,1.2623400165466592,43
mtd_ai,200,0.005040511966029195,0.4573170731707317,6767.492150382983,0.25,150,5,0.16444444444444445,0.5193013197766035,2.317693744766404,0.0,623511.6498159546,1.2623400165466592,43
mtd_ai,200,0.005061521807516495,0.375,2118.383814329513,0.05,150,5,0.14,4.1246073581728675,1.2788913949508185,0.0,558931.4950085208,0.2960249752504751,40
mtd_ai,200,0.005061521807516495,0.35714285714285715,4199.716194841168,0.1,150,5,0.14,4.1246073581728675,1.2788913949508185,0.0,558931.4950085208,0.2960249752504751,40
mtd_ai,200,0.005061521807516495,0.4017857142857143,4914.835433804721,0.15,150,5,0.14,4.1246073581728675,1.2788913949508185,0.0,558931.4950085208,0.2960249752504751,40
mtd_ai,200,0.005061521807516495,0.42857142857142855,5831.398377741952,0.2,150,5,0.14,4.1246073581728675,1.2788913949508185,0.0,558931.4950085208,0.2960249752504751,40
mtd_ai,200,0.005061521807516495,0.4573170731707317,6377.480474260913,0.25,150,5,0.14,4.1246073581728675,1.2788913949508185,0.0,558931.4950085208,0.2960249752504751,40
mtd_ai,200,0.005050881887995554,0.22727272727272727,3921.2606605611263,0.05,150,5,0.19683597883597884,1.0731296152127443,4.154849832237686,0.0,510958.46544695145,0.2623949636472389,37
mtd_ai,200,0.005050881887995554,0.3409090909090909,4508.267690242894,0.1,150,5,0.19683597883597884,1.0731296152127443,4.154849832237686,0.0,510958.46544695145,0.2623949636472389,37
mtd_ai,200,0.005050881887995554,0.4090909090909091,4957.243353502391,0.15,150,5,0.19683597883597884,1.0731296152127443,4.154849832237686,0.0,510958.46544695145,0.2623949636472389,37
mtd_ai,200,0.005050881887995554,0.44776119402985076,5417.377641758192,0.2,150,5,0.19683597883597884,1.0731296152127443,4.154849832237686,0.0,510958.46544695145,0.2623949636472389,37
mtd_ai,200,0.005050881887995554,0.4934210526315789,5885.865224286535,0.25,150,5,0.19683597883597884,1.0731296152127443,4.154849832237686,0.0,510958.46544695145,0.2623949636472389,37
mtd_ai,200,0.005072649201928677,0.28846153846153844,3265.503587895479,0.05,150,5,0.14444444444444443,0.8249630976931156,3.6719256776474456,0.0,515449.3395732767,0.8594699786044657,36
mtd_ai,200,0.005072649201928677,0.38461538461538464,4039.708770792621,0.1,150,5,0.14444444444444443,0.8249630976931156,3.6719256776474456,0.0,515449.3395732767,0.8594699786044657,36
mtd_ai,200,0.005072649201928677,0.45918367346938777,4485.324071396031,0.15,150,5,0.14444444444444443,0.8249630976931156,3.6719256776474456,0.0,515449.3395732767,0.8594699786044657,36
mtd_ai,200,0.005072649201928677,0.47619047619047616,5002.607659429128,0.2,150,5,0.14444444444444443,0.8249630976931156,3.6719256776474456,0.0,515449.3395732767,0.8594699786044657,36
mtd_ai,200,0.005072649201928677,0.5067567567567568,5509.219460707885,0.25,150,5,0.14444444444444443,0.8249630976931156,3.6719256776474456,0.0,515449.3395732767,0.8594699786044657,36
mtd_ai,200,0.0050336715411848955,0.25862068965517243,2566.364685058639,0.05,150,5,0.12,0.3966004680108704,1.637000527596294,0.0,614757.7714799917,1.216874975943938,43
mtd_ai,200,0.0050336715411848955,0.3333333333333333,3852.82076147481,0.1,150,5,0.12,0.3966004680108704,1.637000527596294,0.0,614757.7714799917,1.216874975943938,43
mtd_ai,200,0.0050336715411848955,0.34615384615384615,4782.715592830646,0.15,150,5,0.12,0.3966004680108704,1.637000527596294,0.0,614757.7714799917,1.216874975943938,43
mtd_ai,200,0.0050336715411848955,0.37037037037037035,6016.656393119605,0.2,150,5,0.12,0.3966004680108704,1.637000527596294,0.0,614757.7714799917,1.216874975943938,43
mtd_ai,200,0.0050336715411848955,0.41208791208791207,6478.625212449504,0.25,150,5,0.12,0.3966004680108704,1.637000527596294,0.0,614757.7714799917,1.216874975943938,43
mtd_ai,200,0.005036424734315243,0.21428571428571427,4206.035646096356,0.05,150,5,0.12111111111111111,0.1904814709444752,0.3060355311295899,0.0,582088.3381877497,0.27569997764658183,40
mtd_ai,200,0.005036424734315243,0.3191489361702128,5061.854532253991,0.1,150,5,0.12111111111111111,0.1904814709444752,0.3060355311295899,0.0,582088.3381877497,0.27569997764658183,40
mtd_ai,200,0.005036424734315243,0.3879310344827586,5597.78910468912,0.15,150,5,0.12111111111111111,0.1904814709444752,0.3060355311295899,0.0,582088.3381877497,0.27569997764658183,40
mtd_ai,200,0.005036424734315243,0.4411764705882353,5967.017880323709,0.2,150,5,0.12111111111111111,0.1904814709444752,0.3060355311295899,0.0,582088.3381877497,0.27569997764658183,40
mtd_ai,200,0.005036424734315243,0.46875,6373.884741418908,0.25,150,5,0.12111111111111111,0.1904814709444752,0.3060355311295899,0.0,582088.3381877497,0.27569997764658183,40
mtd_ai,200,0.005041684313336518,0.4411764705882353,1197.4819165104263,0.05,150,5,0.1,1.5564742062711625,3.960061142585951,-5.6521739130434785,596675.7717994489,0.678164986311458,37
mtd_ai,200,0.005041684313336518,0.5,2255.4641734114257,0.1,150,5,0.1,1.5564742062711625,3.960061142585951,-5.6521739130434785,596675.7717994489,0.678164986311458,37
mtd_ai,200,0.005041684313336518,0.5,3344.807007438475,0.15,150,5,0.1,1.5564742062711625,3.960061142585951,-5.6521739130434785,596675.7717994489,0.678164986311458,37
mtd_ai,200,0.005041684313336518,0.5084745762711864,3935.0263605800374,0.2,150,5,0.1,1.5564742062711625,3.960061142585951,-5.6521739130434785,596675.7717994489,0.678164986311458,37
mtd_ai,200,0.005041684313336518,0.44642857142857145,5516.480147385706,0.25,150,5,0.1,1.5564742062711625,3.960061142585951,-5.6521739130434785,596675.7717994489,0.678164986311458,37
mtd_ai,200,0.005079073736853658,0.32608695652173914,2375.00115344997,0.05,150,5,0.16,0.042536270583305794,0.013622330142832473,0.0,457980.7119397558,0.8554350177291781,33
mtd_ai,200,0.005079073736853658,0.4166666666666667,3116.320944025795,0.1,150,5,0.16,0.042536270583305794,0.013622330142832473,0.0,457980.7119397558,0.8554350177291781,33
mtd_ai,200,0.005079073736853658,0.4891304347826087,3601.4663004443437,0.15,150,5,0.16,0.042536270583305794,0.013622330142832473,0.0,457980.7119397558,0.8554350177291781,33
mtd_ai,200,0.005079073736853658,0.4918032786885246,4631.579351599174,0.2,150,5,0.16,0.042536270583305794,0.013622330142832473,0.0,457980.7119397558,0.8554350177291781,33
mtd_ai,200,0.005079073736853658,0.5208333333333334,5126.5879513862155,0.25,150,5,0.16,0.042536270583305794,0.013622330142832473,0.0,457980.7119397558,0.8554350177291781,33
mtd_ai,200,0.005081166568319726,0.3409090909090909,2375.025149131162,0.05,150,5,0.1183333333333333,21.223975200345148,8.861903945528562,0.0,489254.2982894044,0.8561400230973959,34
mtd_ai,200,0.005081166568319726,0.39473684210526316,3457.0657359191027,0.1,150,5,0.1183333333333333,21.223975200345148,8.861903945528562,0.0,489254.2982894044,0.8561400230973959,34
mtd_ai,200,0.005081166568319726,0.4166666666666667,4469.2702919010735,0.15,150,5,0.1183333333333333,21.223975200345148,8.861903945528562,0.0,489254.2982894044,0.8561400230973959,34
mtd_ai,200,0.005081166568319726,0.46153846153846156,4965.493730037781,0.2,150,5,0.1183333333333333,21.223975200345148,8.861903945528562,0.0,489254.2982894044,0.8561400230973959,34
mtd_ai,200,0.005081166568319726,0.487012987012987,5315.979822987548,0.25,150,5,0.1183333333333333,21.223975200345148,8.861903945528562,0.0,489254.2982894044,0.8561400230973959,34
mtd_ai,200,0.005059840701678218,0.375,1961.7538430261948,0.05,150,5,0.13655555555555557,14.176758397913737,6.630207814917727,0.0,568975.6412772527,0.2937899756943807,43
mtd_ai,200,0.005059840701678218,0.375,3673.7941076897596,0.1,150,5,0.13655555555555557,14.176758397913737,6.630207814917727,0.0,568975.6412772527,0.2937899756943807,43
mtd_ai,200,0.005059840701678218,0.4326923076923077,4473.59658482446,0.15,150,5,0.13655555555555557,14.176758397913737,6.630207814917727,0.0,568975.6412772527,0.2937899756943807,43
mtd_ai,200,0.005059840701678218,0.4,6186.057258987779,0.2,150,5,0.13655555555555557,14.176758397913737,6.630207814917727,0.0,568975.6412772527,0.2937899756943807,43
mtd_ai,200,0.005059840701678218,0.4166666666666667,6854.592794102593,0.25,150,5,0.13655555555555557,14.176758397913737,6.630207814917727,0.0,568975.6412772527,0.2937899756943807,43
mtd_ai,200,0.005069994435740012,0.4411764705882353,1293.1281407762208,0.05,150,5,0.1588888888888889,2.51780962727193,6.150799718141544,0.0,462458.12928141764,0.2056049939710647,29
mtd_ai,200,0.005069994435740012,0.4838709677419355,2426.5186408468626,0.1,150,5,0.1588888888888889,2.51780962727193,6.150799718141544,0.0,462458.12928141764,0.2056049939710647,29
mtd_ai,200,0.005069994435740012,0.5625,2818.300781734928,0.15,150,5,0.1588888888888889,2.51780962727193,6.150799718141544,0.0,462458.12928141764,0.2056049939710647,29
mtd_ai,200,0.005069994435740012,0.5555555555555556,3603.1430973981705,0.2,150,5,0.1588888888888889,2.51780962727193,6.150799718141544,0.0,462458.12928141764,0.2056049939710647,29
mtd_ai,200,0.005069994435740012,0.5681818181818182,4454.321386760942,0.25,150,5,0.1588888888888889,2.51780962727193,6.150799718141544,0.0,462458.12928141764,0.2056049939710647,29
mtd_ai,200,0.005080451697769739,0.21428571428571427,3187.0119093160542,0.05,150,5,0.15166666666666667,0.15186724356455314,0.3626788573235377,0.0,523103.61633619195,1.701540034264326,37
mtd_ai,200,0.005080451697769739,0.32608695652173914,4012.0735742419697,0.1,150,5,0.15166666666666667,0.15186724356455314,0.3626788573235377,0.0,523103.61633619195,1.701540034264326,37
mtd_ai,200,0.005080451697769739,0.39473684210526316,4599.889785790405,0.15,150,5,0.15166666666666667,0.15186724356455314,0.3626788573235377,0.0,523103.61633619195,1.701540034264326,37
mtd_ai,200,0.005080451697769739,0.42857142857142855,5437.650662628628,0.2,150,5,0.15166666666666667,0.15186724356455314,0.3626788573235377,0.0,523103.61633619195,1.701540034264326,37
mtd_ai,200,0.005080451697769739,0.46875,5782.283117753574,0.25,150,5,0.15166666666666667,0.15186724356455314,0.3626788573235377,0.0,523103.61633619195,1.701540034264326,37
mtd_ai,200,0.005081180554279384,0.25,3024.7869495425175,0.05,150,5,0.15044444444444444,0.6163571872868411,2.5676925613034807,0.0,509250.4289190458,0.906750006834045,36
mtd_ai,200,0.005081180554279384,0.35714285714285715,3854.000538899885,0.1,150,5,0.15044444444444444,0.6163571872868411,2.5676925613034807,0.0,509250.4289190458,0.906750006834045,36
mtd_ai,200,0.005081180554279384,0.3813559322033898,4785.992863735379,0.15,150,5,0.15044444444444444,0.6163571872868411,2.5676925613034807,0.0,509250.4289190458,0.906750006834045,36
mtd_ai,200,0.005081180554279384,0.4225352112676056,5285.678452055261,0.2,150,5,0.15044444444444444,0.6163571872868411,2.5676925613034807,0.0,509250.4289190458,0.906750006834045,36
mtd_ai,200,0.005081180554279384,0.46296296296296297,5771.172337275495,0.25,150,5,0.15044444444444444,0.6163571872868411,2.5676925613034807,0.0,509250.4289190458,0.906750006834045,36
mtd_ai,200,0.005088512446730551,0.3125,2558.7958026823944,0.05,150,5,0.38461538461538464,0.6003585965487404,0.8095532831249806,0.0,532917.1155593119,0.23237999703269452,34
mtd_ai,200,0.005088512446730551,0.38461538461538464,3585.15479469606,0.1,150,5,0.38461538461538464,0.6003585965487404,0.8095532831249806,0.0,532917.1155593119,0.23237999703269452,34
mtd_ai,200,0.005088512446730551,0.45,4457.49325982777,0.15,150,5,0.38461538461538464,0.6003585965487404,0.8095532831249806,0.0,532917.1155593119,0.23237999703269452,34
mtd_ai,200,0.005088512446730551,0.4918032786885246,4885.3966530682155,0.2,150,5,0.38461538461538464,0.6003585965487404,0.8095532831249806,0.0,532917.1155593119,0.23237999703269452,34
mtd_ai,200,0.005088512446730551,0.528169014084507,5351.006936635462,0.25,150,5,0.38461538461538464,0.6003585965487404,0.8095532831249806,0.0,532917.1155593119,0.23237999703269452,34
mtd_ai,200,0.00502820659057057,0.20833333333333334,3946.9997754129126,0.05,150,5,0.12952380952380954,1.1319490457252523,4.488533141926442,0.0,750569.4633498217,0.35312999971210957,51
mtd_ai,200,0.00502820659057057,0.29411764705882354,4837.436486485367,0.1,150,5,0.12952380952380954,1.1319490457252523,4.488533141926442,0.0,750569.4633498217,0.35312999971210957,51
mtd_ai,200,0.00502820659057057,0.36885245901639346,5621.28423530934,0.15,150,5,0.12952380952380954,1.1319490457252523,4.488533141926442,0.0,750569.4633498217,0.35312999971210957,51
mtd_ai,200,0.00502820659057057,0.379746835443038,7373.5117351552135,0.2,150,5,0.12952380952380954,1.1319490457252523,4.488533141926442,0.0,750569.4633498217,0.35312999971210957,51
mtd_ai,200,0.00502820659057057,0.390625,8174.2800931786505,0.25,150,5,0.12952380952380954,1.1319490457252523,4.488533141926442,0.0,750569.4633498217,0.35312999971210957,51
mtd_ai,200,0.005044008943686061,0.4166666666666667,1649.8806224737377,0.05,150,5,0.10966666666666666,1.4617499409724228,2.2346454839183676,0.0,544851.3591306596,0.29255998379085213,39
mtd_ai,200,0.005044008943686061,0.4166666666666667,3349.2213139958003,0.1,150,5,0.10966666666666666,1.4617499409724228,2.2346454839183676,0.0,544851.3591306596,0.29255998379085213,39
mtd_ai,200,0.005044008943686061,0.4787234042553192,3884.3618937642577,0.15,150,5,0.10966666666666666,1.4617499409724228,2.2346454839183676,0.0,544851.3591306596,0.29255998379085213,39
mtd_ai,200,0.005044008943686061,0.4918032786885246,5033.566748805455,0.2,150,5,0.10966666666666666,1.4617499409724228,2.2346454839183676,0.0,544851.3591306596,0.29255998379085213,39
mtd_ai,200,0.005044008943686061,0.5,6044.470515657259,0.25,150,5,0.10966666666666666,1.4617499409724228,2.2346454839183676,0.0,544851.3591306596,0.29255998379085213,39
mtd_ai,200,0.005020688588577985,0.24193548387096775,3237.4187045400895,0.05,150,5,0.15533333333333335,6.5083234836755235,2.845262614819581,0.0,868463.4654259174,0.43248001020401716,57
mtd_ai,200,0.005020688588577985,0.22388059701492538,5429.829727318565,0.1,150,5,0.15533333333333335,6.5083234836755235,2.845262614819581,0.0,868463.4654259174,0.43248001020401716,57
mtd_ai,200,0.005020688588577985,0.23684210526315788,6548.327656346619,0.15,150,5,0.15533333333333335,6.5083234836755235,2.845262614819581,0.0,868463.4654259174,0.43248001020401716,57
mtd_ai,200,0.005020688588577985,0.2127659574468085,8338.808108260488,0.2,150,5,0.15533333333333335,6.5083234836755235,2.845262614819581,0.0,868463.4654259174,0.43248001020401716,57
mtd_ai,200,0.005020688588577985,0.24509803921568626,8823.336132156237,0.25,150,5,0.15533333333333335,6.5083234836755235,2.845262614819581,0.0,868463.4654259174,0.43248001020401716,57
mtd_ai,200,0.005063299263392082,0.3409090909090909,2261.1162303105443,0.05,150,5,0.10666666666666667,1.4073865939012233,3.269850399435713,0.0,636186.2221961563,0.3270300105214119,44
mtd_ai,200,0.005063299263392082,0.26785714285714285,4394.114274565382,0.1,150,5,0.10666666666666667,1.4073865939012233,3.269850399435713,0.0,636186.2221961563,0.3270300105214119,44
mtd_ai,200,0.005063299263392082,0.32142857142857145,5120.5026569538495,0.15,150,5,0.10666666666666667,1.4073865939012233,3.269850399435713,0.0,636186.2221961563,0.3270300105214119,44
mtd_ai,200,0.005063299263392082,0.3614457831325301,5875.203645075814,0.2,150,5,0.10666666666666667,1.4073865939012233,3.269850399435713,0.0,636186.2221961563,0.3270300105214119,44
mtd_ai,200,0.005063299263392082,0.3472222222222222,6818.312308613116,0.25,150,5,0.10666666666666667,1.4073865939012233,3.269850399435713,0.0,636186.2221961563,0.3270300105214119,44
mtd_ai,200,0.005059663892517399,0.2777777777777778,3161.2302006264936,0.05,150,5,0.13792592592592592,0.17606170085357511,0.7776670026470157,0.0,672899.6049106108,0.36608998489100486,46
mtd_ai,200,0.005059663892517399,0.26785714285714285,4761.764546256081,0.1,150,5,0.13792592592592592,0.17606170085357511,0.7776670026470157,0.0,672899.6049106108,0.36608998489100486,46
mtd_ai,200,0.005059663892517399,0.3358208955223881,5393.336722084843,0.15,150,5,0.13792592592592592,0.17606170085357511,0.7776670026470157,0.0,672899.6049106108,0.36608998489100486,46
mtd_ai,200,0.005059663892517399,0.375,6236.7017853435245,0.2,150,5,0.13792592592592592,0.17606170085357511,0.7776670026470157,0.0,672899.6049106108,0.36608998489100486,46
mtd_ai,200,0.005059663892517399,0.3826530612244898,7045.516120959626,0.25,150,5,0.13792592592592592,0.17606170085357511,0.7776670026470157,0.0,672899.6049106108,0.36608998489100486,46
mtd_ai,200,0.005040250796754575,0.3,2466.213672991663,0.05,150,5,0.10055555555555556,1.1009897662841022,2.2338587966040087,0.0,569463.7713856373,1.1376750015188009,39
mtd_ai,200,0.005040250796754575,0.38461538461538464,3462.7091026064018,0.1,150,5,0.10055555555555556,1.1009897662841022,2.2338587966040087,0.0,569463.7713856373,1.1376750015188009,39
mtd_ai,200,0.005040250796754575,0.4326923076923077,4487.888553706442,0.15,150,5,0.10055555555555556,1.1009897662841022,2.2338587966040087,0.0,569463.7713856373,1.1376750015188009,39
mtd_ai,200,0.005040250796754575,0.46153846153846156,5100.315764019662,0.2,150,5,0.10055555555555556,1.1009897662841022,2.2338587966040087,0.0,569463.7713856373,1.1376750015188009,39
mtd_ai,200,0.005040250796754575,0.47468354430379744,5753.434130317924,0.25,150,5,0.10055555555555556,1.1009897662841022,2.2338587966040087,0.0,569463.7713856373,1.1376750015188009,39
mtd_ai,200,0.005056216301335343,0.375,1628.5144706317603,0.05,150,5,0.2,3.5052388310873033,6.9055459389670055,0.0,439910.5110914092,0.7427700067637488,32
mtd_ai,200,0.005056216301335343,0.4411764705882353,2793.760354390006,0.1,150,5,0.2,3.5052388310873033,6.9055459389670055,0.0,439910.5110914092,0.7427700067637488,32
mtd_ai,200,0.005056216301335343,0.4787234042553192,3567.4966213966363,0.15,150,5,0.2,3.5052388310873033,6.9055459389670055,0.0,439910.5110914092,0.7427700067637488,32
mtd_ai,200,0.005056216301335343,0.4838709677419355,4293.0418323033555,0.2,150,5,0.2,3.5052388310873033,6.9055459389670055,0.0,439910.5110914092,0.7427700067637488,32
mtd_ai,200,0.005056216301335343,0.5,4885.985378631047,0.25,150,5,0.2,3.5052388310873033,6.9055459389670055,0.0,439910.5110914092,0.7427700067637488,32
mtd_ai,200,0.005060378451304873,0.25,3670.8658160517953,0.05,150,5,0.2916666666666667,0.3150020872273761,1.309073545006424,0.0,567576.4705988403,1.3652100140461698,42
mtd_ai,200,0.005060378451304873,0.3,5129.238759965852,0.1,150,5,0.2916666666666667,0.3150020872273761,1.309073545006424,0.0,567576.4705988403,1.3652100140461698,42
mtd_ai,200,0.005060378451304873,0.3358208955223881,5945.950802841267,0.15,150,5,0.2916666666666667,0.3150020872273761,1.309073545006424,0.0,567576.4705988403,1.3652100140461698,42
mtd_ai,200,0.005060378451304873,0.38461538461538464,6387.991077889753,0.2,150,5,0.2916666666666667,0.3150020872273761,1.309073545006424,0.0,567576.4705988403,1.3652100140461698,42
mtd_ai,200,0.005060378451304873,0.436046511627907,6642.89356696449,0.25,150,5,0.2916666666666667,0.3150020872273761,1.309073545006424,0.0,567576.4705988403,1.3652100140461698,42
mtd_ai,200,0.005044355241825655,0.35714285714285715,1467.658117317716,0.05,150,5,0.17361111111111113,0.7413076350926191,2.160510707578854,0.0,561949.5066303235,0.30889499466866255,39
mtd_ai,200,0.005044355241825655,0.3488372093023256,3512.752564344917,0.1,150,5,0.17361111111111113,0.7413076350926191,2.160510707578854,0.0,561949.5066303235,0.30889499466866255,39
mtd_ai,200,0.005044355241825655,0.4017857142857143,4389.701228494696,0.15,150,5,0.17361111111111113,0.7413076350926191,2.160510707578854,0.0,561949.5066303235,0.30889499466866255,39
mtd_ai,200,0.005044355241825655,0.42857142857142855,5222.980020527612,0.2,150,5,0.17361111111111113,0.7413076350926191,2.160510707578854,0.0,561949.5066303235,0.30889499466866255,39
mtd_ai,200,0.005044355241825655,0.45180722891566266,5925.8151661819875,0.25,150,5,0.17361111111111113,0.7413076350926191,2.160510707578854,0.0,561949.5066303235,0.30889499466866255,39
mtd_ai,200,0.005046189632905879,0.2777777777777778,2759.4905051587093,0.05,150,5,0.09666666666666666,1.0261495632799382,4.085563207669675,4.090909090909091,470184.2181609891,0.6603899819310755,35
mtd_ai,200,0.005046189632905879,0.3488372093023256,3674.674604296821,0.1,150,5,0.09666666666666666,1.0261495632799382,4.085563207669675,4.090909090909091,470184.2181609891,0.6603899819310755,35
mtd_ai,200,0.005046189632905879,0.4326923076923077,4136.8739927031365,0.15,150,5,0.09666666666666666,1.0261495632799382,4.085563207669675,4.090909090909091,470184.2181609891,0.6603899819310755,35
mtd_ai,200,0.005046189632905879,0.46875,4881.58690022745,0.2,150,5,0.09666666666666666,1.0261495632799382,4.085563207669675,4.090909090909091,470184.2181609891,0.6603899819310755,35
mtd_ai,200,0.005046189632905879,0.487012987012987,5662.784936830731,0.25,150,5,0.09666666666666666,1.0261495632799382,4.085563207669675,4.090909090909091,470184.2181609891,0.6603899819310755,35
mtd_ai,200,0.00506332268046047,0.3125,2018.8534742521765,0.05,150,5,0.15466666666666667,6.316354638757549,5.06329332074687,0.0,590590.8480077967,0.9156149433692917,41
mtd_ai,200,0.00506332268046047,0.39473684210526316,2930.464838284485,0.1,150,5,0.15466666666666667,6.316354638757549,5.06329332074687,0.0,590590.8480077967,0.9156149433692917,41
mtd_ai,200,0.00506332268046047,0.3879310344827586,5044.25477543856,0.15,150,5,0.15466666666666667,6.316354638757549,5.06329332074687,0.0,590590.8480077967,0.9156149433692917,41
mtd_ai,200,0.00506332268046047,0.4225352112676056,5625.854554727395,0.2,150,5,0.15466666666666667,6.316354638757549,5.06329332074687,0.0,590590.8480077967,0.9156149433692917,41
mtd_ai,200,0.00506332268046047,0.4573170731707317,6345.25258322511,0.25,150,5,0.15466666666666667,6.316354638757549,5.06329332074687,0.0,590590.8480077967,0.9156149433692917,41
mtd_ai,200,0.005037420102112475,0.3,2558.570351215815,0.05,150,5,0.17533333333333334,1.1997542660196476,4.140462492882366,0.0,593527.2328118212,0.666209973860532,41
mtd_ai,200,0.005037420102112475,0.3409090909090909,3919.0258998504128,0.1,150,5,0.17533333333333334,1.1997542660196476,4.140462492882366,0.0,593527.2328118212,0.666209973860532,41
mtd_ai,200,0.005037420102112475,0.3879310344827586,4771.7428531038495,0.15,150,5,0.17533333333333334,1.1997542660196476,4.140462492882366,0.0,593527.2328118212,0.666209973860532,41
mtd_ai,200,0.005037420102112475,0.410958904109589,5518.589780173677,0.2,150,5,0.17533333333333334,1.1997542660196476,4.140462492882366,0.0,593527.2328118212,0.666209973860532,41
mtd_ai,200,0.005037420102112475,0.4411764705882353,6296.373662794615,0.25,150,5,0.17533333333333334,1.1997542660196476,4.140462492882366,0.0,593527.2328118212,0.666209973860532,41
mtd_ai,200,0.005078818639367963,0.3,3288.309247654969,0.05,150,5,0.16333333333333333,0.9698046872517703,2.310785486798488,0.0,531454.7480228049,0.8301300345920026,36
mtd_ai,200,0.005078818639367963,0.39473684210526316,4117.921826664111,0.1,150,5,0.16333333333333333,0.9698046872517703,2.310785486798488,0.0,531454.7480228049,0.8301300345920026,36
mtd_ai,200,0.005078818639367963,0.45,4714.825305575779,0.15,150,5,0.16333333333333333,0.9698046872517703,2.310785486798488,0.0,531454.7480228049,0.8301300345920026,36
mtd_ai,200,0.005078818639367963,0.5,5306.642679800016,0.2,150,5,0.16333333333333333,0.9698046872517703,2.310785486798488,0.0,531454.7480228049,0.8301300345920026,36
mtd_ai,200,0.005078818639367963,0.5434782608695652,5724.113682823909,0.25,150,5,0.16333333333333333,0.9698046872517703,2.310785486798488,0.0,531454.7480228049,0.8301300345920026,36
mtd_ai,200,0.005072098107854617,0.26785714285714285,3464.5307234465818,0.05,150,5,0.12,0.35920198637320244,1.2260026074931036,0.0,515226.6010081219,1.5041699982248247,36
mtd_ai,200,0.005072098107854617,0.3409090909090909,4540.045118533868,0.1,150,5,0.12,0.35920198637320244,1.2260026074931036,0.0,515226.6010081219,1.5041699982248247,36
mtd_ai,200,0.005072098107854617,0.4326923076923077,4896.771124501165,0.15,150,5,0.12,0.35920198637320244,1.2260026074931036,0.0,515226.6010081219,1.5041699982248247,36
mtd_ai,200,0.005072098107854617,0.4918032786885246,5188.518737665729,0.2,150,5,0.12,0.35920198637320244,1.2260026074931036,0.0,515226.6010081219,1.5041699982248247,36
mtd_ai,200,0.005072098107854617,0.5357142857142857,5698.3887194275685,0.25,150,5,0.12,0.35920198637320244,1.2260026074931036,0.0,515226.6010081219,1.5041699982248247,36
mtd_ai,200,0.0050401470850054385,0.28846153846153844,2490.901554566234,0.05,150,5,0.09866666666666667,0.025707195159513148,0.09513943302169067,4.064516129032258,576633.5846613746,0.3082949900999665,41
mtd_ai,200,0.0050401470850054385,0.3409090909090909,3683.8087955692927,0.1,150,5,0.09866666666666667,0.025707195159513148,0.09513943302169067,4.064516129032258,576633.5846613746,0.3082949900999665,41
mtd_ai,200,0.0050401470850054385,0.4166666666666667,4091.9452215264528,0.15,150,5,0.09866666666666667,0.025707195159513148,0.09513943302169067,4.064516129032258,576633.5846613746,0.3082949900999665,41
mtd_ai,200,0.0050401470850054385,0.4166666666666667,5472.6304950481035,0.2,150,5,0.09866666666666667,0.025707195159513148,0.09513943302169067,4.064516129032258,576633.5846613746,0.3082949900999665,41
mtd_ai,200,0.0050401470850054385,0.44642857142857145,6504.550761035228,0.25,150,5,0.09866666666666667,0.025707195159513148,0.09513943302169067,4.064516129032258,576633.5846613746,0.3082949900999665,41
mtd_ai,200,0.005060409215948284,0.32608695652173914,2854.529624185485,0.05,150,5,0.12666666666666668,9.673384852883718,1.303687063693146,0.0,654721.6394621807,0.8210850093746558,43
mtd_ai,200,0.005060409215948284,0.38461538461538464,4588.356941173541,0.1,150,5,0.12666666666666668,9.673384852883718,1.303687063693146,0.0,654721.6394621807,0.8210850093746558,43
mtd_ai,200,0.005060409215948284,0.4326923076923077,5025.035892856625,0.15,150,5,0.12666666666666668,9.673384852883718,1.303687063693146,0.0,654721.6394621807,0.8210850093746558,43
mtd_ai,200,0.005060409215948284,0.42857142857142855,5808.293136534365,0.2,150,5,0.12666666666666668,9.673384852883718,1.303687063693146,0.0,654721.6394621807,0.8210850093746558,43
mtd_ai,200,0.005060409215948284,0.45180722891566266,6849.587311701519,0.25,150,5,0.12666666666666668,9.673384852883718,1.303687063693146,0.0,654721.6394621807,0.8210850093746558,43
mtd_ai,200,0.005032464020935998,0.39473684210526316,1655.2939607734438,0.05,150,5,0.12333333333333334,0.6956061171881226,2.9257224041104695,0.0,711471.0050277348,0.7745700306259096,45
mtd_ai,200,0.005032464020935998,0.36585365853658536,3978.4583433490184,0.1,150,5,0.12333333333333334,0.6956061171881226,2.9257224041104695,0.0,711471.0050277348,0.7745700306259096,45
mtd_ai,200,0.005032464020935998,0.4090909090909091,5070.22419837477,0.15,150,5,0.12333333333333334,0.6956061171881226,2.9257224041104695,0.0,711471.0050277348,0.7745700306259096,45
mtd_ai,200,0.005032464020935998,0.42857142857142855,6014.313425985925,0.2,150,5,0.12333333333333334,0.6956061171881226,2.9257224041104695,0.0,711471.0050277348,0.7745700306259096,45
mtd_ai,200,0.005032464020935998,0.42613636363636365,7087.2820988042895,0.25,150,5,0.12333333333333334,0.6956061171881226,2.9257224041104695,0.0,711471.0050277348,0.7745700306259096,45
mtd_ai,200,0.00508087062756359,0.32608695652173914,2665.8951941347714,0.05,150,5,0.11533333333333334,0.6672450198252948,2.641842892714928,0.0,539488.3732692687,1.2569099926622584,36
mtd_ai,200,0.00508087062756359,0.39473684210526316,3618.5806582712794,0.1,150,5,0.11533333333333334,0.6672450198252948,2.641842892714928,0.0,539488.3732692687,1.2569099926622584,36
mtd_ai,200,0.00508087062756359,0.45918367346938777,4326.715553739236,0.15,150,5,0.11533333333333334,0.6672450198252948,2.641842892714928,0.0,539488.3732692687,1.2569099926622584,36
mtd_ai,200,0.00508087062756359,0.4918032786885246,5248.293539204549,0.2,150,5,0.11533333333333334,0.6672450198252948,2.641842892714928,0.0,539488.3732692687,1.2569099926622584,36
mtd_ai,200,0.00508087062756359,0.5357142857142857,5587.109386519293,0.25,150,5,0.11533333333333334,0.6672450198252948,2.641842892714928,0.0,539488.3732692687,1.2569099926622584,36
mtd_ai,200,0.005093125819774792,0.375,1388.3635384340605,0.05,150,5,0.12944444444444442,3.1573104158888983,5.1366849736994284,0.0,452768.5181623684,0.21407997992355376,30
mtd_ai,200,0.005093125819774792,0.46875,2308.5001024319945,0.1,150,5,0.12944444444444442,3.1573104158888983,5.1366849736994284,0.0,452768.5181623684,0.21407997992355376,30
mtd_ai,200,0.005093125819774792,0.5,2948.343696147581,0.15,150,5,0.12944444444444442,3.1573104158888983,5.1366849736994284,0.0,452768.5181623684,0.21407997992355376,30
mtd_ai,200,0.005093125819774792,0.4918032786885246,4025.6275585250223,0.2,150,5,0.12944444444444442,3.1573104158888983,5.1366849736994284,0.0,452768.5181623684,0.21407997992355376,30
mtd_ai,200,0.005093125819774792,0.5434782608695652,4402.020137866855,0.25,150,5,0.12944444444444442,3.1573104158888983,5.1366849736994284,0.0,452768.5181623684,0.21407997992355376,30
mtd_ai,200,0.005071262778052667,0.3125,2609.4292704658715,0.05,150,5,0.13388888888888892,0.026046772979082883,0.061632998394653665,0.0,561914.8471972796,0.6919200211996213,39
mtd_ai,200,0.005071262778052667,0.39473684210526316,3701.610790922074,0.1,150,5,0.13388888888888892,0.026046772979082883,0.061632998394653665,0.0,561914.8471972796,0.6919200211996213,39
mtd_ai,200,0.005071262778052667,0.4166666666666667,4935.528737520566,0.15,150,5,0.13388888888888892,0.026046772979082883,0.061632998394653665,0.0,561914.8471972796,0.6919200211996213,39
mtd_ai,200,0.005071262778052667,0.4411764705882353,5720.637604647427,0.2,150,5,0.13388888888888892,0.026046772979082883,0.061632998394653665,0.0,561914.8471972796,0.6919200211996213,39
mtd_ai,200,0.005071262778052667,0.46875,6263.811614821438,0.25,150,5,0.13388888888888892,0.026046772979082883,0.061632998394653665,0.0,561914.8471972796,0.6919200211996213,39
mtd_ai,200,0.005053503809891164,0.3409090909090909,1889.4349380431352,0.05,150,5,0.2,1.2848034264942756,4.528304265518792,0.0,618108.7150155972,0.744195026345551,43
mtd_ai,200,0.005053503809891164,0.40540540540540543,2791.0443969273383,0.1,150,5,0.2,1.2848034264942756,4.528304265518792,0.0,618108.7150155972,0.744195026345551,43
mtd_ai,200,0.005053503809891164,0.46875,3469.802346799917,0.15,150,5,0.2,1.2848034264942756,4.528304265518792,0.0,618108.7150155972,0.744195026345551,43
mtd_ai,200,0.005053503809891164,0.29411764705882354,5983.401503376783,0.2,150,5,0.2,1.2848034264942756,4.528304265518792,0.0,618108.7150155972,0.744195026345551,43
mtd_ai,200,0.005053503809891164,0.32051282051282054,6844.167571265696,0.25,150,5,0.2,1.2848034264942756,4.528304265518792,0.0,618108.7150155972,0.744195026345551,43
mtd_ai,200,0.005033249872581599,0.26785714285714285,2909.3701459994445,0.05,150,5,0.154,0.7396995215982344,3.276994149467852,0.0,677599.883615651,0.347864959621802,44
mtd_ai,200,0.005033249872581599,0.3488372093023256,3796.126711089512,0.1,150,5,0.154,0.7396995215982344,3.276994149467852,0.0,677599.883615651,0.347864959621802,44
mtd_ai,200,0.005033249872581599,0.3629032258064516,4676.698773722368,0.15,150,5,0.154,0.7396995215982344,3.276994149467852,0.0,677599.883615651,0.347864959621802,44
mtd_ai,200,0.005033249872581599,0.38461538461538464,5888.323715689406,0.2,150,5,0.154,0.7396995215982344,3.276994149467852,0.0,677599.883615651,0.347864959621802,44
mtd_ai,200,0.005033249872581599,0.4166666666666667,6944.458694728438,0.25,150,5,0.154,0.7396995215982344,3.276994149467852,0.0,677599.883615651,0.347864959621802,44
mtd_ai,200,0.0050658241518244254,0.2777777777777778,2521.6227342729444,0.05,150,5,0.11722222222222224,2.523713759370613,4.479645103981048,0.0,534183.1827259755,0.25837500288616866,37
mtd_ai,200,0.0050658241518244254,0.375,3429.638345076274,0.1,150,5,0.11722222222222224,2.523713759370613,4.479645103981048,0.0,534183.1827259755,0.25837500288616866,37
mtd_ai,200,0.0050658241518244254,0.45,3939.7876037219194,0.15,150,5,0.11722222222222224,2.523713759370613,4.479645103981048,0.0,534183.1827259755,0.25837500288616866,37
mtd_ai,200,0.0050658241518244254,0.45454545454545453,5118.020102024709,0.2,150,5,0.11722222222222224,2.523713759370613,4.479645103981048,0.0,534183.1827259755,0.25837500288616866,37
mtd_ai,200,0.0050658241518244254,0.4934210526315789,5849.297994127602,0.25,150,5,0.11722222222222224,2.523713759370613,4.479645103981048,0.0,534183.1827259755,0.25837500288616866,37
mtd_ai,200,0.0050395506972053025,0.32608695652173914,2794.3473387521944,0.05,150,5,0.12844444444444444,1.72028719264852,5.273904692306606,0.0,544088.1499060276,0.5443049623863772,41
mtd_ai,200,0.0050395506972053025,0.36585365853658536,3986.6984544927654,0.1,150,5,0.12844444444444444,1.72028719264852,5.273904692306606,0.0,544088.1499060276,0.5443049623863772,41
mtd_ai,200,0.0050395506972053025,0.4090909090909091,5169.494607006851,0.15,150,5,0.12844444444444444,1.72028719264852,5.273904692306606,0.0,544088.1499060276,0.5443049623863772,41
mtd_ai,200,0.0050395506972053025,0.4,6038.65242872077,0.2,150,5,0.12844444444444444,1.72028719264852,5.273904692306606,0.0,544088.1499060276,0.5443049623863772,41
mtd_ai,200,0.0050395506972053025,0.42613636363636365,6637.943780645932,0.25,150,5,0.12844444444444444,1.72028719264852,5.273904692306606,0.0,544088.1499060276,0.5443049623863772,41
mtd_ai,200,0.005059734213351936,0.4411764705882353,1483.3033214769678,0.05,150,5,0.13333333333333333,0.9454348729152297,2.8815144211701322,0.0,537453.8246756345,0.8417850011028349,40
mtd_ai,200,0.005059734213351936,0.39473684210526316,3285.1082216305294,0.1,150,5,0.13333333333333333,0.9454348729152297,2.8815144211701322,0.0,537453.8246756345,0.8417850011028349,40
mtd_ai,200,0.005059734213351936,0.45,3975.470232933375,0.15,150,5,0.13333333333333333,0.9454348729152297,2.8815144211701322,0.0,537453.8246756345,0.8417850011028349,40
mtd_ai,200,0.005059734213351936,0.45454545454545453,5748.3899485174825,0.2,150,5,0.13333333333333333,0.9454348729152297,2.8815144211701322,0.0,537453.8246756345,0.8417850011028349,40
mtd_ai,200,0.005059734213351936,0.487012987012987,6277.765953842993,0.25,150,5,0.13333333333333333,0.9454348729152297,2.8815144211701322,0.0,537453.8246756345,0.8417850011028349,40
mtd_ai,200,0.005078340052725853,0.39473684210526316,1744.4634760058493,0.05,150,5,0.15384615384615385,0.15962911148122924,0.38578222526823036,0.0,519148.91512326157,0.2942549792351201,34
mtd_ai,200,0.005078340052725853,0.45454545454545453,2783.872510545488,0.1,150,5,0.15384615384615385,0.15962911148122924,0.38578222526823036,0.0,519148.91512326157,0.2942549792351201,34
mtd_ai,200,0.005078340052725853,0.46875,3525.5566568323266,0.15,150,5,0.15384615384615385,0.15962911148122924,0.38578222526823036,0.0,519148.91512326157,0.2942549792351201,34
mtd_ai,200,0.005078340052725853,0.46875,4351.6176698746685,0.2,150,5,0.15384615384615385,0.15962911148122924,0.38578222526823036,0.0,519148.91512326157,0.2942549792351201,34
mtd_ai,200,0.005078340052725853,0.487012987012987,5125.224161441815,0.25,150,5,0.15384615384615385,0.15962911148122924,0.38578222526823036,0.0,519148.91512326157,0.2942549792351201,34
mtd_ai,200,0.005076020195368885,0.4166666666666667,1884.1310921210154,0.05,150,5,0.1822222222222222,0.34182387601883524,1.1320447636643087,0.0,505934.2882241444,0.9094950190046802,38
mtd_ai,200,0.005076020195368885,0.4166666666666667,3856.5339609884068,0.1,150,5,0.1822222222222222,0.34182387601883524,1.1320447636643087,0.0,505934.2882241444,0.9094950190046802,38
mtd_ai,200,0.005076020195368885,0.45918367346938777,4643.572645264125,0.15,150,5,0.1822222222222222,0.34182387601883524,1.1320447636643087,0.0,505934.2882241444,0.9094950190046802,38
mtd_ai,200,0.005076020195368885,0.46875,5592.29343318429,0.2,150,5,0.1822222222222222,0.34182387601883524,1.1320447636643087,0.0,505934.2882241444,0.9094950190046802,38
mtd_ai,200,0.005076020195368885,0.4934210526315789,6017.677848557938,0.25,150,5,0.1822222222222222,0.34182387601883524,1.1320447636643087,0.0,505934.2882241444,0.9094950190046802,38
mtd_ai,200,0.005055078121165598,0.25862068965517243,2889.146394725018,0.05,150,5,0.12659259259259262,2.9246607804630833,3.1842415183835984,0.0,466550.54124716314,0.2062349987681955,33
mtd_ai,200,0.005055078121165598,0.375,3694.416962776877,0.1,150,5,0.12659259259259262,2.9246607804630833,3.1842415183835984,0.0,466550.54124716314,0.2062349987681955,33
mtd_ai,200,0.005055078121165598,0.42452830188679247,4266.252020393855,0.15,150,5,0.12659259259259262,2.9246607804630833,3.1842415183835984,0.0,466550.54124716314,0.2062349987681955,33
mtd_ai,200,0.005055078121165598,0.47619047619047616,4853.967731505612,0.2,150,5,0.12659259259259262,2.9246607804630833,3.1842415183835984,0.0,466550.54124716314,0.2062349987681955,33
mtd_ai,200,0.005055078121165598,0.5136986301369864,5147.4663483677505,0.25,150,5,0.12659259259259262,2.9246607804630833,3.1842415183835984,0.0,466550.54124716314,0.2062349987681955,33
mtd_ai,200,0.005067036569450458,0.234375,3894.456027925309,0.05,150,5,0.13,0.39627950518409877,0.7234484095143677,0.0,631447.0483456671,0.2845949842594564,41
mtd_ai,200,0.005067036569450458,0.3191489361702128,4972.480482632269,0.1,150,5,0.13,0.39627950518409877,0.7234484095143677,0.0,631447.0483456671,0.2845949842594564,41
mtd_ai,200,0.005067036569450458,0.375,5667.676257647325,0.15,150,5,0.13,0.39627950518409877,0.7234484095143677,0.0,631447.0483456671,0.2845949842594564,41
mtd_ai,200,0.005067036569450458,0.40540540540540543,6194.605913880969,0.2,150,5,0.13,0.39627950518409877,0.7234484095143677,0.0,631447.0483456671,0.2845949842594564,41
mtd_ai,200,0.005067036569450458,0.45180722891566266,6471.048801859637,0.25,150,5,0.13,0.39627950518409877,0.7234484095143677,0.0,631447.0483456671,0.2845949842594564,41
mtd_ai,200,0.005042945003673939,0.32608695652173914,2254.768932807483,0.05,150,5,0.20111111111111113,1.2357319014007353,2.3943470007823278,0.0,577199.5707651654,0.30230997945182025,39
mtd_ai,200,0.005042945003673939,0.36585365853658536,4111.447739079116,0.1,150,5,0.20111111111111113,1.2357319014007353,2.3943470007823278,0.0,577199.5707651654,0.30230997945182025,39
mtd_ai,200,0.005042945003673939,0.4411764705882353,4768.204059840486,0.15,150,5,0.20111111111111113,1.2357319014007353,2.3943470007823278,0.0,577199.5707651654,0.30230997945182025,39
mtd_ai,200,0.005042945003673939,0.4411764705882353,5755.148916499906,0.2,150,5,0.20111111111111113,1.2357319014007353,2.3943470007823278,0.0,577199.5707651654,0.30230997945182025,39
mtd_ai,200,0.005042945003673939,0.487012987012987,6086.127700225559,0.25,150,5,0.20111111111111113,1.2357319014007353,2.3943470007823278,0.0,577199.5707651654,0.30230997945182025,39
mtd_ai,200,0.00508253121687144,0.39473684210526316,2083.82172487958,0.05,150,5,0.152,1.3986389688491239,4.316199376177465,0.0,473075.54065572144,0.2365649852436036,32
mtd_ai,200,0.00508253121687144,0.46875,3115.7808535373106,0.1,150,5,0.152,1.3986389688491239,4.316199376177465,0.0,473075.54065572144,0.2365649852436036,32
mtd_ai,200,0.00508253121687144,0.5487804878048781,3531.5224638743603,0.15,150,5,0.152,1.3986389688491239,4.316199376177465,0.0,473075.54065572144,0.2365649852436036,32
mtd_ai,200,0.00508253121687144,0.5172413793103449,4472.963793379381,0.2,150,5,0.152,1.3986389688491239,4.316199376177465,0.0,473075.54065572144,0.2365649852436036,32
mtd_ai,200,0.00508253121687144,0.5434782608695652,4997.737661981562,0.25,150,5,0.152,1.3986389688491239,4.316199376177465,0.0,473075.54065572144,0.2365649852436036,32
mtd_ai,200,0.005073108072155276,0.24193548387096775,2874.6007772448856,0.05,150,5,0.13444444444444442,0.3849675877222224,0.9361270765788909,0.0,509263.0454284756,0.8021250047022477,37
mtd_ai,200,0.005073108072155276,0.3333333333333333,4017.495775200481,0.1,150,5,0.13444444444444442,0.3849675877222224,0.9361270765788909,0.0,509263.0454284756,0.8021250047022477,37
mtd_ai,200,0.005073108072155276,0.4017857142857143,4772.776063501629,0.15,150,5,0.13444444444444442,0.3849675877222224,0.9361270765788909,0.0,509263.0454284756,0.8021250047022477,37
mtd_ai,200,0.005073108072155276,0.44776119402985076,5468.089272250771,0.2,150,5,0.13444444444444442,0.3849675877222224,0.9361270765788909,0.0,509263.0454284756,0.8021250047022477,37
mtd_ai,200,0.005073108072155276,0.5,5859.143718273266,0.25,150,5,0.13444444444444442,0.3849675877222224,0.9361270765788909,0.0,509263.0454284756,0.8021250047022477,37
mtd_ai,200,0.0050573276590961305,0.3409090909090909,1651.9587323186643,0.05,150,5,0.161,2.7827588868751705,4.7789465520099705,0.0,648931.7825466353,0.3267000603955239,43
mtd_ai,200,0.0050573276590961305,0.4166666666666667,2823.639321933205,0.1,150,5,0.161,2.7827588868751705,4.7789465520099705,0.0,648931.7825466353,0.3267000603955239,43
mtd_ai,200,0.0050573276590961305,0.32608695652173914,5421.225139586346,0.15,150,5,0.161,2.7827588868751705,4.7789465520099705,0.0,648931.7825466353,0.3267000603955239,43
mtd_ai,200,0.0050573276590961305,0.35714285714285715,6169.445290230631,0.2,150,5,0.161,2.7827588868751705,4.7789465520099705,0.0,648931.7825466353,0.3267000603955239,43
mtd_ai,200,0.0050573276590961305,0.4032258064516129,6791.280760995447,0.25,150,5,0.161,2.7827588868751705,4.7789465520099705,0.0,648931.7825466353,0.3267000603955239,43
mtd_ai,200,0.005031334785484785,0.234375,3079.0971505901143,0.05,150,5,0.1,1.5474553433758256,4.788986030580792,0.0,735570.6515497164,0.7633800065377727,52
mtd_ai,200,0.005031334785484785,0.3,4639.8515826663315,0.1,150,5,0.1,1.5474553433758256,4.788986030580792,0.0,735570.6515497164,0.7633800065377727,52
mtd_ai,200,0.005031334785484785,0.36885245901639346,5829.5088472781945,0.15,150,5,0.1,1.5474553433758256,4.788986030580792,0.0,735570.6515497164,0.7633800065377727,52
mtd_ai,200,0.005031334785484785,0.40540540540540543,6738.454806058625,0.2,150,5,0.1,1.5474553433758256,4.788986030580792,0.0,735570.6515497164,0.7633800065377727,52
mtd_ai,200,0.005031334785484785,0.3865979381443299,8356.140774426847,0.25,150,5,0.1,1.5474553433758256,4.788986030580792,0.0,735570.6515497164,0.7633800065377727,52
mtd_ai,200,0.005052630815275843,0.22058823529411764,3843.0701336677857,0.05,150,5,0.17411111111111113,1.5855961002503,2.993671148307017,0.0,689130.2134806742,0.9329549793619663,47
mtd_ai,200,0.005052630815275843,0.29411764705882354,5587.523447019345,0.1,150,5,0.17411111111111113,1.5855961002503,2.993671148307017,0.0,689130.2134806742,0.9329549793619663,47
mtd_ai,200,0.005052630815275843,0.34615384615384615,6771.2542839136995,0.15,150,5,0.17411111111111113,1.5855961002503,2.993671148307017,0.0,689130.2134806742,0.9329549793619663,47
mtd_ai,200,0.005052630815275843,0.39473684210526316,7186.891726038168,0.2,150,5,0.17411111111111113,1.5855961002503,2.993671148307017,0.0,689130.2134806742,0.9329549793619663,47
mtd_ai,200,0.005052630815275843,0.436046511627907,7622.214547935584,0.25,150,5,0.17411111111111113,1.5855961002503,2.993671148307017,0.0,689130.2134806742,0.9329549793619663,47
mtd_ai,200,0.005070745012850531,0.32608695652173914,2214.4956949796674,0.05,150,5,0.16722222222222222,2.0262605849047444,5.586719465447727,0.0,572558.2456966514,0.6870749755762517,37
mtd_ai,200,0.005070745012850531,0.38461538461538464,3460.992482881211,0.1,150,5,0.16722222222222222,2.0262605849047444,5.586719465447727,0.0,572558.2456966514,0.6870749755762517,37
mtd_ai,200,0.005070745012850531,0.4017857142857143,4305.476955503397,0.15,150,5,0.16722222222222222,2.0262605849047444,5.586719465447727,0.0,572558.2456966514,0.6870749755762517,37
mtd_ai,200,0.005070745012850531,0.44776119402985076,4924.51929619023,0.2,150,5,0.16722222222222222,2.0262605849047444,5.586719465447727,0.0,572558.2456966514,0.6870749755762517,37
mtd_ai,200,0.005070745012850531,0.46875,5797.877197213583,0.25,150,5,0.16722222222222222,2.0262605849047444,5.586719465447727,0.0,572558.2456966514,0.6870749755762517,37
mtd_ai,200,0.005057696520411462,0.24193548387096775,3790.4924861217014,0.05,150,5,0.16666666666666669,3.4159429954044715,4.1889859544926615,0.0,663097.6311211934,1.4577600115444511,46
mtd_ai,200,0.005057696520411462,0.3488372093023256,4496.026935605103,0.1,150,5,0.16666666666666669,3.4159429954044715,4.1889859544926615,0.0,663097.6311211934,1.4577600115444511,46
mtd_ai,200,0.005057696520411462,0.4090909090909091,5235.854892973267,0.15,150,5,0.16666666666666669,3.4159429954044715,4.1889859544926615,0.0,663097.6311211934,1.4577600115444511,46
mtd_ai,200,0.005057696520411462,0.40540540540540543,6965.833598269748,0.2,150,5,0.16666666666666669,3.4159429954044715,4.1889859544926615,0.0,663097.6311211934,1.4577600115444511,46
mtd_ai,200,0.005057696520411462,0.44642857142857145,7337.525705416236,0.25,150,5,0.16666666666666669,3.4159429954044715,4.1889859544926615,0.0,663097.6311211934,1.4577600115444511,46
mtd_ai,200,0.0050406396488145815,0.32608695652173914,2014.6434503156943,0.05,150,5,0.1338888888888889,0.9854002709891045,2.0976204802373037,3.8285714285714287,593490.638199926,0.2709599939407781,37
mtd_ai,200,0.0050406396488145815,0.3409090909090909,3969.9284709073295,0.1,150,5,0.1338888888888889,0.9854002709891045,2.0976204802373037,3.8285714285714287,593490.638199926,0.2709599939407781,37
mtd_ai,200,0.0050406396488145815,0.4166666666666667,4374.954842705074,0.15,150,5,0.1338888888888889,0.9854002709891045,2.0976204802373037,3.8285714285714287,593490.638199926,0.2709599939407781,37
mtd_ai,200,0.0050406396488145815,0.4411764705882353,4864.758980734088,0.2,150,5,0.1338888888888889,0.9854002709891045,2.0976204802373037,3.8285714285714287,593490.638199926,0.2709599939407781,37
mtd_ai,200,0.0050406396488145815,0.46875,5696.165311184923,0.25,150,5,0.1338888888888889,0.9854002709891045,2.0976204802373037,3.8285714285714287,593490.638199926,0.2709599939407781,37
mtd_ai,200,0.005023387252578417,0.3,2910.788211343338,0.05,150,5,0.12222222222222222,0.8262558384915526,1.7971243007517124,3.5526315789473686,816946.738558315,1.0733700008131564,54
mtd_ai,200,0.005023387252578417,0.3409090909090909,4450.102972577817,0.1,150,5,0.12222222222222222,0.8262558384915526,1.7971243007517124,3.5526315789473686,816946.738558315,1.0733700008131564,54
mtd_ai,200,0.005023387252578417,0.3409090909090909,6725.759067667941,0.15,150,5,0.12222222222222222,0.8262558384915526,1.7971243007517124,3.5526315789473686,816946.738558315,1.0733700008131564,54
mtd_ai,200,0.005023387252578417,0.37037037037037035,8169.302303418835,0.2,150,5,0.12222222222222222,0.8262558384915526,1.7971243007517124,3.5526315789473686,816946.738558315,1.0733700008131564,54
mtd_ai,200,0.005023387252578417,0.4032258064516129,8644.025761969777,0.25,150,5,0.12222222222222222,0.8262558384915526,1.7971243007517124,3.5526315789473686,816946.738558315,1.0733700008131564,54
mtd_ai,200,0.005058883804970304,0.28846153846153844,2245.023346531758,0.05,150,5,0.2,0.3407926306522877,1.3424542290680965,0.0,461598.7494014467,0.23642998421564698,32
mtd_ai,200,0.005058883804970304,0.38461538461538464,3043.9329217474633,0.1,150,5,0.2,0.3407926306522877,1.3424542290680965,0.0,461598.7494014467,0.23642998421564698,32
mtd_ai,200,0.005058883804970304,0.4411764705882353,3859.944575650228,0.15,150,5,0.2,0.3407926306522877,1.3424542290680965,0.0,461598.7494014467,0.23642998421564698,32
mtd_ai,200,0.005058883804970304,0.5,4397.531664306849,0.2,150,5,0.2,0.3407926306522877,1.3424542290680965,0.0,461598.7494014467,0.23642998421564698,32
mtd_ai,200,0.005058883804970304,0.528169014084507,4983.6794590283625,0.25,150,5,0.2,0.3407926306522877,1.3424542290680965,0.0,461598.7494014467,0.23642998421564698,32
mtd_ai,200,0.005051711596140396,0.3,2844.887736178462,0.05,150,5,0.10666666666666667,0.8505479388832563,2.984047291389311,0.0,528769.2903455788,1.4646900293882936,37
mtd_ai,200,0.005051711596140396,0.3409090909090909,3624.270323984675,0.1,150,5,0.10666666666666667,0.8505479388832563,2.984047291389311,0.0,528769.2903455788,1.4646900293882936,37
mtd_ai,200,0.005051711596140396,0.3813559322033898,5164.745545571402,0.15,150,5,0.10666666666666667,0.8505479388832563,2.984047291389311,0.0,528769.2903455788,1.4646900293882936,37
mtd_ai,200,0.005051711596140396,0.4411764705882353,5546.679342959298,0.2,150,5,0.10666666666666667,0.8505479388832563,2.984047291389311,0.0,528769.2903455788,1.4646900293882936,37
mtd_ai,200,0.005051711596140396,0.487012987012987,5997.968033671388,0.25,150,5,0.10666666666666667,0.8505479388832563,2.984047291389311,0.0,528769.2903455788,1.4646900293882936,37
mtd_ai,200,0.005080226701950924,0.32608695652173914,2003.707519086906,0.05,150,5,0.1611111111111111,0.5967214762003461,0.7189562753351911,0.0,527189.5068311761,1.213440002175048,36
mtd_ai,200,0.005080226701950924,0.36585365853658536,3589.0373846629655,0.1,150,5,0.1611111111111111,0.5967214762003461,0.7189562753351911,0.0,527189.5068311761,1.213440002175048,36
mtd_ai,200,0.005080226701950924,0.4166666666666667,4319.696899999344,0.15,150,5,0.1611111111111111,0.5967214762003461,0.7189562753351911,0.0,527189.5068311761,1.213440002175048,36
mtd_ai,200,0.005080226701950924,0.46153846153846156,4887.57895217775,0.2,150,5,0.1611111111111111,0.5967214762003461,0.7189562753351911,0.0,527189.5068311761,1.213440002175048,36
mtd_ai,200,0.005080226701950924,0.4807692307692308,5538.779565426027,0.25,150,5,0.1611111111111111,0.5967214762003461,0.7189562753351911,0.0,527189.5068311761,1.213440002175048,36
mtd_ai,200,0.005081390631111532,0.2777777777777778,3285.899959672971,0.05,150,5,0.25,0.8936778665255279,3.278879473566785,0.0,461691.9661052323,0.2630250033689663,36
mtd_ai,200,0.005081390631111532,0.38461538461538464,3916.0011761973005,0.1,150,5,0.25,0.8936778665255279,3.278879473566785,0.0,461691.9661052323,0.2630250033689663,36
mtd_ai,200,0.005081390631111532,0.42452830188679247,4949.222690774075,0.15,150,5,0.25,0.8936778665255279,3.278879473566785,0.0,461691.9661052323,0.2630250033689663,36
mtd_ai,200,0.005081390631111532,0.45454545454545453,5624.79966659879,0.2,150,5,0.25,0.8936778665255279,3.278879473566785,0.0,461691.9661052323,0.2630250033689663,36
mtd_ai,200,0.005081390631111532,0.5136986301369864,5884.857275072822,0.25,150,5,0.25,0.8936778665255279,3.278879473566785,0.0,461691.9661052323,0.2630250033689663,36
mtd_ai,200,0.005069889947322471,0.35714285714285715,2058.0820353965473,0.05,150,5,0.14333333333333334,0.3079008937905969,0.9544896554362904,0.0,532406.3033894408,0.9094800014281645,41
mtd_ai,200,0.005069889947322471,0.35714285714285715,4086.532567611247,0.1,150,5,0.14333333333333334,0.3079008937905969,0.9544896554362904,0.0,532406.3033894408,0.9094800014281645,41
mtd_ai,200,0.005069889947322471,0.39473684210526316,5488.821604669103,0.15,150,5,0.14333333333333334,0.3079008937905969,0.9544896554362904,0.0,532406.3033894408,0.9094800014281645,41
mtd_ai,200,0.005069889947322471,0.4411764705882353,5883.933636263503,0.2,150,5,0.14333333333333334,0.3079008937905969,0.9544896554362904,0.0,532406.3033894408,0.9094800014281645,41
mtd_ai,200,0.005069889947322471,0.46875,6565.538739738102,0.25,150,5,0.14333333333333334,0.3079008937905969,0.9544896554362904,0.0,532406.3033894408,0.9094800014281645,41
mtd_ai,200,0.00504969225863761,0.39473684210526316,1562.6290236979894,0.05,150,5,0.13888888888888887,0.15404551600566732,0.6794976025759351,0.0,485172.2945791809,0.24895503593143076,34
mtd_ai,200,0.00504969225863761,0.4411764705882353,2637.6492041173115,0.1,150,5,0.13888888888888887,0.15404551600566732,0.6794976025759351,0.0,485172.2945791809,0.24895503593143076,34
mtd_ai,200,0.00504969225863761,0.45918367346938777,3676.340396735127,0.15,150,5,0.13888888888888887,0.15404551600566732,0.6794976025759351,0.0,485172.2945791809,0.24895503593143076,34
mtd_ai,200,0.00504969225863761,0.46875,4582.252386129282,0.2,150,5,0.13888888888888887,0.15404551600566732,0.6794976025759351,0.0,485172.2945791809,0.24895503593143076,34
mtd_ai,200,0.00504969225863761,0.46875,5224.1570740563,0.25,150,5,0.13888888888888887,0.15404551600566732,0.6794976025759351,0.0,485172.2945791809,0.24895503593143076,34
mtd_ai,200,0.005066365160414421,0.3125,2767.7048928438808,0.05,150,5,0.12777777777777777,0.6161062801353906,1.7124383163045094,0.0,515183.59921140864,0.30266999965533614,37
mtd_ai,200,0.005066365160414421,0.39473684210526316,3542.817925390818,0.1,150,5,0.12777777777777777,0.6161062801353906,1.7124383163045094,0.0,515183.59921140864,0.30266999965533614,37
mtd_ai,200,0.005066365160414421,0.4411764705882353,4045.2138073442643,0.15,150,5,0.12777777777777777,0.6161062801353906,1.7124383163045094,0.0,515183.59921140864,0.30266999965533614,37
mtd_ai,200,0.005066365160414421,0.46153846153846156,5128.599667072567,0.2,150,5,0.12777777777777777,0.6161062801353906,1.7124383163045094,0.0,515183.59921140864,0.30266999965533614,37
mtd_ai,200,0.005066365160414421,0.46875,5694.492233081182,0.25,150,5,0.12777777777777777,0.6161062801353906,1.7124383163045094,0.0,515183.59921140864,0.30266999965533614,37
mtd_ai,200,0.005071628317602478,0.25,2777.6183020692733,0.05,150,5,0.10785714285714287,1.6705861518023357,2.642741881753003,0.0,558986.2173986507,1.8447599723003805,40
mtd_ai,200,0.005071628317602478,0.3409090909090909,4030.5407740743676,0.1,150,5,0.10785714285714287,1.6705861518023357,2.642741881753003,0.0,558986.2173986507,1.8447599723003805,40
mtd_ai,200,0.005071628317602478,0.3879310344827586,5468.3458705579,0.15,150,5,0.10785714285714287,1.6705861518023357,2.642741881753003,0.0,558986.2173986507,1.8447599723003805,40
mtd_ai,200,0.005071628317602478,0.43478260869565216,5964.675424923575,0.2,150,5,0.10785714285714287,1.6705861518023357,2.642741881753003,0.0,558986.2173986507,1.8447599723003805,40
mtd_ai,200,0.005071628317602478,0.47468354430379744,6314.247930994419,0.25,150,5,0.10785714285714287,1.6705861518023357,2.642741881753003,0.0,558986.2173986507,1.8447599723003805,40
mtd_ai,200,0.00506308988191524,0.25,2681.5367993193595,0.05,150,5,0.296875,0.0053346688168490345,0.01666173403326805,0.0,557736.7357163395,0.26276994904037565,40
mtd_ai,200,0.00506308988191524,0.30612244897959184,4312.400950328154,0.1,150,5,0.296875,0.0053346688168490345,0.01666173403326805,0.0,557736.7357163395,0.26276994904037565,40
mtd_ai,200,0.00506308988191524,0.36885245901639346,4673.5834525036025,0.15,150,5,0.296875,0.0053346688168490345,0.01666173403326805,0.0,557736.7357163395,0.26276994904037565,40
mtd_ai,200,0.00506308988191524,0.38461538461538464,6262.554455357107,0.2,150,5,0.296875,0.0053346688168490345,0.01666173403326805,0.0,557736.7357163395,0.26276994904037565,40
mtd_ai,200,0.00506308988191524,0.436046511627907,6531.433078424973,0.25,150,5,0.296875,0.0053346688168490345,0.01666173403326805,0.0,557736.7357163395,0.26276994904037565,40
mtd_ai,200,0.005073369564793928,0.24193548387096775,3472.93795745423,0.05,150,5,0.14555555555555558,2.0177677161916465,2.5872094427549093,0.0,541637.3241780131,0.7686899858526886,39
mtd_ai,200,0.005073369564793928,0.3191489361702128,4686.521211575713,0.1,150,5,0.14555555555555558,2.0177677161916465,2.5872094427549093,0.0,541637.3241780131,0.7686899858526886,39
mtd_ai,200,0.005073369564793928,0.4017857142857143,5144.951722576809,0.15,150,5,0.14555555555555558,2.0177677161916465,2.5872094427549093,0.0,541637.3241780131,0.7686899858526886,39
mtd_ai,200,0.005073369564793928,0.44776119402985076,5777.2021703895525,0.2,150,5,0.14555555555555558,2.0177677161916465,2.5872094427549093,0.0,541637.3241780131,0.7686899858526886,39
mtd_ai,200,0.005073369564793928,0.487012987012987,6276.073908040382,0.25,150,5,0.14555555555555558,2.0177677161916465,2.5872094427549093,0.0,541637.3241780131,0.7686899858526886,39
mtd_ai,200,0.00505147106014137,0.375,1885.398728621874,0.05,150,5,0.14333333333333334,0.4247077737500984,1.3858729957159495,0.0,512635.60364287294,0.24673501029610634,36
mtd_ai,200,0.00505147106014137,0.4166666666666667,2966.2993309726417,0.1,150,5,0.14333333333333334,0.4247077737500984,1.3858729957159495,0.0,512635.60364287294,0.24673501029610634,36
mtd_ai,200,0.00505147106014137,0.45918367346938777,3907.983889320253,0.15,150,5,0.14333333333333334,0.4247077737500984,1.3858729957159495,0.0,512635.60364287294,0.24673501029610634,36
mtd_ai,200,0.00505147106014137,0.46153846153846156,5091.736023716814,0.2,150,5,0.14333333333333334,0.4247077737500984,1.3858729957159495,0.0,512635.60364287294,0.24673501029610634,36
mtd_ai,200,0.00505147106014137,0.4807692307692308,5734.685815683624,0.25,150,5,0.14333333333333334,0.4247077737500984,1.3858729957159495,0.0,512635.60364287294,0.24673501029610634,36
mtd_ai,200,0.005049159612392425,0.3125,2156.1768840935993,0.05,150,5,0.11,0.014361165185016652,0.029527327463205355,0.0,464256.6651557649,0.2977349970024079,36
mtd_ai,200,0.005049159612392425,0.39473684210526316,3117.641898393781,0.1,150,5,0.11,0.014361165185016652,0.029527327463205355,0.0,464256.6651557649,0.2977349970024079,36
mtd_ai,200,0.005049159612392425,0.4326923076923077,4533.315321182154,0.15,150,5,0.11,0.014361165185016652,0.029527327463205355,0.0,464256.6651557649,0.2977349970024079,36
mtd_ai,200,0.005049159612392425,0.45454545454545453,5311.577823005434,0.2,150,5,0.11,0.014361165185016652,0.029527327463205355,0.0,464256.6651557649,0.2977349970024079,36
mtd_ai,200,0.005049159612392425,0.4934210526315789,5927.417218436453,0.25,150,5,0.11,0.014361165185016652,0.029527327463205355,0.0,464256.6651557649,0.2977349970024079,36
mtd_ai,200,0.0050467099762155155,0.3409090909090909,2651.7059537653568,0.05,150,5,0.1337777777777778,0.16011211712488665,0.09143197595130367,0.0,499018.27312884195,1.1681249976390973,36
mtd_ai,200,0.0050467099762155155,0.4411764705882353,3224.2413812273962,0.1,150,5,0.1337777777777778,0.16011211712488665,0.09143197595130367,0.0,499018.27312884195,1.1681249976390973,36
mtd_ai,200,0.0050467099762155155,0.5,3877.047426872538,0.15,150,5,0.1337777777777778,0.16011211712488665,0.09143197595130367,0.0,499018.27312884195,1.1681249976390973,36
mtd_ai,200,0.0050467099762155155,0.46875,5319.81325520232,0.2,150,5,0.1337777777777778,0.16011211712488665,0.09143197595130367,0.0,499018.27312884195,1.1681249976390973,36
mtd_ai,200,0.0050467099762155155,0.5208333333333334,5692.04924620065,0.25,150,5,0.1337777777777778,0.16011211712488665,0.09143197595130367,0.0,499018.27312884195,1.1681249976390973,36
mtd_ai,200,0.00505413716582168,0.3125,2146.7453386029147,0.05,150,5,0.08333333333333333,0.9572851779556797,4.084540044755832,-5.75,437682.8476601578,0.8492850320180878,30
mtd_ai,200,0.00505413716582168,0.42857142857142855,2881.85711950896,0.1,150,5,0.08333333333333333,0.9572851779556797,4.084540044755832,-5.75,437682.8476601578,0.8492850320180878,30
mtd_ai,200,0.00505413716582168,0.4411764705882353,3640.467216117857,0.15,150,5,0.08333333333333333,0.9572851779556797,4.084540044755832,-5.75,437682.8476601578,0.8492850320180878,30
mtd_ai,200,0.00505413716582168,0.4838709677419355,4286.762840761063,0.2,150,5,0.08333333333333333,0.9572851779556797,4.084540044755832,-5.75,437682.8476601578,0.8492850320180878,30
mtd_ai,200,0.00505413716582168,0.5357142857142857,4579.624347707316,0.25,150,5,0.08333333333333333,0.9572851779556797,4.084540044755832,-5.75,437682.8476601578,0.8492850320180878,30
mtd_ai,200,0.005059308928882821,0.25,3788.9080919712897,0.05,150,5,0.13555555555555557,0.3488314256336384,1.0945262007952992,0.0,645180.35719173,0.9440250025363639,44
mtd_ai,200,0.005059308928882821,0.3409090909090909,4857.302243935437,0.1,150,5,0.13555555555555557,0.3488314256336384,1.0945262007952992,0.0,645180.35719173,0.9440250025363639,44
mtd_ai,200,0.005059308928882821,0.4090909090909091,5393.963521528416,0.15,150,5,0.13555555555555557,0.3488314256336384,1.0945262007952992,0.0,645180.35719173,0.9440250025363639,44
mtd_ai,200,0.005059308928882821,0.43478260869565216,6165.477308081505,0.2,150,5,0.13555555555555557,0.3488314256336384,1.0945262007952992,0.0,645180.35719173,0.9440250025363639,44
mtd_ai,200,0.005059308928882821,0.4411764705882353,6939.861650231629,0.25,150,5,0.13555555555555557,0.3488314256336384,1.0945262007952992,0.0,645180.35719173,0.9440250025363639,44
mtd_ai,200,0.005064848222492122,0.3409090909090909,2441.09972769266,0.05,150,5,0.35714285714285715,0.3609970096826626,1.22964186194888,0.0,629500.8323994305,0.6725999613991007,42
mtd_ai,200,0.005064848222492122,0.3488372093023256,4468.509270014061,0.1,150,5,0.35714285714285715,0.3609970096826626,1.22964186194888,0.0,629500.8323994305,0.6725999613991007,42
mtd_ai,200,0.005064848222492122,0.4090909090909091,5444.197168150349,0.15,150,5,0.35714285714285715,0.3609970096826626,1.22964186194888,0.0,629500.8323994305,0.6725999613991007,42
mtd_ai,200,0.005064848222492122,0.46153846153846156,5960.92378860899,0.2,150,5,0.35714285714285715,0.3609970096826626,1.22964186194888,0.0,629500.8323994305,0.6725999613991007,42
mtd_ai,200,0.005064848222492122,0.4934210526315789,6750.721753476682,0.25,150,5,0.35714285714285715,0.3609970096826626,1.22964186194888,0.0,629500.8323994305,0.6725999613991007,42
mtd_ai,200,0.005086428779521608,0.46875,1281.8376697404965,0.05,150,5,0.09722222222222222,4.190277789963265,2.0407358368349846,0.0,421730.6297775005,0.23056498321238905,31
mtd_ai,200,0.005086428779521608,0.45454545454545453,2456.5267288171262,0.1,150,5,0.09722222222222222,4.190277789963265,2.0407358368349846,0.0,421730.6297775005,0.23056498321238905,31
mtd_ai,200,0.005086428779521608,0.4787234042553192,3295.6517715519676,0.15,150,5,0.09722222222222222,4.190277789963265,2.0407358368349846,0.0,421730.6297775005,0.23056498321238905,31
mtd_ai,200,0.005086428779521608,0.4918032786885246,4526.072969311177,0.2,150,5,0.09722222222222222,4.190277789963265,2.0407358368349846,0.0,421730.6297775005,0.23056498321238905,31
mtd_ai,200,0.005086428779521608,0.5434782608695652,5025.228944432065,0.25,150,5,0.09722222222222222,4.190277789963265,2.0407358368349846,0.0,421730.6297775005,0.23056498321238905,31
mtd_ai,200,0.005072810056750595,0.20270270270270271,2523.9697070016828,0.05,150,5,0.16777777777777778,2.461890349012028,4.7083591110797975,0.0,561157.1199616882,0.33046501921489835,38
mtd_ai,200,0.005072810056750595,0.30612244897959184,3189.9247855804174,0.1,150,5,0.16777777777777778,2.461890349012028,4.7083591110797975,0.0,561157.1199616882,0.33046501921489835,38
mtd_ai,200,0.005072810056750595,0.34615384615384615,4254.046519170313,0.15,150,5,0.16777777777777778,2.461890349012028,4.7083591110797975,0.0,561157.1199616882,0.33046501921489835,38
mtd_ai,200,0.005072810056750595,0.37037037037037035,5196.347131861766,0.2,150,5,0.16777777777777778,2.461890349012028,4.7083591110797975,0.0,561157.1199616882,0.33046501921489835,38
mtd_ai,200,0.005072810056750595,0.4076086956521739,5932.180166462229,0.25,150,5,0.16777777777777778,2.461890349012028,4.7083591110797975,0.0,561157.1199616882,0.33046501921489835,38
mtd_ai,200,0.005046296624511514,0.3409090909090909,2356.918202836634,0.05,150,5,0.12666666666666668,2.3507768096878907,6.282250070522265,0.0,465532.6746708631,0.21550501696765423,34
mtd_ai,200,0.005046296624511514,0.4166666666666667,3143.0936978178424,0.1,150,5,0.12666666666666668,2.3507768096878907,6.282250070522265,0.0,465532.6746708631,0.21550501696765423,34
mtd_ai,200,0.005046296624511514,0.45,4306.598813794182,0.15,150,5,0.12666666666666668,2.3507768096878907,6.282250070522265,0.0,465532.6746708631,0.21550501696765423,34
mtd_ai,200,0.005046296624511514,0.5,4657.842202484184,0.2,150,5,0.12666666666666668,2.3507768096878907,6.282250070522265,0.0,465532.6746708631,0.21550501696765423,34
mtd_ai,200,0.005046296624511514,0.5208333333333334,5511.021788656479,0.25,150,5,0.12666666666666668,2.3507768096878907,6.282250070522265,0.0,465532.6746708631,0.21550501696765423,34
mtd_ai,200,0.0050584525851083365,0.2777777777777778,3291.199880743668,0.05,150,5,0.14777777777777776,0.5163881377593879,0.7223009437003506,0.0,442771.8741208342,0.7250550203025341,32
mtd_ai,200,0.0050584525851083365,0.40540540540540543,3717.9915472046882,0.1,150,5,0.14777777777777776,0.5163881377593879,0.7223009437003506,0.0,442771.8741208342,0.7250550203025341,32
mtd_ai,200,0.0050584525851083365,0.4787234042553192,4282.744964684021,0.15,150,5,0.14777777777777776,0.5163881377593879,0.7223009437003506,0.0,442771.8741208342,0.7250550203025341,32
mtd_ai,200,0.0050584525851083365,0.4918032786885246,4846.953478095573,0.2,150,5,0.14777777777777776,0.5163881377593879,0.7223009437003506,0.0,442771.8741208342,0.7250550203025341,32
mtd_ai,200,0.0050584525851083365,0.5357142857142857,5115.610711847317,0.25,150,5,0.14777777777777776,0.5163881377593879,0.7223009437003506,0.0,442771.8741208342,0.7250550203025341,32
mtd_ai,200,0.005041048464343501,0.20833333333333334,3249.7228918160845,0.05,150,5,0.13822222222222222,0.20585729496310645,0.8961080935094059,0.0,625820.9925723962,1.5924299455946311,43
mtd_ai,200,0.005041048464343501,0.3,4247.649936369436,0.1,150,5,0.13822222222222222,0.20585729496310645,0.8961080935094059,0.0,625820.9925723962,1.5924299455946311,43
mtd_ai,200,0.005041048464343501,0.3515625,5329.9667825892075,0.15,150,5,0.13822222222222222,0.20585729496310645,0.8961080935094059,0.0,625820.9925723962,1.5924299455946311,43
mtd_ai,200,0.005041048464343501,0.379746835443038,5984.757004587222,0.2,150,5,0.13822222222222222,0.20585729496310645,0.8961080935094059,0.0,625820.9925723962,1.5924299455946311,43
mtd_ai,200,0.005041048464343501,0.4076086956521739,6722.766261818382,0.25,150,5,0.13822222222222222,0.20585729496310645,0.8961080935094059,0.0,625820.9925723962,1.5924299455946311,43
mtd_ai,200,0.005031096233849645,0.234375,4010.484863781871,0.05,150,5,0.11037037037037038,0.959191129720084,4.180412161698878,0.0,627697.4043582445,1.5417899790918455,44
mtd_ai,200,0.005031096233849645,0.32608695652173914,4572.917199855177,0.1,150,5,0.11037037037037038,0.959191129720084,4.180412161698878,0.0,627697.4043582445,1.5417899790918455,44
mtd_ai,200,0.005031096233849645,0.36885245901639346,5441.794987010491,0.15,150,5,0.11037037037037038,0.959191129720084,4.180412161698878,0.0,627697.4043582445,1.5417899790918455,44
mtd_ai,200,0.005031096233849645,0.39473684210526316,6326.646763924444,0.2,150,5,0.11037037037037038,0.959191129720084,4.180412161698878,0.0,627697.4043582445,1.5417899790918455,44
mtd_ai,200,0.005031096233849645,0.42134831460674155,7105.799956489924,0.25,150,5,0.11037037037037038,0.959191129720084,4.180412161698878,0.0,627697.4043582445,1.5417899790918455,44
mtd_ai,200,0.005074717657664362,0.3,2165.6636502528786,0.05,150,5,0.1581111111111111,2.3552446785096484,5.324513275396526,0.0,0.49822742615160764,2.5327700403223536e-07,0.0
mtd_ai,200,0.005074717657664362,0.39473684210526316,2744.882290072485,0.1,150,5,0.1581111111111111,2.3552446785096484,5.324513275396526,0.0,0.49822742615160764,2.5327700403223536e-07,0.0
mtd_ai,200,0.005074717657664362,0.4166666666666667,3651.5749039873417,0.15,150,5,0.1581111111111111,2.3552446785096484,5.324513275396526,0.0,0.49822742615160764,2.5327700403223536e-07,0.0
mtd_ai,200,0.005074717657664362,0.375,5067.825749531727,0.2,150,5,0.1581111111111111,2.3552446785096484,5.324513275396526,0.0,0.49822742615160764,2.5327700403223536e-07,0.0
mtd_ai,200,0.005074717657664362,0.4032258064516129,5740.218769946449,0.25,150,5,0.1581111111111111,2.3552446785096484,5.324513275396526,0.0,0.49822742615160764,2.5327700403223536e-07,0.0
mtd_ai,200,0.005037992298051606,0.22058823529411764,3072.696083202691,0.05,150,5,0.09166666666666666,0.037834672071299244,0.07094600355674772,0.0,0.4772075455266644,6.646562064685978e-07,0.0
mtd_ai,200,0.005037992298051606,0.30612244897959184,4147.969273802279,0.1,150,5,0.09166666666666666,0.037834672071299244,0.07094600355674772,0.0,0.4772075455266644,6.646562064685978e-07,0.0
mtd_ai,200,0.005037992298051606,0.36885245901639346,5125.81939595318,0.15,150,5,0.09166666666666666,0.037834672071299244,0.07094600355674772,0.0,0.4772075455266644,6.646562064685978e-07,0.0
mtd_ai,200,0.005037992298051606,0.379746835443038,6630.329580325451,0.2,150,5,0.09166666666666666,0.037834672071299244,0.07094600355674772,0.0,0.4772075455266644,6.646562064685978e-07,0.0
mtd_ai,200,0.005037992298051606,0.42613636363636365,6998.72893468103,0.25,150,5,0.09166666666666666,0.037834672071299244,0.07094600355674772,0.0,0.4772075455266644,6.646562064685978e-07,0.0
mtd_ai,200,0.005047719364247362,0.35714285714285715,1946.984069696832,0.05,150,5,0.12055555555555557,4.305425211626048,7.2095691169691,0.0,0.4781713161952548,2.4552596345853157e-07,0.0
mtd_ai,200,0.005047719364247362,0.35714285714285715,3386.883384348039,0.1,150,5,0.12055555555555557,4.305425211626048,7.2095691169691,0.0,0.4781713161952548,2.4552596345853157e-07,0.0
mtd_ai,200,0.005047719364247362,0.4017857142857143,4673.082642655685,0.15,150,5,0.12055555555555557,4.305425211626048,7.2095691169691,0.0,0.4781713161952548,2.4552596345853157e-07,0.0
mtd_ai,200,0.005047719364247362,0.42857142857142855,5332.585154517117,0.2,150,5,0.12055555555555557,4.305425211626048,7.2095691169691,0.0,0.4781713161952548,2.4552596345853157e-07,0.0
mtd_ai,200,0.005047719364247362,0.46875,5871.312146075701,0.25,150,5,0.12055555555555557,4.305425211626048,7.2095691169691,0.0,0.4781713161952548,2.4552596345853157e-07,0.0
mtd_ai,200,0.005035411108026556,0.4411764705882353,1499.6803842699,0.05,150,5,0.10333333333333333,0.9319645740348078,3.649715561331368,0.0,0.5029280878134861,5.912734745857492e-07,0.0
mtd_ai,200,0.005035411108026556,0.35714285714285715,3772.400408317573,0.1,150,5,0.10333333333333333,0.9319645740348078,3.649715561331368,0.0,0.5029280878134861,5.912734745857492e-07,0.0
mtd_ai,200,0.005035411108026556,0.39473684210526316,5243.765571954659,0.15,150,5,0.10333333333333333,0.9319645740348078,3.649715561331368,0.0,0.5029280878134861,5.912734745857492e-07,0.0
mtd_ai,200,0.005035411108026556,0.42857142857142855,5894.629925353578,0.2,150,5,0.10333333333333333,0.9319645740348078,3.649715561331368,0.0,0.5029280878134861,5.912734745857492e-07,0.0
mtd_ai,200,0.005035411108026556,0.46875,6601.778938295425,0.25,150,5,0.10333333333333333,0.9319645740348078,3.649715561331368,0.0,0.5029280878134861,5.912734745857492e-07,0.0
mtd_ai,200,0.005073671395945396,0.4166666666666667,1480.2941735226063,0.05,150,5,0.09,2.032064274300977,5.620979990226588,0.0,0.4493598234798992,2.381784357382464e-07,0.0
mtd_ai,200,0.005073671395945396,0.46875,2712.6176759100344,0.1,150,5,0.09,2.032064274300977,5.620979990226588,0.0,0.4493598234798992,2.381784357382464e-07,0.0
mtd_ai,200,0.005073671395945396,0.5487804878048781,3218.18886970731,0.15,150,5,0.09,2.032064274300977,5.620979990226588,0.0,0.4493598234798992,2.381784357382464e-07,0.0
mtd_ai,200,0.005073671395945396,0.5769230769230769,3694.7642446923755,0.2,150,5,0.09,2.032064274300977,5.620979990226588,0.0,0.4493598234798992,2.381784357382464e-07,0.0
mtd_ai,200,0.005073671395945396,0.6147540983606558,4045.3111076180294,0.25,150,5,0.09,2.032064274300977,5.620979990226588,0.0,0.4493598234798992,2.381784357382464e-07,0.0
mtd_ai,200,0.005043477407134381,0.3125,3127.7142183549213,0.05,150,5,0.1288888888888889,0.35125836483019435,0.297656644426122,0.0,0.48595246055228836,5.587655746435345e-07,0.0
mtd_ai,200,0.005043477407134381,0.3488372093023256,4300.365211303789,0.1,150,5,0.1288888888888889,0.35125836483019435,0.297656644426122,0.0,0.48595246055228836,5.587655746435345e-07,0.0
mtd_ai,200,0.005043477407134381,0.42452830188679247,4888.558462424613,0.15,150,5,0.1288888888888889,0.35125836483019435,0.297656644426122,0.0,0.48595246055228836,5.587655746435345e-07,0.0
mtd_ai,200,0.005043477407134381,0.43478260869565216,5935.225205713819,0.2,150,5,0.1288888888888889,0.35125836483019435,0.297656644426122,0.0,0.48595246055228836,5.587655746435345e-07,0.0
mtd_ai,200,0.005043477407134381,0.47468354430379744,6221.044763436986,0.25,150,5,0.1288888888888889,0.35125836483019435,0.297656644426122,0.0,0.48595246055228836,5.587655746435345e-07,0.0
mtd_ai,200,0.00508041627100035,0.375,1863.3765542273995,0.05,150,5,0.13333333333333333,8.366517477663894,4.1331128302664,0.0,0.5145073294638586,2.621924460933719e-07,0.0
mtd_ai,200,0.00508041627100035,0.3488372093023256,3405.756378300424,0.1,150,5,0.13333333333333333,8.366517477663894,4.1331128302664,0.0,0.5145073294638586,2.621924460933719e-07,0.0
mtd_ai,200,0.00508041627100035,0.4411764705882353,3986.529775994835,0.15,150,5,0.13333333333333333,8.366517477663894,4.1331128302664,0.0,0.5145073294638586,2.621924460933719e-07,0.0
mtd_ai,200,0.00508041627100035,0.42857142857142855,5096.02113646931,0.2,150,5,0.13333333333333333,8.366517477663894,4.1331128302664,0.0,0.5145073294638586,2.621924460933719e-07,0.0
mtd_ai,200,0.00508041627100035,0.44642857142857145,5686.155971717635,0.25,150,5,0.13333333333333333,8.366517477663894,4.1331128302664,0.0,0.5145073294638586,2.621924460933719e-07,0.0
mtd_ai,200,0.0050374605964660394,0.25,3622.820415891025,0.05,150,5,0.16111111111111112,0.29887116866942903,1.0338850260979915,0.0,0.49834004456043357,6.867926154219842e-07,0.0
mtd_ai,200,0.0050374605964660394,0.32608695652173914,5000.008704286192,0.1,150,5,0.16111111111111112,0.29887116866942903,1.0338850260979915,0.0,0.49834004456043357,6.867926154219842e-07,0.0
mtd_ai,200,0.0050374605964660394,0.375,5829.607742696873,0.15,150,5,0.16111111111111112,0.29887116866942903,1.0338850260979915,0.0,0.49834004456043357,6.867926154219842e-07,0.0
mtd_ai,200,0.0050374605964660394,0.4,6456.990136189279,0.2,150,5,0.16111111111111112,0.29887116866942903,1.0338850260979915,0.0,0.49834004456043357,6.867926154219842e-07,0.0
mtd_ai,200,0.0050374605964660394,0.43103448275862066,6938.379500443905,0.25,150,5,0.16111111111111112,0.29887116866942903,1.0338850260979915,0.0,0.49834004456043357,6.867926154219842e-07,0.0
mtd_ai,200,0.005062139480184729,0.39473684210526316,1677.3528965492364,0.05,150,5,0.22055555555555553,0.23028882279542726,0.6808299065571706,0.0,0.44628639517240976,0.0,0.0
mtd_ai,200,0.005062139480184729,0.4166666666666667,3129.1963826769443,0.1,150,5,0.22055555555555553,0.23028882279542726,0.6808299065571706,0.0,0.44628639517240976,0.0,0.0
mtd_ai,200,0.005062139480184729,0.4166666666666667,4499.310642180111,0.15,150,5,0.22055555555555553,0.23028882279542726,0.6808299065571706,0.0,0.44628639517240976,0.0,0.0
mtd_ai,200,0.005062139480184729,0.410958904109589,5634.383562253464,0.2,150,5,0.22055555555555553,0.23028882279542726,0.6808299065571706,0.0,0.44628639517240976,0.0,0.0
mtd_ai,200,0.005062139480184729,0.39473684210526316,6546.741567781666,0.25,150,5,0.22055555555555553,0.23028882279542726,0.6808299065571706,0.0,0.44628639517240976,0.0,0.0
mtd_ai,200,0.005070326496285023,0.3,2886.7354145093423,0.05,150,5,0.12555555555555556,0.3020113810003283,1.0942037663335697,0.0,0.4676329499188112,0.0,0.0
mtd_ai,200,0.005070326496285023,0.30612244897959184,4764.7823785050105,0.1,150,5,0.12555555555555556,0.3020113810003283,1.0942037663335697,0.0,0.4676329499188112,0.0,0.0
mtd_ai,200,0.005070326496285023,0.39473684210526316,5178.840678167024,0.15,150,5,0.12555555555555556,0.3020113810003283,1.0942037663335697,0.0,0.4676329499188112,0.0,0.0
mtd_ai,200,0.005070326496285023,0.43478260869565216,5593.316742742847,0.2,150,5,0.12555555555555556,0.3020113810003283,1.0942037663335697,0.0,0.4676329499188112,0.0,0.0
mtd_ai,200,0.005070326496285023,0.46296296296296297,6463.947004303165,0.25,150,5,0.12555555555555556,0.3020113810003283,1.0942037663335697,0.0,0.4676329499188112,0.0,0.0
mtd_ai,200,0.00508035892078086,0.375,1625.2040325920002,0.05,150,5,0.08111111111111112,1.7775807767057428,5.413349913192,0.0,0.4502387862322351,0.0,0.0
mtd_ai,200,0.00508035892078086,0.39473684210526316,3362.7410357045965,0.1,150,5,0.08111111111111112,1.7775807767057428,5.413349913192,0.0,0.4502387862322351,0.0,0.0
mtd_ai,200,0.00508035892078086,0.45918367346938777,4166.636329352646,0.15,150,5,0.08111111111111112,1.7775807767057428,5.413349913192,0.0,0.4502387862322351,0.0,0.0
mtd_ai,200,0.00508035892078086,0.4918032786885246,4689.864171808363,0.2,150,5,0.08111111111111112,1.7775807767057428,5.413349913192,0.0,0.4502387862322351,0.0,0.0
mtd_ai,200,0.00508035892078086,0.46875,5427.6485520925835,0.25,150,5,0.08111111111111112,1.7775807767057428,5.413349913192,0.0,0.4502387862322351,0.0,0.0
mtd_ai,200,0.0050286448770674235,0.3125,2004.8804195255984,0.05,150,5,0.0,0.8137101115273901,2.7818442383365345,-0.17647058823529413,0.48177533579010506,0.0,0.0
mtd_ai,200,0.0050286448770674235,0.2830188679245283,4974.416814235593,0.1,150,5,0.0,0.8137101115273901,2.7818442383365345,-0.17647058823529413,0.48177533579010506,0.0,0.0
mtd_ai,200,0.0050286448770674235,0.3082191780821918,6187.921954843494,0.15,150,5,0.0,0.8137101115273901,2.7818442383365345,-0.17647058823529413,0.48177533579010506,0.0,0.0
mtd_ai,200,0.0050286448770674235,0.3409090909090909,6923.729238858794,0.2,150,5,0.0,0.8137101115273901,2.7818442383365345,-0.17647058823529413,0.48177533579010506,0.0,0.0
mtd_ai,200,0.0050286448770674235,0.3712871287128713,7576.741619958031,0.25,150,5,0.0,0.8137101115273901,2.7818442383365345,-0.17647058823529413,0.48177533579010506,0.0,0.0
mtd_ai,200,0.005071914319927769,0.375,2047.46249633775,0.05,150,5,0.12333333333333334,1.2767522279927062,2.8110677361331784,0.0,0.509975575651728,0.0,0.0
mtd_ai,200,0.005071914319927769,0.4411764705882353,3063.667483865277,0.1,150,5,0.12333333333333334,1.2767522279927062,2.8110677361331784,0.0,0.509975575651728,0.0,0.0
mtd_ai,200,0.005071914319927769,0.5113636363636364,3445.830986991995,0.15,150,5,0.12333333333333334,1.2767522279927062,2.8110677361331784,0.0,0.509975575651728,0.0,0.0
mtd_ai,200,0.005071914319927769,0.5084745762711864,4778.365097967872,0.2,150,5,0.12333333333333334,1.2767522279927062,2.8110677361331784,0.0,0.509975575651728,0.0,0.0
mtd_ai,200,0.005071914319927769,0.5208333333333334,5649.429768536243,0.25,150,5,0.12333333333333334,1.2767522279927062,2.8110677361331784,0.0,0.509975575651728,0.0,0.0
mtd_ai,200,0.005044819612160171,0.26785714285714285,3048.362567480611,0.05,150,5,0.23529411764705882,1.3919496805343636,4.872076967488112,0.0,0.4929911744839328,0.0,0.0
mtd_ai,200,0.005044819612160171,0.35714285714285715,4295.288870912667,0.1,150,5,0.23529411764705882,1.3919496805343636,4.872076967488112,0.0,0.4929911744839328,0.0,0.0
mtd_ai,200,0.005044819612160171,0.45,4603.013668760343,0.15,150,5,0.23529411764705882,1.3919496805343636,4.872076967488112,0.0,0.4929911744839328,0.0,0.0
mtd_ai,200,0.005044819612160171,0.47619047619047616,5319.998394017131,0.2,150,5,0.23529411764705882,1.3919496805343636,4.872076967488112,0.0,0.4929911744839328,0.0,0.0
mtd_ai,200,0.005044819612160171,0.487012987012987,6264.71426615416,0.25,150,5,0.23529411764705882,1.3919496805343636,4.872076967488112,0.0,0.4929911744839328,0.0,0.0
mtd_ai,200,0.0050343580472282465,0.3125,1649.4040113180374,0.05,150,5,0.14366666666666666,0.8817093476546068,2.7422656706545845,0.0,0.4998651867004075,0.0,0.0
mtd_ai,200,0.0050343580472282465,0.40540540540540543,2295.541942097787,0.1,150,5,0.14366666666666666,0.8817093476546068,2.7422656706545845,0.0,0.4998651867004075,0.0,0.0
mtd_ai,200,0.0050343580472282465,0.3879310344827586,4347.5767507853325,0.15,150,5,0.14366666666666666,0.8817093476546068,2.7422656706545845,0.0,0.4998651867004075,0.0,0.0
mtd_ai,200,0.0050343580472282465,0.39473684210526316,5625.252188868987,0.2,150,5,0.14366666666666666,0.8817093476546068,2.7422656706545845,0.0,0.4998651867004075,0.0,0.0
mtd_ai,200,0.0050343580472282465,0.436046511627907,6123.553487128927,0.25,150,5,0.14366666666666666,0.8817093476546068,2.7422656706545845,0.0,0.4998651867004075,0.0,0.0
mtd_ai,200,0.005059102043773039,0.18292682926829268,4586.01390676638,0.05,150,5,0.117,4.308480698251533,7.495730354225166,0.0,0.4841801461638411,0.0,0.0
mtd_ai,200,0.005059102043773039,0.2727272727272727,5445.502533381001,0.1,150,5,0.117,4.308480698251533,7.495730354225166,0.0,0.4841801461638411,0.0,0.0
mtd_ai,200,0.005059102043773039,0.32142857142857145,6210.017564315669,0.15,150,5,0.117,4.308480698251533,7.495730354225166,0.0,0.4841801461638411,0.0,0.0
mtd_ai,200,0.005059102043773039,0.35294117647058826,7003.800271831697,0.2,150,5,0.117,4.308480698251533,7.495730354225166,0.0,0.4841801461638411,0.0,0.0
mtd_ai,200,0.005059102043773039,0.3712871287128713,7733.094941531501,0.25,150,5,0.117,4.308480698251533,7.495730354225166,0.0,0.4841801461638411,0.0,0.0
mtd_ai,200,0.0050390846620175745,0.35714285714285715,1855.082015080649,0.05,150,5,0.14777777777777779,0.8446859531009281,3.7436999921225094,0.0,0.5054542302654129,0.0,0.0
mtd_ai,200,0.0050390846620175745,0.39473684210526316,3377.6919956156876,0.1,150,5,0.14777777777777779,0.8446859531009281,3.7436999921225094,0.0,0.5054542302654129,0.0,0.0
mtd_ai,200,0.0050390846620175745,0.4326923076923077,4336.040218647782,0.15,150,5,0.14777777777777779,0.8446859531009281,3.7436999921225094,0.0,0.5054542302654129,0.0,0.0
mtd_ai,200,0.0050390846620175745,0.42857142857142855,5698.18062758306,0.2,150,5,0.14777777777777779,0.8446859531009281,3.7436999921225094,0.0,0.5054542302654129,0.0,0.0
mtd_ai,200,0.0050390846620175745,0.47468354430379744,6174.318337641909,0.25,150,5,0.14777777777777779,0.8446859531009281,3.7436999921225094,0.0,0.5054542302654129,0.0,0.0
mtd_ai,200,0.005082846719638053,0.39473684210526316,1971.535805374168,0.05,150,5,0.135,0.21166173636153537,0.7726868493719088,0.0,0.49530282923871694,0.0,0.0
mtd_ai,200,0.005082846719638053,0.4411764705882353,2957.2501342195565,0.1,150,5,0.135,0.21166173636153537,0.7726868493719088,0.0,0.49530282923871694,0.0,0.0
mtd_ai,200,0.005082846719638053,0.39473684210526316,4045.3537641777766,0.15,150,5,0.135,0.21166173636153537,0.7726868493719088,0.0,0.49530282923871694,0.0,0.0
mtd_ai,200,0.005082846719638053,0.4225352112676056,4878.464265580608,0.2,150,5,0.135,0.21166173636153537,0.7726868493719088,0.0,0.49530282923871694,0.0,0.0
mtd_ai,200,0.005082846719638053,0.46875,5208.687339321952,0.25,150,5,0.135,0.21166173636153537,0.7726868493719088,0.0,0.49530282923871694,0.0,0.0
mtd_ai,200,0.005054187517916987,0.32608695652173914,2329.915898013559,0.05,150,5,0.11,0.9980228484574146,3.8662653674008283,0.0,0.4851251291335109,0.0,0.0
mtd_ai,200,0.005054187517916987,0.36585365853658536,3718.368845524537,0.1,150,5,0.11,0.9980228484574146,3.8662653674008283,0.0,0.4851251291335109,0.0,0.0
mtd_ai,200,0.005054187517916987,0.4326923076923077,4413.345302321239,0.15,150,5,0.11,0.9980228484574146,3.8662653674008283,0.0,0.4851251291335109,0.0,0.0
mtd_ai,200,0.005054187517916987,0.46153846153846156,5047.470356614247,0.2,150,5,0.11,0.9980228484574146,3.8662653674008283,0.0,0.4851251291335109,0.0,0.0
mtd_ai,200,0.005054187517916987,0.5,5607.321173493223,0.25,150,5,0.11,0.9980228484574146,3.8662653674008283,0.0,0.4851251291335109,0.0,0.0
mtd_ai,200,0.005081577878862046,0.3,2761.0085836952476,0.05,150,5,0.2727272727272727,1.825855154101147,5.073416980971587,0.0,0.5054502030928972,0.0,0.0
mtd_ai,200,0.005081577878862046,0.36585365853658536,3951.7178893859436,0.1,150,5,0.2727272727272727,1.825855154101147,5.073416980971587,0.0,0.5054502030928972,0.0,0.0
mtd_ai,200,0.005081577878862046,0.45,4252.390463081007,0.15,150,5,0.2727272727272727,1.825855154101147,5.073416980971587,0.0,0.5054502030928972,0.0,0.0
mtd_ai,200,0.005081577878862046,0.47619047619047616,4883.079594954381,0.2,150,5,0.2727272727272727,1.825855154101147,5.073416980971587,0.0,0.5054502030928972,0.0,0.0
mtd_ai,200,0.005081577878862046,0.487012987012987,5371.263740213357,0.25,150,5,0.2727272727272727,1.825855154101147,5.073416980971587,0.0,0.5054502030928972,0.0,0.0
mtd_ai,200,0.005063870027054602,0.3409090909090909,1900.5701365173306,0.05,150,5,0.15555555555555556,0.5809149522021403,2.353611487326634,0.0,0.5217250152398843,0.0,0.0
mtd_ai,200,0.005063870027054602,0.3488372093023256,3413.4608622454316,0.1,150,5,0.15555555555555556,0.5809149522021403,2.353611487326634,0.0,0.5217250152398843,0.0,0.0
mtd_ai,200,0.005063870027054602,0.35714285714285715,4493.825565948899,0.15,150,5,0.15555555555555556,0.5809149522021403,2.353611487326634,0.0,0.5217250152398843,0.0,0.0
mtd_ai,200,0.005063870027054602,0.379746835443038,5511.9460835890695,0.2,150,5,0.15555555555555556,0.5809149522021403,2.353611487326634,0.0,0.5217250152398843,0.0,0.0
mtd_ai,200,0.005063870027054602,0.3826530612244898,6438.507839220611,0.25,150,5,0.15555555555555556,0.5809149522021403,2.353611487326634,0.0,0.5217250152398843,0.0,0.0
mtd_ai,200,0.005044188038080407,0.25862068965517243,3232.1879859683904,0.05,150,5,0.11777777777777776,1.7341064786657303,4.18639443000709,0.0,0.4778002078748312,0.0,0.0
mtd_ai,200,0.005044188038080407,0.3488372093023256,4260.346534302653,0.1,150,5,0.11777777777777776,1.7341064786657303,4.18639443000709,0.0,0.4778002078748312,0.0,0.0
mtd_ai,200,0.005044188038080407,0.42452830188679247,4849.2538889598145,0.15,150,5,0.11777777777777776,1.7341064786657303,4.18639443000709,0.0,0.4778002078748312,0.0,0.0
mtd_ai,200,0.005044188038080407,0.4166666666666667,6056.420199385366,0.2,150,5,0.11777777777777776,1.7341064786657303,4.18639443000709,0.0,0.4778002078748312,0.0,0.0
mtd_ai,200,0.005044188038080407,0.4573170731707317,6638.968433693517,0.25,150,5,0.11777777777777776,1.7341064786657303,4.18639443000709,0.0,0.4778002078748312,0.0,0.0
mtd_ai,200,0.005036576677053956,0.3,2403.280836870761,0.05,150,5,0.10111111111111111,0.6840741280512339,2.901844387031771,0.0,0.46587339934550864,0.0,0.0
mtd_ai,200,0.005036576677053956,0.2727272727272727,5156.391824506509,0.1,150,5,0.10111111111111111,0.6840741280512339,2.901844387031771,0.0,0.46587339934550864,0.0,0.0
mtd_ai,200,0.005036576677053956,0.3515625,5657.860552337391,0.15,150,5,0.10111111111111111,0.6840741280512339,2.901844387031771,0.0,0.46587339934550864,0.0,0.0
mtd_ai,200,0.005036576677053956,0.379746835443038,6493.69654756634,0.2,150,5,0.10111111111111111,0.6840741280512339,2.901844387031771,0.0,0.46587339934550864,0.0,0.0
mtd_ai,200,0.005036576677053956,0.4166666666666667,6799.870946440475,0.25,150,5,0.10111111111111111,0.6840741280512339,2.901844387031771,0.0,0.46587339934550864,0.0,0.0
mtd_ai,200,0.005039059701143045,0.28846153846153844,2504.6467332316697,0.05,150,5,0.07555555555555556,0.11349978715563815,0.17812686452362353,0.0,0.5227568873993097,0.0,0.0
mtd_ai,200,0.005039059701143045,0.3333333333333333,3914.07254808327,0.1,150,5,0.07555555555555556,0.11349978715563815,0.17812686452362353,0.0,0.5227568873993097,0.0,0.0
mtd_ai,200,0.005039059701143045,0.3813559322033898,4550.4039930568015,0.15,150,5,0.07555555555555556,0.11349978715563815,0.17812686452362353,0.0,0.5227568873993097,0.0,0.0
mtd_ai,200,0.005039059701143045,0.4,5326.251049343828,0.2,150,5,0.07555555555555556,0.11349978715563815,0.17812686452362353,0.0,0.5227568873993097,0.0,0.0
mtd_ai,200,0.005039059701143045,0.436046511627907,5870.599153519255,0.25,150,5,0.07555555555555556,0.11349978715563815,0.17812686452362353,0.0,0.5227568873993097,0.0,0.0
mtd_ai,200,0.005039665017821011,0.375,1709.3062160262862,0.05,150,5,0.10944444444444446,0.16335349259079138,0.5805220009476127,0.0,0.451654597739905,0.0,0.0
mtd_ai,200,0.005039665017821011,0.36585365853658536,2950.195149714311,0.1,150,5,0.10944444444444446,0.16335349259079138,0.5805220009476127,0.0,0.451654597739905,0.0,0.0
mtd_ai,200,0.005039665017821011,0.31690140845070425,4905.206761580026,0.15,150,5,0.10944444444444446,0.16335349259079138,0.5805220009476127,0.0,0.451654597739905,0.0,0.0
mtd_ai,200,0.005039665017821011,0.3614457831325301,5462.349495763553,0.2,150,5,0.10944444444444446,0.16335349259079138,0.5805220009476127,0.0,0.451654597739905,0.0,0.0
mtd_ai,200,0.005039665017821011,0.39893617021276595,5947.547622971146,0.25,150,5,0.10944444444444446,0.16335349259079138,0.5805220009476127,0.0,0.451654597739905,0.0,0.0
mtd_ai,200,0.0050412078113424505,0.375,2252.6968761464354,0.05,150,5,0.10333333333333333,6.192012597673139,5.703171570396925,0.0,0.4971973933651508,0.0,0.0
mtd_ai,200,0.0050412078113424505,0.32608695652173914,5324.573454089124,0.1,150,5,0.10333333333333333,6.192012597673139,5.703171570396925,0.0,0.4971973933651508,0.0,0.0
mtd_ai,200,0.0050412078113424505,0.3629032258064516,6112.4974784445985,0.15,150,5,0.10333333333333333,6.192012597673139,5.703171570396925,0.0,0.4971973933651508,0.0,0.0
mtd_ai,200,0.0050412078113424505,0.410958904109589,6428.69302375249,0.2,150,5,0.10333333333333333,6.192012597673139,5.703171570396925,0.0,0.4971973933651508,0.0,0.0
mtd_ai,200,0.0050412078113424505,0.4573170731707317,6884.533958145297,0.25,150,5,0.10333333333333333,6.192012597673139,5.703171570396925,0.0,0.4971973933651508,0.0,0.0
mtd_ai,200,0.005061499066922105,0.28846153846153844,2770.395898932571,0.05,150,5,0.178,0.33399030438882665,0.7999540285407781,0.0,0.5015185816857755,0.0,0.0
mtd_ai,200,0.005061499066922105,0.38461538461538464,3673.3511229990963,0.1,150,5,0.178,0.33399030438882665,0.7999540285407781,0.0,0.5015185816857755,0.0,0.0
mtd_ai,200,0.005061499066922105,0.3879310344827586,4853.4408194774305,0.15,150,5,0.178,0.33399030438882665,0.7999540285407781,0.0,0.5015185816857755,0.0,0.0
mtd_ai,200,0.005061499066922105,0.42857142857142855,5609.340359619278,0.2,150,5,0.178,0.33399030438882665,0.7999540285407781,0.0,0.5015185816857755,0.0,0.0
mtd_ai,200,0.005061499066922105,0.3865979381443299,6979.30969240774,0.25,150,5,0.178,0.33399030438882665,0.7999540285407781,0.0,0.5015185816857755,0.0,0.0
mtd_ai,200,0.005049708921418243,0.25862068965517243,3272.2723970160514,0.05,150,5,0.12533333333333332,0.9449816577493076,4.118746677378738,0.0,0.4888857932892036,0.0,0.0
mtd_ai,200,0.005049708921418243,0.30612244897959184,4857.147476819288,0.1,150,5,0.12533333333333332,0.9449816577493076,4.118746677378738,0.0,0.4888857932892036,0.0,0.0
mtd_ai,200,0.005049708921418243,0.3813559322033898,5398.552868502322,0.15,150,5,0.12533333333333332,0.9449816577493076,4.118746677378738,0.0,0.4888857932892036,0.0,0.0
mtd_ai,200,0.005049708921418243,0.2857142857142857,7348.124185982099,0.2,150,5,0.12533333333333332,0.9449816577493076,4.118746677378738,0.0,0.4888857932892036,0.0,0.0
mtd_ai,200,0.005049708921418243,0.32608695652173914,7682.783634221868,0.25,150,5,0.12533333333333332,0.9449816577493076,4.118746677378738,0.0,0.4888857932892036,0.0,0.0
mtd_ai,200,0.005052190050859472,0.3125,3014.0895244250923,0.05,150,5,0.10238095238095238,17.337268703047986,2.457056147932756,0.0,0.4994240657756033,0.0,0.0
mtd_ai,200,0.005052190050859472,0.39473684210526316,3819.1969932783286,0.1,150,5,0.10238095238095238,17.337268703047986,2.457056147932756,0.0,0.4994240657756033,0.0,0.0
mtd_ai,200,0.005052190050859472,0.4411764705882353,4540.202350714973,0.15,150,5,0.10238095238095238,17.337268703047986,2.457056147932756,0.0,0.4994240657756033,0.0,0.0
mtd_ai,200,0.005052190050859472,0.47619047619047616,5191.357624138027,0.2,150,5,0.10238095238095238,17.337268703047986,2.457056147932756,0.0,0.4994240657756033,0.0,0.0
mtd_ai,200,0.005052190050859472,0.528169014084507,5725.754912248428,0.25,150,5,0.10238095238095238,17.337268703047986,2.457056147932756,0.0,0.4994240657756033,0.0,0.0
mtd_ai,200,0.005093737279948432,0.32608695652173914,2565.2724354432094,0.05,150,5,0.1328888888888889,0.4756923172655239,1.8247903886902657,0.0,0.4749522571902814,0.0,0.0
mtd_ai,200,0.005093737279948432,0.42857142857142855,3340.523421711565,0.1,150,5,0.1328888888888889,0.4756923172655239,1.8247903886902657,0.0,0.4749522571902814,0.0,0.0
mtd_ai,200,0.005093737279948432,0.5113636363636364,3818.38800448945,0.15,150,5,0.1328888888888889,0.4756923172655239,1.8247903886902657,0.0,0.4749522571902814,0.0,0.0
mtd_ai,200,0.005093737279948432,0.5660377358490566,4077.312513256334,0.2,150,5,0.1328888888888889,0.4756923172655239,1.8247903886902657,0.0,0.4749522571902814,0.0,0.0
mtd_ai,200,0.005093737279948432,0.5769230769230769,4740.697463523969,0.25,150,5,0.1328888888888889,0.4756923172655239,1.8247903886902657,0.0,0.4749522571902814,0.0,0.0
mtd_ai,200,0.005046916778069042,0.39473684210526316,1844.575292240695,0.05,150,5,0.13555555555555557,0.3066641186682376,1.3162068697209433,0.0,0.4455183984096969,0.0,0.0
mtd_ai,200,0.005046916778069042,0.45454545454545453,3097.357822161409,0.1,150,5,0.13555555555555557,0.3066641186682376,1.3162068697209433,0.0,0.4455183984096969,0.0,0.0
mtd_ai,200,0.005046916778069042,0.5232558139534884,3567.56017672687,0.15,150,5,0.13555555555555557,0.3066641186682376,1.3162068697209433,0.0,0.4455183984096969,0.0,0.0
mtd_ai,200,0.005046916778069042,0.46153846153846156,5296.841966801001,0.2,150,5,0.13555555555555557,0.3066641186682376,1.3162068697209433,0.0,0.4455183984096969,0.0,0.0
mtd_ai,200,0.005046916778069042,0.4934210526315789,5622.0829691751605,0.25,150,5,0.13555555555555557,0.3066641186682376,1.3162068697209433,0.0,0.4455183984096969,0.0,0.0
mtd_ai,200,0.005032894609715596,0.1744186046511628,4408.52905091541,0.05,150,5,0.12200000000000001,3.02558611389206,1.8860847967637187,0.0,0.47408597876711916,0.0,0.0
mtd_ai,200,0.005032894609715596,0.26785714285714285,5476.894049124316,0.1,150,5,0.12200000000000001,3.02558611389206,1.8860847967637187,0.0,0.47408597876711916,0.0,0.0
mtd_ai,200,0.005032894609715596,0.3358208955223881,6172.51971366207,0.15,150,5,0.12200000000000001,3.02558611389206,1.8860847967637187,0.0,0.47408597876711916,0.0,0.0
mtd_ai,200,0.005032894609715596,0.379746835443038,7073.336548132325,0.2,150,5,0.12200000000000001,3.02558611389206,1.8860847967637187,0.0,0.47408597876711916,0.0,0.0
mtd_ai,200,0.005032894609715596,0.39473684210526316,7905.784438018451,0.25,150,5,0.12200000000000001,3.02558611389206,1.8860847967637187,0.0,0.47408597876711916,0.0,0.0
mtd_ai,200,0.005061223520977405,0.3,2245.732180437404,0.05,150,5,0.13466666666666666,5.795395700225973,3.0279655359922355,0.0,0.504707143023129,0.0,0.0
mtd_ai,200,0.005061223520977405,0.3488372093023256,3872.9073418343532,0.1,150,5,0.13466666666666666,5.795395700225973,3.0279655359922355,0.0,0.504707143023129,0.0,0.0
mtd_ai,200,0.005061223520977405,0.35714285714285715,6094.853044869989,0.15,150,5,0.13466666666666666,5.795395700225973,3.0279655359922355,0.0,0.504707143023129,0.0,0.0
mtd_ai,200,0.005061223520977405,0.39473684210526316,6588.166131902175,0.2,150,5,0.13466666666666666,5.795395700225973,3.0279655359922355,0.0,0.504707143023129,0.0,0.0
mtd_ai,200,0.005061223520977405,0.44642857142857145,6848.962250239378,0.25,150,5,0.13466666666666666,5.795395700225973,3.0279655359922355,0.0,0.504707143023129,0.0,0.0
mtd_ai,200,0.005067599396948311,0.39473684210526316,1312.9289188807181,0.05,150,5,0.1277777777777778,0.552683208454441,0.6064293621296611,0.0,0.48380330643027136,0.0,0.0
mtd_ai,200,0.005067599396948311,0.3125,3334.586264538916,0.1,150,5,0.1277777777777778,0.552683208454441,0.6064293621296611,0.0,0.48380330643027136,0.0,0.0
mtd_ai,200,0.005067599396948311,0.36885245901639346,4198.518047322525,0.15,150,5,0.1277777777777778,0.552683208454441,0.6064293621296611,0.0,0.48380330643027136,0.0,0.0
mtd_ai,200,0.005067599396948311,0.4,5064.907779251236,0.2,150,5,0.1277777777777778,0.552683208454441,0.6064293621296611,0.0,0.48380330643027136,0.0,0.0
mtd_ai,200,0.005067599396948311,0.3605769230769231,6549.675953571988,0.25,150,5,0.1277777777777778,0.552683208454441,0.6064293621296611,0.0,0.48380330643027136,0.0,0.0
mtd_ai,200,0.005038163495224982,0.25862068965517243,2617.4050510375246,0.05,150,5,0.15444444444444444,1.0871948422925115,3.2689156344373567,0.0,0.4884231476584968,0.0,0.0
mtd_ai,200,0.005038163495224982,0.3333333333333333,3771.2636847204376,0.1,150,5,0.15444444444444444,1.0871948422925115,3.2689156344373567,0.0,0.4884231476584968,0.0,0.0
mtd_ai,200,0.005038163495224982,0.30405405405405406,5561.766768192834,0.15,150,5,0.15444444444444444,1.0871948422925115,3.2689156344373567,0.0,0.4884231476584968,0.0,0.0
mtd_ai,200,0.005038163495224982,0.35714285714285715,6064.315659944341,0.2,150,5,0.15444444444444444,1.0871948422925115,3.2689156344373567,0.0,0.4884231476584968,0.0,0.0
mtd_ai,200,0.005038163495224982,0.375,6839.078814684525,0.25,150,5,0.15444444444444444,1.0871948422925115,3.2689156344373567,0.0,0.4884231476584968,0.0,0.0
mtd_ai,200,0.005057408446220597,0.22727272727272727,3893.977692589508,0.05,150,5,0.10416666666666667,0.1759454134354829,0.7133836823271255,0.0,0.47670220615650366,0.0,0.0
mtd_ai,200,0.005057408446220597,0.30612244897959184,4764.205511801285,0.1,150,5,0.10416666666666667,0.1759454134354829,0.7133836823271255,0.0,0.47670220615650366,0.0,0.0
mtd_ai,200,0.005057408446220597,0.3409090909090909,6381.00497081749,0.15,150,5,0.10416666666666667,0.1759454134354829,0.7133836823271255,0.0,0.47670220615650366,0.0,0.0
mtd_ai,200,0.005057408446220597,0.375,6888.24911312501,0.2,150,5,0.10416666666666667,0.1759454134354829,0.7133836823271255,0.0,0.47670220615650366,0.0,0.0
mtd_ai,200,0.005057408446220597,0.42134831460674155,7171.272121973874,0.25,150,5,0.10416666666666667,0.1759454134354829,0.7133836823271255,0.0,0.47670220615650366,0.0,0.0
mtd_ai,200,0.005056484013748507,0.35714285714285715,1910.3286504444754,0.05,150,5,0.12587301587301586,1.9199336922771049,5.268928199068981,0.0,0.5117419401501551,0.0,0.0
mtd_ai,200,0.005056484013748507,0.42857142857142855,2859.7694140915205,0.1,150,5,0.12587301587301586,1.9199336922771049,5.268928199068981,0.0,0.5117419401501551,0.0,0.0
mtd_ai,200,0.005056484013748507,0.4787234042553192,3638.585201247531,0.15,150,5,0.12587301587301586,1.9199336922771049,5.268928199068981,0.0,0.5117419401501551,0.0,0.0
mtd_ai,200,0.005056484013748507,0.46875,4356.111670777285,0.2,150,5,0.12587301587301586,1.9199336922771049,5.268928199068981,0.0,0.5117419401501551,0.0,0.0
mtd_ai,200,0.005056484013748507,0.5,4934.168354648014,0.25,150,5,0.12587301587301586,1.9199336922771049,5.268928199068981,0.0,0.5117419401501551,0.0,0.0
mtd_ai,200,0.005045432709229396,0.4411764705882353,1721.3457359281274,0.05,150,5,0.1651111111111111,0.6666631185420969,0.50383966159237,0.0,0.47892007410535997,0.0,0.0
mtd_ai,200,0.005045432709229396,0.4166666666666667,3270.8223297187546,0.1,150,5,0.1651111111111111,0.6666631185420969,0.50383966159237,0.0,0.47892007410535997,0.0,0.0
mtd_ai,200,0.005045432709229396,0.45918367346938777,3761.617778687953,0.15,150,5,0.1651111111111111,0.6666631185420969,0.50383966159237,0.0,0.47892007410535997,0.0,0.0
mtd_ai,200,0.005045432709229396,0.5084745762711864,4182.256954078326,0.2,150,5,0.1651111111111111,0.6666631185420969,0.50383966159237,0.0,0.47892007410535997,0.0,0.0
mtd_ai,200,0.005045432709229396,0.5,5058.16036854577,0.25,150,5,0.1651111111111111,0.6666631185420969,0.50383966159237,0.0,0.47892007410535997,0.0,0.0
mtd_ai,200,0.005037871418459834,0.3409090909090909,2375.5727576105855,0.05,150,5,0.12,1.4415428135888497,5.00038166747414,4.633333333333334,0.4226447887920994,7.977763368718095e-05,0.7659574468085106
mtd_ai,200,0.005037871418459834,0.4166666666666667,3410.184550374768,0.1,150,5,0.12,1.4415428135888497,5.00038166747414,4.633333333333334,0.4226447887920994,7.977763368718095e-05,0.7659574468085106
mtd_ai,200,0.005037871418459834,0.4891304347826087,4033.54872091973,0.15,150,5,0.12,1.4415428135888497,5.00038166747414,4.633333333333334,0.4226447887920994,7.977763368718095e-05,0.7659574468085106
mtd_ai,200,0.005037871418459834,0.5263157894736842,4721.906307961998,0.2,150,5,0.12,1.4415428135888497,5.00038166747414,4.633333333333334,0.4226447887920994,7.977763368718095e-05,0.7659574468085106
mtd_ai,200,0.005037871418459834,0.528169014084507,5867.480512771993,0.25,150,5,0.12,1.4415428135888497,5.00038166747414,4.633333333333334,0.4226447887920994,7.977763368718095e-05,0.7659574468085106
mtd_ai,200,0.005056951479390417,0.26785714285714285,2759.4165144990056,0.05,150,5,0.11333333333333333,1.740579875558507,1.4711380743483053,0.0,0.3473213391590453,0.00015322021534044128,0.7586206896551724
mtd_ai,200,0.005056951479390417,0.32608695652173914,4045.343943368999,0.1,150,5,0.11333333333333333,1.740579875558507,1.4711380743483053,0.0,0.3473213391590453,0.00015322021534044128,0.7586206896551724
mtd_ai,200,0.005056951479390417,0.36885245901639346,5132.452786725058,0.15,150,5,0.11333333333333333,1.740579875558507,1.4711380743483053,0.0,0.3473213391590453,0.00015322021534044128,0.7586206896551724
mtd_ai,200,0.005056951479390417,0.38461538461538464,6062.2822201883555,0.2,150,5,0.11333333333333333,1.740579875558507,1.4711380743483053,0.0,0.3473213391590453,0.00015322021534044128,0.7586206896551724
mtd_ai,200,0.005056951479390417,0.42134831460674155,6855.537778398306,0.25,150,5,0.11333333333333333,1.740579875558507,1.4711380743483053,0.0,0.3473213391590453,0.00015322021534044128,0.7586206896551724
mtd_ai,200,0.00503421785892706,0.24193548387096775,2027.7161436406873,0.05,150,5,0.16555555555555554,0.0517142808404062,0.20862059065397662,0.0,0.26773811410468634,0.0003197666264071836,0.7540983606557377
mtd_ai,200,0.00503421785892706,0.2054794520547945,4716.605417258158,0.1,150,5,0.16555555555555554,0.0517142808404062,0.20862059065397662,0.0,0.26773811410468634,0.0003197666264071836,0.7540983606557377
mtd_ai,200,0.00503421785892706,0.24725274725274726,5746.232234753321,0.15,150,5,0.16555555555555554,0.0517142808404062,0.20862059065397662,0.0,0.26773811410468634,0.0003197666264071836,0.7540983606557377
mtd_ai,200,0.00503421785892706,0.2912621359223301,6555.636145842504,0.2,150,5,0.16555555555555554,0.0517142808404062,0.20862059065397662,0.0,0.26773811410468634,0.0003197666264071836,0.7540983606557377
mtd_ai,200,0.00503421785892706,0.3177966101694915,7159.995098112372,0.25,150,5,0.16555555555555554,0.0517142808404062,0.20862059065397662,0.0,0.26773811410468634,0.0003197666264071836,0.7540983606557377
mtd_ai,200,0.005048539189455765,0.375,1664.5517732816998,0.05,150,5,0.16083333333333333,0.1127070954240561,0.27967301814197126,0.0,0.2579185547576881,0.00018647460732443678,0.76
mtd_ai,200,0.005048539189455765,0.4411764705882353,2962.5328087140133,0.1,150,5,0.16083333333333333,0.1127070954240561,0.27967301814197126,0.0,0.2579185547576881,0.00018647460732443678,0.76
mtd_ai,200,0.005048539189455765,0.4326923076923077,4829.081695840445,0.15,150,5,0.16083333333333333,0.1127070954240561,0.27967301814197126,0.0,0.2579185547576881,0.00018647460732443678,0.76
mtd_ai,200,0.005048539189455765,0.46153846153846156,5590.686969633081,0.2,150,5,0.16083333333333333,0.1127070954240561,0.27967301814197126,0.0,0.2579185547576881,0.00018647460732443678,0.76
mtd_ai,200,0.005048539189455765,0.5067567567567568,5895.41470157368,0.25,150,5,0.16083333333333333,0.1127070954240561,0.27967301814197126,0.0,0.2579185547576881,0.00018647460732443678,0.76
mtd_ai,200,0.005050148329825893,0.26785714285714285,3267.0006699489286,0.05,150,5,0.11333333333333333,0.8556921288993481,3.5615448358377324,0.0,0.2750078320054794,6.126906715095035e-05,0.8421052631578947
mtd_ai,200,0.005050148329825893,0.3488372093023256,4345.909518078866,0.1,150,5,0.11333333333333333,0.8556921288993481,3.5615448358377324,0.0,0.2750078320054794,6.126906715095035e-05,0.8421052631578947
mtd_ai,200,0.005050148329825893,0.36885245901639346,5967.626684443061,0.15,150,5,0.11333333333333333,0.8556921288993481,3.5615448358377324,0.0,0.2750078320054794,6.126906715095035e-05,0.8421052631578947
mtd_ai,200,0.005050148329825893,0.4,6797.315994038637,0.2,150,5,0.11333333333333333,0.8556921288993481,3.5615448358377324,0.0,0.2750078320054794,6.126906715095035e-05,0.8421052631578947
mtd_ai,200,0.005050148329825893,0.42134831460674155,7638.603436283799,0.25,150,5,0.11333333333333333,0.8556921288993481,3.5615448358377324,0.0,0.2750078320054794,6.126906715095035e-05,0.8421052631578947
mtd_ai,200,0.005031569039738444,0.26785714285714285,2956.2395027889106,0.05,150,5,0.13814814814814813,7.238509477930876,5.999143636389793,0.0,0.377411758455194,0.00020570052289445727,0.6911764705882353
mtd_ai,200,0.005031569039738444,0.2830188679245283,4789.270829417246,0.1,150,5,0.13814814814814813,7.238509477930876,5.999143636389793,0.0,0.377411758455194,0.00020570052289445727,0.6911764705882353
mtd_ai,200,0.005031569039738444,0.3125,6656.333640991787,0.15,150,5,0.13814814814814813,7.238509477930876,5.999143636389793,0.0,0.377411758455194,0.00020570052289445727,0.6911764705882353
mtd_ai,200,0.005031569039738444,0.3488372093023256,7250.8580559187985,0.2,150,5,0.13814814814814813,7.238509477930876,5.999143636389793,0.0,0.377411758455194,0.00020570052289445727,0.6911764705882353
mtd_ai,200,0.005031569039738444,0.3826530612244898,7668.205023104308,0.25,150,5,0.13814814814814813,7.238509477930876,5.999143636389793,0.0,0.377411758455194,0.00020570052289445727,0.6911764705882353
mtd_ai,200,0.005064210814977026,0.3409090909090909,2143.21624586111,0.05,150,5,0.15833333333333333,0.6018500474688608,1.1731387946528584,0.0,0.3581972475099396,0.00018135199830248205,0.8125
mtd_ai,200,0.005064210814977026,0.32608695652173914,4325.224453807996,0.1,150,5,0.15833333333333333,0.6018500474688608,1.1731387946528584,0.0,0.3581972475099396,0.00018135199830248205,0.8125
mtd_ai,200,0.005064210814977026,0.4090909090909091,4610.160625877512,0.15,150,5,0.15833333333333333,0.6018500474688608,1.1731387946528584,0.0,0.3581972475099396,0.00018135199830248205,0.8125
mtd_ai,200,0.005064210814977026,0.42857142857142855,5769.35926709167,0.2,150,5,0.15833333333333333,0.6018500474688608,1.1731387946528584,0.0,0.3581972475099396,0.00018135199830248205,0.8125
mtd_ai,200,0.005064210814977026,0.47468354430379744,6093.869678828076,0.25,150,5,0.15833333333333333,0.6018500474688608,1.1731387946528584,0.0,0.3581972475099396,0.00018135199830248205,0.8125
mtd_ai,200,0.005031229732258671,0.39473684210526316,1877.0131949616916,0.05,150,5,0.1288888888888889,0.495095738486395,0.9038044768039093,0.0,0.3584775238322139,7.177158820698297e-05,0.6896551724137931
mtd_ai,200,0.005031229732258671,0.42857142857142855,3391.59145249644,0.1,150,5,0.1288888888888889,0.495095738486395,0.9038044768039093,0.0,0.3584775238322139,7.177158820698297e-05,0.6896551724137931
mtd_ai,200,0.005031229732258671,0.45918367346938777,4533.666266196977,0.15,150,5,0.1288888888888889,0.495095738486395,0.9038044768039093,0.0,0.3584775238322139,7.177158820698297e-05,0.6896551724137931
mtd_ai,200,0.005031229732258671,0.4838709677419355,5741.0128956548215,0.2,150,5,0.1288888888888889,0.495095738486395,0.9038044768039093,0.0,0.3584775238322139,7.177158820698297e-05,0.6896551724137931
mtd_ai,200,0.005031229732258671,0.5067567567567568,6426.622913565761,0.25,150,5,0.1288888888888889,0.495095738486395,0.9038044768039093,0.0,0.3584775238322139,7.177158820698297e-05,0.6896551724137931
mtd_ai,200,0.005040268463756212,0.28846153846153844,2459.9808938815395,0.05,150,5,0.13333333333333333,0.010633227483327637,0.03605025768136022,0.0,0.41303895042685174,7.118715442760663e-05,0.7755102040816326
mtd_ai,200,0.005040268463756212,0.3488372093023256,3638.0792886924382,0.1,150,5,0.13333333333333333,0.010633227483327637,0.03605025768136022,0.0,0.41303895042685174,7.118715442760663e-05,0.7755102040816326
mtd_ai,200,0.005040268463756212,0.3879310344827586,4809.405787168973,0.15,150,5,0.13333333333333333,0.010633227483327637,0.03605025768136022,0.0,0.41303895042685174,7.118715442760663e-05,0.7755102040816326
mtd_ai,200,0.005040268463756212,0.4166666666666667,5734.54921118017,0.2,150,5,0.13333333333333333,0.010633227483327637,0.03605025768136022,0.0,0.41303895042685174,7.118715442760663e-05,0.7755102040816326
mtd_ai,200,0.005040268463756212,0.46296296296296297,6080.601422187115,0.25,150,5,0.13333333333333333,0.010633227483327637,0.03605025768136022,0.0,0.41303895042685174,7.118715442760663e-05,0.7755102040816326
mtd_ai,200,0.0050761653496238885,0.3,2850.228687982568,0.05,150,5,0.09333333333333334,0.3269970066680757,1.0497366644656623,0.0,0.3136117876743123,0.0004287182754509219,0.8333333333333334
mtd_ai,200,0.0050761653496238885,0.35714285714285715,3925.7831305090986,0.1,150,5,0.09333333333333334,0.3269970066680757,1.0497366644656623,0.0,0.3136117876743123,0.0004287182754509219,0.8333333333333334
mtd_ai,200,0.0050761653496238885,0.45,4488.350319205489,0.15,150,5,0.09333333333333334,0.3269970066680757,1.0497366644656623,0.0,0.3136117876743123,0.0004287182754509219,0.8333333333333334
mtd_ai,200,0.0050761653496238885,0.4838709677419355,5050.496354830065,0.2,150,5,0.09333333333333334,0.3269970066680757,1.0497366644656623,0.0,0.3136117876743123,0.0004287182754509219,0.8333333333333334
mtd_ai,200,0.0050761653496238885,0.5136986301369864,5370.103332449356,0.25,150,5,0.09333333333333334,0.3269970066680757,1.0497366644656623,0.0,0.3136117876743123,0.0004287182754509219,0.8333333333333334
mtd_ai,200,0.005039119850155367,0.234375,2882.825265726468,0.05,150,5,0.12222222222222222,0.3990897467785194,1.526319441453686,0.0,0.3168296369654172,0.0002013262136567169,0.8297872340425532
mtd_ai,200,0.005039119850155367,0.3333333333333333,3549.4202090823555,0.1,150,5,0.12222222222222222,0.3990897467785194,1.526319441453686,0.0,0.3168296369654172,0.0002013262136567169,0.8297872340425532
mtd_ai,200,0.005039119850155367,0.39473684210526316,4211.733622604156,0.15,150,5,0.12222222222222222,0.3990897467785194,1.526319441453686,0.0,0.3168296369654172,0.0002013262136567169,0.8297872340425532
mtd_ai,200,0.005039119850155367,0.4225352112676056,5218.698639599848,0.2,150,5,0.12222222222222222,0.3990897467785194,1.526319441453686,0.0,0.3168296369654172,0.0002013262136567169,0.8297872340425532
mtd_ai,200,0.005039119850155367,0.44642857142857145,6087.052926464229,0.25,150,5,0.12222222222222222,0.3990897467785194,1.526319441453686,0.0,0.3168296369654172,0.0002013262136567169,0.8297872340425532
mtd_ai,200,0.005065727621976471,0.2777777777777778,2830.657660677917,0.05,150,5,0.08888888888888889,1.33962043615271,1.942435923424581,0.0,0.1889854321519039,0.00012342056012892502,0.7755102040816326
mtd_ai,200,0.005065727621976471,0.3409090909090909,3938.8651748428306,0.1,150,5,0.08888888888888889,1.33962043615271,1.942435923424581,0.0,0.1889854321519039,0.00012342056012892502,0.7755102040816326
mtd_ai,200,0.005065727621976471,0.42452830188679247,4455.016757651858,0.15,150,5,0.08888888888888889,1.33962043615271,1.942435923424581,0.0,0.1889854321519039,0.00012342056012892502,0.7755102040816326
mtd_ai,200,0.005065727621976471,0.44776119402985076,5158.2674917919285,0.2,150,5,0.08888888888888889,1.33962043615271,1.942435923424581,0.0,0.1889854321519039,0.00012342056012892502,0.7755102040816326
mtd_ai,200,0.005065727621976471,0.47468354430379744,5653.551170132732,0.25,150,5,0.08888888888888889,1.33962043615271,1.942435923424581,0.0,0.1889854321519039,0.00012342056012892502,0.7755102040816326
mtd_ai,200,0.00504004940756119,0.2777777777777778,2283.3831803440735,0.05,150,5,0.13333333333333333,0.39394970820276265,0.5683391827486048,0.0,0.2727616854971257,0.0001713894965894056,0.7551020408163265
mtd_ai,200,0.00504004940756119,0.3488372093023256,3622.2126229687965,0.1,150,5,0.13333333333333333,0.39394970820276265,0.5683391827486048,0.0,0.2727616854971257,0.0001713894965894056,0.7551020408163265
mtd_ai,200,0.00504004940756119,0.4090909090909091,4571.06719720434,0.15,150,5,0.13333333333333333,0.39394970820276265,0.5683391827486048,0.0,0.2727616854971257,0.0001713894965894056,0.7551020408163265
mtd_ai,200,0.00504004940756119,0.44776119402985076,5491.066871671132,0.2,150,5,0.13333333333333333,0.39394970820276265,0.5683391827486048,0.0,0.2727616854971257,0.0001713894965894056,0.7551020408163265
mtd_ai,200,0.00504004940756119,0.487012987012987,5869.068719065213,0.25,150,5,0.13333333333333333,0.39394970820276265,0.5683391827486048,0.0,0.2727616854971257,0.0001713894965894056,0.7551020408163265
mtd_ai,200,0.005051827673495429,0.39473684210526316,1726.4453191851721,0.05,150,5,0.1488888888888889,0.5741806841952583,1.5808213976718215,0.0,0.2513174841308705,0.00017367805847463483,0.7446808510638298
mtd_ai,200,0.005051827673495429,0.4411764705882353,2727.885981258193,0.1,150,5,0.1488888888888889,0.5741806841952583,1.5808213976718215,0.0,0.2513174841308705,0.00017367805847463483,0.7446808510638298
mtd_ai,200,0.005051827673495429,0.46875,3976.097740575001,0.15,150,5,0.1488888888888889,0.5741806841952583,1.5808213976718215,0.0,0.2513174841308705,0.00017367805847463483,0.7446808510638298
mtd_ai,200,0.005051827673495429,0.4918032786885246,4836.869898199536,0.2,150,5,0.1488888888888889,0.5741806841952583,1.5808213976718215,0.0,0.2513174841308705,0.00017367805847463483,0.7446808510638298
mtd_ai,200,0.005051827673495429,0.5208333333333334,5373.68879693715,0.25,150,5,0.1488888888888889,0.5741806841952583,1.5808213976718215,0.0,0.2513174841308705,0.00017367805847463483,0.7446808510638298
mtd_ai,200,0.005065638635162085,0.46875,1354.2709330331788,0.05,150,5,0.13533333333333333,0.39799881779840063,1.7424227880684207,0.0,0.2999728243206171,0.00019617647000080423,0.8043478260869565
mtd_ai,200,0.005065638635162085,0.42857142857142855,2990.1410415324326,0.1,150,5,0.13533333333333333,0.39799881779840063,1.7424227880684207,0.0,0.2999728243206171,0.00019617647000080423,0.8043478260869565
mtd_ai,200,0.005065638635162085,0.4166666666666667,4018.118316866842,0.15,150,5,0.13533333333333333,0.39799881779840063,1.7424227880684207,0.0,0.2999728243206171,0.00019617647000080423,0.8043478260869565
mtd_ai,200,0.005065638635162085,0.45454545454545453,4796.730189398328,0.2,150,5,0.13533333333333333,0.39799881779840063,1.7424227880684207,0.0,0.2999728243206171,0.00019617647000080423,0.8043478260869565
mtd_ai,200,0.005065638635162085,0.46875,5744.133100376352,0.25,150,5,0.13533333333333333,0.39799881779840063,1.7424227880684207,0.0,0.2999728243206171,0.00019617647000080423,0.8043478260869565
mtd_ai,200,0.0050495639864987845,0.375,1911.7242798410762,0.05,150,5,0.10200000000000001,4.196690291465262,5.869990299106069,0.0,0.2632973970467971,0.00025725889583351274,0.8444444444444444
mtd_ai,200,0.0050495639864987845,0.3409090909090909,4082.6438920488517,0.1,150,5,0.10200000000000001,4.196690291465262,5.869990299106069,0.0,0.2632973970467971,0.00025725889583351274,0.8444444444444444
mtd_ai,200,0.0050495639864987845,0.4090909090909091,4957.908572411932,0.15,150,5,0.10200000000000001,4.196690291465262,5.869990299106069,0.0,0.2632973970467971,0.00025725889583351274,0.8444444444444444
mtd_ai,200,0.0050495639864987845,0.43478260869565216,5634.654573454042,0.2,150,5,0.10200000000000001,4.196690291465262,5.869990299106069,0.0,0.2632973970467971,0.00025725889583351274,0.8444444444444444
mtd_ai,200,0.0050495639864987845,0.46296296296296297,6087.2402104854045,0.25,150,5,0.10200000000000001,4.196690291465262,5.869990299106069,0.0,0.2632973970467971,0.00025725889583351274,0.8444444444444444
mtd_ai,200,0.005060392860093992,0.28846153846153844,2492.1436003372587,0.05,150,5,0.07,0.07180979353926194,0.26754008116319306,0.0,0.16922967268586325,0.00013684210204679468,0.76
mtd_ai,200,0.005060392860093992,0.38461538461538464,3498.7006866184374,0.1,150,5,0.07,0.07180979353926194,0.26754008116319306,0.0,0.16922967268586325,0.00013684210204679468,0.76
mtd_ai,200,0.005060392860093992,0.4411764705882353,4223.364781150771,0.15,150,5,0.07,0.07180979353926194,0.26754008116319306,0.0,0.16922967268586325,0.00013684210204679468,0.76
mtd_ai,200,0.005060392860093992,0.44776119402985076,5328.93218926171,0.2,150,5,0.07,0.07180979353926194,0.26754008116319306,0.0,0.16922967268586325,0.00013684210204679468,0.76
mtd_ai,200,0.005060392860093992,0.4807692307692308,6151.044152561275,0.25,150,5,0.07,0.07180979353926194,0.26754008116319306,0.0,0.16922967268586325,0.00013684210204679468,0.76
mtd_ai,200,0.005066253595280248,0.26785714285714285,2530.789872721905,0.05,150,5,0.13955555555555554,0.24072715871936087,0.7029782165744493,0.0,0.36628207850941225,0.0002221791698887794,0.711864406779661
mtd_ai,200,0.005066253595280248,0.26785714285714285,5215.307071310177,0.1,150,5,0.13955555555555554,0.24072715871936087,0.7029782165744493,0.0,0.36628207850941225,0.0002221791698887794,0.711864406779661
mtd_ai,200,0.005066253595280248,0.3515625,5520.93100502977,0.15,150,5,0.13955555555555554,0.24072715871936087,0.7029782165744493,0.0,0.36628207850941225,0.0002221791698887794,0.711864406779661
mtd_ai,200,0.005066253595280248,0.37037037037037035,6152.703376668871,0.2,150,5,0.13955555555555554,0.24072715871936087,0.7029782165744493,0.0,0.36628207850941225,0.0002221791698887794,0.711864406779661
mtd_ai,200,0.005066253595280248,0.39893617021276595,6781.249932482364,0.25,150,5,0.13955555555555554,0.24072715871936087,0.7029782165744493,0.0,0.36628207850941225,0.0002221791698887794,0.711864406779661
mtd_ai,200,0.0050564657064502425,0.25,2482.960186980031,0.05,150,5,0.14444444444444446,0.5915213209773822,1.6382919948357437,0.0,0.23662449097814064,0.00017256572613715657,0.8461538461538461
mtd_ai,200,0.0050564657064502425,0.26785714285714285,4623.555319069497,0.1,150,5,0.14444444444444446,0.5915213209773822,1.6382919948357437,0.0,0.23662449097814064,0.00017256572613715657,0.8461538461538461
mtd_ai,200,0.0050564657064502425,0.32608695652173914,5336.87318145986,0.15,150,5,0.14444444444444446,0.5915213209773822,1.6382919948357437,0.0,0.23662449097814064,0.00017256572613715657,0.8461538461538461
mtd_ai,200,0.0050564657064502425,0.37037037037037035,6131.184058571317,0.2,150,5,0.14444444444444446,0.5915213209773822,1.6382919948357437,0.0,0.23662449097814064,0.00017256572613715657,0.8461538461538461
mtd_ai,200,0.0050564657064502425,0.390625,6893.949297728981,0.25,150,5,0.14444444444444446,0.5915213209773822,1.6382919948357437,0.0,0.23662449097814064,0.00017256572613715657,0.8461538461538461
mtd_ai,200,0.0050482410960694755,0.32608695652173914,2010.9950008414744,0.05,150,5,0.09666666666666666,0.05687209389740422,0.139819432764624,0.0,0.2824117844902733,0.00025285290312238625,0.7872340425531915
mtd_ai,200,0.0050482410960694755,0.36585365853658536,3333.8602693218795,0.1,150,5,0.09666666666666666,0.05687209389740422,0.139819432764624,0.0,0.2824117844902733,0.00025285290312238625,0.7872340425531915
mtd_ai,200,0.0050482410960694755,0.4411764705882353,3820.5682217275094,0.15,150,5,0.09666666666666666,0.05687209389740422,0.139819432764624,0.0,0.2824117844902733,0.00025285290312238625,0.7872340425531915
mtd_ai,200,0.0050482410960694755,0.44776119402985076,5171.344712339618,0.2,150,5,0.09666666666666666,0.05687209389740422,0.139819432764624,0.0,0.2824117844902733,0.00025285290312238625,0.7872340425531915
mtd_ai,200,0.0050482410960694755,0.46296296296296297,5801.14067540856,0.25,150,5,0.09666666666666666,0.05687209389740422,0.139819432764624,0.0,0.2824117844902733,0.00025285290312238625,0.7872340425531915
mtd_ai,200,0.0050741489169035025,0.3,2489.9890465662047,0.05,150,5,0.07142857142857142,0.41794936879547345,1.6170202744776294,0.0,0.27331549304853475,0.0004129713045650327,0.8863636363636364
mtd_ai,200,0.0050741489169035025,0.40540540540540543,3243.718963856185,0.1,150,5,0.07142857142857142,0.41794936879547345,1.6170202744776294,0.0,0.27331549304853475,0.0004129713045650327,0.8863636363636364
mtd_ai,200,0.0050741489169035025,0.4787234042553192,3725.3921861337776,0.15,150,5,0.07142857142857142,0.41794936879547345,1.6170202744776294,0.0,0.27331549304853475,0.0004129713045650327,0.8863636363636364
mtd_ai,200,0.0050741489169035025,0.40540540540540543,5105.201184783589,0.2,150,5,0.07142857142857142,0.41794936879547345,1.6170202744776294,0.0,0.27331549304853475,0.0004129713045650327,0.8863636363636364
mtd_ai,200,0.0050741489169035025,0.4411764705882353,6090.140836214867,0.25,150,5,0.07142857142857142,0.41794936879547345,1.6170202744776294,0.0,0.27331549304853475,0.0004129713045650327,0.8863636363636364
mtd_ai,200,0.005058429654087301,0.25,2239.937355772688,0.05,150,5,0.10244444444444444,0.07326743474063403,0.2824358396287955,0.0,0.25747551018005144,0.00012907838211365512,0.75
mtd_ai,200,0.005058429654087301,0.2542372881355932,4368.967996043071,0.1,150,5,0.10244444444444444,0.07326743474063403,0.2824358396287955,0.0,0.25747551018005144,0.00012907838211365512,0.75
mtd_ai,200,0.005058429654087301,0.30405405405405406,5583.83814308169,0.15,150,5,0.10244444444444444,0.07326743474063403,0.2824358396287955,0.0,0.25747551018005144,0.00012907838211365512,0.75
mtd_ai,200,0.005058429654087301,0.3448275862068966,6506.020697015891,0.2,150,5,0.10244444444444444,0.07326743474063403,0.2824358396287955,0.0,0.25747551018005144,0.00012907838211365512,0.75
mtd_ai,200,0.005058429654087301,0.3787878787878788,6934.9555946764885,0.25,150,5,0.10244444444444444,0.07326743474063403,0.2824358396287955,0.0,0.25747551018005144,0.00012907838211365512,0.75
mtd_ai,200,0.005071439858328355,0.3409090909090909,2760.823218348934,0.05,150,5,0.11333333333333333,0.4292567137937218,1.8804280945582992,0.0,0.26368718291605303,5.323265543371735e-05,0.851063829787234
mtd_ai,200,0.005071439858328355,0.4166666666666667,3596.2332963028302,0.1,150,5,0.11333333333333333,0.4292567137937218,1.8804280945582992,0.0,0.26368718291605303,5.323265543371735e-05,0.851063829787234
mtd_ai,200,0.005071439858328355,0.4411764705882353,4819.780566881424,0.15,150,5,0.11333333333333333,0.4292567137937218,1.8804280945582992,0.0,0.26368718291605303,5.323265543371735e-05,0.851063829787234
mtd_ai,200,0.005071439858328355,0.4918032786885246,5475.03841218156,0.2,150,5,0.11333333333333333,0.4292567137937218,1.8804280945582992,0.0,0.26368718291605303,5.323265543371735e-05,0.851063829787234
mtd_ai,200,0.005071439858328355,0.4807692307692308,6263.6688150429345,0.25,150,5,0.11333333333333333,0.4292567137937218,1.8804280945582992,0.0,0.26368718291605303,5.323265543371735e-05,0.851063829787234
mtd_ai,200,0.0050801738454301585,0.4166666666666667,1742.464489833054,0.05,150,5,0.42857142857142855,0.4161029711026778,1.7809012759308973,0.0,0.3681794785188365,0.0001843966763332012,0.8181818181818182
mtd_ai,200,0.0050801738454301585,0.45454545454545453,2989.20480401176,0.1,150,5,0.42857142857142855,0.4161029711026778,1.7809012759308973,0.0,0.3681794785188365,0.0001843966763332012,0.8181818181818182
mtd_ai,200,0.0050801738454301585,0.5113636363636364,3618.214396987116,0.15,150,5,0.42857142857142855,0.4161029711026778,1.7809012759308973,0.0,0.3681794785188365,0.0001843966763332012,0.8181818181818182
mtd_ai,200,0.0050801738454301585,0.4838709677419355,5458.440647727955,0.2,150,5,0.42857142857142855,0.4161029711026778,1.7809012759308973,0.0,0.3681794785188365,0.0001843966763332012,0.8181818181818182
mtd_ai,200,0.0050801738454301585,0.5357142857142857,5772.732690780778,0.25,150,5,0.42857142857142855,0.4161029711026778,1.7809012759308973,0.0,0.3681794785188365,0.0001843966763332012,0.8181818181818182
mtd_ai,200,0.00503236952384772,0.234375,3698.7074351434594,0.05,150,5,0.11233333333333334,0.02044184323364553,0.08114547387530636,0.0,0.3198667166135148,8.296912735304041e-05,0.7962962962962963
mtd_ai,200,0.00503236952384772,0.2830188679245283,4660.03858154083,0.1,150,5,0.11233333333333334,0.02044184323364553,0.08114547387530636,0.0,0.3198667166135148,8.296912735304041e-05,0.7962962962962963
mtd_ai,200,0.00503236952384772,0.3629032258064516,5070.995360714482,0.15,150,5,0.11233333333333334,0.02044184323364553,0.08114547387530636,0.0,0.3198667166135148,8.296912735304041e-05,0.7962962962962963
mtd_ai,200,0.00503236952384772,0.4,5688.271330599111,0.2,150,5,0.11233333333333334,0.02044184323364553,0.08114547387530636,0.0,0.3198667166135148,8.296912735304041e-05,0.7962962962962963
mtd_ai,200,0.00503236952384772,0.41208791208791207,6698.759700257979,0.25,150,5,0.11233333333333334,0.02044184323364553,0.08114547387530636,0.0,0.3198667166135148,8.296912735304041e-05,0.7962962962962963
mtd_ai,200,0.005082952584995273,0.3409090909090909,2029.3492027514017,0.05,150,5,0.16177777777777777,0.4820191332868809,1.9554338098114388,0.0,0.30063742850417147,6.541225867807367e-05,0.8378378378378378
mtd_ai,200,0.005082952584995273,0.375,3048.395583883813,0.1,150,5,0.16177777777777777,0.4820191332868809,1.9554338098114388,0.0,0.30063742850417147,6.541225867807367e-05,0.8378378378378378
mtd_ai,200,0.005082952584995273,0.42452830188679247,3648.744566304294,0.15,150,5,0.16177777777777777,0.4820191332868809,1.9554338098114388,0.0,0.30063742850417147,6.541225867807367e-05,0.8378378378378378
mtd_ai,200,0.005082952584995273,0.47619047619047616,3917.1431318916243,0.2,150,5,0.16177777777777777,0.4820191332868809,1.9554338098114388,0.0,0.30063742850417147,6.541225867807367e-05,0.8378378378378378
mtd_ai,200,0.005082952584995273,0.5,4780.290495214422,0.25,150,5,0.16177777777777777,0.4820191332868809,1.9554338098114388,0.0,0.30063742850417147,6.541225867807367e-05,0.8378378378378378
mtd_ai,200,0.005060426436529102,0.2777777777777778,2377.800671801674,0.05,150,5,0.0,1.1532215463605189,2.3717972055053407,0.0,0.33022167903767735,0.00016883413231132425,0.75
mtd_ai,200,0.005060426436529102,0.30612244897959184,3727.554482587472,0.1,150,5,0.0,1.1532215463605189,2.3717972055053407,0.0,0.33022167903767735,0.00016883413231132425,0.75
mtd_ai,200,0.005060426436529102,0.3125,5140.464475338333,0.15,150,5,0.0,1.1532215463605189,2.3717972055053407,0.0,0.33022167903767735,0.00016883413231132425,0.75
mtd_ai,200,0.005060426436529102,0.3448275862068966,6082.8354329418435,0.2,150,5,0.0,1.1532215463605189,2.3717972055053407,0.0,0.33022167903767735,0.00016883413231132425,0.75
mtd_ai,200,0.005060426436529102,0.3826530612244898,6698.433673309673,0.25,150,5,0.0,1.1532215463605189,2.3717972055053407,0.0,0.33022167903767735,0.00016883413231132425,0.75
mtd_ai,200,0.005075748205580674,0.28846153846153844,2624.914005391014,0.05,150,5,0.1461111111111111,0.6785710343717007,2.8785761162234915,0.0,0.374214750050923,0.00021710376756916216,0.76
mtd_ai,200,0.005075748205580674,0.3488372093023256,3877.320587276259,0.1,150,5,0.1461111111111111,0.6785710343717007,2.8785761162234915,0.0,0.374214750050923,0.00021710376756916216,0.76
mtd_ai,200,0.005075748205580674,0.39473684210526316,4865.5492029118695,0.15,150,5,0.1461111111111111,0.6785710343717007,2.8785761162234915,0.0,0.374214750050923,0.00021710376756916216,0.76
mtd_ai,200,0.005075748205580674,0.44776119402985076,5331.934824056138,0.2,150,5,0.1461111111111111,0.6785710343717007,2.8785761162234915,0.0,0.374214750050923,0.00021710376756916216,0.76
mtd_ai,200,0.005075748205580674,0.44642857142857145,6091.333988226499,0.25,150,5,0.1461111111111111,0.6785710343717007,2.8785761162234915,0.0,0.374214750050923,0.00021710376756916216,0.76
mtd_ai,200,0.00504546446750773,0.3409090909090909,2117.9245536304597,0.05,150,5,0.1,0.02328105026373148,0.04647504283396649,0.0,0.21633055305589183,0.00026493861842286195,0.8085106382978723
mtd_ai,200,0.00504546446750773,0.35714285714285715,3993.7678233651513,0.1,150,5,0.1,0.02328105026373148,0.04647504283396649,0.0,0.21633055305589183,0.00026493861842286195,0.8085106382978723
mtd_ai,200,0.00504546446750773,0.4090909090909091,4855.54298358283,0.15,150,5,0.1,0.02328105026373148,0.04647504283396649,0.0,0.21633055305589183,0.00026493861842286195,0.8085106382978723
mtd_ai,200,0.00504546446750773,0.4411764705882353,5744.121249137428,0.2,150,5,0.1,0.02328105026373148,0.04647504283396649,0.0,0.21633055305589183,0.00026493861842286195,0.8085106382978723
mtd_ai,200,0.00504546446750773,0.4934210526315789,6028.408918358343,0.25,150,5,0.1,0.02328105026373148,0.04647504283396649,0.0,0.21633055305589183,0.00026493861842286195,0.8085106382978723
mtd_ai,200,0.00503607251407066,0.39473684210526316,1644.0591069906582,0.05,150,5,0.09238095238095238,0.0043900266480383174,0.015942780264504665,0.0,0.21627917310907183,4.547621880295054e-05,0.7843137254901961
mtd_ai,200,0.00503607251407066,0.38461538461538464,3430.021678616735,0.1,150,5,0.09238095238095238,0.0043900266480383174,0.015942780264504665,0.0,0.21627917310907183,4.547621880295054e-05,0.7843137254901961
mtd_ai,200,0.00503607251407066,0.4326923076923077,4283.63004103749,0.15,150,5,0.09238095238095238,0.0043900266480383174,0.015942780264504665,0.0,0.21627917310907183,4.547621880295054e-05,0.7843137254901961
mtd_ai,200,0.00503607251407066,0.47619047619047616,5142.656608354824,0.2,150,5,0.09238095238095238,0.0043900266480383174,0.015942780264504665,0.0,0.21627917310907183,4.547621880295054e-05,0.7843137254901961
mtd_ai,200,0.00503607251407066,0.4573170731707317,6149.08422489825,0.25,150,5,0.09238095238095238,0.0043900266480383174,0.015942780264504665,0.0,0.21627917310907183,4.547621880295054e-05,0.7843137254901961
mtd_ai,200,0.005054381006184589,0.39473684210526316,1864.9504004722073,0.05,150,5,0.14444444444444443,0.1782652796927255,0.5116918795855315,0.0,0.34282949286825243,0.0003293136430728323,0.8181818181818182
mtd_ai,200,0.005054381006184589,0.3488372093023256,4932.361557109209,0.1,150,5,0.14444444444444443,0.1782652796927255,0.5116918795855315,0.0,0.34282949286825243,0.0003293136430728323,0.8181818181818182
mtd_ai,200,0.005054381006184589,0.4090909090909091,5668.021039270336,0.15,150,5,0.14444444444444443,0.1782652796927255,0.5116918795855315,0.0,0.34282949286825243,0.0003293136430728323,0.8181818181818182
mtd_ai,200,0.005054381006184589,0.44776119402985076,6176.807850711042,0.2,150,5,0.14444444444444443,0.1782652796927255,0.5116918795855315,0.0,0.34282949286825243,0.0003293136430728323,0.8181818181818182
mtd_ai,200,0.005054381006184589,0.46296296296296297,7262.2168938135865,0.25,150,5,0.14444444444444443,0.1782652796927255,0.5116918795855315,0.0,0.34282949286825243,0.0003293136430728323,0.8181818181818182
mtd_ai,200,0.005058508109545315,0.375,1411.2805049589692,0.05,150,5,0.11666666666666667,0.3037892577664195,1.1024673757777974,0.0,0.3521639494196234,0.00013026200080568976,0.7948717948717948
mtd_ai,200,0.005058508109545315,0.40540540540540543,2878.9461861677555,0.1,150,5,0.11666666666666667,0.3037892577664195,1.1024673757777974,0.0,0.3521639494196234,0.00013026200080568976,0.7948717948717948
mtd_ai,200,0.005058508109545315,0.4891304347826087,3155.6331736589727,0.15,150,5,0.11666666666666667,0.3037892577664195,1.1024673757777974,0.0,0.3521639494196234,0.00013026200080568976,0.7948717948717948
mtd_ai,200,0.005058508109545315,0.5084745762711864,3889.743209478313,0.2,150,5,0.11666666666666667,0.3037892577664195,1.1024673757777974,0.0,0.3521639494196234,0.00013026200080568976,0.7948717948717948
mtd_ai,200,0.005058508109545315,0.528169014084507,4718.3856567284365,0.25,150,5,0.11666666666666667,0.3037892577664195,1.1024673757777974,0.0,0.3521639494196234,0.00013026200080568976,0.7948717948717948
mtd_ai,200,0.005044639606570275,0.2777777777777778,3226.099786995841,0.05,150,5,0.125,0.3354199224207045,0.48332871411554906,-5.826086956521739,0.29347052848459715,0.00010250594216949789,0.7446808510638298
mtd_ai,200,0.005044639606570275,0.375,3768.0049813066826,0.1,150,5,0.125,0.3354199224207045,0.48332871411554906,-5.826086956521739,0.29347052848459715,0.00010250594216949789,0.7446808510638298
mtd_ai,200,0.005044639606570275,0.45,4372.01085848244,0.15,150,5,0.125,0.3354199224207045,0.48332871411554906,-5.826086956521739,0.29347052848459715,0.00010250594216949789,0.7446808510638298
mtd_ai,200,0.005044639606570275,0.4838709677419355,5133.785156691863,0.2,150,5,0.125,0.3354199224207045,0.48332871411554906,-5.826086956521739,0.29347052848459715,0.00010250594216949789,0.7446808510638298
mtd_ai,200,0.005044639606570275,0.5208333333333334,5588.925146076148,0.25,150,5,0.125,0.3354199224207045,0.48332871411554906,-5.826086956521739,0.29347052848459715,0.00010250594216949789,0.7446808510638298
mtd_ai,200,0.005033425107662309,0.20833333333333334,4660.572940015114,0.05,150,5,0.10733333333333334,0.8902037916294046,3.815341679617957,0.0,0.36772874245587656,7.661041594499457e-05,0.8070175438596491
mtd_ai,200,0.005033425107662309,0.3125,5444.600577882394,0.1,150,5,0.10733333333333334,0.8902037916294046,3.815341679617957,0.0,0.36772874245587656,7.661041594499457e-05,0.8070175438596491
mtd_ai,200,0.005033425107662309,0.3813559322033898,6490.438680310781,0.15,150,5,0.10733333333333334,0.8902037916294046,3.815341679617957,0.0,0.36772874245587656,7.661041594499457e-05,0.8070175438596491
mtd_ai,200,0.005033425107662309,0.4166666666666667,7088.920607736278,0.2,150,5,0.10733333333333334,0.8902037916294046,3.815341679617957,0.0,0.36772874245587656,7.661041594499457e-05,0.8070175438596491
mtd_ai,200,0.005033425107662309,0.46875,7413.911636692425,0.25,150,5,0.10733333333333334,0.8902037916294046,3.815341679617957,0.0,0.36772874245587656,7.661041594499457e-05,0.8070175438596491
mtd_ai,200,0.005047302059708496,0.39473684210526316,1747.5033325867796,0.05,150,5,0.1406666666666667,3.850560570600424,5.117989012662667,0.0,8.307613257337593e-05,1.87167350300886e-08,0.7
mtd_ai,200,0.005047302059708496,0.38461538461538464,3593.34943687382,0.1,150,5,0.1406666666666667,3.850560570600424,5.117989012662667,0.0,8.307613257337593e-05,1.87167350300886e-08,0.7
mtd_ai,200,0.005047302059708496,0.42452830188679247,4328.993622035913,0.15,150,5,0.1406666666666667,3.850560570600424,5.117989012662667,0.0,8.307613257337593e-05,1.87167350300886e-08,0.7
mtd_ai,200,0.005047302059708496,0.44776119402985076,5060.349065962184,0.2,150,5,0.1406666666666667,3.850560570600424,5.117989012662667,0.0,8.307613257337593e-05,1.87167350300886e-08,0.7
mtd_ai,200,0.005047302059708496,0.4807692307692308,5593.89144634849,0.25,150,5,0.1406666666666667,3.850560570600424,5.117989012662667,0.0,8.307613257337593e-05,1.87167350300886e-08,0.7
mtd_ai,200,0.005065950114521448,0.28846153846153844,2344.4403593497154,0.05,150,5,0.09666666666666666,1.2657537813339592,4.479706276335949,0.0,0.29856910525474384,5.549278912546966e-05,0.7457627118644068
mtd_ai,200,0.005065950114521448,0.3488372093023256,4133.728284449908,0.1,150,5,0.09666666666666666,1.2657537813339592,4.479706276335949,0.0,0.29856910525474384,5.549278912546966e-05,0.7457627118644068
mtd_ai,200,0.005065950114521448,0.39473684210526316,4847.474997543626,0.15,150,5,0.09666666666666666,1.2657537813339592,4.479706276335949,0.0,0.29856910525474384,5.549278912546966e-05,0.7457627118644068
mtd_ai,200,0.005065950114521448,0.38961038961038963,6141.66221076474,0.2,150,5,0.09666666666666666,1.2657537813339592,4.479706276335949,0.0,0.29856910525474384,5.549278912546966e-05,0.7457627118644068
mtd_ai,200,0.005065950114521448,0.42613636363636365,6674.209468533616,0.25,150,5,0.09666666666666666,1.2657537813339592,4.479706276335949,0.0,0.29856910525474384,5.549278912546966e-05,0.7457627118644068
mtd_ai,200,0.005058067580607318,0.2777777777777778,2707.0775139305806,0.05,150,5,0.1161111111111111,0.662772110180837,1.7331183955163023,0.0,0.9995969474788607,2.351107796029871e-08,0.8035714285714286
mtd_ai,200,0.005058067580607318,0.30612244897959184,4272.392892051745,0.1,150,5,0.1161111111111111,0.662772110180837,1.7331183955163023,0.0,0.9995969474788607,2.351107796029871e-08,0.8035714285714286
mtd_ai,200,0.005058067580607318,0.3879310344827586,4663.453024085007,0.15,150,5,0.1161111111111111,0.662772110180837,1.7331183955163023,0.0,0.9995969474788607,2.351107796029871e-08,0.8035714285714286
mtd_ai,200,0.005058067580607318,0.4166666666666667,5492.254949326758,0.2,150,5,0.1161111111111111,0.662772110180837,1.7331183955163023,0.0,0.9995969474788607,2.351107796029871e-08,0.8035714285714286
mtd_ai,200,0.005058067580607318,0.39473684210526316,7022.520157499865,0.25,150,5,0.1161111111111111,0.662772110180837,1.7331183955163023,0.0,0.9995969474788607,2.351107796029871e-08,0.8035714285714286
mtd_ai,200,0.005083478818435551,0.32608695652173914,2506.8454757868,0.05,150,5,0.17148148148148148,0.7657604196849814,0.8585009629114948,0.0,0.19054233353228528,7.311059473858399e-05,0.8421052631578947
mtd_ai,200,0.005083478818435551,0.42857142857142855,3346.7299832970675,0.1,150,5,0.17148148148148148,0.7657604196849814,0.8585009629114948,0.0,0.19054233353228528,7.311059473858399e-05,0.8421052631578947
mtd_ai,200,0.005083478818435551,0.4787234042553192,4042.7112232746067,0.15,150,5,0.17148148148148148,0.7657604196849814,0.8585009629114948,0.0,0.19054233353228528,7.311059473858399e-05,0.8421052631578947
mtd_ai,200,0.005083478818435551,0.5263157894736842,4396.235818031651,0.2,150,5,0.17148148148148148,0.7657604196849814,0.8585009629114948,0.0,0.19054233353228528,7.311059473858399e-05,0.8421052631578947
mtd_ai,200,0.005083478818435551,0.5681818181818182,4880.197938664325,0.25,150,5,0.17148148148148148,0.7657604196849814,0.8585009629114948,0.0,0.19054233353228528,7.311059473858399e-05,0.8421052631578947
mtd_ai,200,0.005080618005994505,0.3,2597.430734108312,0.05,150,5,0.11833333333333333,0.7138711764919101,3.1321773892981137,0.0,0.2934931922278041,5.07854855466963e-05,0.7391304347826086
mtd_ai,200,0.005080618005994505,0.4166666666666667,3106.565674719819,0.1,150,5,0.11833333333333333,0.7138711764919101,3.1321773892981137,0.0,0.2934931922278041,5.07854855466963e-05,0.7391304347826086
mtd_ai,200,0.005080618005994505,0.45,3798.1811491308117,0.15,150,5,0.11833333333333333,0.7138711764919101,3.1321773892981137,0.0,0.2934931922278041,5.07854855466963e-05,0.7391304347826086
mtd_ai,200,0.005080618005994505,0.46875,4840.706488070853,0.2,150,5,0.11833333333333333,0.7138711764919101,3.1321773892981137,0.0,0.2934931922278041,5.07854855466963e-05,0.7391304347826086
mtd_ai,200,0.005080618005994505,0.5136986301369864,5247.584534373172,0.25,150,5,0.11833333333333333,0.7138711764919101,3.1321773892981137,0.0,0.2934931922278041,5.07854855466963e-05,0.7391304347826086
mtd_ai,200,0.00508842499871684,0.3,2247.185916925031,0.05,150,5,0.12111111111111111,0.4275905045333456,1.2807808553633915,0.0,0.3443673653014255,8.112558070005906e-05,0.8048780487804879
mtd_ai,200,0.00508842499871684,0.35714285714285715,3399.822230604459,0.1,150,5,0.12111111111111111,0.4275905045333456,1.2807808553633915,0.0,0.3443673653014255,8.112558070005906e-05,0.8048780487804879
mtd_ai,200,0.00508842499871684,0.42452830188679247,3830.7812197804515,0.15,150,5,0.12111111111111111,0.4275905045333456,1.2807808553633915,0.0,0.3443673653014255,8.112558070005906e-05,0.8048780487804879
mtd_ai,200,0.00508842499871684,0.45454545454545453,4420.31909885874,0.2,150,5,0.12111111111111111,0.4275905045333456,1.2807808553633915,0.0,0.3443673653014255,8.112558070005906e-05,0.8048780487804879
mtd_ai,200,0.00508842499871684,0.4807692307692308,5013.869583848436,0.25,150,5,0.12111111111111111,0.4275905045333456,1.2807808553633915,0.0,0.3443673653014255,8.112558070005906e-05,0.8048780487804879
mtd_ai,200,0.005071145781464204,0.19736842105263158,3232.153435216085,0.05,150,5,0.11547619047619047,1.910718686170114,4.013368310042485,0.0,0.1987016279865214,6.282888197974452e-05,0.8
mtd_ai,200,0.005071145781464204,0.28846153846153844,4311.978069487234,0.1,150,5,0.11547619047619047,1.910718686170114,4.013368310042485,0.0,0.1987016279865214,6.282888197974452e-05,0.8
mtd_ai,200,0.005071145781464204,0.35714285714285715,5018.878606147298,0.15,150,5,0.11547619047619047,1.910718686170114,4.013368310042485,0.0,0.1987016279865214,6.282888197974452e-05,0.8
mtd_ai,200,0.005071145781464204,0.38961038961038963,5625.614263518409,0.2,150,5,0.11547619047619047,1.910718686170114,4.013368310042485,0.0,0.1987016279865214,6.282888197974452e-05,0.8
mtd_ai,200,0.005071145781464204,0.42134831460674155,6198.37744582826,0.25,150,5,0.11547619047619047,1.910718686170114,4.013368310042485,0.0,0.1987016279865214,6.282888197974452e-05,0.8
mtd_ai,200,0.005058918366848509,0.32608695652173914,2477.7855952377663,0.05,150,5,0.17044444444444445,0.9063236632618467,3.8540011972703905,0.0,0.00011888660665325754,2.3087448385090914e-08,0.803921568627451
mtd_ai,200,0.005058918366848509,0.38461538461538464,3302.0871040359757,0.1,150,5,0.17044444444444445,0.9063236632618467,3.8540011972703905,0.0,0.00011888660665325754,2.3087448385090914e-08,0.803921568627451
mtd_ai,200,0.005058918366848509,0.4090909090909091,4895.172828087101,0.15,150,5,0.17044444444444445,0.9063236632618467,3.8540011972703905,0.0,0.00011888660665325754,2.3087448385090914e-08,0.803921568627451
mtd_ai,200,0.005058918366848509,0.4411764705882353,5639.626114362331,0.2,150,5,0.17044444444444445,0.9063236632618467,3.8540011972703905,0.0,0.00011888660665325754,2.3087448385090914e-08,0.803921568627451
mtd_ai,200,0.005058918366848509,0.487012987012987,6270.888223413785,0.25,150,5,0.17044444444444445,0.9063236632618467,3.8540011972703905,0.0,0.00011888660665325754,2.3087448385090914e-08,0.803921568627451
mtd_ai,200,0.005059551642210745,0.3409090909090909,2044.299041077019,0.05,150,5,0.13,0.20415382828139692,0.8164761289112029,0.0,0.3052369914111756,7.215630247382307e-05,0.7627118644067796
mtd_ai,200,0.005059551642210745,0.39473684210526316,3514.651774032277,0.1,150,5,0.13,0.20415382828139692,0.8164761289112029,0.0,0.3052369914111756,7.215630247382307e-05,0.7627118644067796
mtd_ai,200,0.005059551642210745,0.36885245901639346,6192.729744361413,0.15,150,5,0.13,0.20415382828139692,0.8164761289112029,0.0,0.3052369914111756,7.215630247382307e-05,0.7627118644067796
mtd_ai,200,0.005059551642210745,0.410958904109589,6892.635000502434,0.2,150,5,0.13,0.20415382828139692,0.8164761289112029,0.0,0.3052369914111756,7.215630247382307e-05,0.7627118644067796
mtd_ai,200,0.005059551642210745,0.45180722891566266,7304.33001847685,0.25,150,5,0.13,0.20415382828139692,0.8164761289112029,0.0,0.3052369914111756,7.215630247382307e-05,0.7627118644067796
mtd_ai,200,0.00504664073623337,0.25862068965517243,2776.7611431973214,0.05,150,5,0.115,0.012930678311310458,0.04561980206736585,4.137931034482759,0.3956680472463142,7.565843673425263e-05,0.7777777777777778
mtd_ai,200,0.00504664073623337,0.3191489361702128,4395.087476939858,0.1,150,5,0.115,0.012930678311310458,0.04561980206736585,4.137931034482759,0.3956680472463142,7.565843673425263e-05,0.7777777777777778
mtd_ai,200,0.00504664073623337,0.39473684210526316,4831.030872719888,0.15,150,5,0.115,0.012930678311310458,0.04561980206736585,4.137931034482759,0.3956680472463142,7.565843673425263e-05,0.7777777777777778
mtd_ai,200,0.00504664073623337,0.45454545454545453,5259.349137798761,0.2,150,5,0.115,0.012930678311310458,0.04561980206736585,4.137931034482759,0.3956680472463142,7.565843673425263e-05,0.7777777777777778
mtd_ai,200,0.00504664073623337,0.5067567567567568,5538.505779268438,0.25,150,5,0.115,0.012930678311310458,0.04561980206736585,4.137931034482759,0.3956680472463142,7.565843673425263e-05,0.7777777777777778
mtd_ai,200,0.005065281260041492,0.24193548387096775,3283.254372698656,0.05,150,5,0.12238095238095238,0.988887560280231,3.7784103520037355,0.0,0.29273392169778495,7.702044386209755e-05,0.803921568627451
mtd_ai,200,0.005065281260041492,0.3333333333333333,4136.6068022666705,0.1,150,5,0.12238095238095238,0.988887560280231,3.7784103520037355,0.0,0.29273392169778495,7.702044386209755e-05,0.803921568627451
mtd_ai,200,0.005065281260041492,0.39473684210526316,4860.238889796262,0.15,150,5,0.12238095238095238,0.988887560280231,3.7784103520037355,0.0,0.29273392169778495,7.702044386209755e-05,0.803921568627451
mtd_ai,200,0.005065281260041492,0.42857142857142855,5603.436942443911,0.2,150,5,0.12238095238095238,0.988887560280231,3.7784103520037355,0.0,0.29273392169778495,7.702044386209755e-05,0.803921568627451
mtd_ai,200,0.005065281260041492,0.42613636363636365,6415.2113306467045,0.25,150,5,0.12238095238095238,0.988887560280231,3.7784103520037355,0.0,0.29273392169778495,7.702044386209755e-05,0.803921568627451
mtd_ai,200,0.005071399050540182,0.32608695652173914,1899.0420172419435,0.05,150,5,0.15388888888888888,0.9192306287335118,3.8101893436801477,0.0,0.3174660598732713,0.0005644869715807231,0.8888888888888888
mtd_ai,200,0.005071399050540182,0.3488372093023256,3466.3195270817996,0.1,150,5,0.15388888888888888,0.9192306287335118,3.8101893436801477,0.0,0.3174660598732713,0.0005644869715807231,0.8888888888888888
mtd_ai,200,0.005071399050540182,0.3358208955223881,4637.458131591822,0.15,150,5,0.15388888888888888,0.9192306287335118,3.8101893436801477,0.0,0.3174660598732713,0.0005644869715807231,0.8888888888888888
mtd_ai,200,0.005071399050540182,0.3614457831325301,6102.7448072440075,0.2,150,5,0.15388888888888888,0.9192306287335118,3.8101893436801477,0.0,0.3174660598732713,0.0005644869715807231,0.8888888888888888
mtd_ai,200,0.005071399050540182,0.4076086956521739,6441.682420611607,0.25,150,5,0.15388888888888888,0.9192306287335118,3.8101893436801477,0.0,0.3174660598732713,0.0005644869715807231,0.8888888888888888
mtd_ai,200,0.005035739020248456,0.22058823529411764,3280.9688822578455,0.05,150,5,0.10301587301587303,0.4129778745139361,1.4306987862275304,0.0,0.29286420555609033,0.0002824983106689509,0.7777777777777778
mtd_ai,200,0.005035739020248456,0.3,4150.597868768104,0.1,150,5,0.10301587301587303,0.4129778745139361,1.4306987862275304,0.0,0.29286420555609033,0.0002824983106689509,0.7777777777777778
mtd_ai,200,0.005035739020248456,0.3515625,4901.195876020376,0.15,150,5,0.10301587301587303,0.4129778745139361,1.4306987862275304,0.0,0.29286420555609033,0.0002824983106689509,0.7777777777777778
mtd_ai,200,0.005035739020248456,0.35294117647058826,5912.886649006616,0.2,150,5,0.10301587301587303,0.4129778745139361,1.4306987862275304,0.0,0.29286420555609033,0.0002824983106689509,0.7777777777777778
mtd_ai,200,0.005035739020248456,0.390625,6491.367059751183,0.25,150,5,0.10301587301587303,0.4129778745139361,1.4306987862275304,0.0,0.29286420555609033,0.0002824983106689509,0.7777777777777778
mtd_ai,200,0.005071295884237914,0.32608695652173914,2175.81497859054,0.05,150,5,0.12666666666666668,1.5272449509792907,4.934555838942923,0.0,0.3377559335967367,0.0005681659445095196,0.7659574468085106
mtd_ai,200,0.005071295884237914,0.39473684210526316,3171.599943679128,0.1,150,5,0.12666666666666668,1.5272449509792907,4.934555838942923,0.0,0.3377559335967367,0.0005681659445095196,0.7659574468085106
mtd_ai,200,0.005071295884237914,0.45,3719.697700431138,0.15,150,5,0.12666666666666668,1.5272449509792907,4.934555838942923,0.0,0.3377559335967367,0.0005681659445095196,0.7659574468085106
mtd_ai,200,0.005071295884237914,0.46153846153846156,4865.581106588255,0.2,150,5,0.12666666666666668,1.5272449509792907,4.934555838942923,0.0,0.3377559335967367,0.0005681659445095196,0.7659574468085106
mtd_ai,200,0.005071295884237914,0.4807692307692308,5537.461223455655,0.25,150,5,0.12666666666666668,1.5272449509792907,4.934555838942923,0.0,0.3377559335967367,0.0005681659445095196,0.7659574468085106
mtd_ai,200,0.005069344351297317,0.26785714285714285,3120.6404188794495,0.05,150,5,0.14285714285714285,0.2922506623639249,1.2563010567654407,0.0,0.19016446484853122,6.986141136155998e-05,0.7450980392156863
mtd_ai,200,0.005069344351297317,0.3488372093023256,4305.602985812499,0.1,150,5,0.14285714285714285,0.2922506623639249,1.2563010567654407,0.0,0.19016446484853122,6.986141136155998e-05,0.7450980392156863
mtd_ai,200,0.005069344351297317,0.4017857142857143,5051.189807500608,0.15,150,5,0.14285714285714285,0.2922506623639249,1.2563010567654407,0.0,0.19016446484853122,6.986141136155998e-05,0.7450980392156863
mtd_ai,200,0.005069344351297317,0.4411764705882353,5715.282759244632,0.2,150,5,0.14285714285714285,0.2922506623639249,1.2563010567654407,0.0,0.19016446484853122,6.986141136155998e-05,0.7450980392156863
mtd_ai,200,0.005069344351297317,0.487012987012987,6085.323674432175,0.25,150,5,0.14285714285714285,0.2922506623639249,1.2563010567654407,0.0,0.19016446484853122,6.986141136155998e-05,0.7450980392156863
mtd_ai,200,0.005103760342235012,0.28846153846153844,2633.319726384115,0.05,150,5,0.13,1.1354841493127077,3.5498268154691623,0.0,0.20819796883520658,0.00010055529720095767,0.7837837837837838
mtd_ai,200,0.005103760342235012,0.375,3515.3060832836545,0.1,150,5,0.13,1.1354841493127077,3.5498268154691623,0.0,0.20819796883520658,0.00010055529720095767,0.7837837837837838
mtd_ai,200,0.005103760342235012,0.46875,3825.0704713268187,0.15,150,5,0.13,1.1354841493127077,3.5498268154691623,0.0,0.20819796883520658,0.00010055529720095767,0.7837837837837838
mtd_ai,200,0.005103760342235012,0.5172413793103449,4270.8054564843105,0.2,150,5,0.13,1.1354841493127077,3.5498268154691623,0.0,0.20819796883520658,0.00010055529720095767,0.7837837837837838
mtd_ai,200,0.005103760342235012,0.5681818181818182,4593.962283183291,0.25,150,5,0.13,1.1354841493127077,3.5498268154691623,0.0,0.20819796883520658,0.00010055529720095767,0.7837837837837838
mtd_ai,200,0.005031908716584366,0.46875,1489.8353872367802,0.05,150,5,0.13333333333333333,0.6814289958671014,2.2956576077779713,5.037037037037037,0.3270017706476122,0.0005380210722458851,0.7454545454545455
mtd_ai,200,0.005031908716584366,0.375,3360.528982714947,0.1,150,5,0.13333333333333333,0.6814289958671014,2.2956576077779713,5.037037037037037,0.3270017706476122,0.0005380210722458851,0.7454545454545455
mtd_ai,200,0.005031908716584366,0.39473684210526316,4821.183923086595,0.15,150,5,0.13333333333333333,0.6814289958671014,2.2956576077779713,5.037037037037037,0.3270017706476122,0.0005380210722458851,0.7454545454545455
mtd_ai,200,0.005031908716584366,0.379746835443038,5789.753606639584,0.2,150,5,0.13333333333333333,0.6814289958671014,2.2956576077779713,5.037037037037037,0.3270017706476122,0.0005380210722458851,0.7454545454545455
mtd_ai,200,0.005031908716584366,0.39893617021276595,6351.701371894105,0.25,150,5,0.13333333333333333,0.6814289958671014,2.2956576077779713,5.037037037037037,0.3270017706476122,0.0005380210722458851,0.7454545454545455
mtd_ai,200,0.005028684682856813,0.3,3045.3531148972643,0.05,150,5,0.13599999999999998,0.37079120430379037,0.4955252241718419,0.0,8.166273481347762e-05,1.672538807123415e-07,0.875
mtd_ai,200,0.005028684682856813,0.36585365853658536,4248.070043941027,0.1,150,5,0.13599999999999998,0.37079120430379037,0.4955252241718419,0.0,8.166273481347762e-05,1.672538807123415e-07,0.875
mtd_ai,200,0.005028684682856813,0.3409090909090909,5556.543105509483,0.15,150,5,0.13599999999999998,0.37079120430379037,0.4955252241718419,0.0,8.166273481347762e-05,1.672538807123415e-07,0.875
mtd_ai,200,0.005028684682856813,0.375,6173.520315461556,0.2,150,5,0.13599999999999998,0.37079120430379037,0.4955252241718419,0.0,8.166273481347762e-05,1.672538807123415e-07,0.875
mtd_ai,200,0.005028684682856813,0.43103448275862066,6501.150137731656,0.25,150,5,0.13599999999999998,0.37079120430379037,0.4955252241718419,0.0,8.166273481347762e-05,1.672538807123415e-07,0.875
mtd_ai,200,0.005070245910244682,0.3409090909090909,2481.3856580230804,0.05,150,5,0.14983333333333335,0.15995257743349986,0.30084569508557774,0.0,0.3938350077949813,0.0002331822829682792,0.7872340425531915
mtd_ai,200,0.005070245910244682,0.375,3837.2871503268834,0.1,150,5,0.14983333333333335,0.15995257743349986,0.30084569508557774,0.0,0.3938350077949813,0.0002331822829682792,0.7872340425531915
mtd_ai,200,0.005070245910244682,0.4411764705882353,4453.9018191718005,0.15,150,5,0.14983333333333335,0.15995257743349986,0.30084569508557774,0.0,0.3938350077949813,0.0002331822829682792,0.7872340425531915
mtd_ai,200,0.005070245910244682,0.4838709677419355,4821.966916683978,0.2,150,5,0.14983333333333335,0.15995257743349986,0.30084569508557774,0.0,0.3938350077949813,0.0002331822829682792,0.7872340425531915
mtd_ai,200,0.005070245910244682,0.528169014084507,5551.688120339981,0.25,150,5,0.14983333333333335,0.15995257743349986,0.30084569508557774,0.0,0.3938350077949813,0.0002331822829682792,0.7872340425531915
mtd_ai,200,0.005070171883165287,0.375,1854.4096516224295,0.05,150,5,0.14,0.1844262175897993,0.4866031100879662,0.0,0.999635499579298,1.7365694820765863e-08,0.7954545454545454
mtd_ai,200,0.005070171883165287,0.39473684210526316,3433.563703183345,0.1,150,5,0.14,0.1844262175897993,0.4866031100879662,0.0,0.999635499579298,1.7365694820765863e-08,0.7954545454545454
mtd_ai,200,0.005070171883165287,0.4411764705882353,4276.341732030397,0.15,150,5,0.14,0.1844262175897993,0.4866031100879662,0.0,0.999635499579298,1.7365694820765863e-08,0.7954545454545454
mtd_ai,200,0.005070171883165287,0.4838709677419355,4661.7104126688555,0.2,150,5,0.14,0.1844262175897993,0.4866031100879662,0.0,0.999635499579298,1.7365694820765863e-08,0.7954545454545454
mtd_ai,200,0.005070171883165287,0.5,5487.147176886966,0.25,150,5,0.14,0.1844262175897993,0.4866031100879662,0.0,0.999635499579298,1.7365694820765863e-08,0.7954545454545454
mtd_ai,200,0.005063725137906078,0.2777777777777778,3118.1144622104457,0.05,150,5,0.12544444444444444,2.7756102789584847,3.53100962534715,0.0,0.2043388177814486,5.805779413779716e-05,0.9545454545454546
mtd_ai,200,0.005063725137906078,0.3488372093023256,4007.923698870218,0.1,150,5,0.12544444444444444,2.7756102789584847,3.53100962534715,0.0,0.2043388177814486,5.805779413779716e-05,0.9545454545454546
mtd_ai,200,0.005063725137906078,0.4090909090909091,4709.715706121947,0.15,150,5,0.12544444444444444,2.7756102789584847,3.53100962534715,0.0,0.2043388177814486,5.805779413779716e-05,0.9545454545454546
mtd_ai,200,0.005063725137906078,0.4411764705882353,5193.754846925765,0.2,150,5,0.12544444444444444,2.7756102789584847,3.53100962534715,0.0,0.2043388177814486,5.805779413779716e-05,0.9545454545454546
mtd_ai,200,0.005063725137906078,0.43103448275862066,6621.438113100698,0.25,150,5,0.12544444444444444,2.7756102789584847,3.53100962534715,0.0,0.2043388177814486,5.805779413779716e-05,0.9545454545454546
mtd_ai,200,0.005064975863905199,0.32608695652173914,2374.430378370599,0.05,150,5,0.12333333333333334,0.21795168613777016,0.7171936472879022,0.0,0.29787260423661743,6.122879683383975e-05,0.7924528301886793
mtd_ai,200,0.005064975863905199,0.35714285714285715,4374.566250490691,0.1,150,5,0.12333333333333334,0.21795168613777016,0.7171936472879022,0.0,0.29787260423661743,6.122879683383975e-05,0.7924528301886793
mtd_ai,200,0.005064975863905199,0.4166666666666667,4816.163897407936,0.15,150,5,0.12333333333333334,0.21795168613777016,0.7171936472879022,0.0,0.29787260423661743,6.122879683383975e-05,0.7924528301886793
mtd_ai,200,0.005064975863905199,0.4166666666666667,6070.183105123171,0.2,150,5,0.12333333333333334,0.21795168613777016,0.7171936472879022,0.0,0.29787260423661743,6.122879683383975e-05,0.7924528301886793
mtd_ai,200,0.005064975863905199,0.45180722891566266,6607.9556678152185,0.25,150,5,0.12333333333333334,0.21795168613777016,0.7171936472879022,0.0,0.29787260423661743,6.122879683383975e-05,0.7924528301886793
mtd_ai,200,0.005065323587011912,0.24193548387096775,2288.7266590234203,0.05,150,5,0.17222222222222225,0.9834409075097258,4.236753357082981,0.0,0.24044032342091348,0.0002544124272351478,0.7272727272727273
mtd_ai,200,0.005065323587011912,0.35714285714285715,3131.243549046071,0.1,150,5,0.17222222222222225,0.9834409075097258,4.236753357082981,0.0,0.24044032342091348,0.0002544124272351478,0.7272727272727273
mtd_ai,200,0.005065323587011912,0.4166666666666667,3710.027477392321,0.15,150,5,0.17222222222222225,0.9834409075097258,4.236753357082981,0.0,0.24044032342091348,0.0002544124272351478,0.7272727272727273
mtd_ai,200,0.005065323587011912,0.44776119402985076,4555.389921914797,0.2,150,5,0.17222222222222225,0.9834409075097258,4.236753357082981,0.0,0.24044032342091348,0.0002544124272351478,0.7272727272727273
mtd_ai,200,0.005065323587011912,0.41208791208791207,6252.120481782364,0.25,150,5,0.17222222222222225,0.9834409075097258,4.236753357082981,0.0,0.24044032342091348,0.0002544124272351478,0.7272727272727273
mtd_ai,200,0.005045494630410667,0.35714285714285715,1861.2198745473695,0.05,150,5,0.16611111111111113,0.3419694224872939,1.0380829862185712,0.0,0.20451916883355276,0.00020208382928386018,0.8636363636363636
mtd_ai,200,0.005045494630410667,0.3409090909090909,3508.99437981998,0.1,150,5,0.16611111111111113,0.3419694224872939,1.0380829862185712,0.0,0.20451916883355276,0.00020208382928386018,0.8636363636363636
mtd_ai,200,0.005045494630410667,0.39473684210526316,4522.506963804059,0.15,150,5,0.16611111111111113,0.3419694224872939,1.0380829862185712,0.0,0.20451916883355276,0.00020208382928386018,0.8636363636363636
mtd_ai,200,0.005045494630410667,0.4411764705882353,5083.994711739865,0.2,150,5,0.16611111111111113,0.3419694224872939,1.0380829862185712,0.0,0.20451916883355276,0.00020208382928386018,0.8636363636363636
mtd_ai,200,0.005045494630410667,0.46296296296296297,5893.899397547313,0.25,150,5,0.16611111111111113,0.3419694224872939,1.0380829862185712,0.0,0.20451916883355276,0.00020208382928386018,0.8636363636363636
mtd_ai,200,0.005060003304780257,0.3,2803.060552651008,0.05,150,5,0.15,1.080943133147028,3.5073816696642854,0.0,0.37903778371941227,8.615112528552815e-05,0.7166666666666667
mtd_ai,200,0.005060003304780257,0.3409090909090909,4409.861713647897,0.1,150,5,0.15,1.080943133147028,3.5073816696642854,0.0,0.37903778371941227,8.615112528552815e-05,0.7166666666666667
mtd_ai,200,0.005060003304780257,0.375,5409.809192730345,0.15,150,5,0.15,1.080943133147028,3.5073816696642854,0.0,0.37903778371941227,8.615112528552815e-05,0.7166666666666667
mtd_ai,200,0.005060003304780257,0.4166666666666667,6260.031051918626,0.2,150,5,0.15,1.080943133147028,3.5073816696642854,0.0,0.37903778371941227,8.615112528552815e-05,0.7166666666666667
mtd_ai,200,0.005060003304780257,0.44642857142857145,6742.300998667239,0.25,150,5,0.15,1.080943133147028,3.5073816696642854,0.0,0.37903778371941227,8.615112528552815e-05,0.7166666666666667
mtd_ai,200,0.005085353256136902,0.24193548387096775,3288.082442613664,0.05,150,5,0.125,4.91799574408102,7.056647261617226,0.0,0.26290751874290147,0.00010679877585658134,0.723404255319149
mtd_ai,200,0.005085353256136902,0.35714285714285715,4039.7347473335894,0.1,150,5,0.125,4.91799574408102,7.056647261617226,0.0,0.26290751874290147,0.00010679877585658134,0.723404255319149
mtd_ai,200,0.005085353256136902,0.45918367346938777,4467.036597388847,0.15,150,5,0.125,4.91799574408102,7.056647261617226,0.0,0.26290751874290147,0.00010679877585658134,0.723404255319149
mtd_ai,200,0.005085353256136902,0.5,5104.643794059293,0.2,150,5,0.125,4.91799574408102,7.056647261617226,0.0,0.26290751874290147,0.00010679877585658134,0.723404255319149
mtd_ai,200,0.005085353256136902,0.5597014925373134,5432.919460101862,0.25,150,5,0.125,4.91799574408102,7.056647261617226,0.0,0.26290751874290147,0.00010679877585658134,0.723404255319149
mtd_ai,200,0.005056175253981536,0.28846153846153844,2393.007407460252,0.05,150,5,0.0961111111111111,0.8038121928976683,2.526026528022034,0.0,0.2920494822681294,0.0006735656440231207,0.8727272727272727
mtd_ai,200,0.005056175253981536,0.3125,4769.694346549383,0.1,150,5,0.0961111111111111,0.8038121928976683,2.526026528022034,0.0,0.2920494822681294,0.0006735656440231207,0.8727272727272727
mtd_ai,200,0.005056175253981536,0.3629032258064516,5822.189153935058,0.15,150,5,0.0961111111111111,0.8038121928976683,2.526026528022034,0.0,0.2920494822681294,0.0006735656440231207,0.8727272727272727
mtd_ai,200,0.005056175253981536,0.4,6417.994836644282,0.2,150,5,0.0961111111111111,0.8038121928976683,2.526026528022034,0.0,0.2920494822681294,0.0006735656440231207,0.8727272727272727
mtd_ai,200,0.005056175253981536,0.4166666666666667,7602.994157636634,0.25,150,5,0.0961111111111111,0.8038121928976683,2.526026528022034,0.0,0.2920494822681294,0.0006735656440231207,0.8727272727272727
mtd_ai,200,0.005078262195981968,0.3125,2278.0026017667124,0.05,150,5,0.13666666666666666,0.007313929146445677,0.013746614450467586,0.0,0.37690745423032607,7.402910564280264e-05,0.8181818181818182
mtd_ai,200,0.005078262195981968,0.38461538461538464,3358.8389147850244,0.1,150,5,0.13666666666666666,0.007313929146445677,0.013746614450467586,0.0,0.37690745423032607,7.402910564280264e-05,0.8181818181818182
mtd_ai,200,0.005078262195981968,0.45,4398.193019048418,0.15,150,5,0.13666666666666666,0.007313929146445677,0.013746614450467586,0.0,0.37690745423032607,7.402910564280264e-05,0.8181818181818182
mtd_ai,200,0.005078262195981968,0.4918032786885246,4867.528241714042,0.2,150,5,0.13666666666666666,0.007313929146445677,0.013746614450467586,0.0,0.37690745423032607,7.402910564280264e-05,0.8181818181818182
mtd_ai,200,0.005078262195981968,0.5067567567567568,5657.4086286234415,0.25,150,5,0.13666666666666666,0.007313929146445677,0.013746614450467586,0.0,0.37690745423032607,7.402910564280264e-05,0.8181818181818182
mtd_ai,200,0.0050617240785965556,0.375,1991.319662347466,0.05,150,5,0.14555555555555555,0.22830023621449894,0.8503892833698762,0.0,0.18529867123311977,4.287128355998916e-05,0.851063829787234
mtd_ai,200,0.0050617240785965556,0.4411764705882353,2987.75561869352,0.1,150,5,0.14555555555555555,0.22830023621449894,0.8503892833698762,0.0,0.18529867123311977,4.287128355998916e-05,0.851063829787234
mtd_ai,200,0.0050617240785965556,0.4787234042553192,3943.815334897838,0.15,150,5,0.14555555555555555,0.22830023621449894,0.8503892833698762,0.0,0.18529867123311977,4.287128355998916e-05,0.851063829787234
mtd_ai,200,0.0050617240785965556,0.4918032786885246,4762.401167981312,0.2,150,5,0.14555555555555555,0.22830023621449894,0.8503892833698762,0.0,0.18529867123311977,4.287128355998916e-05,0.851063829787234
mtd_ai,200,0.0050617240785965556,0.46875,6129.65063048804,0.25,150,5,0.14555555555555555,0.22830023621449894,0.8503892833698762,0.0,0.18529867123311977,4.287128355998916e-05,0.851063829787234
mtd_ai,200,0.0050541722517717345,0.32608695652173914,2621.558323166163,0.05,150,5,0.12777777777777777,0.7333673288936333,2.1665649913440665,0.0,0.20164740376418966,0.0005452050994765514,0.7619047619047619
mtd_ai,200,0.0050541722517717345,0.2777777777777778,6450.432400131582,0.1,150,5,0.12777777777777777,0.7333673288936333,2.1665649913440665,0.0,0.20164740376418966,0.0005452050994765514,0.7619047619047619
mtd_ai,200,0.0050541722517717345,0.35714285714285715,6758.461589163891,0.15,150,5,0.12777777777777777,0.7333673288936333,2.1665649913440665,0.0,0.20164740376418966,0.0005452050994765514,0.7619047619047619
mtd_ai,200,0.0050541722517717345,0.410958904109589,7157.70397508576,0.2,150,5,0.12777777777777777,0.7333673288936333,2.1665649913440665,0.0,0.20164740376418966,0.0005452050994765514,0.7619047619047619
mtd_ai,200,0.0050541722517717345,0.43103448275862066,7789.939168420429,0.25,150,5,0.12777777777777777,0.7333673288936333,2.1665649913440665,0.0,0.20164740376418966,0.0005452050994765514,0.7619047619047619
mtd_ai,200,0.00503076340384612,0.3,2180.397569606618,0.05,150,5,0.13157142857142856,0.21249295252404607,0.9425833598445432,0.0,0.3476100812513574,9.717112237795524e-05,0.7941176470588235
mtd_ai,200,0.00503076340384612,0.32608695652173914,4322.7312016990445,0.1,150,5,0.13157142857142856,0.21249295252404607,0.9425833598445432,0.0,0.3476100812513574,9.717112237795524e-05,0.7941176470588235
mtd_ai,200,0.00503076340384612,0.3409090909090909,6497.308110396061,0.15,150,5,0.13157142857142856,0.21249295252404607,0.9425833598445432,0.0,0.3476100812513574,9.717112237795524e-05,0.7941176470588235
mtd_ai,200,0.00503076340384612,0.3409090909090909,8290.491447983706,0.2,150,5,0.13157142857142856,0.21249295252404607,0.9425833598445432,0.0,0.3476100812513574,9.717112237795524e-05,0.7941176470588235
mtd_ai,200,0.00503076340384612,0.3826530612244898,8743.295779723558,0.25,150,5,0.13157142857142856,0.21249295252404607,0.9425833598445432,0.0,0.3476100812513574,9.717112237795524e-05,0.7941176470588235
mtd_ai,200,0.005076490057176985,0.375,1983.1422198788614,0.05,150,5,0.2194074074074074,0.044219942438622234,0.16122253321827285,0.0,0.33288750090679914,4.7695486977897965e-05,0.8
mtd_ai,200,0.005076490057176985,0.39473684210526316,3050.200942976829,0.1,150,5,0.2194074074074074,0.044219942438622234,0.16122253321827285,0.0,0.33288750090679914,4.7695486977897965e-05,0.8
mtd_ai,200,0.005076490057176985,0.5,3285.2666754316483,0.15,150,5,0.2194074074074074,0.044219942438622234,0.16122253321827285,0.0,0.33288750090679914,4.7695486977897965e-05,0.8
mtd_ai,200,0.005076490057176985,0.5172413793103449,4085.8469142805393,0.2,150,5,0.2194074074074074,0.044219942438622234,0.16122253321827285,0.0,0.33288750090679914,4.7695486977897965e-05,0.8
mtd_ai,200,0.005076490057176985,0.5357142857142857,4914.32619005308,0.25,150,5,0.2194074074074074,0.044219942438622234,0.16122253321827285,0.0,0.33288750090679914,4.7695486977897965e-05,0.8
mtd_ai,200,0.005073384441894706,0.32608695652173914,1691.119551778047,0.05,150,5,0.10377777777777777,2.021299585828371,0.5969847583127439,0.0,0.2765358841185497,0.00027185025423772925,0.8085106382978723
mtd_ai,200,0.005073384441894706,0.38461538461538464,3232.7276674448867,0.1,150,5,0.10377777777777777,2.021299585828371,0.5969847583127439,0.0,0.2765358841185497,0.00027185025423772925,0.8085106382978723
mtd_ai,200,0.005073384441894706,0.42452830188679247,4138.446126325938,0.15,150,5,0.10377777777777777,2.021299585828371,0.5969847583127439,0.0,0.2765358841185497,0.00027185025423772925,0.8085106382978723
mtd_ai,200,0.005073384441894706,0.44776119402985076,5099.259476808302,0.2,150,5,0.10377777777777777,2.021299585828371,0.5969847583127439,0.0,0.2765358841185497,0.00027185025423772925,0.8085106382978723
mtd_ai,200,0.005073384441894706,0.4807692307692308,5967.1577578698,0.25,150,5,0.10377777777777777,2.021299585828371,0.5969847583127439,0.0,0.2765358841185497,0.00027185025423772925,0.8085106382978723
mtd_ai,200,0.005067835326375901,0.375,2307.2608799793416,0.05,150,5,0.15333333333333332,0.03295639674070814,0.11610565244819786,0.0,0.05816551252762103,2.403051095249172e-05,0.7169811320754716
mtd_ai,200,0.005067835326375901,0.45454545454545453,3118.5674546159544,0.1,150,5,0.15333333333333332,0.03295639674070814,0.11610565244819786,0.0,0.05816551252762103,2.403051095249172e-05,0.7169811320754716
mtd_ai,200,0.005067835326375901,0.4891304347826087,3720.67499386888,0.15,150,5,0.15333333333333332,0.03295639674070814,0.11610565244819786,0.0,0.05816551252762103,2.403051095249172e-05,0.7169811320754716
mtd_ai,200,0.005067835326375901,0.46875,4909.947949067082,0.2,150,5,0.15333333333333332,0.03295639674070814,0.11610565244819786,0.0,0.05816551252762103,2.403051095249172e-05,0.7169811320754716
mtd_ai,200,0.005067835326375901,0.47468354430379744,5751.630992706874,0.25,150,5,0.15333333333333332,0.03295639674070814,0.11610565244819786,0.0,0.05816551252762103,2.403051095249172e-05,0.7169811320754716
3,0.8888888888888888
mtd_ai,200,0.00504206247795488,0.375,2314.081269933165,0.05,150,5,0.08444444444444445,0.8169020968710736,2.8072858222853787,0.0,0.18954833820007236,6.019691634282319e-05,0.7547169811320755
mtd_ai,200,0.00504206247795488,0.3409090909090909,4766.891193613339,0.1,150,5,0.08444444444444445,0.8169020968710736,2.8072858222853787,0.0,0.18954833820007236,6.019691634282319e-05,0.7547169811320755
mtd_ai,200,0.00504206247795488,0.42452830188679247,5488.428367473698,0.15,150,5,0.08444444444444445,0.8169020968710736,2.8072858222853787,0.0,0.18954833820007236,6.019691634282319e-05,0.7547169811320755
mtd_ai,200,0.00504206247795488,0.47619047619047616,6127.246208523564,0.2,150,5,0.08444444444444445,0.8169020968710736,2.8072858222853787,0.0,0.18954833820007236,6.019691634282319e-05,0.7547169811320755
mtd_ai,200,0.00504206247795488,0.5357142857142857,6424.842139217356,0.25,150,5,0.08444444444444445,0.8169020968710736,2.8072858222853787,0.0,0.18954833820007236,6.019691634282319e-05,0.7547169811320755
mtd_ai,200,0.005046921013175216,0.26785714285714285,2692.6259947963454,0.05,150,5,0.12833333333333335,0.9575168318143792,2.993268071600388,0.0,0.3595169439563727,7.610877442796895e-05,0.8372093023255814
mtd_ai,200,0.005046921013175216,0.3409090909090909,3847.734006817069,0.1,150,5,0.12833333333333335,0.9575168318143792,2.993268071600388,0.0,0.3595169439563727,7.610877442796895e-05,0.8372093023255814
mtd_ai,200,0.005046921013175216,0.4017857142857143,4733.3764482239985,0.15,150,5,0.12833333333333335,0.9575168318143792,2.993268071600388,0.0,0.3595169439563727,7.610877442796895e-05,0.8372093023255814
mtd_ai,200,0.005046921013175216,0.44776119402985076,5153.322151634616,0.2,150,5,0.12833333333333335,0.9575168318143792,2.993268071600388,0.0,0.3595169439563727,7.610877442796895e-05,0.8372093023255814
mtd_ai,200,0.005046921013175216,0.47468354430379744,5605.144101597203,0.25,150,5,0.12833333333333335,0.9575168318143792,2.993268071600388,0.0,0.3595169439563727,7.610877442796895e-05,0.8372093023255814
mtd_ai,200,0.005048604025837294,0.35714285714285715,1736.4362228909724,0.05,150,5,0.09333333333333334,0.3536320242001328,0.4463581792524045,0.0,0.20629226348812432,0.00010506707687188459,0.7254901960784313
mtd_ai,200,0.005048604025837294,0.3488372093023256,3362.8906388110954,0.1,150,5,0.09333333333333334,0.3536320242001328,0.4463581792524045,0.0,0.20629226348812432,0.00010506707687188459,0.7254901960784313
mtd_ai,200,0.005048604025837294,0.3813559322033898,4712.648825044538,0.15,150,5,0.09333333333333334,0.3536320242001328,0.4463581792524045,0.0,0.20629226348812432,0.00010506707687188459,0.7254901960784313
mtd_ai,200,0.005048604025837294,0.4166666666666667,5410.8744224345555,0.2,150,5,0.09333333333333334,0.3536320242001328,0.4463581792524045,0.0,0.20629226348812432,0.00010506707687188459,0.7254901960784313
mtd_ai,200,0.005048604025837294,0.4573170731707317,5734.949484339805,0.25,150,5,0.09333333333333334,0.3536320242001328,0.4463581792524045,0.0,0.20629226348812432,0.00010506707687188459,0.7254901960784313
mtd_ai,200,0.005042116669449434,0.46875,1357.47960642896,0.05,150,5,0.13866666666666666,0.1716676003126149,0.6190141738014657,0.0,0.17438682810251432,0.0005787335573643563,0.8372093023255814
mtd_ai,200,0.005042116669449434,0.375,4098.353568830355,0.1,150,5,0.13866666666666666,0.1716676003126149,0.6190141738014657,0.0,0.17438682810251432,0.0005787335573643563,0.8372093023255814
mtd_ai,200,0.005042116669449434,0.45,4726.701407028295,0.15,150,5,0.13866666666666666,0.1716676003126149,0.6190141738014657,0.0,0.17438682810251432,0.0005787335573643563,0.8372093023255814
mtd_ai,200,0.005042116669449434,0.4918032786885246,5188.94449263559,0.2,150,5,0.13866666666666666,0.1716676003126149,0.6190141738014657,0.0,0.17438682810251432,0.0005787335573643563,0.8372093023255814
mtd_ai,200,0.005042116669449434,0.528169014084507,5792.495752662508,0.25,150,5,0.13866666666666666,0.1716676003126149,0.6190141738014657,0.0,0.17438682810251432,0.0005787335573643563,0.8372093023255814
mtd_ai,200,0.00505459255448752,0.3409090909090909,2200.7437359347773,0.05,150,5,0.18333333333333332,0.7859417708335458,3.163709524490883,0.0,0.07195745566328647,3.2885898355901294e-05,0.68
mtd_ai,200,0.00505459255448752,0.40540540540540543,3272.4048258589924,0.1,150,5,0.18333333333333332,0.7859417708335458,3.163709524490883,0.0,0.07195745566328647,3.2885898355901294e-05,0.68
mtd_ai,200,0.00505459255448752,0.4891304347826087,3657.515791715678,0.15,150,5,0.18333333333333332,0.7859417708335458,3.163709524490883,0.0,0.07195745566328647,3.2885898355901294e-05,0.68
mtd_ai,200,0.00505459255448752,0.5,4642.151180968034,0.2,150,5,0.18333333333333332,0.7859417708335458,3.163709524490883,0.0,0.07195745566328647,3.2885898355901294e-05,0.68
mtd_ai,200,0.00505459255448752,0.5357142857142857,5366.850885830563,0.25,150,5,0.18333333333333332,0.7859417708335458,3.163709524490883,0.0,0.07195745566328647,3.2885898355901294e-05,0.68
mtd_ai,200,0.005053066036063466,0.20270270270270271,3586.87761550549,0.05,150,5,0.12515873015873016,1.2287169874034096,3.558454393864038,0.0,0.2951295451807007,0.00041339402697762123,0.8275862068965517
mtd_ai,200,0.005053066036063466,0.2459016393442623,4734.438527342335,0.1,150,5,0.12515873015873016,1.2287169874034096,3.558454393864038,0.0,0.2951295451807007,0.00041339402697762123,0.8275862068965517
mtd_ai,200,0.005053066036063466,0.3,5633.806411018307,0.15,150,5,0.12515873015873016,1.2287169874034096,3.558454393864038,0.0,0.2951295451807007,0.00041339402697762123,0.8275862068965517
mtd_ai,200,0.005053066036063466,0.32967032967032966,7075.39374383601,0.2,150,5,0.12515873015873016,1.2287169874034096,3.558454393864038,0.0,0.2951295451807007,0.00041339402697762123,0.8275862068965517
mtd_ai,200,0.005053066036063466,0.3640776699029126,7590.464770037568,0.25,150,5,0.12515873015873016,1.2287169874034096,3.558454393864038,0.0,0.2951295451807007,0.00041339402697762123,0.8275862068965517
mtd_ai,200,0.005052259190658118,0.3,1730.4934334637064,0.05,150,5,0.16444444444444445,0.936099395966138,3.2981588725553297,0.0,0.2434536607786612,5.7720467581336005e-05,0.8333333333333334
mtd_ai,200,0.005052259190658118,0.38461538461538464,2696.8558380924283,0.1,150,5,0.16444444444444445,0.936099395966138,3.2981588725553297,0.0,0.2434536607786612,5.7720467581336005e-05,0.8333333333333334
mtd_ai,200,0.005052259190658118,0.4166666666666667,3868.5121494210753,0.15,150,5,0.16444444444444445,0.936099395966138,3.2981588725553297,0.0,0.2434536607786612,5.7720467581336005e-05,0.8333333333333334
mtd_ai,200,0.005052259190658118,0.46153846153846156,4475.1475823700475,0.2,150,5,0.16444444444444445,0.936099395966138,3.2981588725553297,0.0,0.2434536607786612,5.7720467581336005e-05,0.8333333333333334
mtd_ai,200,0.005052259190658118,0.487012987012987,5448.018477234863,0.25,150,5,0.16444444444444445,0.936099395966138,3.2981588725553297,0.0,0.2434536607786612,5.7720467581336005e-05,0.8333333333333334
mtd_ai,200,0.005032419662707939,0.1875,3311.570684720555,0.05,150,5,0.09090909090909091,0.6416451485806183,2.3421505812672088,0.0,0.4593580195614268,0.00018894682835403825,0.68
mtd_ai,200,0.005032419662707939,0.2727272727272727,4456.010269734672,0.1,150,5,0.09090909090909091,0.6416451485806183,2.3421505812672088,0.0,0.4593580195614268,0.00018894682835403825,0.68
mtd_ai,200,0.005032419662707939,0.31690140845070425,5112.44225861,0.15,150,5,0.09090909090909091,0.6416451485806183,2.3421505812672088,0.0,0.4593580195614268,0.00018894682835403825,0.68
mtd_ai,200,0.005032419662707939,0.32967032967032966,6972.472653615463,0.2,150,5,0.09090909090909091,0.6416451485806183,2.3421505812672088,0.0,0.4593580195614268,0.00018894682835403825,0.68
mtd_ai,200,0.005032419662707939,0.3472222222222222,8314.456323430877,0.25,150,5,0.09090909090909091,0.6416451485806183,2.3421505812672088,0.0,0.4593580195614268,0.00018894682835403825,0.68
mtd_ai,200,0.005078905250092021,0.5,1102.8858889600738,0.05,150,5,0.1448888888888889,1.9564564386797616,5.600118819299436,0.0,0.3389466195606579,0.00021237322741259003,0.868421052631579
mtd_ai,200,0.005078905250092021,0.4838709677419355,2606.369632082121,0.1,150,5,0.1448888888888889,1.9564564386797616,5.600118819299436,0.0,0.3389466195606579,0.00021237322741259003,0.868421052631579
mtd_ai,200,0.005078905250092021,0.4891304347826087,3433.2962593884895,0.15,150,5,0.1448888888888889,1.9564564386797616,5.600118819299436,0.0,0.3389466195606579,0.00021237322741259003,0.868421052631579
mtd_ai,200,0.005078905250092021,0.47619047619047616,4507.757859847372,0.2,150,5,0.1448888888888889,1.9564564386797616,5.600118819299436,0.0,0.3389466195606579,0.00021237322741259003,0.868421052631579
mtd_ai,200,0.005078905250092021,0.5,5096.435503488078,0.25,150,5,0.1448888888888889,1.9564564386797616,5.600118819299436,0.0,0.3389466195606579,0.00021237322741259003,0.868421052631579
700445,0.00022266370983292161,0.7333333333333333
mtd_ai,200,0.005056992306087955,0.4411764705882353,1913.31070076896,0.05,150,5,0.050222222222222224,1.0486632735856862,2.6430893074587707,0.0,0.2874111534949913,9.573576743338814e-05,0.86
mtd_ai,200,0.005056992306087955,0.42857142857142855,3230.2537638099,0.1,150,5,0.050222222222222224,1.0486632735856862,2.6430893074587707,0.0,0.2874111534949913,9.573576743338814e-05,0.86
mtd_ai,200,0.005056992306087955,0.4411764705882353,4703.059601963729,0.15,150,5,0.050222222222222224,1.0486632735856862,2.6430893074587707,0.0,0.2874111534949913,9.573576743338814e-05,0.86
mtd_ai,200,0.005056992306087955,0.46153846153846156,5328.383363503726,0.2,150,5,0.050222222222222224,1.0486632735856862,2.6430893074587707,0.0,0.2874111534949913,9.573576743338814e-05,0.86
mtd_ai,200,0.005056992306087955,0.45180722891566266,6895.505374340064,0.25,150,5,0.050222222222222224,1.0486632735856862,2.6430893074587707,0.0,0.2874111534949913,9.573576743338814e-05,0.86
mtd_ai,200,0.005030607542077943,0.3125,2951.901587957104,0.05,150,5,0.18033333333333337,1.3402188996130497,4.053165303712022,0.0,0.2363038447633491,0.00011301293938218878,0.7619047619047619
mtd_ai,200,0.005030607542077943,0.40540540540540543,3726.57009373622,0.1,150,5,0.18033333333333337,1.3402188996130497,4.053165303712022,0.0,0.2363038447633491,0.00011301293938218878,0.7619047619047619
mtd_ai,200,0.005030607542077943,0.45,4434.852952177776,0.15,150,5,0.18033333333333337,1.3402188996130497,4.053165303712022,0.0,0.2363038447633491,0.00011301293938218878,0.7619047619047619
mtd_ai,200,0.005030607542077943,0.2803738317757009,6629.138600721071,0.2,150,5,0.18033333333333337,1.3402188996130497,4.053165303712022,0.0,0.2363038447633491,0.00011301293938218878,0.7619047619047619
mtd_ai,200,0.005030607542077943,0.31512605042016806,7444.520104366269,0.25,150,5,0.18033333333333337,1.3402188996130497,4.053165303712022,0.0,0.2363038447633491,0.00011301293938218878,0.7619047619047619
mtd_ai,200,0.00504071284956189,0.234375,3579.5087401347773,0.05,150,5,0.11555555555555558,1.596232556648895,5.074552660478266,0.0,0.2673969188950305,0.0001074611679208313,0.8636363636363636
mtd_ai,200,0.00504071284956189,0.3488372093023256,4153.237678363526,0.1,150,5,0.11555555555555558,1.596232556648895,5.074552660478266,0.0,0.2673969188950305,0.0001074611679208313,0.8636363636363636
mtd_ai,200,0.00504071284956189,0.4090909090909091,4972.177885505454,0.15,150,5,0.11555555555555558,1.596232556648895,5.074552660478266,0.0,0.2673969188950305,0.0001074611679208313,0.8636363636363636
mtd_ai,200,0.00504071284956189,0.44776119402985076,5625.606305736663,0.2,150,5,0.11555555555555558,1.596232556648895,5.074552660478266,0.0,0.2673969188950305,0.0001074611679208313,0.8636363636363636
mtd_ai,200,0.00504071284956189,0.4807692307692308,6008.109605561467,0.25,150,5,0.11555555555555558,1.596232556648895,5.074552660478266,0.0,0.2673969188950305,0.0001074611679208313,0.8636363636363636
mtd_ai,200,0.0050659072999771565,0.22727272727272727,2306.7027848515363,0.05,150,5,0.19733333333333333,0.6055879324033739,2.6358380106551027,0.0,0.2781483204096187,0.00016027079214916601,0.78
mtd_ai,200,0.0050659072999771565,0.26785714285714285,3466.1466988969833,0.1,150,5,0.19733333333333333,0.6055879324033739,2.6358380106551027,0.0,0.2781483204096187,0.00016027079214916601,0.78
mtd_ai,200,0.0050659072999771565,0.3358208955223881,4095.277708836814,0.15,150,5,0.19733333333333333,0.6055879324033739,2.6358380106551027,0.0,0.2781483204096187,0.00016027079214916601,0.78
mtd_ai,200,0.0050659072999771565,0.3488372093023256,5363.255653351082,0.2,150,5,0.19733333333333333,0.6055879324033739,2.6358380106551027,0.0,0.2781483204096187,0.00016027079214916601,0.78
mtd_ai,200,0.0050659072999771565,0.36764705882352944,6119.0032415848655,0.25,150,5,0.19733333333333333,0.6055879324033739,2.6358380106551027,0.0,0.2781483204096187,0.00016027079214916601,0.78
mtd_ai,200,0.005067868625776447,0.28846153846153844,3090.460770340047,0.05,150,5,0.10733333333333334,1.4831387220855883,4.871852066268005,0.0,0.361672583912534,0.00012584999506065386,0.7735849056603774
mtd_ai,200,0.005067868625776447,0.36585365853658536,3840.8461311303317,0.1,150,5,0.10733333333333334,1.4831387220855883,4.871852066268005,0.0,0.361672583912534,0.00012584999506065386,0.7735849056603774
mtd_ai,200,0.005067868625776447,0.4090909090909091,4404.702797204935,0.15,150,5,0.10733333333333334,1.4831387220855883,4.871852066268005,0.0,0.361672583912534,0.00012584999506065386,0.7735849056603774
mtd_ai,200,0.005067868625776447,0.40540540540540543,5589.13891278582,0.2,150,5,0.10733333333333334,1.4831387220855883,4.871852066268005,0.0,0.361672583912534,0.00012584999506065386,0.7735849056603774
mtd_ai,200,0.005067868625776447,0.42134831460674155,6507.303311211894,0.25,150,5,0.10733333333333334,1.4831387220855883,4.871852066268005,0.0,0.361672583912534,0.00012584999506065386,0.7735849056603774
mtd_ai,200,0.0050861985608682036,0.26785714285714285,2930.130978770364,0.05,150,5,0.1680952380952381,0.3439939591134212,1.0903307049846127,0.0,0.34315852737652647,0.00015084439196980608,0.775
mtd_ai,200,0.0050861985608682036,0.35714285714285715,3765.833391275404,0.1,150,5,0.1680952380952381,0.3439939591134212,1.0903307049846127,0.0,0.34315852737652647,0.00015084439196980608,0.775
mtd_ai,200,0.0050861985608682036,0.4411764705882353,4113.836025366723,0.15,150,5,0.1680952380952381,0.3439939591134212,1.0903307049846127,0.0,0.34315852737652647,0.00015084439196980608,0.775
mtd_ai,200,0.0050861985608682036,0.46875,4769.103475385322,0.2,150,5,0.1680952380952381,0.3439939591134212,1.0903307049846127,0.0,0.34315852737652647,0.00015084439196980608,0.775
mtd_ai,200,0.0050861985608682036,0.5208333333333334,5046.102436385664,0.25,150,5,0.1680952380952381,0.3439939591134212,1.0903307049846127,0.0,0.34315852737652647,0.00015084439196980608,0.775
mtd_ai,200,0.005062700654822321,0.4166666666666667,1779.0137743909704,0.05,150,5,0.13844444444444443,0.637110013832474,1.2015246120821739,0.0,0.30447273154090576,0.00018078442078203492,0.8611111111111112
mtd_ai,200,0.005062700654822321,0.4411764705882353,3083.726110711948,0.1,150,5,0.13844444444444443,0.637110013832474,1.2015246120821739,0.0,0.30447273154090576,0.00018078442078203492,0.8611111111111112
mtd_ai,200,0.005062700654822321,0.5113636363636364,3578.076480123846,0.15,150,5,0.13844444444444443,0.637110013832474,1.2015246120821739,0.0,0.30447273154090576,0.00018078442078203492,0.8611111111111112
mtd_ai,200,0.005062700654822321,0.5084745762711864,4184.259225967775,0.2,150,5,0.13844444444444443,0.637110013832474,1.2015246120821739,0.0,0.30447273154090576,0.00018078442078203492,0.8611111111111112
mtd_ai,200,0.005062700654822321,0.5434782608695652,4822.605622253919,0.25,150,5,0.13844444444444443,0.637110013832474,1.2015246120821739,0.0,0.30447273154090576,0.00018078442078203492,0.8611111111111112
mtd_ai,200,0.0050839368739900165,0.35714285714285715,1873.380181241897,0.05,150,5,0.13555555555555554,0.8337644132223597,2.6685038754552046,0.0,0.05776943126164578,2.716557725999591e-05,0.7608695652173914
mtd_ai,200,0.0050839368739900165,0.4166666666666667,2917.631570784173,0.1,150,5,0.13555555555555554,0.8337644132223597,2.6685038754552046,0.0,0.05776943126164578,2.716557725999591e-05,0.7608695652173914
mtd_ai,200,0.0050839368739900165,0.46875,3689.7133540317004,0.15,150,5,0.13555555555555554,0.8337644132223597,2.6685038754552046,0.0,0.05776943126164578,2.716557725999591e-05,0.7608695652173914
mtd_ai,200,0.0050839368739900165,0.47619047619047616,4592.626200953601,0.2,150,5,0.13555555555555554,0.8337644132223597,2.6685038754552046,0.0,0.05776943126164578,2.716557725999591e-05,0.7608695652173914
mtd_ai,200,0.0050839368739900165,0.5067567567567568,5242.173476644086,0.25,150,5,0.13555555555555554,0.8337644132223597,2.6685038754552046,0.0,0.05776943126164578,2.716557725999591e-05,0.7608695652173914
mtd_ai,200,0.005060760234028291,0.21428571428571427,3965.8379572014355,0.05,150,5,0.15377777777777776,0.9466832920380117,2.74910955096772,0.0,0.04579932174817847,1.9488429024046148e-05,0.7678571428571429
mtd_ai,200,0.005060760234028291,0.30612244897959184,4720.356490063767,0.1,150,5,0.15377777777777776,0.9466832920380117,2.74910955096772,0.0,0.04579932174817847,1.9488429024046148e-05,0.7678571428571429
mtd_ai,200,0.005060760234028291,0.35714285714285715,5473.3153459354135,0.15,150,5,0.15377777777777776,0.9466832920380117,2.74910955096772,0.0,0.04579932174817847,1.9488429024046148e-05,0.7678571428571429
mtd_ai,200,0.005060760234028291,0.4,6273.233234941424,0.2,150,5,0.15377777777777776,0.9466832920380117,2.74910955096772,0.0,0.04579932174817847,1.9488429024046148e-05,0.7678571428571429
mtd_ai,200,0.005060760234028291,0.43103448275862066,6785.990527260221,0.25,150,5,0.15377777777777776,0.9466832920380117,2.74910955096772,0.0,0.04579932174817847,1.9488429024046148e-05,0.7678571428571429
mtd_ai,200,0.005036392889000081,0.21428571428571427,3716.2839467233125,0.05,150,5,0.10666666666666667,0.38010932828483873,1.3584451947341312,0.0,0.05393326157222223,1.757797641020441e-05,0.8571428571428571
mtd_ai,200,0.005036392889000081,0.3,4717.579024351412,0.1,150,5,0.10666666666666667,0.38010932828483873,1.3584451947341312,0.0,0.05393326157222223,1.757797641020441e-05,0.8571428571428571
mtd_ai,200,0.005036392889000081,0.3629032258064516,5464.992563424353,0.15,150,5,0.10666666666666667,0.38010932828483873,1.3584451947341312,0.0,0.05393326157222223,1.757797641020441e-05,0.8571428571428571
mtd_ai,200,0.005036392889000081,0.4225352112676056,5879.923395463216,0.2,150,5,0.10666666666666667,0.38010932828483873,1.3584451947341312,0.0,0.05393326157222223,1.757797641020441e-05,0.8571428571428571
mtd_ai,200,0.005036392889000081,0.46296296296296297,6569.7949756663875,0.25,150,5,0.10666666666666667,0.38010932828483873,1.3584451947341312,0.0,0.05393326157222223,1.757797641020441e-05,0.8571428571428571
mtd_ai,200,0.005080979209965788,0.3125,2625.015982696432,0.05,150,5,0.36363636363636365,0.7877114948518579,1.6023790686669641,0.0,0.21783930306676175,0.00038777040009485683,0.64
mtd_ai,200,0.005080979209965788,0.40540540540540543,3442.2002627511783,0.1,150,5,0.36363636363636365,0.7877114948518579,1.6023790686669641,0.0,0.21783930306676175,0.00038777040009485683,0.64
mtd_ai,200,0.005080979209965788,0.45,4035.526162195818,0.15,150,5,0.36363636363636365,0.7877114948518579,1.6023790686669641,0.0,0.21783930306676175,0.00038777040009485683,0.64
mtd_ai,200,0.005080979209965788,0.4918032786885246,4761.319876750807,0.2,150,5,0.36363636363636365,0.7877114948518579,1.6023790686669641,0.0,0.21783930306676175,0.00038777040009485683,0.64
mtd_ai,200,0.005080979209965788,0.5357142857142857,5054.829961316514,0.25,150,5,0.36363636363636365,0.7877114948518579,1.6023790686669641,0.0,0.21783930306676175,0.00038777040009485683,0.64
165181762682e-05,0.8125
mtd_ai,200,0.005047753886299038,0.3125,2737.0666786217016,0.05,150,5,0.06666666666666667,0.400834662291776,1.6835845478356626,0.0,0.05427040840027783,2.512847865341062e-05,0.7575757575757576
mtd_ai,200,0.005047753886299038,0.375,4172.39557969966,0.1,150,5,0.06666666666666667,0.400834662291776,1.6835845478356626,0.0,0.05427040840027783,2.512847865341062e-05,0.7575757575757576
mtd_ai,200,0.005047753886299038,0.35714285714285715,6570.761295869959,0.15,150,5,0.06666666666666667,0.400834662291776,1.6835845478356626,0.0,0.05427040840027783,2.512847865341062e-05,0.7575757575757576
mtd_ai,200,0.005047753886299038,0.37037037037037035,7446.827952888982,0.2,150,5,0.06666666666666667,0.400834662291776,1.6835845478356626,0.0,0.05427040840027783,2.512847865341062e-05,0.7575757575757576
mtd_ai,200,0.005047753886299038,0.41208791208791207,7802.822020128351,0.25,150,5,0.06666666666666667,0.400834662291776,1.6835845478356626,0.0,0.05427040840027783,2.512847865341062e-05,0.7575757575757576
mtd_ai,200,0.005081635716297149,0.39473684210526316,1747.0128776448553,0.05,150,5,0.10682539682539684,0.16017895787822226,0.666509863920865,0.0,0.03349822278987305,1.7882353119775746e-05,0.8181818181818182
mtd_ai,200,0.005081635716297149,0.4166666666666667,3038.013574534314,0.1,150,5,0.10682539682539684,0.16017895787822226,0.666509863920865,0.0,0.03349822278987305,1.7882353119775746e-05,0.8181818181818182
mtd_ai,200,0.005081635716297149,0.45,3848.2638962334468,0.15,150,5,0.10682539682539684,0.16017895787822226,0.666509863920865,0.0,0.03349822278987305,1.7882353119775746e-05,0.8181818181818182
mtd_ai,200,0.005081635716297149,0.40540540540540543,5162.205372376425,0.2,150,5,0.10682539682539684,0.16017895787822226,0.666509863920865,0.0,0.03349822278987305,1.7882353119775746e-05,0.8181818181818182
mtd_ai,200,0.005081635716297149,0.4573170731707317,5687.325511519933,0.25,150,5,0.10682539682539684,0.16017895787822226,0.666509863920865,0.0,0.03349822278987305,1.7882353119775746e-05,0.8181818181818182
mtd_ai,200,0.005042452590577991,0.32608695652173914,1643.7333170152153,0.05,150,5,0.10333333333333333,0.27017169859958856,0.9453006531013365,0.0,0.10382151281344404,4.048106736669399e-05,0.8431372549019608
mtd_ai,200,0.005042452590577991,0.32608695652173914,3225.3946725987616,0.1,150,5,0.10333333333333333,0.27017169859958856,0.9453006531013365,0.0,0.10382151281344404,4.048106736669399e-05,0.8431372549019608
mtd_ai,200,0.005042452590577991,0.3515625,4537.9179591445,0.15,150,5,0.10333333333333333,0.27017169859958856,0.9453006531013365,0.0,0.10382151281344404,4.048106736669399e-05,0.8431372549019608
mtd_ai,200,0.005042452590577991,0.3191489361702128,6379.954993278952,0.2,150,5,0.10333333333333333,0.27017169859958856,0.9453006531013365,0.0,0.10382151281344404,4.048106736669399e-05,0.8431372549019608
mtd_ai,200,0.005042452590577991,0.3640776699029126,6815.759335179974,0.25,150,5,0.10333333333333333,0.27017169859958856,0.9453006531013365,0.0,0.10382151281344404,4.048106736669399e-05,0.8431372549019608
mtd_ai,200,0.005054504279017516,0.20833333333333334,4111.754383902161,0.05,150,5,0.2,0.038558851024841606,0.14927900831235486,0.0,0.23776345980213587,0.00012678457125097755,0.8518518518518519
mtd_ai,200,0.005054504279017516,0.29411764705882354,5333.275901826465,0.1,150,5,0.2,0.038558851024841606,0.14927900831235486,0.0,0.23776345980213587,0.00012678457125097755,0.8518518518518519
mtd_ai,200,0.005054504279017516,0.3629032258064516,6044.148827964395,0.15,150,5,0.2,0.038558851024841606,0.14927900831235486,0.0,0.23776345980213587,0.00012678457125097755,0.8518518518518519
mtd_ai,200,0.005054504279017516,0.38461538461538464,6875.970486262434,0.2,150,5,0.2,0.038558851024841606,0.14927900831235486,0.0,0.23776345980213587,0.00012678457125097755,0.8518518518518519
mtd_ai,200,0.005054504279017516,0.42613636363636365,7418.199320111221,0.25,150,5,0.2,0.038558851024841606,0.14927900831235486,0.0,0.23776345980213587,0.00012678457125097755,0.8518518518518519
mtd_ai,200,0.005048139805031907,0.32608695652173914,2113.109741871098,0.05,150,5,0.1351111111111111,0.7015448184405749,3.0883052735726326,0.0,0.20148341928851193,6.744569666017927e-05,0.8478260869565217
mtd_ai,200,0.005048139805031907,0.40540540540540543,3101.114818555833,0.1,150,5,0.1351111111111111,0.7015448184405749,3.0883052735726326,0.0,0.20148341928851193,6.744569666017927e-05,0.8478260869565217
mtd_ai,200,0.005048139805031907,0.45,4200.476857402598,0.15,150,5,0.1351111111111111,0.7015448184405749,3.0883052735726326,0.0,0.20148341928851193,6.744569666017927e-05,0.8478260869565217
mtd_ai,200,0.005048139805031907,0.46153846153846156,5569.297677188169,0.2,150,5,0.1351111111111111,0.7015448184405749,3.0883052735726326,0.0,0.20148341928851193,6.744569666017927e-05,0.8478260869565217
mtd_ai,200,0.005048139805031907,0.5,6035.033701736469,0.25,150,5,0.1351111111111111,0.7015448184405749,3.0883052735726326,0.0,0.20148341928851193,6.744569666017927e-05,0.8478260869565217
