Name,mtd_interval,MEF,ASR,time_to_compromise,host_compromise_ratio,network_size,exposed_endpoints,attack_path_exposure,ROA,risk,shortest_path_variability
mtd_ai,200,0.005076525407829016,0.3409090909090909,1658.8213524225037,0.05,150,5,0.1968888888888889,0.351362452759859,1.283950694175791,0.0
mtd_ai,200,0.005076525407829016,0.3191489361702128,3795.207411888866,0.1,150,5,0.1968888888888889,0.351362452759859,1.283950694175791,0.0
mtd_ai,200,0.005076525407829016,0.39473684210526316,4383.3860586252085,0.15,150,5,0.1968888888888889,0.351362452759859,1.283950694175791,0.0
mtd_ai,200,0.005076525407829016,0.4225352112676056,5303.885552869664,0.2,150,5,0.1968888888888889,0.351362452759859,1.283950694175791,0.0
mtd_ai,200,0.005076525407829016,0.4573170731707317,5798.249699194359,0.25,150,5,0.1968888888888889,0.351362452759859,1.283950694175791,0.0
mtd_ai,200,0.0050520476502393255,0.20833333333333334,3186.9554006475537,0.05,150,5,0.13755555555555554,0.5831621542823544,0.9871611179445315,0.0
mtd_ai,200,0.0050520476502393255,0.2542372881355932,5048.733672712986,0.1,150,5,0.13755555555555554,0.5831621542823544,0.9871611179445315,0.0
mtd_ai,200,0.0050520476502393255,0.30405405405405406,5632.154156130324,0.15,150,5,0.13755555555555554,0.5831621542823544,0.9871611179445315,0.0
mtd_ai,200,0.0050520476502393255,0.3225806451612903,7062.725921336258,0.2,150,5,0.13755555555555554,0.5831621542823544,0.9871611179445315,0.0
mtd_ai,200,0.0050520476502393255,0.3440366972477064,8052.847002335024,0.25,150,5,0.13755555555555554,0.5831621542823544,0.9871611179445315,0.0
mtd_ai,200,0.005052554901158385,0.21428571428571427,3218.973925445959,0.05,150,5,0.14311111111111113,1.4601720853585163,4.048911387627655,0.0
mtd_ai,200,0.005052554901158385,0.3,4189.41482989746,0.1,150,5,0.14311111111111113,1.4601720853585163,4.048911387627655,0.0
mtd_ai,200,0.005052554901158385,0.33088235294117646,5356.882436919934,0.15,150,5,0.14311111111111113,1.4601720853585163,4.048911387627655,0.0
mtd_ai,200,0.005052554901158385,0.3488372093023256,6934.189668262623,0.2,150,5,0.14311111111111113,1.4601720853585163,4.048911387627655,0.0
mtd_ai,200,0.005052554901158385,0.390625,7391.515633668099,0.25,150,5,0.14311111111111113,1.4601720853585163,4.048911387627655,0.0
mtd_ai,200,0.0050526145060983425,0.25,3698.132392122635,0.05,150,5,0.12626984126984125,0.12725339369274236,0.4221497683609098,0.0
mtd_ai,200,0.0050526145060983425,0.3191489361702128,5333.361441407473,0.1,150,5,0.12626984126984125,0.12725339369274236,0.4221497683609098,0.0
mtd_ai,200,0.0050526145060983425,0.4090909090909091,5724.363235274315,0.15,150,5,0.12626984126984125,0.12725339369274236,0.4221497683609098,0.0
mtd_ai,200,0.0050526145060983425,0.410958904109589,6752.164498693202,0.2,150,5,0.12626984126984125,0.12725339369274236,0.4221497683609098,0.0
mtd_ai,200,0.0050526145060983425,0.46296296296296297,7013.384662054609,0.25,150,5,0.12626984126984125,0.12725339369274236,0.4221497683609098,0.0
mtd_ai,200,0.005083568916684884,0.5,1222.3432228733604,0.05,150,5,0.2222222222222222,0.8012431916609742,1.3183919644605642,0.0
mtd_ai,200,0.005083568916684884,0.46875,2103.132043262404,0.1,150,5,0.2222222222222222,0.8012431916609742,1.3183919644605642,0.0
mtd_ai,200,0.005083568916684884,0.5232558139534884,2680.944912761045,0.15,150,5,0.2222222222222222,0.8012431916609742,1.3183919644605642,0.0
mtd_ai,200,0.005083568916684884,0.45454545454545453,3777.9473871528753,0.2,150,5,0.2222222222222222,0.8012431916609742,1.3183919644605642,0.0
mtd_ai,200,0.005083568916684884,0.45180722891566266,4590.684987291213,0.25,150,5,0.2222222222222222,0.8012431916609742,1.3183919644605642,0.0
mtd_ai,200,0.0050665849064448956,0.3,2751.980252136282,0.05,150,5,0.15111111111111108,0.7251004711390324,0.1323462263325239,0.0
mtd_ai,200,0.0050665849064448956,0.3409090909090909,4924.949681286451,0.1,150,5,0.15111111111111108,0.7251004711390324,0.1323462263325239,0.0
mtd_ai,200,0.0050665849064448956,0.4090909090909091,5332.431385417625,0.15,150,5,0.15111111111111108,0.7251004711390324,0.1323462263325239,0.0
mtd_ai,200,0.0050665849064448956,0.44776119402985076,6161.394327914252,0.2,150,5,0.15111111111111108,0.7251004711390324,0.1323462263325239,0.0
mtd_ai,200,0.0050665849064448956,0.5,6550.084387071382,0.25,150,5,0.15111111111111108,0.7251004711390324,0.1323462263325239,0.0
mtd_ai,200,0.00503593107505164,0.3,2844.118264449033,0.05,150,5,0.10444444444444445,0.7086263401984185,2.5398502740760476,0.0
mtd_ai,200,0.00503593107505164,0.3488372093023256,4324.38895632676,0.1,150,5,0.10444444444444445,0.7086263401984185,2.5398502740760476,0.0
mtd_ai,200,0.00503593107505164,0.39473684210526316,5201.46434226108,0.15,150,5,0.10444444444444445,0.7086263401984185,2.5398502740760476,0.0
mtd_ai,200,0.00503593107505164,0.4225352112676056,6156.165037658621,0.2,150,5,0.10444444444444445,0.7086263401984185,2.5398502740760476,0.0
mtd_ai,200,0.00503593107505164,0.44642857142857145,6988.700431964205,0.25,150,5,0.10444444444444445,0.7086263401984185,2.5398502740760476,0.0
mtd_ai,200,0.005044050217038057,0.375,1762.432964970827,0.05,150,5,0.2,0.3730309929726258,1.3634862828549084,-6.578947368421052
mtd_ai,200,0.005044050217038057,0.4411764705882353,2882.769181188012,0.1,150,5,0.2,0.3730309929726258,1.3634862828549084,-6.578947368421052
mtd_ai,200,0.005044050217038057,0.45918367346938777,4231.999615071704,0.15,150,5,0.2,0.3730309929726258,1.3634862828549084,-6.578947368421052
mtd_ai,200,0.005044050217038057,0.4918032786885246,4694.2953727156055,0.2,150,5,0.2,0.3730309929726258,1.3634862828549084,-6.578947368421052
mtd_ai,200,0.005044050217038057,0.5136986301369864,5498.289719164637,0.25,150,5,0.2,0.3730309929726258,1.3634862828549084,-6.578947368421052
mtd_ai,200,0.005058812276225079,0.35714285714285715,1805.0097697514905,0.05,150,5,0.12866666666666668,0.8655165294748594,2.6538709719666924,0.0
mtd_ai,200,0.005058812276225079,0.3409090909090909,3577.456824196347,0.1,150,5,0.12866666666666668,0.8655165294748594,2.6538709719666924,0.0
mtd_ai,200,0.005058812276225079,0.4090909090909091,4205.621091943652,0.15,150,5,0.12866666666666668,0.8655165294748594,2.6538709719666924,0.0
mtd_ai,200,0.005058812276225079,0.40540540540540543,5068.616491801155,0.2,150,5,0.12866666666666668,0.8655165294748594,2.6538709719666924,0.0
mtd_ai,200,0.005058812276225079,0.41208791208791207,5977.778461561771,0.25,150,5,0.12866666666666668,0.8655165294748594,2.6538709719666924,0.0
mtd_ai,200,0.005067903686900256,0.32608695652173914,2089.171262683686,0.05,150,5,0.14666666666666667,0.3620906955067235,0.7696781483835248,0.0
mtd_ai,200,0.005067903686900256,0.38461538461538464,3224.180346185072,0.1,150,5,0.14666666666666667,0.3620906955067235,0.7696781483835248,0.0
mtd_ai,200,0.005067903686900256,0.4326923076923077,4171.004954558917,0.15,150,5,0.14666666666666667,0.3620906955067235,0.7696781483835248,0.0
mtd_ai,200,0.005067903686900256,0.38461538461538464,5433.0765958884185,0.2,150,5,0.14666666666666667,0.3620906955067235,0.7696781483835248,0.0
mtd_ai,200,0.005067903686900256,0.41208791208791207,6451.686997992983,0.25,150,5,0.14666666666666667,0.3620906955067235,0.7696781483835248,0.0
mtd_ai,200,0.005064474931947536,0.28846153846153844,2709.3204206290097,0.05,150,5,0.11222222222222224,0.4738618822642596,1.840777366569345,0.0
mtd_ai,200,0.005064474931947536,0.3333333333333333,4849.506551634464,0.1,150,5,0.11222222222222224,0.4738618822642596,1.840777366569345,0.0
mtd_ai,200,0.005064474931947536,0.39473684210526316,5373.257894418068,0.15,150,5,0.11222222222222224,0.4738618822642596,1.840777366569345,0.0
mtd_ai,200,0.005064474931947536,0.44776119402985076,5901.228604515505,0.2,150,5,0.11222222222222224,0.4738618822642596,1.840777366569345,0.0
mtd_ai,200,0.005064474931947536,0.45180722891566266,6498.5097139082445,0.25,150,5,0.11222222222222224,0.4738618822642596,1.840777366569345,0.0
mtd_ai,200,0.00503011275414762,0.35714285714285715,2046.1201204430367,0.05,150,5,0.08888888888888889,0.3655211629838912,1.6114027432957962,0.0
mtd_ai,200,0.00503011275414762,0.38461538461538464,3327.322520917757,0.1,150,5,0.08888888888888889,0.3655211629838912,1.6114027432957962,0.0
mtd_ai,200,0.00503011275414762,0.36885245901639346,5560.855372552793,0.15,150,5,0.08888888888888889,0.3655211629838912,1.6114027432957962,0.0
mtd_ai,200,0.00503011275414762,0.40540540540540543,6629.281932937903,0.2,150,5,0.08888888888888889,0.3655211629838912,1.6114027432957962,0.0
mtd_ai,200,0.00503011275414762,0.43103448275862066,7534.4257841552835,0.25,150,5,0.08888888888888889,0.3655211629838912,1.6114027432957962,0.0
mtd_ai,200,0.005052148496761267,0.35714285714285715,2409.6784760200817,0.05,150,5,0.18,4.945367124204719,7.489443467068041,0.0
mtd_ai,200,0.005052148496761267,0.35714285714285715,4647.04113559168,0.1,150,5,0.18,4.945367124204719,7.489443467068041,0.0
mtd_ai,200,0.005052148496761267,0.39473684210526316,5474.418339952903,0.15,150,5,0.18,4.945367124204719,7.489443467068041,0.0
mtd_ai,200,0.005052148496761267,0.4166666666666667,6600.877121920777,0.2,150,5,0.18,4.945367124204719,7.489443467068041,0.0
mtd_ai,200,0.005052148496761267,0.4411764705882353,7307.641778556437,0.25,150,5,0.18,4.945367124204719,7.489443467068041,0.0
mtd_ai,200,0.005036137065398008,0.234375,3997.582445036817,0.05,150,5,0.11733333333333335,0.6578412732611109,2.683956056928747,0.0
mtd_ai,200,0.005036137065398008,0.30612244897959184,5440.726771368189,0.1,150,5,0.11733333333333335,0.6578412732611109,2.683956056928747,0.0
mtd_ai,200,0.005036137065398008,0.3813559322033898,6018.176579729885,0.15,150,5,0.11733333333333335,0.6578412732611109,2.683956056928747,0.0
mtd_ai,200,0.005036137065398008,0.40540540540540543,6969.409455451449,0.2,150,5,0.11733333333333335,0.6578412732611109,2.683956056928747,0.0
mtd_ai,200,0.005036137065398008,0.44642857142857145,7293.033831886065,0.25,150,5,0.11733333333333335,0.6578412732611109,2.683956056928747,0.0
mtd_ai,200,0.005051519406288876,0.35714285714285715,2026.9756870084925,0.05,150,5,0.1838888888888889,0.6754167430022072,2.985642197889034,0.0
mtd_ai,200,0.005051519406288876,0.42857142857142855,3056.574243832947,0.1,150,5,0.1838888888888889,0.6754167430022072,2.985642197889034,0.0
mtd_ai,200,0.005051519406288876,0.4787234042553192,3946.192223330974,0.15,150,5,0.1838888888888889,0.6754167430022072,2.985642197889034,0.0
mtd_ai,200,0.005051519406288876,0.5084745762711864,4531.223713358109,0.2,150,5,0.1838888888888889,0.6754167430022072,2.985642197889034,0.0
mtd_ai,200,0.005051519406288876,0.528169014084507,5410.279510664306,0.25,150,5,0.1838888888888889,0.6754167430022072,2.985642197889034,0.0
mtd_ai,200,0.0050770536942384495,0.32608695652173914,2157.228934576228,0.05,150,5,0.1075,0.3740207022527743,1.436253905564196,0.0
mtd_ai,200,0.0050770536942384495,0.38461538461538464,3539.2610799942067,0.1,150,5,0.1075,0.3740207022527743,1.436253905564196,0.0
mtd_ai,200,0.0050770536942384495,0.45918367346938777,4004.861572104517,0.15,150,5,0.1075,0.3740207022527743,1.436253905564196,0.0
mtd_ai,200,0.0050770536942384495,0.45454545454545453,4887.547952899606,0.2,150,5,0.1075,0.3740207022527743,1.436253905564196,0.0
mtd_ai,200,0.0050770536942384495,0.487012987012987,5360.063727355361,0.25,150,5,0.1075,0.3740207022527743,1.436253905564196,0.0
mtd_ai,200,0.00509521098211774,0.4166666666666667,1159.362598582693,0.05,150,5,0.23076923076923078,0.7429698918695278,3.1961707187237764,0.0
mtd_ai,200,0.00509521098211774,0.39473684210526316,2439.5169851738547,0.1,150,5,0.23076923076923078,0.7429698918695278,3.1961707187237764,0.0
mtd_ai,200,0.00509521098211774,0.42452830188679247,3652.6362411655336,0.15,150,5,0.23076923076923078,0.7429698918695278,3.1961707187237764,0.0
mtd_ai,200,0.00509521098211774,0.46153846153846156,4244.769099204564,0.2,150,5,0.23076923076923078,0.7429698918695278,3.1961707187237764,0.0
mtd_ai,200,0.00509521098211774,0.46875,4777.673442242411,0.25,150,5,0.23076923076923078,0.7429698918695278,3.1961707187237764,0.0
mtd_ai,200,0.005036541603160694,0.25,3019.9581857666217,0.05,150,5,0.13666666666666666,2.9685802823234435,6.244701770061511,0.0
mtd_ai,200,0.005036541603160694,0.3,4547.404745650741,0.1,150,5,0.13666666666666666,2.9685802823234435,6.244701770061511,0.0
mtd_ai,200,0.005036541603160694,0.3082191780821918,5713.649198688307,0.15,150,5,0.13666666666666666,2.9685802823234435,6.244701770061511,0.0
mtd_ai,200,0.005036541603160694,0.3191489361702128,6788.794008658083,0.2,150,5,0.13666666666666666,2.9685802823234435,6.244701770061511,0.0
mtd_ai,200,0.005036541603160694,0.3605769230769231,7172.287820140561,0.25,150,5,0.13666666666666666,2.9685802823234435,6.244701770061511,0.0
mtd_ai,200,0.005036880569703935,0.3125,2168.6486364669195,0.05,150,5,0.09166666666666666,1.7804366974010066,2.081018590415963,0.0
mtd_ai,200,0.005036880569703935,0.28846153846153844,4754.914664340409,0.1,150,5,0.09166666666666666,1.7804366974010066,2.081018590415963,0.0
mtd_ai,200,0.005036880569703935,0.30405405405405406,5903.932180678616,0.15,150,5,0.09166666666666666,1.7804366974010066,2.081018590415963,0.0
mtd_ai,200,0.005036880569703935,0.35294117647058826,6433.51026678891,0.2,150,5,0.09166666666666666,1.7804366974010066,2.081018590415963,0.0
mtd_ai,200,0.005036880569703935,0.3826530612244898,6991.076493454275,0.25,150,5,0.09166666666666666,1.7804366974010066,2.081018590415963,0.0
mtd_ai,200,0.005053166935753815,0.3409090909090909,2269.553724138049,0.05,150,5,0.27600529100529103,7.783583478211022,6.2047849955885646,0.0
mtd_ai,200,0.005053166935753815,0.4166666666666667,3182.954231707113,0.1,150,5,0.27600529100529103,7.783583478211022,6.2047849955885646,0.0
mtd_ai,200,0.005053166935753815,0.4787234042553192,3822.646675626193,0.15,150,5,0.27600529100529103,7.783583478211022,6.2047849955885646,0.0
mtd_ai,200,0.005053166935753815,0.5,4590.754771404656,0.2,150,5,0.27600529100529103,7.783583478211022,6.2047849955885646,0.0
mtd_ai,200,0.005053166935753815,0.5434782608695652,4958.316283620723,0.25,150,5,0.27600529100529103,7.783583478211022,6.2047849955885646,0.0
mtd_ai,200,0.005064826319250799,0.25,3784.1408060973467,0.05,150,5,0.12055555555555554,0.49689847014884003,2.1716165949208173,0.0
mtd_ai,200,0.005064826319250799,0.3488372093023256,4857.372621694691,0.1,150,5,0.12055555555555554,0.49689847014884003,2.1716165949208173,0.0
mtd_ai,200,0.005064826319250799,0.42452830188679247,5344.9661361052185,0.15,150,5,0.12055555555555554,0.49689847014884003,2.1716165949208173,0.0
mtd_ai,200,0.005064826319250799,0.45454545454545453,5885.812377549077,0.2,150,5,0.12055555555555554,0.49689847014884003,2.1716165949208173,0.0
mtd_ai,200,0.005064826319250799,0.5,6246.149034136097,0.25,150,5,0.12055555555555554,0.49689847014884003,2.1716165949208173,0.0
mtd_ai,200,0.005072269946267706,0.3125,2603.666149868611,0.05,150,5,0.1112063492063492,0.13680105757719443,0.5632048480884676,0.0
mtd_ai,200,0.005072269946267706,0.39473684210526316,3555.6047652201178,0.1,150,5,0.1112063492063492,0.13680105757719443,0.5632048480884676,0.0
mtd_ai,200,0.005072269946267706,0.45918367346938777,4220.267232048301,0.15,150,5,0.1112063492063492,0.13680105757719443,0.5632048480884676,0.0
mtd_ai,200,0.005072269946267706,0.4918032786885246,4875.813645804877,0.2,150,5,0.1112063492063492,0.13680105757719443,0.5632048480884676,0.0
mtd_ai,200,0.005072269946267706,0.4166666666666667,6399.930728970476,0.25,150,5,0.1112063492063492,0.13680105757719443,0.5632048480884676,0.0
mtd_ai,200,0.005076695968113142,0.375,2053.631207375853,0.05,150,5,0.15166666666666667,0.3650646219932293,1.5798046673145107,0.0
mtd_ai,200,0.005076695968113142,0.45454545454545453,2637.8423811474267,0.1,150,5,0.15166666666666667,0.3650646219932293,1.5798046673145107,0.0
mtd_ai,200,0.005076695968113142,0.5232558139534884,3230.0614862073403,0.15,150,5,0.15166666666666667,0.3650646219932293,1.5798046673145107,0.0
mtd_ai,200,0.005076695968113142,0.4918032786885246,4759.419962658962,0.2,150,5,0.15166666666666667,0.3650646219932293,1.5798046673145107,0.0
mtd_ai,200,0.005076695968113142,0.5434782608695652,5192.438174606208,0.25,150,5,0.15166666666666667,0.3650646219932293,1.5798046673145107,0.0
mtd_ai,200,0.005041296842729608,0.3409090909090909,2151.2356763167436,0.05,150,5,0.14666666666666667,0.7988032712977782,2.4741438743318493,0.0
mtd_ai,200,0.005041296842729608,0.3409090909090909,3933.471628783921,0.1,150,5,0.14666666666666667,0.7988032712977782,2.4741438743318493,0.0
mtd_ai,200,0.005041296842729608,0.375,5146.305315903185,0.15,150,5,0.14666666666666667,0.7988032712977782,2.4741438743318493,0.0
mtd_ai,200,0.005041296842729608,0.43478260869565216,5554.198963184959,0.2,150,5,0.14666666666666667,0.7988032712977782,2.4741438743318493,0.0
mtd_ai,200,0.005041296842729608,0.4573170731707317,6074.825324849924,0.25,150,5,0.14666666666666667,0.7988032712977782,2.4741438743318493,0.0
mtd_ai,200,0.005088741888036851,0.3409090909090909,2085.694030791417,0.05,150,5,0.11833333333333333,0.004816069438907466,0.020243666441135053,0.0
mtd_ai,200,0.005088741888036851,0.4166666666666667,2763.4071156729387,0.1,150,5,0.11833333333333333,0.004816069438907466,0.020243666441135053,0.0
mtd_ai,200,0.005088741888036851,0.45918367346938777,3604.1606979880116,0.15,150,5,0.11833333333333333,0.004816069438907466,0.020243666441135053,0.0
mtd_ai,200,0.005088741888036851,0.4918032786885246,4035.132236794113,0.2,150,5,0.11833333333333333,0.004816069438907466,0.020243666441135053,0.0
mtd_ai,200,0.005088741888036851,0.5136986301369864,4674.592861620853,0.25,150,5,0.11833333333333333,0.004816069438907466,0.020243666441135053,0.0
mtd_ai,200,0.005033513219266757,0.28846153846153844,2904.358994275638,0.05,150,5,0.09904761904761905,6.5524893409847085,7.035141100842862,0.0
mtd_ai,200,0.005033513219266757,0.30612244897959184,5149.355893973552,0.1,150,5,0.09904761904761905,6.5524893409847085,7.035141100842862,0.0
mtd_ai,200,0.005033513219266757,0.3813559322033898,5808.13561714615,0.15,150,5,0.09904761904761905,6.5524893409847085,7.035141100842862,0.0
mtd_ai,200,0.005033513219266757,0.4225352112676056,6166.739725604983,0.2,150,5,0.09904761904761905,6.5524893409847085,7.035141100842862,0.0
mtd_ai,200,0.005033513219266757,0.46296296296296297,6791.808085738674,0.25,150,5,0.09904761904761905,6.5524893409847085,7.035141100842862,0.0
mtd_ai,200,0.005063188499814943,0.39473684210526316,1606.978229350391,0.05,150,5,0.20833333333333334,1.035695751656618,4.294832691530514,0.0
mtd_ai,200,0.005063188499814943,0.3409090909090909,3305.2194864411977,0.1,150,5,0.20833333333333334,1.035695751656618,4.294832691530514,0.0
mtd_ai,200,0.005063188499814943,0.3879310344827586,4377.147017511709,0.15,150,5,0.20833333333333334,1.035695751656618,4.294832691530514,0.0
mtd_ai,200,0.005063188499814943,0.38461538461538464,6579.541180290494,0.2,150,5,0.20833333333333334,1.035695751656618,4.294832691530514,0.0
mtd_ai,200,0.005063188499814943,0.4411764705882353,7021.621287665262,0.25,150,5,0.20833333333333334,1.035695751656618,4.294832691530514,0.0
mtd_ai,200,0.005117778236189388,0.39473684210526316,1688.5573111115818,0.05,150,5,0.1911111111111111,0.6316159984886182,2.6006455200362204,0.0
mtd_ai,200,0.005117778236189388,0.5172413793103449,2257.3873327934107,0.1,150,5,0.1911111111111111,0.6316159984886182,2.6006455200362204,0.0
mtd_ai,200,0.005117778236189388,0.5357142857142857,3187.8663335397414,0.15,150,5,0.1911111111111111,0.6316159984886182,2.6006455200362204,0.0
mtd_ai,200,0.005117778236189388,0.5454545454545454,3806.617950470846,0.2,150,5,0.1911111111111111,0.6316159984886182,2.6006455200362204,0.0
mtd_ai,200,0.005117778236189388,0.5952380952380952,4111.5716782529435,0.25,150,5,0.1911111111111111,0.6316159984886182,2.6006455200362204,0.0
mtd_ai,200,0.0050626725582817705,0.3,2858.519628000515,0.05,150,5,0.11111111111111109,0.19093292935551134,0.8351406078257124,0.0
mtd_ai,200,0.0050626725582817705,0.36585365853658536,4225.917076498332,0.1,150,5,0.11111111111111109,0.19093292935551134,0.8351406078257124,0.0
mtd_ai,200,0.0050626725582817705,0.42452830188679247,4686.97778547342,0.15,150,5,0.11111111111111109,0.19093292935551134,0.8351406078257124,0.0
mtd_ai,200,0.0050626725582817705,0.39473684210526316,6177.8616054369395,0.2,150,5,0.11111111111111109,0.19093292935551134,0.8351406078257124,0.0
mtd_ai,200,0.0050626725582817705,0.436046511627907,6501.846922949765,0.25,150,5,0.11111111111111109,0.19093292935551134,0.8351406078257124,0.0
mtd_ai,200,0.0050429285145971664,0.4166666666666667,1870.2488396971974,0.05,150,5,0.11666666666666667,0.4158183843111157,1.7573670489281479,0.0
mtd_ai,200,0.0050429285145971664,0.46875,2759.781251375547,0.1,150,5,0.11666666666666667,0.4158183843111157,1.7573670489281479,0.0
mtd_ai,200,0.0050429285145971664,0.4891304347826087,3977.2435930339966,0.15,150,5,0.11666666666666667,0.4158183843111157,1.7573670489281479,0.0
mtd_ai,200,0.0050429285145971664,0.42857142857142855,6409.919976018773,0.2,150,5,0.11666666666666667,0.4158183843111157,1.7573670489281479,0.0
mtd_ai,200,0.0050429285145971664,0.487012987012987,6675.4915380028215,0.25,150,5,0.11666666666666667,0.4158183843111157,1.7573670489281479,0.0
mtd_ai,200,0.005090752485121942,0.3409090909090909,1868.7872876464553,0.05,150,5,0.14733333333333334,1.6281363790835195,3.8226620598662904,0.0
mtd_ai,200,0.005090752485121942,0.39473684210526316,2941.217949583186,0.1,150,5,0.14733333333333334,1.6281363790835195,3.8226620598662904,0.0
mtd_ai,200,0.005090752485121942,0.46875,3541.1239892204003,0.15,150,5,0.14733333333333334,1.6281363790835195,3.8226620598662904,0.0
mtd_ai,200,0.005090752485121942,0.47619047619047616,4400.841579716093,0.2,150,5,0.14733333333333334,1.6281363790835195,3.8226620598662904,0.0
mtd_ai,200,0.005090752485121942,0.5,5010.488406863681,0.25,150,5,0.14733333333333334,1.6281363790835195,3.8226620598662904,0.0
mtd_ai,200,0.005071076648317425,0.3125,2387.3655577778945,0.05,150,5,0.13555555555555554,0.9490974494137098,2.0044654239355224,0.0
mtd_ai,200,0.005071076648317425,0.36585365853658536,3506.9925088510427,0.1,150,5,0.13555555555555554,0.9490974494137098,2.0044654239355224,0.0
mtd_ai,200,0.005071076648317425,0.4017857142857143,4455.864455759933,0.15,150,5,0.13555555555555554,0.9490974494137098,2.0044654239355224,0.0
mtd_ai,200,0.005071076648317425,0.43478260869565216,5247.847785140784,0.2,150,5,0.13555555555555554,0.9490974494137098,2.0044654239355224,0.0
mtd_ai,200,0.005071076648317425,0.46296296296296297,5918.577928331664,0.25,150,5,0.13555555555555554,0.9490974494137098,2.0044654239355224,0.0
mtd_ai,200,0.00503021843638094,0.234375,3656.058620689613,0.05,150,5,0.12444444444444443,0.1854542581963606,0.5369234529035001,0.0
mtd_ai,200,0.00503021843638094,0.3125,4576.768205341501,0.1,150,5,0.12444444444444443,0.1854542581963606,0.5369234529035001,0.0
mtd_ai,200,0.00503021843638094,0.3409090909090909,5366.879231150343,0.15,150,5,0.12444444444444443,0.1854542581963606,0.5369234529035001,0.0
mtd_ai,200,0.00503021843638094,0.38961038961038963,6023.178073057103,0.2,150,5,0.12444444444444443,0.1854542581963606,0.5369234529035001,0.0
mtd_ai,200,0.00503021843638094,0.3826530612244898,7333.167843156529,0.25,150,5,0.12444444444444443,0.1854542581963606,0.5369234529035001,0.0
mtd_ai,200,0.005054808647715203,0.17857142857142858,4151.87376340584,0.05,150,5,0.13611111111111113,0.7170522440004631,1.4183513996000086,0.0
mtd_ai,200,0.005054808647715203,0.2631578947368421,5253.887671851613,0.1,150,5,0.13611111111111113,0.7170522440004631,1.4183513996000086,0.0
mtd_ai,200,0.005054808647715203,0.32142857142857145,6396.245519944236,0.15,150,5,0.13611111111111113,0.7170522440004631,1.4183513996000086,0.0
mtd_ai,200,0.005054808647715203,0.375,6830.606320504101,0.2,150,5,0.13611111111111113,0.7170522440004631,1.4183513996000086,0.0
mtd_ai,200,0.005054808647715203,0.4166666666666667,7300.908301284466,0.25,150,5,0.13611111111111113,0.7170522440004631,1.4183513996000086,0.0
mtd_ai,200,0.005073239845720797,0.3,2196.186207873778,0.05,150,5,0.11222222222222224,0.09662472055277994,0.22403246913117159,0.0
mtd_ai,200,0.005073239845720797,0.4166666666666667,2796.1524520531993,0.1,150,5,0.11222222222222224,0.09662472055277994,0.22403246913117159,0.0
mtd_ai,200,0.005073239845720797,0.4891304347826087,3359.3607210805458,0.15,150,5,0.11222222222222224,0.09662472055277994,0.22403246913117159,0.0
mtd_ai,200,0.005073239845720797,0.44776119402985076,5718.030524752045,0.2,150,5,0.11222222222222224,0.09662472055277994,0.22403246913117159,0.0
mtd_ai,200,0.005073239845720797,0.4934210526315789,6165.456489901494,0.25,150,5,0.11222222222222224,0.09662472055277994,0.22403246913117159,0.0
mtd_ai,200,0.0050844691960166164,0.3125,2428.7465043676757,0.05,150,5,0.13,0.6128949526870305,2.643690081744236,0.0
mtd_ai,200,0.0050844691960166164,0.42857142857142855,2973.7035322119864,0.1,150,5,0.13,0.6128949526870305,2.643690081744236,0.0
mtd_ai,200,0.0050844691960166164,0.46875,3843.255487897639,0.15,150,5,0.13,0.6128949526870305,2.643690081744236,0.0
mtd_ai,200,0.0050844691960166164,0.5,4673.542070430456,0.2,150,5,0.13,0.6128949526870305,2.643690081744236,0.0
mtd_ai,200,0.0050844691960166164,0.5514705882352942,5053.557925610567,0.25,150,5,0.13,0.6128949526870305,2.643690081744236,0.0
mtd_ai,200,0.005031653767799478,0.234375,3498.0663259470766,0.05,150,5,0.16955555555555554,0.1500760416733266,0.6527774249256206,0.0
mtd_ai,200,0.005031653767799478,0.3125,4447.535859413261,0.1,150,5,0.16955555555555554,0.1500760416733266,0.6527774249256206,0.0
mtd_ai,200,0.005031653767799478,0.32142857142857145,5628.315426302268,0.15,150,5,0.16955555555555554,0.1500760416733266,0.6527774249256206,0.0
mtd_ai,200,0.005031653767799478,0.3333333333333333,7073.085493786561,0.2,150,5,0.16955555555555554,0.1500760416733266,0.6527774249256206,0.0
mtd_ai,200,0.005031653767799478,0.3712871287128713,7695.706581830818,0.25,150,5,0.16955555555555554,0.1500760416733266,0.6527774249256206,0.0
mtd_ai,200,0.005052448309633157,0.3409090909090909,1682.0089406398756,0.05,150,5,0.15777777777777777,2.0271935190045363,5.532582283113364,0.0
mtd_ai,200,0.005052448309633157,0.28846153846153844,4858.379562282852,0.1,150,5,0.15777777777777777,2.0271935190045363,5.532582283113364,0.0
mtd_ai,200,0.005052448309633157,0.3125,6492.7108491631625,0.15,150,5,0.15777777777777777,2.0271935190045363,5.532582283113364,0.0
mtd_ai,200,0.005052448309633157,0.3488372093023256,7374.278219142035,0.2,150,5,0.15777777777777777,2.0271935190045363,5.532582283113364,0.0
mtd_ai,200,0.005052448309633157,0.3865979381443299,7688.449241257814,0.25,150,5,0.15777777777777777,2.0271935190045363,5.532582283113364,0.0
mtd_ai,200,0.00506053460020452,0.25,3448.1121787744664,0.05,150,5,0.11,0.7367252808451732,1.401973342066304,0.0
mtd_ai,200,0.00506053460020452,0.30612244897959184,4569.929280822134,0.1,150,5,0.11,0.7367252808451732,1.401973342066304,0.0
mtd_ai,200,0.00506053460020452,0.3879310344827586,4959.824133137303,0.15,150,5,0.11,0.7367252808451732,1.401973342066304,0.0
mtd_ai,200,0.00506053460020452,0.4,5831.712387228756,0.2,150,5,0.11,0.7367252808451732,1.401973342066304,0.0
mtd_ai,200,0.00506053460020452,0.44642857142857145,6257.176018802393,0.25,150,5,0.11,0.7367252808451732,1.401973342066304,0.0
mtd_ai,200,0.005038300874362269,0.46875,1628.5244444305397,0.05,150,5,0.125,0.7246984455748328,2.522732232359652,-4.620689655172414
mtd_ai,200,0.005038300874362269,0.5357142857142857,2337.2855159196897,0.1,150,5,0.125,0.7246984455748328,2.522732232359652,-4.620689655172414
mtd_ai,200,0.005038300874362269,0.46875,3884.3716590149497,0.15,150,5,0.125,0.7246984455748328,2.522732232359652,-4.620689655172414
mtd_ai,200,0.005038300874362269,0.45454545454545453,4831.730462497852,0.2,150,5,0.125,0.7246984455748328,2.522732232359652,-4.620689655172414
mtd_ai,200,0.005038300874362269,0.487012987012987,5382.199989776951,0.25,150,5,0.125,0.7246984455748328,2.522732232359652,-4.620689655172414
mtd_ai,200,0.005043896108439955,0.32608695652173914,2206.9434450195404,0.05,150,5,0.10888888888888888,1.8580842460817917,2.9057527398902536,0.0
mtd_ai,200,0.005043896108439955,0.40540540540540543,3173.7442626036623,0.1,150,5,0.10888888888888888,1.8580842460817917,2.9057527398902536,0.0
mtd_ai,200,0.005043896108439955,0.4891304347826087,3754.2968290231206,0.15,150,5,0.10888888888888888,1.8580842460817917,2.9057527398902536,0.0
mtd_ai,200,0.005043896108439955,0.46153846153846156,5184.454309174374,0.2,150,5,0.10888888888888888,1.8580842460817917,2.9057527398902536,0.0
mtd_ai,200,0.005043896108439955,0.4934210526315789,5762.015101001475,0.25,150,5,0.10888888888888888,1.8580842460817917,2.9057527398902536,0.0
mtd_ai,200,0.0050383973755838045,0.28846153846153844,2663.3865584864616,0.05,150,5,0.13388888888888892,2.3943481144070025,5.6683811347910416,0.0
mtd_ai,200,0.0050383973755838045,0.3488372093023256,4164.544776465253,0.1,150,5,0.13388888888888892,2.3943481144070025,5.6683811347910416,0.0
mtd_ai,200,0.0050383973755838045,0.3879310344827586,5038.05130212995,0.15,150,5,0.13388888888888892,2.3943481144070025,5.6683811347910416,0.0
mtd_ai,200,0.0050383973755838045,0.36585365853658536,6275.920154978539,0.2,150,5,0.13388888888888892,2.3943481144070025,5.6683811347910416,0.0
mtd_ai,200,0.0050383973755838045,0.41208791208791207,6733.5000834702605,0.25,150,5,0.13388888888888892,2.3943481144070025,5.6683811347910416,0.0
mtd_ai,200,0.005043558378757423,0.28846153846153844,2406.6643330994584,0.05,150,5,0.146,0.2894427182650096,0.9475335366334952,0.0
mtd_ai,200,0.005043558378757423,0.3125,5129.609870880279,0.1,150,5,0.146,0.2894427182650096,0.9475335366334952,0.0
mtd_ai,200,0.005043558378757423,0.39473684210526316,5490.568637474291,0.15,150,5,0.146,0.2894427182650096,0.9475335366334952,0.0
mtd_ai,200,0.005043558378757423,0.4411764705882353,5972.785729819934,0.2,150,5,0.146,0.2894427182650096,0.9475335366334952,0.0
mtd_ai,200,0.005043558378757423,0.47468354430379744,6423.279456584965,0.25,150,5,0.146,0.2894427182650096,0.9475335366334952,0.0
mtd_ai,200,0.005087733624093737,0.3,2192.168110544629,0.05,150,5,0.18533333333333335,3.5559714346591953,5.113548871976497,0.0
mtd_ai,200,0.005087733624093737,0.3333333333333333,3234.334599277263,0.1,150,5,0.18533333333333335,3.5559714346591953,5.113548871976497,0.0
mtd_ai,200,0.005087733624093737,0.39473684210526316,3830.899801890424,0.15,150,5,0.18533333333333335,3.5559714346591953,5.113548871976497,0.0
mtd_ai,200,0.005087733624093737,0.42857142857142855,4400.962964290713,0.2,150,5,0.18533333333333335,3.5559714346591953,5.113548871976497,0.0
mtd_ai,200,0.005087733624093737,0.44642857142857145,5059.319355454029,0.25,150,5,0.18533333333333335,3.5559714346591953,5.113548871976497,0.0
mtd_ai,200,0.005056834574657294,0.24193548387096775,3878.7178800994625,0.05,150,5,0.2631578947368421,0.6184621905083606,2.1286966991771017,0.0
mtd_ai,200,0.005056834574657294,0.3333333333333333,4881.0506040768705,0.1,150,5,0.2631578947368421,0.6184621905083606,2.1286966991771017,0.0
mtd_ai,200,0.005056834574657294,0.39473684210526316,6023.833655068651,0.15,150,5,0.2631578947368421,0.6184621905083606,2.1286966991771017,0.0
mtd_ai,200,0.005056834574657294,0.410958904109589,6954.008902700058,0.2,150,5,0.2631578947368421,0.6184621905083606,2.1286966991771017,0.0
mtd_ai,200,0.005056834574657294,0.4411764705882353,7551.140972276544,0.25,150,5,0.2631578947368421,0.6184621905083606,2.1286966991771017,0.0
mtd_ai,200,0.005047888116784424,0.4411764705882353,1553.6053744715523,0.05,150,5,0.13055555555555554,1.6484792846116023,4.172347069815363,0.0
mtd_ai,200,0.005047888116784424,0.375,3506.7986198204476,0.1,150,5,0.13055555555555554,1.6484792846116023,4.172347069815363,0.0
mtd_ai,200,0.005047888116784424,0.4090909090909091,4369.722848385329,0.15,150,5,0.13055555555555554,1.6484792846116023,4.172347069815363,0.0
mtd_ai,200,0.005047888116784424,0.39473684210526316,5269.218039557616,0.2,150,5,0.13055555555555554,1.6484792846116023,4.172347069815363,0.0
mtd_ai,200,0.005047888116784424,0.42134831460674155,5882.240418695894,0.25,150,5,0.13055555555555554,1.6484792846116023,4.172347069815363,0.0
mtd_ai,200,0.005065947997034205,0.32608695652173914,2562.4790490228797,0.05,150,5,0.12333333333333334,0.5293386063800345,2.222647707968845,0.0
mtd_ai,200,0.005065947997034205,0.38461538461538464,3761.5591792865534,0.1,150,5,0.12333333333333334,0.5293386063800345,2.222647707968845,0.0
mtd_ai,200,0.005065947997034205,0.45918367346938777,4495.589906134632,0.15,150,5,0.12333333333333334,0.5293386063800345,2.222647707968845,0.0
mtd_ai,200,0.005065947997034205,0.46153846153846156,5472.0496882437565,0.2,150,5,0.12333333333333334,0.5293386063800345,2.222647707968845,0.0
mtd_ai,200,0.005065947997034205,0.5,6115.246135714337,0.25,150,5,0.12333333333333334,0.5293386063800345,2.222647707968845,0.0
mtd_ai,200,0.005061695842674334,0.3125,2618.1520965931777,0.05,150,5,0.10555555555555556,1.3314177406105743,1.56966756802645,0.0
mtd_ai,200,0.005061695842674334,0.375,3837.3709372101175,0.1,150,5,0.10555555555555556,1.3314177406105743,1.56966756802645,0.0
mtd_ai,200,0.005061695842674334,0.3879310344827586,5025.800045110821,0.15,150,5,0.10555555555555556,1.3314177406105743,1.56966756802645,0.0
mtd_ai,200,0.005061695842674334,0.43478260869565216,5785.302704284154,0.2,150,5,0.10555555555555556,1.3314177406105743,1.56966756802645,0.0
mtd_ai,200,0.005061695842674334,0.46296296296296297,6394.863552377517,0.25,150,5,0.10555555555555556,1.3314177406105743,1.56966756802645,0.0
mtd_ai,200,0.005037629566328226,0.39473684210526316,1674.5568574504412,0.05,150,5,0.14733333333333334,0.3083975495074709,1.3603904286584179,4.75
mtd_ai,200,0.005037629566328226,0.38461538461538464,4038.4853754875485,0.1,150,5,0.14733333333333334,0.3083975495074709,1.3603904286584179,4.75
mtd_ai,200,0.005037629566328226,0.4411764705882353,5255.593050308231,0.15,150,5,0.14733333333333334,0.3083975495074709,1.3603904286584179,4.75
mtd_ai,200,0.005037629566328226,0.47619047619047616,5833.858015815553,0.2,150,5,0.14733333333333334,0.3083975495074709,1.3603904286584179,4.75
mtd_ai,200,0.005037629566328226,0.528169014084507,6191.540912539433,0.25,150,5,0.14733333333333334,0.3083975495074709,1.3603904286584179,4.75
mtd_ai,200,0.005051879955638431,0.35714285714285715,2454.6910285511362,0.05,150,5,0.17188888888888887,0.09483310672872922,0.39417067310273274,0.0
mtd_ai,200,0.005051879955638431,0.36585365853658536,3637.223153656444,0.1,150,5,0.17188888888888887,0.09483310672872922,0.39417067310273274,0.0
mtd_ai,200,0.005051879955638431,0.4166666666666667,4596.779339453165,0.15,150,5,0.17188888888888887,0.09483310672872922,0.39417067310273274,0.0
mtd_ai,200,0.005051879955638431,0.45454545454545453,5204.89419374777,0.2,150,5,0.17188888888888887,0.09483310672872922,0.39417067310273274,0.0
mtd_ai,200,0.005051879955638431,0.487012987012987,5601.9308239025995,0.25,150,5,0.17188888888888887,0.09483310672872922,0.39417067310273274,0.0
mtd_ai,200,0.005054635790548843,0.3409090909090909,1837.4940298603797,0.05,150,5,0.10200000000000001,0.5212973501296323,2.309950953906965,0.0
mtd_ai,200,0.005054635790548843,0.3488372093023256,3884.2517928938373,0.1,150,5,0.10200000000000001,0.5212973501296323,2.309950953906965,0.0
mtd_ai,200,0.005054635790548843,0.3629032258064516,4877.094298782782,0.15,150,5,0.10200000000000001,0.5212973501296323,2.309950953906965,0.0
mtd_ai,200,0.005054635790548843,0.35714285714285715,6241.420285517674,0.2,150,5,0.10200000000000001,0.5212973501296323,2.309950953906965,0.0
mtd_ai,200,0.005054635790548843,0.35377358490566035,7330.6337768616395,0.25,150,5,0.10200000000000001,0.5212973501296323,2.309950953906965,0.0
mtd_ai,200,0.005084996760796587,0.375,1678.6477007440922,0.05,150,5,0.16722222222222222,0.6250621480760312,1.8166493542577293,0.0
mtd_ai,200,0.005084996760796587,0.36585365853658536,3446.342660476973,0.1,150,5,0.16722222222222222,0.6250621480760312,1.8166493542577293,0.0
mtd_ai,200,0.005084996760796587,0.45,4059.8742331972226,0.15,150,5,0.16722222222222222,0.6250621480760312,1.8166493542577293,0.0
mtd_ai,200,0.005084996760796587,0.47619047619047616,4772.9533334225525,0.2,150,5,0.16722222222222222,0.6250621480760312,1.8166493542577293,0.0
mtd_ai,200,0.005084996760796587,0.5136986301369864,5151.09343740931,0.25,150,5,0.16722222222222222,0.6250621480760312,1.8166493542577293,0.0
mtd_ai,200,0.005059740670196844,0.28846153846153844,2666.415594060335,0.05,150,5,0.095,0.7482831873102994,3.006293376816993,0.0
mtd_ai,200,0.005059740670196844,0.3333333333333333,4325.5817085606195,0.1,150,5,0.095,0.7482831873102994,3.006293376816993,0.0
mtd_ai,200,0.005059740670196844,0.3879310344827586,5254.308484725616,0.15,150,5,0.095,0.7482831873102994,3.006293376816993,0.0
mtd_ai,200,0.005059740670196844,0.42857142857142855,6201.019814636782,0.2,150,5,0.095,0.7482831873102994,3.006293376816993,0.0
mtd_ai,200,0.005059740670196844,0.4573170731707317,6839.5614658499435,0.25,150,5,0.095,0.7482831873102994,3.006293376816993,0.0
mtd_ai,200,0.005043555978078497,0.25,2901.948443290232,0.05,150,5,0.15594444444444447,0.4059007171214757,1.6888231600881523,4.466666666666667
mtd_ai,200,0.005043555978078497,0.3125,4022.551306438433,0.1,150,5,0.15594444444444447,0.4059007171214757,1.6888231600881523,4.466666666666667
mtd_ai,200,0.005043555978078497,0.36885245901639346,4665.436619435019,0.15,150,5,0.15594444444444447,0.4059007171214757,1.6888231600881523,4.466666666666667
mtd_ai,200,0.005043555978078497,0.40540540540540543,5258.839554299859,0.2,150,5,0.15594444444444447,0.4059007171214757,1.6888231600881523,4.466666666666667
mtd_ai,200,0.005043555978078497,0.42613636363636365,6352.8904947953,0.25,150,5,0.15594444444444447,0.4059007171214757,1.6888231600881523,4.466666666666667
mtd_ai,200,0.005086836971944678,0.2777777777777778,2670.8530424026767,0.05,150,5,0.10344827586206896,2.3611574314779835,5.1091010917012,0.0
mtd_ai,200,0.005086836971944678,0.32608695652173914,3915.3567983819244,0.1,150,5,0.10344827586206896,2.3611574314779835,5.1091010917012,0.0
mtd_ai,200,0.005086836971944678,0.4166666666666667,4258.271762435716,0.15,150,5,0.10344827586206896,2.3611574314779835,5.1091010917012,0.0
mtd_ai,200,0.005086836971944678,0.45454545454545453,4796.493306947543,0.2,150,5,0.10344827586206896,2.3611574314779835,5.1091010917012,0.0
mtd_ai,200,0.005086836971944678,0.4934210526315789,5252.805091801324,0.25,150,5,0.10344827586206896,2.3611574314779835,5.1091010917012,0.0
mtd_ai,200,0.005039438486053259,0.21428571428571427,3795.4589415394166,0.05,150,5,0.14495238095238097,22.87243969166027,8.323743841469447,0.0
mtd_ai,200,0.005039438486053259,0.32608695652173914,4558.589927638901,0.1,150,5,0.14495238095238097,22.87243969166027,8.323743841469447,0.0
mtd_ai,200,0.005039438486053259,0.4166666666666667,4848.980204148028,0.15,150,5,0.14495238095238097,22.87243969166027,8.323743841469447,0.0
mtd_ai,200,0.005039438486053259,0.45454545454545453,5575.24915671657,0.2,150,5,0.14495238095238097,22.87243969166027,8.323743841469447,0.0
mtd_ai,200,0.005039438486053259,0.4934210526315789,6076.382345338828,0.25,150,5,0.14495238095238097,22.87243969166027,8.323743841469447,0.0
mtd_ai,200,0.0050622184400930985,0.35714285714285715,1787.7746729112728,0.05,150,5,0.11777777777777776,0.6324509324908529,2.2936514262130987,0.0
mtd_ai,200,0.0050622184400930985,0.3409090909090909,3701.3699136381438,0.1,150,5,0.11777777777777776,0.6324509324908529,2.2936514262130987,0.0
mtd_ai,200,0.0050622184400930985,0.39473684210526316,4560.860259994263,0.15,150,5,0.11777777777777776,0.6324509324908529,2.2936514262130987,0.0
mtd_ai,200,0.0050622184400930985,0.37037037037037035,6243.998905727378,0.2,150,5,0.11777777777777776,0.6324509324908529,2.2936514262130987,0.0
mtd_ai,200,0.0050622184400930985,0.3865979381443299,6988.515453200057,0.25,150,5,0.11777777777777776,0.6324509324908529,2.2936514262130987,0.0
mtd_ai,200,0.005059845751253704,0.25,3619.7784542467834,0.05,150,5,0.1311111111111111,0.5216803268060565,1.0555056771083087,0.0
mtd_ai,200,0.005059845751253704,0.3333333333333333,4388.57372845335,0.1,150,5,0.1311111111111111,0.5216803268060565,1.0555056771083087,0.0
mtd_ai,200,0.005059845751253704,0.3515625,5484.6825254328505,0.15,150,5,0.1311111111111111,0.5216803268060565,1.0555056771083087,0.0
mtd_ai,200,0.005059845751253704,0.379746835443038,6150.780420918422,0.2,150,5,0.1311111111111111,0.5216803268060565,1.0555056771083087,0.0
mtd_ai,200,0.005059845751253704,0.41208791208791207,6631.556937451371,0.25,150,5,0.1311111111111111,0.5216803268060565,1.0555056771083087,0.0
mtd_ai,200,0.005029658673711122,0.3,1925.2020125711886,0.05,150,5,0.09866666666666667,0.7287142622266467,3.085237316072364,0.0
mtd_ai,200,0.005029658673711122,0.3333333333333333,3375.963211480827,0.1,150,5,0.09866666666666667,0.7287142622266467,3.085237316072364,0.0
mtd_ai,200,0.005029658673711122,0.3515625,4891.986949839976,0.15,150,5,0.09866666666666667,0.7287142622266467,3.085237316072364,0.0
mtd_ai,200,0.005029658673711122,0.3,6711.332921478169,0.2,150,5,0.09866666666666667,0.7287142622266467,3.085237316072364,0.0
mtd_ai,200,0.005029658673711122,0.33185840707964603,7867.677815772009,0.25,150,5,0.09866666666666667,0.7287142622266467,3.085237316072364,0.0
mtd_ai,200,0.005035021646474364,0.4166666666666667,1881.2995734496708,0.05,150,5,0.09090909090909091,2.814419601623472,1.988003717045017,-4.212121212121212
mtd_ai,200,0.005035021646474364,0.375,4440.851407088801,0.1,150,5,0.09090909090909091,2.814419601623472,1.988003717045017,-4.212121212121212
mtd_ai,200,0.005035021646474364,0.39473684210526316,5220.380322053486,0.15,150,5,0.09090909090909091,2.814419601623472,1.988003717045017,-4.212121212121212
mtd_ai,200,0.005035021646474364,0.4,6214.719771559205,0.2,150,5,0.09090909090909091,2.814419601623472,1.988003717045017,-4.212121212121212
mtd_ai,200,0.005035021646474364,0.43103448275862066,6878.449518306175,0.25,150,5,0.09090909090909091,2.814419601623472,1.988003717045017,-4.212121212121212
mtd_ai,200,0.00505160118758516,0.4166666666666667,1021.7423788398942,0.05,150,5,0.14444444444444446,0.7472699164658193,2.3431646451523394,0.0
mtd_ai,200,0.00505160118758516,0.4166666666666667,2755.7112411875933,0.1,150,5,0.14444444444444446,0.7472699164658193,2.3431646451523394,0.0
mtd_ai,200,0.00505160118758516,0.46875,3343.5641788060257,0.15,150,5,0.14444444444444446,0.7472699164658193,2.3431646451523394,0.0
mtd_ai,200,0.00505160118758516,0.47619047619047616,4305.081191709217,0.2,150,5,0.14444444444444446,0.7472699164658193,2.3431646451523394,0.0
mtd_ai,200,0.00505160118758516,0.5,4965.008432429856,0.25,150,5,0.14444444444444446,0.7472699164658193,2.3431646451523394,0.0
mtd_ai,200,0.005046389555101493,0.46875,1355.9221151851323,0.05,150,5,0.11833333333333333,1.3188896135083383,2.8393818807557865,0.0
mtd_ai,200,0.005046389555101493,0.38461538461538464,3292.7333200292405,0.1,150,5,0.11833333333333333,1.3188896135083383,2.8393818807557865,0.0
mtd_ai,200,0.005046389555101493,0.45918367346938777,3956.333163055173,0.15,150,5,0.11833333333333333,1.3188896135083383,2.8393818807557865,0.0
mtd_ai,200,0.005046389555101493,0.4838709677419355,4711.981209160032,0.2,150,5,0.11833333333333333,1.3188896135083383,2.8393818807557865,0.0
mtd_ai,200,0.005046389555101493,0.5208333333333334,5366.451892877702,0.25,150,5,0.11833333333333333,1.3188896135083383,2.8393818807557865,0.0
mtd_ai,200,0.005037377034335175,0.26785714285714285,3110.5077343353796,0.05,150,5,0.17391304347826086,0.7430289576694283,3.19857905225659,-3.4324324324324325
mtd_ai,200,0.005037377034335175,0.3488372093023256,4166.34737970973,0.1,150,5,0.17391304347826086,0.7430289576694283,3.19857905225659,-3.4324324324324325
mtd_ai,200,0.005037377034335175,0.36885245901639346,5614.182441200585,0.15,150,5,0.17391304347826086,0.7430289576694283,3.19857905225659,-3.4324324324324325
mtd_ai,200,0.005037377034335175,0.4166666666666667,6031.986435578467,0.2,150,5,0.17391304347826086,0.7430289576694283,3.19857905225659,-3.4324324324324325
mtd_ai,200,0.005037377034335175,0.4573170731707317,6620.492286504634,0.25,150,5,0.17391304347826086,0.7430289576694283,3.19857905225659,-3.4324324324324325
mtd_ai,200,0.005081216610245409,0.4411764705882353,1594.1996767640185,0.05,150,5,0.10444444444444444,0.4959740299238664,1.992452507558597,0.0
mtd_ai,200,0.005081216610245409,0.375,3133.981128191008,0.1,150,5,0.10444444444444444,0.4959740299238664,1.992452507558597,0.0
mtd_ai,200,0.005081216610245409,0.4326923076923077,3851.5014001642344,0.15,150,5,0.10444444444444444,0.4959740299238664,1.992452507558597,0.0
mtd_ai,200,0.005081216610245409,0.47619047619047616,4625.56028427622,0.2,150,5,0.10444444444444444,0.4959740299238664,1.992452507558597,0.0
mtd_ai,200,0.005081216610245409,0.45180722891566266,5558.748710651636,0.25,150,5,0.10444444444444444,0.4959740299238664,1.992452507558597,0.0
mtd_ai,200,0.0050473729432840096,0.28846153846153844,2829.3905874152842,0.05,150,5,0.14,0.4944103211647869,2.068868661070477,0.0
mtd_ai,200,0.0050473729432840096,0.35714285714285715,4057.7767932097336,0.1,150,5,0.14,0.4944103211647869,2.068868661070477,0.0
mtd_ai,200,0.0050473729432840096,0.4166666666666667,4807.5437562041725,0.15,150,5,0.14,0.4944103211647869,2.068868661070477,0.0
mtd_ai,200,0.0050473729432840096,0.46875,5163.769058229431,0.2,150,5,0.14,0.4944103211647869,2.068868661070477,0.0
mtd_ai,200,0.0050473729432840096,0.5136986301369864,5481.550446083327,0.25,150,5,0.14,0.4944103211647869,2.068868661070477,0.0
mtd_ai,200,0.005080666750540556,0.3,2443.141475760487,0.05,150,5,0.1875396825396826,0.8426131284935248,1.9232663313900378,0.0
mtd_ai,200,0.005080666750540556,0.3333333333333333,3727.6249181969574,0.1,150,5,0.1875396825396826,0.8426131284935248,1.9232663313900378,0.0
mtd_ai,200,0.005080666750540556,0.4166666666666667,4036.6036968468693,0.15,150,5,0.1875396825396826,0.8426131284935248,1.9232663313900378,0.0
mtd_ai,200,0.005080666750540556,0.46875,4724.126968590046,0.2,150,5,0.1875396825396826,0.8426131284935248,1.9232663313900378,0.0
mtd_ai,200,0.005080666750540556,0.46875,5459.323165275517,0.25,150,5,0.1875396825396826,0.8426131284935248,1.9232663313900378,0.0
mtd_ai,200,0.005040218333895944,0.2777777777777778,2906.5979933823883,0.05,150,5,0.3333333333333333,0.7706392545067867,2.822275958308295,-5.625
mtd_ai,200,0.005040218333895944,0.375,3666.250092699271,0.1,150,5,0.3333333333333333,0.7706392545067867,2.822275958308295,-5.625
mtd_ai,200,0.005040218333895944,0.4326923076923077,4249.711059083582,0.15,150,5,0.3333333333333333,0.7706392545067867,2.822275958308295,-5.625
mtd_ai,200,0.005040218333895944,0.40540540540540543,5409.4100515790215,0.2,150,5,0.3333333333333333,0.7706392545067867,2.822275958308295,-5.625
mtd_ai,200,0.005040218333895944,0.4573170731707317,5764.479084633664,0.25,150,5,0.3333333333333333,0.7706392545067867,2.822275958308295,-5.625
mtd_ai,200,0.0050688545525057836,0.32608695652173914,2657.750034698938,0.05,150,5,0.25,0.24112434491861295,0.9498400699740297,0.0
mtd_ai,200,0.0050688545525057836,0.39473684210526316,3783.366203143054,0.1,150,5,0.25,0.24112434491861295,0.9498400699740297,0.0
mtd_ai,200,0.0050688545525057836,0.46875,4273.8272015987495,0.15,150,5,0.25,0.24112434491861295,0.9498400699740297,0.0
mtd_ai,200,0.0050688545525057836,0.4838709677419355,5256.136415814924,0.2,150,5,0.25,0.24112434491861295,0.9498400699740297,0.0
mtd_ai,200,0.0050688545525057836,0.4807692307692308,5952.5902789292895,0.25,150,5,0.25,0.24112434491861295,0.9498400699740297,0.0
mtd_ai,200,0.005072336889611078,0.28846153846153844,2572.7104362443456,0.05,150,5,0.1334920634920635,1.520337857034797,4.52756027379055,0.0
mtd_ai,200,0.005072336889611078,0.3488372093023256,4250.357713872574,0.1,150,5,0.1334920634920635,1.520337857034797,4.52756027379055,0.0
mtd_ai,200,0.005072336889611078,0.4090909090909091,4942.914652986052,0.15,150,5,0.1334920634920635,1.520337857034797,4.52756027379055,0.0
mtd_ai,200,0.005072336889611078,0.4166666666666667,5975.605702576126,0.2,150,5,0.1334920634920635,1.520337857034797,4.52756027379055,0.0
mtd_ai,200,0.005072336889611078,0.46875,6301.215310866361,0.25,150,5,0.1334920634920635,1.520337857034797,4.52756027379055,0.0
mtd_ai,200,0.005044092535205733,0.26785714285714285,3326.857499416368,0.05,150,5,0.10222222222222223,0.8577537474100758,2.661170371043583,0.0
mtd_ai,200,0.005044092535205733,0.35714285714285715,4180.837769814316,0.1,150,5,0.10222222222222223,0.8577537474100758,2.661170371043583,0.0
mtd_ai,200,0.005044092535205733,0.4411764705882353,4903.977574095799,0.15,150,5,0.10222222222222223,0.8577537474100758,2.661170371043583,0.0
mtd_ai,200,0.005044092535205733,0.46153846153846156,5746.271317138233,0.2,150,5,0.10222222222222223,0.8577537474100758,2.661170371043583,0.0
mtd_ai,200,0.005044092535205733,0.5067567567567568,6230.299628409672,0.25,150,5,0.10222222222222223,0.8577537474100758,2.661170371043583,0.0
mtd_ai,200,0.005071764945270413,0.26785714285714285,2852.988582362956,0.05,150,5,0.13333333333333333,0.8569852530039567,3.600723308686659,0.0
mtd_ai,200,0.005071764945270413,0.36585365853658536,3654.6737210142587,0.1,150,5,0.13333333333333333,0.8569852530039567,3.600723308686659,0.0
mtd_ai,200,0.005071764945270413,0.3879310344827586,4560.556015790926,0.15,150,5,0.13333333333333333,0.8569852530039567,3.600723308686659,0.0
mtd_ai,200,0.005071764945270413,0.4225352112676056,5092.60272304994,0.2,150,5,0.13333333333333333,0.8569852530039567,3.600723308686659,0.0
mtd_ai,200,0.005071764945270413,0.46296296296296297,5543.24682888845,0.25,150,5,0.13333333333333333,0.8569852530039567,3.600723308686659,0.0
mtd_ai,200,0.005044592611998853,0.3409090909090909,2371.3081040239595,0.05,150,5,0.11555555555555558,0.5267349259332381,1.9261608400039014,0.0
mtd_ai,200,0.005044592611998853,0.4166666666666667,3230.660704189875,0.1,150,5,0.11555555555555558,0.5267349259332381,1.9261608400039014,0.0
mtd_ai,200,0.005044592611998853,0.4787234042553192,3702.8079367698156,0.15,150,5,0.11555555555555558,0.5267349259332381,1.9261608400039014,0.0
mtd_ai,200,0.005044592611998853,0.47619047619047616,4898.232173569602,0.2,150,5,0.11555555555555558,0.5267349259332381,1.9261608400039014,0.0
mtd_ai,200,0.005044592611998853,0.5,5563.440299848897,0.25,150,5,0.11555555555555558,0.5267349259332381,1.9261608400039014,0.0
mtd_ai,200,0.005047145933292661,0.375,1812.2163540871861,0.05,150,5,0.13666666666666666,0.9791452801096125,4.214129689727456,5.666666666666667
mtd_ai,200,0.005047145933292661,0.4166666666666667,3167.5234840189096,0.1,150,5,0.13666666666666666,0.9791452801096125,4.214129689727456,5.666666666666667
mtd_ai,200,0.005047145933292661,0.4326923076923077,4340.081527319983,0.15,150,5,0.13666666666666666,0.9791452801096125,4.214129689727456,5.666666666666667
mtd_ai,200,0.005047145933292661,0.4918032786885246,4769.064258822332,0.2,150,5,0.13666666666666666,0.9791452801096125,4.214129689727456,5.666666666666667
mtd_ai,200,0.005047145933292661,0.528169014084507,5240.3360632409385,0.25,150,5,0.13666666666666666,0.9791452801096125,4.214129689727456,5.666666666666667
mtd_ai,200,0.005069235222542105,0.4166666666666667,1631.4937130437797,0.05,150,5,0.13944444444444445,0.41655753531341866,1.8129019909403068,0.0
mtd_ai,200,0.005069235222542105,0.39473684210526316,3483.1529876082386,0.1,150,5,0.13944444444444445,0.41655753531341866,1.8129019909403068,0.0
mtd_ai,200,0.005069235222542105,0.4787234042553192,3994.353887066607,0.15,150,5,0.13944444444444445,0.41655753531341866,1.8129019909403068,0.0
mtd_ai,200,0.005069235222542105,0.4411764705882353,6029.580679141046,0.2,150,5,0.13944444444444445,0.41655753531341866,1.8129019909403068,0.0
mtd_ai,200,0.005069235222542105,0.487012987012987,6322.445397427668,0.25,150,5,0.13944444444444445,0.41655753531341866,1.8129019909403068,0.0
mtd_ai,200,0.005040658507994719,0.21428571428571427,2781.5038152828533,0.05,150,5,0.12155555555555556,2.329666861155925,4.992609242925928,0.0
mtd_ai,200,0.005040658507994719,0.28846153846153844,4277.753818525955,0.1,150,5,0.12155555555555556,2.329666861155925,4.992609242925928,0.0
mtd_ai,200,0.005040658507994719,0.34615384615384615,5258.2581039052275,0.15,150,5,0.12155555555555556,2.329666861155925,4.992609242925928,0.0
mtd_ai,200,0.005040658507994719,0.4,5670.043973908534,0.2,150,5,0.12155555555555556,2.329666861155925,4.992609242925928,0.0
mtd_ai,200,0.005040658507994719,0.45180722891566266,6084.215955472902,0.25,150,5,0.12155555555555556,2.329666861155925,4.992609242925928,0.0
mtd_ai,200,0.005041762329874797,0.32608695652173914,1929.444823236494,0.05,150,5,0.12666666666666668,0.6909107234989322,2.72994090340515,0.0
mtd_ai,200,0.005041762329874797,0.40540540540540543,2862.904538553036,0.1,150,5,0.12666666666666668,0.6909107234989322,2.72994090340515,0.0
mtd_ai,200,0.005041762329874797,0.4166666666666667,3684.153575675963,0.15,150,5,0.12666666666666668,0.6909107234989322,2.72994090340515,0.0
mtd_ai,200,0.005041762329874797,0.43478260869565216,4826.0105588936385,0.2,150,5,0.12666666666666668,0.6909107234989322,2.72994090340515,0.0
mtd_ai,200,0.005041762329874797,0.45180722891566266,5525.167022193939,0.25,150,5,0.12666666666666668,0.6909107234989322,2.72994090340515,0.0
mtd_ai,200,0.005055581906360079,0.46875,1406.2460662899914,0.05,150,5,0.15666666666666668,0.37282515779924824,1.4534777317508638,0.0
mtd_ai,200,0.005055581906360079,0.5357142857142857,1958.4448367068717,0.1,150,5,0.15666666666666668,0.37282515779924824,1.4534777317508638,0.0
mtd_ai,200,0.005055581906360079,0.5487804878048781,2672.9478721105615,0.15,150,5,0.15666666666666668,0.37282515779924824,1.4534777317508638,0.0
mtd_ai,200,0.005055581906360079,0.37037037037037035,4681.186875820715,0.2,150,5,0.15666666666666668,0.37282515779924824,1.4534777317508638,0.0
mtd_ai,200,0.005055581906360079,0.4076086956521739,5150.425922727851,0.25,150,5,0.15666666666666668,0.37282515779924824,1.4534777317508638,0.0
mtd_ai,200,0.00502965723043585,0.19230769230769232,3615.8574632989075,0.05,150,5,0.15944444444444442,0.9296839606476223,3.8851570844750567,0.0
mtd_ai,200,0.00502965723043585,0.26785714285714285,4835.460215492352,0.1,150,5,0.15944444444444442,0.9296839606476223,3.8851570844750567,0.0
mtd_ai,200,0.00502965723043585,0.3082191780821918,6482.3219762767585,0.15,150,5,0.15944444444444442,0.9296839606476223,3.8851570844750567,0.0
mtd_ai,200,0.00502965723043585,0.3448275862068966,7037.726565503257,0.2,150,5,0.15944444444444442,0.9296839606476223,3.8851570844750567,0.0
mtd_ai,200,0.00502965723043585,0.36764705882352944,7703.116411809056,0.25,150,5,0.15944444444444442,0.9296839606476223,3.8851570844750567,0.0
mtd_ai,200,0.00504487739384499,0.26785714285714285,2016.8345048985793,0.05,150,5,0.15466666666666667,0.23827593925687596,0.293244043218152,0.0
mtd_ai,200,0.00504487739384499,0.3409090909090909,2990.258516172592,0.1,150,5,0.15466666666666667,0.23827593925687596,0.293244043218152,0.0
mtd_ai,200,0.00504487739384499,0.375,4153.704760017614,0.15,150,5,0.15466666666666667,0.23827593925687596,0.293244043218152,0.0
mtd_ai,200,0.00504487739384499,0.4166666666666667,4884.470713292114,0.2,150,5,0.15466666666666667,0.23827593925687596,0.293244043218152,0.0
mtd_ai,200,0.00504487739384499,0.436046511627907,5841.967861074551,0.25,150,5,0.15466666666666667,0.23827593925687596,0.293244043218152,0.0
mtd_ai,200,0.005041951423370644,0.22058823529411764,3315.9795172225786,0.05,150,5,0.14166666666666666,0.23159463678121325,0.5844595119173495,0.0
mtd_ai,200,0.005041951423370644,0.30612244897959184,4034.163836310995,0.1,150,5,0.14166666666666666,0.23159463678121325,0.5844595119173495,0.0
mtd_ai,200,0.005041951423370644,0.3813559322033898,4507.478322327625,0.15,150,5,0.14166666666666666,0.23159463678121325,0.5844595119173495,0.0
mtd_ai,200,0.005041951423370644,0.38961038961038963,6141.883017902341,0.2,150,5,0.14166666666666666,0.23159463678121325,0.5844595119173495,0.0
mtd_ai,200,0.005041951423370644,0.42613636363636365,6656.163947371951,0.25,150,5,0.14166666666666666,0.23159463678121325,0.5844595119173495,0.0
mtd_ai,200,0.005061770316739875,0.4411764705882353,1542.4030060479022,0.05,150,5,0.15685185185185185,0.7832612160465808,2.9593152691831834,0.0
mtd_ai,200,0.005061770316739875,0.5172413793103449,2274.890643986104,0.1,150,5,0.15685185185185185,0.7832612160465808,2.9593152691831834,0.0
mtd_ai,200,0.005061770316739875,0.46875,3555.673488835817,0.15,150,5,0.15685185185185185,0.7832612160465808,2.9593152691831834,0.0
mtd_ai,200,0.005061770316739875,0.4918032786885246,4107.785333711762,0.2,150,5,0.15685185185185185,0.7832612160465808,2.9593152691831834,0.0
mtd_ai,200,0.005061770316739875,0.5208333333333334,4667.359032477929,0.25,150,5,0.15685185185185185,0.7832612160465808,2.9593152691831834,0.0
mtd_ai,200,0.0050632799937669086,0.375,1748.8547354000243,0.05,150,5,0.11333333333333333,1.150957784486551,1.592342257985712,0.0
mtd_ai,200,0.0050632799937669086,0.40540540540540543,3195.5077967954903,0.1,150,5,0.11333333333333333,1.150957784486551,1.592342257985712,0.0
mtd_ai,200,0.0050632799937669086,0.45,4333.564305292435,0.15,150,5,0.11333333333333333,1.150957784486551,1.592342257985712,0.0
mtd_ai,200,0.0050632799937669086,0.4225352112676056,5766.1843888081985,0.2,150,5,0.11333333333333333,1.150957784486551,1.592342257985712,0.0
mtd_ai,200,0.0050632799937669086,0.45180722891566266,6475.2235185700665,0.25,150,5,0.11333333333333333,1.150957784486551,1.592342257985712,0.0
mtd_ai,200,0.005070051882272719,0.25862068965517243,2963.5436965590043,0.05,150,5,0.13555555555555554,0.6987198219583788,2.966679529022444,0.0
mtd_ai,200,0.005070051882272719,0.3488372093023256,3780.762990952995,0.1,150,5,0.13555555555555554,0.6987198219583788,2.966679529022444,0.0
mtd_ai,200,0.005070051882272719,0.36885245901639346,4583.205722594746,0.15,150,5,0.13555555555555554,0.6987198219583788,2.966679529022444,0.0
mtd_ai,200,0.005070051882272719,0.40540540540540543,5042.689165156556,0.2,150,5,0.13555555555555554,0.6987198219583788,2.966679529022444,0.0
mtd_ai,200,0.005070051882272719,0.42134831460674155,5937.620172668667,0.25,150,5,0.13555555555555554,0.6987198219583788,2.966679529022444,0.0
mtd_ai,200,0.005072386040552176,0.3125,2491.772505344038,0.05,150,5,0.13333333333333333,0.6778171211400599,0.7751621523105137,0.0
mtd_ai,200,0.005072386040552176,0.40540540540540543,3691.0511623856073,0.1,150,5,0.13333333333333333,0.6778171211400599,0.7751621523105137,0.0
mtd_ai,200,0.005072386040552176,0.4411764705882353,4858.063986975499,0.15,150,5,0.13333333333333333,0.6778171211400599,0.7751621523105137,0.0
mtd_ai,200,0.005072386040552176,0.46153846153846156,5712.194777367174,0.2,150,5,0.13333333333333333,0.6778171211400599,0.7751621523105137,0.0
mtd_ai,200,0.005072386040552176,0.5,6129.979857350813,0.25,150,5,0.13333333333333333,0.6778171211400599,0.7751621523105137,0.0
mtd_ai,200,0.00505075411396709,0.32608695652173914,2902.866860064738,0.05,150,5,0.13333333333333333,0.6269641468629928,2.796900266115563,0.0
mtd_ai,200,0.00505075411396709,0.42857142857142855,3617.679844778341,0.1,150,5,0.13333333333333333,0.6269641468629928,2.796900266115563,0.0
mtd_ai,200,0.00505075411396709,0.5232558139534884,4140.773588222786,0.15,150,5,0.13333333333333333,0.6269641468629928,2.796900266115563,0.0
mtd_ai,200,0.00505075411396709,0.5084745762711864,5195.767782619991,0.2,150,5,0.13333333333333333,0.6269641468629928,2.796900266115563,0.0
mtd_ai,200,0.00505075411396709,0.5434782608695652,5639.476434545466,0.25,150,5,0.13333333333333333,0.6269641468629928,2.796900266115563,0.0
mtd_ai,200,0.00504449623713364,0.3125,2470.680315394424,0.05,150,5,0.13666666666666666,0.5756446499057124,2.538904145711161,0.0
mtd_ai,200,0.00504449623713364,0.40540540540540543,3271.5244522330495,0.1,150,5,0.13666666666666666,0.5756446499057124,2.538904145711161,0.0
mtd_ai,200,0.00504449623713364,0.45,4140.577249891253,0.15,150,5,0.13666666666666666,0.5756446499057124,2.538904145711161,0.0
mtd_ai,200,0.00504449623713364,0.5084745762711864,4615.133952800749,0.2,150,5,0.13666666666666666,0.5756446499057124,2.538904145711161,0.0
mtd_ai,200,0.00504449623713364,0.46875,5543.306562816965,0.25,150,5,0.13666666666666666,0.5756446499057124,2.538904145711161,0.0
mtd_ai,200,0.005083575563378595,0.46875,1268.62118676737,0.05,150,5,0.1322222222222222,0.4297019797691343,1.8544137946661208,0.0
mtd_ai,200,0.005083575563378595,0.4166666666666667,3466.76270256748,0.1,150,5,0.1322222222222222,0.4297019797691343,1.8544137946661208,0.0
mtd_ai,200,0.005083575563378595,0.42452830188679247,4379.924150221395,0.15,150,5,0.1322222222222222,0.4297019797691343,1.8544137946661208,0.0
mtd_ai,200,0.005083575563378595,0.46875,4911.368491502504,0.2,150,5,0.1322222222222222,0.4297019797691343,1.8544137946661208,0.0
mtd_ai,200,0.005083575563378595,0.4934210526315789,5609.288982864897,0.25,150,5,0.1322222222222222,0.4297019797691343,1.8544137946661208,0.0
mtd_ai,200,0.005040951797613977,0.3409090909090909,2315.8266677885163,0.05,150,5,0.09666666666666666,1.6794922704976105,1.530231175037328,0.0
mtd_ai,200,0.005040951797613977,0.32608695652173914,3731.3264934048766,0.1,150,5,0.09666666666666666,1.6794922704976105,1.530231175037328,0.0
mtd_ai,200,0.005040951797613977,0.3879310344827586,4476.791990678489,0.15,150,5,0.09666666666666666,1.6794922704976105,1.530231175037328,0.0
mtd_ai,200,0.005040951797613977,0.38461538461538464,5819.302504541611,0.2,150,5,0.09666666666666666,1.6794922704976105,1.530231175037328,0.0
mtd_ai,200,0.005040951797613977,0.41208791208791207,6510.738734145676,0.25,150,5,0.09666666666666666,1.6794922704976105,1.530231175037328,0.0
mtd_ai,200,0.0050459629607557625,0.4166666666666667,1702.684470043221,0.05,150,5,0.1,2.145131089460268,0.9812316303981999,0.0
mtd_ai,200,0.0050459629607557625,0.38461538461538464,3411.6871490252342,0.1,150,5,0.1,2.145131089460268,0.9812316303981999,0.0
mtd_ai,200,0.0050459629607557625,0.4411764705882353,4311.573641777562,0.15,150,5,0.1,2.145131089460268,0.9812316303981999,0.0
mtd_ai,200,0.0050459629607557625,0.46875,4903.140830037103,0.2,150,5,0.1,2.145131089460268,0.9812316303981999,0.0
mtd_ai,200,0.0050459629607557625,0.5067567567567568,5443.420496024816,0.25,150,5,0.1,2.145131089460268,0.9812316303981999,0.0
mtd_ai,200,0.005060506929002049,0.375,1747.4743616536703,0.05,150,5,0.07,0.5540180488466343,1.3339772458088779,0.0
mtd_ai,200,0.005060506929002049,0.38461538461538464,3458.0522686658396,0.1,150,5,0.07,0.5540180488466343,1.3339772458088779,0.0
mtd_ai,200,0.005060506929002049,0.45918367346938777,4103.672682528758,0.15,150,5,0.07,0.5540180488466343,1.3339772458088779,0.0
mtd_ai,200,0.005060506929002049,0.4918032786885246,4621.500492092452,0.2,150,5,0.07,0.5540180488466343,1.3339772458088779,0.0
mtd_ai,200,0.005060506929002049,0.5357142857142857,4923.911226596405,0.25,150,5,0.07,0.5540180488466343,1.3339772458088779,0.0
mtd_ai,200,0.005061166093564179,0.3125,2430.044269489319,0.05,150,5,0.17644444444444443,0.11750505717066462,0.5283448696308332,0.0
mtd_ai,200,0.005061166093564179,0.2830188679245283,4625.975109426561,0.1,150,5,0.17644444444444443,0.11750505717066462,0.5283448696308332,0.0
mtd_ai,200,0.005061166093564179,0.35714285714285715,5199.4135685311885,0.15,150,5,0.17644444444444443,0.11750505717066462,0.5283448696308332,0.0
mtd_ai,200,0.005061166093564179,0.39473684210526316,5831.865005606396,0.2,150,5,0.17644444444444443,0.11750505717066462,0.5283448696308332,0.0
mtd_ai,200,0.005061166093564179,0.4411764705882353,6342.9945034980465,0.25,150,5,0.17644444444444443,0.11750505717066462,0.5283448696308332,0.0
mtd_ai,200,0.005073340459795054,0.3409090909090909,2176.6601148509308,0.05,150,5,0.08,1.2497834592399275,4.2664131420023015,0.0
mtd_ai,200,0.005073340459795054,0.35714285714285715,4208.378362488533,0.1,150,5,0.08,1.2497834592399275,4.2664131420023015,0.0
mtd_ai,200,0.005073340459795054,0.42452830188679247,4742.945073131249,0.15,150,5,0.08,1.2497834592399275,4.2664131420023015,0.0
mtd_ai,200,0.005073340459795054,0.43478260869565216,5772.248732447762,0.2,150,5,0.08,1.2497834592399275,4.2664131420023015,0.0
mtd_ai,200,0.005073340459795054,0.487012987012987,6153.266698636164,0.25,150,5,0.08,1.2497834592399275,4.2664131420023015,0.0
mtd_ai,200,0.005067703572763468,0.35714285714285715,2159.624359201919,0.05,150,5,0.12200000000000001,0.4113289370406486,1.7504320153447597,0.0
mtd_ai,200,0.005067703572763468,0.38461538461538464,3471.5330813060796,0.1,150,5,0.12200000000000001,0.4113289370406486,1.7504320153447597,0.0
mtd_ai,200,0.005067703572763468,0.4017857142857143,5165.64902523461,0.15,150,5,0.12200000000000001,0.4113289370406486,1.7504320153447597,0.0
mtd_ai,200,0.005067703572763468,0.44776119402985076,5575.103136733874,0.2,150,5,0.12200000000000001,0.4113289370406486,1.7504320153447597,0.0
mtd_ai,200,0.005067703572763468,0.487012987012987,5906.4058035842245,0.25,150,5,0.12200000000000001,0.4113289370406486,1.7504320153447597,0.0
mtd_ai,200,0.005058864617255499,0.25,3384.4720444699747,0.05,150,5,0.3333333333333333,0.06794820982102119,0.28689014814783487,0.0
mtd_ai,200,0.005058864617255499,0.2830188679245283,5476.494810903772,0.1,150,5,0.3333333333333333,0.06794820982102119,0.28689014814783487,0.0
mtd_ai,200,0.005058864617255499,0.3358208955223881,6269.57947690519,0.15,150,5,0.3333333333333333,0.06794820982102119,0.28689014814783487,0.0
mtd_ai,200,0.005058864617255499,0.379746835443038,6794.166030939765,0.2,150,5,0.3333333333333333,0.06794820982102119,0.28689014814783487,0.0
mtd_ai,200,0.005058864617255499,0.39893617021276595,7314.684498967145,0.25,150,5,0.3333333333333333,0.06794820982102119,0.28689014814783487,0.0
mtd_ai,200,0.0050399056271095794,0.4166666666666667,1650.3601243088688,0.05,150,5,0.11666666666666667,0.18918800644416922,0.823230580073529,0.0
mtd_ai,200,0.0050399056271095794,0.38461538461538464,3279.337920791132,0.1,150,5,0.11666666666666667,0.18918800644416922,0.823230580073529,0.0
mtd_ai,200,0.0050399056271095794,0.39473684210526316,5134.844803797908,0.15,150,5,0.11666666666666667,0.18918800644416922,0.823230580073529,0.0
mtd_ai,200,0.0050399056271095794,0.4225352112676056,5763.076419541997,0.2,150,5,0.11666666666666667,0.18918800644416922,0.823230580073529,0.0
mtd_ai,200,0.0050399056271095794,0.46875,6007.352307132275,0.25,150,5,0.11666666666666667,0.18918800644416922,0.823230580073529,0.0
mtd_ai,200,0.0050333283927465325,0.234375,2663.665603449286,0.05,150,5,0.101,0.32135802169745925,1.3858112319914877,0.0
mtd_ai,200,0.0050333283927465325,0.21739130434782608,6082.553606692578,0.1,150,5,0.101,0.32135802169745925,1.3858112319914877,0.0
mtd_ai,200,0.0050333283927465325,0.29605263157894735,6295.181996724414,0.15,150,5,0.101,0.32135802169745925,1.3858112319914877,0.0
mtd_ai,200,0.0050333283927465325,0.3448275862068966,6772.340754504197,0.2,150,5,0.101,0.32135802169745925,1.3858112319914877,0.0
mtd_ai,200,0.0050333283927465325,0.39473684210526316,7103.205913419826,0.25,150,5,0.101,0.32135802169745925,1.3858112319914877,0.0
mtd_ai,200,0.005034150492617679,0.20270270270270271,4356.525416685591,0.05,150,5,0.12200000000000001,0.9594850379123104,4.1222145278078015,0.0
mtd_ai,200,0.005034150492617679,0.3125,5099.867052829268,0.1,150,5,0.12200000000000001,0.9594850379123104,4.1222145278078015,0.0
mtd_ai,200,0.005034150492617679,0.3813559322033898,5586.530052153927,0.15,150,5,0.12200000000000001,0.9594850379123104,4.1222145278078015,0.0
mtd_ai,200,0.005034150492617679,0.379746835443038,6513.100641319697,0.2,150,5,0.12200000000000001,0.9594850379123104,4.1222145278078015,0.0
mtd_ai,200,0.005034150492617679,0.4076086956521739,7225.6824548738105,0.25,150,5,0.12200000000000001,0.9594850379123104,4.1222145278078015,0.0
mtd_ai,200,0.0050778024538748485,0.39473684210526316,1912.1960795548605,0.05,150,5,0.14422222222222222,0.7948524028925015,2.8025566271906603,0.0
mtd_ai,200,0.0050778024538748485,0.38461538461538464,3181.930294640274,0.1,150,5,0.14422222222222222,0.7948524028925015,2.8025566271906603,0.0
mtd_ai,200,0.0050778024538748485,0.3879310344827586,4623.924097833757,0.15,150,5,0.14422222222222222,0.7948524028925015,2.8025566271906603,0.0
mtd_ai,200,0.0050778024538748485,0.40540540540540543,5539.108195613995,0.2,150,5,0.14422222222222222,0.7948524028925015,2.8025566271906603,0.0
mtd_ai,200,0.0050778024538748485,0.4411764705882353,5909.331452581211,0.25,150,5,0.14422222222222222,0.7948524028925015,2.8025566271906603,0.0
mtd_ai,200,0.005072300547890239,0.3409090909090909,2233.2390213146455,0.05,150,5,0.13916666666666666,0.010544138563571335,0.015265063579967863,0.0
mtd_ai,200,0.005072300547890239,0.38461538461538464,3327.1627566713632,0.1,150,5,0.13916666666666666,0.010544138563571335,0.015265063579967863,0.0
mtd_ai,200,0.005072300547890239,0.45918367346938777,3973.316798519457,0.15,150,5,0.13916666666666666,0.010544138563571335,0.015265063579967863,0.0
mtd_ai,200,0.005072300547890239,0.46153846153846156,5150.257253960484,0.2,150,5,0.13916666666666666,0.010544138563571335,0.015265063579967863,0.0
mtd_ai,200,0.005072300547890239,0.5067567567567568,5679.436017128461,0.25,150,5,0.13916666666666666,0.010544138563571335,0.015265063579967863,0.0
mtd_ai,200,0.005058836195443809,0.3409090909090909,2052.913710091187,0.05,150,5,0.14366666666666666,1.7302686372066105,4.79781410822383,0.0
mtd_ai,200,0.005058836195443809,0.3333333333333333,3862.321196562231,0.1,150,5,0.14366666666666666,1.7302686372066105,4.79781410822383,0.0
mtd_ai,200,0.005058836195443809,0.3813559322033898,4680.155196574722,0.15,150,5,0.14366666666666666,1.7302686372066105,4.79781410822383,0.0
mtd_ai,200,0.005058836195443809,0.379746835443038,5819.388592431316,0.2,150,5,0.14366666666666666,1.7302686372066105,4.79781410822383,0.0
mtd_ai,200,0.005058836195443809,0.3472222222222222,7547.106027115754,0.25,150,5,0.14366666666666666,1.7302686372066105,4.79781410822383,0.0
mtd_ai,200,0.005080972542170386,0.35714285714285715,1874.292573225602,0.05,150,5,0.1716666666666667,23.65500726641641,4.848691070874986,0.0
mtd_ai,200,0.005080972542170386,0.3488372093023256,3317.393617613273,0.1,150,5,0.1716666666666667,23.65500726641641,4.848691070874986,0.0
mtd_ai,200,0.005080972542170386,0.42452830188679247,3706.319183593505,0.15,150,5,0.1716666666666667,23.65500726641641,4.848691070874986,0.0
mtd_ai,200,0.005080972542170386,0.44776119402985076,4468.292986394608,0.2,150,5,0.1716666666666667,23.65500726641641,4.848691070874986,0.0
mtd_ai,200,0.005080972542170386,0.4807692307692308,5084.1133280705235,0.25,150,5,0.1716666666666667,23.65500726641641,4.848691070874986,0.0
mtd_ai,200,0.005078366661411892,0.4411764705882353,1376.702036042464,0.05,150,5,0.15044444444444444,0.7199606383471768,2.916650052948398,0.0
mtd_ai,200,0.005078366661411892,0.4411764705882353,3014.2475295750587,0.1,150,5,0.15044444444444444,0.7199606383471768,2.916650052948398,0.0
mtd_ai,200,0.005078366661411892,0.4891304347826087,3964.0061048447224,0.15,150,5,0.15044444444444444,0.7199606383471768,2.916650052948398,0.0
mtd_ai,200,0.005078366661411892,0.5263157894736842,4605.15223006292,0.2,150,5,0.15044444444444444,0.7199606383471768,2.916650052948398,0.0
mtd_ai,200,0.005078366661411892,0.5357142857142857,5559.852085038767,0.25,150,5,0.15044444444444444,0.7199606383471768,2.916650052948398,0.0
mtd_ai,200,0.005056659604819503,0.3125,2301.9927304863045,0.05,150,5,0.12333333333333334,0.03968688675124808,0.06951731483343733,0.0
mtd_ai,200,0.005056659604819503,0.32608695652173914,4463.876845225366,0.1,150,5,0.12333333333333334,0.03968688675124808,0.06951731483343733,0.0
mtd_ai,200,0.005056659604819503,0.4017857142857143,5184.249109037018,0.15,150,5,0.12333333333333334,0.03968688675124808,0.06951731483343733,0.0
mtd_ai,200,0.005056659604819503,0.4411764705882353,6023.826175151031,0.2,150,5,0.12333333333333334,0.03968688675124808,0.06951731483343733,0.0
mtd_ai,200,0.005056659604819503,0.47468354430379744,6792.623787296394,0.25,150,5,0.12333333333333334,0.03968688675124808,0.06951731483343733,0.0
mtd_ai,200,0.005034000477123942,0.3409090909090909,2394.4926773644393,0.05,150,5,0.12,0.7435958102233355,3.2052898908152696,0.0
mtd_ai,200,0.005034000477123942,0.38461538461538464,3595.9461303946537,0.1,150,5,0.12,0.7435958102233355,3.2052898908152696,0.0
mtd_ai,200,0.005034000477123942,0.4326923076923077,4609.640546591789,0.15,150,5,0.12,0.7435958102233355,3.2052898908152696,0.0
mtd_ai,200,0.005034000477123942,0.43478260869565216,6369.096108035639,0.2,150,5,0.12,0.7435958102233355,3.2052898908152696,0.0
mtd_ai,200,0.005034000477123942,0.46875,7096.290505565792,0.25,150,5,0.12,0.7435958102233355,3.2052898908152696,0.0
mtd_ai,200,0.005051562552293682,0.75,898.9129546308479,0.05,150,5,0.05263157894736842,0.8633127636695692,3.611895874019565,0.0
mtd_ai,200,0.005051562552293682,0.4838709677419355,3095.165712636898,0.1,150,5,0.05263157894736842,0.8633127636695692,3.611895874019565,0.0
mtd_ai,200,0.005051562552293682,0.5,4122.060756570565,0.15,150,5,0.05263157894736842,0.8633127636695692,3.611895874019565,0.0
mtd_ai,200,0.005051562552293682,0.5084745762711864,4807.174675842736,0.2,150,5,0.05263157894736842,0.8633127636695692,3.611895874019565,0.0
mtd_ai,200,0.005051562552293682,0.5357142857142857,5381.102249936381,0.25,150,5,0.05263157894736842,0.8633127636695692,3.611895874019565,0.0
mtd_ai,200,0.005057294268434951,0.3,3143.9870894199084,0.05,150,5,0.14705882352941177,0.8818368051109307,3.4791250841532144,0.0
mtd_ai,200,0.005057294268434951,0.38461538461538464,3938.6688913337694,0.1,150,5,0.14705882352941177,0.8818368051109307,3.4791250841532144,0.0
mtd_ai,200,0.005057294268434951,0.45,4571.3836487494,0.15,150,5,0.14705882352941177,0.8818368051109307,3.4791250841532144,0.0
mtd_ai,200,0.005057294268434951,0.38461538461538464,7048.810032691765,0.2,150,5,0.14705882352941177,0.8818368051109307,3.4791250841532144,0.0
mtd_ai,200,0.005057294268434951,0.42134831460674155,7585.959305681526,0.25,150,5,0.14705882352941177,0.8818368051109307,3.4791250841532144,0.0
mtd_ai,200,0.005066239820614475,0.3125,2226.5173153211254,0.05,150,5,0.1398095238095238,0.910170300061387,3.607868021309548,0.0
mtd_ai,200,0.005066239820614475,0.32608695652173914,3816.7044232010385,0.1,150,5,0.1398095238095238,0.910170300061387,3.607868021309548,0.0
mtd_ai,200,0.005066239820614475,0.375,4846.795167032689,0.15,150,5,0.1398095238095238,0.910170300061387,3.607868021309548,0.0
mtd_ai,200,0.005066239820614475,0.40540540540540543,5806.393560309647,0.2,150,5,0.1398095238095238,0.910170300061387,3.607868021309548,0.0
mtd_ai,200,0.005066239820614475,0.43103448275862066,6375.644174602814,0.25,150,5,0.1398095238095238,0.910170300061387,3.607868021309548,0.0
mtd_ai,200,0.005044858871898456,0.26785714285714285,1865.3955270538875,0.05,150,5,0.14555555555555555,0.7914333045859769,3.4287605884764263,0.0
mtd_ai,200,0.005044858871898456,0.32608695652173914,3166.7035933661473,0.1,150,5,0.14555555555555555,0.7914333045859769,3.4287605884764263,0.0
mtd_ai,200,0.005044858871898456,0.39473684210526316,3988.2501729354553,0.15,150,5,0.14555555555555555,0.7914333045859769,3.4287605884764263,0.0
mtd_ai,200,0.005044858871898456,0.40540540540540543,5316.167755307799,0.2,150,5,0.14555555555555555,0.7914333045859769,3.4287605884764263,0.0
mtd_ai,200,0.005044858871898456,0.436046511627907,5750.875988686556,0.25,150,5,0.14555555555555555,0.7914333045859769,3.4287605884764263,0.0
mtd_ai,200,0.0050381092658902385,0.25862068965517243,3050.42833609966,0.05,150,5,0.1522222222222222,3.5536249681079455,5.9427777339211465,0.0
mtd_ai,200,0.0050381092658902385,0.35714285714285715,3832.1410432045163,0.1,150,5,0.1522222222222222,3.5536249681079455,5.9427777339211465,0.0
mtd_ai,200,0.0050381092658902385,0.4090909090909091,4884.642811413811,0.15,150,5,0.1522222222222222,3.5536249681079455,5.9427777339211465,0.0
mtd_ai,200,0.0050381092658902385,0.4411764705882353,5707.3788137632055,0.2,150,5,0.1522222222222222,3.5536249681079455,5.9427777339211465,0.0
mtd_ai,200,0.0050381092658902385,0.4807692307692308,6131.056687745797,0.25,150,5,0.1522222222222222,3.5536249681079455,5.9427777339211465,0.0
mtd_ai,200,0.0050690263529966076,0.2777777777777778,2949.8684692074057,0.05,150,5,0.13333333333333333,4.734448511846483,6.0681575655918065,0.0
mtd_ai,200,0.0050690263529966076,0.3409090909090909,3808.8755874888034,0.1,150,5,0.13333333333333333,4.734448511846483,6.0681575655918065,0.0
mtd_ai,200,0.0050690263529966076,0.39473684210526316,4595.1539171297845,0.15,150,5,0.13333333333333333,4.734448511846483,6.0681575655918065,0.0
mtd_ai,200,0.0050690263529966076,0.42857142857142855,5344.138194787942,0.2,150,5,0.13333333333333333,4.734448511846483,6.0681575655918065,0.0
mtd_ai,200,0.0050690263529966076,0.436046511627907,6231.550710930624,0.25,150,5,0.13333333333333333,4.734448511846483,6.0681575655918065,0.0
mtd_ai,200,0.005046642622708157,0.2777777777777778,3020.349933425843,0.05,150,5,0.1322222222222222,0.701131288959227,3.128469009168174,0.0
mtd_ai,200,0.005046642622708157,0.3191489361702128,4972.587108216296,0.1,150,5,0.1322222222222222,0.701131288959227,3.128469009168174,0.0
mtd_ai,200,0.005046642622708157,0.3879310344827586,5417.046282124753,0.15,150,5,0.1322222222222222,0.701131288959227,3.128469009168174,0.0
mtd_ai,200,0.005046642622708157,0.43478260869565216,5831.32013133016,0.2,150,5,0.1322222222222222,0.701131288959227,3.128469009168174,0.0
mtd_ai,200,0.005046642622708157,0.4807692307692308,6213.034411001388,0.25,150,5,0.1322222222222222,0.701131288959227,3.128469009168174,0.0
mtd_ai,200,0.005044814482516078,0.375,1799.3667737854887,0.05,150,5,0.13888888888888887,0.4041821316123294,1.3341733164909857,0.0
mtd_ai,200,0.005044814482516078,0.375,3463.414651037049,0.1,150,5,0.13888888888888887,0.4041821316123294,1.3341733164909857,0.0
mtd_ai,200,0.005044814482516078,0.4166666666666667,4364.443592016731,0.15,150,5,0.13888888888888887,0.4041821316123294,1.3341733164909857,0.0
mtd_ai,200,0.005044814482516078,0.4411764705882353,5302.0267460552695,0.2,150,5,0.13888888888888887,0.4041821316123294,1.3341733164909857,0.0
mtd_ai,200,0.005044814482516078,0.44642857142857145,6365.379064606545,0.25,150,5,0.13888888888888887,0.4041821316123294,1.3341733164909857,0.0
mtd_ai,200,0.005064718489612485,0.24193548387096775,3527.8246681687833,0.05,150,5,0.17400000000000002,1.631731187864048,3.948573729920226,0.0
mtd_ai,200,0.005064718489612485,0.32608695652173914,4470.108884512094,0.1,150,5,0.17400000000000002,1.631731187864048,3.948573729920226,0.0
mtd_ai,200,0.005064718489612485,0.39473684210526316,5400.357731515242,0.15,150,5,0.17400000000000002,1.631731187864048,3.948573729920226,0.0
mtd_ai,200,0.005064718489612485,0.42857142857142855,6017.650260250312,0.2,150,5,0.17400000000000002,1.631731187864048,3.948573729920226,0.0
mtd_ai,200,0.005064718489612485,0.42613636363636365,6614.680305456179,0.25,150,5,0.17400000000000002,1.631731187864048,3.948573729920226,0.0
mtd_ai,200,0.005071338372444794,0.35714285714285715,1989.3621284382234,0.05,150,5,0.18533333333333335,0.17086180885730556,0.6618932929295633,0.0
mtd_ai,200,0.005071338372444794,0.40540540540540543,3486.4205233484163,0.1,150,5,0.18533333333333335,0.17086180885730556,0.6618932929295633,0.0
mtd_ai,200,0.005071338372444794,0.4326923076923077,4496.417083153871,0.15,150,5,0.18533333333333335,0.17086180885730556,0.6618932929295633,0.0
mtd_ai,200,0.005071338372444794,0.43478260869565216,5496.305312350106,0.2,150,5,0.18533333333333335,0.17086180885730556,0.6618932929295633,0.0
mtd_ai,200,0.005071338372444794,0.46296296296296297,6141.675814297837,0.25,150,5,0.18533333333333335,0.17086180885730556,0.6618932929295633,0.0
mtd_ai,200,0.005086425955875017,0.3409090909090909,1876.2710080127406,0.05,150,5,0.12166666666666667,0.32267948628063475,1.0256141577346742,0.0
mtd_ai,200,0.005086425955875017,0.40540540540540543,3237.1634624931976,0.1,150,5,0.12166666666666667,0.32267948628063475,1.0256141577346742,0.0
mtd_ai,200,0.005086425955875017,0.45,3909.3725959465464,0.15,150,5,0.12166666666666667,0.32267948628063475,1.0256141577346742,0.0
mtd_ai,200,0.005086425955875017,0.47619047619047616,4612.113071348527,0.2,150,5,0.12166666666666667,0.32267948628063475,1.0256141577346742,0.0
mtd_ai,200,0.005086425955875017,0.5067567567567568,5099.923287764575,0.25,150,5,0.12166666666666667,0.32267948628063475,1.0256141577346742,0.0
mtd_ai,200,0.005058459127306979,0.22727272727272727,2985.2868133858938,0.05,150,5,0.5,0.6333459694208945,2.7519074317887853,0.0
mtd_ai,200,0.005058459127306979,0.30612244897959184,4561.288649331084,0.1,150,5,0.5,0.6333459694208945,2.7519074317887853,0.0
mtd_ai,200,0.005058459127306979,0.36885245901639346,5295.622855898982,0.15,150,5,0.5,0.6333459694208945,2.7519074317887853,0.0
mtd_ai,200,0.005058459127306979,0.38961038961038963,6369.60745405188,0.2,150,5,0.5,0.6333459694208945,2.7519074317887853,0.0
mtd_ai,200,0.005058459127306979,0.39893617021276595,7238.6354048712765,0.25,150,5,0.5,0.6333459694208945,2.7519074317887853,0.0
mtd_ai,200,0.005071413608197278,0.28846153846153844,2424.3269466422034,0.05,150,5,0.15666666666666668,3.220353816923848,6.732790033003623,0.0
mtd_ai,200,0.005071413608197278,0.35714285714285715,3624.5403946020333,0.1,150,5,0.15666666666666668,3.220353816923848,6.732790033003623,0.0
mtd_ai,200,0.005071413608197278,0.4326923076923077,4254.560828344091,0.15,150,5,0.15666666666666668,3.220353816923848,6.732790033003623,0.0
mtd_ai,200,0.005071413608197278,0.45454545454545453,5260.455784413181,0.2,150,5,0.15666666666666668,3.220353816923848,6.732790033003623,0.0
mtd_ai,200,0.005071413608197278,0.487012987012987,5781.873042471068,0.25,150,5,0.15666666666666668,3.220353816923848,6.732790033003623,0.0
mtd_ai,200,0.005092720247591237,0.3,2145.449889159767,0.05,150,5,0.1657037037037037,0.32886853009404166,1.1482712117029952,0.0
mtd_ai,200,0.005092720247591237,0.40540540540540543,2966.7715782836412,0.1,150,5,0.1657037037037037,0.32886853009404166,1.1482712117029952,0.0
mtd_ai,200,0.005092720247591237,0.46875,3606.592291343819,0.15,150,5,0.1657037037037037,0.32886853009404166,1.1482712117029952,0.0
mtd_ai,200,0.005092720247591237,0.5084745762711864,4508.231171194595,0.2,150,5,0.1657037037037037,0.32886853009404166,1.1482712117029952,0.0
mtd_ai,200,0.005092720247591237,0.5434782608695652,4918.3724038388045,0.25,150,5,0.1657037037037037,0.32886853009404166,1.1482712117029952,0.0
mtd_ai,200,0.005084630284072242,0.39473684210526316,1718.7135881588638,0.05,150,5,0.12944444444444442,4.71563899464293,7.776095992888796,0.0
mtd_ai,200,0.005084630284072242,0.46875,2520.726234229222,0.1,150,5,0.12944444444444442,4.71563899464293,7.776095992888796,0.0
mtd_ai,200,0.005084630284072242,0.5232558139534884,3312.476408220119,0.15,150,5,0.12944444444444442,4.71563899464293,7.776095992888796,0.0
mtd_ai,200,0.005084630284072242,0.5084745762711864,4651.596215607569,0.2,150,5,0.12944444444444442,4.71563899464293,7.776095992888796,0.0
mtd_ai,200,0.005084630284072242,0.5434782608695652,5072.579216125063,0.25,150,5,0.12944444444444442,4.71563899464293,7.776095992888796,0.0
mtd_ai,200,0.005055579457718382,0.16666666666666666,5116.2031239809585,0.05,150,5,0.17166666666666666,2.2835868096542886,4.699271491999074,0.0
mtd_ai,200,0.005055579457718382,0.25862068965517243,5755.129081694297,0.1,150,5,0.17166666666666666,2.2835868096542886,4.699271491999074,0.0
mtd_ai,200,0.005055579457718382,0.33088235294117646,6207.809543825742,0.15,150,5,0.17166666666666666,2.2835868096542886,4.699271491999074,0.0
mtd_ai,200,0.005055579457718382,0.37037037037037035,6940.2000020376945,0.2,150,5,0.17166666666666666,2.2835868096542886,4.699271491999074,0.0
mtd_ai,200,0.005055579457718382,0.39893617021276595,7620.105232673692,0.25,150,5,0.17166666666666666,2.2835868096542886,4.699271491999074,0.0
mtd_ai,200,0.0050908175787113385,0.32608695652173914,2094.096742615272,0.05,150,5,0.1338888888888889,0.00387141493151408,0.015398143339090531,0.0
mtd_ai,200,0.0050908175787113385,0.38461538461538464,3428.118552017593,0.1,150,5,0.1338888888888889,0.00387141493151408,0.015398143339090531,0.0
mtd_ai,200,0.0050908175787113385,0.4411764705882353,3901.5233027864697,0.15,150,5,0.1338888888888889,0.00387141493151408,0.015398143339090531,0.0
mtd_ai,200,0.0050908175787113385,0.47619047619047616,4487.941933456017,0.2,150,5,0.1338888888888889,0.00387141493151408,0.015398143339090531,0.0
mtd_ai,200,0.0050908175787113385,0.5067567567567568,4965.601978448244,0.25,150,5,0.1338888888888889,0.00387141493151408,0.015398143339090531,0.0
mtd_ai,200,0.005036487600543659,0.19230769230769232,2870.7504396243294,0.05,150,5,0.11866666666666667,1.062714727685259,3.8754532143880778,0.0
mtd_ai,200,0.005036487600543659,0.26785714285714285,3879.574969769185,0.1,150,5,0.11866666666666667,1.062714727685259,3.8754532143880778,0.0
mtd_ai,200,0.005036487600543659,0.32142857142857145,4885.579984169587,0.15,150,5,0.11866666666666667,1.062714727685259,3.8754532143880778,0.0
mtd_ai,200,0.005036487600543659,0.32967032967032966,5867.886566021283,0.2,150,5,0.11866666666666667,1.062714727685259,3.8754532143880778,0.0
mtd_ai,200,0.005036487600543659,0.3472222222222222,6992.126323084043,0.25,150,5,0.11866666666666667,1.062714727685259,3.8754532143880778,0.0
mtd_ai,200,0.0050840190805369724,0.28846153846153844,2581.5659994174666,0.05,150,5,0.16666666666666666,0.7643235976223202,3.226154076430299,0.0
mtd_ai,200,0.0050840190805369724,0.39473684210526316,3373.0304546930174,0.1,150,5,0.16666666666666666,0.7643235976223202,3.226154076430299,0.0
mtd_ai,200,0.0050840190805369724,0.45,4110.766634685589,0.15,150,5,0.16666666666666666,0.7643235976223202,3.226154076430299,0.0
mtd_ai,200,0.0050840190805369724,0.47619047619047616,4979.759578126526,0.2,150,5,0.16666666666666666,0.7643235976223202,3.226154076430299,0.0
mtd_ai,200,0.0050840190805369724,0.5208333333333334,5392.525443176039,0.25,150,5,0.16666666666666666,0.7643235976223202,3.226154076430299,0.0
mtd_ai,200,0.005061622587559937,0.375,1850.9465596703958,0.05,150,5,0.17500000000000002,0.24514392176482994,0.9201166578476793,0.0
mtd_ai,200,0.005061622587559937,0.39473684210526316,2968.4750248559967,0.1,150,5,0.17500000000000002,0.24514392176482994,0.9201166578476793,0.0
mtd_ai,200,0.005061622587559937,0.3813559322033898,4740.4688925973005,0.15,150,5,0.17500000000000002,0.24514392176482994,0.9201166578476793,0.0
mtd_ai,200,0.005061622587559937,0.4166666666666667,5631.727230277569,0.2,150,5,0.17500000000000002,0.24514392176482994,0.9201166578476793,0.0
mtd_ai,200,0.005061622587559937,0.45180722891566266,6463.755978524896,0.25,150,5,0.17500000000000002,0.24514392176482994,0.9201166578476793,0.0
mtd_ai,200,0.005059721497884271,0.375,2130.9794949917577,0.05,150,5,0.1311111111111111,0.42189547538057465,1.2249210378678663,0.0
mtd_ai,200,0.005059721497884271,0.3488372093023256,4171.537930556802,0.1,150,5,0.1311111111111111,0.42189547538057465,1.2249210378678663,0.0
mtd_ai,200,0.005059721497884271,0.42452830188679247,4908.572047368291,0.15,150,5,0.1311111111111111,0.42189547538057465,1.2249210378678663,0.0
mtd_ai,200,0.005059721497884271,0.46875,5322.873532909854,0.2,150,5,0.1311111111111111,0.42189547538057465,1.2249210378678663,0.0
mtd_ai,200,0.005059721497884271,0.46875,6419.224063370247,0.25,150,5,0.1311111111111111,0.42189547538057465,1.2249210378678663,0.0
mtd_ai,200,0.00505105523168729,0.24193548387096775,3758.810599156083,0.05,150,5,0.1557037037037037,1.5448218354553136,4.412098591799395,0.0
mtd_ai,200,0.00505105523168729,0.3488372093023256,4603.987390126633,0.1,150,5,0.1557037037037037,1.5448218354553136,4.412098591799395,0.0
mtd_ai,200,0.00505105523168729,0.39473684210526316,5245.330236616608,0.15,150,5,0.1557037037037037,1.5448218354553136,4.412098591799395,0.0
mtd_ai,200,0.00505105523168729,0.4,6954.852341299649,0.2,150,5,0.1557037037037037,1.5448218354553136,4.412098591799395,0.0
mtd_ai,200,0.00505105523168729,0.43103448275862066,7844.053130200178,0.25,150,5,0.1557037037037037,1.5448218354553136,4.412098591799395,0.0
mtd_ai,200,0.005070006878031868,0.234375,3131.8915707631077,0.05,150,5,0.11682539682539682,0.5489848937073103,1.7413925287565497,0.0
mtd_ai,200,0.005070006878031868,0.3333333333333333,4033.4654555898833,0.1,150,5,0.11682539682539682,0.5489848937073103,1.7413925287565497,0.0
mtd_ai,200,0.005070006878031868,0.4017857142857143,4618.012835086356,0.15,150,5,0.11682539682539682,0.5489848937073103,1.7413925287565497,0.0
mtd_ai,200,0.005070006878031868,0.43478260869565216,5438.5860410404,0.2,150,5,0.11682539682539682,0.5489848937073103,1.7413925287565497,0.0
mtd_ai,200,0.005070006878031868,0.4807692307692308,5853.042334191942,0.25,150,5,0.11682539682539682,0.5489848937073103,1.7413925287565497,0.0
mtd_ai,200,0.005034510076611802,0.21428571428571427,2356.6368254991635,0.05,150,5,0.11511111111111111,0.4007062825380927,0.8595494922510203,0.0
mtd_ai,200,0.005034510076611802,0.3,3187.1087317752563,0.1,150,5,0.11511111111111111,0.4007062825380927,0.8595494922510203,0.0
mtd_ai,200,0.005034510076611802,0.36885245901639346,3738.3398919915603,0.15,150,5,0.11511111111111111,0.4007062825380927,0.8595494922510203,0.0
mtd_ai,200,0.005034510076611802,0.3409090909090909,5559.106373135135,0.2,150,5,0.11511111111111111,0.4007062825380927,0.8595494922510203,0.0
mtd_ai,200,0.005034510076611802,0.375,6483.418394590039,0.25,150,5,0.11511111111111111,0.4007062825380927,0.8595494922510203,0.0
mtd_ai,200,0.0050663846788211436,0.2777777777777778,2495.8974865456294,0.05,150,5,0.13033333333333333,1.5539424225194465,3.9046697507613137,0.0
mtd_ai,200,0.0050663846788211436,0.3191489361702128,4168.317351783549,0.1,150,5,0.13033333333333333,1.5539424225194465,3.9046697507613137,0.0
mtd_ai,200,0.0050663846788211436,0.3515625,5590.266519113688,0.15,150,5,0.13033333333333333,1.5539424225194465,3.9046697507613137,0.0
mtd_ai,200,0.0050663846788211436,0.4,6058.205731059445,0.2,150,5,0.13033333333333333,1.5539424225194465,3.9046697507613137,0.0
mtd_ai,200,0.0050663846788211436,0.436046511627907,6473.326517001264,0.25,150,5,0.13033333333333333,1.5539424225194465,3.9046697507613137,0.0
mtd_ai,200,0.005067865421088064,0.234375,2871.638319891653,0.05,150,5,0.11,0.4441983820750914,1.2603613185544553,0.0
mtd_ai,200,0.005067865421088064,0.30612244897959184,4104.52795597428,0.1,150,5,0.11,0.4441983820750914,1.2603613185544553,0.0
mtd_ai,200,0.005067865421088064,0.3515625,4827.4541378011845,0.15,150,5,0.11,0.4441983820750914,1.2603613185544553,0.0
mtd_ai,200,0.005067865421088064,0.40540540540540543,5276.774684283655,0.2,150,5,0.11,0.4441983820750914,1.2603613185544553,0.0
mtd_ai,200,0.005067865421088064,0.44642857142857145,5739.18052543912,0.25,150,5,0.11,0.4441983820750914,1.2603613185544553,0.0
mtd_ai,200,0.005058940040277152,0.22058823529411764,3779.7802402107764,0.05,150,5,0.1592222222222222,1.0875627163051846,4.351197847594923,0.0
mtd_ai,200,0.005058940040277152,0.30612244897959184,5100.255422434759,0.1,150,5,0.1592222222222222,1.0875627163051846,4.351197847594923,0.0
mtd_ai,200,0.005058940040277152,0.375,5608.894261695518,0.15,150,5,0.1592222222222222,1.0875627163051846,4.351197847594923,0.0
mtd_ai,200,0.005058940040277152,0.4225352112676056,6022.523508882102,0.2,150,5,0.1592222222222222,1.0875627163051846,4.351197847594923,0.0
mtd_ai,200,0.005058940040277152,0.45180722891566266,6682.63755935774,0.25,150,5,0.1592222222222222,1.0875627163051846,4.351197847594923,0.0
mtd_ai,200,0.0050417786099450825,0.35714285714285715,2261.6941541945466,0.05,150,5,0.09866666666666667,0.605286162037556,1.9686715623126971,0.0
mtd_ai,200,0.0050417786099450825,0.35714285714285715,4239.271142127171,0.1,150,5,0.09866666666666667,0.605286162037556,1.9686715623126971,0.0
mtd_ai,200,0.0050417786099450825,0.4326923076923077,4800.803841273211,0.15,150,5,0.09866666666666667,0.605286162037556,1.9686715623126971,0.0
mtd_ai,200,0.0050417786099450825,0.45454545454545453,5507.557811535486,0.2,150,5,0.09866666666666667,0.605286162037556,1.9686715623126971,0.0
mtd_ai,200,0.0050417786099450825,0.487012987012987,6074.291817922496,0.25,150,5,0.09866666666666667,0.605286162037556,1.9686715623126971,0.0
mtd_ai,200,0.005073853066706209,0.4166666666666667,1797.1350498410982,0.05,150,5,0.15666666666666668,0.1694868128709427,0.7427827976120184,0.0
mtd_ai,200,0.005073853066706209,0.4166666666666667,3002.406975301721,0.1,150,5,0.15666666666666668,0.1694868128709427,0.7427827976120184,0.0
mtd_ai,200,0.005073853066706209,0.4787234042553192,3701.7677583854493,0.15,150,5,0.15666666666666668,0.1694868128709427,0.7427827976120184,0.0
mtd_ai,200,0.005073853066706209,0.5084745762711864,4598.289465631826,0.2,150,5,0.15666666666666668,0.1694868128709427,0.7427827976120184,0.0
mtd_ai,200,0.005073853066706209,0.5434782608695652,4961.903196706618,0.25,150,5,0.15666666666666668,0.1694868128709427,0.7427827976120184,0.0
mtd_ai,200,0.005055269880200825,0.22727272727272727,3691.165605374382,0.05,150,5,0.13333333333333333,0.008204752126160366,0.029792269672393016,0.0
mtd_ai,200,0.005055269880200825,0.29411764705882354,4884.210406750087,0.1,150,5,0.13333333333333333,0.008204752126160366,0.029792269672393016,0.0
mtd_ai,200,0.005055269880200825,0.3125,6017.583666825067,0.15,150,5,0.13333333333333333,0.008204752126160366,0.029792269672393016,0.0
mtd_ai,200,0.005055269880200825,0.33707865168539325,6853.388067465855,0.2,150,5,0.13333333333333333,0.008204752126160366,0.029792269672393016,0.0
mtd_ai,200,0.005055269880200825,0.375,7364.49835749042,0.25,150,5,0.13333333333333333,0.008204752126160366,0.029792269672393016,0.0
mtd_ai,200,0.005056974601036318,0.25,3395.6796525969776,0.05,150,5,0.21566666666666667,0.014622434808268105,0.04465122726521799,0.0
mtd_ai,200,0.005056974601036318,0.3333333333333333,4582.933402405406,0.1,150,5,0.21566666666666667,0.014622434808268105,0.04465122726521799,0.0
mtd_ai,200,0.005056974601036318,0.35714285714285715,6023.0856066949345,0.15,150,5,0.21566666666666667,0.014622434808268105,0.04465122726521799,0.0
mtd_ai,200,0.005056974601036318,0.379746835443038,6815.386980542127,0.2,150,5,0.21566666666666667,0.014622434808268105,0.04465122726521799,0.0
mtd_ai,200,0.005056974601036318,0.39473684210526316,7958.661351217851,0.25,150,5,0.21566666666666667,0.014622434808268105,0.04465122726521799,0.0
mtd_ai,200,0.005041284881643231,0.3,1968.1047046907133,0.05,150,5,0.08666666666666667,16.28405750439861,7.181238027992133,0.0
mtd_ai,200,0.005041284881643231,0.39473684210526316,2783.8610012063164,0.1,150,5,0.08666666666666667,16.28405750439861,7.181238027992133,0.0
mtd_ai,200,0.005041284881643231,0.4090909090909091,4271.269874226745,0.15,150,5,0.08666666666666667,16.28405750439861,7.181238027992133,0.0
mtd_ai,200,0.005041284881643231,0.44776119402985076,5166.479945461195,0.2,150,5,0.08666666666666667,16.28405750439861,7.181238027992133,0.0
mtd_ai,200,0.005041284881643231,0.4934210526315789,5491.645597683126,0.25,150,5,0.08666666666666667,16.28405750439861,7.181238027992133,0.0
mtd_ai,200,0.005085543118507538,0.32608695652173914,2179.570951026084,0.05,150,5,0.14166666666666666,1.4678473795439833,5.118840046318451,0.0
mtd_ai,200,0.005085543118507538,0.40540540540540543,2846.867608018907,0.1,150,5,0.14166666666666666,1.4678473795439833,5.118840046318451,0.0
mtd_ai,200,0.005085543118507538,0.46875,3585.9122223622203,0.15,150,5,0.14166666666666666,1.4678473795439833,5.118840046318451,0.0
mtd_ai,200,0.005085543118507538,0.5084745762711864,4024.251852342332,0.2,150,5,0.14166666666666666,1.4678473795439833,5.118840046318451,0.0
mtd_ai,200,0.005085543118507538,0.5514705882352942,4373.839158463552,0.25,150,5,0.14166666666666666,1.4678473795439833,5.118840046318451,0.0
mtd_ai,200,0.005071272968282674,0.2777777777777778,2465.734382913386,0.05,150,5,0.11111111111111109,0.8188112902290166,3.648804045967659,0.0
mtd_ai,200,0.005071272968282674,0.3409090909090909,3785.5810564704525,0.1,150,5,0.11111111111111109,0.8188112902290166,3.648804045967659,0.0
mtd_ai,200,0.005071272968282674,0.39473684210526316,4639.8429273700895,0.15,150,5,0.11111111111111109,0.8188112902290166,3.648804045967659,0.0
mtd_ai,200,0.005071272968282674,0.42857142857142855,5301.546480907162,0.2,150,5,0.11111111111111109,0.8188112902290166,3.648804045967659,0.0
mtd_ai,200,0.005071272968282674,0.46296296296296297,5701.773648795257,0.25,150,5,0.11111111111111109,0.8188112902290166,3.648804045967659,0.0
mtd_ai,200,0.005042041327065155,0.3125,2549.2006565768356,0.05,150,5,0.11644444444444446,0.538710694079117,0.3735354742290755,0.0
mtd_ai,200,0.005042041327065155,0.40540540540540543,3445.5473572200917,0.1,150,5,0.11644444444444446,0.538710694079117,0.3735354742290755,0.0
mtd_ai,200,0.005042041327065155,0.42452830188679247,5058.2971401817895,0.15,150,5,0.11644444444444446,0.538710694079117,0.3735354742290755,0.0
mtd_ai,200,0.005042041327065155,0.4411764705882353,5993.860491025709,0.2,150,5,0.11644444444444446,0.538710694079117,0.3735354742290755,0.0
mtd_ai,200,0.005042041327065155,0.47468354430379744,6609.09038268246,0.25,150,5,0.11644444444444446,0.538710694079117,0.3735354742290755,0.0
mtd_ai,200,0.0050997666800462384,0.3409090909090909,1784.4557590432503,0.05,150,5,0.23076923076923078,4.238978978328945,6.4745101809996655,0.0
mtd_ai,200,0.0050997666800462384,0.40540540540540543,2760.0586724859477,0.1,150,5,0.23076923076923078,4.238978978328945,6.4745101809996655,0.0
mtd_ai,200,0.0050997666800462384,0.45918367346938777,3288.8709923618862,0.15,150,5,0.23076923076923078,4.238978978328945,6.4745101809996655,0.0
mtd_ai,200,0.0050997666800462384,0.47619047619047616,4021.8872526053437,0.2,150,5,0.23076923076923078,4.238978978328945,6.4745101809996655,0.0
mtd_ai,200,0.0050997666800462384,0.5136986301369864,4435.84802747681,0.25,150,5,0.23076923076923078,4.238978978328945,6.4745101809996655,0.0
mtd_ai,200,0.005052587971778329,0.3125,2350.448163162102,0.05,150,5,0.09444444444444444,0.4544816982046935,1.2739328114020592,0.0
mtd_ai,200,0.005052587971778329,0.32608695652173914,3843.28113401628,0.1,150,5,0.09444444444444444,0.4544816982046935,1.2739328114020592,0.0
mtd_ai,200,0.005052587971778329,0.4090909090909091,4182.694308253102,0.15,150,5,0.09444444444444444,0.4544816982046935,1.2739328114020592,0.0
mtd_ai,200,0.005052587971778329,0.4411764705882353,4781.120361627709,0.2,150,5,0.09444444444444444,0.4544816982046935,1.2739328114020592,0.0
mtd_ai,200,0.005052587971778329,0.46875,5557.939497086199,0.25,150,5,0.09444444444444444,0.4544816982046935,1.2739328114020592,0.0
mtd_ai,200,0.005056016870207757,0.35714285714285715,2074.058205573987,0.05,150,5,0.15444444444444444,0.07778520984656542,0.2038891185763877,0.0
mtd_ai,200,0.005056016870207757,0.4166666666666667,3219.080185169877,0.1,150,5,0.15444444444444444,0.07778520984656542,0.2038891185763877,0.0
mtd_ai,200,0.005056016870207757,0.46875,3786.9077060593145,0.15,150,5,0.15444444444444444,0.07778520984656542,0.2038891185763877,0.0
mtd_ai,200,0.005056016870207757,0.47619047619047616,4497.943386722817,0.2,150,5,0.15444444444444444,0.07778520984656542,0.2038891185763877,0.0
mtd_ai,200,0.005056016870207757,0.5136986301369864,5138.904795795879,0.25,150,5,0.15444444444444444,0.07778520984656542,0.2038891185763877,0.0
mtd_ai,200,0.005059244734410859,0.39473684210526316,2075.3696738805315,0.05,150,5,0.15384615384615385,0.2936006029941187,0.9553287487789172,-6.2272727272727275
mtd_ai,200,0.005059244734410859,0.4838709677419355,2999.155733512507,0.1,150,5,0.15384615384615385,0.2936006029941187,0.9553287487789172,-6.2272727272727275
mtd_ai,200,0.005059244734410859,0.5625,3486.546335855334,0.15,150,5,0.15384615384615385,0.2936006029941187,0.9553287487789172,-6.2272727272727275
mtd_ai,200,0.005059244734410859,0.5357142857142857,4291.573421090535,0.2,150,5,0.15384615384615385,0.2936006029941187,0.9553287487789172,-6.2272727272727275
mtd_ai,200,0.005059244734410859,0.5859375,4566.134482690817,0.25,150,5,0.15384615384615385,0.2936006029941187,0.9553287487789172,-6.2272727272727275
mtd_ai,200,0.005072008342477511,0.4166666666666667,1477.52317433291,0.05,150,5,0.10476190476190476,0.3669300378144147,1.5714303437496087,0.0
mtd_ai,200,0.005072008342477511,0.4411764705882353,2735.6403610303196,0.1,150,5,0.10476190476190476,0.3669300378144147,1.5714303437496087,0.0
mtd_ai,200,0.005072008342477511,0.45918367346938777,3754.631906114737,0.15,150,5,0.10476190476190476,0.3669300378144147,1.5714303437496087,0.0
mtd_ai,200,0.005072008342477511,0.46153846153846156,4703.829331052291,0.2,150,5,0.10476190476190476,0.3669300378144147,1.5714303437496087,0.0
mtd_ai,200,0.005072008342477511,0.5067567567567568,5209.721884223403,0.25,150,5,0.10476190476190476,0.3669300378144147,1.5714303437496087,0.0
mtd_ai,200,0.005039859645778065,0.28846153846153844,2031.8921957057426,0.05,150,5,0.07555555555555556,1.5525293293882303,2.9045092772341796,0.0
mtd_ai,200,0.005039859645778065,0.3191489361702128,3650.478093816888,0.1,150,5,0.07555555555555556,1.5525293293882303,2.9045092772341796,0.0
mtd_ai,200,0.005039859645778065,0.3358208955223881,4847.523432244582,0.15,150,5,0.07555555555555556,1.5525293293882303,2.9045092772341796,0.0
mtd_ai,200,0.005039859645778065,0.35714285714285715,6053.011338611445,0.2,150,5,0.07555555555555556,1.5525293293882303,2.9045092772341796,0.0
mtd_ai,200,0.005039859645778065,0.39893617021276595,6946.466201650161,0.25,150,5,0.07555555555555556,1.5525293293882303,2.9045092772341796,0.0
mtd_ai,200,0.0050355537956479676,0.16304347826086957,4498.519550911639,0.05,150,5,0.147,0.47801622922271264,1.4922332601061776,0.0
mtd_ai,200,0.0050355537956479676,0.2542372881355932,5049.2300954546145,0.1,150,5,0.147,0.47801622922271264,1.4922332601061776,0.0
mtd_ai,200,0.0050355537956479676,0.32142857142857145,5727.064307904446,0.15,150,5,0.147,0.47801622922271264,1.4922332601061776,0.0
mtd_ai,200,0.0050355537956479676,0.36585365853658536,6382.488835126767,0.2,150,5,0.147,0.47801622922271264,1.4922332601061776,0.0
mtd_ai,200,0.0050355537956479676,0.3865979381443299,6993.682534156354,0.25,150,5,0.147,0.47801622922271264,1.4922332601061776,0.0
mtd_ai,200,0.005071621470203899,0.24193548387096775,3579.3951290677433,0.05,150,5,0.26666666666666666,0.4888436420348207,0.8375496842638798,0.0
mtd_ai,200,0.005071621470203899,0.3191489361702128,4859.580465471836,0.1,150,5,0.26666666666666666,0.4888436420348207,0.8375496842638798,0.0
mtd_ai,200,0.005071621470203899,0.3879310344827586,5402.814078157142,0.15,150,5,0.26666666666666666,0.4888436420348207,0.8375496842638798,0.0
mtd_ai,200,0.005071621470203899,0.43478260869565216,5808.786942472865,0.2,150,5,0.26666666666666666,0.4888436420348207,0.8375496842638798,0.0
mtd_ai,200,0.005071621470203899,0.487012987012987,6096.5287152147175,0.25,150,5,0.26666666666666666,0.4888436420348207,0.8375496842638798,0.0
mtd_ai,200,0.005028580589450484,0.26785714285714285,2703.762396504654,0.05,150,5,0.3,1.521716908202061,5.201674372898006,-0.09090909090909091
mtd_ai,200,0.005028580589450484,0.2777777777777778,5120.669062870009,0.1,150,5,0.3,1.521716908202061,5.201674372898006,-0.09090909090909091
mtd_ai,200,0.005028580589450484,0.31690140845070425,6463.586649105222,0.15,150,5,0.3,1.521716908202061,5.201674372898006,-0.09090909090909091
mtd_ai,200,0.005028580589450484,0.3614457831325301,6948.926187684143,0.2,150,5,0.3,1.521716908202061,5.201674372898006,-0.09090909090909091
mtd_ai,200,0.005028580589450484,0.39893617021276595,7547.5869753720835,0.25,150,5,0.3,1.521716908202061,5.201674372898006,-0.09090909090909091
mtd_ai,200,0.00505869496768483,0.1875,3962.5041243136156,0.05,150,5,0.10555555555555556,0.8419875497024567,1.8475653534683745,0.0
mtd_ai,200,0.00505869496768483,0.25,5744.88200638405,0.1,150,5,0.10555555555555556,0.8419875497024567,1.8475653534683745,0.0
mtd_ai,200,0.00505869496768483,0.32142857142857145,6266.079001035001,0.15,150,5,0.10555555555555556,0.8419875497024567,1.8475653534683745,0.0
mtd_ai,200,0.00505869496768483,0.3614457831325301,6627.142061076489,0.2,150,5,0.10555555555555556,0.8419875497024567,1.8475653534683745,0.0
mtd_ai,200,0.00505869496768483,0.39473684210526316,7434.168583626659,0.25,150,5,0.10555555555555556,0.8419875497024567,1.8475653534683745,0.0
mtd_ai,200,0.0051006993860581275,0.375,1670.3352962920703,0.05,150,5,0.20783333333333334,0.7097663415988668,1.96269786527542,0.0
mtd_ai,200,0.0051006993860581275,0.46875,2308.153995613504,0.1,150,5,0.20783333333333334,0.7097663415988668,1.96269786527542,0.0
mtd_ai,200,0.0051006993860581275,0.5232558139534884,3268.724591238215,0.15,150,5,0.20783333333333334,0.7097663415988668,1.96269786527542,0.0
mtd_ai,200,0.0051006993860581275,0.5357142857142857,3860.271966486429,0.2,150,5,0.20783333333333334,0.7097663415988668,1.96269786527542,0.0
mtd_ai,200,0.0051006993860581275,0.5859375,4087.004589493544,0.25,150,5,0.20783333333333334,0.7097663415988668,1.96269786527542,0.0
mtd_ai,200,0.005073917370435298,0.234375,3610.8180299567825,0.05,150,5,0.0625,0.6282926498757762,1.7960051938175756,0.0
mtd_ai,200,0.005073917370435298,0.3409090909090909,4272.393272698435,0.1,150,5,0.0625,0.6282926498757762,1.7960051938175756,0.0
mtd_ai,200,0.005073917370435298,0.4017857142857143,4915.833768413666,0.15,150,5,0.0625,0.6282926498757762,1.7960051938175756,0.0
mtd_ai,200,0.005073917370435298,0.44776119402985076,5357.129974562184,0.2,150,5,0.0625,0.6282926498757762,1.7960051938175756,0.0
mtd_ai,200,0.005073917370435298,0.5067567567567568,5550.828042119964,0.25,150,5,0.0625,0.6282926498757762,1.7960051938175756,0.0
mtd_ai,200,0.005062471878813509,0.234375,3580.7575477767455,0.05,150,5,0.11,0.06685314179399252,0.24486077849176452,0.0
mtd_ai,200,0.005062471878813509,0.28846153846153844,4433.730411198625,0.1,150,5,0.11,0.06685314179399252,0.24486077849176452,0.0
mtd_ai,200,0.005062471878813509,0.36885245901639346,5000.946859138495,0.15,150,5,0.11,0.06685314179399252,0.24486077849176452,0.0
mtd_ai,200,0.005062471878813509,0.410958904109589,5562.066608344368,0.2,150,5,0.11,0.06685314179399252,0.24486077849176452,0.0
mtd_ai,200,0.005062471878813509,0.45180722891566266,6157.180075494604,0.25,150,5,0.11,0.06685314179399252,0.24486077849176452,0.0
mtd_ai,200,0.005043880258029821,0.32608695652173914,2411.771653159465,0.05,150,5,0.1188888888888889,0.4333530052775898,1.5508193503888188,0.0
mtd_ai,200,0.005043880258029821,0.4411764705882353,3046.9648899492895,0.1,150,5,0.1188888888888889,0.4333530052775898,1.5508193503888188,0.0
mtd_ai,200,0.005043880258029821,0.5113636363636364,3656.808049977455,0.15,150,5,0.1188888888888889,0.4333530052775898,1.5508193503888188,0.0
mtd_ai,200,0.005043880258029821,0.5,4835.971106061442,0.2,150,5,0.1188888888888889,0.4333530052775898,1.5508193503888188,0.0
mtd_ai,200,0.005043880258029821,0.5357142857142857,5593.049161172928,0.25,150,5,0.1188888888888889,0.4333530052775898,1.5508193503888188,0.0
mtd_ai,200,0.005070027917146037,0.35714285714285715,1501.0937727772584,0.05,150,5,0.15,0.13246422960409082,0.4167308204981493,0.0
mtd_ai,200,0.005070027917146037,0.39473684210526316,2580.4917935265817,0.1,150,5,0.15,0.13246422960409082,0.4167308204981493,0.0
mtd_ai,200,0.005070027917146037,0.4326923076923077,3612.3284071708626,0.15,150,5,0.15,0.13246422960409082,0.4167308204981493,0.0
mtd_ai,200,0.005070027917146037,0.43478260869565216,4865.0728321998995,0.2,150,5,0.15,0.13246422960409082,0.4167308204981493,0.0
mtd_ai,200,0.005070027917146037,0.46296296296296297,5892.5123975832785,0.25,150,5,0.15,0.13246422960409082,0.4167308204981493,0.0
mtd_ai,200,0.005035840620595699,0.26785714285714285,2554.522012643213,0.05,150,5,0.11333333333333333,0.20621974677746036,0.902698461457144,0.0
mtd_ai,200,0.005035840620595699,0.3488372093023256,4042.8978544644397,0.1,150,5,0.11333333333333333,0.20621974677746036,0.902698461457144,0.0
mtd_ai,200,0.005035840620595699,0.3879310344827586,5116.009556446606,0.15,150,5,0.11333333333333333,0.20621974677746036,0.902698461457144,0.0
mtd_ai,200,0.005035840620595699,0.4,6565.648399484626,0.2,150,5,0.11333333333333333,0.20621974677746036,0.902698461457144,0.0
mtd_ai,200,0.005035840620595699,0.436046511627907,7039.924326164799,0.25,150,5,0.11333333333333333,0.20621974677746036,0.902698461457144,0.0
mtd_ai,200,0.005091470997518528,0.4166666666666667,1495.5678102054617,0.05,150,5,0.4,1.6453184882050493,4.813084086114053,0.0
mtd_ai,200,0.005091470997518528,0.45454545454545453,2781.410574917734,0.1,150,5,0.4,1.6453184882050493,4.813084086114053,0.0
mtd_ai,200,0.005091470997518528,0.46875,3469.136891931946,0.15,150,5,0.4,1.6453184882050493,4.813084086114053,0.0
mtd_ai,200,0.005091470997518528,0.5084745762711864,3843.5349626900747,0.2,150,5,0.4,1.6453184882050493,4.813084086114053,0.0
mtd_ai,200,0.005091470997518528,0.5434782608695652,4397.1386363279,0.25,150,5,0.4,1.6453184882050493,4.813084086114053,0.0
mtd_ai,200,0.005072731809022285,0.3,2828.5473761963935,0.05,150,5,0.12133333333333333,0.5058498429722453,0.5723016753511571,0.0
mtd_ai,200,0.005072731809022285,0.36585365853658536,3749.0142817773367,0.1,150,5,0.12133333333333333,0.5058498429722453,0.5723016753511571,0.0
mtd_ai,200,0.005072731809022285,0.45,4149.382454645852,0.15,150,5,0.12133333333333333,0.5058498429722453,0.5723016753511571,0.0
mtd_ai,200,0.005072731809022285,0.43478260869565216,5227.613651019568,0.2,150,5,0.12133333333333333,0.5058498429722453,0.5723016753511571,0.0
mtd_ai,200,0.005072731809022285,0.46875,5659.853929849422,0.25,150,5,0.12133333333333333,0.5058498429722453,0.5723016753511571,0.0
mtd_ai,200,0.005034687269995464,0.19230769230769232,3762.615353533455,0.05,150,5,0.10666666666666667,0.7690391878794857,2.071313527134505,4.1875
mtd_ai,200,0.005034687269995464,0.28846153846153844,4334.190085680429,0.1,150,5,0.10666666666666667,0.7690391878794857,2.071313527134505,4.1875
mtd_ai,200,0.005034687269995464,0.36885245901639346,4711.963708859494,0.15,150,5,0.10666666666666667,0.7690391878794857,2.071313527134505,4.1875
mtd_ai,200,0.005034687269995464,0.36585365853658536,6482.028451910339,0.2,150,5,0.10666666666666667,0.7690391878794857,2.071313527134505,4.1875
mtd_ai,200,0.005034687269995464,0.4076086956521739,6891.850335364879,0.25,150,5,0.10666666666666667,0.7690391878794857,2.071313527134505,4.1875
mtd_ai,200,0.005065413215532603,0.2777777777777778,3108.368241491777,0.05,150,5,0.12583333333333332,0.9573346421080279,2.7414670918054163,0.0
mtd_ai,200,0.005065413215532603,0.3125,4417.008146578381,0.1,150,5,0.12583333333333332,0.9573346421080279,2.7414670918054163,0.0
mtd_ai,200,0.005065413215532603,0.34615384615384615,5241.950289885934,0.15,150,5,0.12583333333333332,0.9573346421080279,2.7414670918054163,0.0
mtd_ai,200,0.005065413215532603,0.379746835443038,5928.627667831712,0.2,150,5,0.12583333333333332,0.9573346421080279,2.7414670918054163,0.0
mtd_ai,200,0.005065413215532603,0.4076086956521739,6509.77081269125,0.25,150,5,0.12583333333333332,0.9573346421080279,2.7414670918054163,0.0
mtd_ai,200,0.005055887487461357,0.3409090909090909,2201.2230690873507,0.05,150,5,0.09666666666666666,0.3824407747770419,1.5439484634503147,0.0
mtd_ai,200,0.005055887487461357,0.30612244897959184,5202.912512091707,0.1,150,5,0.09666666666666666,0.3824407747770419,1.5439484634503147,0.0
mtd_ai,200,0.005055887487461357,0.3515625,6157.538801880437,0.15,150,5,0.09666666666666666,0.3824407747770419,1.5439484634503147,0.0
mtd_ai,200,0.005055887487461357,0.38961038961038963,6752.154823637227,0.2,150,5,0.09666666666666666,0.3824407747770419,1.5439484634503147,0.0
mtd_ai,200,0.005055887487461357,0.42134831460674155,7325.123464496738,0.25,150,5,0.09666666666666666,0.3824407747770419,1.5439484634503147,0.0
mtd_ai,200,0.005068954205428249,0.24193548387096775,3545.3444376597217,0.05,150,5,0.13111111111111112,0.7443333308854191,1.4058314955868103,0.0
mtd_ai,200,0.005068954205428249,0.35714285714285715,4221.129316724126,0.1,150,5,0.13111111111111112,0.7443333308854191,1.4058314955868103,0.0
mtd_ai,200,0.005068954205428249,0.39473684210526316,5072.487873553498,0.15,150,5,0.13111111111111112,0.7443333308854191,1.4058314955868103,0.0
mtd_ai,200,0.005068954205428249,0.43478260869565216,5593.95412695155,0.2,150,5,0.13111111111111112,0.7443333308854191,1.4058314955868103,0.0
mtd_ai,200,0.005068954205428249,0.47468354430379744,5870.106952951629,0.25,150,5,0.13111111111111112,0.7443333308854191,1.4058314955868103,0.0
mtd_ai,200,0.005057926978854822,0.46875,1519.1358540705237,0.05,150,5,0.13333333333333333,6.6467943815662975,6.002658856757989,0.0
mtd_ai,200,0.005057926978854822,0.28846153846153844,5348.3358885475245,0.1,150,5,0.13333333333333333,6.6467943815662975,6.002658856757989,0.0
mtd_ai,200,0.005057926978854822,0.36885245901639346,5995.183904859181,0.15,150,5,0.13333333333333333,6.6467943815662975,6.002658856757989,0.0
mtd_ai,200,0.005057926978854822,0.40540540540540543,6688.3488218285165,0.2,150,5,0.13333333333333333,6.6467943815662975,6.002658856757989,0.0
mtd_ai,200,0.005057926978854822,0.41208791208791207,7390.93146986602,0.25,150,5,0.13333333333333333,6.6467943815662975,6.002658856757989,0.0
mtd_ai,200,0.005072933105151247,0.35714285714285715,2298.4448338986977,0.05,150,5,0.11444444444444443,1.2954616754817994,4.610444872956873,0.0
mtd_ai,200,0.005072933105151247,0.3333333333333333,3684.0139168185165,0.1,150,5,0.11444444444444443,1.2954616754817994,4.610444872956873,0.0
mtd_ai,200,0.005072933105151247,0.3879310344827586,4316.235379679572,0.15,150,5,0.11444444444444443,1.2954616754817994,4.610444872956873,0.0
mtd_ai,200,0.005072933105151247,0.410958904109589,5265.458821428878,0.2,150,5,0.11444444444444443,1.2954616754817994,4.610444872956873,0.0
mtd_ai,200,0.005072933105151247,0.45180722891566266,5717.200458058485,0.25,150,5,0.11444444444444443,1.2954616754817994,4.610444872956873,0.0
mtd_ai,200,0.005047517902819256,0.5357142857142857,1189.5818289892761,0.05,150,5,0.1188888888888889,0.8586864184129127,3.7667949037825483,0.0
mtd_ai,200,0.005047517902819256,0.5357142857142857,2108.5485078941447,0.1,150,5,0.1188888888888889,0.8586864184129127,3.7667949037825483,0.0
mtd_ai,200,0.005047517902819256,0.46875,3087.3867064478095,0.15,150,5,0.1188888888888889,0.8586864184129127,3.7667949037825483,0.0
mtd_ai,200,0.005047517902819256,0.45454545454545453,4258.819630255601,0.2,150,5,0.1188888888888889,0.8586864184129127,3.7667949037825483,0.0
mtd_ai,200,0.005047517902819256,0.487012987012987,4966.261162318335,0.25,150,5,0.1188888888888889,0.8586864184129127,3.7667949037825483,0.0
mtd_ai,200,0.005079789143014617,0.35714285714285715,2140.2793198231116,0.05,150,5,0.16666666666666666,1.1382421346804468,2.799031773011441,0.0
mtd_ai,200,0.005079789143014617,0.4166666666666667,3243.9558055701928,0.1,150,5,0.16666666666666666,1.1382421346804468,2.799031773011441,0.0
mtd_ai,200,0.005079789143014617,0.4891304347826087,3991.09676735596,0.15,150,5,0.16666666666666666,1.1382421346804468,2.799031773011441,0.0
mtd_ai,200,0.005079789143014617,0.5263157894736842,4389.42591744896,0.2,150,5,0.16666666666666666,1.1382421346804468,2.799031773011441,0.0
mtd_ai,200,0.005079789143014617,0.5681818181818182,4893.056261122858,0.25,150,5,0.16666666666666666,1.1382421346804468,2.799031773011441,0.0
mtd_ai,200,0.0050465320921720454,0.234375,3423.1681388015063,0.05,150,5,0.12911111111111112,1.2232921184098335,2.3481557056335305,0.0
mtd_ai,200,0.0050465320921720454,0.3191489361702128,4292.013312115486,0.1,150,5,0.12911111111111112,1.2232921184098335,2.3481557056335305,0.0
mtd_ai,200,0.0050465320921720454,0.375,5174.499445935587,0.15,150,5,0.12911111111111112,1.2232921184098335,2.3481557056335305,0.0
mtd_ai,200,0.0050465320921720454,0.4411764705882353,5589.841832154914,0.2,150,5,0.12911111111111112,1.2232921184098335,2.3481557056335305,0.0
mtd_ai,200,0.0050465320921720454,0.487012987012987,5991.480738192593,0.25,150,5,0.12911111111111112,1.2232921184098335,2.3481557056335305,0.0
mtd_ai,200,0.005047039527473182,0.32608695652173914,2276.5792444112444,0.05,150,5,0.13,1.2248341501446802,3.751633207355,0.0
mtd_ai,200,0.005047039527473182,0.36585365853658536,3658.259900103122,0.1,150,5,0.13,1.2248341501446802,3.751633207355,0.0
mtd_ai,200,0.005047039527473182,0.4326923076923077,4654.272384700325,0.15,150,5,0.13,1.2248341501446802,3.751633207355,0.0
mtd_ai,200,0.005047039527473182,0.46153846153846156,5222.705726265185,0.2,150,5,0.13,1.2248341501446802,3.751633207355,0.0
mtd_ai,200,0.005047039527473182,0.487012987012987,5917.879408819072,0.25,150,5,0.13,1.2248341501446802,3.751633207355,0.0
mtd_ai,200,0.005081350854743088,0.39473684210526316,1585.1059012556286,0.05,150,5,0.09666666666666666,1.6923337479872111,5.482738686396349,0.0
mtd_ai,200,0.005081350854743088,0.39473684210526316,3331.8288680770243,0.1,150,5,0.09666666666666666,1.6923337479872111,5.482738686396349,0.0
mtd_ai,200,0.005081350854743088,0.46875,3797.439138885638,0.15,150,5,0.09666666666666666,1.6923337479872111,5.482738686396349,0.0
mtd_ai,200,0.005081350854743088,0.47619047619047616,5015.73420465625,0.2,150,5,0.09666666666666666,1.6923337479872111,5.482738686396349,0.0
mtd_ai,200,0.005081350854743088,0.5208333333333334,5484.331554079246,0.25,150,5,0.09666666666666666,1.6923337479872111,5.482738686396349,0.0
mtd_ai,200,0.005053744360471064,0.32608695652173914,1852.6582072827034,0.05,150,5,0.126,0.44807339518515815,1.8855465095614135,0.0
mtd_ai,200,0.005053744360471064,0.35714285714285715,3158.7795518910416,0.1,150,5,0.126,0.44807339518515815,1.8855465095614135,0.0
mtd_ai,200,0.005053744360471064,0.4326923076923077,3649.321495278675,0.15,150,5,0.126,0.44807339518515815,1.8855465095614135,0.0
mtd_ai,200,0.005053744360471064,0.47619047619047616,4275.8526865052445,0.2,150,5,0.126,0.44807339518515815,1.8855465095614135,0.0
mtd_ai,200,0.005053744360471064,0.5208333333333334,4571.627601477412,0.25,150,5,0.126,0.44807339518515815,1.8855465095614135,0.0
mtd_ai,200,0.005038928811678652,0.3125,2161.0084387611014,0.05,150,5,0.12,1.5245631337372014,3.5080571865793027,0.0
mtd_ai,200,0.005038928811678652,0.3333333333333333,3656.4354775888232,0.1,150,5,0.12,1.5245631337372014,3.5080571865793027,0.0
mtd_ai,200,0.005038928811678652,0.3879310344827586,4562.422091807828,0.15,150,5,0.12,1.5245631337372014,3.5080571865793027,0.0
mtd_ai,200,0.005038928811678652,0.4225352112676056,5410.9543144452055,0.2,150,5,0.12,1.5245631337372014,3.5080571865793027,0.0
mtd_ai,200,0.005038928811678652,0.46296296296296297,6054.299546360608,0.25,150,5,0.12,1.5245631337372014,3.5080571865793027,0.0
mtd_ai,200,0.005039542190084793,0.24193548387096775,2359.4159864054473,0.05,150,5,0.16955555555555557,0.5262068679997567,0.9114347270671601,0.0
mtd_ai,200,0.005039542190084793,0.2459016393442623,4443.258806227266,0.1,150,5,0.16955555555555557,0.5262068679997567,0.9114347270671601,0.0
mtd_ai,200,0.005039542190084793,0.3125,5070.553429273183,0.15,150,5,0.16955555555555557,0.5262068679997567,0.9114347270671601,0.0
mtd_ai,200,0.005039542190084793,0.33707865168539325,5830.230887678461,0.2,150,5,0.16955555555555557,0.5262068679997567,0.9114347270671601,0.0
mtd_ai,200,0.005039542190084793,0.390625,6123.133233892369,0.25,150,5,0.16955555555555557,0.5262068679997567,0.9114347270671601,0.0
mtd_ai,200,0.005038566310314534,0.24193548387096775,3446.5642367638484,0.05,150,5,0.11333333333333333,0.6023842745276723,2.6982426203964787,0.0
mtd_ai,200,0.005038566310314534,0.36585365853658536,4050.6222507664593,0.1,150,5,0.11333333333333333,0.6023842745276723,2.6982426203964787,0.0
mtd_ai,200,0.005038566310314534,0.4411764705882353,4728.97752868365,0.15,150,5,0.11333333333333333,0.6023842745276723,2.6982426203964787,0.0
mtd_ai,200,0.005038566310314534,0.43478260869565216,6144.333499053077,0.2,150,5,0.11333333333333333,0.6023842745276723,2.6982426203964787,0.0
mtd_ai,200,0.005038566310314534,0.47468354430379744,6601.094045992432,0.25,150,5,0.11333333333333333,0.6023842745276723,2.6982426203964787,0.0
mtd_ai,200,0.005057676722989234,0.24193548387096775,2890.513846508607,0.05,150,5,0.14981481481481482,0.7550422979779301,3.3656510443396437,0.0
mtd_ai,200,0.005057676722989234,0.3191489361702128,3661.785318182604,0.1,150,5,0.14981481481481482,0.7550422979779301,3.3656510443396437,0.0
mtd_ai,200,0.005057676722989234,0.3125,6055.543302841502,0.15,150,5,0.14981481481481482,0.7550422979779301,3.3656510443396437,0.0
mtd_ai,200,0.005057676722989234,0.35714285714285715,6581.761104883175,0.2,150,5,0.14981481481481482,0.7550422979779301,3.3656510443396437,0.0
mtd_ai,200,0.005057676722989234,0.39473684210526316,6922.0959202761715,0.25,150,5,0.14981481481481482,0.7550422979779301,3.3656510443396437,0.0
mtd_ai,200,0.0050351228657321305,0.24193548387096775,3548.1045371041764,0.05,150,5,0.12644444444444447,0.1978234574145253,0.8707203941228068,4.620689655172414
mtd_ai,200,0.0050351228657321305,0.3191489361702128,4769.44812945511,0.1,150,5,0.12644444444444447,0.1978234574145253,0.8707203941228068,4.620689655172414
mtd_ai,200,0.0050351228657321305,0.3879310344827586,5282.874644361089,0.15,150,5,0.12644444444444447,0.1978234574145253,0.8707203941228068,4.620689655172414
mtd_ai,200,0.0050351228657321305,0.43478260869565216,5915.779542598877,0.2,150,5,0.12644444444444447,0.1978234574145253,0.8707203941228068,4.620689655172414
mtd_ai,200,0.0050351228657321305,0.4807692307692308,6408.925708624889,0.25,150,5,0.12644444444444447,0.1978234574145253,0.8707203941228068,4.620689655172414
mtd_ai,200,0.0050428954289990155,0.25862068965517243,2844.059303900474,0.05,150,5,0.17722222222222223,0.3809551447658063,0.9340615765377452,0.0
mtd_ai,200,0.0050428954289990155,0.32608695652173914,4067.103258880435,0.1,150,5,0.17722222222222223,0.3809551447658063,0.9340615765377452,0.0
mtd_ai,200,0.0050428954289990155,0.39473684210526316,4579.492322702465,0.15,150,5,0.17722222222222223,0.3809551447658063,0.9340615765377452,0.0
mtd_ai,200,0.0050428954289990155,0.4,5596.912952763387,0.2,150,5,0.17722222222222223,0.3809551447658063,0.9340615765377452,0.0
mtd_ai,200,0.0050428954289990155,0.436046511627907,6228.958880813716,0.25,150,5,0.17722222222222223,0.3809551447658063,0.9340615765377452,0.0
mtd_ai,200,0.005047005485589679,0.22727272727272727,3242.557940618359,0.05,150,5,0.1,1.101420658040261,1.4467423765177339,0.0
mtd_ai,200,0.005047005485589679,0.29411764705882354,4849.245905452835,0.1,150,5,0.1,1.101420658040261,1.4467423765177339,0.0
mtd_ai,200,0.005047005485589679,0.32142857142857145,6459.1894892873515,0.15,150,5,0.1,1.101420658040261,1.4467423765177339,0.0
mtd_ai,200,0.005047005485589679,0.36585365853658536,7154.22947964404,0.2,150,5,0.1,1.101420658040261,1.4467423765177339,0.0
mtd_ai,200,0.005047005485589679,0.3605769230769231,7927.024672694501,0.25,150,5,0.1,1.101420658040261,1.4467423765177339,0.0
mtd_ai,200,0.005045639778418922,0.2777777777777778,2546.783368718451,0.05,150,5,0.12400000000000001,0.3405107131590882,0.6273373592466532,0.0
mtd_ai,200,0.005045639778418922,0.3191489361702128,4388.558494638199,0.1,150,5,0.12400000000000001,0.3405107131590882,0.6273373592466532,0.0
mtd_ai,200,0.005045639778418922,0.39473684210526316,4670.798872779151,0.15,150,5,0.12400000000000001,0.3405107131590882,0.6273373592466532,0.0
mtd_ai,200,0.005045639778418922,0.42857142857142855,5454.410756288969,0.2,150,5,0.12400000000000001,0.3405107131590882,0.6273373592466532,0.0
mtd_ai,200,0.005045639778418922,0.4807692307692308,5779.708415274731,0.25,150,5,0.12400000000000001,0.3405107131590882,0.6273373592466532,0.0
mtd_ai,200,0.005082633753510144,0.3125,2588.9966803766138,0.05,150,5,0.10733333333333334,0.06536382298755414,0.14155359790350236,0.0
mtd_ai,200,0.005082633753510144,0.39473684210526316,3681.851099878958,0.1,150,5,0.10733333333333334,0.06536382298755414,0.14155359790350236,0.0
mtd_ai,200,0.005082633753510144,0.46875,4174.985073664491,0.15,150,5,0.10733333333333334,0.06536382298755414,0.14155359790350236,0.0
mtd_ai,200,0.005082633753510144,0.47619047619047616,4898.667055432605,0.2,150,5,0.10733333333333334,0.06536382298755414,0.14155359790350236,0.0
mtd_ai,200,0.005082633753510144,0.5067567567567568,5363.112920526299,0.25,150,5,0.10733333333333334,0.06536382298755414,0.14155359790350236,0.0
mtd_ai,200,0.005045530763667059,0.26785714285714285,3420.78715249205,0.05,150,5,0.14844444444444446,0.36896276143432205,0.9448688476875386,0.0
mtd_ai,200,0.005045530763667059,0.35714285714285715,4553.080766133498,0.1,150,5,0.14844444444444446,0.36896276143432205,0.9448688476875386,0.0
mtd_ai,200,0.005045530763667059,0.4326923076923077,5384.7478555967555,0.15,150,5,0.14844444444444446,0.36896276143432205,0.9448688476875386,0.0
mtd_ai,200,0.005045530763667059,0.4838709677419355,5839.382283955962,0.2,150,5,0.14844444444444446,0.36896276143432205,0.9448688476875386,0.0
mtd_ai,200,0.005045530763667059,0.5208333333333334,6466.095280960477,0.25,150,5,0.14844444444444446,0.36896276143432205,0.9448688476875386,0.0
mtd_ai,200,0.0050673911156858065,0.3,2502.64078488883,0.05,150,5,0.13416666666666666,0.14455544588486574,0.05237085325995089,0.0
mtd_ai,200,0.0050673911156858065,0.36585365853658536,3858.640280721184,0.1,150,5,0.13416666666666666,0.14455544588486574,0.05237085325995089,0.0
mtd_ai,200,0.0050673911156858065,0.4166666666666667,4647.939044450981,0.15,150,5,0.13416666666666666,0.14455544588486574,0.05237085325995089,0.0
mtd_ai,200,0.0050673911156858065,0.47619047619047616,5044.5632371193815,0.2,150,5,0.13416666666666666,0.14455544588486574,0.05237085325995089,0.0
mtd_ai,200,0.0050673911156858065,0.4934210526315789,5563.004984698471,0.25,150,5,0.13416666666666666,0.14455544588486574,0.05237085325995089,0.0
mtd_ai,200,0.005062987829634513,0.20833333333333334,4191.609250486579,0.05,150,5,0.117,0.37636966198134625,1.5893034033413604,0.0
mtd_ai,200,0.005062987829634513,0.3125,5257.059726003907,0.1,150,5,0.117,0.37636966198134625,1.5893034033413604,0.0
mtd_ai,200,0.005062987829634513,0.3813559322033898,5829.630090068706,0.15,150,5,0.117,0.37636966198134625,1.5893034033413604,0.0
mtd_ai,200,0.005062987829634513,0.410958904109589,6378.966803808944,0.2,150,5,0.117,0.37636966198134625,1.5893034033413604,0.0
mtd_ai,200,0.005062987829634513,0.4411764705882353,6934.826590580697,0.25,150,5,0.117,0.37636966198134625,1.5893034033413604,0.0
mtd_ai,200,0.00508478088638141,0.39473684210526316,2341.2491176654357,0.05,150,5,0.09666666666666666,0.06819557978066439,0.14000572231964006,0.0
mtd_ai,200,0.00508478088638141,0.4838709677419355,3114.0531696342205,0.1,150,5,0.09666666666666666,0.06819557978066439,0.14000572231964006,0.0
mtd_ai,200,0.00508478088638141,0.5113636363636364,4125.650870862481,0.15,150,5,0.09666666666666666,0.06819557978066439,0.14000572231964006,0.0
mtd_ai,200,0.00508478088638141,0.5172413793103449,4794.565968262431,0.2,150,5,0.09666666666666666,0.06819557978066439,0.14000572231964006,0.0
mtd_ai,200,0.00508478088638141,0.5434782608695652,5411.375661823087,0.25,150,5,0.09666666666666666,0.06819557978066439,0.14000572231964006,0.0
mtd_ai,200,0.005053769453601745,0.234375,3279.4027965199075,0.05,150,5,0.08333333333333333,0.40945946297343433,1.6523339207721395,0.0
mtd_ai,200,0.005053769453601745,0.3333333333333333,4017.3617435657616,0.1,150,5,0.08333333333333333,0.40945946297343433,1.6523339207721395,0.0
mtd_ai,200,0.005053769453601745,0.375,4906.228974695143,0.15,150,5,0.08333333333333333,0.40945946297343433,1.6523339207721395,0.0
mtd_ai,200,0.005053769453601745,0.37037037037037035,6555.648148270624,0.2,150,5,0.08333333333333333,0.40945946297343433,1.6523339207721395,0.0
mtd_ai,200,0.005053769453601745,0.4032258064516129,7172.450694422467,0.25,150,5,0.08333333333333333,0.40945946297343433,1.6523339207721395,0.0
mtd_ai,200,0.005054211521550139,0.3409090909090909,2280.695564508607,0.05,150,5,0.17244444444444443,29.486960623248077,8.992998213293113,0.0
mtd_ai,200,0.005054211521550139,0.4166666666666667,3629.8790804722403,0.1,150,5,0.17244444444444443,29.486960623248077,8.992998213293113,0.0
mtd_ai,200,0.005054211521550139,0.45918367346938777,4457.5391448654145,0.15,150,5,0.17244444444444443,29.486960623248077,8.992998213293113,0.0
mtd_ai,200,0.005054211521550139,0.5172413793103449,4811.165676904909,0.2,150,5,0.17244444444444443,29.486960623248077,8.992998213293113,0.0
mtd_ai,200,0.005054211521550139,0.5514705882352942,5266.133522383664,0.25,150,5,0.17244444444444443,29.486960623248077,8.992998213293113,0.0
mtd_ai,200,0.005076812080847361,0.25862068965517243,3408.2888975821697,0.05,150,5,0.13,0.6079222551014591,2.379229842113176,0.0
mtd_ai,200,0.005076812080847361,0.32608695652173914,4885.192780967457,0.1,150,5,0.13,0.6079222551014591,2.379229842113176,0.0
mtd_ai,200,0.005076812080847361,0.4090909090909091,5417.677507639023,0.15,150,5,0.13,0.6079222551014591,2.379229842113176,0.0
mtd_ai,200,0.005076812080847361,0.46153846153846156,5791.1059270980395,0.2,150,5,0.13,0.6079222551014591,2.379229842113176,0.0
mtd_ai,200,0.005076812080847361,0.5,6182.242856886055,0.25,150,5,0.13,0.6079222551014591,2.379229842113176,0.0
mtd_ai,200,0.00504142053635597,0.39473684210526316,1572.545875404623,0.05,150,5,0.09955555555555556,1.2058872082962333,3.8016282825341032,4.212121212121212
mtd_ai,200,0.00504142053635597,0.39473684210526316,3205.267494418874,0.1,150,5,0.09955555555555556,1.2058872082962333,3.8016282825341032,4.212121212121212
mtd_ai,200,0.00504142053635597,0.45,3966.0765396651946,0.15,150,5,0.09955555555555556,1.2058872082962333,3.8016282825341032,4.212121212121212
mtd_ai,200,0.00504142053635597,0.44776119402985076,5111.826298780601,0.2,150,5,0.09955555555555556,1.2058872082962333,3.8016282825341032,4.212121212121212
mtd_ai,200,0.00504142053635597,0.46875,5871.270065607005,0.25,150,5,0.09955555555555556,1.2058872082962333,3.8016282825341032,4.212121212121212
mtd_ai,200,0.005031619839414329,0.22058823529411764,4606.454473450047,0.05,150,5,0.12377777777777778,0.5695272861646028,1.842161699105676,0.0
mtd_ai,200,0.005031619839414329,0.30612244897959184,5504.99575174709,0.1,150,5,0.12377777777777778,0.5695272861646028,1.842161699105676,0.0
mtd_ai,200,0.005031619839414329,0.3813559322033898,5960.621837951141,0.15,150,5,0.12377777777777778,0.5695272861646028,1.842161699105676,0.0
mtd_ai,200,0.005031619839414329,0.4166666666666667,6628.482024162504,0.2,150,5,0.12377777777777778,0.5695272861646028,1.842161699105676,0.0
mtd_ai,200,0.005031619839414329,0.4166666666666667,7326.191978478776,0.25,150,5,0.12377777777777778,0.5695272861646028,1.842161699105676,0.0
mtd_ai,200,0.0050648183315851626,0.3,3085.5229391034327,0.05,150,5,0.12666666666666668,0.5537476231315721,2.2814136892014614,0.0
mtd_ai,200,0.0050648183315851626,0.36585365853658536,4028.4674227838887,0.1,150,5,0.12666666666666668,0.5537476231315721,2.2814136892014614,0.0
mtd_ai,200,0.0050648183315851626,0.39473684210526316,5095.122257621033,0.15,150,5,0.12666666666666668,0.5537476231315721,2.2814136892014614,0.0
mtd_ai,200,0.0050648183315851626,0.42857142857142855,5562.189763510834,0.2,150,5,0.12666666666666668,0.5537476231315721,2.2814136892014614,0.0
mtd_ai,200,0.0050648183315851626,0.4573170731707317,6079.286173761995,0.25,150,5,0.12666666666666668,0.5537476231315721,2.2814136892014614,0.0
mtd_ai,200,0.005032507582667782,0.26785714285714285,3035.1790897135384,0.05,150,5,0.18166666666666667,1.9093707257948058,5.655180805496706,0.0
mtd_ai,200,0.005032507582667782,0.375,3885.426561114442,0.1,150,5,0.18166666666666667,1.9093707257948058,5.655180805496706,0.0
mtd_ai,200,0.005032507582667782,0.4411764705882353,4667.031810931381,0.15,150,5,0.18166666666666667,1.9093707257948058,5.655180805496706,0.0
mtd_ai,200,0.005032507582667782,0.4411764705882353,6143.356238699251,0.2,150,5,0.18166666666666667,1.9093707257948058,5.655180805496706,0.0
mtd_ai,200,0.005032507582667782,0.46875,6684.17951074704,0.25,150,5,0.18166666666666667,1.9093707257948058,5.655180805496706,0.0
mtd_ai,200,0.005068576302522736,0.4166666666666667,1613.8304243477241,0.05,150,5,0.09333333333333334,0.36406156878814755,1.549870729087102,0.0
mtd_ai,200,0.005068576302522736,0.4166666666666667,3301.3753406262517,0.1,150,5,0.09333333333333334,0.36406156878814755,1.549870729087102,0.0
mtd_ai,200,0.005068576302522736,0.4411764705882353,4233.728353917913,0.15,150,5,0.09333333333333334,0.36406156878814755,1.549870729087102,0.0
mtd_ai,200,0.005068576302522736,0.46875,5463.323703250511,0.2,150,5,0.09333333333333334,0.36406156878814755,1.549870729087102,0.0
mtd_ai,200,0.005068576302522736,0.5067567567567568,6114.940451290451,0.25,150,5,0.09333333333333334,0.36406156878814755,1.549870729087102,0.0
mtd_ai,200,0.005081491797485797,0.2777777777777778,2432.363352978732,0.05,150,5,0.14722222222222223,0.31008113203285687,0.46078607273830996,0.0
mtd_ai,200,0.005081491797485797,0.35714285714285715,3477.2790515581696,0.1,150,5,0.14722222222222223,0.31008113203285687,0.46078607273830996,0.0
mtd_ai,200,0.005081491797485797,0.4326923076923077,3955.9007612955197,0.15,150,5,0.14722222222222223,0.31008113203285687,0.46078607273830996,0.0
mtd_ai,200,0.005081491797485797,0.46875,4562.076344231837,0.2,150,5,0.14722222222222223,0.31008113203285687,0.46078607273830996,0.0
mtd_ai,200,0.005081491797485797,0.5,5344.9778719689475,0.25,150,5,0.14722222222222223,0.31008113203285687,0.46078607273830996,0.0
mtd_ai,200,0.00503814959905533,0.21428571428571427,4077.4241935799764,0.05,150,5,0.13333333333333333,3.1018812937631943,3.2207368409488395,0.0
mtd_ai,200,0.00503814959905533,0.29411764705882354,4960.554808560288,0.1,150,5,0.13333333333333333,3.1018812937631943,3.2207368409488395,0.0
mtd_ai,200,0.00503814959905533,0.34615384615384615,5679.364852090193,0.15,150,5,0.13333333333333333,3.1018812937631943,3.2207368409488395,0.0
mtd_ai,200,0.00503814959905533,0.4,6093.797719778637,0.2,150,5,0.13333333333333333,3.1018812937631943,3.2207368409488395,0.0
mtd_ai,200,0.00503814959905533,0.4411764705882353,6568.176395938794,0.25,150,5,0.13333333333333333,3.1018812937631943,3.2207368409488395,0.0
mtd_ai,200,0.005069880493186119,0.3,2507.8260118164,0.05,150,5,0.10133333333333333,0.47886449017573957,1.9754044487832638,0.0
mtd_ai,200,0.005069880493186119,0.36585365853658536,3659.978621166274,0.1,150,5,0.10133333333333333,0.47886449017573957,1.9754044487832638,0.0
mtd_ai,200,0.005069880493186119,0.4326923076923077,4626.132157484137,0.15,150,5,0.10133333333333333,0.47886449017573957,1.9754044487832638,0.0
mtd_ai,200,0.005069880493186119,0.46875,5411.257484477068,0.2,150,5,0.10133333333333333,0.47886449017573957,1.9754044487832638,0.0
mtd_ai,200,0.005069880493186119,0.5208333333333334,5982.516886597838,0.25,150,5,0.10133333333333333,0.47886449017573957,1.9754044487832638,0.0
mtd_ai,200,0.005030850351598281,0.21428571428571427,4605.4977770771175,0.05,150,5,0.1322222222222222,0.04831535676665451,0.13419321561361996,0.0
mtd_ai,200,0.005030850351598281,0.29411764705882354,6050.9109939172995,0.1,150,5,0.1322222222222222,0.04831535676665451,0.13419321561361996,0.0
mtd_ai,200,0.005030850351598281,0.34615384615384615,7074.338063811856,0.15,150,5,0.1322222222222222,0.04831535676665451,0.13419321561361996,0.0
mtd_ai,200,0.005030850351598281,0.38961038961038963,7783.701522281919,0.2,150,5,0.1322222222222222,0.04831535676665451,0.13419321561361996,0.0
mtd_ai,200,0.005030850351598281,0.43103448275862066,8187.5606458101265,0.25,150,5,0.1322222222222222,0.04831535676665451,0.13419321561361996,0.0
mtd_ai,200,0.005038384444123388,0.32608695652173914,2564.1535356111885,0.05,150,5,0.10666666666666667,0.22395767936271757,0.92117132513175,0.0
mtd_ai,200,0.005038384444123388,0.3333333333333333,4665.264244864661,0.1,150,5,0.10666666666666667,0.22395767936271757,0.92117132513175,0.0
mtd_ai,200,0.005038384444123388,0.42452830188679247,4940.442161144969,0.15,150,5,0.10666666666666667,0.22395767936271757,0.92117132513175,0.0
mtd_ai,200,0.005038384444123388,0.43478260869565216,6494.354836752913,0.2,150,5,0.10666666666666667,0.22395767936271757,0.92117132513175,0.0
mtd_ai,200,0.005038384444123388,0.46875,7265.274072334962,0.25,150,5,0.10666666666666667,0.22395767936271757,0.92117132513175,0.0
mtd_ai,200,0.00506770028496297,0.25,3175.1162800775546,0.05,150,5,0.11666666666666667,0.7966523312554841,1.6089193565008506,0.0
mtd_ai,200,0.00506770028496297,0.3488372093023256,3909.3595046274263,0.1,150,5,0.11666666666666667,0.7966523312554841,1.6089193565008506,0.0
mtd_ai,200,0.00506770028496297,0.375,5163.539248818657,0.15,150,5,0.11666666666666667,0.7966523312554841,1.6089193565008506,0.0
mtd_ai,200,0.00506770028496297,0.4166666666666667,5855.826980827105,0.2,150,5,0.11666666666666667,0.7966523312554841,1.6089193565008506,0.0
mtd_ai,200,0.00506770028496297,0.46296296296296297,6345.849382450011,0.25,150,5,0.11666666666666667,0.7966523312554841,1.6089193565008506,0.0
mtd_ai,200,0.005046495661401717,0.234375,2381.443772894906,0.05,150,5,0.12089947089947091,0.5880006447280047,1.3898489250439534,0.0
mtd_ai,200,0.005046495661401717,0.24193548387096775,4373.602025850668,0.1,150,5,0.12089947089947091,0.5880006447280047,1.3898489250439534,0.0
mtd_ai,200,0.005046495661401717,0.28846153846153844,5641.2132670399005,0.15,150,5,0.12089947089947091,0.5880006447280047,1.3898489250439534,0.0
mtd_ai,200,0.005046495661401717,0.30927835051546393,7368.8954764794435,0.2,150,5,0.12089947089947091,0.5880006447280047,1.3898489250439534,0.0
mtd_ai,200,0.005046495661401717,0.33783783783783783,8117.3962048303165,0.25,150,5,0.12089947089947091,0.5880006447280047,1.3898489250439534,0.0
mtd_ai,200,0.005035151835340938,0.28846153846153844,2634.2942260241916,0.05,150,5,0.13,0.12306364094593701,0.526404875108229,3.7714285714285714
mtd_ai,200,0.005035151835340938,0.38461538461538464,3412.1222617983617,0.1,150,5,0.13,0.12306364094593701,0.526404875108229,3.7714285714285714
mtd_ai,200,0.005035151835340938,0.3879310344827586,4564.628623660501,0.15,150,5,0.13,0.12306364094593701,0.526404875108229,3.7714285714285714
mtd_ai,200,0.005035151835340938,0.39473684210526316,6063.116118626309,0.2,150,5,0.13,0.12306364094593701,0.526404875108229,3.7714285714285714
mtd_ai,200,0.005035151835340938,0.4166666666666667,6622.908932016463,0.25,150,5,0.13,0.12306364094593701,0.526404875108229,3.7714285714285714
mtd_ai,200,0.005041879502093198,0.26785714285714285,3364.369797660018,0.05,150,5,0.12666666666666668,0.3970331507174243,1.6156616224385563,4.5
mtd_ai,200,0.005041879502093198,0.36585365853658536,3984.71764004726,0.1,150,5,0.12666666666666668,0.3970331507174243,1.6156616224385563,4.5
mtd_ai,200,0.005041879502093198,0.4411764705882353,4648.8975272703365,0.15,150,5,0.12666666666666668,0.3970331507174243,1.6156616224385563,4.5
mtd_ai,200,0.005041879502093198,0.4411764705882353,6015.603880606255,0.2,150,5,0.12666666666666668,0.3970331507174243,1.6156616224385563,4.5
mtd_ai,200,0.005041879502093198,0.4807692307692308,6546.376415175262,0.25,150,5,0.12666666666666668,0.3970331507174243,1.6156616224385563,4.5
mtd_ai,200,0.005035694747583527,0.2777777777777778,2874.937673622492,0.05,150,5,0.11266666666666665,7.045420256686663,3.15171860223682,0.0
mtd_ai,200,0.005035694747583527,0.375,3825.0000294841775,0.1,150,5,0.11266666666666665,7.045420256686663,3.15171860223682,0.0
mtd_ai,200,0.005035694747583527,0.4090909090909091,5160.771458269812,0.15,150,5,0.11266666666666665,7.045420256686663,3.15171860223682,0.0
mtd_ai,200,0.005035694747583527,0.37037037037037035,6623.30085414185,0.2,150,5,0.11266666666666665,7.045420256686663,3.15171860223682,0.0
mtd_ai,200,0.005035694747583527,0.4032258064516129,7459.411861723877,0.25,150,5,0.11266666666666665,7.045420256686663,3.15171860223682,0.0
