Name,mtd_interval,MEF,ASR,time_to_compromise,host_compromise_ratio,network_size,exposed_endpoints,attack_path_exposure,ROA,risk,shortest_path_variability
mtd_ai,200,0.005044207503758173,0.15625,5794.758429290686,0.05,150,5,0.11333333333333333,0.932365713982587,3.6859433570547244,0.0
mtd_ai,200,0.005044207503758173,0.24193548387096775,6818.459507816317,0.1,150,5,0.11333333333333333,0.932365713982587,3.6859433570547244,0.0
mtd_ai,200,0.005044207503758173,0.3125,7445.193920457934,0.15,150,5,0.11333333333333333,0.932365713982587,3.6859433570547244,0.0
mtd_ai,200,0.005044207503758173,0.36585365853658536,7942.976808834366,0.2,150,5,0.11333333333333333,0.932365713982587,3.6859433570547244,0.0
mtd_ai,200,0.005044207503758173,0.4032258064516129,8411.342472006683,0.25,150,5,0.11333333333333333,0.932365713982587,3.6859433570547244,0.0
mtd_ai,200,0.005024994156949067,0.3125,2045.1958452959898,0.05,150,5,0.13666666666666666,0.010927726237967643,0.04446142291838926,0.0
mtd_ai,200,0.005024994156949067,0.3333333333333333,3942.597199160114,0.1,150,5,0.13666666666666666,0.010927726237967643,0.04446142291838926,0.0
mtd_ai,200,0.005024994156949067,0.3409090909090909,5190.544616249725,0.15,150,5,0.13666666666666666,0.010927726237967643,0.04446142291838926,0.0
mtd_ai,200,0.005024994156949067,0.29411764705882354,7104.808180907605,0.2,150,5,0.13666666666666666,0.010927726237967643,0.04446142291838926,0.0
mtd_ai,200,0.005024994156949067,0.2757352941176471,8449.128578223395,0.25,150,5,0.13666666666666666,0.010927726237967643,0.04446142291838926,0.0
mtd_ai,200,0.005066703988099234,0.3409090909090909,2061.849646249043,0.05,150,5,0.38461538461538464,0.04767235603188361,0.19074540882013863,0.0
mtd_ai,200,0.005066703988099234,0.375,3734.358022641581,0.1,150,5,0.38461538461538464,0.04767235603188361,0.19074540882013863,0.0
mtd_ai,200,0.005066703988099234,0.4326923076923077,4548.2522944663415,0.15,150,5,0.38461538461538464,0.04767235603188361,0.19074540882013863,0.0
mtd_ai,200,0.005066703988099234,0.44776119402985076,5569.732053831087,0.2,150,5,0.38461538461538464,0.04767235603188361,0.19074540882013863,0.0
mtd_ai,200,0.005066703988099234,0.5,6012.295904195476,0.25,150,5,0.38461538461538464,0.04767235603188361,0.19074540882013863,0.0
mtd_ai,200,0.005047851537288307,0.2777777777777778,2390.6718647572684,0.05,150,5,0.14333333333333334,0.7777542531675947,3.212672010280433,0.0
mtd_ai,200,0.005047851537288307,0.30612244897959184,4238.899044505371,0.1,150,5,0.14333333333333334,0.7777542531675947,3.212672010280433,0.0
mtd_ai,200,0.005047851537288307,0.375,4651.8239932247425,0.15,150,5,0.14333333333333334,0.7777542531675947,3.212672010280433,0.0
mtd_ai,200,0.005047851537288307,0.4166666666666667,5170.571041796218,0.2,150,5,0.14333333333333334,0.7777542531675947,3.212672010280433,0.0
mtd_ai,200,0.005047851537288307,0.4166666666666667,6097.9698726573015,0.25,150,5,0.14333333333333334,0.7777542531675947,3.212672010280433,0.0
mtd_ai,200,0.005090664209555085,0.28846153846153844,2237.040618529129,0.05,150,5,0.12,0.5388009385682316,1.8178746700689714,0.0
mtd_ai,200,0.005090664209555085,0.3191489361702128,3286.1139296923557,0.1,150,5,0.12,0.5388009385682316,1.8178746700689714,0.0
mtd_ai,200,0.005090664209555085,0.39473684210526316,3931.6558069078183,0.15,150,5,0.12,0.5388009385682316,1.8178746700689714,0.0
mtd_ai,200,0.005090664209555085,0.4411764705882353,4421.889332627898,0.2,150,5,0.12,0.5388009385682316,1.8178746700689714,0.0
mtd_ai,200,0.005090664209555085,0.4807692307692308,4964.432075467686,0.25,150,5,0.12,0.5388009385682316,1.8178746700689714,0.0
mtd_ai,200,0.00508285534386794,0.4166666666666667,1395.2114342923865,0.05,150,5,0.13805555555555554,0.8515385443900202,2.9662578638150654,0.0
mtd_ai,200,0.00508285534386794,0.39473684210526316,2637.4085802449777,0.1,150,5,0.13805555555555554,0.8515385443900202,2.9662578638150654,0.0
mtd_ai,200,0.00508285534386794,0.42452830188679247,3542.6578611837017,0.15,150,5,0.13805555555555554,0.8515385443900202,2.9662578638150654,0.0
mtd_ai,200,0.00508285534386794,0.43478260869565216,4831.861484415542,0.2,150,5,0.13805555555555554,0.8515385443900202,2.9662578638150654,0.0
mtd_ai,200,0.00508285534386794,0.47468354430379744,5216.111432744288,0.25,150,5,0.13805555555555554,0.8515385443900202,2.9662578638150654,0.0
mtd_ai,200,0.00503683706353098,0.25862068965517243,2524.1669271725164,0.05,150,5,0.15,19.935626858430187,7.395307217427778,3.1794871794871793
mtd_ai,200,0.00503683706353098,0.3333333333333333,3572.3302449842004,0.1,150,5,0.15,19.935626858430187,7.395307217427778,3.1794871794871793
mtd_ai,200,0.00503683706353098,0.39473684210526316,4019.050185596574,0.15,150,5,0.15,19.935626858430187,7.395307217427778,3.1794871794871793
mtd_ai,200,0.00503683706353098,0.3409090909090909,5629.433812232953,0.2,150,5,0.15,19.935626858430187,7.395307217427778,3.1794871794871793
mtd_ai,200,0.00503683706353098,0.3787878787878788,6550.772291265349,0.25,150,5,0.15,19.935626858430187,7.395307217427778,3.1794871794871793
mtd_ai,200,0.0050631291526822405,0.234375,3750.214001897396,0.05,150,5,0.12166666666666667,0.3964142464274594,1.596309999977489,0.0
mtd_ai,200,0.0050631291526822405,0.3333333333333333,4867.749137567927,0.1,150,5,0.12166666666666667,0.3964142464274594,1.596309999977489,0.0
mtd_ai,200,0.0050631291526822405,0.3879310344827586,5575.407512632059,0.15,150,5,0.12166666666666667,0.3964142464274594,1.596309999977489,0.0
mtd_ai,200,0.0050631291526822405,0.42857142857142855,6022.643175747525,0.2,150,5,0.12166666666666667,0.3964142464274594,1.596309999977489,0.0
mtd_ai,200,0.0050631291526822405,0.4573170731707317,6497.789288311975,0.25,150,5,0.12166666666666667,0.3964142464274594,1.596309999977489,0.0
mtd_ai,200,0.005084421715386446,0.35714285714285715,1974.7775578130056,0.05,150,5,0.1418333333333333,0.024016759552117684,0.10466584880688251,0.0
mtd_ai,200,0.005084421715386446,0.4166666666666667,2917.8371074412435,0.1,150,5,0.1418333333333333,0.024016759552117684,0.10466584880688251,0.0
mtd_ai,200,0.005084421715386446,0.45,4083.170885080316,0.15,150,5,0.1418333333333333,0.024016759552117684,0.10466584880688251,0.0
mtd_ai,200,0.005084421715386446,0.4838709677419355,4572.270032186918,0.2,150,5,0.1418333333333333,0.024016759552117684,0.10466584880688251,0.0
mtd_ai,200,0.005084421715386446,0.5136986301369864,5129.1266341871615,0.25,150,5,0.1418333333333333,0.024016759552117684,0.10466584880688251,0.0
mtd_ai,200,0.005068368567357069,0.2777777777777778,2816.0726569370554,0.05,150,5,0.14200000000000002,1.7747302424180242,5.544494055539998,0.0
mtd_ai,200,0.005068368567357069,0.36585365853658536,3884.8020186254585,0.1,150,5,0.14200000000000002,1.7747302424180242,5.544494055539998,0.0
mtd_ai,200,0.005068368567357069,0.4090909090909091,4758.539361142917,0.15,150,5,0.14200000000000002,1.7747302424180242,5.544494055539998,0.0
mtd_ai,200,0.005068368567357069,0.43478260869565216,5701.207848633554,0.2,150,5,0.14200000000000002,1.7747302424180242,5.544494055539998,0.0
mtd_ai,200,0.005068368567357069,0.46296296296296297,6122.108200067558,0.25,150,5,0.14200000000000002,1.7747302424180242,5.544494055539998,0.0
mtd_ai,200,0.005062855588583461,0.25862068965517243,2838.793055911632,0.05,150,5,0.14333333333333334,0.08030711146083436,0.24734689632405374,0.0
mtd_ai,200,0.005062855588583461,0.3409090909090909,3905.8972660295885,0.1,150,5,0.14333333333333334,0.08030711146083436,0.24734689632405374,0.0
mtd_ai,200,0.005062855588583461,0.3515625,4901.707761209035,0.15,150,5,0.14333333333333334,0.08030711146083436,0.24734689632405374,0.0
mtd_ai,200,0.005062855588583461,0.38461538461538464,5787.749174902301,0.2,150,5,0.14333333333333334,0.08030711146083436,0.24734689632405374,0.0
mtd_ai,200,0.005062855588583461,0.41208791208791207,6513.795908569971,0.25,150,5,0.14333333333333334,0.08030711146083436,0.24734689632405374,0.0
mtd_ai,200,0.0050598554149648605,0.3,2575.1228851001124,0.05,150,5,0.14666666666666667,0.7508486276179674,2.628328352036353,0.0
mtd_ai,200,0.0050598554149648605,0.38461538461538464,3280.559744087652,0.1,150,5,0.14666666666666667,0.7508486276179674,2.628328352036353,0.0
mtd_ai,200,0.0050598554149648605,0.42452830188679247,4169.9933901222885,0.15,150,5,0.14666666666666667,0.7508486276179674,2.628328352036353,0.0
mtd_ai,200,0.0050598554149648605,0.46875,4680.342913132412,0.2,150,5,0.14666666666666667,0.7508486276179674,2.628328352036353,0.0
mtd_ai,200,0.0050598554149648605,0.5067567567567568,5191.378324998787,0.25,150,5,0.14666666666666667,0.7508486276179674,2.628328352036353,0.0
mtd_ai,200,0.0050418220502045545,0.4166666666666667,1571.8153707518397,0.05,150,5,0.1411111111111111,0.6014462069304676,2.1233024647617267,0.0
mtd_ai,200,0.0050418220502045545,0.45454545454545453,2810.771544858717,0.1,150,5,0.1411111111111111,0.6014462069304676,2.1233024647617267,0.0
mtd_ai,200,0.0050418220502045545,0.4326923076923077,4688.559229012051,0.15,150,5,0.1411111111111111,0.6014462069304676,2.1233024647617267,0.0
mtd_ai,200,0.0050418220502045545,0.4411764705882353,5429.689968570301,0.2,150,5,0.1411111111111111,0.6014462069304676,2.1233024647617267,0.0
mtd_ai,200,0.0050418220502045545,0.46875,6253.720045346203,0.25,150,5,0.1411111111111111,0.6014462069304676,2.1233024647617267,0.0
mtd_ai,200,0.005062262635959442,0.375,1765.6599754955234,0.05,150,5,0.1311111111111111,2.0518130448246334,5.861048356211561,0.0
mtd_ai,200,0.005062262635959442,0.3409090909090909,4468.943050773438,0.1,150,5,0.1311111111111111,2.0518130448246334,5.861048356211561,0.0
mtd_ai,200,0.005062262635959442,0.375,5370.732518037348,0.15,150,5,0.1311111111111111,2.0518130448246334,5.861048356211561,0.0
mtd_ai,200,0.005062262635959442,0.43478260869565216,5676.375269040569,0.2,150,5,0.1311111111111111,2.0518130448246334,5.861048356211561,0.0
mtd_ai,200,0.005062262635959442,0.45180722891566266,6986.548547232505,0.25,150,5,0.1311111111111111,2.0518130448246334,5.861048356211561,0.0
mtd_ai,200,0.005082338778407255,0.3409090909090909,2144.841259899802,0.05,150,5,0.16666666666666666,1.7100641117207371,5.578935014881444,0.0
mtd_ai,200,0.005082338778407255,0.40540540540540543,3395.1848508206926,0.1,150,5,0.16666666666666666,1.7100641117207371,5.578935014881444,0.0
mtd_ai,200,0.005082338778407255,0.4787234042553192,3881.2273411956708,0.15,150,5,0.16666666666666666,1.7100641117207371,5.578935014881444,0.0
mtd_ai,200,0.005082338778407255,0.4918032786885246,4780.1281973331825,0.2,150,5,0.16666666666666666,1.7100641117207371,5.578935014881444,0.0
mtd_ai,200,0.005082338778407255,0.528169014084507,5205.236075043056,0.25,150,5,0.16666666666666666,1.7100641117207371,5.578935014881444,0.0
mtd_ai,200,0.00503822241447276,0.5357142857142857,1117.7491843909802,0.05,150,5,0.10333333333333333,0.9243720741239494,3.073821314085848,0.0
mtd_ai,200,0.00503822241447276,0.5,2345.228351882869,0.1,150,5,0.10333333333333333,0.9243720741239494,3.073821314085848,0.0
mtd_ai,200,0.00503822241447276,0.45,3929.4536384594667,0.15,150,5,0.10333333333333333,0.9243720741239494,3.073821314085848,0.0
mtd_ai,200,0.00503822241447276,0.44776119402985076,5522.150200128274,0.2,150,5,0.10333333333333333,0.9243720741239494,3.073821314085848,0.0
mtd_ai,200,0.00503822241447276,0.46296296296296297,6288.374760036171,0.25,150,5,0.10333333333333333,0.9243720741239494,3.073821314085848,0.0
mtd_ai,200,0.005067528397280356,0.3,2890.4767702574954,0.05,150,5,0.25,2.6437598095977695,2.183024301769235,0.0
mtd_ai,200,0.005067528397280356,0.35714285714285715,4359.412605993406,0.1,150,5,0.25,2.6437598095977695,2.183024301769235,0.0
mtd_ai,200,0.005067528397280356,0.4166666666666667,5263.999286672059,0.15,150,5,0.25,2.6437598095977695,2.183024301769235,0.0
mtd_ai,200,0.005067528397280356,0.46153846153846156,5780.857251971636,0.2,150,5,0.25,2.6437598095977695,2.183024301769235,0.0
mtd_ai,200,0.005067528397280356,0.5067567567567568,6228.122224916669,0.25,150,5,0.25,2.6437598095977695,2.183024301769235,0.0
mtd_ai,200,0.005041785820910948,0.32608695652173914,2247.2389554919278,0.05,150,5,0.25,0.4728240047947902,1.3212699869448679,-4.0
mtd_ai,200,0.005041785820910948,0.40540540540540543,3040.339970847345,0.1,150,5,0.25,0.4728240047947902,1.3212699869448679,-4.0
mtd_ai,200,0.005041785820910948,0.45918367346938777,3902.4512840266957,0.15,150,5,0.25,0.4728240047947902,1.3212699869448679,-4.0
mtd_ai,200,0.005041785820910948,0.4838709677419355,4649.9882967434005,0.2,150,5,0.25,0.4728240047947902,1.3212699869448679,-4.0
mtd_ai,200,0.005041785820910948,0.5067567567567568,5750.93636465391,0.25,150,5,0.25,0.4728240047947902,1.3212699869448679,-4.0
mtd_ai,200,0.005077083765738003,0.35714285714285715,1915.6308883804154,0.05,150,5,0.10533333333333333,1.2774784875697285,4.094384857494048,0.0
mtd_ai,200,0.005077083765738003,0.36585365853658536,3451.40774207482,0.1,150,5,0.10533333333333333,1.2774784875697285,4.094384857494048,0.0
mtd_ai,200,0.005077083765738003,0.45,3948.080128365714,0.15,150,5,0.10533333333333333,1.2774784875697285,4.094384857494048,0.0
mtd_ai,200,0.005077083765738003,0.47619047619047616,5040.998549657974,0.2,150,5,0.10533333333333333,1.2774784875697285,4.094384857494048,0.0
mtd_ai,200,0.005077083765738003,0.487012987012987,5821.747363234319,0.25,150,5,0.10533333333333333,1.2774784875697285,4.094384857494048,0.0
mtd_ai,200,0.005039179122545933,0.375,2053.6364068527055,0.05,150,5,0.14,0.8151886410076098,2.266192841431931,0.0
mtd_ai,200,0.005039179122545933,0.39473684210526316,4105.4541788822435,0.1,150,5,0.14,0.8151886410076098,2.266192841431931,0.0
mtd_ai,200,0.005039179122545933,0.46875,4695.064660705206,0.15,150,5,0.14,0.8151886410076098,2.266192841431931,0.0
mtd_ai,200,0.005039179122545933,0.5,5426.658977745787,0.2,150,5,0.14,0.8151886410076098,2.266192841431931,0.0
mtd_ai,200,0.005039179122545933,0.5,6554.809786420543,0.25,150,5,0.14,0.8151886410076098,2.266192841431931,0.0
mtd_ai,200,0.005075340316899317,0.39473684210526316,1760.6636720642095,0.05,150,5,0.11744444444444445,0.7584757436930404,2.7679114923855974,0.0
mtd_ai,200,0.005075340316899317,0.4838709677419355,2529.858826909621,0.1,150,5,0.11744444444444445,0.7584757436930404,2.7679114923855974,0.0
mtd_ai,200,0.005075340316899317,0.5921052631578947,2936.150722003309,0.15,150,5,0.11744444444444445,0.7584757436930404,2.7679114923855974,0.0
mtd_ai,200,0.005075340316899317,0.5454545454545454,4621.432837211669,0.2,150,5,0.11744444444444445,0.7584757436930404,2.7679114923855974,0.0
mtd_ai,200,0.005075340316899317,0.5514705882352942,5657.861324801113,0.25,150,5,0.11744444444444445,0.7584757436930404,2.7679114923855974,0.0
mtd_ai,200,0.005031212309844016,0.234375,3817.3794115340825,0.05,150,5,0.11444444444444443,0.8854323668610882,3.767941057157468,0.0
mtd_ai,200,0.005031212309844016,0.3125,4727.744846134747,0.1,150,5,0.11444444444444443,0.8854323668610882,3.767941057157468,0.0
mtd_ai,200,0.005031212309844016,0.375,5493.011500875766,0.15,150,5,0.11444444444444443,0.8854323668610882,3.767941057157468,0.0
mtd_ai,200,0.005031212309844016,0.40540540540540543,6241.466554561564,0.2,150,5,0.11444444444444443,0.8854323668610882,3.767941057157468,0.0
mtd_ai,200,0.005031212309844016,0.44642857142857145,7046.666806295405,0.25,150,5,0.11444444444444443,0.8854323668610882,3.767941057157468,0.0
mtd_ai,200,0.005078892504986279,0.32608695652173914,2375.283945023932,0.05,150,5,0.09333333333333334,1.0838243704778068,4.049175299827935,0.0
mtd_ai,200,0.005078892504986279,0.4166666666666667,3027.739862341001,0.1,150,5,0.09333333333333334,1.0838243704778068,4.049175299827935,0.0
mtd_ai,200,0.005078892504986279,0.42452830188679247,4119.5539621839425,0.15,150,5,0.09333333333333334,1.0838243704778068,4.049175299827935,0.0
mtd_ai,200,0.005078892504986279,0.44776119402985076,5071.933343679117,0.2,150,5,0.09333333333333334,1.0838243704778068,4.049175299827935,0.0
mtd_ai,200,0.005078892504986279,0.487012987012987,5489.271089504523,0.25,150,5,0.09333333333333334,1.0838243704778068,4.049175299827935,0.0
mtd_ai,200,0.005036511615817029,0.234375,3220.389810695772,0.05,150,5,0.11,1.7279798060437737,5.585064671325732,0.0
mtd_ai,200,0.005036511615817029,0.3125,4259.106775915505,0.1,150,5,0.11,1.7279798060437737,5.585064671325732,0.0
mtd_ai,200,0.005036511615817029,0.33088235294117646,5442.983868523417,0.15,150,5,0.11,1.7279798060437737,5.585064671325732,0.0
mtd_ai,200,0.005036511615817029,0.3614457831325301,6822.681929153074,0.2,150,5,0.11,1.7279798060437737,5.585064671325732,0.0
mtd_ai,200,0.005036511615817029,0.4032258064516129,7261.879008018157,0.25,150,5,0.11,1.7279798060437737,5.585064671325732,0.0
mtd_ai,200,0.005042589810852922,0.39473684210526316,1834.2736885159293,0.05,150,5,0.0625,0.11581543366522255,0.45492121402158703,-6.090909090909091
mtd_ai,200,0.005042589810852922,0.45454545454545453,2881.6108020531674,0.1,150,5,0.0625,0.11581543366522255,0.45492121402158703,-6.090909090909091
mtd_ai,200,0.005042589810852922,0.4411764705882353,3783.811609474574,0.15,150,5,0.0625,0.11581543366522255,0.45492121402158703,-6.090909090909091
mtd_ai,200,0.005042589810852922,0.46153846153846156,4824.887277343572,0.2,150,5,0.0625,0.11581543366522255,0.45492121402158703,-6.090909090909091
mtd_ai,200,0.005042589810852922,0.4807692307692308,5485.895124908451,0.25,150,5,0.0625,0.11581543366522255,0.45492121402158703,-6.090909090909091
mtd_ai,200,0.00508320324491777,0.3409090909090909,2417.4800590677173,0.05,150,5,0.15222222222222223,0.37755187850467065,1.2337419758260557,0.0
mtd_ai,200,0.00508320324491777,0.375,3955.5747000215274,0.1,150,5,0.15222222222222223,0.37755187850467065,1.2337419758260557,0.0
mtd_ai,200,0.00508320324491777,0.45,4553.490023611121,0.15,150,5,0.15222222222222223,0.37755187850467065,1.2337419758260557,0.0
mtd_ai,200,0.00508320324491777,0.4918032786885246,5105.626973586456,0.2,150,5,0.15222222222222223,0.37755187850467065,1.2337419758260557,0.0
mtd_ai,200,0.00508320324491777,0.528169014084507,5741.258386274145,0.25,150,5,0.15222222222222223,0.37755187850467065,1.2337419758260557,0.0
mtd_ai,200,0.005058478347784068,0.234375,3631.802754755309,0.05,150,5,0.1622222222222222,0.41069459280076315,1.2678113880350816,0.0
mtd_ai,200,0.005058478347784068,0.35714285714285715,4430.009889248466,0.1,150,5,0.1622222222222222,0.41069459280076315,1.2678113880350816,0.0
mtd_ai,200,0.005058478347784068,0.4017857142857143,5053.321788223515,0.15,150,5,0.1622222222222222,0.41069459280076315,1.2678113880350816,0.0
mtd_ai,200,0.005058478347784068,0.43478260869565216,5755.807361572977,0.2,150,5,0.1622222222222222,0.41069459280076315,1.2678113880350816,0.0
mtd_ai,200,0.005058478347784068,0.41208791208791207,6948.096308322592,0.25,150,5,0.1622222222222222,0.41069459280076315,1.2678113880350816,0.0
mtd_ai,200,0.005047958954058239,0.3,2317.638931526595,0.05,150,5,0.1531111111111111,0.08146450460739445,0.36344922670518043,0.0
mtd_ai,200,0.005047958954058239,0.40540540540540543,3392.8397522520554,0.1,150,5,0.1531111111111111,0.08146450460739445,0.36344922670518043,0.0
mtd_ai,200,0.005047958954058239,0.4787234042553192,3917.759767221026,0.15,150,5,0.1531111111111111,0.08146450460739445,0.36344922670518043,0.0
mtd_ai,200,0.005047958954058239,0.44776119402985076,4761.9363144657,0.2,150,5,0.1531111111111111,0.08146450460739445,0.36344922670518043,0.0
mtd_ai,200,0.005047958954058239,0.44642857142857145,6175.721574905955,0.25,150,5,0.1531111111111111,0.08146450460739445,0.36344922670518043,0.0
mtd_ai,200,0.005076323682596721,0.3125,1840.9894935278169,0.05,150,5,0.16393650793650794,0.7252016318137057,2.7071631540293954,0.0
mtd_ai,200,0.005076323682596721,0.35714285714285715,3555.5613178185476,0.1,150,5,0.16393650793650794,0.7252016318137057,2.7071631540293954,0.0
mtd_ai,200,0.005076323682596721,0.4411764705882353,4115.649291190821,0.15,150,5,0.16393650793650794,0.7252016318137057,2.7071631540293954,0.0
mtd_ai,200,0.005076323682596721,0.46153846153846156,4971.696172741181,0.2,150,5,0.16393650793650794,0.7252016318137057,2.7071631540293954,0.0
mtd_ai,200,0.005076323682596721,0.47468354430379744,6007.318007619695,0.25,150,5,0.16393650793650794,0.7252016318137057,2.7071631540293954,0.0
mtd_ai,200,0.0050481386259176395,0.26785714285714285,3457.999481397417,0.05,150,5,0.10666666666666667,0.16975222380741348,0.5025050861728945,0.0
mtd_ai,200,0.0050481386259176395,0.3488372093023256,4183.626762021616,0.1,150,5,0.10666666666666667,0.16975222380741348,0.5025050861728945,0.0
mtd_ai,200,0.0050481386259176395,0.4411764705882353,4448.989593974411,0.15,150,5,0.10666666666666667,0.16975222380741348,0.5025050861728945,0.0
mtd_ai,200,0.0050481386259176395,0.46153846153846156,5713.515286831882,0.2,150,5,0.10666666666666667,0.16975222380741348,0.5025050861728945,0.0
mtd_ai,200,0.0050481386259176395,0.5208333333333334,5980.753147815451,0.25,150,5,0.10666666666666667,0.16975222380741348,0.5025050861728945,0.0
mtd_ai,200,0.005080871881971223,0.35714285714285715,2463.620622022997,0.05,150,5,0.135,2.163162655494415,5.908068300487105,0.0
mtd_ai,200,0.005080871881971223,0.40540540540540543,4012.4068656882455,0.1,150,5,0.135,2.163162655494415,5.908068300487105,0.0
mtd_ai,200,0.005080871881971223,0.45,4785.186250737273,0.15,150,5,0.135,2.163162655494415,5.908068300487105,0.0
mtd_ai,200,0.005080871881971223,0.4838709677419355,5254.334341186719,0.2,150,5,0.135,2.163162655494415,5.908068300487105,0.0
mtd_ai,200,0.005080871881971223,0.5208333333333334,5934.866188476362,0.25,150,5,0.135,2.163162655494415,5.908068300487105,0.0
mtd_ai,200,0.00508022703588457,0.3125,1876.4019041187075,0.05,150,5,0.11833333333333333,1.6467406841242676,4.940376631530435,0.0
mtd_ai,200,0.00508022703588457,0.38461538461538464,3217.4283631168505,0.1,150,5,0.11833333333333333,1.6467406841242676,4.940376631530435,0.0
mtd_ai,200,0.00508022703588457,0.45918367346938777,3857.18795840153,0.15,150,5,0.11833333333333333,1.6467406841242676,4.940376631530435,0.0
mtd_ai,200,0.00508022703588457,0.4411764705882353,5159.067200567166,0.2,150,5,0.11833333333333333,1.6467406841242676,4.940376631530435,0.0
mtd_ai,200,0.00508022703588457,0.47468354430379744,5527.506885630897,0.25,150,5,0.11833333333333333,1.6467406841242676,4.940376631530435,0.0
mtd_ai,200,0.0050387254413715,0.3,1962.9856664311505,0.05,150,5,0.17388888888888887,7.28848064152356,3.656639033220028,0.0
mtd_ai,200,0.0050387254413715,0.36585365853658536,2898.6432287968746,0.1,150,5,0.17388888888888887,7.28848064152356,3.656639033220028,0.0
mtd_ai,200,0.0050387254413715,0.4017857142857143,3821.622077487478,0.15,150,5,0.17388888888888887,7.28848064152356,3.656639033220028,0.0
mtd_ai,200,0.0050387254413715,0.43478260869565216,4664.351809696545,0.2,150,5,0.17388888888888887,7.28848064152356,3.656639033220028,0.0
mtd_ai,200,0.0050387254413715,0.46296296296296297,5643.061986896986,0.25,150,5,0.17388888888888887,7.28848064152356,3.656639033220028,0.0
mtd_ai,200,0.005042411791345621,0.32608695652173914,2252.035761394416,0.05,150,5,0.1885555555555556,0.4721910724426761,1.992927601142559,4.892857142857143
mtd_ai,200,0.005042411791345621,0.3488372093023256,3260.0506739199964,0.1,150,5,0.1885555555555556,0.4721910724426761,1.992927601142559,4.892857142857143
mtd_ai,200,0.005042411791345621,0.42452830188679247,3968.9383459973487,0.15,150,5,0.1885555555555556,0.4721910724426761,1.992927601142559,4.892857142857143
mtd_ai,200,0.005042411791345621,0.4411764705882353,5059.521550326303,0.2,150,5,0.1885555555555556,0.4721910724426761,1.992927601142559,4.892857142857143
mtd_ai,200,0.005042411791345621,0.47468354430379744,5561.279693350894,0.25,150,5,0.1885555555555556,0.4721910724426761,1.992927601142559,4.892857142857143
mtd_ai,200,0.005074673844298258,0.35714285714285715,1912.991593544832,0.05,150,5,0.09444444444444444,0.3454468301552169,1.454097705752554,0.0
mtd_ai,200,0.005074673844298258,0.40540540540540543,2957.910802912369,0.1,150,5,0.09444444444444444,0.3454468301552169,1.454097705752554,0.0
mtd_ai,200,0.005074673844298258,0.39473684210526316,5064.088384904056,0.15,150,5,0.09444444444444444,0.3454468301552169,1.454097705752554,0.0
mtd_ai,200,0.005074673844298258,0.4411764705882353,5533.696708806364,0.2,150,5,0.09444444444444444,0.3454468301552169,1.454097705752554,0.0
mtd_ai,200,0.005074673844298258,0.487012987012987,6155.270310034203,0.25,150,5,0.09444444444444444,0.3454468301552169,1.454097705752554,0.0
mtd_ai,200,0.0050396924056993996,0.3,2025.8791329481257,0.05,150,5,0.15,3.809240779058886,6.519242890870464,0.0
mtd_ai,200,0.0050396924056993996,0.30612244897959184,3992.1893067630244,0.1,150,5,0.15,3.809240779058886,6.519242890870464,0.0
mtd_ai,200,0.0050396924056993996,0.3629032258064516,5005.76026863508,0.15,150,5,0.15,3.809240779058886,6.519242890870464,0.0
mtd_ai,200,0.0050396924056993996,0.410958904109589,5532.647489979579,0.2,150,5,0.15,3.809240779058886,6.519242890870464,0.0
mtd_ai,200,0.0050396924056993996,0.46296296296296297,5849.957665167116,0.25,150,5,0.15,3.809240779058886,6.519242890870464,0.0
mtd_ai,200,0.005060566860193146,0.24193548387096775,3007.2229055794555,0.05,150,5,0.11526984126984124,0.26511489966371116,0.6936655055419053,0.0
mtd_ai,200,0.005060566860193146,0.3191489361702128,4382.702247329542,0.1,150,5,0.11526984126984124,0.26511489966371116,0.6936655055419053,0.0
mtd_ai,200,0.005060566860193146,0.4017857142857143,4783.4455321169435,0.15,150,5,0.11526984126984124,0.26511489966371116,0.6936655055419053,0.0
mtd_ai,200,0.005060566860193146,0.39473684210526316,5984.777869578474,0.2,150,5,0.11526984126984124,0.26511489966371116,0.6936655055419053,0.0
mtd_ai,200,0.005060566860193146,0.39893617021276595,6768.342966379739,0.25,150,5,0.11526984126984124,0.26511489966371116,0.6936655055419053,0.0
mtd_ai,200,0.005040471583629762,0.5357142857142857,1217.3595393632063,0.05,150,5,0.11277777777777777,2.9350071286403248,4.85706022852984,0.0
mtd_ai,200,0.005040471583629762,0.32608695652173914,3744.7957134784015,0.1,150,5,0.11277777777777777,2.9350071286403248,4.85706022852984,0.0
mtd_ai,200,0.005040471583629762,0.3629032258064516,4739.413926887961,0.15,150,5,0.11277777777777777,2.9350071286403248,4.85706022852984,0.0
mtd_ai,200,0.005040471583629762,0.3488372093023256,5759.611552557871,0.2,150,5,0.11277777777777777,2.9350071286403248,4.85706022852984,0.0
mtd_ai,200,0.005040471583629762,0.390625,6104.901911426847,0.25,150,5,0.11277777777777777,2.9350071286403248,4.85706022852984,0.0
mtd_ai,200,0.005072988463662965,0.3125,1581.6871912721872,0.05,150,5,0.09444444444444444,4.80101202876183,5.738084931772613,0.0
mtd_ai,200,0.005072988463662965,0.3488372093023256,3815.2672178530543,0.1,150,5,0.09444444444444444,4.80101202876183,5.738084931772613,0.0
mtd_ai,200,0.005072988463662965,0.4166666666666667,4261.344850269157,0.15,150,5,0.09444444444444444,4.80101202876183,5.738084931772613,0.0
mtd_ai,200,0.005072988463662965,0.45454545454545453,5133.5549846833965,0.2,150,5,0.09444444444444444,4.80101202876183,5.738084931772613,0.0
mtd_ai,200,0.005072988463662965,0.487012987012987,5798.475577972664,0.25,150,5,0.09444444444444444,4.80101202876183,5.738084931772613,0.0
mtd_ai,200,0.005078950806753195,0.375,1954.9545859803738,0.05,150,5,0.12833333333333333,0.026716491195656677,0.07957995136923039,0.0
mtd_ai,200,0.005078950806753195,0.39473684210526316,3439.179833951649,0.1,150,5,0.12833333333333333,0.026716491195656677,0.07957995136923039,0.0
mtd_ai,200,0.005078950806753195,0.45918367346938777,3929.706357527816,0.15,150,5,0.12833333333333333,0.026716491195656677,0.07957995136923039,0.0
mtd_ai,200,0.005078950806753195,0.4918032786885246,4995.548782057942,0.2,150,5,0.12833333333333333,0.026716491195656677,0.07957995136923039,0.0
mtd_ai,200,0.005078950806753195,0.528169014084507,5715.572364283523,0.25,150,5,0.12833333333333333,0.026716491195656677,0.07957995136923039,0.0
mtd_ai,200,0.00508358442180476,0.2777777777777778,2125.6547079378074,0.05,150,5,0.08277777777777777,0.6258834801320124,2.724648968645593,0.0
mtd_ai,200,0.00508358442180476,0.3488372093023256,3344.416494960825,0.1,150,5,0.08277777777777777,0.6258834801320124,2.724648968645593,0.0
mtd_ai,200,0.00508358442180476,0.4017857142857143,4196.0379522671965,0.15,150,5,0.08277777777777777,0.6258834801320124,2.724648968645593,0.0
mtd_ai,200,0.00508358442180476,0.4411764705882353,4834.320862560955,0.2,150,5,0.08277777777777777,0.6258834801320124,2.724648968645593,0.0
mtd_ai,200,0.00508358442180476,0.46875,5360.976978462904,0.25,150,5,0.08277777777777777,0.6258834801320124,2.724648968645593,0.0
mtd_ai,200,0.0050515734079683424,0.46875,975.227798425342,0.05,150,5,0.13000000000000003,2.240052767702827,4.363996007444425,0.0
mtd_ai,200,0.0050515734079683424,0.5,1880.3855698010161,0.1,150,5,0.13000000000000003,2.240052767702827,4.363996007444425,0.0
mtd_ai,200,0.0050515734079683424,0.4090909090909091,3992.4521437137355,0.15,150,5,0.13000000000000003,2.240052767702827,4.363996007444425,0.0
mtd_ai,200,0.0050515734079683424,0.42857142857142855,4497.22612036911,0.2,150,5,0.13000000000000003,2.240052767702827,4.363996007444425,0.0
mtd_ai,200,0.0050515734079683424,0.44642857142857145,5546.177761205847,0.25,150,5,0.13000000000000003,2.240052767702827,4.363996007444425,0.0
mtd_ai,200,0.005067394282921855,0.3409090909090909,2796.385711374179,0.05,150,5,0.25,0.03925790622856133,0.16450843925910613,0.0
mtd_ai,200,0.005067394282921855,0.45454545454545453,3552.835824161199,0.1,150,5,0.25,0.03925790622856133,0.16450843925910613,0.0
mtd_ai,200,0.005067394282921855,0.4891304347826087,4368.4954320626575,0.15,150,5,0.25,0.03925790622856133,0.16450843925910613,0.0
mtd_ai,200,0.005067394282921855,0.5263157894736842,4855.4018621466075,0.2,150,5,0.25,0.03925790622856133,0.16450843925910613,0.0
mtd_ai,200,0.005067394282921855,0.487012987012987,5710.43924837608,0.25,150,5,0.25,0.03925790622856133,0.16450843925910613,0.0
mtd_ai,200,0.005036836424755769,0.24193548387096775,3903.144936662775,0.05,150,5,0.13333333333333333,1.0133505367163016,3.6533471968551847,0.0
mtd_ai,200,0.005036836424755769,0.3333333333333333,4747.035418747504,0.1,150,5,0.13333333333333333,1.0133505367163016,3.6533471968551847,0.0
mtd_ai,200,0.005036836424755769,0.4017857142857143,5539.894526490383,0.15,150,5,0.13333333333333333,1.0133505367163016,3.6533471968551847,0.0
mtd_ai,200,0.005036836424755769,0.44776119402985076,6475.472786977115,0.2,150,5,0.13333333333333333,1.0133505367163016,3.6533471968551847,0.0
mtd_ai,200,0.005036836424755769,0.41208791208791207,7434.4853191091715,0.25,150,5,0.13333333333333333,1.0133505367163016,3.6533471968551847,0.0
mtd_ai,200,0.005057777528019791,0.375,1861.9814867216367,0.05,150,5,0.13755555555555554,1.1177948594687865,3.7865616751271944,0.0
mtd_ai,200,0.005057777528019791,0.4838709677419355,2285.854009715321,0.1,150,5,0.13755555555555554,1.1177948594687865,3.7865616751271944,0.0
mtd_ai,200,0.005057777528019791,0.3879310344827586,3896.8177240634595,0.15,150,5,0.13755555555555554,1.1177948594687865,3.7865616751271944,0.0
mtd_ai,200,0.005057777528019791,0.3225806451612903,6194.873968609887,0.2,150,5,0.13755555555555554,1.1177948594687865,3.7865616751271944,0.0
mtd_ai,200,0.005057777528019791,0.35046728971962615,6742.115781621889,0.25,150,5,0.13755555555555554,1.1177948594687865,3.7865616751271944,0.0
mtd_ai,200,0.0050451583501795105,0.32608695652173914,2362.970346725261,0.05,150,5,0.15384615384615385,0.5463821707687431,1.8512434310411854,0.0
mtd_ai,200,0.0050451583501795105,0.3409090909090909,4204.481188575049,0.1,150,5,0.15384615384615385,0.5463821707687431,1.8512434310411854,0.0
mtd_ai,200,0.0050451583501795105,0.4090909090909091,4602.430783000342,0.15,150,5,0.15384615384615385,0.5463821707687431,1.8512434310411854,0.0
mtd_ai,200,0.0050451583501795105,0.42857142857142855,5553.168618780277,0.2,150,5,0.15384615384615385,0.5463821707687431,1.8512434310411854,0.0
mtd_ai,200,0.0050451583501795105,0.45180722891566266,6468.58788063999,0.25,150,5,0.15384615384615385,0.5463821707687431,1.8512434310411854,0.0
mtd_ai,200,0.00504073758277515,0.4411764705882353,1635.2855162535818,0.05,150,5,0.12999999999999998,1.1446504505248614,4.3915389185555584,0.0
mtd_ai,200,0.00504073758277515,0.36585365853658536,4001.7276586650873,0.1,150,5,0.12999999999999998,1.1446504505248614,4.3915389185555584,0.0
mtd_ai,200,0.00504073758277515,0.4090909090909091,4789.184668044953,0.15,150,5,0.12999999999999998,1.1446504505248614,4.3915389185555584,0.0
mtd_ai,200,0.00504073758277515,0.4411764705882353,5808.168328628342,0.2,150,5,0.12999999999999998,1.1446504505248614,4.3915389185555584,0.0
mtd_ai,200,0.00504073758277515,0.487012987012987,6226.5712728935505,0.25,150,5,0.12999999999999998,1.1446504505248614,4.3915389185555584,0.0
mtd_ai,200,0.005058793042220466,0.25862068965517243,2958.719902133914,0.05,150,5,0.15,0.3703153277878229,1.3563301003264998,0.0
mtd_ai,200,0.005058793042220466,0.3409090909090909,4173.813581003,0.1,150,5,0.15,0.3703153277878229,1.3563301003264998,0.0
mtd_ai,200,0.005058793042220466,0.39473684210526316,4916.058805080596,0.15,150,5,0.15,0.3703153277878229,1.3563301003264998,0.0
mtd_ai,200,0.005058793042220466,0.43478260869565216,5770.109670699453,0.2,150,5,0.15,0.3703153277878229,1.3563301003264998,0.0
mtd_ai,200,0.005058793042220466,0.4573170731707317,6759.710210015025,0.25,150,5,0.15,0.3703153277878229,1.3563301003264998,0.0
mtd_ai,200,0.005049815067209393,0.3409090909090909,1738.0871535944361,0.05,150,5,0.15066666666666667,0.22601548671798313,0.6785490663964685,0.0
mtd_ai,200,0.005049815067209393,0.39473684210526316,3003.2583669712526,0.1,150,5,0.15066666666666667,0.22601548671798313,0.6785490663964685,0.0
mtd_ai,200,0.005049815067209393,0.3879310344827586,4285.167786849831,0.15,150,5,0.15066666666666667,0.22601548671798313,0.6785490663964685,0.0
mtd_ai,200,0.005049815067209393,0.410958904109589,5204.958996504924,0.2,150,5,0.15066666666666667,0.22601548671798313,0.6785490663964685,0.0
mtd_ai,200,0.005049815067209393,0.44642857142857145,5645.193640943986,0.25,150,5,0.15066666666666667,0.22601548671798313,0.6785490663964685,0.0
mtd_ai,200,0.005077872639817007,0.5769230769230769,939.6375618222984,0.05,150,5,0.13,1.4792753841401305,4.437666661773818,0.0
mtd_ai,200,0.005077872639817007,0.42857142857142855,2902.8718124027755,0.1,150,5,0.13,1.4792753841401305,4.437666661773818,0.0
mtd_ai,200,0.005077872639817007,0.5,3707.2885821706363,0.15,150,5,0.13,1.4792753841401305,4.437666661773818,0.0
mtd_ai,200,0.005077872639817007,0.5084745762711864,4745.721716390222,0.2,150,5,0.13,1.4792753841401305,4.437666661773818,0.0
mtd_ai,200,0.005077872639817007,0.5357142857142857,5322.516808499346,0.25,150,5,0.13,1.4792753841401305,4.437666661773818,0.0
mtd_ai,200,0.005056483388555186,0.3409090909090909,2564.989482627872,0.05,150,5,0.148,0.04344313964268222,0.08053889863741068,0.0
mtd_ai,200,0.005056483388555186,0.26785714285714285,5188.650894035141,0.1,150,5,0.148,0.04344313964268222,0.08053889863741068,0.0
mtd_ai,200,0.005056483388555186,0.32608695652173914,5831.1872895664,0.15,150,5,0.148,0.04344313964268222,0.08053889863741068,0.0
mtd_ai,200,0.005056483388555186,0.36585365853658536,6400.27779098742,0.2,150,5,0.148,0.04344313964268222,0.08053889863741068,0.0
mtd_ai,200,0.005056483388555186,0.4032258064516129,6856.721336817691,0.25,150,5,0.148,0.04344313964268222,0.08053889863741068,0.0
mtd_ai,200,0.005040410409699434,0.39473684210526316,2027.3683522257754,0.05,150,5,0.13933333333333334,0.9073800180465157,2.9261239747354297,0.0
mtd_ai,200,0.005040410409699434,0.36585365853658536,3770.29511294744,0.1,150,5,0.13933333333333334,0.9073800180465157,2.9261239747354297,0.0
mtd_ai,200,0.005040410409699434,0.4326923076923077,4158.5109564543045,0.15,150,5,0.13933333333333334,0.9073800180465157,2.9261239747354297,0.0
mtd_ai,200,0.005040410409699434,0.43478260869565216,5857.906630388554,0.2,150,5,0.13933333333333334,0.9073800180465157,2.9261239747354297,0.0
mtd_ai,200,0.005040410409699434,0.4934210526315789,6068.788708912081,0.25,150,5,0.13933333333333334,0.9073800180465157,2.9261239747354297,0.0
mtd_ai,200,0.0050705937412895965,0.35714285714285715,2179.5773771573654,0.05,150,5,0.12,1.2374906972637156,3.9908258744831904,0.0
mtd_ai,200,0.0050705937412895965,0.45454545454545453,3144.620666596138,0.1,150,5,0.12,1.2374906972637156,3.9908258744831904,0.0
mtd_ai,200,0.0050705937412895965,0.4326923076923077,4960.525252022431,0.15,150,5,0.12,1.2374906972637156,3.9908258744831904,0.0
mtd_ai,200,0.0050705937412895965,0.4838709677419355,5549.758340847593,0.2,150,5,0.12,1.2374906972637156,3.9908258744831904,0.0
mtd_ai,200,0.0050705937412895965,0.5,5998.070372803471,0.25,150,5,0.12,1.2374906972637156,3.9908258744831904,0.0
mtd_ai,200,0.005056845489745271,0.25,4028.8061540854087,0.05,150,5,0.11333333333333333,0.8535359918180975,3.3854960639513973,0.0
mtd_ai,200,0.005056845489745271,0.3191489361702128,5108.5611624013345,0.1,150,5,0.11333333333333333,0.8535359918180975,3.3854960639513973,0.0
mtd_ai,200,0.005056845489745271,0.34615384615384615,6016.520608853631,0.15,150,5,0.11333333333333333,0.8535359918180975,3.3854960639513973,0.0
mtd_ai,200,0.005056845489745271,0.37037037037037035,7000.572848060718,0.2,150,5,0.11333333333333333,0.8535359918180975,3.3854960639513973,0.0
mtd_ai,200,0.005056845489745271,0.39473684210526316,7826.851942021671,0.25,150,5,0.11333333333333333,0.8535359918180975,3.3854960639513973,0.0
mtd_ai,200,0.005042576642920137,0.3409090909090909,2167.231380949307,0.05,150,5,0.25,0.26066122169241784,0.7379060098502289,-4.193548387096774
mtd_ai,200,0.005042576642920137,0.3488372093023256,4289.583752968852,0.1,150,5,0.25,0.26066122169241784,0.7379060098502289,-4.193548387096774
mtd_ai,200,0.005042576642920137,0.4090909090909091,4808.045102180235,0.15,150,5,0.25,0.26066122169241784,0.7379060098502289,-4.193548387096774
mtd_ai,200,0.005042576642920137,0.43478260869565216,5426.451154273511,0.2,150,5,0.25,0.26066122169241784,0.7379060098502289,-4.193548387096774
mtd_ai,200,0.005042576642920137,0.46296296296296297,5998.345369619204,0.25,150,5,0.25,0.26066122169241784,0.7379060098502289,-4.193548387096774
mtd_ai,200,0.005064092504985367,0.22058823529411764,4199.504503120214,0.05,150,5,0.10666666666666667,2.0534637447607236,6.00316470797955,0.0
mtd_ai,200,0.005064092504985367,0.29411764705882354,5091.538486052406,0.1,150,5,0.10666666666666667,2.0534637447607236,6.00316470797955,0.0
mtd_ai,200,0.005064092504985367,0.375,5627.323722585418,0.15,150,5,0.10666666666666667,2.0534637447607236,6.00316470797955,0.0
mtd_ai,200,0.005064092504985367,0.42857142857142855,6036.573232838709,0.2,150,5,0.10666666666666667,2.0534637447607236,6.00316470797955,0.0
mtd_ai,200,0.005064092504985367,0.46875,6519.509503855756,0.25,150,5,0.10666666666666667,2.0534637447607236,6.00316470797955,0.0
mtd_ai,200,0.00504801963230384,0.3125,2625.0726511673897,0.05,150,5,0.11142857142857143,1.4739045632574788,1.7519143489978548,0.0
mtd_ai,200,0.00504801963230384,0.40540540540540543,3743.051625248835,0.1,150,5,0.11142857142857143,1.4739045632574788,1.7519143489978548,0.0
mtd_ai,200,0.00504801963230384,0.45,4751.093080958044,0.15,150,5,0.11142857142857143,1.4739045632574788,1.7519143489978548,0.0
mtd_ai,200,0.00504801963230384,0.4918032786885246,5158.295744461332,0.2,150,5,0.11142857142857143,1.4739045632574788,1.7519143489978548,0.0
mtd_ai,200,0.00504801963230384,0.528169014084507,5777.974065569001,0.25,150,5,0.11142857142857143,1.4739045632574788,1.7519143489978548,0.0
mtd_ai,200,0.005050182849323887,0.4166666666666667,1756.1998522276854,0.05,150,5,0.10333333333333333,0.9662463412877802,3.867614569717949,6.75
mtd_ai,200,0.005050182849323887,0.4411764705882353,2987.902563874578,0.1,150,5,0.10333333333333333,0.9662463412877802,3.867614569717949,6.75
mtd_ai,200,0.005050182849323887,0.5,3886.8523045993134,0.15,150,5,0.10333333333333333,0.9662463412877802,3.867614569717949,6.75
mtd_ai,200,0.005050182849323887,0.5263157894736842,4414.785799188522,0.2,150,5,0.10333333333333333,0.9662463412877802,3.867614569717949,6.75
mtd_ai,200,0.005050182849323887,0.5681818181818182,4859.853430308952,0.25,150,5,0.10333333333333333,0.9662463412877802,3.867614569717949,6.75
mtd_ai,200,0.005040508665916676,0.24193548387096775,3881.5810049552065,0.05,150,5,0.11,0.19885425317955144,0.8338604216313145,0.0
mtd_ai,200,0.005040508665916676,0.32608695652173914,5108.704578843182,0.1,150,5,0.11,0.19885425317955144,0.8338604216313145,0.0
mtd_ai,200,0.005040508665916676,0.3813559322033898,5689.3238532125215,0.15,150,5,0.11,0.19885425317955144,0.8338604216313145,0.0
mtd_ai,200,0.005040508665916676,0.39473684210526316,6446.513088659931,0.2,150,5,0.11,0.19885425317955144,0.8338604216313145,0.0
mtd_ai,200,0.005040508665916676,0.44642857142857145,6795.5647543510295,0.25,150,5,0.11,0.19885425317955144,0.8338604216313145,0.0
mtd_ai,200,0.005039288618665955,0.28846153846153844,3301.0604857101557,0.05,150,5,0.16,0.23401530081244676,0.9981832611612258,3.236842105263158
mtd_ai,200,0.005039288618665955,0.375,4168.200752749934,0.1,150,5,0.16,0.23401530081244676,0.9981832611612258,3.236842105263158
mtd_ai,200,0.005039288618665955,0.42452830188679247,4974.488030932931,0.15,150,5,0.16,0.23401530081244676,0.9981832611612258,3.236842105263158
mtd_ai,200,0.005039288618665955,0.42857142857142855,6107.1560352854185,0.2,150,5,0.16,0.23401530081244676,0.9981832611612258,3.236842105263158
mtd_ai,200,0.005039288618665955,0.47468354430379744,6479.274607430722,0.25,150,5,0.16,0.23401530081244676,0.9981832611612258,3.236842105263158
mtd_ai,200,0.005041789548943194,0.3,1419.665783199735,0.05,150,5,0.1,1.2417135453378119,4.362842094177244,4.851851851851852
mtd_ai,200,0.005041789548943194,0.32608695652173914,3033.07803813431,0.1,150,5,0.1,1.2417135453378119,4.362842094177244,4.851851851851852
mtd_ai,200,0.005041789548943194,0.3629032258064516,4285.7112881360445,0.15,150,5,0.1,1.2417135453378119,4.362842094177244,4.851851851851852
mtd_ai,200,0.005041789548943194,0.39473684210526316,5031.60528048557,0.2,150,5,0.1,1.2417135453378119,4.362842094177244,4.851851851851852
mtd_ai,200,0.005041789548943194,0.42134831460674155,5809.761580667098,0.25,150,5,0.1,1.2417135453378119,4.362842094177244,4.851851851851852
mtd_ai,200,0.005042902480080986,0.32608695652173914,1960.624698780535,0.05,150,5,0.13,0.4306865671110514,1.4488054048206636,0.0
mtd_ai,200,0.005042902480080986,0.39473684210526316,3032.9400677697186,0.1,150,5,0.13,0.4306865671110514,1.4488054048206636,0.0
mtd_ai,200,0.005042902480080986,0.46875,3655.6898388903446,0.15,150,5,0.13,0.4306865671110514,1.4488054048206636,0.0
mtd_ai,200,0.005042902480080986,0.46153846153846156,5394.163849898387,0.2,150,5,0.13,0.4306865671110514,1.4488054048206636,0.0
mtd_ai,200,0.005042902480080986,0.46875,6511.781485726764,0.25,150,5,0.13,0.4306865671110514,1.4488054048206636,0.0
mtd_ai,200,0.0050523051509830386,0.46875,1896.4828647350932,0.05,150,5,0.12277777777777779,0.030312851372677675,0.08983594885538615,0.0
mtd_ai,200,0.0050523051509830386,0.3488372093023256,4934.795454978372,0.1,150,5,0.12277777777777779,0.030312851372677675,0.08983594885538615,0.0
mtd_ai,200,0.0050523051509830386,0.4017857142857143,5447.892062241228,0.15,150,5,0.12277777777777779,0.030312851372677675,0.08983594885538615,0.0
mtd_ai,200,0.0050523051509830386,0.44776119402985076,6049.909234656441,0.2,150,5,0.12277777777777779,0.030312851372677675,0.08983594885538615,0.0
mtd_ai,200,0.0050523051509830386,0.4032258064516129,7241.814145808494,0.25,150,5,0.12277777777777779,0.030312851372677675,0.08983594885538615,0.0
mtd_ai,200,0.0050800455113373675,0.5769230769230769,1268.0977146506889,0.05,150,5,0.2268730158730159,1.2963114488694951,3.834058475651539,0.0
mtd_ai,200,0.0050800455113373675,0.6,1793.464802999848,0.1,150,5,0.2268730158730159,1.2963114488694951,3.834058475651539,0.0
mtd_ai,200,0.0050800455113373675,0.5487804878048781,2899.2510583033077,0.15,150,5,0.2268730158730159,1.2963114488694951,3.834058475651539,0.0
mtd_ai,200,0.0050800455113373675,0.4918032786885246,4482.417548322057,0.2,150,5,0.2268730158730159,1.2963114488694951,3.834058475651539,0.0
mtd_ai,200,0.0050800455113373675,0.47468354430379744,5341.173013423311,0.25,150,5,0.2268730158730159,1.2963114488694951,3.834058475651539,0.0
mtd_ai,200,0.00503982283351131,0.2777777777777778,2992.0392498625947,0.05,150,5,0.13333333333333333,0.26182463520560834,0.2942067454216684,0.0
mtd_ai,200,0.00503982283351131,0.3488372093023256,4090.0810799757683,0.1,150,5,0.13333333333333333,0.26182463520560834,0.2942067454216684,0.0
mtd_ai,200,0.00503982283351131,0.4017857142857143,4830.551841823818,0.15,150,5,0.13333333333333333,0.26182463520560834,0.2942067454216684,0.0
mtd_ai,200,0.00503982283351131,0.36585365853658536,6142.934975454764,0.2,150,5,0.13333333333333333,0.26182463520560834,0.2942067454216684,0.0
mtd_ai,200,0.00503982283351131,0.39893617021276595,6820.9367738916235,0.25,150,5,0.13333333333333333,0.26182463520560834,0.2942067454216684,0.0
mtd_ai,200,0.005068903124087898,0.28846153846153844,2541.6287282284165,0.05,150,5,0.105,1.6881939235835226,4.294789417300951,0.0
mtd_ai,200,0.005068903124087898,0.28846153846153844,4452.556146040106,0.1,150,5,0.105,1.6881939235835226,4.294789417300951,0.0
mtd_ai,200,0.005068903124087898,0.36885245901639346,4843.287070868309,0.15,150,5,0.105,1.6881939235835226,4.294789417300951,0.0
mtd_ai,200,0.005068903124087898,0.40540540540540543,5497.88008184644,0.2,150,5,0.105,1.6881939235835226,4.294789417300951,0.0
mtd_ai,200,0.005068903124087898,0.45180722891566266,5839.092042054049,0.25,150,5,0.105,1.6881939235835226,4.294789417300951,0.0
mtd_ai,200,0.005067324988853567,0.24193548387096775,3446.5356661736278,0.05,150,5,0.13944444444444445,1.3565148037658825,2.2173908734114933,0.0
mtd_ai,200,0.005067324988853567,0.32608695652173914,4431.879821782015,0.1,150,5,0.13944444444444445,1.3565148037658825,2.2173908734114933,0.0
mtd_ai,200,0.005067324988853567,0.4090909090909091,4741.664503410224,0.15,150,5,0.13944444444444445,1.3565148037658825,2.2173908734114933,0.0
mtd_ai,200,0.005067324988853567,0.42857142857142855,5705.620523680405,0.2,150,5,0.13944444444444445,1.3565148037658825,2.2173908734114933,0.0
mtd_ai,200,0.005067324988853567,0.4807692307692308,5986.491279585101,0.25,150,5,0.13944444444444445,1.3565148037658825,2.2173908734114933,0.0
mtd_ai,200,0.00507034433555042,0.234375,3282.1137745567466,0.05,150,5,0.12592592592592594,0.2746055768716292,0.7352476273042379,0.0
mtd_ai,200,0.00507034433555042,0.28846153846153844,4986.188064626796,0.1,150,5,0.12592592592592594,0.2746055768716292,0.7352476273042379,0.0
mtd_ai,200,0.00507034433555042,0.3629032258064516,5522.540759719672,0.15,150,5,0.12592592592592594,0.2746055768716292,0.7352476273042379,0.0
mtd_ai,200,0.00507034433555042,0.4225352112676056,5912.347425603074,0.2,150,5,0.12592592592592594,0.2746055768716292,0.7352476273042379,0.0
mtd_ai,200,0.00507034433555042,0.46875,6339.767817635694,0.25,150,5,0.12592592592592594,0.2746055768716292,0.7352476273042379,0.0
mtd_ai,200,0.005050017066768508,0.32608695652173914,2467.6831536225386,0.05,150,5,0.15688888888888888,0.6450345717189863,2.1173548801020896,0.0
mtd_ai,200,0.005050017066768508,0.4166666666666667,3238.598223503814,0.1,150,5,0.15688888888888888,0.6450345717189863,2.1173548801020896,0.0
mtd_ai,200,0.005050017066768508,0.46875,4047.8076594942163,0.15,150,5,0.15688888888888888,0.6450345717189863,2.1173548801020896,0.0
mtd_ai,200,0.005050017066768508,0.5084745762711864,4759.2304140995275,0.2,150,5,0.15688888888888888,0.6450345717189863,2.1173548801020896,0.0
mtd_ai,200,0.005050017066768508,0.528169014084507,5301.579094545223,0.25,150,5,0.15688888888888888,0.6450345717189863,2.1173548801020896,0.0
mtd_ai,200,0.0050500377100027,0.3125,2565.7542832949175,0.05,150,5,0.11533333333333334,1.923532722035028,5.200592360735309,0.0
mtd_ai,200,0.0050500377100027,0.38461538461538464,3625.7025723218503,0.1,150,5,0.11533333333333334,1.923532722035028,5.200592360735309,0.0
mtd_ai,200,0.0050500377100027,0.4411764705882353,4421.984133206701,0.15,150,5,0.11533333333333334,1.923532722035028,5.200592360735309,0.0
mtd_ai,200,0.0050500377100027,0.46875,4987.97411885341,0.2,150,5,0.11533333333333334,1.923532722035028,5.200592360735309,0.0
mtd_ai,200,0.0050500377100027,0.4411764705882353,5693.310643645394,0.25,150,5,0.11533333333333334,1.923532722035028,5.200592360735309,0.0
mtd_ai,200,0.00505332073062987,0.3,2023.0047642914278,0.05,150,5,0.095,1.5514494789508404,5.106078071180644,0.0
mtd_ai,200,0.00505332073062987,0.38461538461538464,3257.5826167634455,0.1,150,5,0.095,1.5514494789508404,5.106078071180644,0.0
mtd_ai,200,0.00505332073062987,0.4411764705882353,4089.005617957045,0.15,150,5,0.095,1.5514494789508404,5.106078071180644,0.0
mtd_ai,200,0.00505332073062987,0.46875,4855.866495408771,0.2,150,5,0.095,1.5514494789508404,5.106078071180644,0.0
mtd_ai,200,0.00505332073062987,0.5136986301369864,5166.049832237581,0.25,150,5,0.095,1.5514494789508404,5.106078071180644,0.0
mtd_ai,200,0.005081260189792427,0.46875,1248.9795343317883,0.05,150,5,0.09533333333333334,0.5685177849495439,2.497036284815006,0.0
mtd_ai,200,0.005081260189792427,0.4411764705882353,3150.6527093202644,0.1,150,5,0.09533333333333334,0.5685177849495439,2.497036284815006,0.0
mtd_ai,200,0.005081260189792427,0.4787234042553192,3854.040613061636,0.15,150,5,0.09533333333333334,0.5685177849495439,2.497036284815006,0.0
mtd_ai,200,0.005081260189792427,0.4918032786885246,4682.09157741576,0.2,150,5,0.09533333333333334,0.5685177849495439,2.497036284815006,0.0
mtd_ai,200,0.005081260189792427,0.5136986301369864,5372.426224465467,0.25,150,5,0.09533333333333334,0.5685177849495439,2.497036284815006,0.0
mtd_ai,200,0.005040786585449394,0.39473684210526316,1945.3874842218142,0.05,150,5,0.13,0.5601965478285839,2.1016667489483427,0.0
mtd_ai,200,0.005040786585449394,0.4411764705882353,3007.1168301407674,0.1,150,5,0.13,0.5601965478285839,2.1016667489483427,0.0
mtd_ai,200,0.005040786585449394,0.5,3646.931893415823,0.15,150,5,0.13,0.5601965478285839,2.1016667489483427,0.0
mtd_ai,200,0.005040786585449394,0.43478260869565216,4750.447618866374,0.2,150,5,0.13,0.5601965478285839,2.1016667489483427,0.0
mtd_ai,200,0.005040786585449394,0.46875,5283.3655058793975,0.25,150,5,0.13,0.5601965478285839,2.1016667489483427,0.0
mtd_ai,200,0.005049914323489698,0.3409090909090909,2298.4008759388616,0.05,150,5,0.3076923076923077,2.169270937417258,2.555766641625004,-4.566666666666666
mtd_ai,200,0.005049914323489698,0.39473684210526316,3887.235019441269,0.1,150,5,0.3076923076923077,2.169270937417258,2.555766641625004,-4.566666666666666
mtd_ai,200,0.005049914323489698,0.4017857142857143,5030.13074713477,0.15,150,5,0.3076923076923077,2.169270937417258,2.555766641625004,-4.566666666666666
mtd_ai,200,0.005049914323489698,0.45454545454545453,5402.53872046805,0.2,150,5,0.3076923076923077,2.169270937417258,2.555766641625004,-4.566666666666666
mtd_ai,200,0.005049914323489698,0.5067567567567568,5807.769302012779,0.25,150,5,0.3076923076923077,2.169270937417258,2.555766641625004,-4.566666666666666
mtd_ai,200,0.0050332706998632015,0.234375,2556.151292440527,0.05,150,5,0.06666666666666667,1.102608284112625,3.5652250754349413,0.0
mtd_ai,200,0.0050332706998632015,0.28846153846153844,3778.8969842660463,0.1,150,5,0.06666666666666667,1.102608284112625,3.5652250754349413,0.0
mtd_ai,200,0.0050332706998632015,0.28846153846153844,5863.801512085449,0.15,150,5,0.06666666666666667,1.102608284112625,3.5652250754349413,0.0
mtd_ai,200,0.0050332706998632015,0.3157894736842105,7130.909726353001,0.2,150,5,0.06666666666666667,1.102608284112625,3.5652250754349413,0.0
mtd_ai,200,0.0050332706998632015,0.3440366972477064,8013.266763630786,0.25,150,5,0.06666666666666667,1.102608284112625,3.5652250754349413,0.0
mtd_ai,200,0.005052993620076076,0.4166666666666667,1672.3203440521868,0.05,150,5,0.1731111111111111,1.1260280027740368,4.255177118442554,0.0
mtd_ai,200,0.005052993620076076,0.46875,2704.3107245910687,0.1,150,5,0.1731111111111111,1.1260280027740368,4.255177118442554,0.0
mtd_ai,200,0.005052993620076076,0.5,3454.6821456165735,0.15,150,5,0.1731111111111111,1.1260280027740368,4.255177118442554,0.0
mtd_ai,200,0.005052993620076076,0.4918032786885246,4585.389784205867,0.2,150,5,0.1731111111111111,1.1260280027740368,4.255177118442554,0.0
mtd_ai,200,0.005052993620076076,0.5357142857142857,4960.418660889256,0.25,150,5,0.1731111111111111,1.1260280027740368,4.255177118442554,0.0
mtd_ai,200,0.005079452846721968,0.32608695652173914,2138.023403590605,0.05,150,5,0.15766666666666665,0.32081907583340585,0.9768782312672148,0.0
mtd_ai,200,0.005079452846721968,0.40540540540540543,3292.556997942932,0.1,150,5,0.15766666666666665,0.32081907583340585,0.9768782312672148,0.0
mtd_ai,200,0.005079452846721968,0.45918367346938777,3882.4888917323556,0.15,150,5,0.15766666666666665,0.32081907583340585,0.9768782312672148,0.0
mtd_ai,200,0.005079452846721968,0.46153846153846156,4935.198543846098,0.2,150,5,0.15766666666666665,0.32081907583340585,0.9768782312672148,0.0
mtd_ai,200,0.005079452846721968,0.4807692307692308,5534.993853927437,0.25,150,5,0.15766666666666665,0.32081907583340585,0.9768782312672148,0.0
mtd_ai,200,0.005077425401864826,0.32608695652173914,2283.900297044128,0.05,150,5,0.15365079365079368,0.511905093522008,2.150749081887864,0.0
mtd_ai,200,0.005077425401864826,0.36585365853658536,3583.689927521729,0.1,150,5,0.15365079365079368,0.511905093522008,2.150749081887864,0.0
mtd_ai,200,0.005077425401864826,0.4166666666666667,4568.056372834068,0.15,150,5,0.15365079365079368,0.511905093522008,2.150749081887864,0.0
mtd_ai,200,0.005077425401864826,0.4411764705882353,5276.243944663342,0.2,150,5,0.15365079365079368,0.511905093522008,2.150749081887864,0.0
mtd_ai,200,0.005077425401864826,0.47468354430379744,5791.275065415792,0.25,150,5,0.15365079365079368,0.511905093522008,2.150749081887864,0.0
mtd_ai,200,0.005062157422463149,0.3,2078.321484606568,0.05,150,5,0.17647058823529413,0.7023102311097164,0.45987287671844457,0.0
mtd_ai,200,0.005062157422463149,0.3333333333333333,3541.1941352599915,0.1,150,5,0.17647058823529413,0.7023102311097164,0.45987287671844457,0.0
mtd_ai,200,0.005062157422463149,0.36885245901639346,4387.635735176208,0.15,150,5,0.17647058823529413,0.7023102311097164,0.45987287671844457,0.0
mtd_ai,200,0.005062157422463149,0.38961038961038963,5234.4181938357915,0.2,150,5,0.17647058823529413,0.7023102311097164,0.45987287671844457,0.0
mtd_ai,200,0.005062157422463149,0.3640776699029126,6267.9886560061,0.25,150,5,0.17647058823529413,0.7023102311097164,0.45987287671844457,0.0
mtd_ai,200,0.0050620044003208626,0.28846153846153844,2510.6859695774333,0.05,150,5,0.15833333333333333,2.757033157737647,6.362678683653508,0.0
mtd_ai,200,0.0050620044003208626,0.30612244897959184,4038.1084378899895,0.1,150,5,0.15833333333333333,2.757033157737647,6.362678683653508,0.0
mtd_ai,200,0.0050620044003208626,0.36885245901639346,4616.125576624741,0.15,150,5,0.15833333333333333,2.757033157737647,6.362678683653508,0.0
mtd_ai,200,0.0050620044003208626,0.38961038961038963,5916.060942518075,0.2,150,5,0.15833333333333333,2.757033157737647,6.362678683653508,0.0
mtd_ai,200,0.0050620044003208626,0.4166666666666667,6906.611896770757,0.25,150,5,0.15833333333333333,2.757033157737647,6.362678683653508,0.0
mtd_ai,200,0.005052218873844263,0.39473684210526316,1909.1025805178842,0.05,150,5,0.11111111111111112,1.6983370759068968,3.665803489028044,0.0
mtd_ai,200,0.005052218873844263,0.42857142857142855,3086.0500953666433,0.1,150,5,0.11111111111111112,1.6983370759068968,3.665803489028044,0.0
mtd_ai,200,0.005052218873844263,0.4787234042553192,3709.580987583556,0.15,150,5,0.11111111111111112,1.6983370759068968,3.665803489028044,0.0
mtd_ai,200,0.005052218873844263,0.4838709677419355,4341.098354601521,0.2,150,5,0.11111111111111112,1.6983370759068968,3.665803489028044,0.0
mtd_ai,200,0.005052218873844263,0.5208333333333334,4848.109170026351,0.25,150,5,0.11111111111111112,1.6983370759068968,3.665803489028044,0.0
mtd_ai,200,0.005052785863872865,0.46875,1610.4351528059904,0.05,150,5,0.18033333333333335,1.4408325560150395,2.093913791582295,0.0
mtd_ai,200,0.005052785863872865,0.5,2428.3387939850363,0.1,150,5,0.18033333333333335,1.4408325560150395,2.093913791582295,0.0
mtd_ai,200,0.005052785863872865,0.5113636363636364,3757.0613882017205,0.15,150,5,0.18033333333333335,1.4408325560150395,2.093913791582295,0.0
mtd_ai,200,0.005052785863872865,0.5357142857142857,4524.7434749869,0.2,150,5,0.18033333333333335,1.4408325560150395,2.093913791582295,0.0
mtd_ai,200,0.005052785863872865,0.5514705882352942,4982.078268510786,0.25,150,5,0.18033333333333335,1.4408325560150395,2.093913791582295,0.0
mtd_ai,200,0.005036585093227499,0.1595744680851064,4122.098137528648,0.05,150,5,0.4,0.7325858646438775,1.278694312241673,-5.384615384615385
mtd_ai,200,0.005036585093227499,0.234375,5230.0512390181975,0.1,150,5,0.4,0.7325858646438775,1.278694312241673,-5.384615384615385
mtd_ai,200,0.005036585093227499,0.2922077922077922,5750.646840163183,0.15,150,5,0.4,0.7325858646438775,1.278694312241673,-5.384615384615385
mtd_ai,200,0.005036585093227499,0.3225806451612903,6286.6027794956135,0.2,150,5,0.4,0.7325858646438775,1.278694312241673,-5.384615384615385
mtd_ai,200,0.005036585093227499,0.35714285714285715,6788.321760113302,0.25,150,5,0.4,0.7325858646438775,1.278694312241673,-5.384615384615385
mtd_ai,200,0.005065912055365853,0.2777777777777778,3398.373878815754,0.05,150,5,0.1188888888888889,0.8740267011501203,0.5901255633857192,0.0
mtd_ai,200,0.005065912055365853,0.375,4315.245267804688,0.1,150,5,0.1188888888888889,0.8740267011501203,0.5901255633857192,0.0
mtd_ai,200,0.005065912055365853,0.39473684210526316,5793.404756821379,0.15,150,5,0.1188888888888889,0.8740267011501203,0.5901255633857192,0.0
mtd_ai,200,0.005065912055365853,0.43478260869565216,6262.451953258653,0.2,150,5,0.1188888888888889,0.8740267011501203,0.5901255633857192,0.0
mtd_ai,200,0.005065912055365853,0.46296296296296297,6804.389019677645,0.25,150,5,0.1188888888888889,0.8740267011501203,0.5901255633857192,0.0
mtd_ai,200,0.005031022549833975,0.20833333333333334,3863.2457959634226,0.05,150,5,0.1443174603174603,0.09191936456312451,0.31577387646217164,0.0
mtd_ai,200,0.005031022549833975,0.30612244897959184,4891.543262152263,0.1,150,5,0.1443174603174603,0.09191936456312451,0.31577387646217164,0.0
mtd_ai,200,0.005031022549833975,0.26785714285714285,6413.164450520587,0.15,150,5,0.1443174603174603,0.09191936456312451,0.31577387646217164,0.0
mtd_ai,200,0.005031022549833975,0.27522935779816515,8061.839147926292,0.2,150,5,0.1443174603174603,0.09191936456312451,0.31577387646217164,0.0
mtd_ai,200,0.005031022549833975,0.31512605042016806,8570.378571697074,0.25,150,5,0.1443174603174603,0.09191936456312451,0.31577387646217164,0.0
mtd_ai,200,0.005061967687463048,0.39473684210526316,1473.2788799036407,0.05,150,5,0.18444444444444444,1.154311714035944,3.337821936618562,0.0
mtd_ai,200,0.005061967687463048,0.5,2111.7341413479476,0.1,150,5,0.18444444444444444,1.154311714035944,3.337821936618562,0.0
mtd_ai,200,0.005061967687463048,0.5232558139534884,3077.736881440721,0.15,150,5,0.18444444444444444,1.154311714035944,3.337821936618562,0.0
mtd_ai,200,0.005061967687463048,0.45454545454545453,4607.180908613091,0.2,150,5,0.18444444444444444,1.154311714035944,3.337821936618562,0.0
mtd_ai,200,0.005061967687463048,0.5,4999.8554725103695,0.25,150,5,0.18444444444444444,1.154311714035944,3.337821936618562,0.0
mtd_ai,200,0.005090158110371577,0.3,2213.868811923575,0.05,150,5,0.11333333333333333,0.471834455359916,1.0365379352045805,0.0
mtd_ai,200,0.005090158110371577,0.38461538461538464,3329.3717574174907,0.1,150,5,0.11333333333333333,0.471834455359916,1.0365379352045805,0.0
mtd_ai,200,0.005090158110371577,0.45918367346938777,3752.821645182848,0.15,150,5,0.11333333333333333,0.471834455359916,1.0365379352045805,0.0
mtd_ai,200,0.005090158110371577,0.4838709677419355,4319.3370205539595,0.2,150,5,0.11333333333333333,0.471834455359916,1.0365379352045805,0.0
mtd_ai,200,0.005090158110371577,0.4934210526315789,4904.635731051945,0.25,150,5,0.11333333333333333,0.471834455359916,1.0365379352045805,0.0
mtd_ai,200,0.005078247062323639,0.4166666666666667,1690.7204910667579,0.05,150,5,0.1497777777777778,0.39833657355736507,0.7949989283056615,0.0
mtd_ai,200,0.005078247062323639,0.46875,2450.7486009514073,0.1,150,5,0.1497777777777778,0.39833657355736507,0.7949989283056615,0.0
mtd_ai,200,0.005078247062323639,0.5113636363636364,3301.9264357368284,0.15,150,5,0.1497777777777778,0.39833657355736507,0.7949989283056615,0.0
mtd_ai,200,0.005078247062323639,0.5263157894736842,3913.3497888256297,0.2,150,5,0.1497777777777778,0.39833657355736507,0.7949989283056615,0.0
mtd_ai,200,0.005078247062323639,0.45180722891566266,5431.165151210668,0.25,150,5,0.1497777777777778,0.39833657355736507,0.7949989283056615,0.0
mtd_ai,200,0.005058791667108196,0.28846153846153844,2032.322408262857,0.05,150,5,0.15333333333333332,0.20957181252211002,0.8089348346934233,0.0
mtd_ai,200,0.005058791667108196,0.40540540540540543,2788.21321857802,0.1,150,5,0.15333333333333332,0.20957181252211002,0.8089348346934233,0.0
mtd_ai,200,0.005058791667108196,0.4326923076923077,3846.180749550319,0.15,150,5,0.15333333333333332,0.20957181252211002,0.8089348346934233,0.0
mtd_ai,200,0.005058791667108196,0.410958904109589,5983.37547212897,0.2,150,5,0.15333333333333332,0.20957181252211002,0.8089348346934233,0.0
mtd_ai,200,0.005058791667108196,0.4411764705882353,6631.21136088926,0.25,150,5,0.15333333333333332,0.20957181252211002,0.8089348346934233,0.0
mtd_ai,200,0.005074012466957285,0.35714285714285715,2098.0404195594256,0.05,150,5,0.11,2.5634565509341005,3.5388075868870303,0.0
mtd_ai,200,0.005074012466957285,0.3488372093023256,4213.087040370614,0.1,150,5,0.11,2.5634565509341005,3.5388075868870303,0.0
mtd_ai,200,0.005074012466957285,0.4090909090909091,4993.55938747569,0.15,150,5,0.11,2.5634565509341005,3.5388075868870303,0.0
mtd_ai,200,0.005074012466957285,0.44776119402985076,5495.386642067755,0.2,150,5,0.11,2.5634565509341005,3.5388075868870303,0.0
mtd_ai,200,0.005074012466957285,0.47468354430379744,6143.032036433993,0.25,150,5,0.11,2.5634565509341005,3.5388075868870303,0.0
mtd_ai,200,0.005047063706133395,0.26785714285714285,2848.1142612714975,0.05,150,5,0.14400000000000002,0.27330763354757465,0.9884430845208011,0.0
mtd_ai,200,0.005047063706133395,0.35714285714285715,3453.2841036222976,0.1,150,5,0.14400000000000002,0.27330763354757465,0.9884430845208011,0.0
mtd_ai,200,0.005047063706133395,0.4090909090909091,4166.90762089115,0.15,150,5,0.14400000000000002,0.27330763354757465,0.9884430845208011,0.0
mtd_ai,200,0.005047063706133395,0.42857142857142855,5145.495361605987,0.2,150,5,0.14400000000000002,0.27330763354757465,0.9884430845208011,0.0
mtd_ai,200,0.005047063706133395,0.4573170731707317,5714.370886967996,0.25,150,5,0.14400000000000002,0.27330763354757465,0.9884430845208011,0.0
mtd_ai,200,0.005077776618369422,0.4166666666666667,1692.9571311451177,0.05,150,5,0.12655555555555556,0.7580772586509618,3.388250287918153,0.0
mtd_ai,200,0.005077776618369422,0.42857142857142855,2789.552571194198,0.1,150,5,0.12655555555555556,0.7580772586509618,3.388250287918153,0.0
mtd_ai,200,0.005077776618369422,0.4411764705882353,4170.231432270414,0.15,150,5,0.12655555555555556,0.7580772586509618,3.388250287918153,0.0
mtd_ai,200,0.005077776618369422,0.46153846153846156,4682.617933109712,0.2,150,5,0.12655555555555556,0.7580772586509618,3.388250287918153,0.0
mtd_ai,200,0.005077776618369422,0.44642857142857145,5877.912361866607,0.25,150,5,0.12655555555555556,0.7580772586509618,3.388250287918153,0.0
mtd_ai,200,0.005053264167135628,0.39473684210526316,1739.5943529535791,0.05,150,5,0.13533333333333333,1.2637201842908559,4.32303967356888,0.0
mtd_ai,200,0.005053264167135628,0.32608695652173914,3430.655906073608,0.1,150,5,0.13533333333333333,1.2637201842908559,4.32303967356888,0.0
mtd_ai,200,0.005053264167135628,0.39473684210526316,4293.801645585971,0.15,150,5,0.13533333333333333,1.2637201842908559,4.32303967356888,0.0
mtd_ai,200,0.005053264167135628,0.45454545454545453,4783.631323363093,0.2,150,5,0.13533333333333333,1.2637201842908559,4.32303967356888,0.0
mtd_ai,200,0.005053264167135628,0.487012987012987,5296.748545811124,0.25,150,5,0.13533333333333333,1.2637201842908559,4.32303967356888,0.0
mtd_ai,200,0.005072495997788164,0.3125,2088.187091987288,0.05,150,5,0.1956521739130435,0.9912092455529998,3.5422658477315703,0.0
mtd_ai,200,0.005072495997788164,0.3488372093023256,3678.4288674893733,0.1,150,5,0.1956521739130435,0.9912092455529998,3.5422658477315703,0.0
mtd_ai,200,0.005072495997788164,0.39473684210526316,4232.192464439181,0.15,150,5,0.1956521739130435,0.9912092455529998,3.5422658477315703,0.0
mtd_ai,200,0.005072495997788164,0.4166666666666667,5388.148826534063,0.2,150,5,0.1956521739130435,0.9912092455529998,3.5422658477315703,0.0
mtd_ai,200,0.005072495997788164,0.4411764705882353,6204.193320177546,0.25,150,5,0.1956521739130435,0.9912092455529998,3.5422658477315703,0.0
mtd_ai,200,0.005033029195363476,0.3,3563.381582698092,0.05,150,5,0.12,1.0021086886989463,2.4407870358408443,0.0
mtd_ai,200,0.005033029195363476,0.40540540540540543,4340.8915801632065,0.1,150,5,0.12,1.0021086886989463,2.4407870358408443,0.0
mtd_ai,200,0.005033029195363476,0.4411764705882353,5558.170847765728,0.15,150,5,0.12,1.0021086886989463,2.4407870358408443,0.0
mtd_ai,200,0.005033029195363476,0.4838709677419355,6149.069916755185,0.2,150,5,0.12,1.0021086886989463,2.4407870358408443,0.0
mtd_ai,200,0.005033029195363476,0.5,7248.894325655407,0.25,150,5,0.12,1.0021086886989463,2.4407870358408443,0.0
mtd_ai,200,0.005038788833814485,0.3,2120.037949184026,0.05,150,5,0.14666666666666667,7.972185213668055,7.7511990454576685,0.0
mtd_ai,200,0.005038788833814485,0.35714285714285715,3139.6399371117523,0.1,150,5,0.14666666666666667,7.972185213668055,7.7511990454576685,0.0
mtd_ai,200,0.005038788833814485,0.36885245901639346,4403.53904876834,0.15,150,5,0.14666666666666667,7.972185213668055,7.7511990454576685,0.0
mtd_ai,200,0.005038788833814485,0.3448275862068966,5715.17013714442,0.2,150,5,0.14666666666666667,7.972185213668055,7.7511990454576685,0.0
mtd_ai,200,0.005038788833814485,0.3826530612244898,6190.698726870547,0.25,150,5,0.14666666666666667,7.972185213668055,7.7511990454576685,0.0
mtd_ai,200,0.005063048958799208,0.28846153846153844,3080.881911856093,0.05,150,5,0.11055555555555557,0.9490300099616079,3.7556471160172573,0.0
mtd_ai,200,0.005063048958799208,0.35714285714285715,4201.696281452355,0.1,150,5,0.11055555555555557,0.9490300099616079,3.7556471160172573,0.0
mtd_ai,200,0.005063048958799208,0.4090909090909091,4967.589432678092,0.15,150,5,0.11055555555555557,0.9490300099616079,3.7556471160172573,0.0
mtd_ai,200,0.005063048958799208,0.46153846153846156,5405.017717806621,0.2,150,5,0.11055555555555557,0.9490300099616079,3.7556471160172573,0.0
mtd_ai,200,0.005063048958799208,0.487012987012987,6168.562585978393,0.25,150,5,0.11055555555555557,0.9490300099616079,3.7556471160172573,0.0
mtd_ai,200,0.005031474530483958,0.35714285714285715,2545.171598217772,0.05,150,5,0.1,0.8909481178202968,3.9266232083552777,0.0
mtd_ai,200,0.005031474530483958,0.38461538461538464,3720.022374663713,0.1,150,5,0.1,0.8909481178202968,3.9266232083552777,0.0
mtd_ai,200,0.005031474530483958,0.4326923076923077,4505.272189749832,0.15,150,5,0.1,0.8909481178202968,3.9266232083552777,0.0
mtd_ai,200,0.005031474530483958,0.39473684210526316,6948.735680601658,0.2,150,5,0.1,0.8909481178202968,3.9266232083552777,0.0
mtd_ai,200,0.005031474530483958,0.43103448275862066,7332.692855683104,0.25,150,5,0.1,0.8909481178202968,3.9266232083552777,0.0
mtd_ai,200,0.005089851027553612,0.5357142857142857,1004.1617872606121,0.05,150,5,0.17555555555555555,0.33526920188571574,1.4286259672091872,0.0
mtd_ai,200,0.005089851027553612,0.5,1992.067318865891,0.1,150,5,0.17555555555555555,0.33526920188571574,1.4286259672091872,0.0
mtd_ai,200,0.005089851027553612,0.5113636363636364,3134.2480456890817,0.15,150,5,0.17555555555555555,0.33526920188571574,1.4286259672091872,0.0
mtd_ai,200,0.005089851027553612,0.5084745762711864,3985.7066988267743,0.2,150,5,0.17555555555555555,0.33526920188571574,1.4286259672091872,0.0
mtd_ai,200,0.005089851027553612,0.5208333333333334,4731.724321055721,0.25,150,5,0.17555555555555555,0.33526920188571574,1.4286259672091872,0.0
mtd_ai,200,0.005039169920004877,0.3125,2917.794517767017,0.05,150,5,0.25,1.4076130988914186,3.1757340309161948,-4.466666666666667
mtd_ai,200,0.005039169920004877,0.35714285714285715,4464.402010807637,0.1,150,5,0.25,1.4076130988914186,3.1757340309161948,-4.466666666666667
mtd_ai,200,0.005039169920004877,0.3879310344827586,5451.293507543016,0.15,150,5,0.25,1.4076130988914186,3.1757340309161948,-4.466666666666667
mtd_ai,200,0.005039169920004877,0.38461538461538464,6221.078653134469,0.2,150,5,0.25,1.4076130988914186,3.1757340309161948,-4.466666666666667
mtd_ai,200,0.005039169920004877,0.436046511627907,6726.2308765322105,0.25,150,5,0.25,1.4076130988914186,3.1757340309161948,-4.466666666666667
mtd_ai,200,0.005047615504798891,0.28846153846153844,2925.3766970064526,0.05,150,5,0.17,1.8781565662485995,4.08945425030059,0.0
mtd_ai,200,0.005047615504798891,0.35714285714285715,4324.654396602853,0.1,150,5,0.17,1.8781565662485995,4.08945425030059,0.0
mtd_ai,200,0.005047615504798891,0.3515625,6221.434049663736,0.15,150,5,0.17,1.8781565662485995,4.08945425030059,0.0
mtd_ai,200,0.005047615504798891,0.36585365853658536,7282.903829248799,0.2,150,5,0.17,1.8781565662485995,4.08945425030059,0.0
mtd_ai,200,0.005047615504798891,0.375,8381.170843042528,0.25,150,5,0.17,1.8781565662485995,4.08945425030059,0.0
mtd_ai,200,0.005067574167918348,0.25,2293.8949850674326,0.05,150,5,0.13,0.21583698904523504,0.7749539897268696,0.0
mtd_ai,200,0.005067574167918348,0.30612244897959184,3448.232714263688,0.1,150,5,0.13,0.21583698904523504,0.7749539897268696,0.0
mtd_ai,200,0.005067574167918348,0.3409090909090909,4478.860668991363,0.15,150,5,0.13,0.21583698904523504,0.7749539897268696,0.0
mtd_ai,200,0.005067574167918348,0.35714285714285715,6185.528982493887,0.2,150,5,0.13,0.21583698904523504,0.7749539897268696,0.0
mtd_ai,200,0.005067574167918348,0.4076086956521739,6424.9929003636535,0.25,150,5,0.13,0.21583698904523504,0.7749539897268696,0.0
mtd_ai,200,0.005077892570223966,0.4411764705882353,1664.979428436804,0.05,150,5,0.25,3.164174845838276,2.6302713370261173,0.0
mtd_ai,200,0.005077892570223966,0.5555555555555556,2192.2571022539796,0.1,150,5,0.25,3.164174845838276,2.6302713370261173,0.0
mtd_ai,200,0.005077892570223966,0.5357142857142857,3541.2300440533645,0.15,150,5,0.25,3.164174845838276,2.6302713370261173,0.0
mtd_ai,200,0.005077892570223966,0.5555555555555556,4178.00985458875,0.2,150,5,0.25,3.164174845838276,2.6302713370261173,0.0
mtd_ai,200,0.005077892570223966,0.5681818181818182,5154.513513818465,0.25,150,5,0.25,3.164174845838276,2.6302713370261173,0.0
mtd_ai,200,0.005088007309494111,0.39473684210526316,1548.8284731540602,0.05,150,5,0.14166666666666666,0.7510729094967854,3.37586821779944,0.0
mtd_ai,200,0.005088007309494111,0.4411764705882353,2712.597266387211,0.1,150,5,0.14166666666666666,0.7510729094967854,3.37586821779944,0.0
mtd_ai,200,0.005088007309494111,0.4787234042553192,4051.0248770190933,0.15,150,5,0.14166666666666666,0.7510729094967854,3.37586821779944,0.0
mtd_ai,200,0.005088007309494111,0.5263157894736842,4554.6451116334065,0.2,150,5,0.14166666666666666,0.7510729094967854,3.37586821779944,0.0
mtd_ai,200,0.005088007309494111,0.5514705882352942,5127.467802258248,0.25,150,5,0.14166666666666666,0.7510729094967854,3.37586821779944,0.0
mtd_ai,200,0.005034485772874755,0.26785714285714285,2973.8483370936638,0.05,150,5,0.14444444444444446,0.4983398935435803,1.272231909388617,0.0
mtd_ai,200,0.005034485772874755,0.3125,4706.766059355352,0.1,150,5,0.14444444444444446,0.4983398935435803,1.272231909388617,0.0
mtd_ai,200,0.005034485772874755,0.34615384615384615,5974.912751502758,0.15,150,5,0.14444444444444446,0.4983398935435803,1.272231909388617,0.0
mtd_ai,200,0.005034485772874755,0.39473684210526316,6515.0490819126435,0.2,150,5,0.14444444444444446,0.4983398935435803,1.272231909388617,0.0
mtd_ai,200,0.005034485772874755,0.436046511627907,6945.079113417616,0.25,150,5,0.14444444444444446,0.4983398935435803,1.272231909388617,0.0
mtd_ai,200,0.00506922057305396,0.39473684210526316,1670.4460151606477,0.05,150,5,0.14166666666666666,0.5304513017642243,1.4391351510896357,0.0
mtd_ai,200,0.00506922057305396,0.42857142857142855,2928.67083929972,0.1,150,5,0.14166666666666666,0.5304513017642243,1.4391351510896357,0.0
mtd_ai,200,0.00506922057305396,0.4166666666666667,4453.140008717996,0.15,150,5,0.14166666666666666,0.5304513017642243,1.4391351510896357,0.0
mtd_ai,200,0.00506922057305396,0.40540540540540543,5593.908534184604,0.2,150,5,0.14166666666666666,0.5304513017642243,1.4391351510896357,0.0
mtd_ai,200,0.00506922057305396,0.436046511627907,6101.732231960416,0.25,150,5,0.14166666666666666,0.5304513017642243,1.4391351510896357,0.0
mtd_ai,200,0.005072452884626192,0.39473684210526316,1830.2915667515554,0.05,150,5,0.18,0.26684968470850357,0.841368470182741,0.0
mtd_ai,200,0.005072452884626192,0.375,3786.3723108374443,0.1,150,5,0.18,0.26684968470850357,0.841368470182741,0.0
mtd_ai,200,0.005072452884626192,0.46875,4302.521151793293,0.15,150,5,0.18,0.26684968470850357,0.841368470182741,0.0
mtd_ai,200,0.005072452884626192,0.46153846153846156,5283.715999212567,0.2,150,5,0.18,0.26684968470850357,0.841368470182741,0.0
mtd_ai,200,0.005072452884626192,0.487012987012987,5896.092527285774,0.25,150,5,0.18,0.26684968470850357,0.841368470182741,0.0
mtd_ai,200,0.005033700547194308,0.25862068965517243,2755.1202646244014,0.05,150,5,0.12666666666666668,0.13679324176319146,0.5957237758894119,0.0
mtd_ai,200,0.005033700547194308,0.3191489361702128,4203.555887495115,0.1,150,5,0.12666666666666668,0.13679324176319146,0.5957237758894119,0.0
mtd_ai,200,0.005033700547194308,0.39473684210526316,4757.411568919619,0.15,150,5,0.12666666666666668,0.13679324176319146,0.5957237758894119,0.0
mtd_ai,200,0.005033700547194308,0.4225352112676056,5369.171053062508,0.2,150,5,0.12666666666666668,0.13679324176319146,0.5957237758894119,0.0
mtd_ai,200,0.005033700547194308,0.436046511627907,6453.703590047076,0.25,150,5,0.12666666666666668,0.13679324176319146,0.5957237758894119,0.0
mtd_ai,200,0.005043097263778128,0.32608695652173914,2610.227917442506,0.05,150,5,0.11111111111111109,0.2030815194952306,0.3049323016695484,0.0
mtd_ai,200,0.005043097263778128,0.39473684210526316,3720.7076901716846,0.1,150,5,0.11111111111111109,0.2030815194952306,0.3049323016695484,0.0
mtd_ai,200,0.005043097263778128,0.4411764705882353,4502.946724475751,0.15,150,5,0.11111111111111109,0.2030815194952306,0.3049323016695484,0.0
mtd_ai,200,0.005043097263778128,0.47619047619047616,4973.493945828213,0.2,150,5,0.11111111111111109,0.2030815194952306,0.3049323016695484,0.0
mtd_ai,200,0.005043097263778128,0.46296296296296297,5705.787597704735,0.25,150,5,0.11111111111111109,0.2030815194952306,0.3049323016695484,0.0
mtd_ai,200,0.005078699152231195,0.25,3392.750899235122,0.05,150,5,0.12833333333333333,0.40139219232835543,1.191126295563256,0.0
mtd_ai,200,0.005078699152231195,0.3409090909090909,4260.093898008088,0.1,150,5,0.12833333333333333,0.40139219232835543,1.191126295563256,0.0
mtd_ai,200,0.005078699152231195,0.375,4865.840457652406,0.15,150,5,0.12833333333333333,0.40139219232835543,1.191126295563256,0.0
mtd_ai,200,0.005078699152231195,0.42857142857142855,5266.315923714394,0.2,150,5,0.12833333333333333,0.40139219232835543,1.191126295563256,0.0
mtd_ai,200,0.005078699152231195,0.44642857142857145,5775.401471000959,0.25,150,5,0.12833333333333333,0.40139219232835543,1.191126295563256,0.0
mtd_ai,200,0.0050410863525976865,0.5357142857142857,972.0157916902148,0.05,150,5,0.129,0.3148497666776687,0.9659579813692848,0.0
mtd_ai,200,0.0050410863525976865,0.4166666666666667,3324.446159514786,0.1,150,5,0.129,0.3148497666776687,0.9659579813692848,0.0
mtd_ai,200,0.0050410863525976865,0.5,3962.1480721224093,0.15,150,5,0.129,0.3148497666776687,0.9659579813692848,0.0
mtd_ai,200,0.0050410863525976865,0.5263157894736842,4687.781615077893,0.2,150,5,0.129,0.3148497666776687,0.9659579813692848,0.0
mtd_ai,200,0.0050410863525976865,0.5357142857142857,5422.165173097226,0.25,150,5,0.129,0.3148497666776687,0.9659579813692848,0.0
mtd_ai,200,0.005043949016459412,0.35714285714285715,2086.6190889003874,0.05,150,5,0.16992063492063492,0.7300915075427606,1.6598231152554552,0.0
mtd_ai,200,0.005043949016459412,0.4166666666666667,2952.318110621025,0.1,150,5,0.16992063492063492,0.7300915075427606,1.6598231152554552,0.0
mtd_ai,200,0.005043949016459412,0.5113636363636364,3268.2095060441934,0.15,150,5,0.16992063492063492,0.7300915075427606,1.6598231152554552,0.0
mtd_ai,200,0.005043949016459412,0.5084745762711864,4201.951519878874,0.2,150,5,0.16992063492063492,0.7300915075427606,1.6598231152554552,0.0
mtd_ai,200,0.005043949016459412,0.5208333333333334,5117.685807106728,0.25,150,5,0.16992063492063492,0.7300915075427606,1.6598231152554552,0.0
mtd_ai,200,0.005038597021704907,0.3409090909090909,2433.7659594961297,0.05,150,5,0.25,0.12661992004907338,0.4727104953607768,-4.928571428571429
mtd_ai,200,0.005038597021704907,0.42857142857142855,3396.6066090747117,0.1,150,5,0.25,0.12661992004907338,0.4727104953607768,-4.928571428571429
mtd_ai,200,0.005038597021704907,0.4017857142857143,4792.7159991638655,0.15,150,5,0.25,0.12661992004907338,0.4727104953607768,-4.928571428571429
mtd_ai,200,0.005038597021704907,0.44776119402985076,5563.293374100848,0.2,150,5,0.25,0.12661992004907338,0.4727104953607768,-4.928571428571429
mtd_ai,200,0.005038597021704907,0.487012987012987,5932.372407242703,0.25,150,5,0.25,0.12661992004907338,0.4727104953607768,-4.928571428571429
mtd_ai,200,0.005042803338713178,0.24193548387096775,3211.72773528156,0.05,150,5,0.10144444444444445,0.06392860216722057,0.08293918679007468,0.0
mtd_ai,200,0.005042803338713178,0.3125,4305.064164886411,0.1,150,5,0.10144444444444445,0.06392860216722057,0.08293918679007468,0.0
mtd_ai,200,0.005042803338713178,0.3879310344827586,4718.052400672241,0.15,150,5,0.10144444444444445,0.06392860216722057,0.08293918679007468,0.0
mtd_ai,200,0.005042803338713178,0.42857142857142855,5241.461839311371,0.2,150,5,0.10144444444444445,0.06392860216722057,0.08293918679007468,0.0
mtd_ai,200,0.005042803338713178,0.4573170731707317,5912.745125711124,0.25,150,5,0.10144444444444445,0.06392860216722057,0.08293918679007468,0.0
mtd_ai,200,0.005069832313297852,0.22058823529411764,3099.5404657651934,0.05,150,5,0.13555555555555557,1.193184282794753,3.822390554213743,0.0
mtd_ai,200,0.005069832313297852,0.3333333333333333,3880.3509928325248,0.1,150,5,0.13555555555555557,1.193184282794753,3.822390554213743,0.0
mtd_ai,200,0.005069832313297852,0.4090909090909091,4577.045483479386,0.15,150,5,0.13555555555555557,1.193184282794753,3.822390554213743,0.0
mtd_ai,200,0.005069832313297852,0.40540540540540543,5668.9050308699025,0.2,150,5,0.13555555555555557,1.193184282794753,3.822390554213743,0.0
mtd_ai,200,0.005069832313297852,0.4411764705882353,6397.44030453861,0.25,150,5,0.13555555555555557,1.193184282794753,3.822390554213743,0.0
mtd_ai,200,0.005046974093259766,0.5,1299.7223051008018,0.05,150,5,0.13,0.1498081180016286,0.49451571476560363,0.0
mtd_ai,200,0.005046974093259766,0.45454545454545453,2770.402738482139,0.1,150,5,0.13,0.1498081180016286,0.49451571476560363,0.0
mtd_ai,200,0.005046974093259766,0.5113636363636364,3467.40325575144,0.15,150,5,0.13,0.1498081180016286,0.49451571476560363,0.0
mtd_ai,200,0.005046974093259766,0.5263157894736842,4275.5663070513865,0.2,150,5,0.13,0.1498081180016286,0.49451571476560363,0.0
mtd_ai,200,0.005046974093259766,0.5681818181818182,4660.4528017968005,0.25,150,5,0.13,0.1498081180016286,0.49451571476560363,0.0
mtd_ai,200,0.005098289493563194,0.4166666666666667,1606.3251852395979,0.05,150,5,0.19,0.106589718919591,0.3105225252706041,0.0
mtd_ai,200,0.005098289493563194,0.4166666666666667,3261.788064508756,0.1,150,5,0.19,0.106589718919591,0.3105225252706041,0.0
mtd_ai,200,0.005098289493563194,0.5,3595.4947840780387,0.15,150,5,0.19,0.106589718919591,0.3105225252706041,0.0
mtd_ai,200,0.005098289493563194,0.5172413793103449,4160.075358693271,0.2,150,5,0.19,0.106589718919591,0.3105225252706041,0.0
mtd_ai,200,0.005098289493563194,0.5597014925373134,4597.844622496979,0.25,150,5,0.19,0.106589718919591,0.3105225252706041,0.0
mtd_ai,200,0.005062439508762271,0.25,2689.391545688559,0.05,150,5,0.14,0.25530579610638343,0.8177262219579183,0.0
mtd_ai,200,0.005062439508762271,0.30612244897959184,4145.01356458294,0.1,150,5,0.14,0.25530579610638343,0.8177262219579183,0.0
mtd_ai,200,0.005062439508762271,0.28846153846153844,5822.985879215616,0.15,150,5,0.14,0.25530579610638343,0.8177262219579183,0.0
mtd_ai,200,0.005062439508762271,0.3225806451612903,6474.497970774977,0.2,150,5,0.14,0.25530579610638343,0.8177262219579183,0.0
mtd_ai,200,0.005062439508762271,0.3640776699029126,7070.219101467766,0.25,150,5,0.14,0.25530579610638343,0.8177262219579183,0.0
mtd_ai,200,0.005057317295567536,0.22727272727272727,3985.894257699628,0.05,150,5,0.12333333333333334,0.40196996853827954,1.4020486993857553,0.0
mtd_ai,200,0.005057317295567536,0.3,4986.298686658931,0.1,150,5,0.12333333333333334,0.40196996853827954,1.4020486993857553,0.0
mtd_ai,200,0.005057317295567536,0.34615384615384615,5750.425937988854,0.15,150,5,0.12333333333333334,0.40196996853827954,1.4020486993857553,0.0
mtd_ai,200,0.005057317295567536,0.38461538461538464,6625.364994824743,0.2,150,5,0.12333333333333334,0.40196996853827954,1.4020486993857553,0.0
mtd_ai,200,0.005057317295567536,0.436046511627907,6925.238227301476,0.25,150,5,0.12333333333333334,0.40196996853827954,1.4020486993857553,0.0
mtd_ai,200,0.005035052880923469,0.3125,2524.441099208033,0.05,150,5,0.15833333333333333,0.23528516364421576,0.8134172815415085,0.0
mtd_ai,200,0.005035052880923469,0.35714285714285715,4131.429143006829,0.1,150,5,0.15833333333333333,0.23528516364421576,0.8134172815415085,0.0
mtd_ai,200,0.005035052880923469,0.3515625,5498.641142666329,0.15,150,5,0.15833333333333333,0.23528516364421576,0.8134172815415085,0.0
mtd_ai,200,0.005035052880923469,0.375,6395.6262505380255,0.2,150,5,0.15833333333333333,0.23528516364421576,0.8134172815415085,0.0
mtd_ai,200,0.005035052880923469,0.4166666666666667,6844.564870200444,0.25,150,5,0.15833333333333333,0.23528516364421576,0.8134172815415085,0.0
mtd_ai,200,0.005074860825423289,0.375,1633.6729777652984,0.05,150,5,0.5833333333333334,0.8978214807005477,2.887427232422531,0.0
mtd_ai,200,0.005074860825423289,0.39473684210526316,3092.1491638914513,0.1,150,5,0.5833333333333334,0.8978214807005477,2.887427232422531,0.0
mtd_ai,200,0.005074860825423289,0.4166666666666667,4895.8143462942135,0.15,150,5,0.5833333333333334,0.8978214807005477,2.887427232422531,0.0
mtd_ai,200,0.005074860825423289,0.45454545454545453,5384.009666989663,0.2,150,5,0.5833333333333334,0.8978214807005477,2.887427232422531,0.0
mtd_ai,200,0.005074860825423289,0.5,5825.589040390092,0.25,150,5,0.5833333333333334,0.8978214807005477,2.887427232422531,0.0
mtd_ai,200,0.005071973787860673,0.3409090909090909,1849.4327800935841,0.05,150,5,0.21052631578947367,0.2808435317881258,1.0971800867240349,0.0
mtd_ai,200,0.005071973787860673,0.38461538461538464,2940.7070746787417,0.1,150,5,0.21052631578947367,0.2808435317881258,1.0971800867240349,0.0
mtd_ai,200,0.005071973787860673,0.45,3493.443734927159,0.15,150,5,0.21052631578947367,0.2808435317881258,1.0971800867240349,0.0
mtd_ai,200,0.005071973787860673,0.42857142857142855,5257.526024076224,0.2,150,5,0.21052631578947367,0.2808435317881258,1.0971800867240349,0.0
mtd_ai,200,0.005071973787860673,0.4807692307692308,5630.353274750831,0.25,150,5,0.21052631578947367,0.2808435317881258,1.0971800867240349,0.0
mtd_ai,200,0.005063101158699182,0.3125,2408.8693322352055,0.05,150,5,0.14888888888888888,0.7217183563246916,2.666315358147335,0.0
mtd_ai,200,0.005063101158699182,0.36585365853658536,3737.286526862542,0.1,150,5,0.14888888888888888,0.7217183563246916,2.666315358147335,0.0
mtd_ai,200,0.005063101158699182,0.3879310344827586,4728.614716212593,0.15,150,5,0.14888888888888888,0.7217183563246916,2.666315358147335,0.0
mtd_ai,200,0.005063101158699182,0.38461538461538464,5656.652566935589,0.2,150,5,0.14888888888888888,0.7217183563246916,2.666315358147335,0.0
mtd_ai,200,0.005063101158699182,0.3787878787878788,6638.065433849259,0.25,150,5,0.14888888888888888,0.7217183563246916,2.666315358147335,0.0
mtd_ai,200,0.005063244046402413,0.2777777777777778,3182.861608249397,0.05,150,5,0.09666666666666666,1.0989288216089232,2.799573599903345,0.0
mtd_ai,200,0.005063244046402413,0.35714285714285715,4277.018306163712,0.1,150,5,0.09666666666666666,1.0989288216089232,2.799573599903345,0.0
mtd_ai,200,0.005063244046402413,0.3813559322033898,5103.635013788829,0.15,150,5,0.09666666666666666,1.0989288216089232,2.799573599903345,0.0
mtd_ai,200,0.005063244046402413,0.410958904109589,6388.542683233776,0.2,150,5,0.09666666666666666,1.0989288216089232,2.799573599903345,0.0
mtd_ai,200,0.005063244046402413,0.44642857142857145,6732.8332121539315,0.25,150,5,0.09666666666666666,1.0989288216089232,2.799573599903345,0.0
mtd_ai,200,0.005042688548440393,0.24193548387096775,2723.823359556811,0.05,150,5,0.10444444444444445,1.7216066508591927,2.947994871418212,0.0
mtd_ai,200,0.005042688548440393,0.3,3723.1834787641365,0.1,150,5,0.10444444444444445,1.7216066508591927,2.947994871418212,0.0
mtd_ai,200,0.005042688548440393,0.36885245901639346,4069.7118871096045,0.15,150,5,0.10444444444444445,1.7216066508591927,2.947994871418212,0.0
mtd_ai,200,0.005042688548440393,0.375,5332.739711357173,0.2,150,5,0.10444444444444445,1.7216066508591927,2.947994871418212,0.0
mtd_ai,200,0.005042688548440393,0.39893617021276595,6306.860886590612,0.25,150,5,0.10444444444444445,1.7216066508591927,2.947994871418212,0.0
mtd_ai,200,0.005063553471836375,0.35714285714285715,2222.7815479680226,0.05,150,5,0.1111111111111111,0.23645230151400076,0.4563614812671113,0.0
mtd_ai,200,0.005063553471836375,0.3191489361702128,4534.38657145284,0.1,150,5,0.1111111111111111,0.23645230151400076,0.4563614812671113,0.0
mtd_ai,200,0.005063553471836375,0.35714285714285715,5617.359949482627,0.15,150,5,0.1111111111111111,0.23645230151400076,0.4563614812671113,0.0
mtd_ai,200,0.005063553471836375,0.4,6131.354208612178,0.2,150,5,0.1111111111111111,0.23645230151400076,0.4563614812671113,0.0
mtd_ai,200,0.005063553471836375,0.436046511627907,6753.318588074775,0.25,150,5,0.1111111111111111,0.23645230151400076,0.4563614812671113,0.0
mtd_ai,200,0.005039267768556607,0.21428571428571427,3553.583745742599,0.05,150,5,0.14833333333333334,3.163856586579787,0.7866550109307211,0.0
mtd_ai,200,0.005039267768556607,0.29411764705882354,4545.42252580271,0.1,150,5,0.14833333333333334,3.163856586579787,0.7866550109307211,0.0
mtd_ai,200,0.005039267768556607,0.36885245901639346,5089.319426659522,0.15,150,5,0.14833333333333334,3.163856586579787,0.7866550109307211,0.0
mtd_ai,200,0.005039267768556607,0.4166666666666667,5527.398779357094,0.2,150,5,0.14833333333333334,3.163856586579787,0.7866550109307211,0.0
mtd_ai,200,0.005039267768556607,0.46296296296296297,5965.706010281348,0.25,150,5,0.14833333333333334,3.163856586579787,0.7866550109307211,0.0
mtd_ai,200,0.005048940865101659,0.39473684210526316,2046.9109260669284,0.05,150,5,0.10555555555555554,0.4523027617905906,1.3312867761260574,0.0
mtd_ai,200,0.005048940865101659,0.4838709677419355,2893.541818782008,0.1,150,5,0.10555555555555554,0.4523027617905906,1.3312867761260574,0.0
mtd_ai,200,0.005048940865101659,0.46875,4298.912775669596,0.15,150,5,0.10555555555555554,0.4523027617905906,1.3312867761260574,0.0
mtd_ai,200,0.005048940865101659,0.46153846153846156,5216.313869541076,0.2,150,5,0.10555555555555554,0.4523027617905906,1.3312867761260574,0.0
mtd_ai,200,0.005048940865101659,0.4807692307692308,5762.508170343375,0.25,150,5,0.10555555555555554,0.4523027617905906,1.3312867761260574,0.0
mtd_ai,200,0.005065169140637873,0.3125,2628.428163487678,0.05,150,5,0.25,0.1811751056467754,0.7760985111462272,0.0
mtd_ai,200,0.005065169140637873,0.36585365853658536,3666.6814542784314,0.1,150,5,0.25,0.1811751056467754,0.7760985111462272,0.0
mtd_ai,200,0.005065169140637873,0.31690140845070425,4934.3045255080415,0.15,150,5,0.25,0.1811751056467754,0.7760985111462272,0.0
mtd_ai,200,0.005065169140637873,0.3333333333333333,6051.3257630311855,0.2,150,5,0.25,0.1811751056467754,0.7760985111462272,0.0
mtd_ai,200,0.005065169140637873,0.3712871287128713,6584.811392381975,0.25,150,5,0.25,0.1811751056467754,0.7760985111462272,0.0
mtd_ai,200,0.005066337933897423,0.3,2500.341415794547,0.05,150,5,0.10666666666666667,0.24114108086071187,0.6088893819614868,0.0
mtd_ai,200,0.005066337933897423,0.375,3451.251566189754,0.1,150,5,0.10666666666666667,0.24114108086071187,0.6088893819614868,0.0
mtd_ai,200,0.005066337933897423,0.4326923076923077,4200.761850921312,0.15,150,5,0.10666666666666667,0.24114108086071187,0.6088893819614868,0.0
mtd_ai,200,0.005066337933897423,0.46875,4882.577589670553,0.2,150,5,0.10666666666666667,0.24114108086071187,0.6088893819614868,0.0
mtd_ai,200,0.005066337933897423,0.45180722891566266,5944.650509815208,0.25,150,5,0.10666666666666667,0.24114108086071187,0.6088893819614868,0.0
mtd_ai,200,0.00503526999797836,0.26785714285714285,2939.3527217975306,0.05,150,5,0.13444444444444445,0.7888038841861181,2.9490305334291738,0.0
mtd_ai,200,0.00503526999797836,0.22058823529411764,5049.765211851915,0.1,150,5,0.13444444444444445,0.7888038841861181,2.9490305334291738,0.0
mtd_ai,200,0.00503526999797836,0.26785714285714285,6306.272780313091,0.15,150,5,0.13444444444444445,0.7888038841861181,2.9490305334291738,0.0
mtd_ai,200,0.00503526999797836,0.3125,7055.291519607948,0.2,150,5,0.13444444444444445,0.7888038841861181,2.9490305334291738,0.0
mtd_ai,200,0.00503526999797836,0.3440366972477064,7511.955984989247,0.25,150,5,0.13444444444444445,0.7888038841861181,2.9490305334291738,0.0
mtd_ai,200,0.005079531011540355,0.39473684210526316,1768.937320868491,0.05,150,5,0.2857142857142857,0.8303014587798893,2.845530811175508,0.0
mtd_ai,200,0.005079531011540355,0.4411764705882353,2828.5929695731556,0.1,150,5,0.2857142857142857,0.8303014587798893,2.845530811175508,0.0
mtd_ai,200,0.005079531011540355,0.46875,3802.3939518827974,0.15,150,5,0.2857142857142857,0.8303014587798893,2.845530811175508,0.0
mtd_ai,200,0.005079531011540355,0.5084745762711864,4143.04184880636,0.2,150,5,0.2857142857142857,0.8303014587798893,2.845530811175508,0.0
mtd_ai,200,0.005079531011540355,0.5136986301369864,5139.398629739309,0.25,150,5,0.2857142857142857,0.8303014587798893,2.845530811175508,0.0
mtd_ai,200,0.005042751022746733,0.234375,2264.970974392925,0.05,150,5,0.10333333333333333,1.6263908184908986,4.24096865994364,5.625
mtd_ai,200,0.005042751022746733,0.30612244897959184,3591.750739015388,0.1,150,5,0.10333333333333333,1.6263908184908986,4.24096865994364,5.625
mtd_ai,200,0.005042751022746733,0.3813559322033898,4198.047909769327,0.15,150,5,0.10333333333333333,1.6263908184908986,4.24096865994364,5.625
mtd_ai,200,0.005042751022746733,0.4166666666666667,5073.053783156324,0.2,150,5,0.10333333333333333,1.6263908184908986,4.24096865994364,5.625
mtd_ai,200,0.005042751022746733,0.44642857142857145,5943.682678507125,0.25,150,5,0.10333333333333333,1.6263908184908986,4.24096865994364,5.625
mtd_ai,200,0.005056192225037404,0.22727272727272727,3179.4203512728463,0.05,150,5,0.13714285714285712,0.23892517578850275,0.06515371732672555,0.0
mtd_ai,200,0.005056192225037404,0.3,4957.195228745122,0.1,150,5,0.13714285714285712,0.23892517578850275,0.06515371732672555,0.0
mtd_ai,200,0.005056192225037404,0.3813559322033898,5535.118906636758,0.15,150,5,0.13714285714285712,0.23892517578850275,0.06515371732672555,0.0
mtd_ai,200,0.005056192225037404,0.43478260869565216,6245.74145484555,0.2,150,5,0.13714285714285712,0.23892517578850275,0.06515371732672555,0.0
mtd_ai,200,0.005056192225037404,0.46296296296296297,7072.826520326271,0.25,150,5,0.13714285714285712,0.23892517578850275,0.06515371732672555,0.0
mtd_ai,200,0.005044485463795907,0.375,2058.022207610342,0.05,150,5,0.15033333333333335,0.909493299653346,3.710316078038161,0.0
mtd_ai,200,0.005044485463795907,0.38461538461538464,3691.403395275335,0.1,150,5,0.15033333333333335,0.909493299653346,3.710316078038161,0.0
mtd_ai,200,0.005044485463795907,0.4166666666666667,4333.703040935505,0.15,150,5,0.15033333333333335,0.909493299653346,3.710316078038161,0.0
mtd_ai,200,0.005044485463795907,0.4411764705882353,4982.302521375772,0.2,150,5,0.15033333333333335,0.909493299653346,3.710316078038161,0.0
mtd_ai,200,0.005044485463795907,0.4411764705882353,5990.6711080624,0.25,150,5,0.15033333333333335,0.909493299653346,3.710316078038161,0.0
mtd_ai,200,0.005054472975453348,0.2777777777777778,2745.296712582639,0.05,150,5,0.13888888888888887,0.2501284287172547,0.2776592287828118,0.0
mtd_ai,200,0.005054472975453348,0.3,5301.050824321164,0.1,150,5,0.13888888888888887,0.2501284287172547,0.2776592287828118,0.0
mtd_ai,200,0.005054472975453348,0.36885245901639346,5878.644477532975,0.15,150,5,0.13888888888888887,0.2501284287172547,0.2776592287828118,0.0
mtd_ai,200,0.005054472975453348,0.39473684210526316,6889.130498765385,0.2,150,5,0.13888888888888887,0.2501284287172547,0.2776592287828118,0.0
mtd_ai,200,0.005054472975453348,0.436046511627907,7611.743958887392,0.25,150,5,0.13888888888888887,0.2501284287172547,0.2776592287828118,0.0
mtd_ai,200,0.0050846996312648215,0.4411764705882353,1235.712246321239,0.05,150,5,0.13,0.10852142951806226,0.21523758548057517,0.0
mtd_ai,200,0.0050846996312648215,0.40540540540540543,3057.96176245198,0.1,150,5,0.13,0.10852142951806226,0.21523758548057517,0.0
mtd_ai,200,0.0050846996312648215,0.46875,3544.2058850373423,0.15,150,5,0.13,0.10852142951806226,0.21523758548057517,0.0
mtd_ai,200,0.0050846996312648215,0.46153846153846156,4444.670250234551,0.2,150,5,0.13,0.10852142951806226,0.21523758548057517,0.0
mtd_ai,200,0.0050846996312648215,0.4934210526315789,5019.831400201,0.25,150,5,0.13,0.10852142951806226,0.21523758548057517,0.0
mtd_ai,200,0.005044253830570772,0.39473684210526316,1804.8527295430222,0.05,150,5,0.09866666666666667,0.8319064941791084,3.1247265835818405,0.0
mtd_ai,200,0.005044253830570772,0.39473684210526316,3836.764995091668,0.1,150,5,0.09866666666666667,0.8319064941791084,3.1247265835818405,0.0
mtd_ai,200,0.005044253830570772,0.4326923076923077,4526.774717092163,0.15,150,5,0.09866666666666667,0.8319064941791084,3.1247265835818405,0.0
mtd_ai,200,0.005044253830570772,0.45454545454545453,5423.241701006658,0.2,150,5,0.09866666666666667,0.8319064941791084,3.1247265835818405,0.0
mtd_ai,200,0.005044253830570772,0.5067567567567568,5657.439232647865,0.25,150,5,0.09866666666666667,0.8319064941791084,3.1247265835818405,0.0
mtd_ai,200,0.005040446927903876,0.28846153846153844,3091.175230672622,0.05,150,5,0.1188095238095238,0.19998348235699412,0.891443130624074,0.0
mtd_ai,200,0.005040446927903876,0.3488372093023256,4254.877128609911,0.1,150,5,0.1188095238095238,0.19998348235699412,0.891443130624074,0.0
mtd_ai,200,0.005040446927903876,0.42452830188679247,4865.160636428521,0.15,150,5,0.1188095238095238,0.19998348235699412,0.891443130624074,0.0
mtd_ai,200,0.005040446927903876,0.46153846153846156,5371.459002571673,0.2,150,5,0.1188095238095238,0.19998348235699412,0.891443130624074,0.0
mtd_ai,200,0.005040446927903876,0.5,5817.65938730623,0.25,150,5,0.1188095238095238,0.19998348235699412,0.891443130624074,0.0
mtd_ai,200,0.005071081670573267,0.5357142857142857,1164.3443811693444,0.05,150,5,0.14833333333333334,0.8599365707788805,3.7677980394547683,0.0
mtd_ai,200,0.005071081670573267,0.5,2242.90503081775,0.1,150,5,0.14833333333333334,0.8599365707788805,3.7677980394547683,0.0
mtd_ai,200,0.005071081670573267,0.5113636363636364,3420.045939299713,0.15,150,5,0.14833333333333334,0.8599365707788805,3.7677980394547683,0.0
mtd_ai,200,0.005071081670573267,0.5084745762711864,4452.050697412246,0.2,150,5,0.14833333333333334,0.8599365707788805,3.7677980394547683,0.0
mtd_ai,200,0.005071081670573267,0.5208333333333334,5538.923573189384,0.25,150,5,0.14833333333333334,0.8599365707788805,3.7677980394547683,0.0
mtd_ai,200,0.005048426698161525,0.25862068965517243,3105.881985911272,0.05,150,5,0.13,0.30531558890200594,0.9463700832509495,0.0
mtd_ai,200,0.005048426698161525,0.3488372093023256,3639.329305953467,0.1,150,5,0.13,0.30531558890200594,0.9463700832509495,0.0
mtd_ai,200,0.005048426698161525,0.36885245901639346,4447.662365892201,0.15,150,5,0.13,0.30531558890200594,0.9463700832509495,0.0
mtd_ai,200,0.005048426698161525,0.4,5280.142613150007,0.2,150,5,0.13,0.30531558890200594,0.9463700832509495,0.0
mtd_ai,200,0.005048426698161525,0.45180722891566266,5733.6807786044465,0.25,150,5,0.13,0.30531558890200594,0.9463700832509495,0.0
mtd_ai,200,0.00507942043291984,0.39473684210526316,1628.9117731765991,0.05,150,5,0.13222222222222224,0.04669569453566036,0.16994105927898287,0.0
mtd_ai,200,0.00507942043291984,0.40540540540540543,3037.857976926258,0.1,150,5,0.13222222222222224,0.04669569453566036,0.16994105927898287,0.0
mtd_ai,200,0.00507942043291984,0.42452830188679247,4649.071474728627,0.15,150,5,0.13222222222222224,0.04669569453566036,0.16994105927898287,0.0
mtd_ai,200,0.00507942043291984,0.46153846153846156,5421.410833893582,0.2,150,5,0.13222222222222224,0.04669569453566036,0.16994105927898287,0.0
mtd_ai,200,0.00507942043291984,0.5,5913.231588806455,0.25,150,5,0.13222222222222224,0.04669569453566036,0.16994105927898287,0.0
mtd_ai,200,0.005073161728880926,0.3409090909090909,2366.8175777200686,0.05,150,5,0.14166666666666666,0.7863091027233368,3.1002426938742933,0.0
mtd_ai,200,0.005073161728880926,0.38461538461538464,3474.220037878597,0.1,150,5,0.14166666666666666,0.7863091027233368,3.1002426938742933,0.0
mtd_ai,200,0.005073161728880926,0.45,4211.212357314273,0.15,150,5,0.14166666666666666,0.7863091027233368,3.1002426938742933,0.0
mtd_ai,200,0.005073161728880926,0.47619047619047616,4772.8194521463665,0.2,150,5,0.14166666666666666,0.7863091027233368,3.1002426938742933,0.0
mtd_ai,200,0.005073161728880926,0.5,5738.150925136103,0.25,150,5,0.14166666666666666,0.7863091027233368,3.1002426938742933,0.0
mtd_ai,200,0.005044418348073348,0.20833333333333334,3123.8914966676944,0.05,150,5,0.1482222222222222,0.5353210096907076,1.6416974868462266,0.0
mtd_ai,200,0.005044418348073348,0.30612244897959184,3874.6109793052524,0.1,150,5,0.1482222222222222,0.5353210096907076,1.6416974868462266,0.0
mtd_ai,200,0.005044418348073348,0.3629032258064516,4543.403121311096,0.15,150,5,0.1482222222222222,0.5353210096907076,1.6416974868462266,0.0
mtd_ai,200,0.005044418348073348,0.4,5036.633094630666,0.2,150,5,0.1482222222222222,0.5353210096907076,1.6416974868462266,0.0
mtd_ai,200,0.005044418348073348,0.4411764705882353,5490.775686061981,0.25,150,5,0.1482222222222222,0.5353210096907076,1.6416974868462266,0.0
mtd_ai,200,0.005054128085713067,0.375,1377.367259579913,0.05,150,5,0.1371111111111111,0.13496230492210728,0.41960571921633133,0.0
mtd_ai,200,0.005054128085713067,0.375,3280.9914102290595,0.1,150,5,0.1371111111111111,0.13496230492210728,0.41960571921633133,0.0
mtd_ai,200,0.005054128085713067,0.4166666666666667,4047.035008704751,0.15,150,5,0.1371111111111111,0.13496230492210728,0.41960571921633133,0.0
mtd_ai,200,0.005054128085713067,0.45454545454545453,4980.995729058219,0.2,150,5,0.1371111111111111,0.13496230492210728,0.41960571921633133,0.0
mtd_ai,200,0.005054128085713067,0.5,5560.996375194418,0.25,150,5,0.1371111111111111,0.13496230492210728,0.41960571921633133,0.0
mtd_ai,200,0.005073030978618957,0.32608695652173914,2312.820403498278,0.05,150,5,0.20454545454545456,0.13999326219617653,0.4938248769820481,0.0
mtd_ai,200,0.005073030978618957,0.375,3592.5363045817676,0.1,150,5,0.20454545454545456,0.13999326219617653,0.4938248769820481,0.0
mtd_ai,200,0.005073030978618957,0.4411764705882353,4156.9277264994835,0.15,150,5,0.20454545454545456,0.13999326219617653,0.4938248769820481,0.0
mtd_ai,200,0.005073030978618957,0.46875,4954.467423050162,0.2,150,5,0.20454545454545456,0.13999326219617653,0.4938248769820481,0.0
mtd_ai,200,0.005073030978618957,0.5208333333333334,5274.392972227419,0.25,150,5,0.20454545454545456,0.13999326219617653,0.4938248769820481,0.0
mtd_ai,200,0.005043560373443759,0.32608695652173914,2599.1129331272177,0.05,150,5,0.09333333333333334,1.4813264318273407,5.144583095327799,0.0
mtd_ai,200,0.005043560373443759,0.39473684210526316,3396.955578342382,0.1,150,5,0.09333333333333334,1.4813264318273407,5.144583095327799,0.0
mtd_ai,200,0.005043560373443759,0.45,4233.6144408793825,0.15,150,5,0.09333333333333334,1.4813264318273407,5.144583095327799,0.0
mtd_ai,200,0.005043560373443759,0.44776119402985076,5336.0767134659945,0.2,150,5,0.09333333333333334,1.4813264318273407,5.144583095327799,0.0
mtd_ai,200,0.005043560373443759,0.47468354430379744,5952.459529101086,0.25,150,5,0.09333333333333334,1.4813264318273407,5.144583095327799,0.0
mtd_ai,200,0.00504160885647754,0.3125,2247.4871126666512,0.05,150,5,0.21428571428571427,0.5514495128842868,1.3979916586263157,-4.857142857142857
mtd_ai,200,0.00504160885647754,0.36585365853658536,3655.5782811763847,0.1,150,5,0.21428571428571427,0.5514495128842868,1.3979916586263157,-4.857142857142857
mtd_ai,200,0.00504160885647754,0.4090909090909091,4832.305444256086,0.15,150,5,0.21428571428571427,0.5514495128842868,1.3979916586263157,-4.857142857142857
mtd_ai,200,0.00504160885647754,0.4411764705882353,5387.259165712954,0.2,150,5,0.21428571428571427,0.5514495128842868,1.3979916586263157,-4.857142857142857
mtd_ai,200,0.00504160885647754,0.47468354430379744,5973.6197878640705,0.25,150,5,0.21428571428571427,0.5514495128842868,1.3979916586263157,-4.857142857142857
mtd_ai,200,0.005048307573115969,0.4166666666666667,1703.4147357532659,0.05,150,5,0.2017543859649123,0.5923400360484837,1.7936594628098723,-4.678571428571429
mtd_ai,200,0.005048307573115969,0.4411764705882353,3050.4003185511865,0.1,150,5,0.2017543859649123,0.5923400360484837,1.7936594628098723,-4.678571428571429
mtd_ai,200,0.005048307573115969,0.46875,4124.565931064475,0.15,150,5,0.2017543859649123,0.5923400360484837,1.7936594628098723,-4.678571428571429
mtd_ai,200,0.005048307573115969,0.5,4687.624862162684,0.2,150,5,0.2017543859649123,0.5923400360484837,1.7936594628098723,-4.678571428571429
mtd_ai,200,0.005048307573115969,0.5136986301369864,5563.179877543087,0.25,150,5,0.2017543859649123,0.5923400360484837,1.7936594628098723,-4.678571428571429
mtd_ai,200,0.005064387993187167,0.21428571428571427,4182.537019992338,0.05,150,5,0.15733333333333335,0.9000334741501963,3.5419190078328815,0.0
mtd_ai,200,0.005064387993187167,0.3191489361702128,4846.168227639839,0.1,150,5,0.15733333333333335,0.9000334741501963,3.5419190078328815,0.0
mtd_ai,200,0.005064387993187167,0.3813559322033898,5677.953936510803,0.15,150,5,0.15733333333333335,0.9000334741501963,3.5419190078328815,0.0
mtd_ai,200,0.005064387993187167,0.4411764705882353,6189.055275146367,0.2,150,5,0.15733333333333335,0.9000334741501963,3.5419190078328815,0.0
mtd_ai,200,0.005064387993187167,0.4934210526315789,6428.672731140699,0.25,150,5,0.15733333333333335,0.9000334741501963,3.5419190078328815,0.0
mtd_ai,200,0.005050801742636679,0.35714285714285715,1689.7006607112419,0.05,150,5,0.13111111111111112,13.072572113687754,5.960501549903693,0.0
mtd_ai,200,0.005050801742636679,0.30612244897959184,4213.15802520825,0.1,150,5,0.13111111111111112,13.072572113687754,5.960501549903693,0.0
mtd_ai,200,0.005050801742636679,0.3629032258064516,5240.824776205739,0.15,150,5,0.13111111111111112,13.072572113687754,5.960501549903693,0.0
mtd_ai,200,0.005050801742636679,0.35714285714285715,7201.017744139944,0.2,150,5,0.13111111111111112,13.072572113687754,5.960501549903693,0.0
mtd_ai,200,0.005050801742636679,0.4032258064516129,7588.9622951095325,0.25,150,5,0.13111111111111112,13.072572113687754,5.960501549903693,0.0
mtd_ai,200,0.005075521593708763,0.35714285714285715,1912.358690613299,0.05,150,5,0.2,0.017237184423051843,0.06876890448621246,0.0
mtd_ai,200,0.005075521593708763,0.45454545454545453,2890.6721640670175,0.1,150,5,0.2,0.017237184423051843,0.06876890448621246,0.0
mtd_ai,200,0.005075521593708763,0.4787234042553192,3790.0711514364757,0.15,150,5,0.2,0.017237184423051843,0.06876890448621246,0.0
mtd_ai,200,0.005075521593708763,0.46875,5312.866370250121,0.2,150,5,0.2,0.017237184423051843,0.06876890448621246,0.0
mtd_ai,200,0.005075521593708763,0.5208333333333334,5638.902491302901,0.25,150,5,0.2,0.017237184423051843,0.06876890448621246,0.0
mtd_ai,200,0.005057714920649306,0.3,2091.7303591458945,0.05,150,5,0.11777777777777779,0.8306732535395132,2.2796182391768784,0.0
mtd_ai,200,0.005057714920649306,0.35714285714285715,3497.175263098009,0.1,150,5,0.11777777777777779,0.8306732535395132,2.2796182391768784,0.0
mtd_ai,200,0.005057714920649306,0.34615384615384615,5056.898514502503,0.15,150,5,0.11777777777777779,0.8306732535395132,2.2796182391768784,0.0
mtd_ai,200,0.005057714920649306,0.375,6078.904447348103,0.2,150,5,0.11777777777777779,0.8306732535395132,2.2796182391768784,0.0
mtd_ai,200,0.005057714920649306,0.4166666666666667,6502.354257962164,0.25,150,5,0.11777777777777779,0.8306732535395132,2.2796182391768784,0.0
mtd_ai,200,0.005044412388026594,0.28846153846153844,3172.0444837641503,0.05,150,5,0.11833333333333333,12.15590660834341,8.567515796775314,0.0
mtd_ai,200,0.005044412388026594,0.32608695652173914,4208.325898061674,0.1,150,5,0.11833333333333333,12.15590660834341,8.567515796775314,0.0
mtd_ai,200,0.005044412388026594,0.375,5195.244449449592,0.15,150,5,0.11833333333333333,12.15590660834341,8.567515796775314,0.0
mtd_ai,200,0.005044412388026594,0.4225352112676056,5874.995132560243,0.2,150,5,0.11833333333333333,12.15590660834341,8.567515796775314,0.0
mtd_ai,200,0.005044412388026594,0.4573170731707317,6407.095225732321,0.25,150,5,0.11833333333333333,12.15590660834341,8.567515796775314,0.0
mtd_ai,200,0.005070985060572921,0.26785714285714285,3246.7177596772076,0.05,150,5,0.13822222222222222,0.4976769230099488,1.890514968621017,0.0
mtd_ai,200,0.005070985060572921,0.3488372093023256,4542.925685620675,0.1,150,5,0.13822222222222222,0.4976769230099488,1.890514968621017,0.0
mtd_ai,200,0.005070985060572921,0.4411764705882353,4776.69977735279,0.15,150,5,0.13822222222222222,0.4976769230099488,1.890514968621017,0.0
mtd_ai,200,0.005070985060572921,0.46875,5585.405944617838,0.2,150,5,0.13822222222222222,0.4976769230099488,1.890514968621017,0.0
mtd_ai,200,0.005070985060572921,0.5208333333333334,5823.069772438786,0.25,150,5,0.13822222222222222,0.4976769230099488,1.890514968621017,0.0
mtd_ai,200,0.0050448902752803105,0.32608695652173914,2180.6068929499224,0.05,150,5,0.08666666666666667,0.20996771444750442,0.8202674417577696,0.0
mtd_ai,200,0.0050448902752803105,0.38461538461538464,3371.8117933295553,0.1,150,5,0.08666666666666667,0.20996771444750442,0.8202674417577696,0.0
mtd_ai,200,0.0050448902752803105,0.4166666666666667,4586.564720686742,0.15,150,5,0.08666666666666667,0.20996771444750442,0.8202674417577696,0.0
mtd_ai,200,0.0050448902752803105,0.4411764705882353,5316.737899064852,0.2,150,5,0.08666666666666667,0.20996771444750442,0.8202674417577696,0.0
mtd_ai,200,0.0050448902752803105,0.487012987012987,5555.866129391499,0.25,150,5,0.08666666666666667,0.20996771444750442,0.8202674417577696,0.0
mtd_ai,200,0.005064585807115388,0.3409090909090909,1952.2442991293306,0.05,150,5,0.10666666666666667,0.18503404954298192,0.29242079502705587,0.0
mtd_ai,200,0.005064585807115388,0.39473684210526316,2861.234157177646,0.1,150,5,0.10666666666666667,0.18503404954298192,0.29242079502705587,0.0
mtd_ai,200,0.005064585807115388,0.3813559322033898,4722.320761704769,0.15,150,5,0.10666666666666667,0.18503404954298192,0.29242079502705587,0.0
mtd_ai,200,0.005064585807115388,0.37037037037037035,5913.8022897308365,0.2,150,5,0.10666666666666667,0.18503404954298192,0.29242079502705587,0.0
mtd_ai,200,0.005064585807115388,0.4032258064516129,6374.676842777634,0.25,150,5,0.10666666666666667,0.18503404954298192,0.29242079502705587,0.0
mtd_ai,200,0.0050472281260230895,0.26785714285714285,2525.445740158065,0.05,150,5,0.1,1.0560712136393675,2.6306408570776743,0.0
mtd_ai,200,0.0050472281260230895,0.3488372093023256,3458.9848756594956,0.1,150,5,0.1,1.0560712136393675,2.6306408570776743,0.0
mtd_ai,200,0.0050472281260230895,0.4090909090909091,4143.349367759229,0.15,150,5,0.1,1.0560712136393675,2.6306408570776743,0.0
mtd_ai,200,0.0050472281260230895,0.4225352112676056,5164.587713850759,0.2,150,5,0.1,1.0560712136393675,2.6306408570776743,0.0
mtd_ai,200,0.0050472281260230895,0.45180722891566266,6296.422859642157,0.25,150,5,0.1,1.0560712136393675,2.6306408570776743,0.0
mtd_ai,200,0.005040253536257816,0.3,2664.989180816022,0.05,150,5,0.1465079365079365,1.1705674621782989,4.074877405126534,0.0
mtd_ai,200,0.005040253536257816,0.39473684210526316,3438.7683604995545,0.1,150,5,0.1465079365079365,1.1705674621782989,4.074877405126534,0.0
mtd_ai,200,0.005040253536257816,0.45918367346938777,3915.3227486782453,0.15,150,5,0.1465079365079365,1.1705674621782989,4.074877405126534,0.0
mtd_ai,200,0.005040253536257816,0.45454545454545453,5153.89500472256,0.2,150,5,0.1465079365079365,1.1705674621782989,4.074877405126534,0.0
mtd_ai,200,0.005040253536257816,0.436046511627907,6024.170886451027,0.25,150,5,0.1465079365079365,1.1705674621782989,4.074877405126534,0.0
mtd_ai,200,0.005081555366796699,0.32608695652173914,2528.980523123826,0.05,150,5,0.14444444444444443,0.0036096663412983837,0.0146075319836593,0.0
mtd_ai,200,0.005081555366796699,0.39473684210526316,3455.4881481756456,0.1,150,5,0.14444444444444443,0.0036096663412983837,0.0146075319836593,0.0
mtd_ai,200,0.005081555366796699,0.46875,3975.106327283471,0.15,150,5,0.14444444444444443,0.0036096663412983837,0.0146075319836593,0.0
mtd_ai,200,0.005081555366796699,0.46875,4962.550889368611,0.2,150,5,0.14444444444444443,0.0036096663412983837,0.0146075319836593,0.0
mtd_ai,200,0.005081555366796699,0.4934210526315789,5774.620480007252,0.25,150,5,0.14444444444444443,0.0036096663412983837,0.0146075319836593,0.0
mtd_ai,200,0.005038231544168745,0.3409090909090909,2399.662449843734,0.05,150,5,0.10166666666666667,0.5848392438103943,0.42953571577706057,0.0
mtd_ai,200,0.005038231544168745,0.375,3882.527050080139,0.1,150,5,0.10166666666666667,0.5848392438103943,0.42953571577706057,0.0
mtd_ai,200,0.005038231544168745,0.3813559322033898,5820.427330776547,0.15,150,5,0.10166666666666667,0.5848392438103943,0.42953571577706057,0.0
mtd_ai,200,0.005038231544168745,0.43478260869565216,6600.847407976202,0.2,150,5,0.10166666666666667,0.5848392438103943,0.42953571577706057,0.0
mtd_ai,200,0.005038231544168745,0.4807692307692308,7154.373853494477,0.25,150,5,0.10166666666666667,0.5848392438103943,0.42953571577706057,0.0
mtd_ai,200,0.0050730436968135706,0.35714285714285715,2264.130849615868,0.05,150,5,0.128,0.7924318949421839,3.24726994127309,0.0
mtd_ai,200,0.0050730436968135706,0.39473684210526316,3454.5844279570647,0.1,150,5,0.128,0.7924318949421839,3.24726994127309,0.0
mtd_ai,200,0.0050730436968135706,0.45,4271.57477686616,0.15,150,5,0.128,0.7924318949421839,3.24726994127309,0.0
mtd_ai,200,0.0050730436968135706,0.4918032786885246,4998.241070976694,0.2,150,5,0.128,0.7924318949421839,3.24726994127309,0.0
mtd_ai,200,0.0050730436968135706,0.528169014084507,5415.157255767275,0.25,150,5,0.128,0.7924318949421839,3.24726994127309,0.0
mtd_ai,200,0.005069305630779049,0.25,2733.9375887100723,0.05,150,5,0.15999999999999998,0.68229543987033,2.333592129763386,0.0
mtd_ai,200,0.005069305630779049,0.29411764705882354,4040.1064778060418,0.1,150,5,0.15999999999999998,0.68229543987033,2.333592129763386,0.0
mtd_ai,200,0.005069305630779049,0.3629032258064516,4677.0490294173,0.15,150,5,0.15999999999999998,0.68229543987033,2.333592129763386,0.0
mtd_ai,200,0.005069305630779049,0.39473684210526316,5452.399143590659,0.2,150,5,0.15999999999999998,0.68229543987033,2.333592129763386,0.0
mtd_ai,200,0.005069305630779049,0.43103448275862066,5830.687523587893,0.25,150,5,0.15999999999999998,0.68229543987033,2.333592129763386,0.0
mtd_ai,200,0.00503606670026441,0.24193548387096775,3820.4053344610534,0.05,150,5,0.10400000000000001,0.36542338005025354,1.18335364504482,0.0
mtd_ai,200,0.00503606670026441,0.3409090909090909,4640.089484811469,0.1,150,5,0.10400000000000001,0.36542338005025354,1.18335364504482,0.0
mtd_ai,200,0.00503606670026441,0.4326923076923077,5027.709252410425,0.15,150,5,0.10400000000000001,0.36542338005025354,1.18335364504482,0.0
mtd_ai,200,0.00503606670026441,0.46875,5697.4380328939205,0.2,150,5,0.10400000000000001,0.36542338005025354,1.18335364504482,0.0
mtd_ai,200,0.00503606670026441,0.47468354430379744,6263.245965981003,0.25,150,5,0.10400000000000001,0.36542338005025354,1.18335364504482,0.0
mtd_ai,200,0.005045046217291271,0.375,2223.5782434195607,0.05,150,5,0.1,0.5408765965539718,1.501648248062294,0.0
mtd_ai,200,0.005045046217291271,0.46875,3042.856553768099,0.1,150,5,0.1,0.5408765965539718,1.501648248062294,0.0
mtd_ai,200,0.005045046217291271,0.5113636363636364,3804.919320687281,0.15,150,5,0.1,0.5408765965539718,1.501648248062294,0.0
mtd_ai,200,0.005045046217291271,0.4838709677419355,5157.361316051973,0.2,150,5,0.1,0.5408765965539718,1.501648248062294,0.0
mtd_ai,200,0.005045046217291271,0.4934210526315789,5707.91303072293,0.25,150,5,0.1,0.5408765965539718,1.501648248062294,0.0
mtd_ai,200,0.005081535027864856,0.3125,2734.223259903224,0.05,150,5,0.17498412698412696,0.9191730567026893,3.014546942716473,0.0
mtd_ai,200,0.005081535027864856,0.42857142857142855,3151.7247697743564,0.1,150,5,0.17498412698412696,0.9191730567026893,3.014546942716473,0.0
mtd_ai,200,0.005081535027864856,0.4787234042553192,3920.4136456343604,0.15,150,5,0.17498412698412696,0.9191730567026893,3.014546942716473,0.0
mtd_ai,200,0.005081535027864856,0.47619047619047616,4508.804287882253,0.2,150,5,0.17498412698412696,0.9191730567026893,3.014546942716473,0.0
mtd_ai,200,0.005081535027864856,0.487012987012987,5077.021566266986,0.25,150,5,0.17498412698412696,0.9191730567026893,3.014546942716473,0.0
mtd_ai,200,0.005082035988858133,0.375,1763.7094136210426,0.05,150,5,0.14333333333333334,1.0109418013481446,2.1824597511566477,0.0
mtd_ai,200,0.005082035988858133,0.4166666666666667,2583.2186448380317,0.1,150,5,0.14333333333333334,1.0109418013481446,2.1824597511566477,0.0
mtd_ai,200,0.005082035988858133,0.4090909090909091,3485.1991700701633,0.15,150,5,0.14333333333333334,1.0109418013481446,2.1824597511566477,0.0
mtd_ai,200,0.005082035988858133,0.40540540540540543,4616.487390652128,0.2,150,5,0.14333333333333334,1.0109418013481446,2.1824597511566477,0.0
mtd_ai,200,0.005082035988858133,0.4411764705882353,5301.875812802464,0.25,150,5,0.14333333333333334,1.0109418013481446,2.1824597511566477,0.0
mtd_ai,200,0.005051673175490484,0.234375,2696.62677546167,0.05,150,5,0.16366666666666668,0.040986609048442375,0.1580132627615817,0.0
mtd_ai,200,0.005051673175490484,0.3,4147.557618754148,0.1,150,5,0.16366666666666668,0.040986609048442375,0.1580132627615817,0.0
mtd_ai,200,0.005051673175490484,0.3813559322033898,4753.0202686930215,0.15,150,5,0.16366666666666668,0.040986609048442375,0.1580132627615817,0.0
mtd_ai,200,0.005051673175490484,0.32608695652173914,6384.926516617697,0.2,150,5,0.16366666666666668,0.040986609048442375,0.1580132627615817,0.0
mtd_ai,200,0.005051673175490484,0.3125,7486.07678745026,0.25,150,5,0.16366666666666668,0.040986609048442375,0.1580132627615817,0.0
mtd_ai,200,0.005044167209404144,0.46875,1473.3636787996074,0.05,150,5,0.15185185185185185,14.252623243171795,4.799315330125116,0.0
mtd_ai,200,0.005044167209404144,0.32608695652173914,3002.6457710899203,0.1,150,5,0.15185185185185185,14.252623243171795,4.799315330125116,0.0
mtd_ai,200,0.005044167209404144,0.375,4001.848416217429,0.15,150,5,0.15185185185185185,14.252623243171795,4.799315330125116,0.0
mtd_ai,200,0.005044167209404144,0.39473684210526316,4922.831905504556,0.2,150,5,0.15185185185185185,14.252623243171795,4.799315330125116,0.0
mtd_ai,200,0.005044167209404144,0.42613636363636365,5728.024465307881,0.25,150,5,0.15185185185185185,14.252623243171795,4.799315330125116,0.0
mtd_ai,200,0.00506432478781356,0.3,2098.8825035416644,0.05,150,5,0.12333333333333334,0.13588816396962752,0.5532928390268842,0.0
mtd_ai,200,0.00506432478781356,0.29411764705882354,4547.340738117368,0.1,150,5,0.12333333333333334,0.13588816396962752,0.5532928390268842,0.0
mtd_ai,200,0.00506432478781356,0.35714285714285715,5442.271795631481,0.15,150,5,0.12333333333333334,0.13588816396962752,0.5532928390268842,0.0
mtd_ai,200,0.00506432478781356,0.4166666666666667,5862.245101809556,0.2,150,5,0.12333333333333334,0.13588816396962752,0.5532928390268842,0.0
mtd_ai,200,0.00506432478781356,0.4411764705882353,6608.068118838966,0.25,150,5,0.12333333333333334,0.13588816396962752,0.5532928390268842,0.0
mtd_ai,200,0.005072060911273418,0.46875,1300.2135225028212,0.05,150,5,0.2727272727272727,0.5446642942722248,2.321973865532149,0.0
mtd_ai,200,0.005072060911273418,0.4838709677419355,2375.3982391553373,0.1,150,5,0.2727272727272727,0.5446642942722248,2.321973865532149,0.0
mtd_ai,200,0.005072060911273418,0.5232558139534884,3407.5135658611325,0.15,150,5,0.2727272727272727,0.5446642942722248,2.321973865532149,0.0
mtd_ai,200,0.005072060911273418,0.5263157894736842,4644.618537640676,0.2,150,5,0.2727272727272727,0.5446642942722248,2.321973865532149,0.0
mtd_ai,200,0.005072060911273418,0.487012987012987,6214.670360925385,0.25,150,5,0.2727272727272727,0.5446642942722248,2.321973865532149,0.0
mtd_ai,200,0.005050164453082551,0.375,2282.048650086887,0.05,150,5,0.11592592592592593,0.7794345478219573,2.38659486603063,0.0
mtd_ai,200,0.005050164453082551,0.4411764705882353,3135.255585938425,0.1,150,5,0.11592592592592593,0.7794345478219573,2.38659486603063,0.0
mtd_ai,200,0.005050164453082551,0.5,3695.1854232069295,0.15,150,5,0.11592592592592593,0.7794345478219573,2.38659486603063,0.0
mtd_ai,200,0.005050164453082551,0.5263157894736842,4421.5453063434215,0.2,150,5,0.11592592592592593,0.7794345478219573,2.38659486603063,0.0
mtd_ai,200,0.005050164453082551,0.528169014084507,5174.995873472699,0.25,150,5,0.11592592592592593,0.7794345478219573,2.38659486603063,0.0
mtd_ai,200,0.005059722637586099,0.39473684210526316,1734.774434062655,0.05,150,5,0.15277777777777776,1.579096516918906,4.1664086796619095,0.0
mtd_ai,200,0.005059722637586099,0.4166666666666667,3180.079148647876,0.1,150,5,0.15277777777777776,1.579096516918906,4.1664086796619095,0.0
mtd_ai,200,0.005059722637586099,0.4891304347826087,3655.6590095943693,0.15,150,5,0.15277777777777776,1.579096516918906,4.1664086796619095,0.0
mtd_ai,200,0.005059722637586099,0.4411764705882353,5656.238426183509,0.2,150,5,0.15277777777777776,1.579096516918906,4.1664086796619095,0.0
mtd_ai,200,0.005059722637586099,0.45180722891566266,6761.561737236406,0.25,150,5,0.15277777777777776,1.579096516918906,4.1664086796619095,0.0
mtd_ai,200,0.0050845787034668405,0.4166666666666667,1579.462679056481,0.05,150,5,0.14333333333333334,0.4305358117928976,1.601182987938952,0.0
mtd_ai,200,0.0050845787034668405,0.38461538461538464,3306.110132306457,0.1,150,5,0.14333333333333334,0.4305358117928976,1.601182987938952,0.0
mtd_ai,200,0.0050845787034668405,0.4166666666666667,4063.1237890203624,0.15,150,5,0.14333333333333334,0.4305358117928976,1.601182987938952,0.0
mtd_ai,200,0.0050845787034668405,0.46153846153846156,4515.885605556685,0.2,150,5,0.14333333333333334,0.4305358117928976,1.601182987938952,0.0
mtd_ai,200,0.0050845787034668405,0.4934210526315789,5208.3716926685975,0.25,150,5,0.14333333333333334,0.4305358117928976,1.601182987938952,0.0
mtd_ai,200,0.005046852363226596,0.24193548387096775,3991.2753634446217,0.05,150,5,0.09222222222222222,0.4397998478292462,1.3036728655284615,0.0
mtd_ai,200,0.005046852363226596,0.3488372093023256,4777.75516536802,0.1,150,5,0.09222222222222222,0.4397998478292462,1.3036728655284615,0.0
mtd_ai,200,0.005046852363226596,0.4166666666666667,5347.734368381758,0.15,150,5,0.09222222222222222,0.4397998478292462,1.3036728655284615,0.0
mtd_ai,200,0.005046852363226596,0.46875,5969.279401676176,0.2,150,5,0.09222222222222222,0.4397998478292462,1.3036728655284615,0.0
mtd_ai,200,0.005046852363226596,0.5067567567567568,6378.428056679948,0.25,150,5,0.09222222222222222,0.4397998478292462,1.3036728655284615,0.0
mtd_ai,200,0.00508101890927725,0.35714285714285715,2093.4990017583277,0.05,150,5,0.10666666666666667,1.3620471041832283,4.735972538412127,0.0
mtd_ai,200,0.00508101890927725,0.4166666666666667,3422.887097170519,0.1,150,5,0.10666666666666667,1.3620471041832283,4.735972538412127,0.0
mtd_ai,200,0.00508101890927725,0.45918367346938777,4411.807973311292,0.15,150,5,0.10666666666666667,1.3620471041832283,4.735972538412127,0.0
mtd_ai,200,0.00508101890927725,0.5084745762711864,5075.312414178348,0.2,150,5,0.10666666666666667,1.3620471041832283,4.735972538412127,0.0
mtd_ai,200,0.00508101890927725,0.5357142857142857,5572.7236655387405,0.25,150,5,0.10666666666666667,1.3620471041832283,4.735972538412127,0.0
mtd_ai,200,0.005049537548914063,0.32608695652173914,2390.9670281289336,0.05,150,5,0.19066666666666665,0.10204859065775235,0.39329511528734207,4.892857142857143
mtd_ai,200,0.005049537548914063,0.40540540540540543,3341.187380929615,0.1,150,5,0.19066666666666665,0.10204859065775235,0.39329511528734207,4.892857142857143
mtd_ai,200,0.005049537548914063,0.4411764705882353,4109.870619398856,0.15,150,5,0.19066666666666665,0.10204859065775235,0.39329511528734207,4.892857142857143
mtd_ai,200,0.005049537548914063,0.46875,4723.745638038017,0.2,150,5,0.19066666666666665,0.10204859065775235,0.39329511528734207,4.892857142857143
mtd_ai,200,0.005049537548914063,0.5067567567567568,5139.3450674716205,0.25,150,5,0.19066666666666665,0.10204859065775235,0.39329511528734207,4.892857142857143
mtd_ai,200,0.005066182586569714,0.4411764705882353,1425.1872819242753,0.05,150,5,0.10666666666666667,0.09774713197533051,0.4027928683275074,0.0
mtd_ai,200,0.005066182586569714,0.3488372093023256,4182.9422183717215,0.1,150,5,0.10666666666666667,0.09774713197533051,0.4027928683275074,0.0
mtd_ai,200,0.005066182586569714,0.4090909090909091,4927.667359548011,0.15,150,5,0.10666666666666667,0.09774713197533051,0.4027928683275074,0.0
mtd_ai,200,0.005066182586569714,0.43478260869565216,5647.247495006736,0.2,150,5,0.10666666666666667,0.09774713197533051,0.4027928683275074,0.0
mtd_ai,200,0.005066182586569714,0.46875,6130.629568517588,0.25,150,5,0.10666666666666667,0.09774713197533051,0.4027928683275074,0.0
mtd_ai,200,0.005037119866106638,0.4411764705882353,1198.1537635894426,0.05,150,5,0.11666666666666667,337.53354463433254,3.098173589033091,0.0
mtd_ai,200,0.005037119866106638,0.3191489361702128,4051.968954380479,0.1,150,5,0.11666666666666667,337.53354463433254,3.098173589033091,0.0
mtd_ai,200,0.005037119866106638,0.375,5211.843831448483,0.15,150,5,0.11666666666666667,337.53354463433254,3.098173589033091,0.0
mtd_ai,200,0.005037119866106638,0.42857142857142855,5797.527482957104,0.2,150,5,0.11666666666666667,337.53354463433254,3.098173589033091,0.0
mtd_ai,200,0.005037119866106638,0.4573170731707317,6488.905092476418,0.25,150,5,0.11666666666666667,337.53354463433254,3.098173589033091,0.0
mtd_ai,200,0.005044169905585047,0.3,3069.0730671909105,0.05,150,5,0.10333333333333333,2.0498251748842717,5.9869073480033075,0.0
mtd_ai,200,0.005044169905585047,0.35714285714285715,4665.07363570974,0.1,150,5,0.10333333333333333,2.0498251748842717,5.9869073480033075,0.0
mtd_ai,200,0.005044169905585047,0.4017857142857143,5461.537890561212,0.15,150,5,0.10333333333333333,2.0498251748842717,5.9869073480033075,0.0
mtd_ai,200,0.005044169905585047,0.44776119402985076,5943.480346433387,0.2,150,5,0.10333333333333333,2.0498251748842717,5.9869073480033075,0.0
mtd_ai,200,0.005044169905585047,0.5,6239.12181693803,0.25,150,5,0.10333333333333333,2.0498251748842717,5.9869073480033075,0.0
mtd_ai,200,0.005045088876130555,0.39473684210526316,2069.296630279861,0.05,150,5,0.16666666666666666,0.6400146003616594,1.4427391743476474,0.0
mtd_ai,200,0.005045088876130555,0.4411764705882353,3425.5843694502114,0.1,150,5,0.16666666666666666,0.6400146003616594,1.4427391743476474,0.0
mtd_ai,200,0.005045088876130555,0.4891304347826087,4110.19853081506,0.15,150,5,0.16666666666666666,0.6400146003616594,1.4427391743476474,0.0
mtd_ai,200,0.005045088876130555,0.5172413793103449,4836.47488242312,0.2,150,5,0.16666666666666666,0.6400146003616594,1.4427391743476474,0.0
mtd_ai,200,0.005045088876130555,0.5357142857142857,5310.1004597304245,0.25,150,5,0.16666666666666666,0.6400146003616594,1.4427391743476474,0.0
mtd_ai,200,0.005067198663460388,0.24193548387096775,3544.962552412021,0.05,150,5,0.14666666666666667,1.540624560713258,4.492170126724672,0.0
mtd_ai,200,0.005067198663460388,0.3333333333333333,4701.199972695951,0.1,150,5,0.14666666666666667,1.540624560713258,4.492170126724672,0.0
mtd_ai,200,0.005067198663460388,0.4090909090909091,5158.399414756299,0.15,150,5,0.14666666666666667,1.540624560713258,4.492170126724672,0.0
mtd_ai,200,0.005067198663460388,0.42857142857142855,6216.64990520938,0.2,150,5,0.14666666666666667,1.540624560713258,4.492170126724672,0.0
mtd_ai,200,0.005067198663460388,0.46296296296296297,6826.057136568715,0.25,150,5,0.14666666666666667,1.540624560713258,4.492170126724672,0.0
mtd_ai,200,0.005083463623130148,0.4166666666666667,2164.929918669291,0.05,150,5,0.18888888888888888,1.4475449175186033,0.9181546144938073,0.0
mtd_ai,200,0.005083463623130148,0.42857142857142855,3682.1829403084243,0.1,150,5,0.18888888888888888,1.4475449175186033,0.9181546144938073,0.0
mtd_ai,200,0.005083463623130148,0.4891304347826087,4544.091877164974,0.15,150,5,0.18888888888888888,1.4475449175186033,0.9181546144938073,0.0
mtd_ai,200,0.005083463623130148,0.5454545454545454,4794.804576686505,0.2,150,5,0.18888888888888888,1.4475449175186033,0.9181546144938073,0.0
mtd_ai,200,0.005083463623130148,0.5769230769230769,5468.188729614205,0.25,150,5,0.18888888888888888,1.4475449175186033,0.9181546144938073,0.0
mtd_ai,200,0.005048002747274838,0.25862068965517243,2870.060697087093,0.05,150,5,0.12866666666666668,0.46522143967735236,1.9036777540539758,0.0
mtd_ai,200,0.005048002747274838,0.3488372093023256,4186.710114788397,0.1,150,5,0.12866666666666668,0.46522143967735236,1.9036777540539758,0.0
mtd_ai,200,0.005048002747274838,0.4166666666666667,4800.835104722137,0.15,150,5,0.12866666666666668,0.46522143967735236,1.9036777540539758,0.0
mtd_ai,200,0.005048002747274838,0.4838709677419355,5102.799424107901,0.2,150,5,0.12866666666666668,0.46522143967735236,1.9036777540539758,0.0
mtd_ai,200,0.005048002747274838,0.5357142857142857,5578.0262301013645,0.25,150,5,0.12866666666666668,0.46522143967735236,1.9036777540539758,0.0
mtd_ai,200,0.005086821477799266,0.375,1914.3193965399605,0.05,150,5,0.163,1.436233690926991,4.842430798800581,0.0
mtd_ai,200,0.005086821477799266,0.45454545454545453,2677.4783442671915,0.1,150,5,0.163,1.436233690926991,4.842430798800581,0.0
mtd_ai,200,0.005086821477799266,0.4891304347826087,3445.7349391440794,0.15,150,5,0.163,1.436233690926991,4.842430798800581,0.0
mtd_ai,200,0.005086821477799266,0.45454545454545453,4389.8128196645375,0.2,150,5,0.163,1.436233690926991,4.842430798800581,0.0
mtd_ai,200,0.005086821477799266,0.4807692307692308,4871.428310398842,0.25,150,5,0.163,1.436233690926991,4.842430798800581,0.0
mtd_ai,200,0.005073944748071991,0.32608695652173914,2633.1228492233377,0.05,150,5,0.15793650793650793,0.5343690713909227,0.7106702155533874,0.0
mtd_ai,200,0.005073944748071991,0.42857142857142855,3446.128442097269,0.1,150,5,0.15793650793650793,0.5343690713909227,0.7106702155533874,0.0
mtd_ai,200,0.005073944748071991,0.4891304347826087,4137.3349327968235,0.15,150,5,0.15793650793650793,0.5343690713909227,0.7106702155533874,0.0
mtd_ai,200,0.005073944748071991,0.5357142857142857,4676.308748889864,0.2,150,5,0.15793650793650793,0.5343690713909227,0.7106702155533874,0.0
mtd_ai,200,0.005073944748071991,0.5514705882352942,5407.588191256506,0.25,150,5,0.15793650793650793,0.5343690713909227,0.7106702155533874,0.0
mtd_ai,200,0.005075900961558101,0.32608695652173914,2556.986537025767,0.05,150,5,0.10366666666666667,0.3408867121622049,1.448294289693132,0.0
mtd_ai,200,0.005075900961558101,0.35714285714285715,4207.546936656841,0.1,150,5,0.10366666666666667,0.3408867121622049,1.448294289693132,0.0
mtd_ai,200,0.005075900961558101,0.45918367346938777,4525.407073977494,0.15,150,5,0.10366666666666667,0.3408867121622049,1.448294289693132,0.0
mtd_ai,200,0.005075900961558101,0.4838709677419355,5178.944371945909,0.2,150,5,0.10366666666666667,0.3408867121622049,1.448294289693132,0.0
mtd_ai,200,0.005075900961558101,0.5067567567567568,5809.770119192988,0.25,150,5,0.10366666666666667,0.3408867121622049,1.448294289693132,0.0
mtd_ai,200,0.005071836266363416,0.28846153846153844,2629.9007090635305,0.05,150,5,0.20833333333333334,0.6244402977969312,1.8040751542082099,0.0
mtd_ai,200,0.005071836266363416,0.40540540540540543,3097.685841311246,0.1,150,5,0.20833333333333334,0.6244402977969312,1.8040751542082099,0.0
mtd_ai,200,0.005071836266363416,0.4411764705882353,3909.77973433581,0.15,150,5,0.20833333333333334,0.6244402977969312,1.8040751542082099,0.0
mtd_ai,200,0.005071836266363416,0.46875,4384.8067584878445,0.2,150,5,0.20833333333333334,0.6244402977969312,1.8040751542082099,0.0
mtd_ai,200,0.005071836266363416,0.4807692307692308,5559.1506618772455,0.25,150,5,0.20833333333333334,0.6244402977969312,1.8040751542082099,0.0
mtd_ai,200,0.005067116427267142,0.375,1933.6823296878283,0.05,150,5,0.1588888888888889,3.0323436419633163,6.7056800523991615,0.0
mtd_ai,200,0.005067116427267142,0.40540540540540543,2826.637711642831,0.1,150,5,0.1588888888888889,3.0323436419633163,6.7056800523991615,0.0
mtd_ai,200,0.005067116427267142,0.39473684210526316,4245.0216038123945,0.15,150,5,0.1588888888888889,3.0323436419633163,6.7056800523991615,0.0
mtd_ai,200,0.005067116427267142,0.410958904109589,5286.320824164843,0.2,150,5,0.1588888888888889,3.0323436419633163,6.7056800523991615,0.0
mtd_ai,200,0.005067116427267142,0.436046511627907,6137.666494208364,0.25,150,5,0.1588888888888889,3.0323436419633163,6.7056800523991615,0.0
mtd_ai,200,0.005075257668955121,0.26785714285714285,2490.363565403534,0.05,150,5,0.08333333333333333,0.5892950763432696,2.5753662909893698,0.0
mtd_ai,200,0.005075257668955121,0.3191489361702128,4116.065022315219,0.1,150,5,0.08333333333333333,0.5892950763432696,2.5753662909893698,0.0
mtd_ai,200,0.005075257668955121,0.39473684210526316,4844.743737615797,0.15,150,5,0.08333333333333333,0.5892950763432696,2.5753662909893698,0.0
mtd_ai,200,0.005075257668955121,0.4225352112676056,5563.735544268362,0.2,150,5,0.08333333333333333,0.5892950763432696,2.5753662909893698,0.0
mtd_ai,200,0.005075257668955121,0.4573170731707317,5990.292008093425,0.25,150,5,0.08333333333333333,0.5892950763432696,2.5753662909893698,0.0
mtd_ai,200,0.0050789459996197096,0.3409090909090909,2027.8804830209351,0.05,150,5,0.14588888888888887,0.46700837930117756,0.8865578005638756,0.0
mtd_ai,200,0.0050789459996197096,0.40540540540540543,2963.8025878585427,0.1,150,5,0.14588888888888887,0.46700837930117756,0.8865578005638756,0.0
mtd_ai,200,0.0050789459996197096,0.4017857142857143,4075.0956169555575,0.15,150,5,0.14588888888888887,0.46700837930117756,0.8865578005638756,0.0
mtd_ai,200,0.0050789459996197096,0.44776119402985076,4726.320837817433,0.2,150,5,0.14588888888888887,0.46700837930117756,0.8865578005638756,0.0
mtd_ai,200,0.0050789459996197096,0.4934210526315789,5286.736717238335,0.25,150,5,0.14588888888888887,0.46700837930117756,0.8865578005638756,0.0
mtd_ai,200,0.005039474275276431,0.26785714285714285,2996.9022176886506,0.05,150,5,0.17722222222222223,0.8969921180528702,1.70886076493857,0.0
mtd_ai,200,0.005039474275276431,0.3125,4256.5019155904565,0.1,150,5,0.17722222222222223,0.8969921180528702,1.70886076493857,0.0
mtd_ai,200,0.005039474275276431,0.3813559322033898,5078.193530305374,0.15,150,5,0.17722222222222223,0.8969921180528702,1.70886076493857,0.0
mtd_ai,200,0.005039474275276431,0.42857142857142855,5663.17254233862,0.2,150,5,0.17722222222222223,0.8969921180528702,1.70886076493857,0.0
mtd_ai,200,0.005039474275276431,0.46296296296296297,6103.830312592196,0.25,150,5,0.17722222222222223,0.8969921180528702,1.70886076493857,0.0
mtd_ai,200,0.0050491838302575915,0.2777777777777778,2294.082258061033,0.05,150,5,0.15933333333333333,0.9520731312998529,4.109898031574037,0.0
mtd_ai,200,0.0050491838302575915,0.3333333333333333,3409.509065303202,0.1,150,5,0.15933333333333333,0.9520731312998529,4.109898031574037,0.0
mtd_ai,200,0.0050491838302575915,0.3813559322033898,4099.591655123165,0.15,150,5,0.15933333333333333,0.9520731312998529,4.109898031574037,0.0
mtd_ai,200,0.0050491838302575915,0.4,4912.261971302121,0.2,150,5,0.15933333333333333,0.9520731312998529,4.109898031574037,0.0
mtd_ai,200,0.0050491838302575915,0.43103448275862066,5348.232278878647,0.25,150,5,0.15933333333333333,0.9520731312998529,4.109898031574037,0.0
mtd_ai,200,0.00503823516365623,0.32608695652173914,2154.207198050497,0.05,150,5,0.085,1.3198579388401577,3.632164240219731,0.0
mtd_ai,200,0.00503823516365623,0.3333333333333333,4540.568352527853,0.1,150,5,0.085,1.3198579388401577,3.632164240219731,0.0
mtd_ai,200,0.00503823516365623,0.3813559322033898,5580.000118314672,0.15,150,5,0.085,1.3198579388401577,3.632164240219731,0.0
mtd_ai,200,0.00503823516365623,0.4225352112676056,6019.928574807458,0.2,150,5,0.085,1.3198579388401577,3.632164240219731,0.0
mtd_ai,200,0.00503823516365623,0.46296296296296297,6439.260684113611,0.25,150,5,0.085,1.3198579388401577,3.632164240219731,0.0
mtd_ai,200,0.005072236836575649,0.32608695652173914,2003.4297315485028,0.05,150,5,0.13444444444444442,1.3551130579802195,4.6970670135813375,0.0
mtd_ai,200,0.005072236836575649,0.39473684210526316,3178.4920545965724,0.1,150,5,0.13444444444444442,1.3551130579802195,4.6970670135813375,0.0
mtd_ai,200,0.005072236836575649,0.4411764705882353,3884.2517460160884,0.15,150,5,0.13444444444444442,1.3551130579802195,4.6970670135813375,0.0
mtd_ai,200,0.005072236836575649,0.46153846153846156,4525.134384977335,0.2,150,5,0.13444444444444442,1.3551130579802195,4.6970670135813375,0.0
mtd_ai,200,0.005072236836575649,0.44642857142857145,5790.890622313142,0.25,150,5,0.13444444444444442,1.3551130579802195,4.6970670135813375,0.0
mtd_ai,200,0.005056120190679199,0.3409090909090909,2291.6271545202544,0.05,150,5,0.13333333333333333,0.521657293486976,1.839835996480621,0.0
mtd_ai,200,0.005056120190679199,0.46875,2885.44302111204,0.1,150,5,0.13333333333333333,0.521657293486976,1.839835996480621,0.0
mtd_ai,200,0.005056120190679199,0.5487804878048781,3395.4076029597195,0.15,150,5,0.13333333333333333,0.521657293486976,1.839835996480621,0.0
mtd_ai,200,0.005056120190679199,0.5555555555555556,4026.302758196351,0.2,150,5,0.13333333333333333,0.521657293486976,1.839835996480621,0.0
mtd_ai,200,0.005056120190679199,0.5769230769230769,4558.1114421396505,0.25,150,5,0.13333333333333333,0.521657293486976,1.839835996480621,0.0
mtd_ai,200,0.005053310572992681,0.375,1978.0954581438791,0.05,150,5,0.14111111111111113,1.414143034943088,2.1652862952488308,0.0
mtd_ai,200,0.005053310572992681,0.3191489361702128,3767.582933805823,0.1,150,5,0.14111111111111113,1.414143034943088,2.1652862952488308,0.0
mtd_ai,200,0.005053310572992681,0.39473684210526316,4433.5731250867575,0.15,150,5,0.14111111111111113,1.414143034943088,2.1652862952488308,0.0
mtd_ai,200,0.005053310572992681,0.44776119402985076,5078.480673547623,0.2,150,5,0.14111111111111113,1.414143034943088,2.1652862952488308,0.0
mtd_ai,200,0.005053310572992681,0.4934210526315789,5451.718967680322,0.25,150,5,0.14111111111111113,1.414143034943088,2.1652862952488308,0.0
mtd_ai,200,0.005047779293039317,0.234375,2526.3307578145523,0.05,150,5,0.16166666666666665,1.385841495764351,4.496049783257084,0.0
mtd_ai,200,0.005047779293039317,0.2727272727272727,4227.054174659018,0.1,150,5,0.16166666666666665,1.385841495764351,4.496049783257084,0.0
mtd_ai,200,0.005047779293039317,0.3358208955223881,5319.316455219101,0.15,150,5,0.16166666666666665,1.385841495764351,4.496049783257084,0.0
mtd_ai,200,0.005047779293039317,0.37037037037037035,5941.853496310099,0.2,150,5,0.16166666666666665,1.385841495764351,4.496049783257084,0.0
mtd_ai,200,0.005047779293039317,0.4166666666666667,6357.55862221703,0.25,150,5,0.16166666666666665,1.385841495764351,4.496049783257084,0.0
mtd_ai,200,0.005080421128536331,0.3,2460.0428194072156,0.05,150,5,0.10666666666666667,0.4640610148738252,0.8793991095072373,0.0
mtd_ai,200,0.005080421128536331,0.40540540540540543,3066.0603218258166,0.1,150,5,0.10666666666666667,0.4640610148738252,0.8793991095072373,0.0
mtd_ai,200,0.005080421128536331,0.45,3854.145674427598,0.15,150,5,0.10666666666666667,0.4640610148738252,0.8793991095072373,0.0
mtd_ai,200,0.005080421128536331,0.46875,5067.777790504415,0.2,150,5,0.10666666666666667,0.4640610148738252,0.8793991095072373,0.0
mtd_ai,200,0.005080421128536331,0.4934210526315789,5626.051410956151,0.25,150,5,0.10666666666666667,0.4640610148738252,0.8793991095072373,0.0
mtd_ai,200,0.005086990152044246,0.5357142857142857,1073.6886648665532,0.05,150,5,0.17647058823529413,0.37666501655259055,1.2916900914807252,0.0
mtd_ai,200,0.005086990152044246,0.4838709677419355,2458.297164984917,0.1,150,5,0.17647058823529413,0.37666501655259055,1.2916900914807252,0.0
mtd_ai,200,0.005086990152044246,0.4326923076923077,3595.938222785656,0.15,150,5,0.17647058823529413,0.37666501655259055,1.2916900914807252,0.0
mtd_ai,200,0.005086990152044246,0.46153846153846156,4350.717806223431,0.2,150,5,0.17647058823529413,0.37666501655259055,1.2916900914807252,0.0
mtd_ai,200,0.005086990152044246,0.4934210526315789,4889.378127843501,0.25,150,5,0.17647058823529413,0.37666501655259055,1.2916900914807252,0.0
