Name,mtd_interval,MEF,ASR,time_to_compromise,host_compromise_ratio,network_size,exposed_endpoints,attack_path_exposure,ROA,risk,shortest_path_variability
mtd_ai,200,0.005043560629569726,0.25,3120.8874715685133,0.05,150,5,0.16996296296296295,0.493560667476372,1.9649111333580291,0.0
mtd_ai,200,0.005043560629569726,0.3191489361702128,4663.862656785634,0.1,150,5,0.16996296296296295,0.493560667476372,1.9649111333580291,0.0
mtd_ai,200,0.005043560629569726,0.375,5296.321491764316,0.15,150,5,0.16996296296296295,0.493560667476372,1.9649111333580291,0.0
mtd_ai,200,0.005043560629569726,0.410958904109589,5824.808604232932,0.2,150,5,0.16996296296296295,0.493560667476372,1.9649111333580291,0.0
mtd_ai,200,0.005043560629569726,0.4411764705882353,6350.306512283532,0.25,150,5,0.16996296296296295,0.493560667476372,1.9649111333580291,0.0
mtd_ai,200,0.005075193457928201,0.32608695652173914,2127.2335873528846,0.05,150,5,0.13566666666666669,0.07513155124589031,0.33509400131624417,0.0
mtd_ai,200,0.005075193457928201,0.4166666666666667,3084.1589404981896,0.1,150,5,0.13566666666666669,0.07513155124589031,0.33509400131624417,0.0
mtd_ai,200,0.005075193457928201,0.4090909090909091,5073.943545037135,0.15,150,5,0.13566666666666669,0.07513155124589031,0.33509400131624417,0.0
mtd_ai,200,0.005075193457928201,0.44776119402985076,5557.49322117743,0.2,150,5,0.13566666666666669,0.07513155124589031,0.33509400131624417,0.0
mtd_ai,200,0.005075193457928201,0.5,5903.546439718862,0.25,150,5,0.13566666666666669,0.07513155124589031,0.33509400131624417,0.0
mtd_ai,200,0.005066906500404933,0.28846153846153844,2951.9925010620354,0.05,150,5,0.13342857142857145,1.7027426928111444,4.8475564682095875,0.0
mtd_ai,200,0.005066906500404933,0.375,3960.8248545524684,0.1,150,5,0.13342857142857145,1.7027426928111444,4.8475564682095875,0.0
mtd_ai,200,0.005066906500404933,0.4326923076923077,4712.877864718061,0.15,150,5,0.13342857142857145,1.7027426928111444,4.8475564682095875,0.0
mtd_ai,200,0.005066906500404933,0.45454545454545453,5662.119436191782,0.2,150,5,0.13342857142857145,1.7027426928111444,4.8475564682095875,0.0
mtd_ai,200,0.005066906500404933,0.47468354430379744,6209.530863766821,0.25,150,5,0.13342857142857145,1.7027426928111444,4.8475564682095875,0.0
mtd_ai,200,0.005086387854558753,0.2777777777777778,3484.5198082064244,0.05,150,5,0.09888888888888889,0.6241764157429747,2.6464562989634888,0.0
mtd_ai,200,0.005086387854558753,0.40540540540540543,3846.3388473088066,0.1,150,5,0.09888888888888889,0.6241764157429747,2.6464562989634888,0.0
mtd_ai,200,0.005086387854558753,0.4787234042553192,4385.923374692275,0.15,150,5,0.09888888888888889,0.6241764157429747,2.6464562989634888,0.0
mtd_ai,200,0.005086387854558753,0.5,5039.516946092774,0.2,150,5,0.09888888888888889,0.6241764157429747,2.6464562989634888,0.0
mtd_ai,200,0.005086387854558753,0.5514705882352942,5439.227396843313,0.25,150,5,0.09888888888888889,0.6241764157429747,2.6464562989634888,0.0
mtd_ai,200,0.005089084191376545,0.26785714285714285,2543.0571491581322,0.05,150,5,0.17311111111111113,0.2134812455920365,0.5233655052173187,0.0
mtd_ai,200,0.005089084191376545,0.375,3400.8226976040537,0.1,150,5,0.17311111111111113,0.2134812455920365,0.5233655052173187,0.0
mtd_ai,200,0.005089084191376545,0.45,4007.841852664257,0.15,150,5,0.17311111111111113,0.2134812455920365,0.5233655052173187,0.0
mtd_ai,200,0.005089084191376545,0.4838709677419355,4569.429205172447,0.2,150,5,0.17311111111111113,0.2134812455920365,0.5233655052173187,0.0
mtd_ai,200,0.005089084191376545,0.5067567567567568,5230.605853047678,0.25,150,5,0.17311111111111113,0.2134812455920365,0.5233655052173187,0.0
mtd_ai,200,0.005055565660057447,0.35714285714285715,1870.189097124901,0.05,150,5,0.10166666666666667,0.5332326622569509,0.5818594259115758,0.0
mtd_ai,200,0.005055565660057447,0.375,3089.9979723868855,0.1,150,5,0.10166666666666667,0.5332326622569509,0.5818594259115758,0.0
mtd_ai,200,0.005055565660057447,0.4166666666666667,3695.01117496817,0.15,150,5,0.10166666666666667,0.5332326622569509,0.5818594259115758,0.0
mtd_ai,200,0.005055565660057447,0.4411764705882353,4360.20781629885,0.2,150,5,0.10166666666666667,0.5332326622569509,0.5818594259115758,0.0
mtd_ai,200,0.005055565660057447,0.47468354430379744,4790.595207879737,0.25,150,5,0.10166666666666667,0.5332326622569509,0.5818594259115758,0.0
mtd_ai,200,0.005045520164049043,0.24193548387096775,3470.499357249575,0.05,150,5,0.10666666666666667,1.431534316918709,3.627064200706088,0.0
mtd_ai,200,0.005045520164049043,0.3191489361702128,4615.824877343873,0.1,150,5,0.10666666666666667,1.431534316918709,3.627064200706088,0.0
mtd_ai,200,0.005045520164049043,0.39473684210526316,5077.065073996791,0.15,150,5,0.10666666666666667,1.431534316918709,3.627064200706088,0.0
mtd_ai,200,0.005045520164049043,0.4225352112676056,5811.633424947955,0.2,150,5,0.10666666666666667,1.431534316918709,3.627064200706088,0.0
mtd_ai,200,0.005045520164049043,0.46296296296296297,6197.482316195404,0.25,150,5,0.10666666666666667,1.431534316918709,3.627064200706088,0.0
mtd_ai,200,0.00504023457811023,0.375,2307.9825321540334,0.05,150,5,0.13,13.1617307297187,2.906391550732125,0.0
mtd_ai,200,0.00504023457811023,0.38461538461538464,3607.318496894747,0.1,150,5,0.13,13.1617307297187,2.906391550732125,0.0
mtd_ai,200,0.00504023457811023,0.4411764705882353,4481.277973581007,0.15,150,5,0.13,13.1617307297187,2.906391550732125,0.0
mtd_ai,200,0.00504023457811023,0.46875,5119.117797732421,0.2,150,5,0.13,13.1617307297187,2.906391550732125,0.0
mtd_ai,200,0.00504023457811023,0.47468354430379744,6294.771731610294,0.25,150,5,0.13,13.1617307297187,2.906391550732125,0.0
mtd_ai,200,0.005049751982131293,0.46875,1324.8808933615153,0.05,150,5,0.13,1.134890819715566,4.373657283383455,0.0
mtd_ai,200,0.005049751982131293,0.45454545454545453,2812.044119263231,0.1,150,5,0.13,1.134890819715566,4.373657283383455,0.0
mtd_ai,200,0.005049751982131293,0.5113636363636364,3586.163110583778,0.15,150,5,0.13,1.134890819715566,4.373657283383455,0.0
mtd_ai,200,0.005049751982131293,0.4918032786885246,4561.476317531078,0.2,150,5,0.13,1.134890819715566,4.373657283383455,0.0
mtd_ai,200,0.005049751982131293,0.528169014084507,5127.655427972263,0.25,150,5,0.13,1.134890819715566,4.373657283383455,0.0
mtd_ai,200,0.005036291860059277,0.24193548387096775,2708.2738632550518,0.05,150,5,0.16866666666666666,1.3655685255196122,2.1537810455497013,0.0
mtd_ai,200,0.005036291860059277,0.2727272727272727,4285.181728648032,0.1,150,5,0.16866666666666666,1.3655685255196122,2.1537810455497013,0.0
mtd_ai,200,0.005036291860059277,0.3358208955223881,5021.793683995567,0.15,150,5,0.16866666666666666,1.3655685255196122,2.1537810455497013,0.0
mtd_ai,200,0.005036291860059277,0.36585365853658536,5746.0911288600355,0.2,150,5,0.16866666666666666,1.3655685255196122,2.1537810455497013,0.0
mtd_ai,200,0.005036291860059277,0.39473684210526316,6975.192033594878,0.25,150,5,0.16866666666666666,1.3655685255196122,2.1537810455497013,0.0
mtd_ai,200,0.005057267541732044,0.375,2127.3521042004295,0.05,150,5,0.14444444444444446,0.35715231470552716,1.4609964578341939,0.0
mtd_ai,200,0.005057267541732044,0.38461538461538464,3509.5222272193237,0.1,150,5,0.14444444444444446,0.35715231470552716,1.4609964578341939,0.0
mtd_ai,200,0.005057267541732044,0.45,4099.967210039071,0.15,150,5,0.14444444444444446,0.35715231470552716,1.4609964578341939,0.0
mtd_ai,200,0.005057267541732044,0.4918032786885246,4519.408822674071,0.2,150,5,0.14444444444444446,0.35715231470552716,1.4609964578341939,0.0
mtd_ai,200,0.005057267541732044,0.5208333333333334,5386.002458114845,0.25,150,5,0.14444444444444446,0.35715231470552716,1.4609964578341939,0.0
mtd_ai,200,0.005087766001203446,0.4411764705882353,1293.1025442042421,0.05,150,5,0.10900000000000001,0.4449604976831514,1.6517250520580253,0.0
mtd_ai,200,0.005087766001203446,0.42857142857142855,2932.4794180336385,0.1,150,5,0.10900000000000001,0.4449604976831514,1.6517250520580253,0.0
mtd_ai,200,0.005087766001203446,0.4326923076923077,4223.414363845711,0.15,150,5,0.10900000000000001,0.4449604976831514,1.6517250520580253,0.0
mtd_ai,200,0.005087766001203446,0.47619047619047616,4591.671954480863,0.2,150,5,0.10900000000000001,0.4449604976831514,1.6517250520580253,0.0
mtd_ai,200,0.005087766001203446,0.5067567567567568,5349.129014211159,0.25,150,5,0.10900000000000001,0.4449604976831514,1.6517250520580253,0.0
mtd_ai,200,0.005052505338937419,0.32608695652173914,2190.785205581311,0.05,150,5,0.2227222222222222,0.14222741593858557,0.49598644639755773,0.0
mtd_ai,200,0.005052505338937419,0.3488372093023256,3796.282825534251,0.1,150,5,0.2227222222222222,0.14222741593858557,0.49598644639755773,0.0
mtd_ai,200,0.005052505338937419,0.39473684210526316,4645.296112617164,0.15,150,5,0.2227222222222222,0.14222741593858557,0.49598644639755773,0.0
mtd_ai,200,0.005052505338937419,0.4166666666666667,5329.251530829539,0.2,150,5,0.2227222222222222,0.14222741593858557,0.49598644639755773,0.0
mtd_ai,200,0.005052505338937419,0.46296296296296297,5759.154355076527,0.25,150,5,0.2227222222222222,0.14222741593858557,0.49598644639755773,0.0
mtd_ai,200,0.005075673040962796,0.39473684210526316,1692.5079119712505,0.05,150,5,0.105,0.498287373959532,0.9184535517670158,0.0
mtd_ai,200,0.005075673040962796,0.4166666666666667,2756.6056118691204,0.1,150,5,0.105,0.498287373959532,0.9184535517670158,0.0
mtd_ai,200,0.005075673040962796,0.45,3960.110813581624,0.15,150,5,0.105,0.498287373959532,0.9184535517670158,0.0
mtd_ai,200,0.005075673040962796,0.46875,5041.889831223112,0.2,150,5,0.105,0.498287373959532,0.9184535517670158,0.0
mtd_ai,200,0.005075673040962796,0.5136986301369864,5762.523899836123,0.25,150,5,0.105,0.498287373959532,0.9184535517670158,0.0
mtd_ai,200,0.005028935128153098,0.3,2703.085404743143,0.05,150,5,0.14444444444444446,0.4500348453919168,0.9348136235754128,0.0
mtd_ai,200,0.005028935128153098,0.35714285714285715,3818.013775745506,0.1,150,5,0.14444444444444446,0.4500348453919168,0.9348136235754128,0.0
mtd_ai,200,0.005028935128153098,0.34615384615384615,6000.446886683596,0.15,150,5,0.14444444444444446,0.4500348453919168,0.9348136235754128,0.0
mtd_ai,200,0.005028935128153098,0.35714285714285715,6760.834058442605,0.2,150,5,0.14444444444444446,0.4500348453919168,0.9348136235754128,0.0
mtd_ai,200,0.005028935128153098,0.3605769230769231,7594.306477354704,0.25,150,5,0.14444444444444446,0.4500348453919168,0.9348136235754128,0.0
mtd_ai,200,0.005086204636170708,0.46875,1339.5824900432826,0.05,150,5,0.1288888888888889,1.1652420165779565,1.0877236418873397,0.0
mtd_ai,200,0.005086204636170708,0.46875,2656.533237220425,0.1,150,5,0.1288888888888889,1.1652420165779565,1.0877236418873397,0.0
mtd_ai,200,0.005086204636170708,0.5232558139534884,3513.885272415395,0.15,150,5,0.1288888888888889,1.1652420165779565,1.0877236418873397,0.0
mtd_ai,200,0.005086204636170708,0.5555555555555556,4182.205417745752,0.2,150,5,0.1288888888888889,1.1652420165779565,1.0877236418873397,0.0
mtd_ai,200,0.005086204636170708,0.5859375,4578.261660695217,0.25,150,5,0.1288888888888889,1.1652420165779565,1.0877236418873397,0.0
mtd_ai,200,0.005067474920442425,0.25862068965517243,3010.832603113049,0.05,150,5,0.15133333333333332,0.10825491791373137,0.45824903694158164,0.0
mtd_ai,200,0.005067474920442425,0.36585365853658536,3647.9543507472426,0.1,150,5,0.15133333333333332,0.10825491791373137,0.45824903694158164,0.0
mtd_ai,200,0.005067474920442425,0.4166666666666667,4470.237445811462,0.15,150,5,0.15133333333333332,0.10825491791373137,0.45824903694158164,0.0
mtd_ai,200,0.005067474920442425,0.45454545454545453,5105.75516769332,0.2,150,5,0.15133333333333332,0.10825491791373137,0.45824903694158164,0.0
mtd_ai,200,0.005067474920442425,0.4807692307692308,5771.199838619478,0.25,150,5,0.15133333333333332,0.10825491791373137,0.45824903694158164,0.0
mtd_ai,200,0.005061930700046273,0.3125,2139.2769281507826,0.05,150,5,0.15789473684210525,2.4365629286654684,5.06029588292786,0.0
mtd_ai,200,0.005061930700046273,0.35714285714285715,3912.1907072799763,0.1,150,5,0.15789473684210525,2.4365629286654684,5.06029588292786,0.0
mtd_ai,200,0.005061930700046273,0.3813559322033898,5398.4121331614115,0.15,150,5,0.15789473684210525,2.4365629286654684,5.06029588292786,0.0
mtd_ai,200,0.005061930700046273,0.42857142857142855,5929.419968129012,0.2,150,5,0.15789473684210525,2.4365629286654684,5.06029588292786,0.0
mtd_ai,200,0.005061930700046273,0.46296296296296297,6486.61909184427,0.25,150,5,0.15789473684210525,2.4365629286654684,5.06029588292786,0.0
mtd_ai,200,0.005042304859250505,0.3409090909090909,2128.1292751522415,0.05,150,5,0.15055555555555555,10.593322794720748,7.535018821146365,0.0
mtd_ai,200,0.005042304859250505,0.40540540540540543,3199.219578633104,0.1,150,5,0.15055555555555555,10.593322794720748,7.535018821146365,0.0
mtd_ai,200,0.005042304859250505,0.4090909090909091,4441.914323842944,0.15,150,5,0.15055555555555555,10.593322794720748,7.535018821146365,0.0
mtd_ai,200,0.005042304859250505,0.4,5550.305190929548,0.2,150,5,0.15055555555555555,10.593322794720748,7.535018821146365,0.0
mtd_ai,200,0.005042304859250505,0.44642857142857145,5940.924120457644,0.25,150,5,0.15055555555555555,10.593322794720748,7.535018821146365,0.0
mtd_ai,200,0.005038189059861764,0.32608695652173914,2102.1240435514505,0.05,150,5,0.17111111111111113,0.4704894829295218,1.7995463240217924,0.0
mtd_ai,200,0.005038189059861764,0.36585365853658536,3719.0234142098907,0.1,150,5,0.17111111111111113,0.4704894829295218,1.7995463240217924,0.0
mtd_ai,200,0.005038189059861764,0.4326923076923077,4356.650539283073,0.15,150,5,0.17111111111111113,0.4704894829295218,1.7995463240217924,0.0
mtd_ai,200,0.005038189059861764,0.4411764705882353,5343.587505502979,0.2,150,5,0.17111111111111113,0.4704894829295218,1.7995463240217924,0.0
mtd_ai,200,0.005038189059861764,0.47468354430379744,5761.244073362703,0.25,150,5,0.17111111111111113,0.4704894829295218,1.7995463240217924,0.0
mtd_ai,200,0.005099333893137229,0.25,2670.3680299590487,0.05,150,5,0.13777777777777775,0.31746939057496065,0.7309734549954185,0.0
mtd_ai,200,0.005099333893137229,0.36585365853658536,3192.561097739688,0.1,150,5,0.13777777777777775,0.31746939057496065,0.7309734549954185,0.0
mtd_ai,200,0.005099333893137229,0.4411764705882353,3642.374798574162,0.15,150,5,0.13777777777777775,0.31746939057496065,0.7309734549954185,0.0
mtd_ai,200,0.005099333893137229,0.5084745762711864,4079.2045431484703,0.2,150,5,0.13777777777777775,0.31746939057496065,0.7309734549954185,0.0
mtd_ai,200,0.005099333893137229,0.5681818181818182,4255.580076343079,0.25,150,5,0.13777777777777775,0.31746939057496065,0.7309734549954185,0.0
mtd_ai,200,0.005084554000057345,0.35714285714285715,1706.0465680082457,0.05,150,5,0.10166666666666667,0.14862578015332334,0.32245641388911744,0.0
mtd_ai,200,0.005084554000057345,0.45454545454545453,2236.9395710881417,0.1,150,5,0.10166666666666667,0.14862578015332334,0.32245641388911744,0.0
mtd_ai,200,0.005084554000057345,0.45918367346938777,3837.3127828248603,0.15,150,5,0.10166666666666667,0.14862578015332334,0.32245641388911744,0.0
mtd_ai,200,0.005084554000057345,0.45454545454545453,4771.673185200931,0.2,150,5,0.10166666666666667,0.14862578015332334,0.32245641388911744,0.0
mtd_ai,200,0.005084554000057345,0.4573170731707317,5450.903661162976,0.25,150,5,0.10166666666666667,0.14862578015332334,0.32245641388911744,0.0
mtd_ai,200,0.005042341211131225,0.39473684210526316,1487.2917480369188,0.05,150,5,0.15444444444444444,1.0262445980991348,2.690342343446523,4.925925925925926
mtd_ai,200,0.005042341211131225,0.4166666666666667,2807.9797833466837,0.1,150,5,0.15444444444444444,1.0262445980991348,2.690342343446523,4.925925925925926
mtd_ai,200,0.005042341211131225,0.46875,3550.172913358847,0.15,150,5,0.15444444444444444,1.0262445980991348,2.690342343446523,4.925925925925926
mtd_ai,200,0.005042341211131225,0.5,4188.885060342298,0.2,150,5,0.15444444444444444,1.0262445980991348,2.690342343446523,4.925925925925926
mtd_ai,200,0.005042341211131225,0.42134831460674155,5446.065213433694,0.25,150,5,0.15444444444444444,1.0262445980991348,2.690342343446523,4.925925925925926
mtd_ai,200,0.0050712237383621515,0.3125,2387.9604839687913,0.05,150,5,0.15666666666666668,0.8722555467768153,2.07449719456354,0.0
mtd_ai,200,0.0050712237383621515,0.39473684210526316,3474.092583213608,0.1,150,5,0.15666666666666668,0.8722555467768153,2.07449719456354,0.0
mtd_ai,200,0.0050712237383621515,0.4411764705882353,4188.341539338049,0.15,150,5,0.15666666666666668,0.8722555467768153,2.07449719456354,0.0
mtd_ai,200,0.0050712237383621515,0.37037037037037035,5465.752277813249,0.2,150,5,0.15666666666666668,0.8722555467768153,2.07449719456354,0.0
mtd_ai,200,0.0050712237383621515,0.39473684210526316,6129.054163360578,0.25,150,5,0.15666666666666668,0.8722555467768153,2.07449719456354,0.0
mtd_ai,200,0.0050638441333166195,0.25862068965517243,2854.761951781782,0.05,150,5,0.14666666666666667,0.3237152982812659,0.7712329447836311,0.0
mtd_ai,200,0.0050638441333166195,0.3488372093023256,3656.037972177045,0.1,150,5,0.14666666666666667,0.3237152982812659,0.7712329447836311,0.0
mtd_ai,200,0.0050638441333166195,0.36885245901639346,4515.846561791626,0.15,150,5,0.14666666666666667,0.3237152982812659,0.7712329447836311,0.0
mtd_ai,200,0.0050638441333166195,0.379746835443038,5619.40575521533,0.2,150,5,0.14666666666666667,0.3237152982812659,0.7712329447836311,0.0
mtd_ai,200,0.0050638441333166195,0.41208791208791207,6308.98004454849,0.25,150,5,0.14666666666666667,0.3237152982812659,0.7712329447836311,0.0
mtd_ai,200,0.005070268944716736,0.35714285714285715,1891.488008435725,0.05,150,5,0.10555555555555556,0.2780197906491187,0.6019679563704826,0.0
mtd_ai,200,0.005070268944716736,0.4166666666666667,2674.9658023995808,0.1,150,5,0.10555555555555556,0.2780197906491187,0.6019679563704826,0.0
mtd_ai,200,0.005070268944716736,0.39473684210526316,4789.9431420248375,0.15,150,5,0.10555555555555556,0.2780197906491187,0.6019679563704826,0.0
mtd_ai,200,0.005070268944716736,0.4225352112676056,5417.255636532426,0.2,150,5,0.10555555555555556,0.2780197906491187,0.6019679563704826,0.0
mtd_ai,200,0.005070268944716736,0.46296296296296297,5839.7364721160375,0.25,150,5,0.10555555555555556,0.2780197906491187,0.6019679563704826,0.0
mtd_ai,200,0.005030964822583218,0.2777777777777778,1963.493261711807,0.05,150,5,0.14793650793650795,0.2241213104934173,0.8726931595193519,0.0
mtd_ai,200,0.005030964822583218,0.3125,3480.7545556722926,0.1,150,5,0.14793650793650795,0.2241213104934173,0.8726931595193519,0.0
mtd_ai,200,0.005030964822583218,0.31690140845070425,5400.13925002991,0.15,150,5,0.14793650793650795,0.2241213104934173,0.8726931595193519,0.0
mtd_ai,200,0.005030964822583218,0.35714285714285715,6053.531945593055,0.2,150,5,0.14793650793650795,0.2241213104934173,0.8726931595193519,0.0
mtd_ai,200,0.005030964822583218,0.3865979381443299,6711.424103437643,0.25,150,5,0.14793650793650795,0.2241213104934173,0.8726931595193519,0.0
mtd_ai,200,0.0050400367733327515,0.375,1782.937947146364,0.05,150,5,0.12,1.9955172367373197,3.3792773900789257,0.0
mtd_ai,200,0.0050400367733327515,0.4166666666666667,3335.226651487622,0.1,150,5,0.12,1.9955172367373197,3.3792773900789257,0.0
mtd_ai,200,0.0050400367733327515,0.4891304347826087,3667.1089771928387,0.15,150,5,0.12,1.9955172367373197,3.3792773900789257,0.0
mtd_ai,200,0.0050400367733327515,0.46875,5380.237346568867,0.2,150,5,0.12,1.9955172367373197,3.3792773900789257,0.0
mtd_ai,200,0.0050400367733327515,0.5,5989.64477041809,0.25,150,5,0.12,1.9955172367373197,3.3792773900789257,0.0
mtd_ai,200,0.0050403338338470905,0.39473684210526316,2370.2825370690653,0.05,150,5,0.1557777777777778,0.38525806585387573,1.4571445253951354,0.0
mtd_ai,200,0.0050403338338470905,0.4166666666666667,4081.649725229435,0.1,150,5,0.1557777777777778,0.38525806585387573,1.4571445253951354,0.0
mtd_ai,200,0.0050403338338470905,0.46875,4690.650632021725,0.15,150,5,0.1557777777777778,0.38525806585387573,1.4571445253951354,0.0
mtd_ai,200,0.0050403338338470905,0.4838709677419355,5425.870755996422,0.2,150,5,0.1557777777777778,0.38525806585387573,1.4571445253951354,0.0
mtd_ai,200,0.0050403338338470905,0.5208333333333334,5934.272928678307,0.25,150,5,0.1557777777777778,0.38525806585387573,1.4571445253951354,0.0
mtd_ai,200,0.0050500480582908605,0.3409090909090909,1921.0825366143947,0.05,150,5,0.14533333333333334,0.5374020101907989,2.3699848836739075,4.28125
mtd_ai,200,0.0050500480582908605,0.3409090909090909,3956.836384394919,0.1,150,5,0.14533333333333334,0.5374020101907989,2.3699848836739075,4.28125
mtd_ai,200,0.0050500480582908605,0.3879310344827586,4630.982970220669,0.15,150,5,0.14533333333333334,0.5374020101907989,2.3699848836739075,4.28125
mtd_ai,200,0.0050500480582908605,0.4166666666666667,5182.217167549802,0.2,150,5,0.14533333333333334,0.5374020101907989,2.3699848836739075,4.28125
mtd_ai,200,0.0050500480582908605,0.42134831460674155,5991.232567806781,0.25,150,5,0.14533333333333334,0.5374020101907989,2.3699848836739075,4.28125
mtd_ai,200,0.0050321988333959095,0.24193548387096775,3466.9379539912707,0.05,150,5,0.10666666666666667,0.08582182084579487,0.07764620504501536,0.0
mtd_ai,200,0.0050321988333959095,0.3,4773.794775735298,0.1,150,5,0.10666666666666667,0.08582182084579487,0.07764620504501536,0.0
mtd_ai,200,0.0050321988333959095,0.36885245901639346,5433.849338285399,0.15,150,5,0.10666666666666667,0.08582182084579487,0.07764620504501536,0.0
mtd_ai,200,0.0050321988333959095,0.38461538461538464,6787.5650805092555,0.2,150,5,0.10666666666666667,0.08582182084579487,0.07764620504501536,0.0
mtd_ai,200,0.0050321988333959095,0.42134831460674155,7216.8504975876795,0.25,150,5,0.10666666666666667,0.08582182084579487,0.07764620504501536,0.0
mtd_ai,200,0.005039065698500331,0.35714285714285715,2096.906684331224,0.05,150,5,0.05222222222222222,0.701031649103379,3.0795237525081447,0.0
mtd_ai,200,0.005039065698500331,0.36585365853658536,3729.312118768952,0.1,150,5,0.05222222222222222,0.701031649103379,3.0795237525081447,0.0
mtd_ai,200,0.005039065698500331,0.4090909090909091,4966.751728931023,0.15,150,5,0.05222222222222222,0.701031649103379,3.0795237525081447,0.0
mtd_ai,200,0.005039065698500331,0.45454545454545453,5541.699804129639,0.2,150,5,0.05222222222222222,0.701031649103379,3.0795237525081447,0.0
mtd_ai,200,0.005039065698500331,0.46875,6107.788257984657,0.25,150,5,0.05222222222222222,0.701031649103379,3.0795237525081447,0.0
mtd_ai,200,0.005041763560078756,0.375,1906.4629252881336,0.05,150,5,0.11371428571428571,0.7900907855866673,1.2320824209070336,0.0
mtd_ai,200,0.005041763560078756,0.42857142857142855,3496.9334150898108,0.1,150,5,0.11371428571428571,0.7900907855866673,1.2320824209070336,0.0
mtd_ai,200,0.005041763560078756,0.4891304347826087,4306.707121917814,0.15,150,5,0.11371428571428571,0.7900907855866673,1.2320824209070336,0.0
mtd_ai,200,0.005041763560078756,0.47619047619047616,5960.466876575461,0.2,150,5,0.11371428571428571,0.7900907855866673,1.2320824209070336,0.0
mtd_ai,200,0.005041763560078756,0.487012987012987,6597.784023587146,0.25,150,5,0.11371428571428571,0.7900907855866673,1.2320824209070336,0.0
mtd_ai,200,0.005036726212875387,0.3125,2581.2698052065207,0.05,150,5,0.1211111111111111,0.6588742677758349,2.2047738029103354,0.0
mtd_ai,200,0.005036726212875387,0.3125,4165.262207299447,0.1,150,5,0.1211111111111111,0.6588742677758349,2.2047738029103354,0.0
mtd_ai,200,0.005036726212875387,0.3629032258064516,5013.593790175104,0.15,150,5,0.1211111111111111,0.6588742677758349,2.2047738029103354,0.0
mtd_ai,200,0.005036726212875387,0.32608695652173914,6564.052341613578,0.2,150,5,0.1211111111111111,0.6588742677758349,2.2047738029103354,0.0
mtd_ai,200,0.005036726212875387,0.3472222222222222,7474.63126285707,0.25,150,5,0.1211111111111111,0.6588742677758349,2.2047738029103354,0.0
mtd_ai,200,0.005071219721181773,0.46875,1498.7271243555538,0.05,150,5,0.10388888888888889,3.576223446821655,6.1066340367309575,0.0
mtd_ai,200,0.005071219721181773,0.4411764705882353,3265.2101357311717,0.1,150,5,0.10388888888888889,3.576223446821655,6.1066340367309575,0.0
mtd_ai,200,0.005071219721181773,0.3879310344827586,4317.823351925585,0.15,150,5,0.10388888888888889,3.576223446821655,6.1066340367309575,0.0
mtd_ai,200,0.005071219721181773,0.4225352112676056,5215.571353976113,0.2,150,5,0.10388888888888889,3.576223446821655,6.1066340367309575,0.0
mtd_ai,200,0.005071219721181773,0.45180722891566266,5588.855149378127,0.25,150,5,0.10388888888888889,3.576223446821655,6.1066340367309575,0.0
mtd_ai,200,0.00506503040184501,0.3,2704.6369776887905,0.05,150,5,0.12694444444444442,0.07349604345739864,0.2638508634331038,0.0
mtd_ai,200,0.00506503040184501,0.32608695652173914,4315.643807488721,0.1,150,5,0.12694444444444442,0.07349604345739864,0.2638508634331038,0.0
mtd_ai,200,0.00506503040184501,0.4017857142857143,5065.936510227981,0.15,150,5,0.12694444444444442,0.07349604345739864,0.2638508634331038,0.0
mtd_ai,200,0.00506503040184501,0.43478260869565216,5668.81627265353,0.2,150,5,0.12694444444444442,0.07349604345739864,0.2638508634331038,0.0
mtd_ai,200,0.00506503040184501,0.4807692307692308,6070.709301069506,0.25,150,5,0.12694444444444442,0.07349604345739864,0.2638508634331038,0.0
mtd_ai,200,0.005062081436528643,0.39473684210526316,2059.378255302682,0.05,150,5,0.1663809523809524,7.6481189728617744,6.608783686327178,0.0
mtd_ai,200,0.005062081436528643,0.4838709677419355,2838.5526831644816,0.1,150,5,0.1663809523809524,7.6481189728617744,6.608783686327178,0.0
mtd_ai,200,0.005062081436528643,0.5625,3285.684537183386,0.15,150,5,0.1663809523809524,7.6481189728617744,6.608783686327178,0.0
mtd_ai,200,0.005062081436528643,0.5769230769230769,3733.8115636343673,0.2,150,5,0.1663809523809524,7.6481189728617744,6.608783686327178,0.0
mtd_ai,200,0.005062081436528643,0.5681818181818182,4868.780801933264,0.25,150,5,0.1663809523809524,7.6481189728617744,6.608783686327178,0.0
mtd_ai,200,0.005059983132439883,0.375,1634.346271400851,0.05,150,5,0.1261111111111111,0.9415319685015341,4.0605174975373215,0.0
mtd_ai,200,0.005059983132439883,0.4166666666666667,2760.899420681676,0.1,150,5,0.1261111111111111,0.9415319685015341,4.0605174975373215,0.0
mtd_ai,200,0.005059983132439883,0.4787234042553192,3609.074751369258,0.15,150,5,0.1261111111111111,0.9415319685015341,4.0605174975373215,0.0
mtd_ai,200,0.005059983132439883,0.47619047619047616,4547.036600243962,0.2,150,5,0.1261111111111111,0.9415319685015341,4.0605174975373215,0.0
mtd_ai,200,0.005059983132439883,0.528169014084507,4873.385744651661,0.25,150,5,0.1261111111111111,0.9415319685015341,4.0605174975373215,0.0
mtd_ai,200,0.0050633423409335914,0.375,1561.0268219815603,0.05,150,5,0.1608888888888889,0.4555725755963954,1.2500716155516935,0.0
mtd_ai,200,0.0050633423409335914,0.3191489361702128,3670.3464673675753,0.1,150,5,0.1608888888888889,0.4555725755963954,1.2500716155516935,0.0
mtd_ai,200,0.0050633423409335914,0.3629032258064516,4700.198196263256,0.15,150,5,0.1608888888888889,0.4555725755963954,1.2500716155516935,0.0
mtd_ai,200,0.0050633423409335914,0.3614457831325301,6196.294152841995,0.2,150,5,0.1608888888888889,0.4555725755963954,1.2500716155516935,0.0
mtd_ai,200,0.0050633423409335914,0.4032258064516129,6846.998764509528,0.25,150,5,0.1608888888888889,0.4555725755963954,1.2500716155516935,0.0
mtd_ai,200,0.00505443831046996,0.18292682926829268,3896.6273782680632,0.05,150,5,0.13666666666666666,0.4732245953163943,1.7331251733363504,0.0
mtd_ai,200,0.00505443831046996,0.25,5448.242570159278,0.1,150,5,0.13666666666666666,0.4732245953163943,1.7331251733363504,0.0
mtd_ai,200,0.00505443831046996,0.30405405405405406,6696.511111093301,0.15,150,5,0.13666666666666666,0.4732245953163943,1.7331251733363504,0.0
mtd_ai,200,0.00505443831046996,0.33707865168539325,7395.506210740643,0.2,150,5,0.13666666666666666,0.4732245953163943,1.7331251733363504,0.0
mtd_ai,200,0.00505443831046996,0.3787878787878788,7737.096352535076,0.25,150,5,0.13666666666666666,0.4732245953163943,1.7331251733363504,0.0
mtd_ai,200,0.005067993020781867,0.21428571428571427,3129.034726814239,0.05,150,5,0.135,0.08859808794558777,0.3302712990031799,0.0
mtd_ai,200,0.005067993020781867,0.3191489361702128,3697.5275316190564,0.1,150,5,0.135,0.08859808794558777,0.3302712990031799,0.0
mtd_ai,200,0.005067993020781867,0.3629032258064516,5122.517091010864,0.15,150,5,0.135,0.08859808794558777,0.3302712990031799,0.0
mtd_ai,200,0.005067993020781867,0.40540540540540543,5722.971512771561,0.2,150,5,0.135,0.08859808794558777,0.3302712990031799,0.0
mtd_ai,200,0.005067993020781867,0.45180722891566266,6011.430341797378,0.25,150,5,0.135,0.08859808794558777,0.3302712990031799,0.0
mtd_ai,200,0.0050419256486452825,0.3,2349.4374947575234,0.05,150,5,0.14111111111111113,0.5591115045011535,1.7546120968000407,4.666666666666667
mtd_ai,200,0.0050419256486452825,0.36585365853658536,3444.901577269085,0.1,150,5,0.14111111111111113,0.5591115045011535,1.7546120968000407,4.666666666666667
mtd_ai,200,0.0050419256486452825,0.42452830188679247,4203.290818464562,0.15,150,5,0.14111111111111113,0.5591115045011535,1.7546120968000407,4.666666666666667
mtd_ai,200,0.0050419256486452825,0.44776119402985076,5542.992867063134,0.2,150,5,0.14111111111111113,0.5591115045011535,1.7546120968000407,4.666666666666667
mtd_ai,200,0.0050419256486452825,0.4573170731707317,6280.062849427165,0.25,150,5,0.14111111111111113,0.5591115045011535,1.7546120968000407,4.666666666666667
mtd_ai,200,0.00504834532602833,0.375,2001.375997793717,0.05,150,5,0.13644444444444445,0.18653295982820428,0.4227234534389801,0.0
mtd_ai,200,0.00504834532602833,0.4411764705882353,3149.4710655135314,0.1,150,5,0.13644444444444445,0.18653295982820428,0.4227234534389801,0.0
mtd_ai,200,0.00504834532602833,0.5,3755.761636596343,0.15,150,5,0.13644444444444445,0.18653295982820428,0.4227234534389801,0.0
mtd_ai,200,0.00504834532602833,0.4918032786885246,4552.198106162581,0.2,150,5,0.13644444444444445,0.18653295982820428,0.4227234534389801,0.0
mtd_ai,200,0.00504834532602833,0.5136986301369864,5166.820047244119,0.25,150,5,0.13644444444444445,0.18653295982820428,0.4227234534389801,0.0
mtd_ai,200,0.005063260630158709,0.3409090909090909,2065.105696699501,0.05,150,5,0.12066666666666667,1.3448550440808646,4.598590230610023,0.0
mtd_ai,200,0.005063260630158709,0.35714285714285715,3694.968170288107,0.1,150,5,0.12066666666666667,1.3448550440808646,4.598590230610023,0.0
mtd_ai,200,0.005063260630158709,0.33088235294117646,5590.425373435694,0.15,150,5,0.12066666666666667,1.3448550440808646,4.598590230610023,0.0
mtd_ai,200,0.005063260630158709,0.375,5897.498573825788,0.2,150,5,0.12066666666666667,1.3448550440808646,4.598590230610023,0.0
mtd_ai,200,0.005063260630158709,0.4166666666666667,6522.847514183821,0.25,150,5,0.12066666666666667,1.3448550440808646,4.598590230610023,0.0
mtd_ai,200,0.00504760839270247,0.2777777777777778,2579.243872957083,0.05,150,5,0.13698412698412699,1.101107860858896,3.9069043163546007,0.0
mtd_ai,200,0.00504760839270247,0.32608695652173914,3527.144874327152,0.1,150,5,0.13698412698412699,1.101107860858896,3.9069043163546007,0.0
mtd_ai,200,0.00504760839270247,0.39473684210526316,4125.865303255355,0.15,150,5,0.13698412698412699,1.101107860858896,3.9069043163546007,0.0
mtd_ai,200,0.00504760839270247,0.4225352112676056,5081.853353638063,0.2,150,5,0.13698412698412699,1.101107860858896,3.9069043163546007,0.0
mtd_ai,200,0.00504760839270247,0.44642857142857145,5490.051444885054,0.25,150,5,0.13698412698412699,1.101107860858896,3.9069043163546007,0.0
mtd_ai,200,0.005059336756540666,0.375,2093.1395788213836,0.05,150,5,0.1277777777777778,4.506238949819346,5.79087849205166,0.0
mtd_ai,200,0.005059336756540666,0.40540540540540543,3559.879731785423,0.1,150,5,0.1277777777777778,4.506238949819346,5.79087849205166,0.0
mtd_ai,200,0.005059336756540666,0.4891304347826087,3966.4933243828277,0.15,150,5,0.1277777777777778,4.506238949819346,5.79087849205166,0.0
mtd_ai,200,0.005059336756540666,0.5084745762711864,4593.563633930993,0.2,150,5,0.1277777777777778,4.506238949819346,5.79087849205166,0.0
mtd_ai,200,0.005059336756540666,0.5514705882352942,4875.723306315211,0.25,150,5,0.1277777777777778,4.506238949819346,5.79087849205166,0.0
mtd_ai,200,0.005096807238152319,0.3125,2131.6392643239933,0.05,150,5,0.15666666666666665,0.8538182115234944,2.610673753352141,0.0
mtd_ai,200,0.005096807238152319,0.4411764705882353,2833.399730407449,0.1,150,5,0.15666666666666665,0.8538182115234944,2.610673753352141,0.0
mtd_ai,200,0.005096807238152319,0.5,3282.8260708427742,0.15,150,5,0.15666666666666665,0.8538182115234944,2.610673753352141,0.0
mtd_ai,200,0.005096807238152319,0.5263157894736842,3804.5776854513933,0.2,150,5,0.15666666666666665,0.8538182115234944,2.610673753352141,0.0
mtd_ai,200,0.005096807238152319,0.5681818181818182,4105.162982258926,0.25,150,5,0.15666666666666665,0.8538182115234944,2.610673753352141,0.0
mtd_ai,200,0.005039933417834195,0.2777777777777778,3126.6423401969387,0.05,150,5,0.14814814814814814,1.0460757998965469,4.217278212978177,0.0
mtd_ai,200,0.005039933417834195,0.32608695652173914,4562.742180842488,0.1,150,5,0.14814814814814814,1.0460757998965469,4.217278212978177,0.0
mtd_ai,200,0.005039933417834195,0.36885245901639346,5478.79509192118,0.15,150,5,0.14814814814814814,1.0460757998965469,4.217278212978177,0.0
mtd_ai,200,0.005039933417834195,0.4166666666666667,5802.424585949471,0.2,150,5,0.14814814814814814,1.0460757998965469,4.217278212978177,0.0
mtd_ai,200,0.005039933417834195,0.436046511627907,6539.671429517535,0.25,150,5,0.14814814814814814,1.0460757998965469,4.217278212978177,0.0
mtd_ai,200,0.0050773311082001945,0.2777777777777778,2463.590250827694,0.05,150,5,0.1225925925925926,0.5032839984488533,1.9594477501084915,0.0
mtd_ai,200,0.0050773311082001945,0.35714285714285715,3651.603282063603,0.1,150,5,0.1225925925925926,0.5032839984488533,1.9594477501084915,0.0
mtd_ai,200,0.0050773311082001945,0.3879310344827586,4435.473068572651,0.15,150,5,0.1225925925925926,0.5032839984488533,1.9594477501084915,0.0
mtd_ai,200,0.0050773311082001945,0.39473684210526316,5163.4077772145865,0.2,150,5,0.1225925925925926,0.5032839984488533,1.9594477501084915,0.0
mtd_ai,200,0.0050773311082001945,0.436046511627907,5662.321362682808,0.25,150,5,0.1225925925925926,0.5032839984488533,1.9594477501084915,0.0
mtd_ai,200,0.005069565797429926,0.32608695652173914,2222.238183240823,0.05,150,5,0.2727272727272727,0.05346551899424715,0.13599228031680913,0.0
mtd_ai,200,0.005069565797429926,0.36585365853658536,3722.7369012720474,0.1,150,5,0.2727272727272727,0.05346551899424715,0.13599228031680913,0.0
mtd_ai,200,0.005069565797429926,0.4017857142857143,4814.990733378411,0.15,150,5,0.2727272727272727,0.05346551899424715,0.13599228031680913,0.0
mtd_ai,200,0.005069565797429926,0.4411764705882353,5469.302751293228,0.2,150,5,0.2727272727272727,0.05346551899424715,0.13599228031680913,0.0
mtd_ai,200,0.005069565797429926,0.47468354430379744,6066.058875702231,0.25,150,5,0.2727272727272727,0.05346551899424715,0.13599228031680913,0.0
mtd_ai,200,0.005047929992370985,0.25,3539.8468113402487,0.05,150,5,0.15533333333333335,1.0045607212405132,2.9114116170280484,0.0
mtd_ai,200,0.005047929992370985,0.32608695652173914,4513.303916951316,0.1,150,5,0.15533333333333335,1.0045607212405132,2.9114116170280484,0.0
mtd_ai,200,0.005047929992370985,0.4090909090909091,5016.885512541593,0.15,150,5,0.15533333333333335,1.0045607212405132,2.9114116170280484,0.0
mtd_ai,200,0.005047929992370985,0.46153846153846156,5739.965490789793,0.2,150,5,0.15533333333333335,1.0045607212405132,2.9114116170280484,0.0
mtd_ai,200,0.005047929992370985,0.5,6163.611552384602,0.25,150,5,0.15533333333333335,1.0045607212405132,2.9114116170280484,0.0
mtd_ai,200,0.005035294541346193,0.25,3720.2018594249034,0.05,150,5,0.18222222222222223,6.520553213432451,7.2229093339105885,0.0
mtd_ai,200,0.005035294541346193,0.3333333333333333,4819.872965663506,0.1,150,5,0.18222222222222223,6.520553213432451,7.2229093339105885,0.0
mtd_ai,200,0.005035294541346193,0.3879310344827586,5825.875677058037,0.15,150,5,0.18222222222222223,6.520553213432451,7.2229093339105885,0.0
mtd_ai,200,0.005035294541346193,0.4225352112676056,6620.166053125506,0.2,150,5,0.18222222222222223,6.520553213432451,7.2229093339105885,0.0
mtd_ai,200,0.005035294541346193,0.46296296296296297,7004.176001809912,0.25,150,5,0.18222222222222223,6.520553213432451,7.2229093339105885,0.0
mtd_ai,200,0.005065071161244607,0.4166666666666667,1511.2467319052118,0.05,150,5,0.10444444444444444,0.9970976410115898,2.8004098042813115,0.0
mtd_ai,200,0.005065071161244607,0.375,3718.961468913819,0.1,150,5,0.10444444444444444,0.9970976410115898,2.8004098042813115,0.0
mtd_ai,200,0.005065071161244607,0.45,4240.556540523712,0.15,150,5,0.10444444444444444,0.9970976410115898,2.8004098042813115,0.0
mtd_ai,200,0.005065071161244607,0.46153846153846156,4969.242226792604,0.2,150,5,0.10444444444444444,0.9970976410115898,2.8004098042813115,0.0
mtd_ai,200,0.005065071161244607,0.46875,5681.650601780273,0.25,150,5,0.10444444444444444,0.9970976410115898,2.8004098042813115,0.0
mtd_ai,200,0.005068138190191804,0.3409090909090909,2179.5663655721637,0.05,150,5,0.35714285714285715,0.10894728945074607,0.4104787014997835,0.0
mtd_ai,200,0.005068138190191804,0.3409090909090909,4630.8101607157605,0.1,150,5,0.35714285714285715,0.10894728945074607,0.4104787014997835,0.0
mtd_ai,200,0.005068138190191804,0.4017857142857143,5400.805799478219,0.15,150,5,0.35714285714285715,0.10894728945074607,0.4104787014997835,0.0
mtd_ai,200,0.005068138190191804,0.4411764705882353,5990.67313761299,0.2,150,5,0.35714285714285715,0.10894728945074607,0.4104787014997835,0.0
mtd_ai,200,0.005068138190191804,0.4807692307692308,6385.217548066899,0.25,150,5,0.35714285714285715,0.10894728945074607,0.4104787014997835,0.0
mtd_ai,200,0.005106593890252517,0.3125,1921.9611005541706,0.05,150,5,0.16,2.784821754197218,3.4222215870319204,0.0
mtd_ai,200,0.005106593890252517,0.4166666666666667,2561.8496276130345,0.1,150,5,0.16,2.784821754197218,3.4222215870319204,0.0
mtd_ai,200,0.005106593890252517,0.45918367346938777,3297.068937331394,0.15,150,5,0.16,2.784821754197218,3.4222215870319204,0.0
mtd_ai,200,0.005106593890252517,0.5,3991.8279945143217,0.2,150,5,0.16,2.784821754197218,3.4222215870319204,0.0
mtd_ai,200,0.005106593890252517,0.5514705882352942,4318.228500487474,0.25,150,5,0.16,2.784821754197218,3.4222215870319204,0.0
mtd_ai,200,0.005043313437832975,0.39473684210526316,1937.0427358215593,0.05,150,5,0.29411764705882354,0.3170879365705111,1.2159671207692846,0.0
mtd_ai,200,0.005043313437832975,0.42857142857142855,3003.933809922952,0.1,150,5,0.29411764705882354,0.3170879365705111,1.2159671207692846,0.0
mtd_ai,200,0.005043313437832975,0.45,4428.593545934649,0.15,150,5,0.29411764705882354,0.3170879365705111,1.2159671207692846,0.0
mtd_ai,200,0.005043313437832975,0.44776119402985076,5183.343426011727,0.2,150,5,0.29411764705882354,0.3170879365705111,1.2159671207692846,0.0
mtd_ai,200,0.005043313437832975,0.45180722891566266,5952.427525762992,0.25,150,5,0.29411764705882354,0.3170879365705111,1.2159671207692846,0.0
mtd_ai,200,0.005068148724596699,0.28846153846153844,2376.378189532262,0.05,150,5,0.14377777777777778,1.0086814538668927,3.8972912082615325,0.0
mtd_ai,200,0.005068148724596699,0.32608695652173914,4066.490351209938,0.1,150,5,0.14377777777777778,1.0086814538668927,3.8972912082615325,0.0
mtd_ai,200,0.005068148724596699,0.3879310344827586,4502.849400064032,0.15,150,5,0.14377777777777778,1.0086814538668927,3.8972912082615325,0.0
mtd_ai,200,0.005068148724596699,0.4225352112676056,5289.25229311857,0.2,150,5,0.14377777777777778,1.0086814538668927,3.8972912082615325,0.0
mtd_ai,200,0.005068148724596699,0.47468354430379744,5891.3682136662055,0.25,150,5,0.14377777777777778,1.0086814538668927,3.8972912082615325,0.0
mtd_ai,200,0.005040990967200873,0.26785714285714285,2858.498713877636,0.05,150,5,0.14366666666666666,0.4527443130210943,1.5981636994659547,0.0
mtd_ai,200,0.005040990967200873,0.3488372093023256,4004.0018367633656,0.1,150,5,0.14366666666666666,0.4527443130210943,1.5981636994659547,0.0
mtd_ai,200,0.005040990967200873,0.3813559322033898,5069.987617298186,0.15,150,5,0.14366666666666666,0.4527443130210943,1.5981636994659547,0.0
mtd_ai,200,0.005040990967200873,0.38961038961038963,6022.83918095944,0.2,150,5,0.14366666666666666,0.4527443130210943,1.5981636994659547,0.0
mtd_ai,200,0.005040990967200873,0.4076086956521739,6614.4368427304635,0.25,150,5,0.14366666666666666,0.4527443130210943,1.5981636994659547,0.0
mtd_ai,200,0.005079346705893055,0.2777777777777778,2547.2441522916424,0.05,150,5,0.12511111111111112,0.09880411606132049,0.34175719729787263,0.0
mtd_ai,200,0.005079346705893055,0.38461538461538464,3209.7566831896784,0.1,150,5,0.12511111111111112,0.09880411606132049,0.34175719729787263,0.0
mtd_ai,200,0.005079346705893055,0.39473684210526316,4560.70137233428,0.15,150,5,0.12511111111111112,0.09880411606132049,0.34175719729787263,0.0
mtd_ai,200,0.005079346705893055,0.43478260869565216,5098.787932699454,0.2,150,5,0.12511111111111112,0.09880411606132049,0.34175719729787263,0.0
mtd_ai,200,0.005079346705893055,0.46875,5593.984873998972,0.25,150,5,0.12511111111111112,0.09880411606132049,0.34175719729787263,0.0
mtd_ai,200,0.0050380671820973435,0.25,3317.052205122138,0.05,150,5,0.13566666666666669,0.11465624238935575,0.49691509105895243,0.0
mtd_ai,200,0.0050380671820973435,0.35714285714285715,4125.537926332226,0.1,150,5,0.13566666666666669,0.11465624238935575,0.49691509105895243,0.0
mtd_ai,200,0.0050380671820973435,0.4017857142857143,4948.47651076759,0.15,150,5,0.13566666666666669,0.11465624238935575,0.49691509105895243,0.0
mtd_ai,200,0.0050380671820973435,0.4411764705882353,5853.390235741159,0.2,150,5,0.13566666666666669,0.11465624238935575,0.49691509105895243,0.0
mtd_ai,200,0.0050380671820973435,0.46296296296296297,6337.787163208991,0.25,150,5,0.13566666666666669,0.11465624238935575,0.49691509105895243,0.0
mtd_ai,200,0.005034184683180721,0.22727272727272727,3572.1348820203098,0.05,150,5,0.18033333333333335,0.2701682856248965,1.0885131743920695,0.0
mtd_ai,200,0.005034184683180721,0.3125,4310.360699259336,0.1,150,5,0.18033333333333335,0.2701682856248965,1.0885131743920695,0.0
mtd_ai,200,0.005034184683180721,0.36885245901639346,5494.943352982573,0.15,150,5,0.18033333333333335,0.2701682856248965,1.0885131743920695,0.0
mtd_ai,200,0.005034184683180721,0.40540540540540543,6152.661733174295,0.2,150,5,0.18033333333333335,0.2701682856248965,1.0885131743920695,0.0
mtd_ai,200,0.005034184683180721,0.43103448275862066,6979.840099712625,0.25,150,5,0.18033333333333335,0.2701682856248965,1.0885131743920695,0.0
mtd_ai,200,0.005063084671984585,0.3409090909090909,1910.3780692486496,0.05,150,5,0.15,1.5555906858177084,3.7635424492913803,0.0
mtd_ai,200,0.005063084671984585,0.35714285714285715,3355.5639650947533,0.1,150,5,0.15,1.5555906858177084,3.7635424492913803,0.0
mtd_ai,200,0.005063084671984585,0.3813559322033898,4877.878741187016,0.15,150,5,0.15,1.5555906858177084,3.7635424492913803,0.0
mtd_ai,200,0.005063084671984585,0.42857142857142855,5348.573441640494,0.2,150,5,0.15,1.5555906858177084,3.7635424492913803,0.0
mtd_ai,200,0.005063084671984585,0.43103448275862066,6351.587390025441,0.25,150,5,0.15,1.5555906858177084,3.7635424492913803,0.0
mtd_ai,200,0.005045262177840274,0.26785714285714285,2559.9302633994066,0.05,150,5,0.11533333333333334,0.43803482127734883,1.9032117763292682,0.0
mtd_ai,200,0.005045262177840274,0.3333333333333333,3751.884048991871,0.1,150,5,0.11533333333333334,0.43803482127734883,1.9032117763292682,0.0
mtd_ai,200,0.005045262177840274,0.39473684210526316,4795.429556428517,0.15,150,5,0.11533333333333334,0.43803482127734883,1.9032117763292682,0.0
mtd_ai,200,0.005045262177840274,0.4,5669.007033851344,0.2,150,5,0.11533333333333334,0.43803482127734883,1.9032117763292682,0.0
mtd_ai,200,0.005045262177840274,0.4411764705882353,6177.125910621716,0.25,150,5,0.11533333333333334,0.43803482127734883,1.9032117763292682,0.0
mtd_ai,200,0.0050692544317446015,0.3409090909090909,2178.773992933682,0.05,150,5,0.14666666666666667,5.864607788072306,2.757738982616922,0.0
mtd_ai,200,0.0050692544317446015,0.38461538461538464,3477.3417671245006,0.1,150,5,0.14666666666666667,5.864607788072306,2.757738982616922,0.0
mtd_ai,200,0.0050692544317446015,0.4326923076923077,4232.1725073261005,0.15,150,5,0.14666666666666667,5.864607788072306,2.757738982616922,0.0
mtd_ai,200,0.0050692544317446015,0.44776119402985076,5069.039555492069,0.2,150,5,0.14666666666666667,5.864607788072306,2.757738982616922,0.0
mtd_ai,200,0.0050692544317446015,0.45180722891566266,5762.358882166325,0.25,150,5,0.14666666666666667,5.864607788072306,2.757738982616922,0.0
mtd_ai,200,0.005080238567502099,0.3409090909090909,1682.5745720450682,0.05,150,5,0.12666666666666668,2.008835727508797,4.338144033005199,0.0
mtd_ai,200,0.005080238567502099,0.40540540540540543,2739.0226935945157,0.1,150,5,0.12666666666666668,2.008835727508797,4.338144033005199,0.0
mtd_ai,200,0.005080238567502099,0.4090909090909091,4433.964381313675,0.15,150,5,0.12666666666666668,2.008835727508797,4.338144033005199,0.0
mtd_ai,200,0.005080238567502099,0.45454545454545453,5059.220096443236,0.2,150,5,0.12666666666666668,2.008835727508797,4.338144033005199,0.0
mtd_ai,200,0.005080238567502099,0.5,5495.775828887915,0.25,150,5,0.12666666666666668,2.008835727508797,4.338144033005199,0.0
mtd_ai,200,0.005058346249539393,0.2777777777777778,3013.804662923256,0.05,150,5,0.12333333333333334,3.9388077040864182,6.745906635276362,0.0
mtd_ai,200,0.005058346249539393,0.3191489361702128,4743.70228727705,0.1,150,5,0.12333333333333334,3.9388077040864182,6.745906635276362,0.0
mtd_ai,200,0.005058346249539393,0.3879310344827586,5390.991100226824,0.15,150,5,0.12333333333333334,3.9388077040864182,6.745906635276362,0.0
mtd_ai,200,0.005058346249539393,0.410958904109589,6484.3088584514735,0.2,150,5,0.12333333333333334,3.9388077040864182,6.745906635276362,0.0
mtd_ai,200,0.005058346249539393,0.46296296296296297,6844.635237088026,0.25,150,5,0.12333333333333334,3.9388077040864182,6.745906635276362,0.0
mtd_ai,200,0.005049951801180461,0.28846153846153844,3135.394586175829,0.05,150,5,0.15,0.11428801037451528,0.46321525329417884,0.0
mtd_ai,200,0.005049951801180461,0.3488372093023256,4460.561534298897,0.1,150,5,0.15,0.11428801037451528,0.46321525329417884,0.0
mtd_ai,200,0.005049951801180461,0.39473684210526316,5761.663267089619,0.15,150,5,0.15,0.11428801037451528,0.46321525329417884,0.0
mtd_ai,200,0.005049951801180461,0.4,7369.313603315486,0.2,150,5,0.15,0.11428801037451528,0.46321525329417884,0.0
mtd_ai,200,0.005049951801180461,0.436046511627907,7806.351789966378,0.25,150,5,0.15,0.11428801037451528,0.46321525329417884,0.0
mtd_ai,200,0.005051776001932399,0.234375,3163.1658840597174,0.05,150,5,0.13866666666666666,0.2021785167775328,0.8402868827916021,0.0
mtd_ai,200,0.005051776001932399,0.2777777777777778,4688.0984372478715,0.1,150,5,0.13866666666666666,0.2021785167775328,0.8402868827916021,0.0
mtd_ai,200,0.005051776001932399,0.32608695652173914,5772.751034664743,0.15,150,5,0.13866666666666666,0.2021785167775328,0.8402868827916021,0.0
mtd_ai,200,0.005051776001932399,0.36585365853658536,6569.807201839488,0.2,150,5,0.13866666666666666,0.2021785167775328,0.8402868827916021,0.0
mtd_ai,200,0.005051776001932399,0.4032258064516129,7441.475025671093,0.25,150,5,0.13866666666666666,0.2021785167775328,0.8402868827916021,0.0
mtd_ai,200,0.005075595855081195,0.32608695652173914,2178.8465340291787,0.05,150,5,0.1416666666666667,0.15181926273141452,0.6127868521470786,0.0
mtd_ai,200,0.005075595855081195,0.39473684210526316,3338.430875814046,0.1,150,5,0.1416666666666667,0.15181926273141452,0.6127868521470786,0.0
mtd_ai,200,0.005075595855081195,0.4017857142857143,4817.784066070806,0.15,150,5,0.1416666666666667,0.15181926273141452,0.6127868521470786,0.0
mtd_ai,200,0.005075595855081195,0.4411764705882353,5371.630305390343,0.2,150,5,0.1416666666666667,0.15181926273141452,0.6127868521470786,0.0
mtd_ai,200,0.005075595855081195,0.4807692307692308,5980.487796608157,0.25,150,5,0.1416666666666667,0.15181926273141452,0.6127868521470786,0.0
mtd_ai,200,0.005067402523474621,0.2777777777777778,2647.462082086314,0.05,150,5,0.15633333333333332,0.33157500274297425,1.4155634920169688,0.0
mtd_ai,200,0.005067402523474621,0.35714285714285715,4037.3234065629185,0.1,150,5,0.15633333333333332,0.33157500274297425,1.4155634920169688,0.0
mtd_ai,200,0.005067402523474621,0.42452830188679247,4645.034095300781,0.15,150,5,0.15633333333333332,0.33157500274297425,1.4155634920169688,0.0
mtd_ai,200,0.005067402523474621,0.4411764705882353,6183.455991669765,0.2,150,5,0.15633333333333332,0.33157500274297425,1.4155634920169688,0.0
mtd_ai,200,0.005067402523474621,0.487012987012987,6447.05585549937,0.25,150,5,0.15633333333333332,0.33157500274297425,1.4155634920169688,0.0
mtd_ai,200,0.005074545273459004,0.375,1781.8855139857192,0.05,150,5,0.1401851851851852,0.026771029162172888,0.10428159508188388,0.0
mtd_ai,200,0.005074545273459004,0.4411764705882353,2846.865905642004,0.1,150,5,0.1401851851851852,0.026771029162172888,0.10428159508188388,0.0
mtd_ai,200,0.005074545273459004,0.4891304347826087,3813.559141298751,0.15,150,5,0.1401851851851852,0.026771029162172888,0.10428159508188388,0.0
mtd_ai,200,0.005074545273459004,0.5,4727.410898210694,0.2,150,5,0.1401851851851852,0.026771029162172888,0.10428159508188388,0.0
mtd_ai,200,0.005074545273459004,0.5,5232.808051667733,0.25,150,5,0.1401851851851852,0.026771029162172888,0.10428159508188388,0.0
mtd_ai,200,0.005068552900884211,0.4411764705882353,1252.593422743445,0.05,150,5,0.13999999999999999,0.9197772947172903,1.1248310157705785,0.0
mtd_ai,200,0.005068552900884211,0.4411764705882353,2413.7086231153035,0.1,150,5,0.13999999999999999,0.9197772947172903,1.1248310157705785,0.0
mtd_ai,200,0.005068552900884211,0.46875,3678.7276825180033,0.15,150,5,0.13999999999999999,0.9197772947172903,1.1248310157705785,0.0
mtd_ai,200,0.005068552900884211,0.5,4145.316562250815,0.2,150,5,0.13999999999999999,0.9197772947172903,1.1248310157705785,0.0
mtd_ai,200,0.005068552900884211,0.5067567567567568,5486.780889507203,0.25,150,5,0.13999999999999999,0.9197772947172903,1.1248310157705785,0.0
mtd_ai,200,0.0051020174851059575,0.5,1092.0826086370616,0.05,150,5,0.0911111111111111,1.4712375726750881,4.2589435244454705,0.0
mtd_ai,200,0.0051020174851059575,0.5,2274.4738950041296,0.1,150,5,0.0911111111111111,1.4712375726750881,4.2589435244454705,0.0
mtd_ai,200,0.0051020174851059575,0.5113636363636364,3240.365233147407,0.15,150,5,0.0911111111111111,1.4712375726750881,4.2589435244454705,0.0
mtd_ai,200,0.0051020174851059575,0.5263157894736842,3915.428869714204,0.2,150,5,0.0911111111111111,1.4712375726750881,4.2589435244454705,0.0
mtd_ai,200,0.0051020174851059575,0.5597014925373134,4430.403298704516,0.25,150,5,0.0911111111111111,1.4712375726750881,4.2589435244454705,0.0
mtd_ai,200,0.0050757537831284325,0.4411764705882353,1188.7161119376742,0.05,150,5,0.135,1.1805856668358379,3.8641147409009142,0.0
mtd_ai,200,0.0050757537831284325,0.40540540540540543,2575.5052621497425,0.1,150,5,0.135,1.1805856668358379,3.8641147409009142,0.0
mtd_ai,200,0.0050757537831284325,0.45918367346938777,3069.7518178475716,0.15,150,5,0.135,1.1805856668358379,3.8641147409009142,0.0
mtd_ai,200,0.0050757537831284325,0.5,3597.889268686047,0.2,150,5,0.135,1.1805856668358379,3.8641147409009142,0.0
mtd_ai,200,0.0050757537831284325,0.5514705882352942,3999.226899086165,0.25,150,5,0.135,1.1805856668358379,3.8641147409009142,0.0
mtd_ai,200,0.005032075264945582,0.17045454545454544,4029.7202876886695,0.05,150,5,0.15625,0.5571047707462647,2.4822648925269384,-3.526315789473684
mtd_ai,200,0.005032075264945582,0.2459016393442623,5234.280785713528,0.1,150,5,0.15625,0.5571047707462647,2.4822648925269384,-3.526315789473684
mtd_ai,200,0.005032075264945582,0.31690140845070425,5997.223320402435,0.15,150,5,0.15625,0.5571047707462647,2.4822648925269384,-3.526315789473684
mtd_ai,200,0.005032075264945582,0.3448275862068966,6817.753446668115,0.2,150,5,0.15625,0.5571047707462647,2.4822648925269384,-3.526315789473684
mtd_ai,200,0.005032075264945582,0.375,7418.123190599981,0.25,150,5,0.15625,0.5571047707462647,2.4822648925269384,-3.526315789473684
mtd_ai,200,0.005064360485888736,0.2777777777777778,3290.9748515743267,0.05,150,5,0.12833333333333333,0.9622305747744563,3.487652832604155,0.0
mtd_ai,200,0.005064360485888736,0.36585365853658536,4313.678023356618,0.1,150,5,0.12833333333333333,0.9622305747744563,3.487652832604155,0.0
mtd_ai,200,0.005064360485888736,0.4326923076923077,5087.867976609261,0.15,150,5,0.12833333333333333,0.9622305747744563,3.487652832604155,0.0
mtd_ai,200,0.005064360485888736,0.44776119402985076,5592.672300454033,0.2,150,5,0.12833333333333333,0.9622305747744563,3.487652832604155,0.0
mtd_ai,200,0.005064360485888736,0.4573170731707317,6603.568047100469,0.25,150,5,0.12833333333333333,0.9622305747744563,3.487652832604155,0.0
mtd_ai,200,0.005068966234515875,0.26785714285714285,3360.5989948721735,0.05,150,5,0.15384615384615385,0.4321456884569524,0.880712671890783,0.0
mtd_ai,200,0.005068966234515875,0.35714285714285715,4302.362937540281,0.1,150,5,0.15384615384615385,0.4321456884569524,0.880712671890783,0.0
mtd_ai,200,0.005068966234515875,0.39473684210526316,5642.109888783627,0.15,150,5,0.15384615384615385,0.4321456884569524,0.880712671890783,0.0
mtd_ai,200,0.005068966234515875,0.46153846153846156,6070.664742817742,0.2,150,5,0.15384615384615385,0.4321456884569524,0.880712671890783,0.0
mtd_ai,200,0.005068966234515875,0.5067567567567568,6416.658921149723,0.25,150,5,0.15384615384615385,0.4321456884569524,0.880712671890783,0.0
mtd_ai,200,0.005070886444557456,0.25862068965517243,2765.999849419402,0.05,150,5,0.09833333333333333,1.6721631011805622,5.052144915466774,0.0
mtd_ai,200,0.005070886444557456,0.3409090909090909,3761.1315399462737,0.1,150,5,0.09833333333333333,1.6721631011805622,5.052144915466774,0.0
mtd_ai,200,0.005070886444557456,0.3879310344827586,4702.896029171936,0.15,150,5,0.09833333333333333,1.6721631011805622,5.052144915466774,0.0
mtd_ai,200,0.005070886444557456,0.410958904109589,5673.299839423275,0.2,150,5,0.09833333333333333,1.6721631011805622,5.052144915466774,0.0
mtd_ai,200,0.005070886444557456,0.4411764705882353,6252.375050350664,0.25,150,5,0.09833333333333333,1.6721631011805622,5.052144915466774,0.0
mtd_ai,200,0.005034707867536945,0.3125,2691.4523507091035,0.05,150,5,0.13,1.8165734628723331,4.126358351076999,4.21875
mtd_ai,200,0.005034707867536945,0.375,4194.771784803782,0.1,150,5,0.13,1.8165734628723331,4.126358351076999,4.21875
mtd_ai,200,0.005034707867536945,0.4326923076923077,4945.430147466508,0.15,150,5,0.13,1.8165734628723331,4.126358351076999,4.21875
mtd_ai,200,0.005034707867536945,0.44776119402985076,5699.145445310354,0.2,150,5,0.13,1.8165734628723331,4.126358351076999,4.21875
mtd_ai,200,0.005034707867536945,0.3826530612244898,6883.786029123301,0.25,150,5,0.13,1.8165734628723331,4.126358351076999,4.21875
mtd_ai,200,0.00507522577248187,0.375,1752.2804546436228,0.05,150,5,0.09111111111111111,1.7634984986714155,1.6750443090516458,0.0
mtd_ai,200,0.00507522577248187,0.3488372093023256,4130.8139411570355,0.1,150,5,0.09111111111111111,1.7634984986714155,1.6750443090516458,0.0
mtd_ai,200,0.00507522577248187,0.4017857142857143,4888.418039169198,0.15,150,5,0.09111111111111111,1.7634984986714155,1.6750443090516458,0.0
mtd_ai,200,0.00507522577248187,0.43478260869565216,5439.1458291113795,0.2,150,5,0.09111111111111111,1.7634984986714155,1.6750443090516458,0.0
mtd_ai,200,0.00507522577248187,0.4807692307692308,5862.769761789698,0.25,150,5,0.09111111111111111,1.7634984986714155,1.6750443090516458,0.0
mtd_ai,200,0.005061765888284796,0.32608695652173914,1844.1183952182296,0.05,150,5,0.08666666666666667,1.4662660604602658,5.054428195048216,0.0
mtd_ai,200,0.005061765888284796,0.36585365853658536,3282.813290346588,0.1,150,5,0.08666666666666667,1.4662660604602658,5.054428195048216,0.0
mtd_ai,200,0.005061765888284796,0.4090909090909091,4393.94431787565,0.15,150,5,0.08666666666666667,1.4662660604602658,5.054428195048216,0.0
mtd_ai,200,0.005061765888284796,0.40540540540540543,5600.312812662922,0.2,150,5,0.08666666666666667,1.4662660604602658,5.054428195048216,0.0
mtd_ai,200,0.005061765888284796,0.436046511627907,6236.562986056844,0.25,150,5,0.08666666666666667,1.4662660604602658,5.054428195048216,0.0
mtd_ai,200,0.005052843710890105,0.19230769230769232,5066.986747453526,0.05,150,5,0.13587301587301587,0.32094919138150985,1.4018058202753407,0.0
mtd_ai,200,0.005052843710890105,0.2830188679245283,6249.683587460635,0.1,150,5,0.13587301587301587,0.32094919138150985,1.4018058202753407,0.0
mtd_ai,200,0.005052843710890105,0.3629032258064516,6743.969616993591,0.15,150,5,0.13587301587301587,0.32094919138150985,1.4018058202753407,0.0
mtd_ai,200,0.005052843710890105,0.39473684210526316,7197.531432936271,0.2,150,5,0.13587301587301587,0.32094919138150985,1.4018058202753407,0.0
mtd_ai,200,0.005052843710890105,0.43103448275862066,7641.491846000826,0.25,150,5,0.13587301587301587,0.32094919138150985,1.4018058202753407,0.0
mtd_ai,200,0.005069905628220954,0.4411764705882353,1447.9206606138664,0.05,150,5,0.0,1.324582929540866,1.812385881691653,0.0
mtd_ai,200,0.005069905628220954,0.4838709677419355,2209.496570503969,0.1,150,5,0.0,1.324582929540866,1.812385881691653,0.0
mtd_ai,200,0.005069905628220954,0.5113636363636364,2940.5522689122427,0.15,150,5,0.0,1.324582929540866,1.812385881691653,0.0
mtd_ai,200,0.005069905628220954,0.5,3739.436397432402,0.2,150,5,0.0,1.324582929540866,1.812385881691653,0.0
mtd_ai,200,0.005069905628220954,0.5434782608695652,4051.584575880302,0.25,150,5,0.0,1.324582929540866,1.812385881691653,0.0
mtd_ai,200,0.005060176800470065,0.26785714285714285,2879.9774936019962,0.05,150,5,0.20261640211640214,0.16221884779351153,0.6614658959200082,0.0
mtd_ai,200,0.005060176800470065,0.25862068965517243,4550.631624718548,0.1,150,5,0.20261640211640214,0.16221884779351153,0.6614658959200082,0.0
mtd_ai,200,0.005060176800470065,0.32142857142857145,5053.008799611833,0.15,150,5,0.20261640211640214,0.16221884779351153,0.6614658959200082,0.0
mtd_ai,200,0.005060176800470065,0.3488372093023256,5905.902840590963,0.2,150,5,0.20261640211640214,0.16221884779351153,0.6614658959200082,0.0
mtd_ai,200,0.005060176800470065,0.36764705882352944,6868.940427701299,0.25,150,5,0.20261640211640214,0.16221884779351153,0.6614658959200082,0.0
mtd_ai,200,0.005037125396723702,0.375,2491.198601305163,0.05,150,5,0.11599999999999999,0.6497711348721167,2.2160200781769817,0.0
mtd_ai,200,0.005037125396723702,0.42857142857142855,3557.796284116737,0.1,150,5,0.11599999999999999,0.6497711348721167,2.2160200781769817,0.0
mtd_ai,200,0.005037125396723702,0.4891304347826087,4582.5545434320165,0.15,150,5,0.11599999999999999,0.6497711348721167,2.2160200781769817,0.0
mtd_ai,200,0.005037125396723702,0.4838709677419355,5631.340247978316,0.2,150,5,0.11599999999999999,0.6497711348721167,2.2160200781769817,0.0
mtd_ai,200,0.005037125396723702,0.4934210526315789,6419.170262924985,0.25,150,5,0.11599999999999999,0.6497711348721167,2.2160200781769817,0.0
mtd_ai,200,0.005044294495798418,0.4166666666666667,1579.8956107891765,0.05,150,5,0.11444444444444443,0.09422331558713812,0.34292436761955797,0.0
mtd_ai,200,0.005044294495798418,0.375,3278.9876421090544,0.1,150,5,0.11444444444444443,0.09422331558713812,0.34292436761955797,0.0
mtd_ai,200,0.005044294495798418,0.375,5596.301936795976,0.15,150,5,0.11444444444444443,0.09422331558713812,0.34292436761955797,0.0
mtd_ai,200,0.005044294495798418,0.4166666666666667,6345.069270149822,0.2,150,5,0.11444444444444443,0.09422331558713812,0.34292436761955797,0.0
mtd_ai,200,0.005044294495798418,0.4573170731707317,6712.389784052889,0.25,150,5,0.11444444444444443,0.09422331558713812,0.34292436761955797,0.0
mtd_ai,200,0.005042331147435038,0.32608695652173914,2080.010497338596,0.05,150,5,0.1479047619047619,0.9055909333417606,2.6490909487578187,0.0
mtd_ai,200,0.005042331147435038,0.39473684210526316,3004.3930050243807,0.1,150,5,0.1479047619047619,0.9055909333417606,2.6490909487578187,0.0
mtd_ai,200,0.005042331147435038,0.4787234042553192,3517.890574037262,0.15,150,5,0.1479047619047619,0.9055909333417606,2.6490909487578187,0.0
mtd_ai,200,0.005042331147435038,0.47619047619047616,4551.516390528444,0.2,150,5,0.1479047619047619,0.9055909333417606,2.6490909487578187,0.0
mtd_ai,200,0.005042331147435038,0.487012987012987,5548.502186963808,0.25,150,5,0.1479047619047619,0.9055909333417606,2.6490909487578187,0.0
mtd_ai,200,0.005078595278285331,0.375,2033.058172808168,0.05,150,5,0.1522222222222222,0.033671019733814124,0.07903198231209126,0.0
mtd_ai,200,0.005078595278285331,0.45454545454545453,2989.158111304258,0.1,150,5,0.1522222222222222,0.033671019733814124,0.07903198231209126,0.0
mtd_ai,200,0.005078595278285331,0.5357142857142857,3321.1794327786956,0.15,150,5,0.1522222222222222,0.033671019733814124,0.07903198231209126,0.0
mtd_ai,200,0.005078595278285331,0.4838709677419355,4573.527267321778,0.2,150,5,0.1522222222222222,0.033671019733814124,0.07903198231209126,0.0
mtd_ai,200,0.005078595278285331,0.5136986301369864,5160.067621363464,0.25,150,5,0.1522222222222222,0.033671019733814124,0.07903198231209126,0.0
mtd_ai,200,0.005038915577155564,0.28846153846153844,2679.1635727822772,0.05,150,5,0.158,0.3736776246254203,1.2951064086876474,0.0
mtd_ai,200,0.005038915577155564,0.3125,5068.198851243553,0.1,150,5,0.158,0.3736776246254203,1.2951064086876474,0.0
mtd_ai,200,0.005038915577155564,0.36885245901639346,5749.168213397195,0.15,150,5,0.158,0.3736776246254203,1.2951064086876474,0.0
mtd_ai,200,0.005038915577155564,0.4166666666666667,6202.01447547377,0.2,150,5,0.158,0.3736776246254203,1.2951064086876474,0.0
mtd_ai,200,0.005038915577155564,0.436046511627907,6813.8469912974215,0.25,150,5,0.158,0.3736776246254203,1.2951064086876474,0.0
mtd_ai,200,0.00506823377353456,0.24193548387096775,3221.4272015807937,0.05,150,5,0.13,0.20785817076992444,0.3859601230095995,0.0
mtd_ai,200,0.00506823377353456,0.3191489361702128,4584.147963950434,0.1,150,5,0.13,0.20785817076992444,0.3859601230095995,0.0
mtd_ai,200,0.00506823377353456,0.4090909090909091,4933.91441862695,0.15,150,5,0.13,0.20785817076992444,0.3859601230095995,0.0
mtd_ai,200,0.00506823377353456,0.4411764705882353,5754.541950983443,0.2,150,5,0.13,0.20785817076992444,0.3859601230095995,0.0
mtd_ai,200,0.00506823377353456,0.46875,6367.157467176052,0.25,150,5,0.13,0.20785817076992444,0.3859601230095995,0.0
mtd_ai,200,0.005069513444479324,0.35714285714285715,2258.8454373463237,0.05,150,5,0.13866666666666666,0.8063427064813354,0.7980500157195404,0.0
mtd_ai,200,0.005069513444479324,0.38461538461538464,3721.943605244912,0.1,150,5,0.13866666666666666,0.8063427064813354,0.7980500157195404,0.0
mtd_ai,200,0.005069513444479324,0.4411764705882353,4419.542514271787,0.15,150,5,0.13866666666666666,0.8063427064813354,0.7980500157195404,0.0
mtd_ai,200,0.005069513444479324,0.45454545454545453,5511.0827716717895,0.2,150,5,0.13866666666666666,0.8063427064813354,0.7980500157195404,0.0
mtd_ai,200,0.005069513444479324,0.487012987012987,6098.059739614442,0.25,150,5,0.13866666666666666,0.8063427064813354,0.7980500157195404,0.0
mtd_ai,200,0.005037614125012675,0.3409090909090909,2589.9670639865694,0.05,150,5,0.15035714285714286,0.5719748121607747,2.1925237420393535,0.0
mtd_ai,200,0.005037614125012675,0.39473684210526316,4056.6585050234244,0.1,150,5,0.15035714285714286,0.5719748121607747,2.1925237420393535,0.0
mtd_ai,200,0.005037614125012675,0.4326923076923077,4671.37963295796,0.15,150,5,0.15035714285714286,0.5719748121607747,2.1925237420393535,0.0
mtd_ai,200,0.005037614125012675,0.38461538461538464,6032.022893967226,0.2,150,5,0.15035714285714286,0.5719748121607747,2.1925237420393535,0.0
mtd_ai,200,0.005037614125012675,0.42613636363636365,6390.090314571054,0.25,150,5,0.15035714285714286,0.5719748121607747,2.1925237420393535,0.0
mtd_ai,200,0.005057074322686151,0.22727272727272727,4199.026986428211,0.05,150,5,0.15533333333333335,0.33240302858403853,1.3533247648128195,0.0
mtd_ai,200,0.005057074322686151,0.3191489361702128,5178.28771871366,0.1,150,5,0.15533333333333335,0.33240302858403853,1.3533247648128195,0.0
mtd_ai,200,0.005057074322686151,0.39473684210526316,5634.859532049393,0.15,150,5,0.15533333333333335,0.33240302858403853,1.3533247648128195,0.0
mtd_ai,200,0.005057074322686151,0.36585365853658536,6919.602815898232,0.2,150,5,0.15533333333333335,0.33240302858403853,1.3533247648128195,0.0
mtd_ai,200,0.005057074322686151,0.4032258064516129,7443.606037863916,0.25,150,5,0.15533333333333335,0.33240302858403853,1.3533247648128195,0.0
mtd_ai,200,0.005066755173176995,0.3125,2200.1400335842736,0.05,150,5,0.162,0.3599188078104186,1.3754078294077094,0.0
mtd_ai,200,0.005066755173176995,0.38461538461538464,3426.4601113399767,0.1,150,5,0.162,0.3599188078104186,1.3754078294077094,0.0
mtd_ai,200,0.005066755173176995,0.45,4140.631461055506,0.15,150,5,0.162,0.3599188078104186,1.3754078294077094,0.0
mtd_ai,200,0.005066755173176995,0.46153846153846156,5398.462602171516,0.2,150,5,0.162,0.3599188078104186,1.3754078294077094,0.0
mtd_ai,200,0.005066755173176995,0.47468354430379744,6377.178076586848,0.25,150,5,0.162,0.3599188078104186,1.3754078294077094,0.0
mtd_ai,200,0.005032092762413917,0.24193548387096775,3513.5674876962144,0.05,150,5,0.10066666666666667,1.1658562675178317,2.8925787074476186,0.0
mtd_ai,200,0.005032092762413917,0.2631578947368421,5444.497193945575,0.1,150,5,0.10066666666666667,1.1658562675178317,2.8925787074476186,0.0
mtd_ai,200,0.005032092762413917,0.34615384615384615,5984.5631379040515,0.15,150,5,0.10066666666666667,1.1658562675178317,2.8925787074476186,0.0
mtd_ai,200,0.005032092762413917,0.38961038961038963,6549.452892399237,0.2,150,5,0.10066666666666667,1.1658562675178317,2.8925787074476186,0.0
mtd_ai,200,0.005032092762413917,0.43103448275862066,6855.643798370109,0.25,150,5,0.10066666666666667,1.1658562675178317,2.8925787074476186,0.0
mtd_ai,200,0.005077434039479276,0.3125,2407.6436652296097,0.05,150,5,0.1117777777777778,0.16965871259559567,0.6785860467513438,0.0
mtd_ai,200,0.005077434039479276,0.39473684210526316,3517.880397499269,0.1,150,5,0.1117777777777778,0.16965871259559567,0.6785860467513438,0.0
mtd_ai,200,0.005077434039479276,0.375,4638.302904793688,0.15,150,5,0.1117777777777778,0.16965871259559567,0.6785860467513438,0.0
mtd_ai,200,0.005077434039479276,0.40540540540540543,5230.8425284863015,0.2,150,5,0.1117777777777778,0.16965871259559567,0.6785860467513438,0.0
mtd_ai,200,0.005077434039479276,0.4411764705882353,5764.473168377455,0.25,150,5,0.1117777777777778,0.16965871259559567,0.6785860467513438,0.0
mtd_ai,200,0.00504495878256256,0.3409090909090909,2498.242944823141,0.05,150,5,0.11555555555555555,0.46920477933927557,0.30898063729166014,4.212121212121212
mtd_ai,200,0.00504495878256256,0.40540540540540543,3819.948404026997,0.1,150,5,0.11555555555555555,0.46920477933927557,0.30898063729166014,4.212121212121212
mtd_ai,200,0.00504495878256256,0.45918367346938777,4394.979809674529,0.15,150,5,0.11555555555555555,0.46920477933927557,0.30898063729166014,4.212121212121212
mtd_ai,200,0.00504495878256256,0.5084745762711864,5162.072696277899,0.2,150,5,0.11555555555555555,0.46920477933927557,0.30898063729166014,4.212121212121212
mtd_ai,200,0.00504495878256256,0.5434782608695652,5524.300371733036,0.25,150,5,0.11555555555555555,0.46920477933927557,0.30898063729166014,4.212121212121212
mtd_ai,200,0.0050631560188009505,0.25,2603.0727360295377,0.05,150,5,0.35714285714285715,2.019679708999559,1.7826361249743503,0.0
mtd_ai,200,0.0050631560188009505,0.3409090909090909,3448.298383909552,0.1,150,5,0.35714285714285715,2.019679708999559,1.7826361249743503,0.0
mtd_ai,200,0.0050631560188009505,0.375,4316.470986303149,0.15,150,5,0.35714285714285715,2.019679708999559,1.7826361249743503,0.0
mtd_ai,200,0.0050631560188009505,0.38461538461538464,5669.978595330402,0.2,150,5,0.35714285714285715,2.019679708999559,1.7826361249743503,0.0
mtd_ai,200,0.0050631560188009505,0.4076086956521739,6299.210816795128,0.25,150,5,0.35714285714285715,2.019679708999559,1.7826361249743503,0.0
mtd_ai,200,0.005069582149104105,0.32608695652173914,2320.7525219744452,0.05,150,5,0.13888888888888887,1.4817570694290247,3.7721853197003052,0.0
mtd_ai,200,0.005069582149104105,0.39473684210526316,3387.8544254161625,0.1,150,5,0.13888888888888887,1.4817570694290247,3.7721853197003052,0.0
mtd_ai,200,0.005069582149104105,0.42452830188679247,4847.759294397007,0.15,150,5,0.13888888888888887,1.4817570694290247,3.7721853197003052,0.0
mtd_ai,200,0.005069582149104105,0.45454545454545453,5320.245415415857,0.2,150,5,0.13888888888888887,1.4817570694290247,3.7721853197003052,0.0
mtd_ai,200,0.005069582149104105,0.4934210526315789,5858.362659364044,0.25,150,5,0.13888888888888887,1.4817570694290247,3.7721853197003052,0.0
mtd_ai,200,0.005041483647096256,0.3125,2065.454398073926,0.05,150,5,0.10944444444444443,0.5395337205042419,2.251948423005579,0.0
mtd_ai,200,0.005041483647096256,0.36585365853658536,3539.0747345972727,0.1,150,5,0.10944444444444443,0.5395337205042419,2.251948423005579,0.0
mtd_ai,200,0.005041483647096256,0.45,3947.09267821581,0.15,150,5,0.10944444444444443,0.5395337205042419,2.251948423005579,0.0
mtd_ai,200,0.005041483647096256,0.46153846153846156,5276.985854422264,0.2,150,5,0.10944444444444443,0.5395337205042419,2.251948423005579,0.0
mtd_ai,200,0.005041483647096256,0.5,5635.966578533631,0.25,150,5,0.10944444444444443,0.5395337205042419,2.251948423005579,0.0
mtd_ai,200,0.005044013538133363,0.25862068965517243,2552.399040252059,0.05,150,5,0.16866666666666666,0.6122012011649098,1.5218282892929882,0.0
mtd_ai,200,0.005044013538133363,0.3409090909090909,3697.536592331259,0.1,150,5,0.16866666666666666,0.6122012011649098,1.5218282892929882,0.0
mtd_ai,200,0.005044013538133363,0.4326923076923077,4166.674521642746,0.15,150,5,0.16866666666666666,0.6122012011649098,1.5218282892929882,0.0
mtd_ai,200,0.005044013538133363,0.4411764705882353,5007.377225270968,0.2,150,5,0.16866666666666666,0.6122012011649098,1.5218282892929882,0.0
mtd_ai,200,0.005044013538133363,0.390625,6449.646599003865,0.25,150,5,0.16866666666666666,0.6122012011649098,1.5218282892929882,0.0
mtd_ai,200,0.005034517153256377,0.234375,2983.669942327293,0.05,150,5,0.13444444444444445,0.13692074438858354,0.35119586678115433,0.0
mtd_ai,200,0.005034517153256377,0.2777777777777778,4233.981544546781,0.1,150,5,0.13444444444444445,0.13692074438858354,0.35119586678115433,0.0
mtd_ai,200,0.005034517153256377,0.34615384615384615,4726.024198463195,0.15,150,5,0.13444444444444445,0.13692074438858354,0.35119586678115433,0.0
mtd_ai,200,0.005034517153256377,0.3488372093023256,5858.0824530692,0.2,150,5,0.13444444444444445,0.13692074438858354,0.35119586678115433,0.0
mtd_ai,200,0.005034517153256377,0.35714285714285715,6867.840400844787,0.25,150,5,0.13444444444444445,0.13692074438858354,0.35119586678115433,0.0
mtd_ai,200,0.005061289657696534,0.25,3480.0565167853356,0.05,150,5,0.11666666666666667,0.17545279453138224,0.4103644585400979,0.0
mtd_ai,200,0.005061289657696534,0.3409090909090909,4503.477623672548,0.1,150,5,0.11666666666666667,0.17545279453138224,0.4103644585400979,0.0
mtd_ai,200,0.005061289657696534,0.34615384615384615,5916.3862885168965,0.15,150,5,0.11666666666666667,0.17545279453138224,0.4103644585400979,0.0
mtd_ai,200,0.005061289657696534,0.4,6418.20290802029,0.2,150,5,0.11666666666666667,0.17545279453138224,0.4103644585400979,0.0
mtd_ai,200,0.005061289657696534,0.43103448275862066,7261.477193203803,0.25,150,5,0.11666666666666667,0.17545279453138224,0.4103644585400979,0.0
mtd_ai,200,0.005059166858023355,0.32608695652173914,2037.5582549455444,0.05,150,5,0.16644444444444442,0.682602379484384,2.3552945098733504,0.0
mtd_ai,200,0.005059166858023355,0.32608695652173914,4371.413053952521,0.1,150,5,0.16644444444444442,0.682602379484384,2.3552945098733504,0.0
mtd_ai,200,0.005059166858023355,0.4090909090909091,4936.330009113428,0.15,150,5,0.16644444444444442,0.682602379484384,2.3552945098733504,0.0
mtd_ai,200,0.005059166858023355,0.4411764705882353,5814.277281453067,0.2,150,5,0.16644444444444442,0.682602379484384,2.3552945098733504,0.0
mtd_ai,200,0.005059166858023355,0.42613636363636365,6662.248347620016,0.25,150,5,0.16644444444444442,0.682602379484384,2.3552945098733504,0.0
mtd_ai,200,0.005046371240133563,0.32608695652173914,2176.8631979849233,0.05,150,5,0.1382142857142857,2.049379035879191,0.8699212440166836,0.0
mtd_ai,200,0.005046371240133563,0.39473684210526316,3106.54441301945,0.1,150,5,0.1382142857142857,2.049379035879191,0.8699212440166836,0.0
mtd_ai,200,0.005046371240133563,0.4411764705882353,4094.2576947728835,0.15,150,5,0.1382142857142857,2.049379035879191,0.8699212440166836,0.0
mtd_ai,200,0.005046371240133563,0.46875,4589.6945352715575,0.2,150,5,0.1382142857142857,2.049379035879191,0.8699212440166836,0.0
mtd_ai,200,0.005046371240133563,0.5,5348.475412478687,0.25,150,5,0.1382142857142857,2.049379035879191,0.8699212440166836,0.0
mtd_ai,200,0.005043243187642879,0.39473684210526316,1685.4467874159473,0.05,150,5,0.152,0.974181137737995,4.117349287358517,0.0
mtd_ai,200,0.005043243187642879,0.39473684210526316,3378.6729119505517,0.1,150,5,0.152,0.974181137737995,4.117349287358517,0.0
mtd_ai,200,0.005043243187642879,0.42452830188679247,4503.436900823398,0.15,150,5,0.152,0.974181137737995,4.117349287358517,0.0
mtd_ai,200,0.005043243187642879,0.45454545454545453,5151.465617203694,0.2,150,5,0.152,0.974181137737995,4.117349287358517,0.0
mtd_ai,200,0.005043243187642879,0.4934210526315789,5557.329011991227,0.25,150,5,0.152,0.974181137737995,4.117349287358517,0.0
mtd_ai,200,0.005043601533190671,0.3,3114.479013556177,0.05,150,5,0.1511111111111111,0.8141147508805194,2.6729677842746438,0.0
mtd_ai,200,0.005043601533190671,0.32608695652173914,4313.905369782071,0.1,150,5,0.1511111111111111,0.8141147508805194,2.6729677842746438,0.0
mtd_ai,200,0.005043601533190671,0.3,5865.53453839471,0.15,150,5,0.1511111111111111,0.8141147508805194,2.6729677842746438,0.0
mtd_ai,200,0.005043601533190671,0.3448275862068966,6360.385568081694,0.2,150,5,0.1511111111111111,0.8141147508805194,2.6729677842746438,0.0
mtd_ai,200,0.005043601533190671,0.3865979381443299,6821.08099988668,0.25,150,5,0.1511111111111111,0.8141147508805194,2.6729677842746438,0.0
mtd_ai,200,0.005035626931774439,0.3125,2780.980708682121,0.05,150,5,0.12666666666666668,0.32497260172319586,0.519574613991225,0.0
mtd_ai,200,0.005035626931774439,0.36585365853658536,4306.6769844523615,0.1,150,5,0.12666666666666668,0.32497260172319586,0.519574613991225,0.0
mtd_ai,200,0.005035626931774439,0.4326923076923077,4930.639930670439,0.15,150,5,0.12666666666666668,0.32497260172319586,0.519574613991225,0.0
mtd_ai,200,0.005035626931774439,0.46875,5688.193884102955,0.2,150,5,0.12666666666666668,0.32497260172319586,0.519574613991225,0.0
mtd_ai,200,0.005035626931774439,0.46296296296296297,6506.725911442201,0.25,150,5,0.12666666666666668,0.32497260172319586,0.519574613991225,0.0
mtd_ai,200,0.005074276717643533,0.4166666666666667,1722.1850787330136,0.05,150,5,0.13377777777777777,0.31933805930580467,1.3387307758705147,0.0
mtd_ai,200,0.005074276717643533,0.45454545454545453,2937.2126474169695,0.1,150,5,0.13377777777777777,0.31933805930580467,1.3387307758705147,0.0
mtd_ai,200,0.005074276717643533,0.4787234042553192,3960.797078905314,0.15,150,5,0.13377777777777777,0.31933805930580467,1.3387307758705147,0.0
mtd_ai,200,0.005074276717643533,0.4838709677419355,4919.56278897572,0.2,150,5,0.13377777777777777,0.31933805930580467,1.3387307758705147,0.0
mtd_ai,200,0.005074276717643533,0.5,5834.378760874215,0.25,150,5,0.13377777777777777,0.31933805930580467,1.3387307758705147,0.0
mtd_ai,200,0.005034098238656539,0.20270270270270271,4608.948507685418,0.05,150,5,0.18166666666666667,0.7844218699256358,0.7197293790612309,0.0
mtd_ai,200,0.005034098238656539,0.30612244897959184,5353.147333842326,0.1,150,5,0.18166666666666667,0.7844218699256358,0.7197293790612309,0.0
mtd_ai,200,0.005034098238656539,0.35714285714285715,6345.987159807182,0.15,150,5,0.18166666666666667,0.7844218699256358,0.7197293790612309,0.0
mtd_ai,200,0.005034098238656539,0.410958904109589,6684.896038546149,0.2,150,5,0.18166666666666667,0.7844218699256358,0.7197293790612309,0.0
mtd_ai,200,0.005034098238656539,0.4573170731707317,7097.749640959595,0.25,150,5,0.18166666666666667,0.7844218699256358,0.7197293790612309,0.0
mtd_ai,200,0.0050419104528299005,0.32608695652173914,2223.6249506818963,0.05,150,5,0.13333333333333333,1.1146589733280028,4.125561956306886,0.0
mtd_ai,200,0.0050419104528299005,0.36585365853658536,4066.368359300137,0.1,150,5,0.13333333333333333,1.1146589733280028,4.125561956306886,0.0
mtd_ai,200,0.0050419104528299005,0.4017857142857143,5209.171049740065,0.15,150,5,0.13333333333333333,1.1146589733280028,4.125561956306886,0.0
mtd_ai,200,0.0050419104528299005,0.42857142857142855,6220.475170650275,0.2,150,5,0.13333333333333333,1.1146589733280028,4.125561956306886,0.0
mtd_ai,200,0.0050419104528299005,0.46875,6761.417559101017,0.25,150,5,0.13333333333333333,1.1146589733280028,4.125561956306886,0.0
mtd_ai,200,0.005037260736155565,0.26785714285714285,3195.1546364536775,0.05,150,5,0.09444444444444444,1.0143172956912272,3.9108716405571196,0.0
mtd_ai,200,0.005037260736155565,0.38461538461538464,3857.4555540162637,0.1,150,5,0.09444444444444444,1.0143172956912272,3.9108716405571196,0.0
mtd_ai,200,0.005037260736155565,0.4166666666666667,4817.01168560055,0.15,150,5,0.09444444444444444,1.0143172956912272,3.9108716405571196,0.0
mtd_ai,200,0.005037260736155565,0.43478260869565216,5788.353525567644,0.2,150,5,0.09444444444444444,1.0143172956912272,3.9108716405571196,0.0
mtd_ai,200,0.005037260736155565,0.47468354430379744,6460.637813063832,0.25,150,5,0.09444444444444444,1.0143172956912272,3.9108716405571196,0.0
mtd_ai,200,0.00508466364555945,0.2777777777777778,3215.646371589658,0.05,150,5,0.16066666666666665,0.6158800149401982,1.577701913247383,0.0
mtd_ai,200,0.00508466364555945,0.39473684210526316,3617.9535761002903,0.1,150,5,0.16066666666666665,0.6158800149401982,1.577701913247383,0.0
mtd_ai,200,0.00508466364555945,0.4891304347826087,3954.3979708802767,0.15,150,5,0.16066666666666665,0.6158800149401982,1.577701913247383,0.0
mtd_ai,200,0.00508466364555945,0.5357142857142857,4487.291055942902,0.2,150,5,0.16066666666666665,0.6158800149401982,1.577701913247383,0.0
mtd_ai,200,0.00508466364555945,0.5681818181818182,5056.884290096207,0.25,150,5,0.16066666666666665,0.6158800149401982,1.577701913247383,0.0
mtd_ai,200,0.005057110517564705,0.25,4009.0335448495466,0.05,150,5,0.10666666666666667,0.4640758940331925,1.8189306588129013,0.0
mtd_ai,200,0.005057110517564705,0.3,5467.44465704604,0.1,150,5,0.10666666666666667,0.4640758940331925,1.8189306588129013,0.0
mtd_ai,200,0.005057110517564705,0.34615384615384615,6607.499992861949,0.15,150,5,0.10666666666666667,0.4640758940331925,1.8189306588129013,0.0
mtd_ai,200,0.005057110517564705,0.4,7181.471642610613,0.2,150,5,0.10666666666666667,0.4640758940331925,1.8189306588129013,0.0
mtd_ai,200,0.005057110517564705,0.436046511627907,7727.14565386767,0.25,150,5,0.10666666666666667,0.4640758940331925,1.8189306588129013,0.0
mtd_ai,200,0.005079686720581514,0.3,2518.9731558526523,0.05,150,5,0.14333333333333334,2.9312238117434846,4.8890347401102785,0.0
mtd_ai,200,0.005079686720581514,0.35714285714285715,3737.046182566353,0.1,150,5,0.14333333333333334,2.9312238117434846,4.8890347401102785,0.0
mtd_ai,200,0.005079686720581514,0.42452830188679247,4394.194976729092,0.15,150,5,0.14333333333333334,2.9312238117434846,4.8890347401102785,0.0
mtd_ai,200,0.005079686720581514,0.47619047619047616,4924.796091504697,0.2,150,5,0.14333333333333334,2.9312238117434846,4.8890347401102785,0.0
mtd_ai,200,0.005079686720581514,0.5,5680.290268310222,0.25,150,5,0.14333333333333334,2.9312238117434846,4.8890347401102785,0.0
mtd_ai,200,0.00506792934456317,0.28846153846153844,2732.5921463209734,0.05,150,5,0.12444444444444443,3.723945663055699,6.341452014044509,0.0
mtd_ai,200,0.00506792934456317,0.3488372093023256,3957.1636230913773,0.1,150,5,0.12444444444444443,3.723945663055699,6.341452014044509,0.0
mtd_ai,200,0.00506792934456317,0.42452830188679247,4482.161064972252,0.15,150,5,0.12444444444444443,3.723945663055699,6.341452014044509,0.0
mtd_ai,200,0.00506792934456317,0.410958904109589,5434.997456213489,0.2,150,5,0.12444444444444443,3.723945663055699,6.341452014044509,0.0
mtd_ai,200,0.00506792934456317,0.4411764705882353,6100.816322421472,0.25,150,5,0.12444444444444443,3.723945663055699,6.341452014044509,0.0
mtd_ai,200,0.005076586140233521,0.375,1934.1941981187533,0.05,150,5,0.13111111111111112,0.3618998077037372,1.4790779418580695,0.0
mtd_ai,200,0.005076586140233521,0.42857142857142855,3086.5995476051467,0.1,150,5,0.13111111111111112,0.3618998077037372,1.4790779418580695,0.0
mtd_ai,200,0.005076586140233521,0.4891304347826087,3929.699815219462,0.15,150,5,0.13111111111111112,0.3618998077037372,1.4790779418580695,0.0
mtd_ai,200,0.005076586140233521,0.4918032786885246,5297.535922859343,0.2,150,5,0.13111111111111112,0.3618998077037372,1.4790779418580695,0.0
mtd_ai,200,0.005076586140233521,0.5208333333333334,5876.691078544057,0.25,150,5,0.13111111111111112,0.3618998077037372,1.4790779418580695,0.0
mtd_ai,200,0.005043902320046063,0.3,3179.570600560246,0.05,150,5,0.11111111111111109,1.4535876837203177,5.188503987581063,0.0
mtd_ai,200,0.005043902320046063,0.38461538461538464,4544.060122721865,0.1,150,5,0.11111111111111109,1.4535876837203177,5.188503987581063,0.0
mtd_ai,200,0.005043902320046063,0.46875,5078.627099461095,0.15,150,5,0.11111111111111109,1.4535876837203177,5.188503987581063,0.0
mtd_ai,200,0.005043902320046063,0.5,5802.409789752119,0.2,150,5,0.11111111111111109,1.4535876837203177,5.188503987581063,0.0
mtd_ai,200,0.005043902320046063,0.5434782608695652,6145.452863462309,0.25,150,5,0.11111111111111109,1.4535876837203177,5.188503987581063,0.0
mtd_ai,200,0.00507367576508144,0.3125,2366.7050746241503,0.05,150,5,0.1,0.8405570238878051,2.1066296124266146,0.0
mtd_ai,200,0.00507367576508144,0.39473684210526316,3333.97549267483,0.1,150,5,0.1,0.8405570238878051,2.1066296124266146,0.0
mtd_ai,200,0.00507367576508144,0.45,4185.012560490066,0.15,150,5,0.1,0.8405570238878051,2.1066296124266146,0.0
mtd_ai,200,0.00507367576508144,0.46153846153846156,5637.596309959701,0.2,150,5,0.1,0.8405570238878051,2.1066296124266146,0.0
mtd_ai,200,0.00507367576508144,0.487012987012987,6097.597917152615,0.25,150,5,0.1,0.8405570238878051,2.1066296124266146,0.0
mtd_ai,200,0.005031869367300162,0.28846153846153844,3023.732650780086,0.05,150,5,0.13811111111111113,4.887953599100492,4.997478406968687,0.0
mtd_ai,200,0.005031869367300162,0.35714285714285715,4063.2618146559967,0.1,150,5,0.13811111111111113,4.887953599100492,4.997478406968687,0.0
mtd_ai,200,0.005031869367300162,0.39473684210526316,5189.954877495289,0.15,150,5,0.13811111111111113,4.887953599100492,4.997478406968687,0.0
mtd_ai,200,0.005031869367300162,0.4166666666666667,5762.18356667184,0.2,150,5,0.13811111111111113,4.887953599100492,4.997478406968687,0.0
mtd_ai,200,0.005031869367300162,0.4166666666666667,6684.0448733019175,0.25,150,5,0.13811111111111113,4.887953599100492,4.997478406968687,0.0
mtd_ai,200,0.005041574585309434,0.4166666666666667,1410.2145822008542,0.05,150,5,0.10666666666666667,2.1438290152340898,4.155326264441249,0.0
mtd_ai,200,0.005041574585309434,0.3333333333333333,3995.2240125499525,0.1,150,5,0.10666666666666667,2.1438290152340898,4.155326264441249,0.0
mtd_ai,200,0.005041574585309434,0.4017857142857143,4850.035710065031,0.15,150,5,0.10666666666666667,2.1438290152340898,4.155326264441249,0.0
mtd_ai,200,0.005041574585309434,0.45454545454545453,5479.233374879221,0.2,150,5,0.10666666666666667,2.1438290152340898,4.155326264441249,0.0
mtd_ai,200,0.005041574585309434,0.4573170731707317,6310.453581183063,0.25,150,5,0.10666666666666667,2.1438290152340898,4.155326264441249,0.0
mtd_ai,200,0.0050444874561630946,0.4166666666666667,1652.5270057199648,0.05,150,5,0.154,0.4752692358553293,2.084952400639201,0.0
mtd_ai,200,0.0050444874561630946,0.45454545454545453,2622.7179522079878,0.1,150,5,0.154,0.4752692358553293,2.084952400639201,0.0
mtd_ai,200,0.0050444874561630946,0.4891304347826087,3684.986139280227,0.15,150,5,0.154,0.4752692358553293,2.084952400639201,0.0
mtd_ai,200,0.0050444874561630946,0.44776119402985076,5596.856407376829,0.2,150,5,0.154,0.4752692358553293,2.084952400639201,0.0
mtd_ai,200,0.0050444874561630946,0.4934210526315789,6108.216251166736,0.25,150,5,0.154,0.4752692358553293,2.084952400639201,0.0
mtd_ai,200,0.005037391024895469,0.2777777777777778,3158.7434705306514,0.05,150,5,0.11333333333333333,0.13065626278848985,0.3203171291178936,0.0
mtd_ai,200,0.005037391024895469,0.3488372093023256,4258.297210971306,0.1,150,5,0.11333333333333333,0.13065626278848985,0.3203171291178936,0.0
mtd_ai,200,0.005037391024895469,0.4090909090909091,4991.047481535761,0.15,150,5,0.11333333333333333,0.13065626278848985,0.3203171291178936,0.0
mtd_ai,200,0.005037391024895469,0.46875,5507.5435509312065,0.2,150,5,0.11333333333333333,0.13065626278848985,0.3203171291178936,0.0
mtd_ai,200,0.005037391024895469,0.5136986301369864,5834.186977753844,0.25,150,5,0.11333333333333333,0.13065626278848985,0.3203171291178936,0.0
mtd_ai,200,0.005045481058095022,0.26785714285714285,2901.7343298266196,0.05,150,5,0.3,15.938064933643656,6.867120117673159,0.0
mtd_ai,200,0.005045481058095022,0.39473684210526316,3511.0292245316105,0.1,150,5,0.3,15.938064933643656,6.867120117673159,0.0
mtd_ai,200,0.005045481058095022,0.4411764705882353,4237.051341468026,0.15,150,5,0.3,15.938064933643656,6.867120117673159,0.0
mtd_ai,200,0.005045481058095022,0.46875,4764.051074434997,0.2,150,5,0.3,15.938064933643656,6.867120117673159,0.0
mtd_ai,200,0.005045481058095022,0.4573170731707317,5953.441900347059,0.25,150,5,0.3,15.938064933643656,6.867120117673159,0.0
mtd_ai,200,0.005036597878254397,0.26785714285714285,2780.2034198991305,0.05,150,5,0.08388888888888889,4.048674767024666,6.078103357736465,0.0
mtd_ai,200,0.005036597878254397,0.35714285714285715,3866.012529989182,0.1,150,5,0.08388888888888889,4.048674767024666,6.078103357736465,0.0
mtd_ai,200,0.005036597878254397,0.4090909090909091,5064.657415622782,0.15,150,5,0.08388888888888889,4.048674767024666,6.078103357736465,0.0
mtd_ai,200,0.005036597878254397,0.42857142857142855,5807.590566897006,0.2,150,5,0.08388888888888889,4.048674767024666,6.078103357736465,0.0
mtd_ai,200,0.005036597878254397,0.4807692307692308,6094.60806312879,0.25,150,5,0.08388888888888889,4.048674767024666,6.078103357736465,0.0
mtd_ai,200,0.005052652345109343,0.25862068965517243,3716.0535290352373,0.05,150,5,0.18444444444444444,0.24736443137008218,0.733140032986676,0.0
mtd_ai,200,0.005052652345109343,0.375,4281.58334555611,0.1,150,5,0.18444444444444444,0.24736443137008218,0.733140032986676,0.0
mtd_ai,200,0.005052652345109343,0.3813559322033898,5575.588036878535,0.15,150,5,0.18444444444444444,0.24736443137008218,0.733140032986676,0.0
mtd_ai,200,0.005052652345109343,0.4166666666666667,6462.190317972396,0.2,150,5,0.18444444444444444,0.24736443137008218,0.733140032986676,0.0
mtd_ai,200,0.005052652345109343,0.4573170731707317,7052.117776001499,0.25,150,5,0.18444444444444444,0.24736443137008218,0.733140032986676,0.0
mtd_ai,200,0.005046170595095108,0.32608695652173914,1915.5702611898544,0.05,150,5,0.10111111111111111,0.17109307828469444,0.6817966423433005,0.0
mtd_ai,200,0.005046170595095108,0.39473684210526316,3071.970463338108,0.1,150,5,0.10111111111111111,0.17109307828469444,0.6817966423433005,0.0
mtd_ai,200,0.005046170595095108,0.4326923076923077,4175.878281425738,0.15,150,5,0.10111111111111111,0.17109307828469444,0.6817966423433005,0.0
mtd_ai,200,0.005046170595095108,0.46875,4866.345293501772,0.2,150,5,0.10111111111111111,0.17109307828469444,0.6817966423433005,0.0
mtd_ai,200,0.005046170595095108,0.5067567567567568,5649.635748826039,0.25,150,5,0.10111111111111111,0.17109307828469444,0.6817966423433005,0.0
mtd_ai,200,0.005060518972233692,0.3,2575.2533434713278,0.05,150,5,0.1188888888888889,1.631771792588284,2.6433252273206156,0.0
mtd_ai,200,0.005060518972233692,0.2777777777777778,5031.138081419817,0.1,150,5,0.1188888888888889,1.631771792588284,2.6433252273206156,0.0
mtd_ai,200,0.005060518972233692,0.31690140845070425,5872.619805095589,0.15,150,5,0.1188888888888889,1.631771792588284,2.6433252273206156,0.0
mtd_ai,200,0.005060518972233692,0.3614457831325301,6442.489215015571,0.2,150,5,0.1188888888888889,1.631771792588284,2.6433252273206156,0.0
mtd_ai,200,0.005060518972233692,0.4032258064516129,6814.440992665041,0.25,150,5,0.1188888888888889,1.631771792588284,2.6433252273206156,0.0
mtd_ai,200,0.005040930459158431,0.3409090909090909,2198.462038975981,0.05,150,5,0.1311111111111111,0.8391981911927215,1.8992999507087076,0.0
mtd_ai,200,0.005040930459158431,0.38461538461538464,3515.926427791125,0.1,150,5,0.1311111111111111,0.8391981911927215,1.8992999507087076,0.0
mtd_ai,200,0.005040930459158431,0.4090909090909091,4577.441484392309,0.15,150,5,0.1311111111111111,0.8391981911927215,1.8992999507087076,0.0
mtd_ai,200,0.005040930459158431,0.43478260869565216,5269.229547803552,0.2,150,5,0.1311111111111111,0.8391981911927215,1.8992999507087076,0.0
mtd_ai,200,0.005040930459158431,0.4573170731707317,5870.234895712194,0.25,150,5,0.1311111111111111,0.8391981911927215,1.8992999507087076,0.0
mtd_ai,200,0.005035166418615202,0.24193548387096775,2273.280881312441,0.05,150,5,0.15031746031746035,0.38923696070878544,1.5960877960698217,0.0
mtd_ai,200,0.005035166418615202,0.23076923076923078,4263.573796022077,0.1,150,5,0.15031746031746035,0.38923696070878544,1.5960877960698217,0.0
mtd_ai,200,0.005035166418615202,0.2922077922077922,5136.047629616721,0.15,150,5,0.15031746031746035,0.38923696070878544,1.5960877960698217,0.0
mtd_ai,200,0.005035166418615202,0.33707865168539325,5999.411617620593,0.2,150,5,0.15031746031746035,0.38923696070878544,1.5960877960698217,0.0
mtd_ai,200,0.005035166418615202,0.35046728971962615,7700.360713914181,0.25,150,5,0.15031746031746035,0.38923696070878544,1.5960877960698217,0.0
mtd_ai,200,0.0050397738609151395,0.3,2498.6853700016027,0.05,150,5,0.36363636363636365,0.830859802036318,3.4905070464304107,-4.212121212121212
mtd_ai,200,0.0050397738609151395,0.375,3525.6451930956655,0.1,150,5,0.36363636363636365,0.830859802036318,3.4905070464304107,-4.212121212121212
mtd_ai,200,0.0050397738609151395,0.4017857142857143,4510.0836909219415,0.15,150,5,0.36363636363636365,0.830859802036318,3.4905070464304107,-4.212121212121212
mtd_ai,200,0.0050397738609151395,0.410958904109589,5575.294357795117,0.2,150,5,0.36363636363636365,0.830859802036318,3.4905070464304107,-4.212121212121212
mtd_ai,200,0.0050397738609151395,0.43103448275862066,6160.971203239551,0.25,150,5,0.36363636363636365,0.830859802036318,3.4905070464304107,-4.212121212121212
mtd_ai,200,0.005059574649868899,0.32608695652173914,2405.3160165639442,0.05,150,5,0.14703703703703705,0.06583720930736234,0.14684014974996307,0.0
mtd_ai,200,0.005059574649868899,0.38461538461538464,3806.0724312741067,0.1,150,5,0.14703703703703705,0.06583720930736234,0.14684014974996307,0.0
mtd_ai,200,0.005059574649868899,0.4090909090909091,5017.559082327885,0.15,150,5,0.14703703703703705,0.06583720930736234,0.14684014974996307,0.0
mtd_ai,200,0.005059574649868899,0.45454545454545453,5643.802157625063,0.2,150,5,0.14703703703703705,0.06583720930736234,0.14684014974996307,0.0
mtd_ai,200,0.005059574649868899,0.47468354430379744,6180.026525177524,0.25,150,5,0.14703703703703705,0.06583720930736234,0.14684014974996307,0.0
mtd_ai,200,0.005066195372960632,0.26785714285714285,2872.88323478673,0.05,150,5,0.2619047619047619,0.5755498486341241,2.160277080669838,0.0
mtd_ai,200,0.005066195372960632,0.30612244897959184,4660.144618351402,0.1,150,5,0.2619047619047619,0.5755498486341241,2.160277080669838,0.0
mtd_ai,200,0.005066195372960632,0.3813559322033898,5264.928222441664,0.15,150,5,0.2619047619047619,0.5755498486341241,2.160277080669838,0.0
mtd_ai,200,0.005066195372960632,0.40540540540540543,5943.16826335957,0.2,150,5,0.2619047619047619,0.5755498486341241,2.160277080669838,0.0
mtd_ai,200,0.005066195372960632,0.45180722891566266,6532.8738192001765,0.25,150,5,0.2619047619047619,0.5755498486341241,2.160277080669838,0.0
mtd_ai,200,0.0050570006649505875,0.3125,2654.1195970063204,0.05,150,5,0.2857142857142857,0.05921429366612158,0.12349837869123916,0.0
mtd_ai,200,0.0050570006649505875,0.38461538461538464,3720.768736274374,0.1,150,5,0.2857142857142857,0.05921429366612158,0.12349837869123916,0.0
mtd_ai,200,0.0050570006649505875,0.46875,4066.5231909036333,0.15,150,5,0.2857142857142857,0.05921429366612158,0.12349837869123916,0.0
mtd_ai,200,0.0050570006649505875,0.37037037037037035,5524.267922058305,0.2,150,5,0.2857142857142857,0.05921429366612158,0.12349837869123916,0.0
mtd_ai,200,0.0050570006649505875,0.36764705882352944,7088.058271089379,0.25,150,5,0.2857142857142857,0.05921429366612158,0.12349837869123916,0.0
mtd_ai,200,0.005060284443957013,0.3125,1765.313147945547,0.05,150,5,0.36363636363636365,0.11868010064431825,0.23273353905331332,0.0
mtd_ai,200,0.005060284443957013,0.30612244897959184,3308.6521858449323,0.1,150,5,0.36363636363636365,0.11868010064431825,0.23273353905331332,0.0
mtd_ai,200,0.005060284443957013,0.3629032258064516,3969.063592890595,0.15,150,5,0.36363636363636365,0.11868010064431825,0.23273353905331332,0.0
mtd_ai,200,0.005060284443957013,0.379746835443038,4787.833656592876,0.2,150,5,0.36363636363636365,0.11868010064431825,0.23273353905331332,0.0
mtd_ai,200,0.005060284443957013,0.3865979381443299,6233.631123383693,0.25,150,5,0.36363636363636365,0.11868010064431825,0.23273353905331332,0.0
mtd_ai,200,0.00505186390109642,0.4411764705882353,1661.5248136891123,0.05,150,5,0.14,0.3958459639997162,1.6854499927906006,0.0
mtd_ai,200,0.00505186390109642,0.4838709677419355,2441.1270819317742,0.1,150,5,0.14,0.3958459639997162,1.6854499927906006,0.0
mtd_ai,200,0.00505186390109642,0.5,3260.0647591871384,0.15,150,5,0.14,0.3958459639997162,1.6854499927906006,0.0
mtd_ai,200,0.00505186390109642,0.4918032786885246,4363.006275101507,0.2,150,5,0.14,0.3958459639997162,1.6854499927906006,0.0
mtd_ai,200,0.00505186390109642,0.5,5337.518356287275,0.25,150,5,0.14,0.3958459639997162,1.6854499927906006,0.0
mtd_ai,200,0.0050389747882813515,0.32608695652173914,1997.0569879226528,0.05,150,5,0.1188888888888889,1.7080533431815108,4.642426289700981,0.0
mtd_ai,200,0.0050389747882813515,0.3191489361702128,4101.26682209243,0.1,150,5,0.1188888888888889,1.7080533431815108,4.642426289700981,0.0
mtd_ai,200,0.0050389747882813515,0.3813559322033898,4972.757558024521,0.15,150,5,0.1188888888888889,1.7080533431815108,4.642426289700981,0.0
mtd_ai,200,0.0050389747882813515,0.410958904109589,5968.36531462766,0.2,150,5,0.1188888888888889,1.7080533431815108,4.642426289700981,0.0
mtd_ai,200,0.0050389747882813515,0.43103448275862066,6423.5529578899295,0.25,150,5,0.1188888888888889,1.7080533431815108,4.642426289700981,0.0
mtd_ai,200,0.005097791803202825,0.3,2133.125489387749,0.05,150,5,0.13333333333333333,1.4064847917973062,3.397801971082767,0.0
mtd_ai,200,0.005097791803202825,0.38461538461538464,3209.2427829270227,0.1,150,5,0.13333333333333333,1.4064847917973062,3.397801971082767,0.0
mtd_ai,200,0.005097791803202825,0.46875,3562.82808698576,0.15,150,5,0.13333333333333333,1.4064847917973062,3.397801971082767,0.0
mtd_ai,200,0.005097791803202825,0.5084745762711864,4078.1707598569783,0.2,150,5,0.13333333333333333,1.4064847917973062,3.397801971082767,0.0
mtd_ai,200,0.005097791803202825,0.5357142857142857,4694.363059563784,0.25,150,5,0.13333333333333333,1.4064847917973062,3.397801971082767,0.0
mtd_ai,200,0.005067068416698397,0.234375,3203.1403123051596,0.05,150,5,0.15384615384615385,1.099290681912516,3.8263176455427717,0.0
mtd_ai,200,0.005067068416698397,0.26785714285714285,4888.332315185255,0.1,150,5,0.15384615384615385,1.099290681912516,3.8263176455427717,0.0
mtd_ai,200,0.005067068416698397,0.3125,5489.306215603998,0.15,150,5,0.15384615384615385,1.099290681912516,3.8263176455427717,0.0
mtd_ai,200,0.005067068416698397,0.3448275862068966,6035.613802964226,0.2,150,5,0.15384615384615385,1.099290681912516,3.8263176455427717,0.0
mtd_ai,200,0.005067068416698397,0.390625,6357.544180697147,0.25,150,5,0.15384615384615385,1.099290681912516,3.8263176455427717,0.0
mtd_ai,200,0.005053597293567995,0.39473684210526316,1557.247575300319,0.05,150,5,0.1288888888888889,0.27474805547875314,0.9545171453267792,0.0
mtd_ai,200,0.005053597293567995,0.375,3182.826702418166,0.1,150,5,0.1288888888888889,0.27474805547875314,0.9545171453267792,0.0
mtd_ai,200,0.005053597293567995,0.45,3834.723803272673,0.15,150,5,0.1288888888888889,0.27474805547875314,0.9545171453267792,0.0
mtd_ai,200,0.005053597293567995,0.45454545454545453,4765.623264157832,0.2,150,5,0.1288888888888889,0.27474805547875314,0.9545171453267792,0.0
mtd_ai,200,0.005053597293567995,0.5,5175.267686127256,0.25,150,5,0.1288888888888889,0.27474805547875314,0.9545171453267792,0.0
mtd_ai,200,0.005061743552493534,0.3125,2552.589476436663,0.05,150,5,0.13444444444444442,0.036303446405080105,0.11941957092318052,0.0
mtd_ai,200,0.005061743552493534,0.3,4221.224210645601,0.1,150,5,0.13444444444444442,0.036303446405080105,0.11941957092318052,0.0
mtd_ai,200,0.005061743552493534,0.375,5147.251123415957,0.15,150,5,0.13444444444444442,0.036303446405080105,0.11941957092318052,0.0
mtd_ai,200,0.005061743552493534,0.4166666666666667,5619.698039251641,0.2,150,5,0.13444444444444442,0.036303446405080105,0.11941957092318052,0.0
mtd_ai,200,0.005061743552493534,0.42613636363636365,6628.717351082382,0.25,150,5,0.13444444444444442,0.036303446405080105,0.11941957092318052,0.0
mtd_ai,200,0.005078290048249275,0.39473684210526316,1693.6092266353787,0.05,150,5,0.1378333333333333,0.6435525843912601,1.7488266971162179,0.0
mtd_ai,200,0.005078290048249275,0.36585365853658536,3350.5054966512607,0.1,150,5,0.1378333333333333,0.6435525843912601,1.7488266971162179,0.0
mtd_ai,200,0.005078290048249275,0.3629032258064516,4535.584537224496,0.15,150,5,0.1378333333333333,0.6435525843912601,1.7488266971162179,0.0
mtd_ai,200,0.005078290048249275,0.4166666666666667,5087.496720151772,0.2,150,5,0.1378333333333333,0.6435525843912601,1.7488266971162179,0.0
mtd_ai,200,0.005078290048249275,0.4573170731707317,5698.211008970473,0.25,150,5,0.1378333333333333,0.6435525843912601,1.7488266971162179,0.0
mtd_ai,200,0.005048368374474386,0.375,1928.6843120994436,0.05,150,5,0.09,0.9781794433530447,3.364481344668365,0.0
mtd_ai,200,0.005048368374474386,0.40540540540540543,3400.6661465111906,0.1,150,5,0.09,0.9781794433530447,3.364481344668365,0.0
mtd_ai,200,0.005048368374474386,0.46875,3986.679296790066,0.15,150,5,0.09,0.9781794433530447,3.364481344668365,0.0
mtd_ai,200,0.005048368374474386,0.4918032786885246,4518.464770805684,0.2,150,5,0.09,0.9781794433530447,3.364481344668365,0.0
mtd_ai,200,0.005048368374474386,0.5067567567567568,5397.972718931229,0.25,150,5,0.09,0.9781794433530447,3.364481344668365,0.0
mtd_ai,200,0.005029212593550565,0.28846153846153844,2464.144928247384,0.05,150,5,0.12800000000000003,0.06921372239980488,0.12215953117426238,0.0
mtd_ai,200,0.005029212593550565,0.3488372093023256,4006.020167321424,0.1,150,5,0.12800000000000003,0.06921372239980488,0.12215953117426238,0.0
mtd_ai,200,0.005029212593550565,0.4166666666666667,4557.933826188066,0.15,150,5,0.12800000000000003,0.06921372239980488,0.12215953117426238,0.0
mtd_ai,200,0.005029212593550565,0.3409090909090909,7332.210448109711,0.2,150,5,0.12800000000000003,0.06921372239980488,0.12215953117426238,0.0
mtd_ai,200,0.005029212593550565,0.3865979381443299,7652.188332271818,0.25,150,5,0.12800000000000003,0.06921372239980488,0.12215953117426238,0.0
mtd_ai,200,0.005063908454280154,0.3,2055.180666019861,0.05,150,5,0.15333333333333332,1.2528382769923974,4.217555957450952,0.0
mtd_ai,200,0.005063908454280154,0.29411764705882354,4027.015456566574,0.1,150,5,0.15333333333333332,1.2528382769923974,4.217555957450952,0.0
mtd_ai,200,0.005063908454280154,0.34615384615384615,4876.767321485102,0.15,150,5,0.15333333333333332,1.2528382769923974,4.217555957450952,0.0
mtd_ai,200,0.005063908454280154,0.38961038961038963,5680.352267850341,0.2,150,5,0.15333333333333332,1.2528382769923974,4.217555957450952,0.0
mtd_ai,200,0.005063908454280154,0.42134831460674155,6106.580777087384,0.25,150,5,0.15333333333333332,1.2528382769923974,4.217555957450952,0.0
mtd_ai,200,0.005051248420917873,0.39473684210526316,1725.5809753647425,0.05,150,5,0.15666666666666668,0.17455472074270087,0.5886101167611469,0.0
mtd_ai,200,0.005051248420917873,0.30612244897959184,3340.8440077368305,0.1,150,5,0.15666666666666668,0.17455472074270087,0.5886101167611469,0.0
mtd_ai,200,0.005051248420917873,0.3629032258064516,4434.204192432201,0.15,150,5,0.15666666666666668,0.17455472074270087,0.5886101167611469,0.0
mtd_ai,200,0.005051248420917873,0.4166666666666667,5090.128757619521,0.2,150,5,0.15666666666666668,0.17455472074270087,0.5886101167611469,0.0
mtd_ai,200,0.005051248420917873,0.4573170731707317,5679.7985936150835,0.25,150,5,0.15666666666666668,0.17455472074270087,0.5886101167611469,0.0
mtd_ai,200,0.005056365301565079,0.234375,3506.4308257466164,0.05,150,5,0.15295238095238092,0.7890618147480274,3.229876074207682,0.0
mtd_ai,200,0.005056365301565079,0.3191489361702128,5043.8285347100045,0.1,150,5,0.15295238095238092,0.7890618147480274,3.229876074207682,0.0
mtd_ai,200,0.005056365301565079,0.3515625,6324.896849061557,0.15,150,5,0.15295238095238092,0.7890618147480274,3.229876074207682,0.0
mtd_ai,200,0.005056365301565079,0.39473684210526316,6860.673963680734,0.2,150,5,0.15295238095238092,0.7890618147480274,3.229876074207682,0.0
mtd_ai,200,0.005056365301565079,0.43103448275862066,7569.462632526154,0.25,150,5,0.15295238095238092,0.7890618147480274,3.229876074207682,0.0
mtd_ai,200,0.005046623655212148,0.3,2620.2712955236293,0.05,150,5,0.11555555555555555,0.4622830943719308,1.2568054703149882,6.428571428571429
mtd_ai,200,0.005046623655212148,0.36585365853658536,3516.163670493079,0.1,150,5,0.11555555555555555,0.4622830943719308,1.2568054703149882,6.428571428571429
mtd_ai,200,0.005046623655212148,0.4411764705882353,3858.576989583683,0.15,150,5,0.11555555555555555,0.4622830943719308,1.2568054703149882,6.428571428571429
mtd_ai,200,0.005046623655212148,0.45454545454545453,4806.564573497199,0.2,150,5,0.11555555555555555,0.4622830943719308,1.2568054703149882,6.428571428571429
mtd_ai,200,0.005046623655212148,0.44642857142857145,5599.007525196041,0.25,150,5,0.11555555555555555,0.4622830943719308,1.2568054703149882,6.428571428571429
mtd_ai,200,0.005061587382555955,0.375,2013.1616316234026,0.05,150,5,0.17144444444444445,55.75351912297886,0.810102276055614,0.0
mtd_ai,200,0.005061587382555955,0.3125,3980.2255391145463,0.1,150,5,0.17144444444444445,55.75351912297886,0.810102276055614,0.0
mtd_ai,200,0.005061587382555955,0.3629032258064516,4849.283754259528,0.15,150,5,0.17144444444444445,55.75351912297886,0.810102276055614,0.0
mtd_ai,200,0.005061587382555955,0.379746835443038,6014.245577077066,0.2,150,5,0.17144444444444445,55.75351912297886,0.810102276055614,0.0
mtd_ai,200,0.005061587382555955,0.4166666666666667,6857.692840118111,0.25,150,5,0.17144444444444445,55.75351912297886,0.810102276055614,0.0
mtd_ai,200,0.005078794833833939,0.375,1592.253141609423,0.05,150,5,0.1311111111111111,1.1952259807077237,4.444597764114208,0.0
mtd_ai,200,0.005078794833833939,0.36585365853658536,2723.2272260601794,0.1,150,5,0.1311111111111111,1.1952259807077237,4.444597764114208,0.0
mtd_ai,200,0.005078794833833939,0.4166666666666667,3513.1938795155734,0.15,150,5,0.1311111111111111,1.1952259807077237,4.444597764114208,0.0
mtd_ai,200,0.005078794833833939,0.44776119402985076,4229.981859506791,0.2,150,5,0.1311111111111111,1.1952259807077237,4.444597764114208,0.0
mtd_ai,200,0.005078794833833939,0.46875,5035.231113832521,0.25,150,5,0.1311111111111111,1.1952259807077237,4.444597764114208,0.0
mtd_ai,200,0.005069233507285104,0.25862068965517243,2209.9987056968425,0.05,150,5,0.16433333333333333,0.39986407507927757,1.0738926060301877,0.0
mtd_ai,200,0.005069233507285104,0.32608695652173914,3588.881524629209,0.1,150,5,0.16433333333333333,0.39986407507927757,1.0738926060301877,0.0
mtd_ai,200,0.005069233507285104,0.3879310344827586,4238.3446006455815,0.15,150,5,0.16433333333333333,0.39986407507927757,1.0738926060301877,0.0
mtd_ai,200,0.005069233507285104,0.379746835443038,5300.804825800916,0.2,150,5,0.16433333333333333,0.39986407507927757,1.0738926060301877,0.0
mtd_ai,200,0.005069233507285104,0.42134831460674155,5897.526829114754,0.25,150,5,0.16433333333333333,0.39986407507927757,1.0738926060301877,0.0
mtd_ai,200,0.0050636483503284325,0.32608695652173914,1774.5244915858539,0.05,150,5,0.09333333333333334,0.3371359061370987,1.4052163089961172,0.0
mtd_ai,200,0.0050636483503284325,0.4411764705882353,2371.908391603628,0.1,150,5,0.09333333333333334,0.3371359061370987,1.4052163089961172,0.0
mtd_ai,200,0.0050636483503284325,0.5,3062.482680607891,0.15,150,5,0.09333333333333334,0.3371359061370987,1.4052163089961172,0.0
mtd_ai,200,0.0050636483503284325,0.5,4313.1482602664655,0.2,150,5,0.09333333333333334,0.3371359061370987,1.4052163089961172,0.0
mtd_ai,200,0.0050636483503284325,0.5,4874.587749693586,0.25,150,5,0.09333333333333334,0.3371359061370987,1.4052163089961172,0.0
mtd_ai,200,0.0050366479612820895,0.26785714285714285,3236.794334369597,0.05,150,5,0.16222222222222224,0.5928822677639354,2.245472513094613,0.0
mtd_ai,200,0.0050366479612820895,0.3333333333333333,4288.288425830859,0.1,150,5,0.16222222222222224,0.5928822677639354,2.245472513094613,0.0
mtd_ai,200,0.0050366479612820895,0.3879310344827586,5518.616025832727,0.15,150,5,0.16222222222222224,0.5928822677639354,2.245472513094613,0.0
mtd_ai,200,0.0050366479612820895,0.43478260869565216,6186.674448844271,0.2,150,5,0.16222222222222224,0.5928822677639354,2.245472513094613,0.0
mtd_ai,200,0.0050366479612820895,0.47468354430379744,6572.873116465814,0.25,150,5,0.16222222222222224,0.5928822677639354,2.245472513094613,0.0
mtd_ai,200,0.005031772677773024,0.28846153846153844,2769.0913941390972,0.05,150,5,0.13,0.810351477688282,3.377668794399818,0.0
mtd_ai,200,0.005031772677773024,0.35714285714285715,4140.0574630561505,0.1,150,5,0.13,0.810351477688282,3.377668794399818,0.0
mtd_ai,200,0.005031772677773024,0.4017857142857143,5438.138748600407,0.15,150,5,0.13,0.810351477688282,3.377668794399818,0.0
mtd_ai,200,0.005031772677773024,0.4166666666666667,6550.960717154622,0.2,150,5,0.13,0.810351477688282,3.377668794399818,0.0
mtd_ai,200,0.005031772677773024,0.46296296296296297,6978.897268294697,0.25,150,5,0.13,0.810351477688282,3.377668794399818,0.0
mtd_ai,200,0.005069246128615484,0.28846153846153844,2283.5377112775195,0.05,150,5,0.0911111111111111,0.710797034465705,1.8546236293269585,0.0
mtd_ai,200,0.005069246128615484,0.39473684210526316,3115.4921424226623,0.1,150,5,0.0911111111111111,0.710797034465705,1.8546236293269585,0.0
mtd_ai,200,0.005069246128615484,0.4166666666666667,4451.108505956576,0.15,150,5,0.0911111111111111,0.710797034465705,1.8546236293269585,0.0
mtd_ai,200,0.005069246128615484,0.44776119402985076,5281.333584456217,0.2,150,5,0.0911111111111111,0.710797034465705,1.8546236293269585,0.0
mtd_ai,200,0.005069246128615484,0.46875,6516.215838890171,0.25,150,5,0.0911111111111111,0.710797034465705,1.8546236293269585,0.0
mtd_ai,200,0.0050707398724320835,0.28846153846153844,2751.0454002537895,0.05,150,5,0.14016666666666666,0.9083752022155561,0.342756675511765,0.0
mtd_ai,200,0.0050707398724320835,0.3409090909090909,4193.814067377679,0.1,150,5,0.14016666666666666,0.9083752022155561,0.342756675511765,0.0
mtd_ai,200,0.0050707398724320835,0.42452830188679247,4806.528540162562,0.15,150,5,0.14016666666666666,0.9083752022155561,0.342756675511765,0.0
mtd_ai,200,0.0050707398724320835,0.45454545454545453,5313.959882999561,0.2,150,5,0.14016666666666666,0.9083752022155561,0.342756675511765,0.0
mtd_ai,200,0.0050707398724320835,0.487012987012987,5768.24031262393,0.25,150,5,0.14016666666666666,0.9083752022155561,0.342756675511765,0.0
mtd_ai,200,0.0050469573280441105,0.35714285714285715,1513.1250548385283,0.05,150,5,0.15666666666666668,0.5762274695040892,2.4068640694944707,0.0
mtd_ai,200,0.0050469573280441105,0.375,2921.76028711008,0.1,150,5,0.15666666666666668,0.5762274695040892,2.4068640694944707,0.0
mtd_ai,200,0.0050469573280441105,0.4411764705882353,3734.8048750180897,0.15,150,5,0.15666666666666668,0.5762274695040892,2.4068640694944707,0.0
mtd_ai,200,0.0050469573280441105,0.46875,4696.617911805035,0.2,150,5,0.15666666666666668,0.5762274695040892,2.4068640694944707,0.0
mtd_ai,200,0.0050469573280441105,0.436046511627907,5880.334623448597,0.25,150,5,0.15666666666666668,0.5762274695040892,2.4068640694944707,0.0
mtd_ai,200,0.0050406956535961065,0.2777777777777778,2336.634602344905,0.05,150,5,0.08695652173913043,0.3262915406354577,0.8762929964397704,-4.379310344827586
mtd_ai,200,0.0050406956535961065,0.32608695652173914,3872.6658909935572,0.1,150,5,0.08695652173913043,0.3262915406354577,0.8762929964397704,-4.379310344827586
mtd_ai,200,0.0050406956535961065,0.3879310344827586,4789.031042362303,0.15,150,5,0.08695652173913043,0.3262915406354577,0.8762929964397704,-4.379310344827586
mtd_ai,200,0.0050406956535961065,0.4411764705882353,5277.277608093509,0.2,150,5,0.08695652173913043,0.3262915406354577,0.8762929964397704,-4.379310344827586
mtd_ai,200,0.0050406956535961065,0.46875,5866.590645762997,0.25,150,5,0.08695652173913043,0.3262915406354577,0.8762929964397704,-4.379310344827586
mtd_ai,200,0.005052208837596392,0.28846153846153844,3086.234624079717,0.05,150,5,0.14311111111111113,0.7116281113400476,1.8207238476687095,0.0
mtd_ai,200,0.005052208837596392,0.35714285714285715,4516.716084413512,0.1,150,5,0.14311111111111113,0.7116281113400476,1.8207238476687095,0.0
mtd_ai,200,0.005052208837596392,0.4326923076923077,4919.330786548238,0.15,150,5,0.14311111111111113,0.7116281113400476,1.8207238476687095,0.0
mtd_ai,200,0.005052208837596392,0.46875,5311.061887936237,0.2,150,5,0.14311111111111113,0.7116281113400476,1.8207238476687095,0.0
mtd_ai,200,0.005052208837596392,0.4934210526315789,5760.850382461434,0.25,150,5,0.14311111111111113,0.7116281113400476,1.8207238476687095,0.0
mtd_ai,200,0.005069852876919712,0.4411764705882353,1399.0558723528588,0.05,150,5,0.11766666666666666,0.39810048323895775,1.3814041835860726,0.0
mtd_ai,200,0.005069852876919712,0.45454545454545453,2505.0683973207542,0.1,150,5,0.11766666666666666,0.39810048323895775,1.3814041835860726,0.0
mtd_ai,200,0.005069852876919712,0.46875,4029.5495783171564,0.15,150,5,0.11766666666666666,0.39810048323895775,1.3814041835860726,0.0
mtd_ai,200,0.005069852876919712,0.4918032786885246,4753.894702276069,0.2,150,5,0.11766666666666666,0.39810048323895775,1.3814041835860726,0.0
mtd_ai,200,0.005069852876919712,0.5,5858.327720407529,0.25,150,5,0.11766666666666666,0.39810048323895775,1.3814041835860726,0.0
mtd_ai,200,0.00506811031957444,0.25862068965517243,3601.8698962634235,0.05,150,5,0.12944444444444442,1.487934847121335,3.952689201435272,0.0
mtd_ai,200,0.00506811031957444,0.32608695652173914,5305.087844004077,0.1,150,5,0.12944444444444442,1.487934847121335,3.952689201435272,0.0
mtd_ai,200,0.00506811031957444,0.4166666666666667,5652.905968972003,0.15,150,5,0.12944444444444442,1.487934847121335,3.952689201435272,0.0
mtd_ai,200,0.00506811031957444,0.45454545454545453,6226.7431622736085,0.2,150,5,0.12944444444444442,1.487934847121335,3.952689201435272,0.0
mtd_ai,200,0.00506811031957444,0.5,6566.596900856763,0.25,150,5,0.12944444444444442,1.487934847121335,3.952689201435272,0.0
mtd_ai,200,0.0050716226291354135,0.32608695652173914,2452.595515250836,0.05,150,5,0.12844444444444447,0.5984520584741235,2.2648761240726176,0.0
mtd_ai,200,0.0050716226291354135,0.3191489361702128,4128.800848577646,0.1,150,5,0.12844444444444447,0.5984520584741235,2.2648761240726176,0.0
mtd_ai,200,0.0050716226291354135,0.36885245901639346,4750.042753260705,0.15,150,5,0.12844444444444447,0.5984520584741235,2.2648761240726176,0.0
mtd_ai,200,0.0050716226291354135,0.410958904109589,5313.769767591501,0.2,150,5,0.12844444444444447,0.5984520584741235,2.2648761240726176,0.0
mtd_ai,200,0.0050716226291354135,0.4032258064516129,6448.169387527787,0.25,150,5,0.12844444444444447,0.5984520584741235,2.2648761240726176,0.0
mtd_ai,200,0.005061733735193667,0.4166666666666667,1705.4941998767629,0.05,150,5,0.12666666666666668,0.09305497548019158,0.21176688939781288,0.0
mtd_ai,200,0.005061733735193667,0.3333333333333333,5117.209108646548,0.1,150,5,0.12666666666666668,0.09305497548019158,0.21176688939781288,0.0
mtd_ai,200,0.005061733735193667,0.39473684210526316,5820.286077684439,0.15,150,5,0.12666666666666668,0.09305497548019158,0.21176688939781288,0.0
mtd_ai,200,0.005061733735193667,0.43478260869565216,6602.006785684911,0.2,150,5,0.12666666666666668,0.09305497548019158,0.21176688939781288,0.0
mtd_ai,200,0.005061733735193667,0.4934210526315789,6835.493516382092,0.25,150,5,0.12666666666666668,0.09305497548019158,0.21176688939781288,0.0
mtd_ai,200,0.005075411521283986,0.375,2039.498382328138,0.05,150,5,0.13033333333333333,1.5406762189553334,3.9274170335699976,0.0
mtd_ai,200,0.005075411521283986,0.38461538461538464,3733.587074121971,0.1,150,5,0.13033333333333333,1.5406762189553334,3.9274170335699976,0.0
mtd_ai,200,0.005075411521283986,0.4411764705882353,4530.106512412904,0.15,150,5,0.13033333333333333,1.5406762189553334,3.9274170335699976,0.0
mtd_ai,200,0.005075411521283986,0.47619047619047616,5574.677641028686,0.2,150,5,0.13033333333333333,1.5406762189553334,3.9274170335699976,0.0
mtd_ai,200,0.005075411521283986,0.5136986301369864,6169.081814895284,0.25,150,5,0.13033333333333333,1.5406762189553334,3.9274170335699976,0.0
mtd_ai,200,0.005054293847062088,0.18292682926829268,3694.114100928704,0.05,150,5,0.09722222222222222,0.03240855135193339,0.11562013502473245,0.0
mtd_ai,200,0.005054293847062088,0.26785714285714285,4590.948826265441,0.1,150,5,0.09722222222222222,0.03240855135193339,0.11562013502473245,0.0
mtd_ai,200,0.005054293847062088,0.32142857142857145,5539.799855017227,0.15,150,5,0.09722222222222222,0.03240855135193339,0.11562013502473245,0.0
mtd_ai,200,0.005054293847062088,0.35294117647058826,6627.075709412191,0.2,150,5,0.09722222222222222,0.03240855135193339,0.11562013502473245,0.0
mtd_ai,200,0.005054293847062088,0.3787878787878788,7437.0715746350215,0.25,150,5,0.09722222222222222,0.03240855135193339,0.11562013502473245,0.0
mtd_ai,200,0.005062530247330421,0.234375,2541.7840270738757,0.05,150,5,0.20555555555555555,0.9696618548037289,3.177299183787857,0.0
mtd_ai,200,0.005062530247330421,0.30612244897959184,3988.073105269325,0.1,150,5,0.20555555555555555,0.9696618548037289,3.177299183787857,0.0
mtd_ai,200,0.005062530247330421,0.36885245901639346,4730.29021513053,0.15,150,5,0.20555555555555555,0.9696618548037289,3.177299183787857,0.0
mtd_ai,200,0.005062530247330421,0.40540540540540543,5621.55288836789,0.2,150,5,0.20555555555555555,0.9696618548037289,3.177299183787857,0.0
mtd_ai,200,0.005062530247330421,0.4411764705882353,6324.116533724751,0.25,150,5,0.20555555555555555,0.9696618548037289,3.177299183787857,0.0
mtd_ai,200,0.005046819151726686,0.3409090909090909,2370.0059067839247,0.05,150,5,0.13,0.24678122240767944,0.9449602722532121,4.086956521739131
mtd_ai,200,0.005046819151726686,0.40540540540540543,3463.970889943547,0.1,150,5,0.13,0.24678122240767944,0.9449602722532121,4.086956521739131
mtd_ai,200,0.005046819151726686,0.4411764705882353,4020.6685120303014,0.15,150,5,0.13,0.24678122240767944,0.9449602722532121,4.086956521739131
mtd_ai,200,0.005046819151726686,0.47619047619047616,4683.89946398304,0.2,150,5,0.13,0.24678122240767944,0.9449602722532121,4.086956521739131
mtd_ai,200,0.005046819151726686,0.4807692307692308,5331.85349797776,0.25,150,5,0.13,0.24678122240767944,0.9449602722532121,4.086956521739131
mtd_ai,200,0.005046644587766075,0.32608695652173914,2131.928745668907,0.05,150,5,0.162,0.7759338686980436,2.665523839007502,4.827586206896552
mtd_ai,200,0.005046644587766075,0.40540540540540543,2899.4241279419907,0.1,150,5,0.162,0.7759338686980436,2.665523839007502,4.827586206896552
mtd_ai,200,0.005046644587766075,0.4326923076923077,3801.8503691750243,0.15,150,5,0.162,0.7759338686980436,2.665523839007502,4.827586206896552
mtd_ai,200,0.005046644587766075,0.4411764705882353,4612.798735952172,0.2,150,5,0.162,0.7759338686980436,2.665523839007502,4.827586206896552
mtd_ai,200,0.005046644587766075,0.4807692307692308,5185.565369835354,0.25,150,5,0.162,0.7759338686980436,2.665523839007502,4.827586206896552
mtd_ai,200,0.005066812074054249,0.28846153846153844,2961.4175610030848,0.05,150,5,0.15666666666666668,0.08080741853966245,0.35986043613873353,0.0
mtd_ai,200,0.005066812074054249,0.3409090909090909,4256.7682749672,0.1,150,5,0.15666666666666668,0.08080741853966245,0.35986043613873353,0.0
mtd_ai,200,0.005066812074054249,0.4166666666666667,4710.179026594378,0.15,150,5,0.15666666666666668,0.08080741853966245,0.35986043613873353,0.0
mtd_ai,200,0.005066812074054249,0.42857142857142855,5635.94944688316,0.2,150,5,0.15666666666666668,0.08080741853966245,0.35986043613873353,0.0
mtd_ai,200,0.005066812074054249,0.4807692307692308,5988.685756272365,0.25,150,5,0.15666666666666668,0.08080741853966245,0.35986043613873353,0.0
mtd_ai,200,0.005032683344926821,0.3409090909090909,2505.0157189149786,0.05,150,5,0.17,0.6201027136981496,2.098394925215097,0.0
mtd_ai,200,0.005032683344926821,0.3191489361702128,5590.713803407123,0.1,150,5,0.17,0.6201027136981496,2.098394925215097,0.0
mtd_ai,200,0.005032683344926821,0.3358208955223881,6483.712800889943,0.15,150,5,0.17,0.6201027136981496,2.098394925215097,0.0
mtd_ai,200,0.005032683344926821,0.3614457831325301,7225.360762442454,0.2,150,5,0.17,0.6201027136981496,2.098394925215097,0.0
mtd_ai,200,0.005032683344926821,0.39893617021276595,7564.744274657533,0.25,150,5,0.17,0.6201027136981496,2.098394925215097,0.0
mtd_ai,200,0.005042948589397532,0.25862068965517243,2288.7842258884402,0.05,150,5,0.10733333333333334,0.7424657446496438,3.2772713250960415,0.0
mtd_ai,200,0.005042948589397532,0.3191489361702128,3762.502421665791,0.1,150,5,0.10733333333333334,0.7424657446496438,3.2772713250960415,0.0
mtd_ai,200,0.005042948589397532,0.4017857142857143,4129.782695053625,0.15,150,5,0.10733333333333334,0.7424657446496438,3.2772713250960415,0.0
mtd_ai,200,0.005042948589397532,0.4166666666666667,5048.624340261847,0.2,150,5,0.10733333333333334,0.7424657446496438,3.2772713250960415,0.0
mtd_ai,200,0.005042948589397532,0.45180722891566266,5620.72011042431,0.25,150,5,0.10733333333333334,0.7424657446496438,3.2772713250960415,0.0
mtd_ai,200,0.005073854400477138,0.28846153846153844,2152.8073756824497,0.05,150,5,0.15833333333333333,0.8031503889006172,2.0720966751734067,0.0
mtd_ai,200,0.005073854400477138,0.38461538461538464,3029.6816745971682,0.1,150,5,0.15833333333333333,0.8031503889006172,2.0720966751734067,0.0
mtd_ai,200,0.005073854400477138,0.4017857142857143,3920.0682053953287,0.15,150,5,0.15833333333333333,0.8031503889006172,2.0720966751734067,0.0
mtd_ai,200,0.005073854400477138,0.42857142857142855,4816.17363246062,0.2,150,5,0.15833333333333333,0.8031503889006172,2.0720966751734067,0.0
mtd_ai,200,0.005073854400477138,0.46875,5244.573634924545,0.25,150,5,0.15833333333333333,0.8031503889006172,2.0720966751734067,0.0
mtd_ai,200,0.005092551263639619,0.4166666666666667,1438.6270732555267,0.05,150,5,0.128,0.16312735303333317,0.25888751192793513,0.0
mtd_ai,200,0.005092551263639619,0.4166666666666667,3059.8701051417365,0.1,150,5,0.128,0.16312735303333317,0.25888751192793513,0.0
mtd_ai,200,0.005092551263639619,0.4891304347826087,3369.6937465488277,0.15,150,5,0.128,0.16312735303333317,0.25888751192793513,0.0
mtd_ai,200,0.005092551263639619,0.4411764705882353,4404.286998127403,0.2,150,5,0.128,0.16312735303333317,0.25888751192793513,0.0
mtd_ai,200,0.005092551263639619,0.487012987012987,4823.160553351863,0.25,150,5,0.128,0.16312735303333317,0.25888751192793513,0.0
mtd_ai,200,0.005038253866777757,0.22058823529411764,4105.928667213879,0.05,150,5,0.07777777777777778,0.048420300372927945,0.1951048275632461,0.0
mtd_ai,200,0.005038253866777757,0.3,5484.761182168227,0.1,150,5,0.07777777777777778,0.048420300372927945,0.1951048275632461,0.0
mtd_ai,200,0.005038253866777757,0.375,6058.365703272062,0.15,150,5,0.07777777777777778,0.048420300372927945,0.1951048275632461,0.0
mtd_ai,200,0.005038253866777757,0.4166666666666667,6880.436729314699,0.2,150,5,0.07777777777777778,0.048420300372927945,0.1951048275632461,0.0
mtd_ai,200,0.005038253866777757,0.46296296296296297,7182.93671944075,0.25,150,5,0.07777777777777778,0.048420300372927945,0.1951048275632461,0.0
mtd_ai,200,0.005063693814078397,0.26785714285714285,2366.1498002256776,0.05,150,5,0.12544444444444447,0.5474835521687554,1.8612158209112424,0.0
mtd_ai,200,0.005063693814078397,0.2631578947368421,4748.269146111954,0.1,150,5,0.12544444444444447,0.5474835521687554,1.8612158209112424,0.0
mtd_ai,200,0.005063693814078397,0.3125,5380.245461442593,0.15,150,5,0.12544444444444447,0.5474835521687554,1.8612158209112424,0.0
mtd_ai,200,0.005063693814078397,0.3614457831325301,5855.074887646902,0.2,150,5,0.12544444444444447,0.5474835521687554,1.8612158209112424,0.0
mtd_ai,200,0.005063693814078397,0.39473684210526316,6590.771488268889,0.25,150,5,0.12544444444444447,0.5474835521687554,1.8612158209112424,0.0
mtd_ai,200,0.005060636545549748,0.32608695652173914,2247.4528694703345,0.05,150,5,0.20222222222222222,0.4864422396762365,1.5122134747410272,0.0
mtd_ai,200,0.005060636545549748,0.375,3416.9786433396202,0.1,150,5,0.20222222222222222,0.4864422396762365,1.5122134747410272,0.0
mtd_ai,200,0.005060636545549748,0.45,3981.967878068406,0.15,150,5,0.20222222222222222,0.4864422396762365,1.5122134747410272,0.0
mtd_ai,200,0.005060636545549748,0.3333333333333333,6059.048932605692,0.2,150,5,0.20222222222222222,0.4864422396762365,1.5122134747410272,0.0
mtd_ai,200,0.005060636545549748,0.35714285714285715,6781.828432590144,0.25,150,5,0.20222222222222222,0.4864422396762365,1.5122134747410272,0.0
mtd_ai,200,0.005037808140075669,0.4166666666666667,1113.4434033946643,0.05,150,5,0.12,0.8234744074657487,2.4246771679131305,0.0
mtd_ai,200,0.005037808140075669,0.40540540540540543,2770.215375953223,0.1,150,5,0.12,0.8234744074657487,2.4246771679131305,0.0
mtd_ai,200,0.005037808140075669,0.4166666666666667,4523.360804050231,0.15,150,5,0.12,0.8234744074657487,2.4246771679131305,0.0
mtd_ai,200,0.005037808140075669,0.46153846153846156,5019.187094086365,0.2,150,5,0.12,0.8234744074657487,2.4246771679131305,0.0
mtd_ai,200,0.005037808140075669,0.4573170731707317,6156.55932101203,0.25,150,5,0.12,0.8234744074657487,2.4246771679131305,0.0
mtd_ai,200,0.005037164252742741,0.25,3932.4006676905215,0.05,150,5,0.13066666666666668,1.5371006118195483,4.43009430892303,0.0
mtd_ai,200,0.005037164252742741,0.3409090909090909,4922.392343111775,0.1,150,5,0.13066666666666668,1.5371006118195483,4.43009430892303,0.0
mtd_ai,200,0.005037164252742741,0.4017857142857143,5566.424269735922,0.15,150,5,0.13066666666666668,1.5371006118195483,4.43009430892303,0.0
mtd_ai,200,0.005037164252742741,0.42857142857142855,6271.699057253381,0.2,150,5,0.13066666666666668,1.5371006118195483,4.43009430892303,0.0
mtd_ai,200,0.005037164252742741,0.45180722891566266,7196.048508114085,0.25,150,5,0.13066666666666668,1.5371006118195483,4.43009430892303,0.0
mtd_ai,200,0.005068993569000902,0.22058823529411764,4324.522806036304,0.05,150,5,0.09777777777777777,1.344627570153177,0.8465370834451805,0.0
mtd_ai,200,0.005068993569000902,0.3191489361702128,5116.413331703283,0.1,150,5,0.09777777777777777,1.344627570153177,0.8465370834451805,0.0
mtd_ai,200,0.005068993569000902,0.3879310344827586,5480.223401247349,0.15,150,5,0.09777777777777777,1.344627570153177,0.8465370834451805,0.0
mtd_ai,200,0.005068993569000902,0.43478260869565216,6071.807180860467,0.2,150,5,0.09777777777777777,1.344627570153177,0.8465370834451805,0.0
mtd_ai,200,0.005068993569000902,0.46875,6497.650549582123,0.25,150,5,0.09777777777777777,1.344627570153177,0.8465370834451805,0.0
mtd_ai,200,0.005066567292472442,0.4166666666666667,1798.964674371666,0.05,150,5,0.10888888888888891,0.7395969766513946,1.7920409276013867,0.0
mtd_ai,200,0.005066567292472442,0.4166666666666667,3834.0758691224837,0.1,150,5,0.10888888888888891,0.7395969766513946,1.7920409276013867,0.0
mtd_ai,200,0.005066567292472442,0.5113636363636364,4225.013586740684,0.15,150,5,0.10888888888888891,0.7395969766513946,1.7920409276013867,0.0
mtd_ai,200,0.005066567292472442,0.5084745762711864,5645.839333932382,0.2,150,5,0.10888888888888891,0.7395969766513946,1.7920409276013867,0.0
mtd_ai,200,0.005066567292472442,0.5136986301369864,6381.607390526569,0.25,150,5,0.10888888888888891,0.7395969766513946,1.7920409276013867,0.0
mtd_ai,200,0.0050347215369846675,0.32608695652173914,1453.9412105889269,0.05,150,5,0.162,0.7323408553479217,2.927820409203667,3.5555555555555554
mtd_ai,200,0.0050347215369846675,0.375,2945.396558248198,0.1,150,5,0.162,0.7323408553479217,2.927820409203667,3.5555555555555554
mtd_ai,200,0.0050347215369846675,0.4017857142857143,4176.417869696756,0.15,150,5,0.162,0.7323408553479217,2.927820409203667,3.5555555555555554
mtd_ai,200,0.0050347215369846675,0.375,5579.969233449134,0.2,150,5,0.162,0.7323408553479217,2.927820409203667,3.5555555555555554
mtd_ai,200,0.0050347215369846675,0.39893617021276595,6489.89301392193,0.25,150,5,0.162,0.7323408553479217,2.927820409203667,3.5555555555555554
mtd_ai,200,0.005077173702112915,0.4166666666666667,1420.381427487811,0.05,150,5,0.15,0.01006205914186096,0.03671803995994207,0.0
mtd_ai,200,0.005077173702112915,0.5357142857142857,1974.6545453797505,0.1,150,5,0.15,0.01006205914186096,0.03671803995994207,0.0
mtd_ai,200,0.005077173702112915,0.5625,2735.192457224316,0.15,150,5,0.15,0.01006205914186096,0.03671803995994207,0.0
mtd_ai,200,0.005077173702112915,0.5555555555555556,3425.3802223928324,0.2,150,5,0.15,0.01006205914186096,0.03671803995994207,0.0
mtd_ai,200,0.005077173702112915,0.5859375,3910.6594793925306,0.25,150,5,0.15,0.01006205914186096,0.03671803995994207,0.0
mtd_ai,200,0.005065503377229292,0.25,2515.9282033249474,0.05,150,5,0.12666666666666668,0.2066474392927726,0.584502291288484,0.0
mtd_ai,200,0.005065503377229292,0.2727272727272727,5284.334937760807,0.1,150,5,0.12666666666666668,0.2066474392927726,0.584502291288484,0.0
mtd_ai,200,0.005065503377229292,0.3358208955223881,5700.000028969029,0.15,150,5,0.12666666666666668,0.2066474392927726,0.584502291288484,0.0
mtd_ai,200,0.005065503377229292,0.38961038961038963,6247.708485839566,0.2,150,5,0.12666666666666668,0.2066474392927726,0.584502291288484,0.0
mtd_ai,200,0.005065503377229292,0.4411764705882353,6583.285209312335,0.25,150,5,0.12666666666666668,0.2066474392927726,0.584502291288484,0.0
mtd_ai,200,0.005068793447156376,0.375,1816.892586632321,0.05,150,5,0.21266666666666667,1.4345840077332854,2.0413981962073815,0.0
mtd_ai,200,0.005068793447156376,0.39473684210526316,3157.635497913562,0.1,150,5,0.21266666666666667,1.4345840077332854,2.0413981962073815,0.0
mtd_ai,200,0.005068793447156376,0.45,4085.248820156853,0.15,150,5,0.21266666666666667,1.4345840077332854,2.0413981962073815,0.0
mtd_ai,200,0.005068793447156376,0.45454545454545453,5678.637896046423,0.2,150,5,0.21266666666666667,1.4345840077332854,2.0413981962073815,0.0
mtd_ai,200,0.005068793447156376,0.4807692307692308,6231.762123291117,0.25,150,5,0.21266666666666667,1.4345840077332854,2.0413981962073815,0.0
mtd_ai,200,0.005083511119598447,0.39473684210526316,1745.929330061629,0.05,150,5,0.14333333333333334,0.11113149044082178,0.35665862204783355,0.0
mtd_ai,200,0.005083511119598447,0.38461538461538464,3087.3071188227423,0.1,150,5,0.14333333333333334,0.11113149044082178,0.35665862204783355,0.0
mtd_ai,200,0.005083511119598447,0.45,3804.2153697238564,0.15,150,5,0.14333333333333334,0.11113149044082178,0.35665862204783355,0.0
mtd_ai,200,0.005083511119598447,0.47619047619047616,4454.7060810243465,0.2,150,5,0.14333333333333334,0.11113149044082178,0.35665862204783355,0.0
mtd_ai,200,0.005083511119598447,0.487012987012987,5338.7966647019075,0.25,150,5,0.14333333333333334,0.11113149044082178,0.35665862204783355,0.0
mtd_ai,200,0.005064207681113067,0.22727272727272727,2060.763675607865,0.05,150,5,0.125,1.4980070775026386,5.061412272494232,0.0
mtd_ai,200,0.005064207681113067,0.3,3186.230278399088,0.1,150,5,0.125,1.4980070775026386,5.061412272494232,0.0
mtd_ai,200,0.005064207681113067,0.25280898876404495,4900.390366911855,0.15,150,5,0.125,1.4980070775026386,5.061412272494232,0.0
mtd_ai,200,0.005064207681113067,0.29411764705882354,5535.744046426511,0.2,150,5,0.125,1.4980070775026386,5.061412272494232,0.0
mtd_ai,200,0.005064207681113067,0.33482142857142855,6167.683089303093,0.25,150,5,0.125,1.4980070775026386,5.061412272494232,0.0
mtd_ai,200,0.005076055236553177,0.39473684210526316,1987.2418635212855,0.05,150,5,0.11666666666666667,0.1493185887876506,0.21942796653425756,0.0
mtd_ai,200,0.005076055236553177,0.40540540540540543,3345.8981697859917,0.1,150,5,0.11666666666666667,0.1493185887876506,0.21942796653425756,0.0
mtd_ai,200,0.005076055236553177,0.4326923076923077,4132.506296215753,0.15,150,5,0.11666666666666667,0.1493185887876506,0.21942796653425756,0.0
mtd_ai,200,0.005076055236553177,0.46875,4827.614176535347,0.2,150,5,0.11666666666666667,0.1493185887876506,0.21942796653425756,0.0
mtd_ai,200,0.005076055236553177,0.4934210526315789,5841.4230949077955,0.25,150,5,0.11666666666666667,0.1493185887876506,0.21942796653425756,0.0
mtd_ai,200,0.005045586754421144,0.25,3796.022582575956,0.05,150,5,0.14244444444444448,0.306539795937276,0.8562645670885574,0.0
mtd_ai,200,0.005045586754421144,0.3191489361702128,4825.669414922111,0.1,150,5,0.14244444444444448,0.306539795937276,0.8562645670885574,0.0
mtd_ai,200,0.005045586754421144,0.36885245901639346,5818.877148441528,0.15,150,5,0.14244444444444448,0.306539795937276,0.8562645670885574,0.0
mtd_ai,200,0.005045586754421144,0.40540540540540543,6940.197515782245,0.2,150,5,0.14244444444444448,0.306539795937276,0.8562645670885574,0.0
mtd_ai,200,0.005045586754421144,0.42134831460674155,7945.542582564332,0.25,150,5,0.14244444444444448,0.306539795937276,0.8562645670885574,0.0
mtd_ai,200,0.0050915687031275435,0.4166666666666667,1779.5492233704272,0.05,150,5,0.5357142857142857,0.4630650072564727,0.41738574533499884,0.0
mtd_ai,200,0.0050915687031275435,0.5,2488.3048556751937,0.1,150,5,0.5357142857142857,0.4630650072564727,0.41738574533499884,0.0
mtd_ai,200,0.0050915687031275435,0.5487804878048781,3120.2176591589528,0.15,150,5,0.5357142857142857,0.4630650072564727,0.41738574533499884,0.0
mtd_ai,200,0.0050915687031275435,0.5769230769230769,3723.1629766276355,0.2,150,5,0.5357142857142857,0.4630650072564727,0.41738574533499884,0.0
mtd_ai,200,0.0050915687031275435,0.5859375,4739.859959596688,0.25,150,5,0.5357142857142857,0.4630650072564727,0.41738574533499884,0.0
mtd_ai,200,0.005042239746829971,0.3125,1959.6492935864114,0.05,150,5,0.15033333333333335,3.2086462802763562,6.94645666269261,4.354838709677419
mtd_ai,200,0.005042239746829971,0.375,3243.038809776309,0.1,150,5,0.15033333333333335,3.2086462802763562,6.94645666269261,4.354838709677419
mtd_ai,200,0.005042239746829971,0.4326923076923077,4197.045413869179,0.15,150,5,0.15033333333333335,3.2086462802763562,6.94645666269261,4.354838709677419
mtd_ai,200,0.005042239746829971,0.46153846153846156,5059.215702877052,0.2,150,5,0.15033333333333335,3.2086462802763562,6.94645666269261,4.354838709677419
mtd_ai,200,0.005042239746829971,0.487012987012987,5699.990902759435,0.25,150,5,0.15033333333333335,3.2086462802763562,6.94645666269261,4.354838709677419
mtd_ai,200,0.005057499834379099,0.4411764705882353,1180.472061545453,0.05,150,5,0.16000000000000003,0.6618257280043857,1.9515727143438955,0.0
mtd_ai,200,0.005057499834379099,0.4411764705882353,1938.024920862374,0.1,150,5,0.16000000000000003,0.6618257280043857,1.9515727143438955,0.0
mtd_ai,200,0.005057499834379099,0.5113636363636364,2485.132422221888,0.15,150,5,0.16000000000000003,0.6618257280043857,1.9515727143438955,0.0
mtd_ai,200,0.005057499834379099,0.4918032786885246,3605.022790167398,0.2,150,5,0.16000000000000003,0.6618257280043857,1.9515727143438955,0.0
mtd_ai,200,0.005057499834379099,0.5067567567567568,4651.550230576241,0.25,150,5,0.16000000000000003,0.6618257280043857,1.9515727143438955,0.0
mtd_ai,200,0.005037480695677973,0.25862068965517243,2870.556627118591,0.05,150,5,0.375,2.129913714590731,5.719449352052346,-4.785714285714286
mtd_ai,200,0.005037480695677973,0.32608695652173914,3736.8067496795925,0.1,150,5,0.375,2.129913714590731,5.719449352052346,-4.785714285714286
mtd_ai,200,0.005037480695677973,0.3813559322033898,4395.693187360126,0.15,150,5,0.375,2.129913714590731,5.719449352052346,-4.785714285714286
mtd_ai,200,0.005037480695677973,0.39473684210526316,5276.831666932687,0.2,150,5,0.375,2.129913714590731,5.719449352052346,-4.785714285714286
mtd_ai,200,0.005037480695677973,0.41208791208791207,6121.172195459198,0.25,150,5,0.375,2.129913714590731,5.719449352052346,-4.785714285714286
mtd_ai,200,0.005075171604644899,0.28846153846153844,2823.941863226561,0.05,150,5,0.15111111111111108,2.1980493240625067,4.708904494203166,0.0
mtd_ai,200,0.005075171604644899,0.38461538461538464,3693.4659488410293,0.1,150,5,0.15111111111111108,2.1980493240625067,4.708904494203166,0.0
mtd_ai,200,0.005075171604644899,0.45,4489.596232308793,0.15,150,5,0.15111111111111108,2.1980493240625067,4.708904494203166,0.0
mtd_ai,200,0.005075171604644899,0.4838709677419355,5260.635045463723,0.2,150,5,0.15111111111111108,2.1980493240625067,4.708904494203166,0.0
mtd_ai,200,0.005075171604644899,0.5208333333333334,5610.482702802359,0.25,150,5,0.15111111111111108,2.1980493240625067,4.708904494203166,0.0
mtd_ai,200,0.005069573485492103,0.32608695652173914,2181.453313398309,0.05,150,5,0.09555555555555556,0.31033810127078093,0.9934741650050274,0.0
mtd_ai,200,0.005069573485492103,0.40540540540540543,3555.4408128646,0.1,150,5,0.09555555555555556,0.31033810127078093,0.9934741650050274,0.0
mtd_ai,200,0.005069573485492103,0.45918367346938777,4224.410914935944,0.15,150,5,0.09555555555555556,0.31033810127078093,0.9934741650050274,0.0
mtd_ai,200,0.005069573485492103,0.4838709677419355,4995.941951359399,0.2,150,5,0.09555555555555556,0.31033810127078093,0.9934741650050274,0.0
mtd_ai,200,0.005069573485492103,0.487012987012987,5742.137337068757,0.25,150,5,0.09555555555555556,0.31033810127078093,0.9934741650050274,0.0
mtd_ai,200,0.0050691155866604085,0.375,1849.859064734979,0.05,150,5,0.13777777777777778,0.8171530872122359,1.2897920972910266,0.0
mtd_ai,200,0.0050691155866604085,0.39473684210526316,3338.6738898207273,0.1,150,5,0.13777777777777778,0.8171530872122359,1.2897920972910266,0.0
mtd_ai,200,0.0050691155866604085,0.4326923076923077,4466.37389154186,0.15,150,5,0.13777777777777778,0.8171530872122359,1.2897920972910266,0.0
mtd_ai,200,0.0050691155866604085,0.4411764705882353,5224.548580202616,0.2,150,5,0.13777777777777778,0.8171530872122359,1.2897920972910266,0.0
mtd_ai,200,0.0050691155866604085,0.4807692307692308,5568.759731027392,0.25,150,5,0.13777777777777778,0.8171530872122359,1.2897920972910266,0.0
mtd_ai,200,0.005075978340362307,0.25,3538.9510706600195,0.05,150,5,0.10833333333333334,2.5754129087013573,4.859520626555532,0.0
mtd_ai,200,0.005075978340362307,0.36585365853658536,4271.938438055599,0.1,150,5,0.10833333333333334,2.5754129087013573,4.859520626555532,0.0
mtd_ai,200,0.005075978340362307,0.42452830188679247,5043.252532831148,0.15,150,5,0.10833333333333334,2.5754129087013573,4.859520626555532,0.0
mtd_ai,200,0.005075978340362307,0.44776119402985076,5953.161258581569,0.2,150,5,0.10833333333333334,2.5754129087013573,4.859520626555532,0.0
mtd_ai,200,0.005075978340362307,0.4807692307692308,6308.434982366682,0.25,150,5,0.10833333333333334,2.5754129087013573,4.859520626555532,0.0
mtd_ai,200,0.005073670547320727,0.3125,2542.053901473376,0.05,150,5,0.10200000000000001,1.0504647843798802,3.246150699152372,0.0
mtd_ai,200,0.005073670547320727,0.35714285714285715,3719.080458173604,0.1,150,5,0.10200000000000001,1.0504647843798802,3.246150699152372,0.0
mtd_ai,200,0.005073670547320727,0.39473684210526316,4954.065929057594,0.15,150,5,0.10200000000000001,1.0504647843798802,3.246150699152372,0.0
mtd_ai,200,0.005073670547320727,0.40540540540540543,5706.185209442762,0.2,150,5,0.10200000000000001,1.0504647843798802,3.246150699152372,0.0
mtd_ai,200,0.005073670547320727,0.45180722891566266,6134.639719161279,0.25,150,5,0.10200000000000001,1.0504647843798802,3.246150699152372,0.0
mtd_ai,200,0.005048030067686165,0.3125,2469.7697760483807,0.05,150,5,0.10888888888888891,0.5332180666853736,2.3549719706351095,0.0
mtd_ai,200,0.005048030067686165,0.3488372093023256,4098.3088090063775,0.1,150,5,0.10888888888888891,0.5332180666853736,2.3549719706351095,0.0
mtd_ai,200,0.005048030067686165,0.4326923076923077,4499.071090753248,0.15,150,5,0.10888888888888891,0.5332180666853736,2.3549719706351095,0.0
mtd_ai,200,0.005048030067686165,0.4838709677419355,5004.565856640809,0.2,150,5,0.10888888888888891,0.5332180666853736,2.3549719706351095,0.0
mtd_ai,200,0.005048030067686165,0.5,6115.987153313034,0.25,150,5,0.10888888888888891,0.5332180666853736,2.3549719706351095,0.0
mtd_ai,200,0.005067440851917273,0.20270270270270271,3353.809793154427,0.05,150,5,0.10888888888888891,2.5366838041883755,5.580227253877538,0.0
mtd_ai,200,0.005067440851917273,0.3125,4024.964335595232,0.1,150,5,0.10888888888888891,2.5366838041883755,5.580227253877538,0.0
mtd_ai,200,0.005067440851917273,0.3813559322033898,4482.5884832321,0.15,150,5,0.10888888888888891,2.5366838041883755,5.580227253877538,0.0
mtd_ai,200,0.005067440851917273,0.410958904109589,5215.592027418598,0.2,150,5,0.10888888888888891,2.5366838041883755,5.580227253877538,0.0
mtd_ai,200,0.005067440851917273,0.4166666666666667,6033.368280952138,0.25,150,5,0.10888888888888891,2.5366838041883755,5.580227253877538,0.0
mtd_ai,200,0.005061866315046178,0.19736842105263158,4235.138344493403,0.05,150,5,0.125,6.630860265668072,8.266895252958255,0.0
mtd_ai,200,0.005061866315046178,0.3,5014.830915769595,0.1,150,5,0.125,6.630860265668072,8.266895252958255,0.0
mtd_ai,200,0.005061866315046178,0.3358208955223881,5826.794566245211,0.15,150,5,0.125,6.630860265668072,8.266895252958255,0.0
mtd_ai,200,0.005061866315046178,0.3333333333333333,7005.405565267157,0.2,150,5,0.125,6.630860265668072,8.266895252958255,0.0
mtd_ai,200,0.005061866315046178,0.3826530612244898,7382.318257331415,0.25,150,5,0.125,6.630860265668072,8.266895252958255,0.0
