Name,mtd_interval,MEF,ASR,time_to_compromise,host_compromise_ratio,network_size,exposed_endpoints,attack_path_exposure,ROA,risk,shortest_path_variability
mtd_ai,200,0.005043865853295011,0.25862068965517243,2529.807854374172,0.05,150,5,0.15333333333333332,1.6295873815606843,4.0763844154064435,4.451612903225806
mtd_ai,200,0.005043865853295011,0.32608695652173914,3684.1080212028974,0.1,150,5,0.15333333333333332,1.6295873815606843,4.0763844154064435,4.451612903225806
mtd_ai,200,0.005043865853295011,0.4017857142857143,4464.1930718746835,0.15,150,5,0.15333333333333332,1.6295873815606843,4.0763844154064435,4.451612903225806
mtd_ai,200,0.005043865853295011,0.410958904109589,5287.431772179424,0.2,150,5,0.15333333333333332,1.6295873815606843,4.0763844154064435,4.451612903225806
mtd_ai,200,0.005043865853295011,0.4573170731707317,5763.9642623729105,0.25,150,5,0.15333333333333332,1.6295873815606843,4.0763844154064435,4.451612903225806
mtd_ai,200,0.005047760511557067,0.1744186046511628,3744.1342839596655,0.05,150,5,0.07444444444444445,1.5934260658777213,5.043112269336216,0.0
mtd_ai,200,0.005047760511557067,0.23809523809523808,5518.40950372995,0.1,150,5,0.07444444444444445,1.5934260658777213,5.043112269336216,0.0
mtd_ai,200,0.005047760511557067,0.30405405405405406,6451.8083846438185,0.15,150,5,0.07444444444444445,1.5934260658777213,5.043112269336216,0.0
mtd_ai,200,0.005047760511557067,0.3333333333333333,7528.538875872118,0.2,150,5,0.07444444444444445,1.5934260658777213,5.043112269336216,0.0
mtd_ai,200,0.005047760511557067,0.3712871287128713,8147.29909527434,0.25,150,5,0.07444444444444445,1.5934260658777213,5.043112269336216,0.0
mtd_ai,200,0.005074628892903116,0.35714285714285715,2377.206935044135,0.05,150,5,0.12433333333333332,1.3015969020822644,3.914527212884018,0.0
mtd_ai,200,0.005074628892903116,0.46875,3219.2838128911735,0.1,150,5,0.12433333333333332,1.3015969020822644,3.914527212884018,0.0
mtd_ai,200,0.005074628892903116,0.5,4066.8698574273526,0.15,150,5,0.12433333333333332,1.3015969020822644,3.914527212884018,0.0
mtd_ai,200,0.005074628892903116,0.5263157894736842,4932.708556480229,0.2,150,5,0.12433333333333332,1.3015969020822644,3.914527212884018,0.0
mtd_ai,200,0.005074628892903116,0.5208333333333334,5472.438329296701,0.25,150,5,0.12433333333333332,1.3015969020822644,3.914527212884018,0.0
mtd_ai,200,0.005070518556526996,0.3409090909090909,1595.681789893845,0.05,150,5,0.1511111111111111,0.6896750892086034,1.9934925065205782,0.0
mtd_ai,200,0.005070518556526996,0.40540540540540543,2548.4845746422816,0.1,150,5,0.1511111111111111,0.6896750892086034,1.9934925065205782,0.0
mtd_ai,200,0.005070518556526996,0.4411764705882353,3338.628550038179,0.15,150,5,0.1511111111111111,0.6896750892086034,1.9934925065205782,0.0
mtd_ai,200,0.005070518556526996,0.4411764705882353,4966.666250297556,0.2,150,5,0.1511111111111111,0.6896750892086034,1.9934925065205782,0.0
mtd_ai,200,0.005070518556526996,0.45180722891566266,6111.848395027377,0.25,150,5,0.1511111111111111,0.6896750892086034,1.9934925065205782,0.0
mtd_ai,200,0.005033037145539548,0.21428571428571427,3892.808438550378,0.05,150,5,0.10533333333333333,0.7440231957230377,3.2237707693778055,0.0
mtd_ai,200,0.005033037145539548,0.3125,4465.125372092535,0.1,150,5,0.10533333333333333,0.7440231957230377,3.2237707693778055,0.0
mtd_ai,200,0.005033037145539548,0.31690140845070425,5783.267157227103,0.15,150,5,0.10533333333333333,0.7440231957230377,3.2237707693778055,0.0
mtd_ai,200,0.005033037145539548,0.35714285714285715,6322.702118292874,0.2,150,5,0.10533333333333333,0.7440231957230377,3.2237707693778055,0.0
mtd_ai,200,0.005033037145539548,0.39473684210526316,7042.40787220413,0.25,150,5,0.10533333333333333,0.7440231957230377,3.2237707693778055,0.0
mtd_ai,200,0.005043830614324777,0.28846153846153844,2977.2345885776003,0.05,150,5,0.15985714285714286,0.07916604748315473,0.35218949497272717,0.0
mtd_ai,200,0.005043830614324777,0.40540540540540543,3539.382882823582,0.1,150,5,0.15985714285714286,0.07916604748315473,0.35218949497272717,0.0
mtd_ai,200,0.005043830614324777,0.45918367346938777,4364.772685833256,0.15,150,5,0.15985714285714286,0.07916604748315473,0.35218949497272717,0.0
mtd_ai,200,0.005043830614324777,0.45454545454545453,5523.519661157328,0.2,150,5,0.15985714285714286,0.07916604748315473,0.35218949497272717,0.0
mtd_ai,200,0.005043830614324777,0.47468354430379744,6182.266341958071,0.25,150,5,0.15985714285714286,0.07916604748315473,0.35218949497272717,0.0
mtd_ai,200,0.00509237640420064,0.3409090909090909,2307.9442936031473,0.05,150,5,0.11055555555555557,0.6541012429004154,2.3309355042866895,0.0
mtd_ai,200,0.00509237640420064,0.4411764705882353,3209.4778473902084,0.1,150,5,0.11055555555555557,0.6541012429004154,2.3309355042866895,0.0
mtd_ai,200,0.00509237640420064,0.5232558139534884,3584.7234539474266,0.15,150,5,0.11055555555555557,0.6541012429004154,2.3309355042866895,0.0
mtd_ai,200,0.00509237640420064,0.5357142857142857,4504.966208790385,0.2,150,5,0.11055555555555557,0.6541012429004154,2.3309355042866895,0.0
mtd_ai,200,0.00509237640420064,0.5859375,5012.774399869025,0.25,150,5,0.11055555555555557,0.6541012429004154,2.3309355042866895,0.0
mtd_ai,200,0.005041274037176764,0.375,1780.6783078982717,0.05,150,5,0.1211111111111111,0.619668877307204,1.9723607175742937,0.0
mtd_ai,200,0.005041274037176764,0.3333333333333333,3797.3030879600487,0.1,150,5,0.1211111111111111,0.619668877307204,1.9723607175742937,0.0
mtd_ai,200,0.005041274037176764,0.4166666666666667,4324.4005126344255,0.15,150,5,0.1211111111111111,0.619668877307204,1.9723607175742937,0.0
mtd_ai,200,0.005041274037176764,0.44776119402985076,5084.657653438862,0.2,150,5,0.1211111111111111,0.619668877307204,1.9723607175742937,0.0
mtd_ai,200,0.005041274037176764,0.4807692307692308,5677.210911045389,0.25,150,5,0.1211111111111111,0.619668877307204,1.9723607175742937,0.0
mtd_ai,200,0.00504682563954628,0.3,2409.3534136359162,0.05,150,5,0.13444444444444445,0.8739095724769521,2.66766133493952,4.125
mtd_ai,200,0.00504682563954628,0.35714285714285715,3910.4065272982066,0.1,150,5,0.13444444444444445,0.8739095724769521,2.66766133493952,4.125
mtd_ai,200,0.00504682563954628,0.3813559322033898,5046.097476684754,0.15,150,5,0.13444444444444445,0.8739095724769521,2.66766133493952,4.125
mtd_ai,200,0.00504682563954628,0.4225352112676056,5819.912664701282,0.2,150,5,0.13444444444444445,0.8739095724769521,2.66766133493952,4.125
mtd_ai,200,0.00504682563954628,0.46296296296296297,6184.3425766948385,0.25,150,5,0.13444444444444445,0.8739095724769521,2.66766133493952,4.125
mtd_ai,200,0.0050691372253142564,0.3,2561.3879974957317,0.05,150,5,0.07142857142857142,1.6331199234464184,5.182992266198084,0.0
mtd_ai,200,0.0050691372253142564,0.39473684210526316,3386.2990409995105,0.1,150,5,0.07142857142857142,1.6331199234464184,5.182992266198084,0.0
mtd_ai,200,0.0050691372253142564,0.45918367346938777,3929.8146561812723,0.15,150,5,0.07142857142857142,1.6331199234464184,5.182992266198084,0.0
mtd_ai,200,0.0050691372253142564,0.47619047619047616,4783.031475548606,0.2,150,5,0.07142857142857142,1.6331199234464184,5.182992266198084,0.0
mtd_ai,200,0.0050691372253142564,0.47468354430379744,5752.500775091308,0.25,150,5,0.07142857142857142,1.6331199234464184,5.182992266198084,0.0
mtd_ai,200,0.005079407826429553,0.2777777777777778,3268.021626724354,0.05,150,5,0.15,0.6204050143845882,2.0869974037781454,0.0
mtd_ai,200,0.005079407826429553,0.375,4210.4749861681075,0.1,150,5,0.15,0.6204050143845882,2.0869974037781454,0.0
mtd_ai,200,0.005079407826429553,0.42452830188679247,5138.371728928907,0.15,150,5,0.15,0.6204050143845882,2.0869974037781454,0.0
mtd_ai,200,0.005079407826429553,0.47619047619047616,5446.257916236322,0.2,150,5,0.15,0.6204050143845882,2.0869974037781454,0.0
mtd_ai,200,0.005079407826429553,0.5208333333333334,5679.163380784437,0.25,150,5,0.15,0.6204050143845882,2.0869974037781454,0.0
mtd_ai,200,0.005045619766450924,0.375,1726.0706151998656,0.05,150,5,0.102,1.3999028946585697,2.221011199905009,0.0
mtd_ai,200,0.005045619766450924,0.4411764705882353,2660.8742915426774,0.1,150,5,0.102,1.3999028946585697,2.221011199905009,0.0
mtd_ai,200,0.005045619766450924,0.4411764705882353,3796.821461097326,0.15,150,5,0.102,1.3999028946585697,2.221011199905009,0.0
mtd_ai,200,0.005045619766450924,0.47619047619047616,4741.355658083377,0.2,150,5,0.102,1.3999028946585697,2.221011199905009,0.0
mtd_ai,200,0.005045619766450924,0.487012987012987,5422.2348722296465,0.25,150,5,0.102,1.3999028946585697,2.221011199905009,0.0
mtd_ai,200,0.00505195123398912,0.25,2327.142992587929,0.05,150,5,0.10444444444444444,1.5418460482356198,5.3601166539902865,5.269230769230769
mtd_ai,200,0.00505195123398912,0.3333333333333333,3401.850560752359,0.1,150,5,0.10444444444444444,1.5418460482356198,5.3601166539902865,5.269230769230769
mtd_ai,200,0.00505195123398912,0.375,4860.555221857152,0.15,150,5,0.10444444444444444,1.5418460482356198,5.3601166539902865,5.269230769230769
mtd_ai,200,0.00505195123398912,0.42857142857142855,5206.7938376115,0.2,150,5,0.10444444444444444,1.5418460482356198,5.3601166539902865,5.269230769230769
mtd_ai,200,0.00505195123398912,0.46875,5470.493863633594,0.25,150,5,0.10444444444444444,1.5418460482356198,5.3601166539902865,5.269230769230769
mtd_ai,200,0.005075229518160823,0.35714285714285715,2202.481114810921,0.05,150,5,0.09090909090909091,0.2701726719333911,0.9117067249531883,0.0
mtd_ai,200,0.005075229518160823,0.4166666666666667,3017.5819080961587,0.1,150,5,0.09090909090909091,0.2701726719333911,0.9117067249531883,0.0
mtd_ai,200,0.005075229518160823,0.45,3885.5331037905335,0.15,150,5,0.09090909090909091,0.2701726719333911,0.9117067249531883,0.0
mtd_ai,200,0.005075229518160823,0.4918032786885246,4650.4438704270015,0.2,150,5,0.09090909090909091,0.2701726719333911,0.9117067249531883,0.0
mtd_ai,200,0.005075229518160823,0.5,5350.918413763329,0.25,150,5,0.09090909090909091,0.2701726719333911,0.9117067249531883,0.0
mtd_ai,200,0.0050672442736884645,0.35714285714285715,2061.572278427803,0.05,150,5,0.14444444444444446,1.1224451571207767,3.9485323123515808,0.0
mtd_ai,200,0.0050672442736884645,0.36585365853658536,3824.325737858041,0.1,150,5,0.14444444444444446,1.1224451571207767,3.9485323123515808,0.0
mtd_ai,200,0.0050672442736884645,0.4411764705882353,4464.497780245131,0.15,150,5,0.14444444444444446,1.1224451571207767,3.9485323123515808,0.0
mtd_ai,200,0.0050672442736884645,0.46153846153846156,5115.585845274531,0.2,150,5,0.14444444444444446,1.1224451571207767,3.9485323123515808,0.0
mtd_ai,200,0.0050672442736884645,0.4807692307692308,6009.651180680064,0.25,150,5,0.14444444444444446,1.1224451571207767,3.9485323123515808,0.0
mtd_ai,200,0.005096332242490361,0.4166666666666667,1754.6332644601482,0.05,150,5,0.1311111111111111,0.8468266271786201,0.6735899604313296,0.0
mtd_ai,200,0.005096332242490361,0.4838709677419355,2271.0699554572766,0.1,150,5,0.1311111111111111,0.8468266271786201,0.6735899604313296,0.0
mtd_ai,200,0.005096332242490361,0.5,3373.9003356915546,0.15,150,5,0.1311111111111111,0.8468266271786201,0.6735899604313296,0.0
mtd_ai,200,0.005096332242490361,0.5555555555555556,3791.6972178203223,0.2,150,5,0.1311111111111111,0.8468266271786201,0.6735899604313296,0.0
mtd_ai,200,0.005096332242490361,0.5769230769230769,4187.360673906548,0.25,150,5,0.1311111111111111,0.8468266271786201,0.6735899604313296,0.0
mtd_ai,200,0.0050832758901740716,0.25,3142.9194189032396,0.05,150,5,0.117,0.36253617356078954,1.2776136711311363,0.0
mtd_ai,200,0.0050832758901740716,0.3333333333333333,3940.250864874188,0.1,150,5,0.117,0.36253617356078954,1.2776136711311363,0.0
mtd_ai,200,0.0050832758901740716,0.42452830188679247,4271.405658060778,0.15,150,5,0.117,0.36253617356078954,1.2776136711311363,0.0
mtd_ai,200,0.0050832758901740716,0.4411764705882353,5159.396249236866,0.2,150,5,0.117,0.36253617356078954,1.2776136711311363,0.0
mtd_ai,200,0.0050832758901740716,0.4807692307692308,5666.5373535898325,0.25,150,5,0.117,0.36253617356078954,1.2776136711311363,0.0
mtd_ai,200,0.005064862924906793,0.26785714285714285,3096.9707840795486,0.05,150,5,0.11,1.3648800899621285,3.7154797448347567,0.0
mtd_ai,200,0.005064862924906793,0.3409090909090909,4441.455186769999,0.1,150,5,0.11,1.3648800899621285,3.7154797448347567,0.0
mtd_ai,200,0.005064862924906793,0.4166666666666667,4963.938303313611,0.15,150,5,0.11,1.3648800899621285,3.7154797448347567,0.0
mtd_ai,200,0.005064862924906793,0.46153846153846156,5405.189717396505,0.2,150,5,0.11,1.3648800899621285,3.7154797448347567,0.0
mtd_ai,200,0.005064862924906793,0.4934210526315789,6108.617315857422,0.25,150,5,0.11,1.3648800899621285,3.7154797448347567,0.0
mtd_ai,200,0.00506243963515341,0.32608695652173914,2744.4427245025395,0.05,150,5,0.10533333333333333,1.0796748089085484,2.3954693396726143,0.0
mtd_ai,200,0.00506243963515341,0.375,4006.22060378354,0.1,150,5,0.10533333333333333,1.0796748089085484,2.3954693396726143,0.0
mtd_ai,200,0.00506243963515341,0.4166666666666667,5217.923959325992,0.15,150,5,0.10533333333333333,1.0796748089085484,2.3954693396726143,0.0
mtd_ai,200,0.00506243963515341,0.45454545454545453,5678.130222526037,0.2,150,5,0.10533333333333333,1.0796748089085484,2.3954693396726143,0.0
mtd_ai,200,0.00506243963515341,0.47468354430379744,6125.904661393173,0.25,150,5,0.10533333333333333,1.0796748089085484,2.3954693396726143,0.0
mtd_ai,200,0.005052945166460744,0.3409090909090909,1733.1439755950137,0.05,150,5,0.13636363636363635,0.3275133489757435,1.3524594523453302,0.0
mtd_ai,200,0.005052945166460744,0.4411764705882353,2622.8498027979704,0.1,150,5,0.13636363636363635,0.3275133489757435,1.3524594523453302,0.0
mtd_ai,200,0.005052945166460744,0.4326923076923077,4296.292720299139,0.15,150,5,0.13636363636363635,0.3275133489757435,1.3524594523453302,0.0
mtd_ai,200,0.005052945166460744,0.43478260869565216,5302.333046971998,0.2,150,5,0.13636363636363635,0.3275133489757435,1.3524594523453302,0.0
mtd_ai,200,0.005052945166460744,0.36764705882352944,7319.271775629231,0.25,150,5,0.13636363636363635,0.3275133489757435,1.3524594523453302,0.0
mtd_ai,200,0.005059888984713008,0.19736842105263158,3832.4718288650906,0.05,150,5,0.15888888888888889,0.9611742357578569,3.3609369681860644,0.0
mtd_ai,200,0.005059888984713008,0.2830188679245283,4562.554800043677,0.1,150,5,0.15888888888888889,0.9611742357578569,3.3609369681860644,0.0
mtd_ai,200,0.005059888984713008,0.34615384615384615,5448.011015599995,0.15,150,5,0.15888888888888889,0.9611742357578569,3.3609369681860644,0.0
mtd_ai,200,0.005059888984713008,0.39473684210526316,5963.123490811698,0.2,150,5,0.15888888888888889,0.9611742357578569,3.3609369681860644,0.0
mtd_ai,200,0.005059888984713008,0.4166666666666667,6618.826327383795,0.25,150,5,0.15888888888888889,0.9611742357578569,3.3609369681860644,0.0
mtd_ai,200,0.005036469277124445,0.3125,1536.3652519715306,0.05,150,5,0.17844444444444443,0.5866907937655413,2.2806012074861712,5.5
mtd_ai,200,0.005036469277124445,0.3191489361702128,4144.119220441571,0.1,150,5,0.17844444444444443,0.5866907937655413,2.2806012074861712,5.5
mtd_ai,200,0.005036469277124445,0.39473684210526316,4732.305212904205,0.15,150,5,0.17844444444444443,0.5866907937655413,2.2806012074861712,5.5
mtd_ai,200,0.005036469277124445,0.4225352112676056,5792.185116802077,0.2,150,5,0.17844444444444443,0.5866907937655413,2.2806012074861712,5.5
mtd_ai,200,0.005036469277124445,0.4573170731707317,6196.8904221399025,0.25,150,5,0.17844444444444443,0.5866907937655413,2.2806012074861712,5.5
mtd_ai,200,0.005054986850180094,0.375,2213.1391396045965,0.05,150,5,0.14222222222222222,0.8563920462492659,2.8938903539482745,4.8076923076923075
mtd_ai,200,0.005054986850180094,0.38461538461538464,3418.7328240584393,0.1,150,5,0.14222222222222222,0.8563920462492659,2.8938903539482745,4.8076923076923075
mtd_ai,200,0.005054986850180094,0.4326923076923077,4230.078938833729,0.15,150,5,0.14222222222222222,0.8563920462492659,2.8938903539482745,4.8076923076923075
mtd_ai,200,0.005054986850180094,0.4918032786885246,4605.10475714466,0.2,150,5,0.14222222222222222,0.8563920462492659,2.8938903539482745,4.8076923076923075
mtd_ai,200,0.005054986850180094,0.5136986301369864,5290.403453510316,0.25,150,5,0.14222222222222222,0.8563920462492659,2.8938903539482745,4.8076923076923075
mtd_ai,200,0.00508723807707077,0.39473684210526316,1818.5629095891104,0.05,150,5,0.14777777777777779,360.64022041748916,6.7621207919125865,0.0
mtd_ai,200,0.00508723807707077,0.45454545454545453,2825.689664619359,0.1,150,5,0.14777777777777779,360.64022041748916,6.7621207919125865,0.0
mtd_ai,200,0.00508723807707077,0.5357142857142857,3193.355199361623,0.15,150,5,0.14777777777777779,360.64022041748916,6.7621207919125865,0.0
mtd_ai,200,0.00508723807707077,0.47619047619047616,4187.755860490271,0.2,150,5,0.14777777777777779,360.64022041748916,6.7621207919125865,0.0
mtd_ai,200,0.00508723807707077,0.5136986301369864,4694.5073757815335,0.25,150,5,0.14777777777777779,360.64022041748916,6.7621207919125865,0.0
mtd_ai,200,0.00507233091962243,0.375,1655.803537638098,0.05,150,5,0.12511111111111112,1.0544460694851603,1.8584940339545504,0.0
mtd_ai,200,0.00507233091962243,0.36585365853658536,3398.5886402702154,0.1,150,5,0.12511111111111112,1.0544460694851603,1.8584940339545504,0.0
mtd_ai,200,0.00507233091962243,0.4090909090909091,4412.408424278371,0.15,150,5,0.12511111111111112,1.0544460694851603,1.8584940339545504,0.0
mtd_ai,200,0.00507233091962243,0.4411764705882353,4974.584565718008,0.2,150,5,0.12511111111111112,1.0544460694851603,1.8584940339545504,0.0
mtd_ai,200,0.00507233091962243,0.4807692307692308,5448.129526003919,0.25,150,5,0.12511111111111112,1.0544460694851603,1.8584940339545504,0.0
mtd_ai,200,0.005050979153604555,0.4411764705882353,1772.1686343797196,0.05,150,5,0.10733333333333334,0.4679378732936766,1.7248621303293707,0.0
mtd_ai,200,0.005050979153604555,0.5172413793103449,2314.1737284326523,0.1,150,5,0.10733333333333334,0.4679378732936766,1.7248621303293707,0.0
mtd_ai,200,0.005050979153604555,0.5,3511.999849939046,0.15,150,5,0.10733333333333334,0.4679378732936766,1.7248621303293707,0.0
mtd_ai,200,0.005050979153604555,0.4918032786885246,4668.9994408259645,0.2,150,5,0.10733333333333334,0.4679378732936766,1.7248621303293707,0.0
mtd_ai,200,0.005050979153604555,0.5067567567567568,5103.713427490666,0.25,150,5,0.10733333333333334,0.4679378732936766,1.7248621303293707,0.0
mtd_ai,200,0.005056450619976699,0.3,2502.766943285719,0.05,150,5,0.12566666666666668,2.01739924717968,2.234925395789361,0.0
mtd_ai,200,0.005056450619976699,0.3191489361702128,3954.529775650147,0.1,150,5,0.12566666666666668,2.01739924717968,2.234925395789361,0.0
mtd_ai,200,0.005056450619976699,0.32142857142857145,6467.9477000536735,0.15,150,5,0.12566666666666668,2.01739924717968,2.234925395789361,0.0
mtd_ai,200,0.005056450619976699,0.36585365853658536,6924.881886927338,0.2,150,5,0.12566666666666668,2.01739924717968,2.234925395789361,0.0
mtd_ai,200,0.005056450619976699,0.3712871287128713,7721.8849572175195,0.25,150,5,0.12566666666666668,2.01739924717968,2.234925395789361,0.0
mtd_ai,200,0.005081071340087734,0.46875,914.8663972614422,0.05,150,5,0.11777777777777776,1.7523058491487629,2.3665154793823184,0.0
mtd_ai,200,0.005081071340087734,0.42857142857142855,2392.3463512377875,0.1,150,5,0.11777777777777776,1.7523058491487629,2.3665154793823184,0.0
mtd_ai,200,0.005081071340087734,0.4411764705882353,3591.4491362170706,0.15,150,5,0.11777777777777776,1.7523058491487629,2.3665154793823184,0.0
mtd_ai,200,0.005081071340087734,0.5,4012.060640703327,0.2,150,5,0.11777777777777776,1.7523058491487629,2.3665154793823184,0.0
mtd_ai,200,0.005081071340087734,0.5136986301369864,4727.1150652508695,0.25,150,5,0.11777777777777776,1.7523058491487629,2.3665154793823184,0.0
mtd_ai,200,0.00507499438223349,0.2777777777777778,1785.4892241741888,0.05,150,5,0.09857142857142857,0.7117478504652776,1.7201468661272545,0.0
mtd_ai,200,0.00507499438223349,0.32608695652173914,3242.5018211756533,0.1,150,5,0.09857142857142857,0.7117478504652776,1.7201468661272545,0.0
mtd_ai,200,0.00507499438223349,0.4017857142857143,3659.6863439980025,0.15,150,5,0.09857142857142857,0.7117478504652776,1.7201468661272545,0.0
mtd_ai,200,0.00507499438223349,0.4225352112676056,4837.3108154193715,0.2,150,5,0.09857142857142857,0.7117478504652776,1.7201468661272545,0.0
mtd_ai,200,0.00507499438223349,0.44642857142857145,5484.967195182571,0.25,150,5,0.09857142857142857,0.7117478504652776,1.7201468661272545,0.0
mtd_ai,200,0.005061082904518985,0.32608695652173914,2718.60323053055,0.05,150,5,0.13666666666666666,0.88754745937576,3.8713714303937214,0.0
mtd_ai,200,0.005061082904518985,0.39473684210526316,3907.131968500439,0.1,150,5,0.13666666666666666,0.88754745937576,3.8713714303937214,0.0
mtd_ai,200,0.005061082904518985,0.4166666666666667,5459.6405525180635,0.15,150,5,0.13666666666666666,0.88754745937576,3.8713714303937214,0.0
mtd_ai,200,0.005061082904518985,0.4225352112676056,6311.020101375365,0.2,150,5,0.13666666666666666,0.88754745937576,3.8713714303937214,0.0
mtd_ai,200,0.005061082904518985,0.45180722891566266,7105.2699436907205,0.25,150,5,0.13666666666666666,0.88754745937576,3.8713714303937214,0.0
mtd_ai,200,0.005077436015843969,0.35714285714285715,1928.7997625801877,0.05,150,5,0.1111111111111111,0.1825586388536987,0.6864818930031317,0.0
mtd_ai,200,0.005077436015843969,0.36585365853658536,3958.078635961346,0.1,150,5,0.1111111111111111,0.1825586388536987,0.6864818930031317,0.0
mtd_ai,200,0.005077436015843969,0.4166666666666667,4539.493577932411,0.15,150,5,0.1111111111111111,0.1825586388536987,0.6864818930031317,0.0
mtd_ai,200,0.005077436015843969,0.46153846153846156,5079.439817676583,0.2,150,5,0.1111111111111111,0.1825586388536987,0.6864818930031317,0.0
mtd_ai,200,0.005077436015843969,0.4934210526315789,5482.311736863801,0.25,150,5,0.1111111111111111,0.1825586388536987,0.6864818930031317,0.0
mtd_ai,200,0.005068828106502083,0.39473684210526316,1691.602280096014,0.05,150,5,0.09090909090909091,0.1534988496862394,0.6819735314643652,0.0
mtd_ai,200,0.005068828106502083,0.4411764705882353,2596.868363948518,0.1,150,5,0.09090909090909091,0.1534988496862394,0.6819735314643652,0.0
mtd_ai,200,0.005068828106502083,0.39473684210526316,4835.573372721528,0.15,150,5,0.09090909090909091,0.1534988496862394,0.6819735314643652,0.0
mtd_ai,200,0.005068828106502083,0.42857142857142855,5425.470464231931,0.2,150,5,0.09090909090909091,0.1534988496862394,0.6819735314643652,0.0
mtd_ai,200,0.005068828106502083,0.45180722891566266,6104.6656406244365,0.25,150,5,0.09090909090909091,0.1534988496862394,0.6819735314643652,0.0
mtd_ai,200,0.005074529677133945,0.28846153846153844,2374.609562125293,0.05,150,5,0.10444444444444445,0.17115472215975838,0.5173263450997648,0.0
mtd_ai,200,0.005074529677133945,0.38461538461538464,3315.311204166786,0.1,150,5,0.10444444444444445,0.17115472215975838,0.5173263450997648,0.0
mtd_ai,200,0.005074529677133945,0.4411764705882353,3764.139179984831,0.15,150,5,0.10444444444444445,0.17115472215975838,0.5173263450997648,0.0
mtd_ai,200,0.005074529677133945,0.45454545454545453,4567.551215551686,0.2,150,5,0.10444444444444445,0.17115472215975838,0.5173263450997648,0.0
mtd_ai,200,0.005074529677133945,0.46296296296296297,5270.1558592768815,0.25,150,5,0.10444444444444445,0.17115472215975838,0.5173263450997648,0.0
mtd_ai,200,0.005066534596253606,0.32608695652173914,2056.9605827723394,0.05,150,5,0.10571428571428572,0.6863346927670884,2.6674070017442406,0.0
mtd_ai,200,0.005066534596253606,0.38461538461538464,3163.4181909953213,0.1,150,5,0.10571428571428572,0.6863346927670884,2.6674070017442406,0.0
mtd_ai,200,0.005066534596253606,0.42452830188679247,4100.526747278171,0.15,150,5,0.10571428571428572,0.6863346927670884,2.6674070017442406,0.0
mtd_ai,200,0.005066534596253606,0.43478260869565216,5382.341325846545,0.2,150,5,0.10571428571428572,0.6863346927670884,2.6674070017442406,0.0
mtd_ai,200,0.005066534596253606,0.487012987012987,5733.34771043506,0.25,150,5,0.10571428571428572,0.6863346927670884,2.6674070017442406,0.0
mtd_ai,200,0.005077095870314426,0.3,2887.4680612077864,0.05,150,5,0.13722222222222222,6.346548925151371,4.899050485524576,0.0
mtd_ai,200,0.005077095870314426,0.36585365853658536,3866.146046026768,0.1,150,5,0.13722222222222222,6.346548925151371,4.899050485524576,0.0
mtd_ai,200,0.005077095870314426,0.4326923076923077,4464.438619572982,0.15,150,5,0.13722222222222222,6.346548925151371,4.899050485524576,0.0
mtd_ai,200,0.005077095870314426,0.46875,5111.368706267261,0.2,150,5,0.13722222222222222,6.346548925151371,4.899050485524576,0.0
mtd_ai,200,0.005077095870314426,0.5067567567567568,5593.536301301835,0.25,150,5,0.13722222222222222,6.346548925151371,4.899050485524576,0.0
mtd_ai,200,0.0050454076964569355,0.234375,3137.52813760929,0.05,150,5,0.145,1.9424379992407246,2.774619118550517,0.0
mtd_ai,200,0.0050454076964569355,0.3333333333333333,3939.851808657839,0.1,150,5,0.145,1.9424379992407246,2.774619118550517,0.0
mtd_ai,200,0.0050454076964569355,0.39473684210526316,4919.267053825126,0.15,150,5,0.145,1.9424379992407246,2.774619118550517,0.0
mtd_ai,200,0.0050454076964569355,0.43478260869565216,5633.2217301502815,0.2,150,5,0.145,1.9424379992407246,2.774619118550517,0.0
mtd_ai,200,0.0050454076964569355,0.4807692307692308,5969.479364273979,0.25,150,5,0.145,1.9424379992407246,2.774619118550517,0.0
mtd_ai,200,0.005056504519591854,0.26785714285714285,2388.276463875516,0.05,150,5,0.12666666666666668,0.4613628818837591,0.9339463615082191,0.0
mtd_ai,200,0.005056504519591854,0.32608695652173914,3563.0029561836154,0.1,150,5,0.12666666666666668,0.4613628818837591,0.9339463615082191,0.0
mtd_ai,200,0.005056504519591854,0.35714285714285715,4438.492462202441,0.15,150,5,0.12666666666666668,0.4613628818837591,0.9339463615082191,0.0
mtd_ai,200,0.005056504519591854,0.3614457831325301,5988.3846601842215,0.2,150,5,0.12666666666666668,0.4613628818837591,0.9339463615082191,0.0
mtd_ai,200,0.005056504519591854,0.39893617021276595,6590.729229268198,0.25,150,5,0.12666666666666668,0.4613628818837591,0.9339463615082191,0.0
mtd_ai,200,0.005085185731740458,0.3,2676.6115965198524,0.05,150,5,0.13642857142857143,0.5901292383686079,2.2286178187092474,0.0
mtd_ai,200,0.005085185731740458,0.35714285714285715,3903.5254519951854,0.1,150,5,0.13642857142857143,0.5901292383686079,2.2286178187092474,0.0
mtd_ai,200,0.005085185731740458,0.42452830188679247,4496.4817175382595,0.15,150,5,0.13642857142857143,0.5901292383686079,2.2286178187092474,0.0
mtd_ai,200,0.005085185731740458,0.4838709677419355,5138.530265725509,0.2,150,5,0.13642857142857143,0.5901292383686079,2.2286178187092474,0.0
mtd_ai,200,0.005085185731740458,0.528169014084507,5615.50361006475,0.25,150,5,0.13642857142857143,0.5901292383686079,2.2286178187092474,0.0
mtd_ai,200,0.005051476108511912,0.21428571428571427,3316.1710114622656,0.05,150,5,0.11222222222222221,0.20588073181267247,0.7232312930220891,0.0
mtd_ai,200,0.005051476108511912,0.30612244897959184,4627.280503397322,0.1,150,5,0.11222222222222221,0.20588073181267247,0.7232312930220891,0.0
mtd_ai,200,0.005051476108511912,0.375,5332.421061538784,0.15,150,5,0.11222222222222221,0.20588073181267247,0.7232312930220891,0.0
mtd_ai,200,0.005051476108511912,0.37037037037037035,7385.830524050032,0.2,150,5,0.11222222222222221,0.20588073181267247,0.7232312930220891,0.0
mtd_ai,200,0.005051476108511912,0.4076086956521739,7774.595978876507,0.25,150,5,0.11222222222222221,0.20588073181267247,0.7232312930220891,0.0
mtd_ai,200,0.005061022324271954,0.3125,2003.0457263520698,0.05,150,5,0.1538888888888889,0.029188884215361,0.11479330513997703,0.0
mtd_ai,200,0.005061022324271954,0.3125,3818.8696754956413,0.1,150,5,0.1538888888888889,0.029188884215361,0.11479330513997703,0.0
mtd_ai,200,0.005061022324271954,0.3515625,4672.186267697511,0.15,150,5,0.1538888888888889,0.029188884215361,0.11479330513997703,0.0
mtd_ai,200,0.005061022324271954,0.39473684210526316,5250.230748008458,0.2,150,5,0.1538888888888889,0.029188884215361,0.11479330513997703,0.0
mtd_ai,200,0.005061022324271954,0.39893617021276595,6797.114818855936,0.25,150,5,0.1538888888888889,0.029188884215361,0.11479330513997703,0.0
mtd_ai,200,0.005040026285720679,0.39473684210526316,1390.7196514332059,0.05,150,5,0.11333333333333333,0.5776951077358892,1.957292190883868,0.0
mtd_ai,200,0.005040026285720679,0.4411764705882353,2486.3580762249,0.1,150,5,0.11333333333333333,0.5776951077358892,1.957292190883868,0.0
mtd_ai,200,0.005040026285720679,0.45918367346938777,3397.174784661771,0.15,150,5,0.11333333333333333,0.5776951077358892,1.957292190883868,0.0
mtd_ai,200,0.005040026285720679,0.45454545454545453,4356.295292881488,0.2,150,5,0.11333333333333333,0.5776951077358892,1.957292190883868,0.0
mtd_ai,200,0.005040026285720679,0.46296296296296297,5603.571030354529,0.25,150,5,0.11333333333333333,0.5776951077358892,1.957292190883868,0.0
mtd_ai,200,0.005072854431127004,0.375,1902.7188706328104,0.05,150,5,0.10111111111111111,1.2277678263742373,3.957171074492057,0.0
mtd_ai,200,0.005072854431127004,0.375,3815.4895519230085,0.1,150,5,0.10111111111111111,1.2277678263742373,3.957171074492057,0.0
mtd_ai,200,0.005072854431127004,0.4166666666666667,4892.2489370048015,0.15,150,5,0.10111111111111111,1.2277678263742373,3.957171074492057,0.0
mtd_ai,200,0.005072854431127004,0.46153846153846156,5490.426045555138,0.2,150,5,0.10111111111111111,1.2277678263742373,3.957171074492057,0.0
mtd_ai,200,0.005072854431127004,0.4934210526315789,5951.358028060586,0.25,150,5,0.10111111111111111,1.2277678263742373,3.957171074492057,0.0
mtd_ai,200,0.005054211031204226,0.28846153846153844,2997.1269508593414,0.05,150,5,0.125,0.5473121092607889,2.0309472713827,0.0
mtd_ai,200,0.005054211031204226,0.375,3895.290515814522,0.1,150,5,0.125,0.5473121092607889,2.0309472713827,0.0
mtd_ai,200,0.005054211031204226,0.4411764705882353,4539.832255775361,0.15,150,5,0.125,0.5473121092607889,2.0309472713827,0.0
mtd_ai,200,0.005054211031204226,0.40540540540540543,5828.579985654701,0.2,150,5,0.125,0.5473121092607889,2.0309472713827,0.0
mtd_ai,200,0.005054211031204226,0.4411764705882353,6682.088994263725,0.25,150,5,0.125,0.5473121092607889,2.0309472713827,0.0
mtd_ai,200,0.005045212994673424,0.3125,1965.0346979464605,0.05,150,5,0.16666666666666666,0.5368396680101876,1.8815815070151212,0.0
mtd_ai,200,0.005045212994673424,0.36585365853658536,3347.2497144993295,0.1,150,5,0.16666666666666666,0.5368396680101876,1.8815815070151212,0.0
mtd_ai,200,0.005045212994673424,0.42452830188679247,4210.98436931713,0.15,150,5,0.16666666666666666,0.5368396680101876,1.8815815070151212,0.0
mtd_ai,200,0.005045212994673424,0.44776119402985076,5096.501007656499,0.2,150,5,0.16666666666666666,0.5368396680101876,1.8815815070151212,0.0
mtd_ai,200,0.005045212994673424,0.46875,5541.228829118645,0.25,150,5,0.16666666666666666,0.5368396680101876,1.8815815070151212,0.0
mtd_ai,200,0.005076282341652355,0.4166666666666667,2048.0888667621225,0.05,150,5,0.11666666666666667,0.9332737971089125,2.2844951001485247,0.0
mtd_ai,200,0.005076282341652355,0.4838709677419355,2821.317063337029,0.1,150,5,0.11666666666666667,0.9332737971089125,2.2844951001485247,0.0
mtd_ai,200,0.005076282341652355,0.4891304347826087,3937.5431950278034,0.15,150,5,0.11666666666666667,0.9332737971089125,2.2844951001485247,0.0
mtd_ai,200,0.005076282341652355,0.46875,5201.775557686848,0.2,150,5,0.11666666666666667,0.9332737971089125,2.2844951001485247,0.0
mtd_ai,200,0.005076282341652355,0.47468354430379744,5688.904337252707,0.25,150,5,0.11666666666666667,0.9332737971089125,2.2844951001485247,0.0
mtd_ai,200,0.005090324186768719,0.35714285714285715,2122.0890245541364,0.05,150,5,0.09333333333333334,0.4823875915747167,2.0579250098747845,0.0
mtd_ai,200,0.005090324186768719,0.4411764705882353,2983.272638204756,0.1,150,5,0.09333333333333334,0.4823875915747167,2.0579250098747845,0.0
mtd_ai,200,0.005090324186768719,0.5,3617.1649694231182,0.15,150,5,0.09333333333333334,0.4823875915747167,2.0579250098747845,0.0
mtd_ai,200,0.005090324186768719,0.5084745762711864,4608.775982175978,0.2,150,5,0.09333333333333334,0.4823875915747167,2.0579250098747845,0.0
mtd_ai,200,0.005090324186768719,0.5208333333333334,5162.071733443319,0.25,150,5,0.09333333333333334,0.4823875915747167,2.0579250098747845,0.0
mtd_ai,200,0.0050793724110777105,0.35714285714285715,1678.141906522396,0.05,150,5,0.1322222222222222,0.5916451950545715,2.5158877645045714,0.0
mtd_ai,200,0.0050793724110777105,0.375,3247.7678326047376,0.1,150,5,0.1322222222222222,0.5916451950545715,2.5158877645045714,0.0
mtd_ai,200,0.0050793724110777105,0.42452830188679247,4185.650538504377,0.15,150,5,0.1322222222222222,0.5916451950545715,2.5158877645045714,0.0
mtd_ai,200,0.0050793724110777105,0.46153846153846156,4882.716594879439,0.2,150,5,0.1322222222222222,0.5916451950545715,2.5158877645045714,0.0
mtd_ai,200,0.0050793724110777105,0.46875,5627.366119696856,0.25,150,5,0.1322222222222222,0.5916451950545715,2.5158877645045714,0.0
mtd_ai,200,0.005045888607908829,0.39473684210526316,1848.4461729896996,0.05,150,5,0.07833333333333334,4.428869056472579,6.487572759263697,4.827586206896552
mtd_ai,200,0.005045888607908829,0.40540540540540543,3573.6456673950997,0.1,150,5,0.07833333333333334,4.428869056472579,6.487572759263697,4.827586206896552
mtd_ai,200,0.005045888607908829,0.4411764705882353,4271.017468306081,0.15,150,5,0.07833333333333334,4.428869056472579,6.487572759263697,4.827586206896552
mtd_ai,200,0.005045888607908829,0.47619047619047616,4993.975229500935,0.2,150,5,0.07833333333333334,4.428869056472579,6.487572759263697,4.827586206896552
mtd_ai,200,0.005045888607908829,0.5136986301369864,5374.353693122441,0.25,150,5,0.07833333333333334,4.428869056472579,6.487572759263697,4.827586206896552
mtd_ai,200,0.005055159127582602,0.46875,1388.3350045794673,0.05,150,5,0.09533333333333334,0.1819046560771205,0.33051346605322174,0.0
mtd_ai,200,0.005055159127582602,0.5,2315.775216897333,0.1,150,5,0.09533333333333334,0.1819046560771205,0.33051346605322174,0.0
mtd_ai,200,0.005055159127582602,0.5,3686.772583537584,0.15,150,5,0.09533333333333334,0.1819046560771205,0.33051346605322174,0.0
mtd_ai,200,0.005055159127582602,0.4918032786885246,4788.157592520722,0.2,150,5,0.09533333333333334,0.1819046560771205,0.33051346605322174,0.0
mtd_ai,200,0.005055159127582602,0.5208333333333334,5381.89562742631,0.25,150,5,0.09533333333333334,0.1819046560771205,0.33051346605322174,0.0
mtd_ai,200,0.0050443903581944205,0.4166666666666667,1321.4639048780004,0.05,150,5,0.3,1.4015782271305672,3.86423285792219,-0.3333333333333333
mtd_ai,200,0.0050443903581944205,0.5172413793103449,2068.351908673213,0.1,150,5,0.3,1.4015782271305672,3.86423285792219,-0.3333333333333333
mtd_ai,200,0.0050443903581944205,0.4787234042553192,4028.343722746745,0.15,150,5,0.3,1.4015782271305672,3.86423285792219,-0.3333333333333333
mtd_ai,200,0.0050443903581944205,0.47619047619047616,4940.27552109585,0.2,150,5,0.3,1.4015782271305672,3.86423285792219,-0.3333333333333333
mtd_ai,200,0.0050443903581944205,0.4934210526315789,5601.874633413177,0.25,150,5,0.3,1.4015782271305672,3.86423285792219,-0.3333333333333333
mtd_ai,200,0.00505845302927277,0.375,2249.3891932838515,0.05,150,5,0.12555555555555556,0.30717951724005477,1.0221176876059728,0.0
mtd_ai,200,0.00505845302927277,0.36585365853658536,4110.164151952247,0.1,150,5,0.12555555555555556,0.30717951724005477,1.0221176876059728,0.0
mtd_ai,200,0.00505845302927277,0.39473684210526316,6004.55684296252,0.15,150,5,0.12555555555555556,0.30717951724005477,1.0221176876059728,0.0
mtd_ai,200,0.00505845302927277,0.40540540540540543,6941.537669106425,0.2,150,5,0.12555555555555556,0.30717951724005477,1.0221176876059728,0.0
mtd_ai,200,0.00505845302927277,0.42613636363636365,7767.051424794081,0.25,150,5,0.12555555555555556,0.30717951724005477,1.0221176876059728,0.0
mtd_ai,200,0.005060982297828318,0.28846153846153844,1904.2661231929974,0.05,150,5,0.10666666666666667,0.9435227317231628,3.991942595948356,0.0
mtd_ai,200,0.005060982297828318,0.3191489361702128,3306.345337432045,0.1,150,5,0.10666666666666667,0.9435227317231628,3.991942595948356,0.0
mtd_ai,200,0.005060982297828318,0.3629032258064516,4903.350196984602,0.15,150,5,0.10666666666666667,0.9435227317231628,3.991942595948356,0.0
mtd_ai,200,0.005060982297828318,0.39473684210526316,5665.793821918007,0.2,150,5,0.10666666666666667,0.9435227317231628,3.991942595948356,0.0
mtd_ai,200,0.005060982297828318,0.4166666666666667,6327.982320643979,0.25,150,5,0.10666666666666667,0.9435227317231628,3.991942595948356,0.0
mtd_ai,200,0.005055902681512105,0.28846153846153844,2768.5856065664407,0.05,150,5,0.12333333333333334,1.9891849326855702,4.195819197701609,0.0
mtd_ai,200,0.005055902681512105,0.2727272727272727,4237.126196294004,0.1,150,5,0.12333333333333334,1.9891849326855702,4.195819197701609,0.0
mtd_ai,200,0.005055902681512105,0.3358208955223881,4801.821890824236,0.15,150,5,0.12333333333333334,1.9891849326855702,4.195819197701609,0.0
mtd_ai,200,0.005055902681512105,0.375,5462.7246285837355,0.2,150,5,0.12333333333333334,1.9891849326855702,4.195819197701609,0.0
mtd_ai,200,0.005055902681512105,0.3787878787878788,7062.062557093801,0.25,150,5,0.12333333333333334,1.9891849326855702,4.195819197701609,0.0
mtd_ai,200,0.005046593483539978,0.2777777777777778,2163.4706014704916,0.05,150,5,0.13055555555555554,1.1744847757102304,1.8385740072894834,0.0
mtd_ai,200,0.005046593483539978,0.3488372093023256,2994.006655278871,0.1,150,5,0.13055555555555554,1.1744847757102304,1.8385740072894834,0.0
mtd_ai,200,0.005046593483539978,0.3629032258064516,4186.6509041211175,0.15,150,5,0.13055555555555554,1.1744847757102304,1.8385740072894834,0.0
mtd_ai,200,0.005046593483539978,0.410958904109589,4995.64267284151,0.2,150,5,0.13055555555555554,1.1744847757102304,1.8385740072894834,0.0
mtd_ai,200,0.005046593483539978,0.44642857142857145,5805.975668046944,0.25,150,5,0.13055555555555554,1.1744847757102304,1.8385740072894834,0.0
mtd_ai,200,0.005058494720441657,0.3,2781.8576316066324,0.05,150,5,0.13333333333333333,1.957939423862978,3.8041774407994464,0.0
mtd_ai,200,0.005058494720441657,0.29411764705882354,5120.06294328591,0.1,150,5,0.13333333333333333,1.957939423862978,3.8041774407994464,0.0
mtd_ai,200,0.005058494720441657,0.3515625,5825.1885815358455,0.15,150,5,0.13333333333333333,1.957939423862978,3.8041774407994464,0.0
mtd_ai,200,0.005058494720441657,0.38461538461538464,6459.516754984241,0.2,150,5,0.13333333333333333,1.957939423862978,3.8041774407994464,0.0
mtd_ai,200,0.005058494720441657,0.42613636363636365,6848.05770412715,0.25,150,5,0.13333333333333333,1.957939423862978,3.8041774407994464,0.0
mtd_ai,200,0.005070040534770563,0.375,2401.771899929415,0.05,150,5,0.14333333333333334,0.8356032038118004,3.685635830225151,0.0
mtd_ai,200,0.005070040534770563,0.4411764705882353,3355.123294657164,0.1,150,5,0.14333333333333334,0.8356032038118004,3.685635830225151,0.0
mtd_ai,200,0.005070040534770563,0.46875,3962.2281575208485,0.15,150,5,0.14333333333333334,0.8356032038118004,3.685635830225151,0.0
mtd_ai,200,0.005070040534770563,0.47619047619047616,5239.754369801662,0.2,150,5,0.14333333333333334,0.8356032038118004,3.685635830225151,0.0
mtd_ai,200,0.005070040534770563,0.4934210526315789,5835.097569798243,0.25,150,5,0.14333333333333334,0.8356032038118004,3.685635830225151,0.0
mtd_ai,200,0.005050971569022255,0.14423076923076922,4164.9758367515005,0.05,150,5,0.10666666666666667,1.5634291005437626,4.807498712264756,0.0
mtd_ai,200,0.005050971569022255,0.21739130434782608,5489.988104014609,0.1,150,5,0.10666666666666667,1.5634291005437626,4.807498712264756,0.0
mtd_ai,200,0.005050971569022255,0.26785714285714285,6577.934771143522,0.15,150,5,0.10666666666666667,1.5634291005437626,4.807498712264756,0.0
mtd_ai,200,0.005050971569022255,0.29411764705882354,7389.715223126561,0.2,150,5,0.10666666666666667,1.5634291005437626,4.807498712264756,0.0
mtd_ai,200,0.005050971569022255,0.3024193548387097,8204.4256427725,0.25,150,5,0.10666666666666667,1.5634291005437626,4.807498712264756,0.0
mtd_ai,200,0.005043790321268855,0.39473684210526316,1650.653104297733,0.05,150,5,0.13833333333333334,0.18767349270651515,0.837204913412039,4.448275862068965
mtd_ai,200,0.005043790321268855,0.40540540540540543,2774.5562808040577,0.1,150,5,0.13833333333333334,0.18767349270651515,0.837204913412039,4.448275862068965
mtd_ai,200,0.005043790321268855,0.4891304347826087,3243.7144931943385,0.15,150,5,0.13833333333333334,0.18767349270651515,0.837204913412039,4.448275862068965
mtd_ai,200,0.005043790321268855,0.4838709677419355,4294.716672060016,0.2,150,5,0.13833333333333334,0.18767349270651515,0.837204913412039,4.448275862068965
mtd_ai,200,0.005043790321268855,0.4934210526315789,5801.8106415220445,0.25,150,5,0.13833333333333334,0.18767349270651515,0.837204913412039,4.448275862068965
mtd_ai,200,0.0050762840832005145,0.35714285714285715,1811.5363232167183,0.05,150,5,0.15333333333333332,0.42744861035248866,1.311311398859037,0.0
mtd_ai,200,0.0050762840832005145,0.4411764705882353,2969.7132257551852,0.1,150,5,0.15333333333333332,0.42744861035248866,1.311311398859037,0.0
mtd_ai,200,0.0050762840832005145,0.45,4215.899405671158,0.15,150,5,0.15333333333333332,0.42744861035248866,1.311311398859037,0.0
mtd_ai,200,0.0050762840832005145,0.44776119402985076,5085.8101186736985,0.2,150,5,0.15333333333333332,0.42744861035248866,1.311311398859037,0.0
mtd_ai,200,0.0050762840832005145,0.4807692307692308,5608.135171702901,0.25,150,5,0.15333333333333332,0.42744861035248866,1.311311398859037,0.0
mtd_ai,200,0.005077266745082403,0.46875,1501.3209310955062,0.05,150,5,0.19811111111111113,0.5035366093554131,1.5404612424402702,0.0
mtd_ai,200,0.005077266745082403,0.45454545454545453,2982.090667716108,0.1,150,5,0.19811111111111113,0.5035366093554131,1.5404612424402702,0.0
mtd_ai,200,0.005077266745082403,0.5232558139534884,3521.084473656721,0.15,150,5,0.19811111111111113,0.5035366093554131,1.5404612424402702,0.0
mtd_ai,200,0.005077266745082403,0.4838709677419355,5099.234105036025,0.2,150,5,0.19811111111111113,0.5035366093554131,1.5404612424402702,0.0
mtd_ai,200,0.005077266745082403,0.5067567567567568,5640.119023309173,0.25,150,5,0.19811111111111113,0.5035366093554131,1.5404612424402702,0.0
mtd_ai,200,0.005066062524955772,0.28846153846153844,3041.770604336596,0.05,150,5,0.11555555555555555,0.053092576977783204,0.20195041210399986,0.0
mtd_ai,200,0.005066062524955772,0.3409090909090909,4491.539573669752,0.1,150,5,0.11555555555555555,0.053092576977783204,0.20195041210399986,0.0
mtd_ai,200,0.005066062524955772,0.42452830188679247,4971.0781059565315,0.15,150,5,0.11555555555555555,0.053092576977783204,0.20195041210399986,0.0
mtd_ai,200,0.005066062524955772,0.46875,5719.727705079342,0.2,150,5,0.11555555555555555,0.053092576977783204,0.20195041210399986,0.0
mtd_ai,200,0.005066062524955772,0.4934210526315789,6274.599440159265,0.25,150,5,0.11555555555555555,0.053092576977783204,0.20195041210399986,0.0
mtd_ai,200,0.0050646441435670386,0.35714285714285715,2027.214698850355,0.05,150,5,0.1608888888888889,0.856114293889435,2.997322533537666,0.0
mtd_ai,200,0.0050646441435670386,0.38461538461538464,3391.544794403986,0.1,150,5,0.1608888888888889,0.856114293889435,2.997322533537666,0.0
mtd_ai,200,0.0050646441435670386,0.36885245901639346,4875.835681283434,0.15,150,5,0.1608888888888889,0.856114293889435,2.997322533537666,0.0
mtd_ai,200,0.0050646441435670386,0.35714285714285715,5801.849077212044,0.2,150,5,0.1608888888888889,0.856114293889435,2.997322533537666,0.0
mtd_ai,200,0.0050646441435670386,0.3712871287128713,6426.9346225541485,0.25,150,5,0.1608888888888889,0.856114293889435,2.997322533537666,0.0
mtd_ai,200,0.00505896119646458,0.3125,1869.8099167297755,0.05,150,5,0.09333333333333334,1.622624660393508,3.5234468545704742,0.0
mtd_ai,200,0.00505896119646458,0.29411764705882354,3800.1683138794406,0.1,150,5,0.09333333333333334,1.622624660393508,3.5234468545704742,0.0
mtd_ai,200,0.00505896119646458,0.32608695652173914,4754.026013633075,0.15,150,5,0.09333333333333334,1.622624660393508,3.5234468545704742,0.0
mtd_ai,200,0.00505896119646458,0.32967032967032966,6187.698851824519,0.2,150,5,0.09333333333333334,1.622624660393508,3.5234468545704742,0.0
mtd_ai,200,0.00505896119646458,0.36764705882352944,6605.50298131783,0.25,150,5,0.09333333333333334,1.622624660393508,3.5234468545704742,0.0
mtd_ai,200,0.005064334660252262,0.21428571428571427,3452.9266768529938,0.05,150,5,0.0625,2.500176906942395,4.447213818915949,0.0
mtd_ai,200,0.005064334660252262,0.3,4536.421807575296,0.1,150,5,0.0625,2.500176906942395,4.447213818915949,0.0
mtd_ai,200,0.005064334660252262,0.32608695652173914,5317.692712456371,0.15,150,5,0.0625,2.500176906942395,4.447213818915949,0.0
mtd_ai,200,0.005064334660252262,0.38461538461538464,5895.286387205052,0.2,150,5,0.0625,2.500176906942395,4.447213818915949,0.0
mtd_ai,200,0.005064334660252262,0.42134831460674155,6455.767258573448,0.25,150,5,0.0625,2.500176906942395,4.447213818915949,0.0
mtd_ai,200,0.005046607616044983,0.32608695652173914,2487.0326622118237,0.05,150,5,0.065,1.0778546024273632,3.7739993961903155,0.0
mtd_ai,200,0.005046607616044983,0.4166666666666667,3452.190580104525,0.1,150,5,0.065,1.0778546024273632,3.7739993961903155,0.0
mtd_ai,200,0.005046607616044983,0.4411764705882353,4784.582754198125,0.15,150,5,0.065,1.0778546024273632,3.7739993961903155,0.0
mtd_ai,200,0.005046607616044983,0.46153846153846156,5502.773170717352,0.2,150,5,0.065,1.0778546024273632,3.7739993961903155,0.0
mtd_ai,200,0.005046607616044983,0.5,6060.011053108815,0.25,150,5,0.065,1.0778546024273632,3.7739993961903155,0.0
mtd_ai,200,0.005068759919398118,0.22727272727272727,2386.662120938242,0.05,150,5,0.21428571428571427,0.5304918684779828,1.142314306450713,0.0
mtd_ai,200,0.005068759919398118,0.2777777777777778,3854.5744264396944,0.1,150,5,0.21428571428571427,0.5304918684779828,1.142314306450713,0.0
mtd_ai,200,0.005068759919398118,0.32608695652173914,4594.220422542536,0.15,150,5,0.21428571428571427,0.5304918684779828,1.142314306450713,0.0
mtd_ai,200,0.005068759919398118,0.375,5220.08379747067,0.2,150,5,0.21428571428571427,0.5304918684779828,1.142314306450713,0.0
mtd_ai,200,0.005068759919398118,0.42134831460674155,5545.154979569538,0.25,150,5,0.21428571428571427,0.5304918684779828,1.142314306450713,0.0
mtd_ai,200,0.005041904347087192,0.35714285714285715,2034.3896560125609,0.05,150,5,0.09333333333333334,0.5676964246103197,1.5353735770238055,0.0
mtd_ai,200,0.005041904347087192,0.38461538461538464,3929.5785504858845,0.1,150,5,0.09333333333333334,0.5676964246103197,1.5353735770238055,0.0
mtd_ai,200,0.005041904347087192,0.4166666666666667,4780.405723119751,0.15,150,5,0.09333333333333334,0.5676964246103197,1.5353735770238055,0.0
mtd_ai,200,0.005041904347087192,0.46875,5285.68813302273,0.2,150,5,0.09333333333333334,0.5676964246103197,1.5353735770238055,0.0
mtd_ai,200,0.005041904347087192,0.5067567567567568,5742.992076083499,0.25,150,5,0.09333333333333334,0.5676964246103197,1.5353735770238055,0.0
mtd_ai,200,0.005074983809719725,0.4166666666666667,2293.940533997128,0.05,150,5,0.14222222222222222,0.19522027858484656,0.498085694753555,0.0
mtd_ai,200,0.005074983809719725,0.4411764705882353,3931.6755235763308,0.1,150,5,0.14222222222222222,0.19522027858484656,0.498085694753555,0.0
mtd_ai,200,0.005074983809719725,0.5,4603.602258505495,0.15,150,5,0.14222222222222222,0.19522027858484656,0.498085694753555,0.0
mtd_ai,200,0.005074983809719725,0.5454545454545454,5008.319720340709,0.2,150,5,0.14222222222222222,0.19522027858484656,0.498085694753555,0.0
mtd_ai,200,0.005074983809719725,0.5769230769230769,5761.911033674416,0.25,150,5,0.14222222222222222,0.19522027858484656,0.498085694753555,0.0
mtd_ai,200,0.0050797993148809,0.3125,2616.9368990656258,0.05,150,5,0.12851851851851853,0.7362010491671294,2.505778307713229,0.0
mtd_ai,200,0.0050797993148809,0.39473684210526316,3543.0382657340806,0.1,150,5,0.12851851851851853,0.7362010491671294,2.505778307713229,0.0
mtd_ai,200,0.0050797993148809,0.45918367346938777,4161.213802842173,0.15,150,5,0.12851851851851853,0.7362010491671294,2.505778307713229,0.0
mtd_ai,200,0.0050797993148809,0.46875,5096.117131338967,0.2,150,5,0.12851851851851853,0.7362010491671294,2.505778307713229,0.0
mtd_ai,200,0.0050797993148809,0.4934210526315789,5598.600731434779,0.25,150,5,0.12851851851851853,0.7362010491671294,2.505778307713229,0.0
mtd_ai,200,0.005036789398964711,0.19230769230769232,3839.9514848690724,0.05,150,5,0.1497777777777778,1.033850036351626,2.12761374095139,0.0
mtd_ai,200,0.005036789398964711,0.26785714285714285,5016.135762609108,0.1,150,5,0.1497777777777778,1.033850036351626,2.12761374095139,0.0
mtd_ai,200,0.005036789398964711,0.33088235294117646,5772.896698857639,0.15,150,5,0.1497777777777778,1.033850036351626,2.12761374095139,0.0
mtd_ai,200,0.005036789398964711,0.37037037037037035,6590.547520729318,0.2,150,5,0.1497777777777778,1.033850036351626,2.12761374095139,0.0
mtd_ai,200,0.005036789398964711,0.4076086956521739,7308.659281071265,0.25,150,5,0.1497777777777778,1.033850036351626,2.12761374095139,0.0
mtd_ai,200,0.005078850198961877,0.5357142857142857,1359.9234000618408,0.05,150,5,0.17647058823529413,0.9144897961847714,1.6252840375945679,0.0
mtd_ai,200,0.005078850198961877,0.5,2594.5783475085536,0.1,150,5,0.17647058823529413,0.9144897961847714,1.6252840375945679,0.0
mtd_ai,200,0.005078850198961877,0.5357142857142857,3605.7128720992014,0.15,150,5,0.17647058823529413,0.9144897961847714,1.6252840375945679,0.0
mtd_ai,200,0.005078850198961877,0.5172413793103449,4440.397539143708,0.2,150,5,0.17647058823529413,0.9144897961847714,1.6252840375945679,0.0
mtd_ai,200,0.005078850198961877,0.4934210526315789,5327.998362583185,0.25,150,5,0.17647058823529413,0.9144897961847714,1.6252840375945679,0.0
mtd_ai,200,0.005077414138598248,0.32608695652173914,2525.891993448437,0.05,150,5,0.10166666666666667,9.66214656995762,3.4525742914716515,0.0
mtd_ai,200,0.005077414138598248,0.3488372093023256,4667.985023018662,0.1,150,5,0.10166666666666667,9.66214656995762,3.4525742914716515,0.0
mtd_ai,200,0.005077414138598248,0.4411764705882353,5111.410983003219,0.15,150,5,0.10166666666666667,9.66214656995762,3.4525742914716515,0.0
mtd_ai,200,0.005077414138598248,0.5,5502.2573024170415,0.2,150,5,0.10166666666666667,9.66214656995762,3.4525742914716515,0.0
mtd_ai,200,0.005077414138598248,0.5514705882352942,5812.13865321937,0.25,150,5,0.10166666666666667,9.66214656995762,3.4525742914716515,0.0
mtd_ai,200,0.005073458614586988,0.3,2779.3204314440145,0.05,150,5,0.12833333333333333,0.2937193835261389,1.1862904343842782,0.0
mtd_ai,200,0.005073458614586988,0.36585365853658536,3722.6716447714707,0.1,150,5,0.12833333333333333,0.2937193835261389,1.1862904343842782,0.0
mtd_ai,200,0.005073458614586988,0.4090909090909091,4441.715084114527,0.15,150,5,0.12833333333333333,0.2937193835261389,1.1862904343842782,0.0
mtd_ai,200,0.005073458614586988,0.44776119402985076,4976.732906222418,0.2,150,5,0.12833333333333333,0.2937193835261389,1.1862904343842782,0.0
mtd_ai,200,0.005073458614586988,0.46296296296296297,5509.484529081721,0.25,150,5,0.12833333333333333,0.2937193835261389,1.1862904343842782,0.0
mtd_ai,200,0.005053984985765871,0.5357142857142857,1417.9711003697876,0.05,150,5,0.12666666666666668,0.13626336226470828,0.4606938969284899,0.0
mtd_ai,200,0.005053984985765871,0.45454545454545453,3201.486611041072,0.1,150,5,0.12666666666666668,0.13626336226470828,0.4606938969284899,0.0
mtd_ai,200,0.005053984985765871,0.4787234042553192,3802.367886852107,0.15,150,5,0.12666666666666668,0.13626336226470828,0.4606938969284899,0.0
mtd_ai,200,0.005053984985765871,0.5357142857142857,4238.605096037694,0.2,150,5,0.12666666666666668,0.13626336226470828,0.4606938969284899,0.0
mtd_ai,200,0.005053984985765871,0.5136986301369864,5535.459799406337,0.25,150,5,0.12666666666666668,0.13626336226470828,0.4606938969284899,0.0
mtd_ai,200,0.005042928754984523,0.28846153846153844,2634.5870165117904,0.05,150,5,0.16666666666666666,3.3058427672668156,7.069418810973597,0.0
mtd_ai,200,0.005042928754984523,0.3488372093023256,3921.59413656614,0.1,150,5,0.16666666666666666,3.3058427672668156,7.069418810973597,0.0
mtd_ai,200,0.005042928754984523,0.4090909090909091,4699.9603405648195,0.15,150,5,0.16666666666666666,3.3058427672668156,7.069418810973597,0.0
mtd_ai,200,0.005042928754984523,0.4225352112676056,5308.859098350933,0.2,150,5,0.16666666666666666,3.3058427672668156,7.069418810973597,0.0
mtd_ai,200,0.005042928754984523,0.47468354430379744,5612.8375369838795,0.25,150,5,0.16666666666666666,3.3058427672668156,7.069418810973597,0.0
mtd_ai,200,0.005070873412250198,0.32608695652173914,2054.8866560013976,0.05,150,5,0.14922222222222223,0.10412203067772861,0.17169629731383265,0.0
mtd_ai,200,0.005070873412250198,0.375,3622.663246517457,0.1,150,5,0.14922222222222223,0.10412203067772861,0.17169629731383265,0.0
mtd_ai,200,0.005070873412250198,0.3879310344827586,5212.35753050243,0.15,150,5,0.14922222222222223,0.10412203067772861,0.17169629731383265,0.0
mtd_ai,200,0.005070873412250198,0.40540540540540543,5918.021439277401,0.2,150,5,0.14922222222222223,0.10412203067772861,0.17169629731383265,0.0
mtd_ai,200,0.005070873412250198,0.43103448275862066,6383.470725864698,0.25,150,5,0.14922222222222223,0.10412203067772861,0.17169629731383265,0.0
mtd_ai,200,0.00503973422329627,0.35714285714285715,1843.313614034905,0.05,150,5,0.1,0.9420901364380814,3.9428450954711125,0.0
mtd_ai,200,0.00503973422329627,0.4166666666666667,3246.5884874795256,0.1,150,5,0.1,0.9420901364380814,3.9428450954711125,0.0
mtd_ai,200,0.00503973422329627,0.45,4209.2468614760755,0.15,150,5,0.1,0.9420901364380814,3.9428450954711125,0.0
mtd_ai,200,0.00503973422329627,0.44776119402985076,5442.647785933281,0.2,150,5,0.1,0.9420901364380814,3.9428450954711125,0.0
mtd_ai,200,0.00503973422329627,0.487012987012987,5995.721687644624,0.25,150,5,0.1,0.9420901364380814,3.9428450954711125,0.0
mtd_ai,200,0.005080196226123218,0.2777777777777778,2393.1954038253284,0.05,150,5,0.14888888888888888,2.1056952477443804,3.112078996007163,0.0
mtd_ai,200,0.005080196226123218,0.39473684210526316,3184.2580595739732,0.1,150,5,0.14888888888888888,2.1056952477443804,3.112078996007163,0.0
mtd_ai,200,0.005080196226123218,0.4326923076923077,4061.3291739614992,0.15,150,5,0.14888888888888888,2.1056952477443804,3.112078996007163,0.0
mtd_ai,200,0.005080196226123218,0.46875,4703.448400137388,0.2,150,5,0.14888888888888888,2.1056952477443804,3.112078996007163,0.0
mtd_ai,200,0.005080196226123218,0.5,5182.368090633194,0.25,150,5,0.14888888888888888,2.1056952477443804,3.112078996007163,0.0
mtd_ai,200,0.005044814435536591,0.3125,1650.58205539052,0.05,150,5,0.3125,5.181911440725158,7.724653875765413,0.0
mtd_ai,200,0.005044814435536591,0.3333333333333333,3401.1033230234125,0.1,150,5,0.3125,5.181911440725158,7.724653875765413,0.0
mtd_ai,200,0.005044814435536591,0.34615384615384615,5090.862749706233,0.15,150,5,0.3125,5.181911440725158,7.724653875765413,0.0
mtd_ai,200,0.005044814435536591,0.38961038961038963,5822.150391071642,0.2,150,5,0.3125,5.181911440725158,7.724653875765413,0.0
mtd_ai,200,0.005044814435536591,0.4076086956521739,6610.096776769,0.25,150,5,0.3125,5.181911440725158,7.724653875765413,0.0
mtd_ai,200,0.005056921875023686,0.3409090909090909,2136.9375854410646,0.05,150,5,0.14277777777777778,0.1708053567616537,0.5418100131187388,0.0
mtd_ai,200,0.005056921875023686,0.36585365853658536,3909.497417094369,0.1,150,5,0.14277777777777778,0.1708053567616537,0.5418100131187388,0.0
mtd_ai,200,0.005056921875023686,0.4411764705882353,4310.6128434103175,0.15,150,5,0.14277777777777778,0.1708053567616537,0.5418100131187388,0.0
mtd_ai,200,0.005056921875023686,0.4838709677419355,4759.9274269842645,0.2,150,5,0.14277777777777778,0.1708053567616537,0.5418100131187388,0.0
mtd_ai,200,0.005056921875023686,0.5208333333333334,5157.056719770143,0.25,150,5,0.14277777777777778,0.1708053567616537,0.5418100131187388,0.0
mtd_ai,200,0.005034482668890835,0.24193548387096775,3922.3504444257887,0.05,150,5,0.09222222222222222,0.5939057908067273,2.4834393694290293,5.869565217391305
mtd_ai,200,0.005034482668890835,0.3409090909090909,4860.335409333267,0.1,150,5,0.09222222222222222,0.5939057908067273,2.4834393694290293,5.869565217391305
mtd_ai,200,0.005034482668890835,0.4166666666666667,5517.831665367844,0.15,150,5,0.09222222222222222,0.5939057908067273,2.4834393694290293,5.869565217391305
mtd_ai,200,0.005034482668890835,0.47619047619047616,5910.6677454067485,0.2,150,5,0.09222222222222222,0.5939057908067273,2.4834393694290293,5.869565217391305
mtd_ai,200,0.005034482668890835,0.5208333333333334,6307.13281264213,0.25,150,5,0.09222222222222222,0.5939057908067273,2.4834393694290293,5.869565217391305
mtd_ai,200,0.005062977682899702,0.39473684210526316,1770.0728381793683,0.05,150,5,0.13079365079365077,0.9412077509981037,3.482718410536904,0.0
mtd_ai,200,0.005062977682899702,0.375,3989.3821913968395,0.1,150,5,0.13079365079365077,0.9412077509981037,3.482718410536904,0.0
mtd_ai,200,0.005062977682899702,0.4017857142857143,5722.003921990423,0.15,150,5,0.13079365079365077,0.9412077509981037,3.482718410536904,0.0
mtd_ai,200,0.005062977682899702,0.44776119402985076,6387.796221905849,0.2,150,5,0.13079365079365077,0.9412077509981037,3.482718410536904,0.0
mtd_ai,200,0.005062977682899702,0.4807692307692308,6945.2658964868115,0.25,150,5,0.13079365079365077,0.9412077509981037,3.482718410536904,0.0
mtd_ai,200,0.005050450307711349,0.46875,1257.5748144755953,0.05,150,5,0.12333333333333334,1.5628652284133844,4.351105032073259,0.0
mtd_ai,200,0.005050450307711349,0.46875,2638.5030014477484,0.1,150,5,0.12333333333333334,1.5628652284133844,4.351105032073259,0.0
mtd_ai,200,0.005050450307711349,0.5,3750.4772106388878,0.15,150,5,0.12333333333333334,1.5628652284133844,4.351105032073259,0.0
mtd_ai,200,0.005050450307711349,0.5263157894736842,4367.247025587119,0.2,150,5,0.12333333333333334,1.5628652284133844,4.351105032073259,0.0
mtd_ai,200,0.005050450307711349,0.5681818181818182,5148.4364853688985,0.25,150,5,0.12333333333333334,1.5628652284133844,4.351105032073259,0.0
mtd_ai,200,0.0050511000569056,0.39473684210526316,2109.740473024799,0.05,150,5,0.12444444444444443,0.659897121655937,2.1185148182102935,0.0
mtd_ai,200,0.0050511000569056,0.4411764705882353,3176.966130983813,0.1,150,5,0.12444444444444443,0.659897121655937,2.1185148182102935,0.0
mtd_ai,200,0.0050511000569056,0.5,3767.2441957025726,0.15,150,5,0.12444444444444443,0.659897121655937,2.1185148182102935,0.0
mtd_ai,200,0.0050511000569056,0.5084745762711864,4404.192816562132,0.2,150,5,0.12444444444444443,0.659897121655937,2.1185148182102935,0.0
mtd_ai,200,0.0050511000569056,0.528169014084507,5235.524067939284,0.25,150,5,0.12444444444444443,0.659897121655937,2.1185148182102935,0.0
mtd_ai,200,0.005090346527778046,0.4166666666666667,1293.539654565468,0.05,150,5,0.12111111111111111,1.3364846800355146,4.790471702026457,0.0
mtd_ai,200,0.005090346527778046,0.39473684210526316,2470.326018979347,0.1,150,5,0.12111111111111111,1.3364846800355146,4.790471702026457,0.0
mtd_ai,200,0.005090346527778046,0.4090909090909091,4095.272417642361,0.15,150,5,0.12111111111111111,1.3364846800355146,4.790471702026457,0.0
mtd_ai,200,0.005090346527778046,0.45454545454545453,4691.493084876473,0.2,150,5,0.12111111111111111,1.3364846800355146,4.790471702026457,0.0
mtd_ai,200,0.005090346527778046,0.4934210526315789,5174.817867149947,0.25,150,5,0.12111111111111111,1.3364846800355146,4.790471702026457,0.0
mtd_ai,200,0.0050616708432232775,0.2777777777777778,3079.3712478200714,0.05,150,5,0.11333333333333333,0.5211033481333035,1.8931517521837655,0.0
mtd_ai,200,0.0050616708432232775,0.375,3745.0836827477015,0.1,150,5,0.11333333333333333,0.5211033481333035,1.8931517521837655,0.0
mtd_ai,200,0.0050616708432232775,0.4166666666666667,4577.942564355735,0.15,150,5,0.11333333333333333,0.5211033481333035,1.8931517521837655,0.0
mtd_ai,200,0.0050616708432232775,0.379746835443038,5563.933019312761,0.2,150,5,0.11333333333333333,0.5211033481333035,1.8931517521837655,0.0
mtd_ai,200,0.0050616708432232775,0.3640776699029126,6440.517834154647,0.25,150,5,0.11333333333333333,0.5211033481333035,1.8931517521837655,0.0
mtd_ai,200,0.005042894834646771,0.3125,1349.4770794208873,0.05,150,5,0.17644444444444443,1.374213941179941,4.275752998463712,0.0
mtd_ai,200,0.005042894834646771,0.3488372093023256,2848.2682653686934,0.1,150,5,0.17644444444444443,1.374213941179941,4.275752998463712,0.0
mtd_ai,200,0.005042894834646771,0.3409090909090909,5357.745483860327,0.15,150,5,0.17644444444444443,1.374213941179941,4.275752998463712,0.0
mtd_ai,200,0.005042894834646771,0.379746835443038,5872.366553557089,0.2,150,5,0.17644444444444443,1.374213941179941,4.275752998463712,0.0
mtd_ai,200,0.005042894834646771,0.4076086956521739,6872.437429744088,0.25,150,5,0.17644444444444443,1.374213941179941,4.275752998463712,0.0
mtd_ai,200,0.005067369056024548,0.2777777777777778,2386.44075149528,0.05,150,5,0.10666666666666667,0.04375259105465929,0.15498849617334984,0.0
mtd_ai,200,0.005067369056024548,0.3488372093023256,3405.1259708047846,0.1,150,5,0.10666666666666667,0.04375259105465929,0.15498849617334984,0.0
mtd_ai,200,0.005067369056024548,0.375,5345.39330064918,0.15,150,5,0.10666666666666667,0.04375259105465929,0.15498849617334984,0.0
mtd_ai,200,0.005067369056024548,0.4,6039.412294345484,0.2,150,5,0.10666666666666667,0.04375259105465929,0.15498849617334984,0.0
mtd_ai,200,0.005067369056024548,0.42613636363636365,6555.591988774197,0.25,150,5,0.10666666666666667,0.04375259105465929,0.15498849617334984,0.0
mtd_ai,200,0.005055799284968322,0.3,2140.2861105495967,0.05,150,5,0.15333333333333335,0.3080609980443908,0.46202042276918115,0.0
mtd_ai,200,0.005055799284968322,0.38461538461538464,3265.3936858943543,0.1,150,5,0.15333333333333335,0.3080609980443908,0.46202042276918115,0.0
mtd_ai,200,0.005055799284968322,0.4166666666666667,4461.0855990366,0.15,150,5,0.15333333333333335,0.3080609980443908,0.46202042276918115,0.0
mtd_ai,200,0.005055799284968322,0.4225352112676056,5794.868265280863,0.2,150,5,0.15333333333333335,0.3080609980443908,0.46202042276918115,0.0
mtd_ai,200,0.005055799284968322,0.45180722891566266,6792.837774387144,0.25,150,5,0.15333333333333335,0.3080609980443908,0.46202042276918115,0.0
mtd_ai,200,0.005075135109625696,0.24193548387096775,2882.0333529378795,0.05,150,5,0.12444444444444443,0.47342050394187873,0.7737886919057939,0.0
mtd_ai,200,0.005075135109625696,0.3125,4234.928039029481,0.1,150,5,0.12444444444444443,0.47342050394187873,0.7737886919057939,0.0
mtd_ai,200,0.005075135109625696,0.3879310344827586,4714.196378168688,0.15,150,5,0.12444444444444443,0.47342050394187873,0.7737886919057939,0.0
mtd_ai,200,0.005075135109625696,0.43478260869565216,5246.002857761208,0.2,150,5,0.12444444444444443,0.47342050394187873,0.7737886919057939,0.0
mtd_ai,200,0.005075135109625696,0.4807692307692308,5714.786871026388,0.25,150,5,0.12444444444444443,0.47342050394187873,0.7737886919057939,0.0
mtd_ai,200,0.0050647136668252974,0.2777777777777778,2340.4210073239415,0.05,150,5,0.15,0.10337112133032847,0.38481557893360374,0.0
mtd_ai,200,0.0050647136668252974,0.38461538461538464,3405.9255198247447,0.1,150,5,0.15,0.10337112133032847,0.38481557893360374,0.0
mtd_ai,200,0.0050647136668252974,0.45,3962.510864276982,0.15,150,5,0.15,0.10337112133032847,0.38481557893360374,0.0
mtd_ai,200,0.0050647136668252974,0.44776119402985076,5380.972453909572,0.2,150,5,0.15,0.10337112133032847,0.38481557893360374,0.0
mtd_ai,200,0.0050647136668252974,0.4934210526315789,5855.478635313764,0.25,150,5,0.15,0.10337112133032847,0.38481557893360374,0.0
mtd_ai,200,0.005070502481980536,0.4411764705882353,1708.6036227352668,0.05,150,5,0.10111111111111111,2.06157622539742,5.113386911806562,0.0
mtd_ai,200,0.005070502481980536,0.42857142857142855,3097.7172897063074,0.1,150,5,0.10111111111111111,2.06157622539742,5.113386911806562,0.0
mtd_ai,200,0.005070502481980536,0.4787234042553192,3958.7484371475875,0.15,150,5,0.10111111111111111,2.06157622539742,5.113386911806562,0.0
mtd_ai,200,0.005070502481980536,0.5,4646.530828429775,0.2,150,5,0.10111111111111111,2.06157622539742,5.113386911806562,0.0
mtd_ai,200,0.005070502481980536,0.5,5582.920445377455,0.25,150,5,0.10111111111111111,2.06157622539742,5.113386911806562,0.0
mtd_ai,200,0.005040661753426748,0.3409090909090909,2094.4719894856075,0.05,150,5,0.09666666666666665,2.1156885285948865,2.638334126810584,0.0
mtd_ai,200,0.005040661753426748,0.38461538461538464,3384.4790324521773,0.1,150,5,0.09666666666666665,2.1156885285948865,2.638334126810584,0.0
mtd_ai,200,0.005040661753426748,0.45,4127.486874259055,0.15,150,5,0.09666666666666665,2.1156885285948865,2.638334126810584,0.0
mtd_ai,200,0.005040661753426748,0.46153846153846156,5303.7717942940335,0.2,150,5,0.09666666666666665,2.1156885285948865,2.638334126810584,0.0
mtd_ai,200,0.005040661753426748,0.487012987012987,6146.460472631779,0.25,150,5,0.09666666666666665,2.1156885285948865,2.638334126810584,0.0
mtd_ai,200,0.005072787918020298,0.35714285714285715,2389.1775237649517,0.05,150,5,0.09523809523809523,0.5699936918385087,0.09644882019917249,0.0
mtd_ai,200,0.005072787918020298,0.4411764705882353,3389.9167157359648,0.1,150,5,0.09523809523809523,0.5699936918385087,0.09644882019917249,0.0
mtd_ai,200,0.005072787918020298,0.5,4095.8937824320515,0.15,150,5,0.09523809523809523,0.5699936918385087,0.09644882019917249,0.0
mtd_ai,200,0.005072787918020298,0.5172413793103449,4917.649723014785,0.2,150,5,0.09523809523809523,0.5699936918385087,0.09644882019917249,0.0
mtd_ai,200,0.005072787918020298,0.5208333333333334,6079.214999172167,0.25,150,5,0.09523809523809523,0.5699936918385087,0.09644882019917249,0.0
mtd_ai,200,0.005079638861306455,0.3125,2064.722091587364,0.05,150,5,0.15,0.08381429428713348,0.14693222619301183,0.0
mtd_ai,200,0.005079638861306455,0.38461538461538464,3167.3273707023877,0.1,150,5,0.15,0.08381429428713348,0.14693222619301183,0.0
mtd_ai,200,0.005079638861306455,0.42452830188679247,3963.7865353453462,0.15,150,5,0.15,0.08381429428713348,0.14693222619301183,0.0
mtd_ai,200,0.005079638861306455,0.4411764705882353,4746.435278077787,0.2,150,5,0.15,0.08381429428713348,0.14693222619301183,0.0
mtd_ai,200,0.005079638861306455,0.47468354430379744,5170.83009967982,0.25,150,5,0.15,0.08381429428713348,0.14693222619301183,0.0
mtd_ai,200,0.005028056137483876,0.2777777777777778,2553.430774693413,0.05,150,5,0.11333333333333333,0.19331142761545364,0.4986290211297893,0.0
mtd_ai,200,0.005028056137483876,0.32608695652173914,3930.3906729284263,0.1,150,5,0.11333333333333333,0.19331142761545364,0.4986290211297893,0.0
mtd_ai,200,0.005028056137483876,0.3082191780821918,6483.994202413025,0.15,150,5,0.11333333333333333,0.19331142761545364,0.4986290211297893,0.0
mtd_ai,200,0.005028056137483876,0.35714285714285715,7069.032381861752,0.2,150,5,0.11333333333333333,0.19331142761545364,0.4986290211297893,0.0
mtd_ai,200,0.005028056137483876,0.39893617021276595,7549.884182912426,0.25,150,5,0.11333333333333333,0.19331142761545364,0.4986290211297893,0.0
mtd_ai,200,0.005033569175492462,0.22727272727272727,3943.789567541646,0.05,150,5,0.07698412698412699,0.24421101930938613,0.752441946231898,0.0
mtd_ai,200,0.005033569175492462,0.3191489361702128,4510.9857709201015,0.1,150,5,0.07698412698412699,0.24421101930938613,0.752441946231898,0.0
mtd_ai,200,0.005033569175492462,0.34615384615384615,5736.340597059915,0.15,150,5,0.07698412698412699,0.24421101930938613,0.752441946231898,0.0
mtd_ai,200,0.005033569175492462,0.38461538461538464,6385.893488178345,0.2,150,5,0.07698412698412699,0.24421101930938613,0.752441946231898,0.0
mtd_ai,200,0.005033569175492462,0.41208791208791207,7109.588856417813,0.25,150,5,0.07698412698412699,0.24421101930938613,0.752441946231898,0.0
mtd_ai,200,0.0050540141532635675,0.28846153846153844,2792.716702558435,0.05,150,5,0.16844444444444445,4.7531029431289005,5.026580963773709,0.0
mtd_ai,200,0.0050540141532635675,0.38461538461538464,3447.0871776720396,0.1,150,5,0.16844444444444445,4.7531029431289005,5.026580963773709,0.0
mtd_ai,200,0.0050540141532635675,0.4411764705882353,4225.880042012597,0.15,150,5,0.16844444444444445,4.7531029431289005,5.026580963773709,0.0
mtd_ai,200,0.0050540141532635675,0.4838709677419355,4892.943157412556,0.2,150,5,0.16844444444444445,4.7531029431289005,5.026580963773709,0.0
mtd_ai,200,0.0050540141532635675,0.5067567567567568,5431.6034330079765,0.25,150,5,0.16844444444444445,4.7531029431289005,5.026580963773709,0.0
mtd_ai,200,0.005050659665327559,0.375,2041.7807298781115,0.05,150,5,0.12325925925925925,1.4807309976669378,3.3508819672970303,0.0
mtd_ai,200,0.005050659665327559,0.42857142857142855,3277.3495997713985,0.1,150,5,0.12325925925925925,1.4807309976669378,3.3508819672970303,0.0
mtd_ai,200,0.005050659665327559,0.4787234042553192,4053.1298109065674,0.15,150,5,0.12325925925925925,1.4807309976669378,3.3508819672970303,0.0
mtd_ai,200,0.005050659665327559,0.5,4762.913970287171,0.2,150,5,0.12325925925925925,1.4807309976669378,3.3508819672970303,0.0
mtd_ai,200,0.005050659665327559,0.5208333333333334,5473.101386740311,0.25,150,5,0.12325925925925925,1.4807309976669378,3.3508819672970303,0.0
mtd_ai,200,0.005070965131906159,0.35714285714285715,2071.1558121212174,0.05,150,5,0.14200000000000002,1.799749155958012,2.4681741576994667,0.0
mtd_ai,200,0.005070965131906159,0.42857142857142855,2984.1784555909676,0.1,150,5,0.14200000000000002,1.799749155958012,2.4681741576994667,0.0
mtd_ai,200,0.005070965131906159,0.3813559322033898,4891.129633504661,0.15,150,5,0.14200000000000002,1.799749155958012,2.4681741576994667,0.0
mtd_ai,200,0.005070965131906159,0.40540540540540543,5754.428672597332,0.2,150,5,0.14200000000000002,1.799749155958012,2.4681741576994667,0.0
mtd_ai,200,0.005070965131906159,0.45180722891566266,6037.4668549048565,0.25,150,5,0.14200000000000002,1.799749155958012,2.4681741576994667,0.0
mtd_ai,200,0.005029365802364477,0.3,2977.2865678881253,0.05,150,5,0.16066666666666668,0.3346912443698346,1.4333918878399292,0.0
mtd_ai,200,0.005029365802364477,0.35714285714285715,4447.2491093653925,0.1,150,5,0.16066666666666668,0.3346912443698346,1.4333918878399292,0.0
mtd_ai,200,0.005029365802364477,0.4326923076923077,4941.284738694422,0.15,150,5,0.16066666666666668,0.3346912443698346,1.4333918878399292,0.0
mtd_ai,200,0.005029365802364477,0.45454545454545453,5796.311121196864,0.2,150,5,0.16066666666666668,0.3346912443698346,1.4333918878399292,0.0
mtd_ai,200,0.005029365802364477,0.33482142857142855,7930.346693281759,0.25,150,5,0.16066666666666668,0.3346912443698346,1.4333918878399292,0.0
mtd_ai,200,0.005039433090454902,0.234375,3577.0853012090124,0.05,150,5,0.12200000000000001,8.09298196582934e-05,0.00034189678771152004,0.0
mtd_ai,200,0.005039433090454902,0.30612244897959184,4855.735269174402,0.1,150,5,0.12200000000000001,8.09298196582934e-05,0.00034189678771152004,0.0
mtd_ai,200,0.005039433090454902,0.375,5211.040031890456,0.15,150,5,0.12200000000000001,8.09298196582934e-05,0.00034189678771152004,0.0
mtd_ai,200,0.005039433090454902,0.38961038961038963,5987.1172434004275,0.2,150,5,0.12200000000000001,8.09298196582934e-05,0.00034189678771152004,0.0
mtd_ai,200,0.005039433090454902,0.43103448275862066,6463.382002968407,0.25,150,5,0.12200000000000001,8.09298196582934e-05,0.00034189678771152004,0.0
mtd_ai,200,0.005081729155523381,0.26785714285714285,3457.548408942401,0.05,150,5,0.1425,0.37594680237231953,0.4332528482442791,0.0
mtd_ai,200,0.005081729155523381,0.35714285714285715,4032.123365010337,0.1,150,5,0.1425,0.37594680237231953,0.4332528482442791,0.0
mtd_ai,200,0.005081729155523381,0.4166666666666667,4778.304594690678,0.15,150,5,0.1425,0.37594680237231953,0.4332528482442791,0.0
mtd_ai,200,0.005081729155523381,0.46875,5352.839918986481,0.2,150,5,0.1425,0.37594680237231953,0.4332528482442791,0.0
mtd_ai,200,0.005081729155523381,0.5067567567567568,5738.916680570902,0.25,150,5,0.1425,0.37594680237231953,0.4332528482442791,0.0
mtd_ai,200,0.0050508136663015525,0.3,2476.7696054343223,0.05,150,5,0.13333333333333333,1.2869148652135844,4.856963760552415,0.0
mtd_ai,200,0.0050508136663015525,0.36585365853658536,3595.9119040262494,0.1,150,5,0.13333333333333333,1.2869148652135844,4.856963760552415,0.0
mtd_ai,200,0.0050508136663015525,0.4017857142857143,4552.009021623014,0.15,150,5,0.13333333333333333,1.2869148652135844,4.856963760552415,0.0
mtd_ai,200,0.0050508136663015525,0.43478260869565216,5392.670368017785,0.2,150,5,0.13333333333333333,1.2869148652135844,4.856963760552415,0.0
mtd_ai,200,0.0050508136663015525,0.47468354430379744,5839.981189941307,0.25,150,5,0.13333333333333333,1.2869148652135844,4.856963760552415,0.0
mtd_ai,200,0.005060889534653213,0.28846153846153844,2840.8463870152227,0.05,150,5,0.11311111111111112,1.0095502789033746,2.569518466882704,0.0
mtd_ai,200,0.005060889534653213,0.3409090909090909,4608.731841989571,0.1,150,5,0.11311111111111112,1.0095502789033746,2.569518466882704,0.0
mtd_ai,200,0.005060889534653213,0.3813559322033898,5304.003091397007,0.15,150,5,0.11311111111111112,1.0095502789033746,2.569518466882704,0.0
mtd_ai,200,0.005060889534653213,0.38461538461538464,6368.309614246369,0.2,150,5,0.11311111111111112,1.0095502789033746,2.569518466882704,0.0
mtd_ai,200,0.005060889534653213,0.436046511627907,6693.2944476983685,0.25,150,5,0.11311111111111112,1.0095502789033746,2.569518466882704,0.0
mtd_ai,200,0.005076502901380077,0.3125,1870.469637528558,0.05,150,5,0.14666666666666667,1.0639627284499318,3.6425112691835904,0.0
mtd_ai,200,0.005076502901380077,0.375,3265.942888063954,0.1,150,5,0.14666666666666667,1.0639627284499318,3.6425112691835904,0.0
mtd_ai,200,0.005076502901380077,0.46875,3642.892315405509,0.15,150,5,0.14666666666666667,1.0639627284499318,3.6425112691835904,0.0
mtd_ai,200,0.005076502901380077,0.5263157894736842,3887.8429107655065,0.2,150,5,0.14666666666666667,1.0639627284499318,3.6425112691835904,0.0
mtd_ai,200,0.005076502901380077,0.5208333333333334,5365.021780801398,0.25,150,5,0.14666666666666667,1.0639627284499318,3.6425112691835904,0.0
mtd_ai,200,0.005056570344421059,0.25,2709.810682496538,0.05,150,5,0.16666666666666666,0.9939101357099698,4.062410216544524,0.0
mtd_ai,200,0.005056570344421059,0.2542372881355932,4682.994678887381,0.1,150,5,0.16666666666666666,0.9939101357099698,4.062410216544524,0.0
mtd_ai,200,0.005056570344421059,0.32608695652173914,5451.7909776237975,0.15,150,5,0.16666666666666666,0.9939101357099698,4.062410216544524,0.0
mtd_ai,200,0.005056570344421059,0.37037037037037035,6198.739897257232,0.2,150,5,0.16666666666666666,0.9939101357099698,4.062410216544524,0.0
mtd_ai,200,0.005056570344421059,0.42134831460674155,6512.728288417107,0.25,150,5,0.16666666666666666,0.9939101357099698,4.062410216544524,0.0
mtd_ai,200,0.00504706214655568,0.3,2463.9513030656485,0.05,150,5,0.11142857142857143,1.0846262341675335,3.9573851903647066,0.0
mtd_ai,200,0.00504706214655568,0.3488372093023256,3410.8098126662444,0.1,150,5,0.11142857142857143,1.0846262341675335,3.9573851903647066,0.0
mtd_ai,200,0.00504706214655568,0.4017857142857143,4363.1160855281605,0.15,150,5,0.11142857142857143,1.0846262341675335,3.9573851903647066,0.0
mtd_ai,200,0.00504706214655568,0.42857142857142855,5460.208345312486,0.2,150,5,0.11142857142857143,1.0846262341675335,3.9573851903647066,0.0
mtd_ai,200,0.00504706214655568,0.46875,5931.023907916137,0.25,150,5,0.11142857142857143,1.0846262341675335,3.9573851903647066,0.0
mtd_ai,200,0.005057269244947521,0.18292682926829268,4549.966454705462,0.05,150,5,0.15384615384615385,0.3521511721108169,1.312234842691192,0.0
mtd_ai,200,0.005057269244947521,0.2777777777777778,5364.973542493375,0.1,150,5,0.15384615384615385,0.3521511721108169,1.312234842691192,0.0
mtd_ai,200,0.005057269244947521,0.36885245901639346,5809.027637484269,0.15,150,5,0.15384615384615385,0.3521511721108169,1.312234842691192,0.0
mtd_ai,200,0.005057269244947521,0.410958904109589,6431.989605349267,0.2,150,5,0.15384615384615385,0.3521511721108169,1.312234842691192,0.0
mtd_ai,200,0.005057269244947521,0.42134831460674155,7278.957205733752,0.25,150,5,0.15384615384615385,0.3521511721108169,1.312234842691192,0.0
mtd_ai,200,0.00507981961223165,0.375,1414.957991473328,0.05,150,5,0.11142857142857143,0.5495723312077309,2.438435788933009,0.0
mtd_ai,200,0.00507981961223165,0.375,3516.2764770523227,0.1,150,5,0.11142857142857143,0.5495723312077309,2.438435788933009,0.0
mtd_ai,200,0.00507981961223165,0.42452830188679247,4207.877878018357,0.15,150,5,0.11142857142857143,0.5495723312077309,2.438435788933009,0.0
mtd_ai,200,0.00507981961223165,0.46153846153846156,4821.488283318578,0.2,150,5,0.11142857142857143,0.5495723312077309,2.438435788933009,0.0
mtd_ai,200,0.00507981961223165,0.4807692307692308,5824.306458076123,0.25,150,5,0.11142857142857143,0.5495723312077309,2.438435788933009,0.0
mtd_ai,200,0.005060582315806436,0.2777777777777778,3051.5694019712223,0.05,150,5,0.1328888888888889,1.7547561835799714,4.246990529572534,0.0
mtd_ai,200,0.005060582315806436,0.3333333333333333,4580.3547240853595,0.1,150,5,0.1328888888888889,1.7547561835799714,4.246990529572534,0.0
mtd_ai,200,0.005060582315806436,0.3813559322033898,5577.721826845442,0.15,150,5,0.1328888888888889,1.7547561835799714,4.246990529572534,0.0
mtd_ai,200,0.005060582315806436,0.4166666666666667,6419.36328336933,0.2,150,5,0.1328888888888889,1.7547561835799714,4.246990529572534,0.0
mtd_ai,200,0.005060582315806436,0.46875,6792.3827088075195,0.25,150,5,0.1328888888888889,1.7547561835799714,4.246990529572534,0.0
mtd_ai,200,0.005067973556473683,0.35714285714285715,1625.5451384946646,0.05,150,5,0.06666666666666667,0.7859952721237495,3.0165514373704165,0.0
mtd_ai,200,0.005067973556473683,0.39473684210526316,2907.344042142002,0.1,150,5,0.06666666666666667,0.7859952721237495,3.0165514373704165,0.0
mtd_ai,200,0.005067973556473683,0.39473684210526316,4426.795488562091,0.15,150,5,0.06666666666666667,0.7859952721237495,3.0165514373704165,0.0
mtd_ai,200,0.005067973556473683,0.43478260869565216,5113.435625245233,0.2,150,5,0.06666666666666667,0.7859952721237495,3.0165514373704165,0.0
mtd_ai,200,0.005067973556473683,0.46296296296296297,5832.46654616085,0.25,150,5,0.06666666666666667,0.7859952721237495,3.0165514373704165,0.0
mtd_ai,200,0.005057872213813845,0.39473684210526316,1370.7096554242135,0.05,150,5,0.12,0.7082503459227488,2.744191373827411,0.0
mtd_ai,200,0.005057872213813845,0.32608695652173914,4244.137185928373,0.1,150,5,0.12,0.7082503459227488,2.744191373827411,0.0
mtd_ai,200,0.005057872213813845,0.39473684210526316,4850.154329235598,0.15,150,5,0.12,0.7082503459227488,2.744191373827411,0.0
mtd_ai,200,0.005057872213813845,0.4225352112676056,6296.067585629338,0.2,150,5,0.12,0.7082503459227488,2.744191373827411,0.0
mtd_ai,200,0.005057872213813845,0.46296296296296297,6944.2337683437,0.25,150,5,0.12,0.7082503459227488,2.744191373827411,0.0
mtd_ai,200,0.005073483871866396,0.32608695652173914,2170.954006382077,0.05,150,5,0.15733333333333333,0.1746487521570245,0.46186593764858314,0.0
mtd_ai,200,0.005073483871866396,0.40540540540540543,3425.742870356945,0.1,150,5,0.15733333333333333,0.1746487521570245,0.46186593764858314,0.0
mtd_ai,200,0.005073483871866396,0.45918367346938777,4451.986090083232,0.15,150,5,0.15733333333333333,0.1746487521570245,0.46186593764858314,0.0
mtd_ai,200,0.005073483871866396,0.410958904109589,5395.668112308202,0.2,150,5,0.15733333333333333,0.1746487521570245,0.46186593764858314,0.0
mtd_ai,200,0.005073483871866396,0.46296296296296297,5634.549731346875,0.25,150,5,0.15733333333333333,0.1746487521570245,0.46186593764858314,0.0
mtd_ai,200,0.005042820112891292,0.3125,2370.5038844672354,0.05,150,5,0.08666666666666667,0.47127071591933783,1.4818362578876945,5.230769230769231
mtd_ai,200,0.005042820112891292,0.38461538461538464,3237.1642930852945,0.1,150,5,0.08666666666666667,0.47127071591933783,1.4818362578876945,5.230769230769231
mtd_ai,200,0.005042820112891292,0.4166666666666667,3850.342287804033,0.15,150,5,0.08666666666666667,0.47127071591933783,1.4818362578876945,5.230769230769231
mtd_ai,200,0.005042820112891292,0.410958904109589,4594.079180169785,0.2,150,5,0.08666666666666667,0.47127071591933783,1.4818362578876945,5.230769230769231
mtd_ai,200,0.005042820112891292,0.42134831460674155,5525.723626107954,0.25,150,5,0.08666666666666667,0.47127071591933783,1.4818362578876945,5.230769230769231
mtd_ai,200,0.00502723276248384,0.28846153846153844,2550.5549984323534,0.05,150,5,0.11555555555555558,0.5607145729295703,2.1313238281538642,0.0
mtd_ai,200,0.00502723276248384,0.3488372093023256,3756.6654975806896,0.1,150,5,0.11555555555555558,0.5607145729295703,2.1313238281538642,0.0
mtd_ai,200,0.00502723276248384,0.3813559322033898,5353.814704211678,0.15,150,5,0.11555555555555558,0.5607145729295703,2.1313238281538642,0.0
mtd_ai,200,0.00502723276248384,0.3614457831325301,6984.126001081224,0.2,150,5,0.11555555555555558,0.5607145729295703,2.1313238281538642,0.0
mtd_ai,200,0.00502723276248384,0.3605769230769231,8123.397044728285,0.25,150,5,0.11555555555555558,0.5607145729295703,2.1313238281538642,0.0
mtd_ai,200,0.005050723610441704,0.3,2174.9291880020073,0.05,150,5,0.1383333333333333,2.3223280150753123,4.865719597387966,0.0
mtd_ai,200,0.005050723610441704,0.3333333333333333,3753.7310848397588,0.1,150,5,0.1383333333333333,2.3223280150753123,4.865719597387966,0.0
mtd_ai,200,0.005050723610441704,0.4017857142857143,4510.231011954767,0.15,150,5,0.1383333333333333,2.3223280150753123,4.865719597387966,0.0
mtd_ai,200,0.005050723610441704,0.4411764705882353,5341.416238105668,0.2,150,5,0.1383333333333333,2.3223280150753123,4.865719597387966,0.0
mtd_ai,200,0.005050723610441704,0.47468354430379744,5854.485600797129,0.25,150,5,0.1383333333333333,2.3223280150753123,4.865719597387966,0.0
mtd_ai,200,0.0050610876167575085,0.5357142857142857,1366.1522435810593,0.05,150,5,0.11587301587301586,0.4600899191643367,0.845512021963931,0.0
mtd_ai,200,0.0050610876167575085,0.32608695652173914,5322.601554721117,0.1,150,5,0.11587301587301586,0.4600899191643367,0.845512021963931,0.0
mtd_ai,200,0.0050610876167575085,0.36885245901639346,6071.774115798277,0.15,150,5,0.11587301587301586,0.4600899191643367,0.845512021963931,0.0
mtd_ai,200,0.0050610876167575085,0.4,6662.8320494108775,0.2,150,5,0.11587301587301586,0.4600899191643367,0.845512021963931,0.0
mtd_ai,200,0.0050610876167575085,0.4411764705882353,7223.0040926495785,0.25,150,5,0.11587301587301586,0.4600899191643367,0.845512021963931,0.0
mtd_ai,200,0.005073631792455307,0.39473684210526316,1646.0278281820338,0.05,150,5,0.15311111111111111,0.48450179319383446,1.5432602763280585,0.0
mtd_ai,200,0.005073631792455307,0.4411764705882353,2711.9754480655993,0.1,150,5,0.15311111111111111,0.48450179319383446,1.5432602763280585,0.0
mtd_ai,200,0.005073631792455307,0.4411764705882353,3852.135899565863,0.15,150,5,0.15311111111111111,0.48450179319383446,1.5432602763280585,0.0
mtd_ai,200,0.005073631792455307,0.46153846153846156,4899.246544390424,0.2,150,5,0.15311111111111111,0.48450179319383446,1.5432602763280585,0.0
mtd_ai,200,0.005073631792455307,0.5,5354.316240850312,0.25,150,5,0.15311111111111111,0.48450179319383446,1.5432602763280585,0.0
mtd_ai,200,0.005048771956184135,0.375,1603.0997515501197,0.05,150,5,0.15333333333333332,0.178571529088712,0.5918880175572683,0.0
mtd_ai,200,0.005048771956184135,0.36585365853658536,2555.232015541221,0.1,150,5,0.15333333333333332,0.178571529088712,0.5918880175572683,0.0
mtd_ai,200,0.005048771956184135,0.3879310344827586,3769.822847590395,0.15,150,5,0.15333333333333332,0.178571529088712,0.5918880175572683,0.0
mtd_ai,200,0.005048771956184135,0.4166666666666667,4625.913886969789,0.2,150,5,0.15333333333333332,0.178571529088712,0.5918880175572683,0.0
mtd_ai,200,0.005048771956184135,0.4573170731707317,5146.530083045675,0.25,150,5,0.15333333333333332,0.178571529088712,0.5918880175572683,0.0
mtd_ai,200,0.005044782562664171,0.22727272727272727,3114.618457939998,0.05,150,5,0.10666666666666667,0.7195540444608702,2.7759096818401434,0.0
mtd_ai,200,0.005044782562664171,0.3191489361702128,4117.548962781455,0.1,150,5,0.10666666666666667,0.7195540444608702,2.7759096818401434,0.0
mtd_ai,200,0.005044782562664171,0.3879310344827586,4927.525373582115,0.15,150,5,0.10666666666666667,0.7195540444608702,2.7759096818401434,0.0
mtd_ai,200,0.005044782562664171,0.4225352112676056,5443.0937126791005,0.2,150,5,0.10666666666666667,0.7195540444608702,2.7759096818401434,0.0
mtd_ai,200,0.005044782562664171,0.4573170731707317,6049.495163447436,0.25,150,5,0.10666666666666667,0.7195540444608702,2.7759096818401434,0.0
mtd_ai,200,0.005036067346075467,0.4166666666666667,1489.3023707223724,0.05,150,5,0.45,0.24857261886652504,0.6900963215481029,-3.9393939393939394
mtd_ai,200,0.005036067346075467,0.38461538461538464,2988.2249667946585,0.1,150,5,0.45,0.24857261886652504,0.6900963215481029,-3.9393939393939394
mtd_ai,200,0.005036067346075467,0.3879310344827586,4408.091932959505,0.15,150,5,0.45,0.24857261886652504,0.6900963215481029,-3.9393939393939394
mtd_ai,200,0.005036067346075467,0.375,5903.31777291041,0.2,150,5,0.45,0.24857261886652504,0.6900963215481029,-3.9393939393939394
mtd_ai,200,0.005036067346075467,0.4032258064516129,6734.324139268541,0.25,150,5,0.45,0.24857261886652504,0.6900963215481029,-3.9393939393939394
mtd_ai,200,0.005092225178972591,0.375,1989.7975587312064,0.05,150,5,0.16533333333333333,0.1550481823979093,0.22314673928016124,0.0
mtd_ai,200,0.005092225178972591,0.4166666666666667,3365.4201958076255,0.1,150,5,0.16533333333333333,0.1550481823979093,0.22314673928016124,0.0
mtd_ai,200,0.005092225178972591,0.4891304347826087,3873.577742533068,0.15,150,5,0.16533333333333333,0.1550481823979093,0.22314673928016124,0.0
mtd_ai,200,0.005092225178972591,0.5263157894736842,4359.4569100643475,0.2,150,5,0.16533333333333333,0.1550481823979093,0.22314673928016124,0.0
mtd_ai,200,0.005092225178972591,0.5681818181818182,4695.772602209046,0.25,150,5,0.16533333333333333,0.1550481823979093,0.22314673928016124,0.0
mtd_ai,200,0.005053946553790764,0.46875,1410.2057478552802,0.05,150,5,0.16,166.46164501693391,7.398128875117621,0.0
mtd_ai,200,0.005053946553790764,0.5,2355.0888368707047,0.1,150,5,0.16,166.46164501693391,7.398128875117621,0.0
mtd_ai,200,0.005053946553790764,0.5,3486.954184532345,0.15,150,5,0.16,166.46164501693391,7.398128875117621,0.0
mtd_ai,200,0.005053946553790764,0.4838709677419355,4499.262673771522,0.2,150,5,0.16,166.46164501693391,7.398128875117621,0.0
mtd_ai,200,0.005053946553790764,0.5067567567567568,5146.853999723669,0.25,150,5,0.16,166.46164501693391,7.398128875117621,0.0
mtd_ai,200,0.00507270524328678,0.25862068965517243,2643.919414077574,0.05,150,5,0.13111111111111112,1.1410102272211757,3.7533946276480417,0.0
mtd_ai,200,0.00507270524328678,0.3125,4337.67367486621,0.1,150,5,0.13111111111111112,1.1410102272211757,3.7533946276480417,0.0
mtd_ai,200,0.00507270524328678,0.3879310344827586,4994.042177271052,0.15,150,5,0.13111111111111112,1.1410102272211757,3.7533946276480417,0.0
mtd_ai,200,0.00507270524328678,0.42857142857142855,5749.073677316592,0.2,150,5,0.13111111111111112,1.1410102272211757,3.7533946276480417,0.0
mtd_ai,200,0.00507270524328678,0.47468354430379744,6171.581122377115,0.25,150,5,0.13111111111111112,1.1410102272211757,3.7533946276480417,0.0
mtd_ai,200,0.005041383214902613,0.35714285714285715,2044.1265633416087,0.05,150,5,0.15231746031746035,0.31900048011105253,0.5719191811151423,0.0
mtd_ai,200,0.005041383214902613,0.38461538461538464,3537.3883694723045,0.1,150,5,0.15231746031746035,0.31900048011105253,0.5719191811151423,0.0
mtd_ai,200,0.005041383214902613,0.4326923076923077,4436.954620245722,0.15,150,5,0.15231746031746035,0.31900048011105253,0.5719191811151423,0.0
mtd_ai,200,0.005041383214902613,0.44776119402985076,5465.322432460946,0.2,150,5,0.15231746031746035,0.31900048011105253,0.5719191811151423,0.0
mtd_ai,200,0.005041383214902613,0.46875,6029.140881375208,0.25,150,5,0.15231746031746035,0.31900048011105253,0.5719191811151423,0.0
mtd_ai,200,0.005061154888779601,0.35714285714285715,1865.2091555918832,0.05,150,5,0.15555555555555556,0.067899722843342,0.18872112522779122,0.0
mtd_ai,200,0.005061154888779601,0.375,3369.6444108166124,0.1,150,5,0.15555555555555556,0.067899722843342,0.18872112522779122,0.0
mtd_ai,200,0.005061154888779601,0.39473684210526316,4717.729939129431,0.15,150,5,0.15555555555555556,0.067899722843342,0.18872112522779122,0.0
mtd_ai,200,0.005061154888779601,0.38461538461538464,6555.9126065880555,0.2,150,5,0.15555555555555556,0.067899722843342,0.18872112522779122,0.0
mtd_ai,200,0.005061154888779601,0.43103448275862066,7078.713877210881,0.25,150,5,0.15555555555555556,0.067899722843342,0.18872112522779122,0.0
mtd_ai,200,0.005046223069739083,0.15625,5124.773456021649,0.05,150,5,0.10666666666666667,0.8458261522332032,2.8822185158179927,0.0
mtd_ai,200,0.005046223069739083,0.23809523809523808,6285.297552032734,0.1,150,5,0.10666666666666667,0.8458261522332032,2.8822185158179927,0.0
mtd_ai,200,0.005046223069739083,0.3,6855.51504988114,0.15,150,5,0.10666666666666667,0.8458261522332032,2.8822185158179927,0.0
mtd_ai,200,0.005046223069739083,0.3333333333333333,7459.349299444167,0.2,150,5,0.10666666666666667,0.8458261522332032,2.8822185158179927,0.0
mtd_ai,200,0.005046223069739083,0.3177966101694915,8592.980032217085,0.25,150,5,0.10666666666666667,0.8458261522332032,2.8822185158179927,0.0
mtd_ai,200,0.0050456651280876485,0.375,1956.245149627868,0.05,150,5,0.13920634920634922,2.1447735527593386,4.905240002337972,0.0
mtd_ai,200,0.0050456651280876485,0.4166666666666667,3158.617860410118,0.1,150,5,0.13920634920634922,2.1447735527593386,4.905240002337972,0.0
mtd_ai,200,0.0050456651280876485,0.39473684210526316,5364.8456375187925,0.15,150,5,0.13920634920634922,2.1447735527593386,4.905240002337972,0.0
mtd_ai,200,0.0050456651280876485,0.44776119402985076,5858.641929743337,0.2,150,5,0.13920634920634922,2.1447735527593386,4.905240002337972,0.0
mtd_ai,200,0.0050456651280876485,0.487012987012987,6209.0071868098,0.25,150,5,0.13920634920634922,2.1447735527593386,4.905240002337972,0.0
mtd_ai,200,0.005040701761291236,0.375,2056.8467731596284,0.05,150,5,0.24193548387096775,1.7247195300731366,4.687207488952478,0.0
mtd_ai,200,0.005040701761291236,0.40540540540540543,3517.119634026154,0.1,150,5,0.24193548387096775,1.7247195300731366,4.687207488952478,0.0
mtd_ai,200,0.005040701761291236,0.45,4636.843918227437,0.15,150,5,0.24193548387096775,1.7247195300731366,4.687207488952478,0.0
mtd_ai,200,0.005040701761291236,0.4166666666666667,6357.958738349003,0.2,150,5,0.24193548387096775,1.7247195300731366,4.687207488952478,0.0
mtd_ai,200,0.005040701761291236,0.45180722891566266,6866.851828726947,0.25,150,5,0.24193548387096775,1.7247195300731366,4.687207488952478,0.0
mtd_ai,200,0.005073489306484088,0.375,2017.0962547008376,0.05,150,5,0.4,4.471281664048725,4.74126827935962,0.0
mtd_ai,200,0.005073489306484088,0.4166666666666667,2968.9938366882575,0.1,150,5,0.4,4.471281664048725,4.74126827935962,0.0
mtd_ai,200,0.005073489306484088,0.4787234042553192,3446.089025330927,0.15,150,5,0.4,4.471281664048725,4.74126827935962,0.0
mtd_ai,200,0.005073489306484088,0.47619047619047616,4349.437823931298,0.2,150,5,0.4,4.471281664048725,4.74126827935962,0.0
mtd_ai,200,0.005073489306484088,0.487012987012987,6074.739388584252,0.25,150,5,0.4,4.471281664048725,4.74126827935962,0.0
mtd_ai,200,0.005063668555938733,0.22058823529411764,3908.09944288057,0.05,150,5,0.14,0.2735563902039713,1.083096751389491,0.0
mtd_ai,200,0.005063668555938733,0.2727272727272727,5007.634681112906,0.1,150,5,0.14,0.2735563902039713,1.083096751389491,0.0
mtd_ai,200,0.005063668555938733,0.35714285714285715,5310.610118553866,0.15,150,5,0.14,0.2735563902039713,1.083096751389491,0.0
mtd_ai,200,0.005063668555938733,0.4,6216.181829437264,0.2,150,5,0.14,0.2735563902039713,1.083096751389491,0.0
mtd_ai,200,0.005063668555938733,0.436046511627907,6750.397040404096,0.25,150,5,0.14,0.2735563902039713,1.083096751389491,0.0
mtd_ai,200,0.005076178391468275,0.46875,1536.147022645587,0.05,150,5,0.13294444444444445,0.5978660965422337,2.410675220593656,0.0
mtd_ai,200,0.005076178391468275,0.375,3813.9650974865453,0.1,150,5,0.13294444444444445,0.5978660965422337,2.410675220593656,0.0
mtd_ai,200,0.005076178391468275,0.4326923076923077,4996.266868266086,0.15,150,5,0.13294444444444445,0.5978660965422337,2.410675220593656,0.0
mtd_ai,200,0.005076178391468275,0.46875,5636.026545709873,0.2,150,5,0.13294444444444445,0.5978660965422337,2.410675220593656,0.0
mtd_ai,200,0.005076178391468275,0.5208333333333334,5928.046308909412,0.25,150,5,0.13294444444444445,0.5978660965422337,2.410675220593656,0.0
mtd_ai,200,0.005059406271073536,0.26785714285714285,2645.7804333234744,0.05,150,5,0.16533333333333333,0.11352404232448987,0.10721088208905899,0.0
mtd_ai,200,0.005059406271073536,0.35714285714285715,3726.9578709331354,0.1,150,5,0.16533333333333333,0.11352404232448987,0.10721088208905899,0.0
mtd_ai,200,0.005059406271073536,0.375,4727.462094831359,0.15,150,5,0.16533333333333333,0.11352404232448987,0.10721088208905899,0.0
mtd_ai,200,0.005059406271073536,0.410958904109589,5417.381228873513,0.2,150,5,0.16533333333333333,0.11352404232448987,0.10721088208905899,0.0
mtd_ai,200,0.005059406271073536,0.436046511627907,6422.583476368347,0.25,150,5,0.16533333333333333,0.11352404232448987,0.10721088208905899,0.0
mtd_ai,200,0.00504621536525186,0.22727272727272727,2548.3383468682123,0.05,150,5,0.1522222222222222,0.07325643096341014,0.2255031373223278,0.0
mtd_ai,200,0.00504621536525186,0.3125,3560.51154633488,0.1,150,5,0.1522222222222222,0.07325643096341014,0.2255031373223278,0.0
mtd_ai,200,0.00504621536525186,0.375,4331.831851759605,0.15,150,5,0.1522222222222222,0.07325643096341014,0.2255031373223278,0.0
mtd_ai,200,0.00504621536525186,0.40540540540540543,5042.284054536303,0.2,150,5,0.1522222222222222,0.07325643096341014,0.2255031373223278,0.0
mtd_ai,200,0.00504621536525186,0.44642857142857145,5442.947299918418,0.25,150,5,0.1522222222222222,0.07325643096341014,0.2255031373223278,0.0
mtd_ai,200,0.00506941409010192,0.32608695652173914,2580.700576374114,0.05,150,5,0.1311111111111111,0.3912698279241959,1.5786728516538107,0.0
mtd_ai,200,0.00506941409010192,0.375,3841.302482535076,0.1,150,5,0.1311111111111111,0.3912698279241959,1.5786728516538107,0.0
mtd_ai,200,0.00506941409010192,0.4090909090909091,4490.359503295849,0.15,150,5,0.1311111111111111,0.3912698279241959,1.5786728516538107,0.0
mtd_ai,200,0.00506941409010192,0.43478260869565216,5151.346639994534,0.2,150,5,0.1311111111111111,0.3912698279241959,1.5786728516538107,0.0
mtd_ai,200,0.00506941409010192,0.46875,5663.72279928484,0.25,150,5,0.1311111111111111,0.3912698279241959,1.5786728516538107,0.0
mtd_ai,200,0.005033429737924191,0.25862068965517243,3284.1411333224723,0.05,150,5,0.11444444444444443,0.1407841623539004,0.5263729833972132,3.857142857142857
mtd_ai,200,0.005033429737924191,0.32608695652173914,4601.157331899378,0.1,150,5,0.11444444444444443,0.1407841623539004,0.5263729833972132,3.857142857142857
mtd_ai,200,0.005033429737924191,0.35714285714285715,5802.243743826055,0.15,150,5,0.11444444444444443,0.1407841623539004,0.5263729833972132,3.857142857142857
mtd_ai,200,0.005033429737924191,0.4,6288.6478612387045,0.2,150,5,0.11444444444444443,0.1407841623539004,0.5263729833972132,3.857142857142857
mtd_ai,200,0.005033429737924191,0.436046511627907,6731.602704054241,0.25,150,5,0.11444444444444443,0.1407841623539004,0.5263729833972132,3.857142857142857
mtd_ai,200,0.005036575666698683,0.19736842105263158,4493.000315578422,0.05,150,5,0.09555555555555556,0.16064574517119015,0.7047690098730659,0.0
mtd_ai,200,0.005036575666698683,0.3,5028.592259364774,0.1,150,5,0.09555555555555556,0.16064574517119015,0.7047690098730659,0.0
mtd_ai,200,0.005036575666698683,0.3125,6227.0426399730095,0.15,150,5,0.09555555555555556,0.16064574517119015,0.7047690098730659,0.0
mtd_ai,200,0.005036575666698683,0.3488372093023256,7175.714933586941,0.2,150,5,0.09555555555555556,0.16064574517119015,0.7047690098730659,0.0
mtd_ai,200,0.005036575666698683,0.3826530612244898,7563.473153493776,0.25,150,5,0.09555555555555556,0.16064574517119015,0.7047690098730659,0.0
mtd_ai,200,0.005041914074844476,0.3409090909090909,2520.907372870259,0.05,150,5,0.15111111111111108,0.34393831469537994,0.8388995687158964,0.0
mtd_ai,200,0.005041914074844476,0.375,4498.798010939769,0.1,150,5,0.15111111111111108,0.34393831469537994,0.8388995687158964,0.0
mtd_ai,200,0.005041914074844476,0.4411764705882353,5387.408201614877,0.15,150,5,0.15111111111111108,0.34393831469537994,0.8388995687158964,0.0
mtd_ai,200,0.005041914074844476,0.46875,6109.155095678898,0.2,150,5,0.15111111111111108,0.34393831469537994,0.8388995687158964,0.0
mtd_ai,200,0.005041914074844476,0.5067567567567568,6637.269483486818,0.25,150,5,0.15111111111111108,0.34393831469537994,0.8388995687158964,0.0
mtd_ai,200,0.0050607788964233125,0.35714285714285715,2068.6104860589235,0.05,150,5,0.16555555555555554,2.271427772421482,5.046108829579616,0.0
mtd_ai,200,0.0050607788964233125,0.40540540540540543,3663.887063051325,0.1,150,5,0.16555555555555554,2.271427772421482,5.046108829579616,0.0
mtd_ai,200,0.0050607788964233125,0.4787234042553192,4272.980487349451,0.15,150,5,0.16555555555555554,2.271427772421482,5.046108829579616,0.0
mtd_ai,200,0.0050607788964233125,0.5172413793103449,4734.253481320598,0.2,150,5,0.16555555555555554,2.271427772421482,5.046108829579616,0.0
mtd_ai,200,0.0050607788964233125,0.5597014925373134,5162.238747886458,0.25,150,5,0.16555555555555554,2.271427772421482,5.046108829579616,0.0
mtd_ai,200,0.005045400625524421,0.3,2170.7559369607407,0.05,150,5,0.13133333333333333,0.5469917051568869,2.208984557256327,0.0
mtd_ai,200,0.005045400625524421,0.2727272727272727,4872.884277357296,0.1,150,5,0.13133333333333333,0.5469917051568869,2.208984557256327,0.0
mtd_ai,200,0.005045400625524421,0.28846153846153844,6237.278585721322,0.15,150,5,0.13133333333333333,0.5469917051568869,2.208984557256327,0.0
mtd_ai,200,0.005045400625524421,0.3333333333333333,6847.359215261602,0.2,150,5,0.13133333333333333,0.5469917051568869,2.208984557256327,0.0
mtd_ai,200,0.005045400625524421,0.3640776699029126,7641.362757947895,0.25,150,5,0.13133333333333333,0.5469917051568869,2.208984557256327,0.0
mtd_ai,200,0.0050632994929503475,0.3409090909090909,2157.750283281168,0.05,150,5,0.19111111111111112,0.7360334522622777,2.5250939439460773,0.0
mtd_ai,200,0.0050632994929503475,0.4166666666666667,3104.7781275552297,0.1,150,5,0.19111111111111112,0.7360334522622777,2.5250939439460773,0.0
mtd_ai,200,0.0050632994929503475,0.39473684210526316,4411.486615102817,0.15,150,5,0.19111111111111112,0.7360334522622777,2.5250939439460773,0.0
mtd_ai,200,0.0050632994929503475,0.4166666666666667,5547.088065631035,0.2,150,5,0.19111111111111112,0.7360334522622777,2.5250939439460773,0.0
mtd_ai,200,0.0050632994929503475,0.46296296296296297,6018.601741637372,0.25,150,5,0.19111111111111112,0.7360334522622777,2.5250939439460773,0.0
mtd_ai,200,0.0050569953204129365,0.46875,1412.9563955331305,0.05,150,5,0.11,0.10427524595179538,0.3083633969511285,0.0
mtd_ai,200,0.0050569953204129365,0.40540540540540543,3136.539868834444,0.1,150,5,0.11,0.10427524595179538,0.3083633969511285,0.0
mtd_ai,200,0.0050569953204129365,0.4326923076923077,4044.4859165274734,0.15,150,5,0.11,0.10427524595179538,0.3083633969511285,0.0
mtd_ai,200,0.0050569953204129365,0.410958904109589,6047.35565266605,0.2,150,5,0.11,0.10427524595179538,0.3083633969511285,0.0
mtd_ai,200,0.0050569953204129365,0.42134831460674155,7333.400407991718,0.25,150,5,0.11,0.10427524595179538,0.3083633969511285,0.0
mtd_ai,200,0.00506488395660463,0.32608695652173914,2494.319073631575,0.05,150,5,0.11,2.3824237865979048,6.286012739977173,0.0
mtd_ai,200,0.00506488395660463,0.3488372093023256,3962.905311041423,0.1,150,5,0.11,2.3824237865979048,6.286012739977173,0.0
mtd_ai,200,0.00506488395660463,0.3879310344827586,4868.6043803215525,0.15,150,5,0.11,2.3824237865979048,6.286012739977173,0.0
mtd_ai,200,0.00506488395660463,0.4225352112676056,5504.953989382215,0.2,150,5,0.11,2.3824237865979048,6.286012739977173,0.0
mtd_ai,200,0.00506488395660463,0.45180722891566266,6209.36301735045,0.25,150,5,0.11,2.3824237865979048,6.286012739977173,0.0
mtd_ai,200,0.005062056938221552,0.5,1401.518874110838,0.05,150,5,0.147,7.579554484599906,1.6583763548304493,0.0
mtd_ai,200,0.005062056938221552,0.3191489361702128,5179.186458946768,0.1,150,5,0.147,7.579554484599906,1.6583763548304493,0.0
mtd_ai,200,0.005062056938221552,0.36885245901639346,5731.719133477578,0.15,150,5,0.147,7.579554484599906,1.6583763548304493,0.0
mtd_ai,200,0.005062056938221552,0.4166666666666667,6200.84475790794,0.2,150,5,0.147,7.579554484599906,1.6583763548304493,0.0
mtd_ai,200,0.005062056938221552,0.45180722891566266,6672.428057038778,0.25,150,5,0.147,7.579554484599906,1.6583763548304493,0.0
mtd_ai,200,0.0050724774516548304,0.28846153846153844,2337.008913245727,0.05,150,5,0.17700000000000002,0.03993112563899934,0.11655033042257798,0.0
mtd_ai,200,0.0050724774516548304,0.35714285714285715,3696.6142226647316,0.1,150,5,0.17700000000000002,0.03993112563899934,0.11655033042257798,0.0
mtd_ai,200,0.0050724774516548304,0.3879310344827586,4521.772119735526,0.15,150,5,0.17700000000000002,0.03993112563899934,0.11655033042257798,0.0
mtd_ai,200,0.0050724774516548304,0.4411764705882353,4965.700538523294,0.2,150,5,0.17700000000000002,0.03993112563899934,0.11655033042257798,0.0
mtd_ai,200,0.0050724774516548304,0.47468354430379744,5513.691116802716,0.25,150,5,0.17700000000000002,0.03993112563899934,0.11655033042257798,0.0
mtd_ai,200,0.005039032412989608,0.19736842105263158,3659.5229010684184,0.05,150,5,0.11595238095238095,0.7485080100110236,2.5103388383017537,0.0
mtd_ai,200,0.005039032412989608,0.29411764705882354,4521.342945383767,0.1,150,5,0.11595238095238095,0.7485080100110236,2.5103388383017537,0.0
mtd_ai,200,0.005039032412989608,0.32142857142857145,5471.816727120196,0.15,150,5,0.11595238095238095,0.7485080100110236,2.5103388383017537,0.0
mtd_ai,200,0.005039032412989608,0.375,6038.358595793625,0.2,150,5,0.11595238095238095,0.7485080100110236,2.5103388383017537,0.0
mtd_ai,200,0.005039032412989608,0.4076086956521739,6489.125332907846,0.25,150,5,0.11595238095238095,0.7485080100110236,2.5103388383017537,0.0
mtd_ai,200,0.005049392933762567,0.1595744680851064,4419.94725095331,0.05,150,5,0.15533333333333335,1.0618599556678845,3.732837479245271,0.0
mtd_ai,200,0.005049392933762567,0.2459016393442623,5512.266884983163,0.1,150,5,0.15533333333333335,1.0618599556678845,3.732837479245271,0.0
mtd_ai,200,0.005049392933762567,0.3125,5981.289932174066,0.15,150,5,0.15533333333333335,1.0618599556678845,3.732837479245271,0.0
mtd_ai,200,0.005049392933762567,0.3409090909090909,6936.998093970513,0.2,150,5,0.15533333333333335,1.0618599556678845,3.732837479245271,0.0
mtd_ai,200,0.005049392933762567,0.375,7806.80146366666,0.25,150,5,0.15533333333333335,1.0618599556678845,3.732837479245271,0.0
mtd_ai,200,0.0050428224979976646,0.5,1363.5300781550281,0.05,150,5,0.09090909090909091,0.37303042041047746,1.6327053875018438,-6.95
mtd_ai,200,0.0050428224979976646,0.4838709677419355,2724.411814494313,0.1,150,5,0.09090909090909091,0.37303042041047746,1.6327053875018438,-6.95
mtd_ai,200,0.0050428224979976646,0.5357142857142857,3521.2350662467634,0.15,150,5,0.09090909090909091,0.37303042041047746,1.6327053875018438,-6.95
mtd_ai,200,0.0050428224979976646,0.5172413793103449,4348.580685950803,0.2,150,5,0.09090909090909091,0.37303042041047746,1.6327053875018438,-6.95
mtd_ai,200,0.0050428224979976646,0.5136986301369864,5265.249082878357,0.25,150,5,0.09090909090909091,0.37303042041047746,1.6327053875018438,-6.95
mtd_ai,200,0.005037716225346453,0.28846153846153844,2157.9573319550386,0.05,150,5,0.17544444444444446,0.719574724986704,2.8171487914200317,0.0
mtd_ai,200,0.005037716225346453,0.3333333333333333,3723.0740568821902,0.1,150,5,0.17544444444444446,0.719574724986704,2.8171487914200317,0.0
mtd_ai,200,0.005037716225346453,0.4017857142857143,4273.7645717166415,0.15,150,5,0.17544444444444446,0.719574724986704,2.8171487914200317,0.0
mtd_ai,200,0.005037716225346453,0.410958904109589,5933.597065125853,0.2,150,5,0.17544444444444446,0.719574724986704,2.8171487914200317,0.0
mtd_ai,200,0.005037716225346453,0.45180722891566266,6512.221667816862,0.25,150,5,0.17544444444444446,0.719574724986704,2.8171487914200317,0.0
mtd_ai,200,0.005092446820693653,0.39473684210526316,1860.229015316012,0.05,150,5,0.0,0.24203846968958884,0.33927016376271,0.0
mtd_ai,200,0.005092446820693653,0.4166666666666667,3166.953996655652,0.1,150,5,0.0,0.24203846968958884,0.33927016376271,0.0
mtd_ai,200,0.005092446820693653,0.46875,3735.8919574921906,0.15,150,5,0.0,0.24203846968958884,0.33927016376271,0.0
mtd_ai,200,0.005092446820693653,0.5,4331.924511978743,0.2,150,5,0.0,0.24203846968958884,0.33927016376271,0.0
mtd_ai,200,0.005092446820693653,0.5208333333333334,4831.664386814695,0.25,150,5,0.0,0.24203846968958884,0.33927016376271,0.0
mtd_ai,200,0.0050347877134791445,0.24193548387096775,3627.234005615038,0.05,150,5,0.14944444444444446,0.026211436865279634,0.08315111206245225,0.0
mtd_ai,200,0.0050347877134791445,0.3191489361702128,4439.690823745827,0.1,150,5,0.14944444444444446,0.026211436865279634,0.08315111206245225,0.0
mtd_ai,200,0.0050347877134791445,0.3813559322033898,5605.905804782264,0.15,150,5,0.14944444444444446,0.026211436865279634,0.08315111206245225,0.0
mtd_ai,200,0.0050347877134791445,0.4225352112676056,6020.112222474389,0.2,150,5,0.14944444444444446,0.026211436865279634,0.08315111206245225,0.0
mtd_ai,200,0.0050347877134791445,0.45180722891566266,6656.585518864174,0.25,150,5,0.14944444444444446,0.026211436865279634,0.08315111206245225,0.0
mtd_ai,200,0.005071866310335354,0.39473684210526316,2106.0561251131885,0.05,150,5,0.10666666666666667,0.3172421502231669,0.6586835758248191,0.0
mtd_ai,200,0.005071866310335354,0.39473684210526316,3473.6498640051223,0.1,150,5,0.10666666666666667,0.3172421502231669,0.6586835758248191,0.0
mtd_ai,200,0.005071866310335354,0.45918367346938777,4277.035164141658,0.15,150,5,0.10666666666666667,0.3172421502231669,0.6586835758248191,0.0
mtd_ai,200,0.005071866310335354,0.44776119402985076,5528.503482757169,0.2,150,5,0.10666666666666667,0.3172421502231669,0.6586835758248191,0.0
mtd_ai,200,0.005071866310335354,0.487012987012987,5995.611880534039,0.25,150,5,0.10666666666666667,0.3172421502231669,0.6586835758248191,0.0
mtd_ai,200,0.005083019372421876,0.35714285714285715,2322.8033405951896,0.05,150,5,0.10888888888888888,2.92836325154441,2.0545629389092674,0.0
mtd_ai,200,0.005083019372421876,0.40540540540540543,3384.34551753218,0.1,150,5,0.10888888888888888,2.92836325154441,2.0545629389092674,0.0
mtd_ai,200,0.005083019372421876,0.4787234042553192,3851.736841913976,0.15,150,5,0.10888888888888888,2.92836325154441,2.0545629389092674,0.0
mtd_ai,200,0.005083019372421876,0.5,4406.932916234922,0.2,150,5,0.10888888888888888,2.92836325154441,2.0545629389092674,0.0
mtd_ai,200,0.005083019372421876,0.5434782608695652,5066.277489642074,0.25,150,5,0.10888888888888888,2.92836325154441,2.0545629389092674,0.0
mtd_ai,200,0.005078354154434821,0.35714285714285715,1891.349426846174,0.05,150,5,0.1466666666666667,0.3896274101072067,1.719405515974835,0.0
mtd_ai,200,0.005078354154434821,0.42857142857142855,3017.4084419606966,0.1,150,5,0.1466666666666667,0.3896274101072067,1.719405515974835,0.0
mtd_ai,200,0.005078354154434821,0.5113636363636364,3460.396372519277,0.15,150,5,0.1466666666666667,0.3896274101072067,1.719405515974835,0.0
mtd_ai,200,0.005078354154434821,0.5,4741.904227917195,0.2,150,5,0.1466666666666667,0.3896274101072067,1.719405515974835,0.0
mtd_ai,200,0.005078354154434821,0.5434782608695652,5058.394390798154,0.25,150,5,0.1466666666666667,0.3896274101072067,1.719405515974835,0.0
mtd_ai,200,0.005079792834345907,0.3,2511.341545295865,0.05,150,5,0.14833333333333334,0.8668361285403642,3.50577180333151,0.0
mtd_ai,200,0.005079792834345907,0.38461538461538464,3376.5530765859176,0.1,150,5,0.14833333333333334,0.8668361285403642,3.50577180333151,0.0
mtd_ai,200,0.005079792834345907,0.4411764705882353,3936.0629137967253,0.15,150,5,0.14833333333333334,0.8668361285403642,3.50577180333151,0.0
mtd_ai,200,0.005079792834345907,0.46153846153846156,4895.991934974396,0.2,150,5,0.14833333333333334,0.8668361285403642,3.50577180333151,0.0
mtd_ai,200,0.005079792834345907,0.47468354430379744,5653.13774927157,0.25,150,5,0.14833333333333334,0.8668361285403642,3.50577180333151,0.0
mtd_ai,200,0.005108253496865814,0.3125,2274.600820144031,0.05,150,5,0.13455555555555557,2.143115714772886,4.08561495314144,0.0
mtd_ai,200,0.005108253496865814,0.4166666666666667,2894.3993485035676,0.1,150,5,0.13455555555555557,2.143115714772886,4.08561495314144,0.0
mtd_ai,200,0.005108253496865814,0.4891304347826087,3612.048657136569,0.15,150,5,0.13455555555555557,2.143115714772886,4.08561495314144,0.0
mtd_ai,200,0.005108253496865814,0.5357142857142857,4071.4157124700214,0.2,150,5,0.13455555555555557,2.143115714772886,4.08561495314144,0.0
mtd_ai,200,0.005108253496865814,0.5859375,4389.58086271387,0.25,150,5,0.13455555555555557,2.143115714772886,4.08561495314144,0.0
mtd_ai,200,0.005077558430634571,0.35714285714285715,2392.575691528061,0.05,150,5,0.1511111111111111,0.3900914052734137,1.470598635671229,0.0
mtd_ai,200,0.005077558430634571,0.4166666666666667,3378.6586127052005,0.1,150,5,0.1511111111111111,0.3900914052734137,1.470598635671229,0.0
mtd_ai,200,0.005077558430634571,0.42452830188679247,4503.94623796365,0.15,150,5,0.1511111111111111,0.3900914052734137,1.470598635671229,0.0
mtd_ai,200,0.005077558430634571,0.43478260869565216,5351.118026684209,0.2,150,5,0.1511111111111111,0.3900914052734137,1.470598635671229,0.0
mtd_ai,200,0.005077558430634571,0.4573170731707317,6006.785758478583,0.25,150,5,0.1511111111111111,0.3900914052734137,1.470598635671229,0.0
mtd_ai,200,0.0050263754602289335,0.4411764705882353,1481.549369587517,0.05,150,5,0.11666666666666667,0.8297691293613157,1.7935490198784945,0.0
mtd_ai,200,0.0050263754602289335,0.38461538461538464,3791.0207037701425,0.1,150,5,0.11666666666666667,0.8297691293613157,1.7935490198784945,0.0
mtd_ai,200,0.0050263754602289335,0.39473684210526316,5310.9252517164305,0.15,150,5,0.11666666666666667,0.8297691293613157,1.7935490198784945,0.0
mtd_ai,200,0.0050263754602289335,0.38461538461538464,6701.282075538966,0.2,150,5,0.11666666666666667,0.8297691293613157,1.7935490198784945,0.0
mtd_ai,200,0.0050263754602289335,0.3865979381443299,7408.833657807014,0.25,150,5,0.11666666666666667,0.8297691293613157,1.7935490198784945,0.0
mtd_ai,200,0.0050886423688837005,0.35714285714285715,1467.6833280964215,0.05,150,5,0.15833333333333333,1.3074268140368113,3.67565848432168,0.0
mtd_ai,200,0.0050886423688837005,0.375,3235.0358737011084,0.1,150,5,0.15833333333333333,1.3074268140368113,3.67565848432168,0.0
mtd_ai,200,0.0050886423688837005,0.45,3869.755969357932,0.15,150,5,0.15833333333333333,1.3074268140368113,3.67565848432168,0.0
mtd_ai,200,0.0050886423688837005,0.4918032786885246,4404.535227201164,0.2,150,5,0.15833333333333333,1.3074268140368113,3.67565848432168,0.0
mtd_ai,200,0.0050886423688837005,0.528169014084507,4895.133455244627,0.25,150,5,0.15833333333333333,1.3074268140368113,3.67565848432168,0.0
mtd_ai,200,0.005071716515279387,0.26785714285714285,3368.7843996792726,0.05,150,5,0.14666666666666667,2.788823759466187,4.015290160599715,0.0
mtd_ai,200,0.005071716515279387,0.38461538461538464,3969.9296177410865,0.1,150,5,0.14666666666666667,2.788823759466187,4.015290160599715,0.0
mtd_ai,200,0.005071716515279387,0.45918367346938777,4662.618849054896,0.15,150,5,0.14666666666666667,2.788823759466187,4.015290160599715,0.0
mtd_ai,200,0.005071716515279387,0.5,5304.261342040463,0.2,150,5,0.14666666666666667,2.788823759466187,4.015290160599715,0.0
mtd_ai,200,0.005071716515279387,0.5208333333333334,5876.156069389952,0.25,150,5,0.14666666666666667,2.788823759466187,4.015290160599715,0.0
mtd_ai,200,0.005066191433035936,0.32608695652173914,2305.3259363640022,0.05,150,5,0.11333333333333333,0.04223872898394752,0.08303083417862965,0.0
mtd_ai,200,0.005066191433035936,0.40540540540540543,3398.313737277335,0.1,150,5,0.11333333333333333,0.04223872898394752,0.08303083417862965,0.0
mtd_ai,200,0.005066191433035936,0.4326923076923077,5022.582078746911,0.15,150,5,0.11333333333333333,0.04223872898394752,0.08303083417862965,0.0
mtd_ai,200,0.005066191433035936,0.45454545454545453,5509.751835706034,0.2,150,5,0.11333333333333333,0.04223872898394752,0.08303083417862965,0.0
mtd_ai,200,0.005066191433035936,0.46296296296296297,6300.225398403405,0.25,150,5,0.11333333333333333,0.04223872898394752,0.08303083417862965,0.0
mtd_ai,200,0.005062128407089967,0.25862068965517243,3269.6938381660057,0.05,150,5,0.3076923076923077,0.4717181340830813,0.685755517155176,0.0
mtd_ai,200,0.005062128407089967,0.36585365853658536,4206.157757561768,0.1,150,5,0.3076923076923077,0.4717181340830813,0.685755517155176,0.0
mtd_ai,200,0.005062128407089967,0.3629032258064516,5410.659892012325,0.15,150,5,0.3076923076923077,0.4717181340830813,0.685755517155176,0.0
mtd_ai,200,0.005062128407089967,0.410958904109589,5856.516900431683,0.2,150,5,0.3076923076923077,0.4717181340830813,0.685755517155176,0.0
mtd_ai,200,0.005062128407089967,0.43103448275862066,6587.626219042593,0.25,150,5,0.3076923076923077,0.4717181340830813,0.685755517155176,0.0
mtd_ai,200,0.005055943320252922,0.3409090909090909,2593.5020257974784,0.05,150,5,0.19736842105263158,0.16365676933718143,0.5521715229658005,1.0416666666666667
mtd_ai,200,0.005055943320252922,0.4411764705882353,3360.210167818016,0.1,150,5,0.19736842105263158,0.16365676933718143,0.5521715229658005,1.0416666666666667
mtd_ai,200,0.005055943320252922,0.5113636363636364,3938.2758179752163,0.15,150,5,0.19736842105263158,0.16365676933718143,0.5521715229658005,1.0416666666666667
mtd_ai,200,0.005055943320252922,0.5263157894736842,4460.972892191397,0.2,150,5,0.19736842105263158,0.16365676933718143,0.5521715229658005,1.0416666666666667
mtd_ai,200,0.005055943320252922,0.5357142857142857,5069.585716496858,0.25,150,5,0.19736842105263158,0.16365676933718143,0.5521715229658005,1.0416666666666667
mtd_ai,200,0.005050819490703475,0.35714285714285715,2242.420188274459,0.05,150,5,0.12333333333333334,1.9617263542121268,5.135384548402597,0.0
mtd_ai,200,0.005050819490703475,0.46875,2955.4593645424857,0.1,150,5,0.12333333333333334,1.9617263542121268,5.135384548402597,0.0
mtd_ai,200,0.005050819490703475,0.4411764705882353,4107.533525955074,0.15,150,5,0.12333333333333334,1.9617263542121268,5.135384548402597,0.0
mtd_ai,200,0.005050819490703475,0.46153846153846156,4718.671080650027,0.2,150,5,0.12333333333333334,1.9617263542121268,5.135384548402597,0.0
mtd_ai,200,0.005050819490703475,0.47468354430379744,5614.517366204056,0.25,150,5,0.12333333333333334,1.9617263542121268,5.135384548402597,0.0
mtd_ai,200,0.005081212089338601,0.2777777777777778,3137.026242082547,0.05,150,5,0.13666666666666663,0.07177849020218754,0.10569791250925306,0.0
mtd_ai,200,0.005081212089338601,0.35714285714285715,4359.043255577778,0.1,150,5,0.13666666666666663,0.07177849020218754,0.10569791250925306,0.0
mtd_ai,200,0.005081212089338601,0.4090909090909091,5005.460521650682,0.15,150,5,0.13666666666666663,0.07177849020218754,0.10569791250925306,0.0
mtd_ai,200,0.005081212089338601,0.46875,5317.795057231649,0.2,150,5,0.13666666666666663,0.07177849020218754,0.10569791250925306,0.0
mtd_ai,200,0.005081212089338601,0.5208333333333334,5811.106028870263,0.25,150,5,0.13666666666666663,0.07177849020218754,0.10569791250925306,0.0
mtd_ai,200,0.0050776822443829184,0.28846153846153844,2772.426154102536,0.05,150,5,0.16666666666666666,8.85237445638608,8.559329466209444,0.0
mtd_ai,200,0.0050776822443829184,0.38461538461538464,3360.8515018940716,0.1,150,5,0.16666666666666666,8.85237445638608,8.559329466209444,0.0
mtd_ai,200,0.0050776822443829184,0.4326923076923077,4118.425112283622,0.15,150,5,0.16666666666666666,8.85237445638608,8.559329466209444,0.0
mtd_ai,200,0.0050776822443829184,0.44776119402985076,4907.045838849081,0.2,150,5,0.16666666666666666,8.85237445638608,8.559329466209444,0.0
mtd_ai,200,0.0050776822443829184,0.5067567567567568,5189.919029352346,0.25,150,5,0.16666666666666666,8.85237445638608,8.559329466209444,0.0
mtd_ai,200,0.005063745677399022,0.3125,2213.220078131178,0.05,150,5,0.38461538461538464,0.45960364135374904,1.317464874091951,0.0
mtd_ai,200,0.005063745677399022,0.35714285714285715,3694.932774645308,0.1,150,5,0.38461538461538464,0.45960364135374904,1.317464874091951,0.0
mtd_ai,200,0.005063745677399022,0.35714285714285715,4855.83932096845,0.15,150,5,0.38461538461538464,0.45960364135374904,1.317464874091951,0.0
mtd_ai,200,0.005063745677399022,0.38461538461538464,5912.574945616495,0.2,150,5,0.38461538461538464,0.45960364135374904,1.317464874091951,0.0
mtd_ai,200,0.005063745677399022,0.4166666666666667,6866.990226093651,0.25,150,5,0.38461538461538464,0.45960364135374904,1.317464874091951,0.0
mtd_ai,200,0.005070328759518269,0.28846153846153844,2080.3634174612175,0.05,150,5,0.112,0.044125997803197654,0.19328382333824315,0.0
mtd_ai,200,0.005070328759518269,0.35714285714285715,3131.1876824806627,0.1,150,5,0.112,0.044125997803197654,0.19328382333824315,0.0
mtd_ai,200,0.005070328759518269,0.42452830188679247,3965.815223974394,0.15,150,5,0.112,0.044125997803197654,0.19328382333824315,0.0
mtd_ai,200,0.005070328759518269,0.42857142857142855,5431.532409564635,0.2,150,5,0.112,0.044125997803197654,0.19328382333824315,0.0
mtd_ai,200,0.005070328759518269,0.4573170731707317,5998.679194419187,0.25,150,5,0.112,0.044125997803197654,0.19328382333824315,0.0
mtd_ai,200,0.00504451538127349,0.3125,2556.4624556869644,0.05,150,5,0.12,0.34194266529794154,1.3434213512235427,0.0
mtd_ai,200,0.00504451538127349,0.3409090909090909,4450.473341461464,0.1,150,5,0.12,0.34194266529794154,1.3434213512235427,0.0
mtd_ai,200,0.00504451538127349,0.3879310344827586,5274.849032525628,0.15,150,5,0.12,0.34194266529794154,1.3434213512235427,0.0
mtd_ai,200,0.00504451538127349,0.43478260869565216,5874.4745650016275,0.2,150,5,0.12,0.34194266529794154,1.3434213512235427,0.0
mtd_ai,200,0.00504451538127349,0.4934210526315789,6079.151351052383,0.25,150,5,0.12,0.34194266529794154,1.3434213512235427,0.0
mtd_ai,200,0.005051060044411439,0.3125,2871.1250528789074,0.05,150,5,0.08666666666666667,1.3196194909526475,3.0730667592068546,0.0
mtd_ai,200,0.005051060044411439,0.38461538461538464,3902.5622670995585,0.1,150,5,0.08666666666666667,1.3196194909526475,3.0730667592068546,0.0
mtd_ai,200,0.005051060044411439,0.4326923076923077,5032.713515292082,0.15,150,5,0.08666666666666667,1.3196194909526475,3.0730667592068546,0.0
mtd_ai,200,0.005051060044411439,0.47619047619047616,5584.406012754929,0.2,150,5,0.08666666666666667,1.3196194909526475,3.0730667592068546,0.0
mtd_ai,200,0.005051060044411439,0.5208333333333334,5951.396187353948,0.25,150,5,0.08666666666666667,1.3196194909526475,3.0730667592068546,0.0
mtd_ai,200,0.0050667869233405214,0.2777777777777778,2460.9256676510713,0.05,150,5,0.21333333333333332,0.9334602888890847,2.0526548790030055,0.0
mtd_ai,200,0.0050667869233405214,0.3488372093023256,3974.377994323241,0.1,150,5,0.21333333333333332,0.9334602888890847,2.0526548790030055,0.0
mtd_ai,200,0.0050667869233405214,0.3879310344827586,4899.649482251052,0.15,150,5,0.21333333333333332,0.9334602888890847,2.0526548790030055,0.0
mtd_ai,200,0.0050667869233405214,0.43478260869565216,5217.003336601968,0.2,150,5,0.21333333333333332,0.9334602888890847,2.0526548790030055,0.0
mtd_ai,200,0.0050667869233405214,0.44642857142857145,6210.3889647628985,0.25,150,5,0.21333333333333332,0.9334602888890847,2.0526548790030055,0.0
mtd_ai,200,0.005063041921744953,0.21428571428571427,3576.812966122046,0.05,150,5,0.1,0.9621422138287132,3.0412234329377186,0.0
mtd_ai,200,0.005063041921744953,0.3125,4133.930736234672,0.1,150,5,0.1,0.9621422138287132,3.0412234329377186,0.0
mtd_ai,200,0.005063041921744953,0.34615384615384615,5979.175223093145,0.15,150,5,0.1,0.9621422138287132,3.0412234329377186,0.0
mtd_ai,200,0.005063041921744953,0.38461538461538464,6658.818633431847,0.2,150,5,0.1,0.9621422138287132,3.0412234329377186,0.0
mtd_ai,200,0.005063041921744953,0.43103448275862066,6870.175723929649,0.25,150,5,0.1,0.9621422138287132,3.0412234329377186,0.0
mtd_ai,200,0.0050638855551514705,0.20833333333333334,3194.12569523604,0.05,150,5,0.17647058823529413,0.5232362934744822,2.2807305099112316,0.0
mtd_ai,200,0.0050638855551514705,0.26785714285714285,4459.128785498126,0.1,150,5,0.17647058823529413,0.5232362934744822,2.2807305099112316,0.0
mtd_ai,200,0.0050638855551514705,0.32608695652173914,5373.099104377274,0.15,150,5,0.17647058823529413,0.5232362934744822,2.2807305099112316,0.0
mtd_ai,200,0.0050638855551514705,0.3488372093023256,6192.144180169815,0.2,150,5,0.17647058823529413,0.5232362934744822,2.2807305099112316,0.0
mtd_ai,200,0.0050638855551514705,0.3826530612244898,6942.38623263559,0.25,150,5,0.17647058823529413,0.5232362934744822,2.2807305099112316,0.0
mtd_ai,200,0.005087939416888,0.375,1745.5245607576576,0.05,150,5,0.10566666666666666,0.4586860140400258,1.880135719755356,0.0
mtd_ai,200,0.005087939416888,0.39473684210526316,3267.103788565846,0.1,150,5,0.10566666666666666,0.4586860140400258,1.880135719755356,0.0
mtd_ai,200,0.005087939416888,0.45,3815.4424171389455,0.15,150,5,0.10566666666666666,0.4586860140400258,1.880135719755356,0.0
mtd_ai,200,0.005087939416888,0.4838709677419355,4544.664056939057,0.2,150,5,0.10566666666666666,0.4586860140400258,1.880135719755356,0.0
mtd_ai,200,0.005087939416888,0.528169014084507,4969.205652544436,0.25,150,5,0.10566666666666666,0.4586860140400258,1.880135719755356,0.0
mtd_ai,200,0.005035887819577672,0.32608695652173914,2545.1393806639353,0.05,150,5,0.14344444444444446,0.2755647804754781,1.0828964834812504,0.0
mtd_ai,200,0.005035887819577672,0.3333333333333333,4075.1331983461555,0.1,150,5,0.14344444444444446,0.2755647804754781,1.0828964834812504,0.0
mtd_ai,200,0.005035887819577672,0.3629032258064516,5212.539561635094,0.15,150,5,0.14344444444444446,0.2755647804754781,1.0828964834812504,0.0
mtd_ai,200,0.005035887819577672,0.4166666666666667,5581.219108787578,0.2,150,5,0.14344444444444446,0.2755647804754781,1.0828964834812504,0.0
mtd_ai,200,0.005035887819577672,0.4573170731707317,6126.812187093135,0.25,150,5,0.14344444444444446,0.2755647804754781,1.0828964834812504,0.0
mtd_ai,200,0.005039858596194161,0.3409090909090909,1852.0450221172437,0.05,150,5,0.1663888888888889,0.8043423814698555,3.1169834405924393,0.0
mtd_ai,200,0.005039858596194161,0.3333333333333333,3605.513715874628,0.1,150,5,0.1663888888888889,0.8043423814698555,3.1169834405924393,0.0
mtd_ai,200,0.005039858596194161,0.3879310344827586,4509.429078841327,0.15,150,5,0.1663888888888889,0.8043423814698555,3.1169834405924393,0.0
mtd_ai,200,0.005039858596194161,0.43478260869565216,5064.861080417682,0.2,150,5,0.1663888888888889,0.8043423814698555,3.1169834405924393,0.0
mtd_ai,200,0.005039858596194161,0.41208791208791207,6558.584382405774,0.25,150,5,0.1663888888888889,0.8043423814698555,3.1169834405924393,0.0
mtd_ai,200,0.005036144544742072,0.3125,2193.799236310124,0.05,150,5,0.09688888888888889,1.0132444817741995,3.625235527762483,0.0
mtd_ai,200,0.005036144544742072,0.36585365853658536,3533.5579306030813,0.1,150,5,0.09688888888888889,1.0132444817741995,3.625235527762483,0.0
mtd_ai,200,0.005036144544742072,0.4166666666666667,4288.490034063255,0.15,150,5,0.09688888888888889,1.0132444817741995,3.625235527762483,0.0
mtd_ai,200,0.005036144544742072,0.4225352112676056,5366.248838145778,0.2,150,5,0.09688888888888889,1.0132444817741995,3.625235527762483,0.0
mtd_ai,200,0.005036144544742072,0.44642857142857145,6146.011929014276,0.25,150,5,0.09688888888888889,1.0132444817741995,3.625235527762483,0.0
mtd_ai,200,0.005063423649579548,0.3125,3138.5050711406675,0.05,150,5,0.128,0.33197325683875817,0.4188070289367405,0.0
mtd_ai,200,0.005063423649579548,0.4166666666666667,3982.1655465726735,0.1,150,5,0.128,0.33197325683875817,0.4188070289367405,0.0
mtd_ai,200,0.005063423649579548,0.45918367346938777,4887.875930136019,0.15,150,5,0.128,0.33197325683875817,0.4188070289367405,0.0
mtd_ai,200,0.005063423649579548,0.4918032786885246,5653.41270612033,0.2,150,5,0.128,0.33197325683875817,0.4188070289367405,0.0
mtd_ai,200,0.005063423649579548,0.5,6165.250534088998,0.25,150,5,0.128,0.33197325683875817,0.4188070289367405,0.0
mtd_ai,200,0.005041257372322958,0.26785714285714285,2939.692877829886,0.05,150,5,0.12833333333333333,4.571350397903558,5.779294295389011,0.0
mtd_ai,200,0.005041257372322958,0.3409090909090909,4230.909853989875,0.1,150,5,0.12833333333333333,4.571350397903558,5.779294295389011,0.0
mtd_ai,200,0.005041257372322958,0.39473684210526316,4847.296669949568,0.15,150,5,0.12833333333333333,4.571350397903558,5.779294295389011,0.0
mtd_ai,200,0.005041257372322958,0.4166666666666667,5532.84951723893,0.2,150,5,0.12833333333333333,4.571350397903558,5.779294295389011,0.0
mtd_ai,200,0.005041257372322958,0.4411764705882353,5966.49887351976,0.25,150,5,0.12833333333333333,4.571350397903558,5.779294295389011,0.0
mtd_ai,200,0.005041609092333845,0.3,2612.3419208044534,0.05,150,5,0.115,0.44813883223712025,1.948088888173136,0.0
mtd_ai,200,0.005041609092333845,0.35714285714285715,4150.145517464218,0.1,150,5,0.115,0.44813883223712025,1.948088888173136,0.0
mtd_ai,200,0.005041609092333845,0.4017857142857143,5192.1119462355655,0.15,150,5,0.115,0.44813883223712025,1.948088888173136,0.0
mtd_ai,200,0.005041609092333845,0.44776119402985076,5723.956175980357,0.2,150,5,0.115,0.44813883223712025,1.948088888173136,0.0
mtd_ai,200,0.005041609092333845,0.5,6052.495636024128,0.25,150,5,0.115,0.44813883223712025,1.948088888173136,0.0
mtd_ai,200,0.00505891283783968,0.2777777777777778,3310.387970230723,0.05,150,5,0.13555555555555557,0.9023705690073494,3.363099105486701,0.0
mtd_ai,200,0.00505891283783968,0.32608695652173914,4518.012693503963,0.1,150,5,0.13555555555555557,0.9023705690073494,3.363099105486701,0.0
mtd_ai,200,0.00505891283783968,0.3879310344827586,5131.9352920772435,0.15,150,5,0.13555555555555557,0.9023705690073494,3.363099105486701,0.0
mtd_ai,200,0.00505891283783968,0.4166666666666667,6164.663555391982,0.2,150,5,0.13555555555555557,0.9023705690073494,3.363099105486701,0.0
mtd_ai,200,0.00505891283783968,0.43103448275862066,7131.408205003427,0.25,150,5,0.13555555555555557,0.9023705690073494,3.363099105486701,0.0
mtd_ai,200,0.005067782450053033,0.3,2373.84507068356,0.05,150,5,0.12666666666666668,0.6028939329755125,0.6275464500208914,0.0
mtd_ai,200,0.005067782450053033,0.3488372093023256,3719.5063924582223,0.1,150,5,0.12666666666666668,0.6028939329755125,0.6275464500208914,0.0
mtd_ai,200,0.005067782450053033,0.4411764705882353,4194.454087813141,0.15,150,5,0.12666666666666668,0.6028939329755125,0.6275464500208914,0.0
mtd_ai,200,0.005067782450053033,0.42857142857142855,5829.537947696517,0.2,150,5,0.12666666666666668,0.6028939329755125,0.6275464500208914,0.0
mtd_ai,200,0.005067782450053033,0.42613636363636365,6632.048279645297,0.25,150,5,0.12666666666666668,0.6028939329755125,0.6275464500208914,0.0
mtd_ai,200,0.005073053648798805,0.32608695652173914,1999.2565285243838,0.05,150,5,0.08222222222222222,2.0994479270725095,4.754937476951625,0.0
mtd_ai,200,0.005073053648798805,0.4411764705882353,2535.112618051662,0.1,150,5,0.08222222222222222,2.0994479270725095,4.754937476951625,0.0
mtd_ai,200,0.005073053648798805,0.4166666666666667,4193.6185781231325,0.15,150,5,0.08222222222222222,2.0994479270725095,4.754937476951625,0.0
mtd_ai,200,0.005073053648798805,0.45454545454545453,4724.558773847959,0.2,150,5,0.08222222222222222,2.0994479270725095,4.754937476951625,0.0
mtd_ai,200,0.005073053648798805,0.46296296296296297,6093.051083498439,0.25,150,5,0.08222222222222222,2.0994479270725095,4.754937476951625,0.0
mtd_ai,200,0.0050686368227444096,0.3125,2548.393392219865,0.05,150,5,0.1782222222222222,0.21077995876997854,0.7121247254645706,0.0
mtd_ai,200,0.0050686368227444096,0.35714285714285715,3307.0402390401687,0.1,150,5,0.1782222222222222,0.21077995876997854,0.7121247254645706,0.0
mtd_ai,200,0.0050686368227444096,0.4017857142857143,4400.753516926717,0.15,150,5,0.1782222222222222,0.21077995876997854,0.7121247254645706,0.0
mtd_ai,200,0.0050686368227444096,0.42857142857142855,5136.126490786383,0.2,150,5,0.1782222222222222,0.21077995876997854,0.7121247254645706,0.0
mtd_ai,200,0.0050686368227444096,0.46296296296296297,5715.175389378594,0.25,150,5,0.1782222222222222,0.21077995876997854,0.7121247254645706,0.0
mtd_ai,200,0.005075557375669188,0.4411764705882353,1488.3887345314442,0.05,150,5,0.13666666666666666,0.672845354222436,2.6820725952180497,0.0
mtd_ai,200,0.005075557375669188,0.42857142857142855,3210.188604482515,0.1,150,5,0.13666666666666666,0.672845354222436,2.6820725952180497,0.0
mtd_ai,200,0.005075557375669188,0.45,4754.629613174697,0.15,150,5,0.13666666666666666,0.672845354222436,2.6820725952180497,0.0
mtd_ai,200,0.005075557375669188,0.5,5366.303587585769,0.2,150,5,0.13666666666666666,0.672845354222436,2.6820725952180497,0.0
mtd_ai,200,0.005075557375669188,0.5208333333333334,5829.5151635246475,0.25,150,5,0.13666666666666666,0.672845354222436,2.6820725952180497,0.0
mtd_ai,200,0.0050506615480129516,0.5,1348.327028742537,0.05,150,5,0.1538888888888889,2.228699461183773,5.363747727528324,0.0
mtd_ai,200,0.0050506615480129516,0.3191489361702128,3181.6656991576883,0.1,150,5,0.1538888888888889,2.228699461183773,5.363747727528324,0.0
mtd_ai,200,0.0050506615480129516,0.3125,4679.621953830072,0.15,150,5,0.1538888888888889,2.228699461183773,5.363747727528324,0.0
mtd_ai,200,0.0050506615480129516,0.30612244897959184,6469.729992443224,0.2,150,5,0.1538888888888889,2.228699461183773,5.363747727528324,0.0
mtd_ai,200,0.0050506615480129516,0.2697841726618705,8249.74343985281,0.25,150,5,0.1538888888888889,2.228699461183773,5.363747727528324,0.0
mtd_ai,200,0.005034080196848529,0.25,3482.631510028835,0.05,150,5,0.14755555555555555,0.9124556067987284,3.428552182745756,0.0
mtd_ai,200,0.005034080196848529,0.3409090909090909,4850.172679728315,0.1,150,5,0.14755555555555555,0.9124556067987284,3.428552182745756,0.0
mtd_ai,200,0.005034080196848529,0.4017857142857143,5535.317359427241,0.15,150,5,0.14755555555555555,0.9124556067987284,3.428552182745756,0.0
mtd_ai,200,0.005034080196848529,0.38961038961038963,6745.521014351553,0.2,150,5,0.14755555555555555,0.9124556067987284,3.428552182745756,0.0
mtd_ai,200,0.005034080196848529,0.43103448275862066,7298.765544386994,0.25,150,5,0.14755555555555555,0.9124556067987284,3.428552182745756,0.0
mtd_ai,200,0.005043338430841791,0.20270270270270271,4155.625097501628,0.05,150,5,0.16444444444444442,1.0870903142312487,3.43221717213573,0.0
mtd_ai,200,0.005043338430841791,0.2830188679245283,5279.0116085505215,0.1,150,5,0.16444444444444442,1.0870903142312487,3.43221717213573,0.0
mtd_ai,200,0.005043338430841791,0.3515625,5814.370277089642,0.15,150,5,0.16444444444444442,1.0870903142312487,3.43221717213573,0.0
mtd_ai,200,0.005043338430841791,0.39473684210526316,6360.780632899245,0.2,150,5,0.16444444444444442,1.0870903142312487,3.43221717213573,0.0
mtd_ai,200,0.005043338430841791,0.4411764705882353,6801.972099832192,0.25,150,5,0.16444444444444442,1.0870903142312487,3.43221717213573,0.0
mtd_ai,200,0.005064165052162926,0.25862068965517243,2993.586195473331,0.05,150,5,0.13777777777777778,0.28952201745809514,1.1010184490084092,0.0
mtd_ai,200,0.005064165052162926,0.32608695652173914,4635.3644076611545,0.1,150,5,0.13777777777777778,0.28952201745809514,1.1010184490084092,0.0
mtd_ai,200,0.005064165052162926,0.3879310344827586,5351.9322577323055,0.15,150,5,0.13777777777777778,0.28952201745809514,1.1010184490084092,0.0
mtd_ai,200,0.005064165052162926,0.43478260869565216,5979.126593757872,0.2,150,5,0.13777777777777778,0.28952201745809514,1.1010184490084092,0.0
mtd_ai,200,0.005064165052162926,0.47468354430379744,6397.689837687096,0.25,150,5,0.13777777777777778,0.28952201745809514,1.1010184490084092,0.0
mtd_ai,200,0.00507152573609423,0.3409090909090909,1419.0351096775921,0.05,150,5,0.3333333333333333,0.351253523029563,1.1693483324289475,0.0
mtd_ai,200,0.00507152573609423,0.3409090909090909,3621.8765170876286,0.1,150,5,0.3333333333333333,0.351253523029563,1.1693483324289475,0.0
mtd_ai,200,0.00507152573609423,0.42452830188679247,3915.7448826474892,0.15,150,5,0.3333333333333333,0.351253523029563,1.1693483324289475,0.0
mtd_ai,200,0.00507152573609423,0.43478260869565216,5091.460248442505,0.2,150,5,0.3333333333333333,0.351253523029563,1.1693483324289475,0.0
mtd_ai,200,0.00507152573609423,0.46296296296296297,5707.723977584057,0.25,150,5,0.3333333333333333,0.351253523029563,1.1693483324289475,0.0
mtd_ai,200,0.005068314891150317,0.46875,1075.801181550819,0.05,150,5,0.15777777777777777,0.9066551463902038,3.133115101124667,0.0
mtd_ai,200,0.005068314891150317,0.39473684210526316,3276.16977426888,0.1,150,5,0.15777777777777777,0.9066551463902038,3.133115101124667,0.0
mtd_ai,200,0.005068314891150317,0.36885245901639346,5530.684898202338,0.15,150,5,0.15777777777777777,0.9066551463902038,3.133115101124667,0.0
mtd_ai,200,0.005068314891150317,0.4166666666666667,6075.439584298592,0.2,150,5,0.15777777777777777,0.9066551463902038,3.133115101124667,0.0
mtd_ai,200,0.005068314891150317,0.45180722891566266,6575.067711185398,0.25,150,5,0.15777777777777777,0.9066551463902038,3.133115101124667,0.0
mtd_ai,200,0.00509138051504003,0.5357142857142857,1172.6781747997086,0.05,150,5,0.13944444444444443,0.4607035210481411,1.5497485249320084,0.0
mtd_ai,200,0.00509138051504003,0.5,2405.805096944584,0.1,150,5,0.13944444444444443,0.4607035210481411,1.5497485249320084,0.0
mtd_ai,200,0.00509138051504003,0.5357142857142857,3160.524942504916,0.15,150,5,0.13944444444444443,0.4607035210481411,1.5497485249320084,0.0
mtd_ai,200,0.00509138051504003,0.5357142857142857,4233.187336820356,0.2,150,5,0.13944444444444443,0.4607035210481411,1.5497485249320084,0.0
mtd_ai,200,0.00509138051504003,0.5859375,4672.941772679133,0.25,150,5,0.13944444444444443,0.4607035210481411,1.5497485249320084,0.0
mtd_ai,200,0.005042266179338787,0.25,3607.8002340600265,0.05,150,5,0.12333333333333334,0.7141903140741881,3.019666999858784,0.0
mtd_ai,200,0.005042266179338787,0.3333333333333333,4614.02167745203,0.1,150,5,0.12333333333333334,0.7141903140741881,3.019666999858784,0.0
mtd_ai,200,0.005042266179338787,0.4090909090909091,5004.9603418306,0.15,150,5,0.12333333333333334,0.7141903140741881,3.019666999858784,0.0
mtd_ai,200,0.005042266179338787,0.45454545454545453,5507.107626090903,0.2,150,5,0.12333333333333334,0.7141903140741881,3.019666999858784,0.0
mtd_ai,200,0.005042266179338787,0.487012987012987,5840.68938197461,0.25,150,5,0.12333333333333334,0.7141903140741881,3.019666999858784,0.0
mtd_ai,200,0.005080753326727177,0.3125,2169.9713821826335,0.05,150,5,0.10666666666666667,1.068992510734188,3.9673074734740505,0.0
mtd_ai,200,0.005080753326727177,0.39473684210526316,3543.586415630174,0.1,150,5,0.10666666666666667,1.068992510734188,3.9673074734740505,0.0
mtd_ai,200,0.005080753326727177,0.46875,4410.929429787312,0.15,150,5,0.10666666666666667,1.068992510734188,3.9673074734740505,0.0
mtd_ai,200,0.005080753326727177,0.5172413793103449,4991.558167744097,0.2,150,5,0.10666666666666667,1.068992510734188,3.9673074734740505,0.0
mtd_ai,200,0.005080753326727177,0.5514705882352942,5362.494988800316,0.25,150,5,0.10666666666666667,1.068992510734188,3.9673074734740505,0.0
mtd_ai,200,0.005065155225950691,0.4411764705882353,1149.6278595163712,0.05,150,5,0.1552222222222222,0.6234731699342848,2.7703276767900915,0.0
mtd_ai,200,0.005065155225950691,0.3333333333333333,4033.5031913638586,0.1,150,5,0.1552222222222222,0.6234731699342848,2.7703276767900915,0.0
mtd_ai,200,0.005065155225950691,0.4090909090909091,4659.82315862663,0.15,150,5,0.1552222222222222,0.6234731699342848,2.7703276767900915,0.0
mtd_ai,200,0.005065155225950691,0.42857142857142855,5478.194480089497,0.2,150,5,0.1552222222222222,0.6234731699342848,2.7703276767900915,0.0
mtd_ai,200,0.005065155225950691,0.4573170731707317,6227.096975480482,0.25,150,5,0.1552222222222222,0.6234731699342848,2.7703276767900915,0.0
mtd_ai,200,0.005032579470706853,0.21428571428571427,3018.435624725111,0.05,150,5,0.12555555555555556,1.2932102963679393,3.9171622027752835,0.0
mtd_ai,200,0.005032579470706853,0.30612244897959184,4006.6490463983523,0.1,150,5,0.12555555555555556,1.2932102963679393,3.9171622027752835,0.0
mtd_ai,200,0.005032579470706853,0.3813559322033898,4706.62123255728,0.15,150,5,0.12555555555555556,1.2932102963679393,3.9171622027752835,0.0
mtd_ai,200,0.005032579470706853,0.4166666666666667,5734.9166608415235,0.2,150,5,0.12555555555555556,1.2932102963679393,3.9171622027752835,0.0
mtd_ai,200,0.005032579470706853,0.4411764705882353,6638.42197644601,0.25,150,5,0.12555555555555556,1.2932102963679393,3.9171622027752835,0.0
mtd_ai,200,0.005030312735703358,0.234375,2525.2109107077795,0.05,150,5,0.13555555555555557,0.7121115720106256,2.7082797795472566,0.0
mtd_ai,200,0.005030312735703358,0.2631578947368421,4223.446014232834,0.1,150,5,0.13555555555555557,0.7121115720106256,2.7082797795472566,0.0
mtd_ai,200,0.005030312735703358,0.3082191780821918,5519.731454308399,0.15,150,5,0.13555555555555557,0.7121115720106256,2.7082797795472566,0.0
mtd_ai,200,0.005030312735703358,0.3225806451612903,6886.60629055563,0.2,150,5,0.13555555555555557,0.7121115720106256,2.7082797795472566,0.0
mtd_ai,200,0.005030312735703358,0.3605769230769231,7307.753633449212,0.25,150,5,0.13555555555555557,0.7121115720106256,2.7082797795472566,0.0
mtd_ai,200,0.00505788458816529,0.3125,2020.4860320176692,0.05,150,5,0.1778888888888889,1.1251733018353074,0.8213384198761547,0.0
mtd_ai,200,0.00505788458816529,0.35714285714285715,3435.632865441171,0.1,150,5,0.1778888888888889,1.1251733018353074,0.8213384198761547,0.0
mtd_ai,200,0.00505788458816529,0.4090909090909091,4161.977491661948,0.15,150,5,0.1778888888888889,1.1251733018353074,0.8213384198761547,0.0
mtd_ai,200,0.00505788458816529,0.46875,4663.906948684411,0.2,150,5,0.1778888888888889,1.1251733018353074,0.8213384198761547,0.0
mtd_ai,200,0.00505788458816529,0.5,5344.312587575338,0.25,150,5,0.1778888888888889,1.1251733018353074,0.8213384198761547,0.0
mtd_ai,200,0.005049859360534278,0.4411764705882353,1473.2087587516262,0.05,150,5,0.14277777777777778,1.9147714717835975,3.020877471198069,0.0
mtd_ai,200,0.005049859360534278,0.46875,2323.2229200012143,0.1,150,5,0.14277777777777778,1.9147714717835975,3.020877471198069,0.0
mtd_ai,200,0.005049859360534278,0.4787234042553192,3197.0142710125115,0.15,150,5,0.14277777777777778,1.9147714717835975,3.020877471198069,0.0
mtd_ai,200,0.005049859360534278,0.47619047619047616,4161.895247219736,0.2,150,5,0.14277777777777778,1.9147714717835975,3.020877471198069,0.0
mtd_ai,200,0.005049859360534278,0.5,5659.8126276428775,0.25,150,5,0.14277777777777778,1.9147714717835975,3.020877471198069,0.0
