Name,mtd_interval,MEF,ASR,time_to_compromise,host_compromise_ratio,network_size,exposed_endpoints,attack_path_exposure,ROA,risk,shortest_path_variability
mtd_ai,200,0.005081250658939822,0.26785714285714285,3172.0317466734546,0.05,150,5,0.13,0.25701887109625937,1.0677707598032131,0.0
mtd_ai,200,0.005081250658939822,0.36585365853658536,4033.700371147572,0.1,150,5,0.13,0.25701887109625937,1.0677707598032131,0.0
mtd_ai,200,0.005081250658939822,0.42452830188679247,4924.668322417995,0.15,150,5,0.13,0.25701887109625937,1.0677707598032131,0.0
mtd_ai,200,0.005081250658939822,0.46875,5353.140737605962,0.2,150,5,0.13,0.25701887109625937,1.0677707598032131,0.0
mtd_ai,200,0.005081250658939822,0.5136986301369864,5750.450104830237,0.25,150,5,0.13,0.25701887109625937,1.0677707598032131,0.0
mtd_ai,200,0.005068020125954191,0.3,2377.178634586744,0.05,150,5,0.09090909090909091,1.1439529226268648,4.550945914752417,0.0
mtd_ai,200,0.005068020125954191,0.3333333333333333,4496.121970609709,0.1,150,5,0.09090909090909091,1.1439529226268648,4.550945914752417,0.0
mtd_ai,200,0.005068020125954191,0.375,5392.611189177793,0.15,150,5,0.09090909090909091,1.1439529226268648,4.550945914752417,0.0
mtd_ai,200,0.005068020125954191,0.42857142857142855,5911.301748541511,0.2,150,5,0.09090909090909091,1.1439529226268648,4.550945914752417,0.0
mtd_ai,200,0.005068020125954191,0.46296296296296297,6543.684814675154,0.25,150,5,0.09090909090909091,1.1439529226268648,4.550945914752417,0.0
mtd_ai,200,0.0050614890220206715,0.20833333333333334,3650.0874970687037,0.05,150,5,0.13655555555555557,9.583450421669129,6.325366268858001,0.0
mtd_ai,200,0.0050614890220206715,0.2777777777777778,5275.362698561139,0.1,150,5,0.13655555555555557,9.583450421669129,6.325366268858001,0.0
mtd_ai,200,0.0050614890220206715,0.3409090909090909,5809.760424484295,0.15,150,5,0.13655555555555557,9.583450421669129,6.325366268858001,0.0
mtd_ai,200,0.0050614890220206715,0.36585365853658536,6451.763746410994,0.2,150,5,0.13655555555555557,9.583450421669129,6.325366268858001,0.0
mtd_ai,200,0.0050614890220206715,0.4076086956521739,7016.034929205069,0.25,150,5,0.13655555555555557,9.583450421669129,6.325366268858001,0.0
mtd_ai,200,0.005059707857411491,0.375,1639.9830007931182,0.05,150,5,0.12444444444444445,0.5186235784049306,2.2274785977051876,0.0
mtd_ai,200,0.005059707857411491,0.42857142857142855,2730.924085139711,0.1,150,5,0.12444444444444445,0.5186235784049306,2.2274785977051876,0.0
mtd_ai,200,0.005059707857411491,0.3515625,6077.788149137341,0.15,150,5,0.12444444444444445,0.5186235784049306,2.2274785977051876,0.0
mtd_ai,200,0.005059707857411491,0.38961038961038963,6746.853199345744,0.2,150,5,0.12444444444444445,0.5186235784049306,2.2274785977051876,0.0
mtd_ai,200,0.005059707857411491,0.42134831460674155,7350.730963789896,0.25,150,5,0.12444444444444445,0.5186235784049306,2.2274785977051876,0.0
mtd_ai,200,0.0050481556712061275,0.375,1513.7539069985978,0.05,150,5,0.1357142857142857,1.4401857443781625,4.053707369344166,0.0
mtd_ai,200,0.0050481556712061275,0.40540540540540543,2699.3100583788623,0.1,150,5,0.1357142857142857,1.4401857443781625,4.053707369344166,0.0
mtd_ai,200,0.0050481556712061275,0.45918367346938777,3674.724726444593,0.15,150,5,0.1357142857142857,1.4401857443781625,4.053707369344166,0.0
mtd_ai,200,0.0050481556712061275,0.46153846153846156,5033.777842465373,0.2,150,5,0.1357142857142857,1.4401857443781625,4.053707369344166,0.0
mtd_ai,200,0.0050481556712061275,0.46296296296296297,5922.99275253743,0.25,150,5,0.1357142857142857,1.4401857443781625,4.053707369344166,0.0
mtd_ai,200,0.005045684216696155,0.28846153846153844,3235.271860606545,0.05,150,5,0.13,0.5421769302547416,2.295294572015858,0.0
mtd_ai,200,0.005045684216696155,0.35714285714285715,4369.598272157327,0.1,150,5,0.13,0.5421769302547416,2.295294572015858,0.0
mtd_ai,200,0.005045684216696155,0.4326923076923077,4836.665843686063,0.15,150,5,0.13,0.5421769302547416,2.295294572015858,0.0
mtd_ai,200,0.005045684216696155,0.46875,5483.223230188831,0.2,150,5,0.13,0.5421769302547416,2.295294572015858,0.0
mtd_ai,200,0.005045684216696155,0.5,6189.860217099171,0.25,150,5,0.13,0.5421769302547416,2.295294572015858,0.0
mtd_ai,200,0.005042379017370513,0.46875,1558.081611060725,0.05,150,5,0.12833333333333333,1.1961371066501443,2.088842092852461,0.0
mtd_ai,200,0.005042379017370513,0.4166666666666667,3551.833137546051,0.1,150,5,0.12833333333333333,1.1961371066501443,2.088842092852461,0.0
mtd_ai,200,0.005042379017370513,0.45918367346938777,4620.783778399423,0.15,150,5,0.12833333333333333,1.1961371066501443,2.088842092852461,0.0
mtd_ai,200,0.005042379017370513,0.5,5067.1429220588325,0.2,150,5,0.12833333333333333,1.1961371066501443,2.088842092852461,0.0
mtd_ai,200,0.005042379017370513,0.5514705882352942,5584.968827312086,0.25,150,5,0.12833333333333333,1.1961371066501443,2.088842092852461,0.0
mtd_ai,200,0.005074742481473975,0.4166666666666667,1847.678196382243,0.05,150,5,0.1488888888888889,0.26006374177480823,0.8725896722774099,0.0
mtd_ai,200,0.005074742481473975,0.375,3595.418124905098,0.1,150,5,0.1488888888888889,0.26006374177480823,0.8725896722774099,0.0
mtd_ai,200,0.005074742481473975,0.4166666666666667,4791.767127626063,0.15,150,5,0.1488888888888889,0.26006374177480823,0.8725896722774099,0.0
mtd_ai,200,0.005074742481473975,0.44776119402985076,5527.446246384313,0.2,150,5,0.1488888888888889,0.26006374177480823,0.8725896722774099,0.0
mtd_ai,200,0.005074742481473975,0.47468354430379744,5953.281235556442,0.25,150,5,0.1488888888888889,0.26006374177480823,0.8725896722774099,0.0
mtd_ai,200,0.005051845551225315,0.5,1324.815378201471,0.05,150,5,0.3888888888888889,0.5659375622128305,1.7688920190079584,-6.0
mtd_ai,200,0.005051845551225315,0.4838709677419355,2736.21020855601,0.1,150,5,0.3888888888888889,0.5659375622128305,1.7688920190079584,-6.0
mtd_ai,200,0.005051845551225315,0.5357142857142857,3399.6323120833513,0.15,150,5,0.3888888888888889,0.5659375622128305,1.7688920190079584,-6.0
mtd_ai,200,0.005051845551225315,0.5660377358490566,4229.404206421852,0.2,150,5,0.3888888888888889,0.5659375622128305,1.7688920190079584,-6.0
mtd_ai,200,0.005051845551225315,0.5769230769230769,4887.644022443136,0.25,150,5,0.3888888888888889,0.5659375622128305,1.7688920190079584,-6.0
mtd_ai,200,0.00506679558217678,0.3,2813.7841660737167,0.05,150,5,0.15333333333333332,0.9262973004614204,3.684074828032293,0.0
mtd_ai,200,0.00506679558217678,0.375,4062.0730988656614,0.1,150,5,0.15333333333333332,0.9262973004614204,3.684074828032293,0.0
mtd_ai,200,0.00506679558217678,0.4326923076923077,5078.967434474271,0.15,150,5,0.15333333333333332,0.9262973004614204,3.684074828032293,0.0
mtd_ai,200,0.00506679558217678,0.45454545454545453,5744.353356928624,0.2,150,5,0.15333333333333332,0.9262973004614204,3.684074828032293,0.0
mtd_ai,200,0.00506679558217678,0.47468354430379744,6787.266807180601,0.25,150,5,0.15333333333333332,0.9262973004614204,3.684074828032293,0.0
mtd_ai,200,0.00504850224427288,0.28846153846153844,2954.2725469095476,0.05,150,5,0.10111111111111111,0.7657815643829302,2.91277934256952,0.0
mtd_ai,200,0.00504850224427288,0.375,4210.587504602998,0.1,150,5,0.10111111111111111,0.7657815643829302,2.91277934256952,0.0
mtd_ai,200,0.00504850224427288,0.4326923076923077,4962.574455819253,0.15,150,5,0.10111111111111111,0.7657815643829302,2.91277934256952,0.0
mtd_ai,200,0.00504850224427288,0.47619047619047616,5463.698139277052,0.2,150,5,0.10111111111111111,0.7657815643829302,2.91277934256952,0.0
mtd_ai,200,0.00504850224427288,0.5067567567567568,6024.848561376726,0.25,150,5,0.10111111111111111,0.7657815643829302,2.91277934256952,0.0
mtd_ai,200,0.005035541637623946,0.3409090909090909,2025.791383532638,0.05,150,5,0.1378095238095238,0.8561177456295334,3.2213763133230953,0.0
mtd_ai,200,0.005035541637623946,0.32608695652173914,3552.545621592063,0.1,150,5,0.1378095238095238,0.8561177456295334,3.2213763133230953,0.0
mtd_ai,200,0.005035541637623946,0.36885245901639346,4942.38478259682,0.15,150,5,0.1378095238095238,0.8561177456295334,3.2213763133230953,0.0
mtd_ai,200,0.005035541637623946,0.37037037037037035,5888.040846258497,0.2,150,5,0.1378095238095238,0.8561177456295334,3.2213763133230953,0.0
mtd_ai,200,0.005035541637623946,0.41208791208791207,6498.751308815079,0.25,150,5,0.1378095238095238,0.8561177456295334,3.2213763133230953,0.0
mtd_ai,200,0.0050442289323600065,0.28846153846153844,2843.561304503425,0.05,150,5,0.115,0.5934511175246477,2.2515286171579385,0.0
mtd_ai,200,0.0050442289323600065,0.3125,4316.057648589982,0.1,150,5,0.115,0.5934511175246477,2.2515286171579385,0.0
mtd_ai,200,0.0050442289323600065,0.39473684210526316,4790.681638170708,0.15,150,5,0.115,0.5934511175246477,2.2515286171579385,0.0
mtd_ai,200,0.0050442289323600065,0.42857142857142855,6005.074748122699,0.2,150,5,0.115,0.5934511175246477,2.2515286171579385,0.0
mtd_ai,200,0.0050442289323600065,0.47468354430379744,6312.128717458563,0.25,150,5,0.115,0.5934511175246477,2.2515286171579385,0.0
mtd_ai,200,0.005046813271832982,0.375,1855.0280878740223,0.05,150,5,0.25,0.0769935844311406,0.3228975843255082,-5.3076923076923075
mtd_ai,200,0.005046813271832982,0.375,3421.5710741409057,0.1,150,5,0.25,0.0769935844311406,0.3228975843255082,-5.3076923076923075
mtd_ai,200,0.005046813271832982,0.45,4206.7828332470945,0.15,150,5,0.25,0.0769935844311406,0.3228975843255082,-5.3076923076923075
mtd_ai,200,0.005046813271832982,0.4838709677419355,4887.744124735911,0.2,150,5,0.25,0.0769935844311406,0.3228975843255082,-5.3076923076923075
mtd_ai,200,0.005046813271832982,0.5067567567567568,5533.611203017494,0.25,150,5,0.25,0.0769935844311406,0.3228975843255082,-5.3076923076923075
mtd_ai,200,0.005031279937949049,0.3,2418.138470499381,0.05,150,5,0.10444444444444444,0.7610851525995224,2.7883688326219236,0.0
mtd_ai,200,0.005031279937949049,0.30612244897959184,4144.030705430427,0.1,150,5,0.10444444444444444,0.7610851525995224,2.7883688326219236,0.0
mtd_ai,200,0.005031279937949049,0.3,5389.275685659599,0.15,150,5,0.10444444444444444,0.7610851525995224,2.7883688326219236,0.0
mtd_ai,200,0.005031279937949049,0.3488372093023256,6049.859941910499,0.2,150,5,0.10444444444444444,0.7610851525995224,2.7883688326219236,0.0
mtd_ai,200,0.005031279937949049,0.3787878787878788,7039.566834079631,0.25,150,5,0.10444444444444444,0.7610851525995224,2.7883688326219236,0.0
mtd_ai,200,0.00504144064840661,0.3125,2136.1058692285333,0.05,150,5,0.5,2.550261287327805,4.0720425340127075,-4.4
mtd_ai,200,0.00504144064840661,0.35714285714285715,3775.7840705265444,0.1,150,5,0.5,2.550261287327805,4.0720425340127075,-4.4
mtd_ai,200,0.00504144064840661,0.42452830188679247,4560.395404988439,0.15,150,5,0.5,2.550261287327805,4.0720425340127075,-4.4
mtd_ai,200,0.00504144064840661,0.44776119402985076,5517.606049091219,0.2,150,5,0.5,2.550261287327805,4.0720425340127075,-4.4
mtd_ai,200,0.00504144064840661,0.4807692307692308,5991.039689408065,0.25,150,5,0.5,2.550261287327805,4.0720425340127075,-4.4
mtd_ai,200,0.00507375470354394,0.3409090909090909,1799.3294164218175,0.05,150,5,0.13333333333333333,2.540885672813591,3.6529211854565595,0.0
mtd_ai,200,0.00507375470354394,0.4411764705882353,2814.692884897592,0.1,150,5,0.13333333333333333,2.540885672813591,3.6529211854565595,0.0
mtd_ai,200,0.00507375470354394,0.45918367346938777,3823.5505997569544,0.15,150,5,0.13333333333333333,2.540885672813591,3.6529211854565595,0.0
mtd_ai,200,0.00507375470354394,0.4166666666666667,5104.573823324568,0.2,150,5,0.13333333333333333,2.540885672813591,3.6529211854565595,0.0
mtd_ai,200,0.00507375470354394,0.45180722891566266,5840.293206838603,0.25,150,5,0.13333333333333333,2.540885672813591,3.6529211854565595,0.0
mtd_ai,200,0.005059300762315877,0.35714285714285715,1485.741773562231,0.05,150,5,0.09793650793650795,0.5142903341472898,1.0704313296165506,0.0
mtd_ai,200,0.005059300762315877,0.32608695652173914,3313.2726141772496,0.1,150,5,0.09793650793650795,0.5142903341472898,1.0704313296165506,0.0
mtd_ai,200,0.005059300762315877,0.3813559322033898,4150.975127692913,0.15,150,5,0.09793650793650795,0.5142903341472898,1.0704313296165506,0.0
mtd_ai,200,0.005059300762315877,0.379746835443038,5730.113119718422,0.2,150,5,0.09793650793650795,0.5142903341472898,1.0704313296165506,0.0
mtd_ai,200,0.005059300762315877,0.4166666666666667,6292.004997786609,0.25,150,5,0.09793650793650795,0.5142903341472898,1.0704313296165506,0.0
mtd_ai,200,0.005067331142617464,0.35714285714285715,2337.109063938664,0.05,150,5,0.15,0.45037026151777104,1.9940383217707842,0.0
mtd_ai,200,0.005067331142617464,0.38461538461538464,3851.8323596482383,0.1,150,5,0.15,0.45037026151777104,1.9940383217707842,0.0
mtd_ai,200,0.005067331142617464,0.4411764705882353,5121.78795043619,0.15,150,5,0.15,0.45037026151777104,1.9940383217707842,0.0
mtd_ai,200,0.005067331142617464,0.4838709677419355,5734.458125571355,0.2,150,5,0.15,0.45037026151777104,1.9940383217707842,0.0
mtd_ai,200,0.005067331142617464,0.47468354430379744,6596.703909399645,0.25,150,5,0.15,0.45037026151777104,1.9940383217707842,0.0
mtd_ai,200,0.0050665926801113734,0.4166666666666667,1537.9886345020395,0.05,150,5,0.08666666666666667,1.9128687708827015,4.323581022439968,0.0
mtd_ai,200,0.0050665926801113734,0.4166666666666667,3141.4302319504623,0.1,150,5,0.08666666666666667,1.9128687708827015,4.323581022439968,0.0
mtd_ai,200,0.0050665926801113734,0.42452830188679247,4811.514126291708,0.15,150,5,0.08666666666666667,1.9128687708827015,4.323581022439968,0.0
mtd_ai,200,0.0050665926801113734,0.46875,5362.2559598607395,0.2,150,5,0.08666666666666667,1.9128687708827015,4.323581022439968,0.0
mtd_ai,200,0.0050665926801113734,0.487012987012987,6024.503015341932,0.25,150,5,0.08666666666666667,1.9128687708827015,4.323581022439968,0.0
mtd_ai,200,0.005036237320445457,0.26785714285714285,3059.4601770859053,0.05,150,5,0.12333333333333334,0.4213815036217453,1.2390007905856284,0.0
mtd_ai,200,0.005036237320445457,0.3409090909090909,4385.420529949872,0.1,150,5,0.12333333333333334,0.4213815036217453,1.2390007905856284,0.0
mtd_ai,200,0.005036237320445457,0.3879310344827586,5128.429155648562,0.15,150,5,0.12333333333333334,0.4213815036217453,1.2390007905856284,0.0
mtd_ai,200,0.005036237320445457,0.4225352112676056,5779.670686183164,0.2,150,5,0.12333333333333334,0.4213815036217453,1.2390007905856284,0.0
mtd_ai,200,0.005036237320445457,0.4573170731707317,6287.621271517401,0.25,150,5,0.12333333333333334,0.4213815036217453,1.2390007905856284,0.0
mtd_ai,200,0.005052477476417327,0.3,2791.0480264836456,0.05,150,5,0.17777777777777778,0.5960886751460517,2.4688490095968523,0.0
mtd_ai,200,0.005052477476417327,0.40540540540540543,3318.7243046189983,0.1,150,5,0.17777777777777778,0.5960886751460517,2.4688490095968523,0.0
mtd_ai,200,0.005052477476417327,0.42452830188679247,4555.126896591427,0.15,150,5,0.17777777777777778,0.5960886751460517,2.4688490095968523,0.0
mtd_ai,200,0.005052477476417327,0.47619047619047616,5000.082466089922,0.2,150,5,0.17777777777777778,0.5960886751460517,2.4688490095968523,0.0
mtd_ai,200,0.005052477476417327,0.5136986301369864,5239.439540502304,0.25,150,5,0.17777777777777778,0.5960886751460517,2.4688490095968523,0.0
mtd_ai,200,0.005045642829066247,0.22727272727272727,2470.6773085147747,0.05,150,5,0.14444444444444443,0.19139566125993734,0.8198692392756096,0.0
mtd_ai,200,0.005045642829066247,0.32608695652173914,3307.550710770702,0.1,150,5,0.14444444444444443,0.19139566125993734,0.8198692392756096,0.0
mtd_ai,200,0.005045642829066247,0.3879310344827586,4008.77627179847,0.15,150,5,0.14444444444444443,0.19139566125993734,0.8198692392756096,0.0
mtd_ai,200,0.005045642829066247,0.42857142857142855,4848.72866586173,0.2,150,5,0.14444444444444443,0.19139566125993734,0.8198692392756096,0.0
mtd_ai,200,0.005045642829066247,0.46296296296296297,5457.330485691953,0.25,150,5,0.14444444444444443,0.19139566125993734,0.8198692392756096,0.0
mtd_ai,200,0.005061737935500769,0.22058823529411764,3966.7815892489425,0.05,150,5,0.196,0.6039728156073205,2.124903831127474,0.0
mtd_ai,200,0.005061737935500769,0.3125,5063.366482120753,0.1,150,5,0.196,0.6039728156073205,2.124903831127474,0.0
mtd_ai,200,0.005061737935500769,0.36885245901639346,5886.271152350821,0.15,150,5,0.196,0.6039728156073205,2.124903831127474,0.0
mtd_ai,200,0.005061737935500769,0.40540540540540543,6796.646677337923,0.2,150,5,0.196,0.6039728156073205,2.124903831127474,0.0
mtd_ai,200,0.005061737935500769,0.44642857142857145,7235.147866216439,0.25,150,5,0.196,0.6039728156073205,2.124903831127474,0.0
mtd_ai,200,0.005045047688100522,0.3125,2599.4074822214798,0.05,150,5,0.12166666666666667,2.678759593663832,6.598003580705967,0.0
mtd_ai,200,0.005045047688100522,0.3409090909090909,4508.661417225513,0.1,150,5,0.12166666666666667,2.678759593663832,6.598003580705967,0.0
mtd_ai,200,0.005045047688100522,0.42452830188679247,4978.68848884693,0.15,150,5,0.12166666666666667,2.678759593663832,6.598003580705967,0.0
mtd_ai,200,0.005045047688100522,0.4838709677419355,5279.549808749847,0.2,150,5,0.12166666666666667,2.678759593663832,6.598003580705967,0.0
mtd_ai,200,0.005045047688100522,0.487012987012987,6116.651096524358,0.25,150,5,0.12166666666666667,2.678759593663832,6.598003580705967,0.0
mtd_ai,200,0.005069449549642353,0.26785714285714285,2916.4407297672165,0.05,150,5,0.19074074074074074,0.05809273800018127,0.13897310748550656,0.0
mtd_ai,200,0.005069449549642353,0.3191489361702128,4468.183562180937,0.1,150,5,0.19074074074074074,0.05809273800018127,0.13897310748550656,0.0
mtd_ai,200,0.005069449549642353,0.375,5116.026896917112,0.15,150,5,0.19074074074074074,0.05809273800018127,0.13897310748550656,0.0
mtd_ai,200,0.005069449549642353,0.4225352112676056,5784.317088160575,0.2,150,5,0.19074074074074074,0.05809273800018127,0.13897310748550656,0.0
mtd_ai,200,0.005069449549642353,0.47468354430379744,6113.503947392805,0.25,150,5,0.19074074074074074,0.05809273800018127,0.13897310748550656,0.0
mtd_ai,200,0.0050530637407917986,0.2777777777777778,3475.454821537315,0.05,150,5,0.13666666666666666,0.43939899612694944,1.7538579376001269,0.0
mtd_ai,200,0.0050530637407917986,0.3488372093023256,4326.951937165777,0.1,150,5,0.13666666666666666,0.43939899612694944,1.7538579376001269,0.0
mtd_ai,200,0.0050530637407917986,0.3409090909090909,5535.685595160399,0.15,150,5,0.13666666666666666,0.43939899612694944,1.7538579376001269,0.0
mtd_ai,200,0.0050530637407917986,0.38461538461538464,6243.968266728473,0.2,150,5,0.13666666666666666,0.43939899612694944,1.7538579376001269,0.0
mtd_ai,200,0.0050530637407917986,0.42134831460674155,6893.08961412339,0.25,150,5,0.13666666666666666,0.43939899612694944,1.7538579376001269,0.0
mtd_ai,200,0.005036094132016356,0.24193548387096775,3378.8995272709917,0.05,150,5,0.13111111111111112,65.76437834912568,7.353322065189323,0.0
mtd_ai,200,0.005036094132016356,0.3125,4839.99399890019,0.1,150,5,0.13111111111111112,65.76437834912568,7.353322065189323,0.0
mtd_ai,200,0.005036094132016356,0.3515625,5841.941400850364,0.15,150,5,0.13111111111111112,65.76437834912568,7.353322065189323,0.0
mtd_ai,200,0.005036094132016356,0.4,6394.538711424753,0.2,150,5,0.13111111111111112,65.76437834912568,7.353322065189323,0.0
mtd_ai,200,0.005036094132016356,0.436046511627907,6944.229957094416,0.25,150,5,0.13111111111111112,65.76437834912568,7.353322065189323,0.0
mtd_ai,200,0.005056217533182784,0.32608695652173914,2101.223976319077,0.05,150,5,0.1514603174603175,1.3480868551255543,2.9254197735179273,0.0
mtd_ai,200,0.005056217533182784,0.38461538461538464,3270.0649903787416,0.1,150,5,0.1514603174603175,1.3480868551255543,2.9254197735179273,0.0
mtd_ai,200,0.005056217533182784,0.46875,3659.431239996326,0.15,150,5,0.1514603174603175,1.3480868551255543,2.9254197735179273,0.0
mtd_ai,200,0.005056217533182784,0.39473684210526316,4964.293827231708,0.2,150,5,0.1514603174603175,1.3480868551255543,2.9254197735179273,0.0
mtd_ai,200,0.005056217533182784,0.436046511627907,5468.5705394425,0.25,150,5,0.1514603174603175,1.3480868551255543,2.9254197735179273,0.0
mtd_ai,200,0.005072347412763533,0.3409090909090909,2164.5173455913828,0.05,150,5,0.1,2.3640735490683933,6.2639590345225304,0.0
mtd_ai,200,0.005072347412763533,0.4411764705882353,2874.097041678618,0.1,150,5,0.1,2.3640735490683933,6.2639590345225304,0.0
mtd_ai,200,0.005072347412763533,0.45918367346938777,4211.864190261967,0.15,150,5,0.1,2.3640735490683933,6.2639590345225304,0.0
mtd_ai,200,0.005072347412763533,0.46875,5045.7206378381925,0.2,150,5,0.1,2.3640735490683933,6.2639590345225304,0.0
mtd_ai,200,0.005072347412763533,0.5136986301369864,5518.940693634433,0.25,150,5,0.1,2.3640735490683933,6.2639590345225304,0.0
mtd_ai,200,0.005072852418424558,0.3,2808.8029633311216,0.05,150,5,0.10311111111111111,0.3466046579972715,1.2025426872707454,0.0
mtd_ai,200,0.005072852418424558,0.38461538461538464,3599.120155227458,0.1,150,5,0.10311111111111111,0.3466046579972715,1.2025426872707454,0.0
mtd_ai,200,0.005072852418424558,0.4411764705882353,4450.836977999796,0.15,150,5,0.10311111111111111,0.3466046579972715,1.2025426872707454,0.0
mtd_ai,200,0.005072852418424558,0.44776119402985076,5733.610486351594,0.2,150,5,0.10311111111111111,0.3466046579972715,1.2025426872707454,0.0
mtd_ai,200,0.005072852418424558,0.4934210526315789,6166.201586201113,0.25,150,5,0.10311111111111111,0.3466046579972715,1.2025426872707454,0.0
mtd_ai,200,0.005078189784329117,0.25862068965517243,2275.040356085804,0.05,150,5,0.13244444444444442,0.39669219789286714,0.7766365137742832,0.0
mtd_ai,200,0.005078189784329117,0.3191489361702128,3952.74427692727,0.1,150,5,0.13244444444444442,0.39669219789286714,0.7766365137742832,0.0
mtd_ai,200,0.005078189784329117,0.3879310344827586,4353.4459839408855,0.15,150,5,0.13244444444444442,0.39669219789286714,0.7766365137742832,0.0
mtd_ai,200,0.005078189784329117,0.4411764705882353,4807.162282133871,0.2,150,5,0.13244444444444442,0.39669219789286714,0.7766365137742832,0.0
mtd_ai,200,0.005078189784329117,0.46296296296296297,5394.770933865557,0.25,150,5,0.13244444444444442,0.39669219789286714,0.7766365137742832,0.0
mtd_ai,200,0.005064372425101165,0.375,2011.3097924004096,0.05,150,5,0.09177777777777778,1.0981046745843508,3.2703127383354698,0.0
mtd_ai,200,0.005064372425101165,0.39473684210526316,3475.214992589179,0.1,150,5,0.09177777777777778,1.0981046745843508,3.2703127383354698,0.0
mtd_ai,200,0.005064372425101165,0.4411764705882353,4176.631095225037,0.15,150,5,0.09177777777777778,1.0981046745843508,3.2703127383354698,0.0
mtd_ai,200,0.005064372425101165,0.47619047619047616,4922.602646694875,0.2,150,5,0.09177777777777778,1.0981046745843508,3.2703127383354698,0.0
mtd_ai,200,0.005064372425101165,0.36764705882352944,6865.225175651842,0.25,150,5,0.09177777777777778,1.0981046745843508,3.2703127383354698,0.0
mtd_ai,200,0.005046676754614363,0.35714285714285715,1838.1505111420759,0.05,150,5,0.132,0.2856980894427301,1.2767549867870833,0.0
mtd_ai,200,0.005046676754614363,0.375,3629.5837191606824,0.1,150,5,0.132,0.2856980894427301,1.2767549867870833,0.0
mtd_ai,200,0.005046676754614363,0.4166666666666667,4725.622058765267,0.15,150,5,0.132,0.2856980894427301,1.2767549867870833,0.0
mtd_ai,200,0.005046676754614363,0.45454545454545453,5287.996491310838,0.2,150,5,0.132,0.2856980894427301,1.2767549867870833,0.0
mtd_ai,200,0.005046676754614363,0.5,5653.798468235859,0.25,150,5,0.132,0.2856980894427301,1.2767549867870833,0.0
mtd_ai,200,0.005049006091867145,0.25862068965517243,1802.663434804652,0.05,150,5,0.12533333333333332,1.1025313659902098,4.031937235410692,0.0
mtd_ai,200,0.005049006091867145,0.32608695652173914,3202.504337549125,0.1,150,5,0.12533333333333332,1.1025313659902098,4.031937235410692,0.0
mtd_ai,200,0.005049006091867145,0.4017857142857143,3762.4983407683594,0.15,150,5,0.12533333333333332,1.1025313659902098,4.031937235410692,0.0
mtd_ai,200,0.005049006091867145,0.42857142857142855,4876.454602567784,0.2,150,5,0.12533333333333332,1.1025313659902098,4.031937235410692,0.0
mtd_ai,200,0.005049006091867145,0.47468354430379744,5292.664681604846,0.25,150,5,0.12533333333333332,1.1025313659902098,4.031937235410692,0.0
mtd_ai,200,0.0050374429009070005,0.28846153846153844,2154.0184864776434,0.05,150,5,0.12666666666666668,1.1284854879214419,1.6619144626856166,0.0
mtd_ai,200,0.0050374429009070005,0.3409090909090909,3739.853932783268,0.1,150,5,0.12666666666666668,1.1284854879214419,1.6619144626856166,0.0
mtd_ai,200,0.0050374429009070005,0.3515625,5704.523844934845,0.15,150,5,0.12666666666666668,1.1284854879214419,1.6619144626856166,0.0
mtd_ai,200,0.0050374429009070005,0.40540540540540543,6139.214288062285,0.2,150,5,0.12666666666666668,1.1284854879214419,1.6619144626856166,0.0
mtd_ai,200,0.0050374429009070005,0.4573170731707317,6582.082170599719,0.25,150,5,0.12666666666666668,1.1284854879214419,1.6619144626856166,0.0
mtd_ai,200,0.00505528126597734,0.4411764705882353,1503.5550067729714,0.05,150,5,0.09666666666666666,0.2081795304082525,0.4436020612877196,0.0
mtd_ai,200,0.00505528126597734,0.3488372093023256,2986.9467960468164,0.1,150,5,0.09666666666666666,0.2081795304082525,0.4436020612877196,0.0
mtd_ai,200,0.00505528126597734,0.4090909090909091,3598.286376852947,0.15,150,5,0.09666666666666666,0.2081795304082525,0.4436020612877196,0.0
mtd_ai,200,0.00505528126597734,0.38961038961038963,5818.770224071208,0.2,150,5,0.09666666666666666,0.2081795304082525,0.4436020612877196,0.0
mtd_ai,200,0.00505528126597734,0.42613636363636365,6590.365563816857,0.25,150,5,0.09666666666666666,0.2081795304082525,0.4436020612877196,0.0
mtd_ai,200,0.005063369527222935,0.3125,2284.082250413803,0.05,150,5,0.13955555555555554,0.3264114411282237,0.9667505610352245,0.0
mtd_ai,200,0.005063369527222935,0.38461538461538464,3398.1877278203856,0.1,150,5,0.13955555555555554,0.3264114411282237,0.9667505610352245,0.0
mtd_ai,200,0.005063369527222935,0.42452830188679247,4387.533965499834,0.15,150,5,0.13955555555555554,0.3264114411282237,0.9667505610352245,0.0
mtd_ai,200,0.005063369527222935,0.3225806451612903,6360.703619833197,0.2,150,5,0.13955555555555554,0.3264114411282237,0.9667505610352245,0.0
mtd_ai,200,0.005063369527222935,0.375,6603.048708009112,0.25,150,5,0.13955555555555554,0.3264114411282237,0.9667505610352245,0.0
mtd_ai,200,0.005084067382014636,0.26785714285714285,2727.049605467939,0.05,150,5,0.12555555555555556,1.4458997874196142,5.014188920101874,0.0
mtd_ai,200,0.005084067382014636,0.35714285714285715,3679.7324097511328,0.1,150,5,0.12555555555555556,1.4458997874196142,5.014188920101874,0.0
mtd_ai,200,0.005084067382014636,0.4090909090909091,4539.120639321966,0.15,150,5,0.12555555555555556,1.4458997874196142,5.014188920101874,0.0
mtd_ai,200,0.005084067382014636,0.44776119402985076,4945.761954025919,0.2,150,5,0.12555555555555556,1.4458997874196142,5.014188920101874,0.0
mtd_ai,200,0.005084067382014636,0.46296296296296297,5466.961688259796,0.25,150,5,0.12555555555555556,1.4458997874196142,5.014188920101874,0.0
mtd_ai,200,0.005065747499100784,0.2777777777777778,2746.0715750864,0.05,150,5,0.10066666666666667,0.35122023813403414,0.620474553637905,0.0
mtd_ai,200,0.005065747499100784,0.38461538461538464,3390.2587758879886,0.1,150,5,0.10066666666666667,0.35122023813403414,0.620474553637905,0.0
mtd_ai,200,0.005065747499100784,0.45918367346938777,3769.0179828974706,0.15,150,5,0.10066666666666667,0.35122023813403414,0.620474553637905,0.0
mtd_ai,200,0.005065747499100784,0.46875,4902.347847180985,0.2,150,5,0.10066666666666667,0.35122023813403414,0.620474553637905,0.0
mtd_ai,200,0.005065747499100784,0.45180722891566266,6962.015715683786,0.25,150,5,0.10066666666666667,0.35122023813403414,0.620474553637905,0.0
mtd_ai,200,0.005038298065508712,0.39473684210526316,2095.360786855362,0.05,150,5,0.105,0.029788009100101216,0.12684199317126957,0.0
mtd_ai,200,0.005038298065508712,0.42857142857142855,3396.0905240687775,0.1,150,5,0.105,0.029788009100101216,0.12684199317126957,0.0
mtd_ai,200,0.005038298065508712,0.4090909090909091,4684.742920160528,0.15,150,5,0.105,0.029788009100101216,0.12684199317126957,0.0
mtd_ai,200,0.005038298065508712,0.43478260869565216,5845.197389787736,0.2,150,5,0.105,0.029788009100101216,0.12684199317126957,0.0
mtd_ai,200,0.005038298065508712,0.46296296296296297,6392.16151712574,0.25,150,5,0.105,0.029788009100101216,0.12684199317126957,0.0
mtd_ai,200,0.005041860038643867,0.24193548387096775,2768.6240828230175,0.05,150,5,0.15444444444444444,9.213163257510473,2.842046035563228,0.0
mtd_ai,200,0.005041860038643867,0.3333333333333333,3596.954500382806,0.1,150,5,0.15444444444444444,9.213163257510473,2.842046035563228,0.0
mtd_ai,200,0.005041860038643867,0.36885245901639346,4459.528381178162,0.15,150,5,0.15444444444444444,9.213163257510473,2.842046035563228,0.0
mtd_ai,200,0.005041860038643867,0.38961038961038963,5453.482930759234,0.2,150,5,0.15444444444444444,9.213163257510473,2.842046035563228,0.0
mtd_ai,200,0.005041860038643867,0.43103448275862066,6071.3016802932225,0.25,150,5,0.15444444444444444,9.213163257510473,2.842046035563228,0.0
mtd_ai,200,0.005079026529157015,0.32608695652173914,2575.19603464426,0.05,150,5,0.14888888888888888,0.7600786138896788,3.0187896968838577,0.0
mtd_ai,200,0.005079026529157015,0.40540540540540543,3461.7750402813667,0.1,150,5,0.14888888888888888,0.7600786138896788,3.0187896968838577,0.0
mtd_ai,200,0.005079026529157015,0.46875,4287.94609863366,0.15,150,5,0.14888888888888888,0.7600786138896788,3.0187896968838577,0.0
mtd_ai,200,0.005079026529157015,0.5,4790.484145289678,0.2,150,5,0.14888888888888888,0.7600786138896788,3.0187896968838577,0.0
mtd_ai,200,0.005079026529157015,0.4807692307692308,5589.926491409726,0.25,150,5,0.14888888888888888,0.7600786138896788,3.0187896968838577,0.0
mtd_ai,200,0.005045121827898786,0.3409090909090909,2207.853056423792,0.05,150,5,0.15,0.6685968314577951,1.9161229251220289,0.0
mtd_ai,200,0.005045121827898786,0.4166666666666667,3343.717865916451,0.1,150,5,0.15,0.6685968314577951,1.9161229251220289,0.0
mtd_ai,200,0.005045121827898786,0.5,3999.1654987355946,0.15,150,5,0.15,0.6685968314577951,1.9161229251220289,0.0
mtd_ai,200,0.005045121827898786,0.5084745762711864,4878.649169324244,0.2,150,5,0.15,0.6685968314577951,1.9161229251220289,0.0
mtd_ai,200,0.005045121827898786,0.5357142857142857,5550.31455239662,0.25,150,5,0.15,0.6685968314577951,1.9161229251220289,0.0
mtd_ai,200,0.005040313821080228,0.234375,3369.718641943775,0.05,150,5,0.13,0.6745159034868591,1.812117149538968,0.0
mtd_ai,200,0.005040313821080228,0.3333333333333333,4184.55855022393,0.1,150,5,0.13,0.6745159034868591,1.812117149538968,0.0
mtd_ai,200,0.005040313821080228,0.3879310344827586,4902.269913644959,0.15,150,5,0.13,0.6745159034868591,1.812117149538968,0.0
mtd_ai,200,0.005040313821080228,0.36585365853658536,5937.341901793379,0.2,150,5,0.13,0.6745159034868591,1.812117149538968,0.0
mtd_ai,200,0.005040313821080228,0.41208791208791207,6232.793196530421,0.25,150,5,0.13,0.6745159034868591,1.812117149538968,0.0
mtd_ai,200,0.005046495425772822,0.3,2599.3265847128087,0.05,150,5,0.28125,0.9497181696477419,1.727037131994169,0.0
mtd_ai,200,0.005046495425772822,0.3125,4884.508405559415,0.1,150,5,0.28125,0.9497181696477419,1.727037131994169,0.0
mtd_ai,200,0.005046495425772822,0.375,5714.202772109927,0.15,150,5,0.28125,0.9497181696477419,1.727037131994169,0.0
mtd_ai,200,0.005046495425772822,0.39473684210526316,6863.606978387683,0.2,150,5,0.28125,0.9497181696477419,1.727037131994169,0.0
mtd_ai,200,0.005046495425772822,0.4166666666666667,7993.29446140443,0.25,150,5,0.28125,0.9497181696477419,1.727037131994169,0.0
mtd_ai,200,0.005078510110860178,0.25862068965517243,3107.3874358350677,0.05,150,5,0.15333333333333332,2.4833708561646546,6.473451668302171,0.0
mtd_ai,200,0.005078510110860178,0.36585365853658536,3684.1264259209174,0.1,150,5,0.15333333333333332,2.4833708561646546,6.473451668302171,0.0
mtd_ai,200,0.005078510110860178,0.42452830188679247,4348.093069400643,0.15,150,5,0.15333333333333332,2.4833708561646546,6.473451668302171,0.0
mtd_ai,200,0.005078510110860178,0.44776119402985076,5240.803698151096,0.2,150,5,0.15333333333333332,2.4833708561646546,6.473451668302171,0.0
mtd_ai,200,0.005078510110860178,0.4934210526315789,5678.721589919729,0.25,150,5,0.15333333333333332,2.4833708561646546,6.473451668302171,0.0
mtd_ai,200,0.00505978331570551,0.26785714285714285,3176.8474857801402,0.05,150,5,0.13933333333333334,0.5023485139408282,0.30986785135109596,0.0
mtd_ai,200,0.00505978331570551,0.375,4086.578796442017,0.1,150,5,0.13933333333333334,0.5023485139408282,0.30986785135109596,0.0
mtd_ai,200,0.00505978331570551,0.3629032258064516,6058.940098904857,0.15,150,5,0.13933333333333334,0.5023485139408282,0.30986785135109596,0.0
mtd_ai,200,0.00505978331570551,0.4166666666666667,6625.090440964709,0.2,150,5,0.13933333333333334,0.5023485139408282,0.30986785135109596,0.0
mtd_ai,200,0.00505978331570551,0.46875,6989.70525649441,0.25,150,5,0.13933333333333334,0.5023485139408282,0.30986785135109596,0.0
mtd_ai,200,0.005083210665951265,0.3,2102.3423682529015,0.05,150,5,0.12333333333333334,0.2275582204752871,0.46480030381188836,0.0
mtd_ai,200,0.005083210665951265,0.375,3171.6152294318517,0.1,150,5,0.12333333333333334,0.2275582204752871,0.46480030381188836,0.0
mtd_ai,200,0.005083210665951265,0.4411764705882353,3963.504549351238,0.15,150,5,0.12333333333333334,0.2275582204752871,0.46480030381188836,0.0
mtd_ai,200,0.005083210665951265,0.45454545454545453,4903.242159856404,0.2,150,5,0.12333333333333334,0.2275582204752871,0.46480030381188836,0.0
mtd_ai,200,0.005083210665951265,0.47468354430379744,5717.282206021775,0.25,150,5,0.12333333333333334,0.2275582204752871,0.46480030381188836,0.0
mtd_ai,200,0.005031936656187508,0.28846153846153844,3094.8955095274923,0.05,150,5,0.09666666666666666,0.346154974615971,0.5589540455323145,4.516129032258065
mtd_ai,200,0.005031936656187508,0.3,4633.931839086831,0.1,150,5,0.09666666666666666,0.346154974615971,0.5589540455323145,4.516129032258065
mtd_ai,200,0.005031936656187508,0.36885245901639346,5183.938808347603,0.15,150,5,0.09666666666666666,0.346154974615971,0.5589540455323145,4.516129032258065
mtd_ai,200,0.005031936656187508,0.375,6128.072724346293,0.2,150,5,0.09666666666666666,0.346154974615971,0.5589540455323145,4.516129032258065
mtd_ai,200,0.005031936656187508,0.41208791208791207,6781.611517409156,0.25,150,5,0.09666666666666666,0.346154974615971,0.5589540455323145,4.516129032258065
mtd_ai,200,0.005041337433524864,0.4166666666666667,1875.5306006246137,0.05,150,5,0.11166666666666666,0.18044084831158538,0.45801371780489036,0.0
mtd_ai,200,0.005041337433524864,0.5,3051.147371590746,0.1,150,5,0.11166666666666666,0.18044084831158538,0.45801371780489036,0.0
mtd_ai,200,0.005041337433524864,0.5113636363636364,3861.0382081088824,0.15,150,5,0.11166666666666666,0.18044084831158538,0.45801371780489036,0.0
mtd_ai,200,0.005041337433524864,0.5357142857142857,4683.43850374503,0.2,150,5,0.11166666666666666,0.18044084831158538,0.45801371780489036,0.0
mtd_ai,200,0.005041337433524864,0.5597014925373134,5282.651208235368,0.25,150,5,0.11166666666666666,0.18044084831158538,0.45801371780489036,0.0
mtd_ai,200,0.0050273128838136776,0.2777777777777778,3254.946927187673,0.05,150,5,0.12666666666666668,0.6201483425365981,2.5270927875669025,0.0
mtd_ai,200,0.0050273128838136776,0.375,3953.9548033096953,0.1,150,5,0.12666666666666668,0.6201483425365981,2.5270927875669025,0.0
mtd_ai,200,0.0050273128838136776,0.4326923076923077,4784.565403547663,0.15,150,5,0.12666666666666668,0.6201483425365981,2.5270927875669025,0.0
mtd_ai,200,0.0050273128838136776,0.42857142857142855,6636.77953718562,0.2,150,5,0.12666666666666668,0.6201483425365981,2.5270927875669025,0.0
mtd_ai,200,0.0050273128838136776,0.3826530612244898,7798.891804189693,0.25,150,5,0.12666666666666668,0.6201483425365981,2.5270927875669025,0.0
mtd_ai,200,0.005059622100993309,0.3409090909090909,2395.9582265238623,0.05,150,5,0.145,0.6844210617696088,3.04866885339113,0.0
mtd_ai,200,0.005059622100993309,0.38461538461538464,3557.940218377945,0.1,150,5,0.145,0.6844210617696088,3.04866885339113,0.0
mtd_ai,200,0.005059622100993309,0.45918367346938777,4236.715106701614,0.15,150,5,0.145,0.6844210617696088,3.04866885339113,0.0
mtd_ai,200,0.005059622100993309,0.45454545454545453,5203.9664682254115,0.2,150,5,0.145,0.6844210617696088,3.04866885339113,0.0
mtd_ai,200,0.005059622100993309,0.39473684210526316,6510.340208406481,0.25,150,5,0.145,0.6844210617696088,3.04866885339113,0.0
mtd_ai,200,0.005055067472098432,0.39473684210526316,2001.3385010540105,0.05,150,5,0.105,0.5505784275830221,1.7285254306817748,0.0
mtd_ai,200,0.005055067472098432,0.5,2752.208493890188,0.1,150,5,0.105,0.5505784275830221,1.7285254306817748,0.0
mtd_ai,200,0.005055067472098432,0.5113636363636364,3664.774197257304,0.15,150,5,0.105,0.5505784275830221,1.7285254306817748,0.0
mtd_ai,200,0.005055067472098432,0.5357142857142857,4553.486730581546,0.2,150,5,0.105,0.5505784275830221,1.7285254306817748,0.0
mtd_ai,200,0.005055067472098432,0.5514705882352942,5004.134060200037,0.25,150,5,0.105,0.5505784275830221,1.7285254306817748,0.0
mtd_ai,200,0.005050098778014637,0.35714285714285715,2439.035353696584,0.05,150,5,0.1311111111111111,1.1334525964454303,4.136011848338475,4.4
mtd_ai,200,0.005050098778014637,0.4166666666666667,3655.721858628539,0.1,150,5,0.1311111111111111,1.1334525964454303,4.136011848338475,4.4
mtd_ai,200,0.005050098778014637,0.5113636363636364,3959.4504950957034,0.15,150,5,0.1311111111111111,1.1334525964454303,4.136011848338475,4.4
mtd_ai,200,0.005050098778014637,0.5263157894736842,5102.49693053868,0.2,150,5,0.1311111111111111,1.1334525964454303,4.136011848338475,4.4
mtd_ai,200,0.005050098778014637,0.5514705882352942,5674.687657448589,0.25,150,5,0.1311111111111111,1.1334525964454303,4.136011848338475,4.4
mtd_ai,200,0.005095904611499676,0.25,2570.86911553513,0.05,150,5,0.12533333333333332,0.271092048486149,1.015021472349047,0.0
mtd_ai,200,0.005095904611499676,0.3409090909090909,3257.3676353019587,0.1,150,5,0.12533333333333332,0.271092048486149,1.015021472349047,0.0
mtd_ai,200,0.005095904611499676,0.4090909090909091,3864.454444468583,0.15,150,5,0.12533333333333332,0.271092048486149,1.015021472349047,0.0
mtd_ai,200,0.005095904611499676,0.46153846153846156,4349.250826495541,0.2,150,5,0.12533333333333332,0.271092048486149,1.015021472349047,0.0
mtd_ai,200,0.005095904611499676,0.4934210526315789,4834.900790940073,0.25,150,5,0.12533333333333332,0.271092048486149,1.015021472349047,0.0
mtd_ai,200,0.0050662817870409365,0.3,2406.502742262851,0.05,150,5,0.1353333333333333,0.5321687991968396,1.9355804961645713,0.0
mtd_ai,200,0.0050662817870409365,0.36585365853658536,3241.016608070995,0.1,150,5,0.1353333333333333,0.5321687991968396,1.9355804961645713,0.0
mtd_ai,200,0.0050662817870409365,0.4166666666666667,3988.908753569327,0.15,150,5,0.1353333333333333,0.5321687991968396,1.9355804961645713,0.0
mtd_ai,200,0.0050662817870409365,0.410958904109589,5086.864494044873,0.2,150,5,0.1353333333333333,0.5321687991968396,1.9355804961645713,0.0
mtd_ai,200,0.0050662817870409365,0.42134831460674155,6558.092322006348,0.25,150,5,0.1353333333333333,0.5321687991968396,1.9355804961645713,0.0
mtd_ai,200,0.0050848301892213055,0.3409090909090909,2039.2858970946302,0.05,150,5,0.14555555555555558,0.6847158215400695,1.5051153322294655,0.0
mtd_ai,200,0.0050848301892213055,0.40540540540540543,3117.5979607966874,0.1,150,5,0.14555555555555558,0.6847158215400695,1.5051153322294655,0.0
mtd_ai,200,0.0050848301892213055,0.45,3953.716056060106,0.15,150,5,0.14555555555555558,0.6847158215400695,1.5051153322294655,0.0
mtd_ai,200,0.0050848301892213055,0.45454545454545453,4995.751381977581,0.2,150,5,0.14555555555555558,0.6847158215400695,1.5051153322294655,0.0
mtd_ai,200,0.0050848301892213055,0.4934210526315789,5301.015161610142,0.25,150,5,0.14555555555555558,0.6847158215400695,1.5051153322294655,0.0
mtd_ai,200,0.005058989034578595,0.32608695652173914,1857.067336014441,0.05,150,5,0.10876190476190475,1.077519077251946,3.461754686213819,0.0
mtd_ai,200,0.005058989034578595,0.40540540540540543,2744.104134429401,0.1,150,5,0.10876190476190475,1.077519077251946,3.461754686213819,0.0
mtd_ai,200,0.005058989034578595,0.46875,3789.526120072709,0.15,150,5,0.10876190476190475,1.077519077251946,3.461754686213819,0.0
mtd_ai,200,0.005058989034578595,0.5,4803.52624678269,0.2,150,5,0.10876190476190475,1.077519077251946,3.461754686213819,0.0
mtd_ai,200,0.005058989034578595,0.390625,6319.309735565035,0.25,150,5,0.10876190476190475,1.077519077251946,3.461754686213819,0.0
mtd_ai,200,0.005059714025162725,0.28846153846153844,2874.8361660300898,0.05,150,5,0.14533333333333334,1.3602950045975175,3.7526229137587483,0.0
mtd_ai,200,0.005059714025162725,0.3191489361702128,4969.159934864687,0.1,150,5,0.14533333333333334,1.3602950045975175,3.7526229137587483,0.0
mtd_ai,200,0.005059714025162725,0.4017857142857143,5445.465278850503,0.15,150,5,0.14533333333333334,1.3602950045975175,3.7526229137587483,0.0
mtd_ai,200,0.005059714025162725,0.44776119402985076,5953.945578514761,0.2,150,5,0.14533333333333334,1.3602950045975175,3.7526229137587483,0.0
mtd_ai,200,0.005059714025162725,0.5,6324.801683695239,0.25,150,5,0.14533333333333334,1.3602950045975175,3.7526229137587483,0.0
mtd_ai,200,0.005054019925676532,0.25862068965517243,2953.3620708962217,0.05,150,5,0.08,0.22838517797212013,0.9792527055042105,0.0
mtd_ai,200,0.005054019925676532,0.375,3466.2346956635884,0.1,150,5,0.08,0.22838517797212013,0.9792527055042105,0.0
mtd_ai,200,0.005054019925676532,0.4326923076923077,4100.093347348953,0.15,150,5,0.08,0.22838517797212013,0.9792527055042105,0.0
mtd_ai,200,0.005054019925676532,0.4411764705882353,4883.918601557903,0.2,150,5,0.08,0.22838517797212013,0.9792527055042105,0.0
mtd_ai,200,0.005054019925676532,0.47468354430379744,5260.120949429798,0.25,150,5,0.08,0.22838517797212013,0.9792527055042105,0.0
mtd_ai,200,0.005063181104651004,0.46875,1365.6566820328076,0.05,150,5,0.13444444444444445,0.37551148938284146,1.3358138631935783,0.0
mtd_ai,200,0.005063181104651004,0.5,2199.53530636415,0.1,150,5,0.13444444444444445,0.37551148938284146,1.3358138631935783,0.0
mtd_ai,200,0.005063181104651004,0.4017857142857143,5942.888392922701,0.15,150,5,0.13444444444444445,0.37551148938284146,1.3358138631935783,0.0
mtd_ai,200,0.005063181104651004,0.42857142857142855,6698.279648033351,0.2,150,5,0.13444444444444445,0.37551148938284146,1.3358138631935783,0.0
mtd_ai,200,0.005063181104651004,0.46875,7045.715956510094,0.25,150,5,0.13444444444444445,0.37551148938284146,1.3358138631935783,0.0
mtd_ai,200,0.005047650082291996,0.22727272727272727,3091.5698275409964,0.05,150,5,0.17800000000000005,1.2658864131146736,3.2866403256217334,0.0
mtd_ai,200,0.005047650082291996,0.3488372093023256,3692.1429064749273,0.1,150,5,0.17800000000000005,1.2658864131146736,3.2866403256217334,0.0
mtd_ai,200,0.005047650082291996,0.4017857142857143,4635.069877846486,0.15,150,5,0.17800000000000005,1.2658864131146736,3.2866403256217334,0.0
mtd_ai,200,0.005047650082291996,0.4411764705882353,5417.154812953322,0.2,150,5,0.17800000000000005,1.2658864131146736,3.2866403256217334,0.0
mtd_ai,200,0.005047650082291996,0.47468354430379744,6166.036902108699,0.25,150,5,0.17800000000000005,1.2658864131146736,3.2866403256217334,0.0
mtd_ai,200,0.005062656727857992,0.4166666666666667,1521.1105826781375,0.05,150,5,0.17647058823529413,0.32037854115444975,1.276715560914158,0.0
mtd_ai,200,0.005062656727857992,0.3488372093023256,3083.453694186744,0.1,150,5,0.17647058823529413,0.32037854115444975,1.276715560914158,0.0
mtd_ai,200,0.005062656727857992,0.4166666666666667,3728.359978556908,0.15,150,5,0.17647058823529413,0.32037854115444975,1.276715560914158,0.0
mtd_ai,200,0.005062656727857992,0.42857142857142855,4538.277191250005,0.2,150,5,0.17647058823529413,0.32037854115444975,1.276715560914158,0.0
mtd_ai,200,0.005062656727857992,0.487012987012987,4741.313472417802,0.25,150,5,0.17647058823529413,0.32037854115444975,1.276715560914158,0.0
mtd_ai,200,0.0050669242499828855,0.21428571428571427,3167.2395787067735,0.05,150,5,0.14247619047619048,1.2179744350590216,4.527453049973432,0.0
mtd_ai,200,0.0050669242499828855,0.2830188679245283,5143.5601380273565,0.1,150,5,0.14247619047619048,1.2179744350590216,4.527453049973432,0.0
mtd_ai,200,0.0050669242499828855,0.35714285714285715,5554.209918041251,0.15,150,5,0.14247619047619048,1.2179744350590216,4.527453049973432,0.0
mtd_ai,200,0.0050669242499828855,0.4,6230.9768831147585,0.2,150,5,0.14247619047619048,1.2179744350590216,4.527453049973432,0.0
mtd_ai,200,0.0050669242499828855,0.436046511627907,6831.061852202707,0.25,150,5,0.14247619047619048,1.2179744350590216,4.527453049973432,0.0
mtd_ai,200,0.005046543458388377,0.1875,3156.6698503675398,0.05,150,5,0.11888888888888888,0.19674919948904124,0.31279195536620213,0.0
mtd_ai,200,0.005046543458388377,0.22727272727272727,6013.4946103884195,0.1,150,5,0.11888888888888888,0.19674919948904124,0.31279195536620213,0.0
mtd_ai,200,0.005046543458388377,0.2556818181818182,7081.497494013486,0.15,150,5,0.11888888888888888,0.19674919948904124,0.31279195536620213,0.0
mtd_ai,200,0.005046543458388377,0.3,7732.377582910395,0.2,150,5,0.11888888888888888,0.19674919948904124,0.31279195536620213,0.0
mtd_ai,200,0.005046543458388377,0.33482142857142855,8269.670546635298,0.25,150,5,0.11888888888888888,0.19674919948904124,0.31279195536620213,0.0
mtd_ai,200,0.005060828557951435,0.4411764705882353,1497.002498970508,0.05,150,5,0.08,0.9159941029486812,3.143546322068855,0.0
mtd_ai,200,0.005060828557951435,0.4166666666666667,3392.3799908972424,0.1,150,5,0.08,0.9159941029486812,3.143546322068855,0.0
mtd_ai,200,0.005060828557951435,0.45,4526.28266233647,0.15,150,5,0.08,0.9159941029486812,3.143546322068855,0.0
mtd_ai,200,0.005060828557951435,0.46875,5315.482827069456,0.2,150,5,0.08,0.9159941029486812,3.143546322068855,0.0
mtd_ai,200,0.005060828557951435,0.47468354430379744,6419.7432260734995,0.25,150,5,0.08,0.9159941029486812,3.143546322068855,0.0
mtd_ai,200,0.00506011119547202,0.28846153846153844,2764.147404472592,0.05,150,5,0.11,0.27533673105137985,0.8345498645665616,0.0
mtd_ai,200,0.00506011119547202,0.35714285714285715,4051.2963856374577,0.1,150,5,0.11,0.27533673105137985,0.8345498645665616,0.0
mtd_ai,200,0.00506011119547202,0.30405405405405406,5886.222006149499,0.15,150,5,0.11,0.27533673105137985,0.8345498645665616,0.0
mtd_ai,200,0.00506011119547202,0.3448275862068966,6747.7948349426715,0.2,150,5,0.11,0.27533673105137985,0.8345498645665616,0.0
mtd_ai,200,0.00506011119547202,0.39473684210526316,7071.749924043686,0.25,150,5,0.11,0.27533673105137985,0.8345498645665616,0.0
mtd_ai,200,0.0050599639990527925,0.25862068965517243,3089.7012099516924,0.05,150,5,0.14266666666666666,0.5192853100490046,1.321271597145659,0.0
mtd_ai,200,0.0050599639990527925,0.3191489361702128,4410.411199378233,0.1,150,5,0.14266666666666666,0.5192853100490046,1.321271597145659,0.0
mtd_ai,200,0.0050599639990527925,0.33088235294117646,5284.979635292215,0.15,150,5,0.14266666666666666,0.5192853100490046,1.321271597145659,0.0
mtd_ai,200,0.0050599639990527925,0.3614457831325301,6138.930215787225,0.2,150,5,0.14266666666666666,0.5192853100490046,1.321271597145659,0.0
mtd_ai,200,0.0050599639990527925,0.33185840707964603,7216.869153993723,0.25,150,5,0.14266666666666666,0.5192853100490046,1.321271597145659,0.0
mtd_ai,200,0.005046632739238944,0.35714285714285715,2154.3981946781378,0.05,150,5,0.11777777777777779,0.9009116371071807,3.2485091018259684,6.0
mtd_ai,200,0.005046632739238944,0.375,3440.1837061740835,0.1,150,5,0.11777777777777779,0.9009116371071807,3.2485091018259684,6.0
mtd_ai,200,0.005046632739238944,0.3813559322033898,4700.125648736534,0.15,150,5,0.11777777777777779,0.9009116371071807,3.2485091018259684,6.0
mtd_ai,200,0.005046632739238944,0.44776119402985076,5009.070789806664,0.2,150,5,0.11777777777777779,0.9009116371071807,3.2485091018259684,6.0
mtd_ai,200,0.005046632739238944,0.46875,5614.227102989207,0.25,150,5,0.11777777777777779,0.9009116371071807,3.2485091018259684,6.0
mtd_ai,200,0.005070261558375824,0.375,2082.123165203204,0.05,150,5,0.10888888888888888,3.9416933194042016,7.229747457263857,0.0
mtd_ai,200,0.005070261558375824,0.36585365853658536,4095.2205338103404,0.1,150,5,0.10888888888888888,3.9416933194042016,7.229747457263857,0.0
mtd_ai,200,0.005070261558375824,0.4326923076923077,4773.524511844767,0.15,150,5,0.10888888888888888,3.9416933194042016,7.229747457263857,0.0
mtd_ai,200,0.005070261558375824,0.47619047619047616,5590.129326171642,0.2,150,5,0.10888888888888888,3.9416933194042016,7.229747457263857,0.0
mtd_ai,200,0.005070261558375824,0.4807692307692308,6317.166698977329,0.25,150,5,0.10888888888888888,3.9416933194042016,7.229747457263857,0.0
mtd_ai,200,0.005030675697986199,0.22058823529411764,3784.2650096940197,0.05,150,5,0.14533333333333334,0.832101992809158,2.9794517355679093,0.0
mtd_ai,200,0.005030675697986199,0.3,4949.974232130637,0.1,150,5,0.14533333333333334,0.832101992809158,2.9794517355679093,0.0
mtd_ai,200,0.005030675697986199,0.3125,6274.106608328233,0.15,150,5,0.14533333333333334,0.832101992809158,2.9794517355679093,0.0
mtd_ai,200,0.005030675697986199,0.35714285714285715,6843.524763951651,0.2,150,5,0.14533333333333334,0.832101992809158,2.9794517355679093,0.0
mtd_ai,200,0.005030675697986199,0.3640776699029126,7667.479664007678,0.25,150,5,0.14533333333333334,0.832101992809158,2.9794517355679093,0.0
mtd_ai,200,0.005052924115798248,0.28846153846153844,2186.0674418824115,0.05,150,5,0.1438888888888889,0.4062233153925304,1.5204659591800227,0.0
mtd_ai,200,0.005052924115798248,0.40540540540540543,2557.104584239706,0.1,150,5,0.1438888888888889,0.4062233153925304,1.5204659591800227,0.0
mtd_ai,200,0.005052924115798248,0.46875,3382.5282775403516,0.15,150,5,0.1438888888888889,0.4062233153925304,1.5204659591800227,0.0
mtd_ai,200,0.005052924115798248,0.46875,4555.3239473948615,0.2,150,5,0.1438888888888889,0.4062233153925304,1.5204659591800227,0.0
mtd_ai,200,0.005052924115798248,0.5067567567567568,5275.212601283934,0.25,150,5,0.1438888888888889,0.4062233153925304,1.5204659591800227,0.0
mtd_ai,200,0.005060741263709338,0.24193548387096775,2315.4094577700916,0.05,150,5,0.13866666666666666,0.43793382461045033,1.5089681591978354,0.0
mtd_ai,200,0.005060741263709338,0.25862068965517243,5180.8045151508995,0.1,150,5,0.13866666666666666,0.43793382461045033,1.5089681591978354,0.0
mtd_ai,200,0.005060741263709338,0.32142857142857145,6013.718054422556,0.15,150,5,0.13866666666666666,0.43793382461045033,1.5089681591978354,0.0
mtd_ai,200,0.005060741263709338,0.3488372093023256,6653.07562309849,0.2,150,5,0.13866666666666666,0.43793382461045033,1.5089681591978354,0.0
mtd_ai,200,0.005060741263709338,0.39893617021276595,6982.837924326997,0.25,150,5,0.13866666666666666,0.43793382461045033,1.5089681591978354,0.0
mtd_ai,200,0.005053757652637359,0.3409090909090909,2285.726290386489,0.05,150,5,0.11888888888888888,1.015973768185472,4.029179198979221,0.0
mtd_ai,200,0.005053757652637359,0.32608695652173914,4912.75265966181,0.1,150,5,0.11888888888888888,1.015973768185472,4.029179198979221,0.0
mtd_ai,200,0.005053757652637359,0.3515625,6146.682658761305,0.15,150,5,0.11888888888888888,1.015973768185472,4.029179198979221,0.0
mtd_ai,200,0.005053757652637359,0.39473684210526316,6699.919873199471,0.2,150,5,0.11888888888888888,1.015973768185472,4.029179198979221,0.0
mtd_ai,200,0.005053757652637359,0.43103448275862066,7237.4440465794505,0.25,150,5,0.11888888888888888,1.015973768185472,4.029179198979221,0.0
mtd_ai,200,0.005040849204465144,0.39473684210526316,1678.8821185234988,0.05,150,5,0.14904761904761904,0.21111009146961904,0.7908643617409353,0.0
mtd_ai,200,0.005040849204465144,0.35714285714285715,4116.509502513198,0.1,150,5,0.14904761904761904,0.21111009146961904,0.7908643617409353,0.0
mtd_ai,200,0.005040849204465144,0.4326923076923077,4705.396537666065,0.15,150,5,0.14904761904761904,0.21111009146961904,0.7908643617409353,0.0
mtd_ai,200,0.005040849204465144,0.47619047619047616,5241.6027483281905,0.2,150,5,0.14904761904761904,0.21111009146961904,0.7908643617409353,0.0
mtd_ai,200,0.005040849204465144,0.5067567567567568,5781.295508294694,0.25,150,5,0.14904761904761904,0.21111009146961904,0.7908643617409353,0.0
mtd_ai,200,0.005042594928712267,0.375,1687.289089008877,0.05,150,5,0.11444444444444443,0.9714680107369876,3.6506970330187367,0.0
mtd_ai,200,0.005042594928712267,0.3488372093023256,3904.024695277588,0.1,150,5,0.11444444444444443,0.9714680107369876,3.6506970330187367,0.0
mtd_ai,200,0.005042594928712267,0.4090909090909091,4526.634721815369,0.15,150,5,0.11444444444444443,0.9714680107369876,3.6506970330187367,0.0
mtd_ai,200,0.005042594928712267,0.46153846153846156,4939.269859917981,0.2,150,5,0.11444444444444443,0.9714680107369876,3.6506970330187367,0.0
mtd_ai,200,0.005042594928712267,0.46875,5851.88850653414,0.25,150,5,0.11444444444444443,0.9714680107369876,3.6506970330187367,0.0
mtd_ai,200,0.005065894641639639,0.375,1907.276070949329,0.05,150,5,0.14555555555555558,0.02038921961597211,0.08554229499334706,0.0
mtd_ai,200,0.005065894641639639,0.3333333333333333,3805.8131705222486,0.1,150,5,0.14555555555555558,0.02038921961597211,0.08554229499334706,0.0
mtd_ai,200,0.005065894641639639,0.375,4943.044514739467,0.15,150,5,0.14555555555555558,0.02038921961597211,0.08554229499334706,0.0
mtd_ai,200,0.005065894641639639,0.4166666666666667,5673.373946488851,0.2,150,5,0.14555555555555558,0.02038921961597211,0.08554229499334706,0.0
mtd_ai,200,0.005065894641639639,0.4411764705882353,6137.182853549192,0.25,150,5,0.14555555555555558,0.02038921961597211,0.08554229499334706,0.0
mtd_ai,200,0.005036180132288356,0.32608695652173914,2218.426261231615,0.05,150,5,0.15,2.3523994895259626,6.097678875239127,0.0
mtd_ai,200,0.005036180132288356,0.28846153846153844,3956.2257706736655,0.1,150,5,0.15,2.3523994895259626,6.097678875239127,0.0
mtd_ai,200,0.005036180132288356,0.3082191780821918,5024.874524968004,0.15,150,5,0.15,2.3523994895259626,6.097678875239127,0.0
mtd_ai,200,0.005036180132288356,0.35714285714285715,5368.906407757404,0.2,150,5,0.15,2.3523994895259626,6.097678875239127,0.0
mtd_ai,200,0.005036180132288356,0.375,6047.301086010178,0.25,150,5,0.15,2.3523994895259626,6.097678875239127,0.0
mtd_ai,200,0.005049121080461643,0.234375,2787.3635960109623,0.05,150,5,0.12238095238095238,0.49122854472872324,2.059873238475172,0.0
mtd_ai,200,0.005049121080461643,0.3333333333333333,3787.978548002245,0.1,150,5,0.12238095238095238,0.49122854472872324,2.059873238475172,0.0
mtd_ai,200,0.005049121080461643,0.39473684210526316,4434.41521735169,0.15,150,5,0.12238095238095238,0.49122854472872324,2.059873238475172,0.0
mtd_ai,200,0.005049121080461643,0.4225352112676056,4972.784161737825,0.2,150,5,0.12238095238095238,0.49122854472872324,2.059873238475172,0.0
mtd_ai,200,0.005049121080461643,0.43103448275862066,5629.746528517545,0.25,150,5,0.12238095238095238,0.49122854472872324,2.059873238475172,0.0
mtd_ai,200,0.005032815163604372,0.4411764705882353,1614.9055448466868,0.05,150,5,0.11222222222222224,0.7504056402354032,1.9667980029603962,0.0
mtd_ai,200,0.005032815163604372,0.3488372093023256,4020.3651835279707,0.1,150,5,0.11222222222222224,0.7504056402354032,1.9667980029603962,0.0
mtd_ai,200,0.005032815163604372,0.3879310344827586,4903.288783458533,0.15,150,5,0.11222222222222224,0.7504056402354032,1.9667980029603962,0.0
mtd_ai,200,0.005032815163604372,0.410958904109589,5680.530945464336,0.2,150,5,0.11222222222222224,0.7504056402354032,1.9667980029603962,0.0
mtd_ai,200,0.005032815163604372,0.43103448275862066,6706.460510422785,0.25,150,5,0.11222222222222224,0.7504056402354032,1.9667980029603962,0.0
mtd_ai,200,0.0050816319892194985,0.3125,2398.9550948864203,0.05,150,5,0.14333333333333334,0.7921471927682013,3.2343016038591608,0.0
mtd_ai,200,0.0050816319892194985,0.375,3689.839963251573,0.1,150,5,0.14333333333333334,0.7921471927682013,3.2343016038591608,0.0
mtd_ai,200,0.0050816319892194985,0.4411764705882353,4229.0133225870495,0.15,150,5,0.14333333333333334,0.7921471927682013,3.2343016038591608,0.0
mtd_ai,200,0.0050816319892194985,0.46153846153846156,5145.810875863041,0.2,150,5,0.14333333333333334,0.7921471927682013,3.2343016038591608,0.0
mtd_ai,200,0.0050816319892194985,0.5136986301369864,5381.940720170551,0.25,150,5,0.14333333333333334,0.7921471927682013,3.2343016038591608,0.0
mtd_ai,200,0.005085655780437841,0.3409090909090909,2050.605629285253,0.05,150,5,0.08695652173913043,0.13544341785772696,0.5403836872398821,0.0
mtd_ai,200,0.005085655780437841,0.40540540540540543,3124.4130653597904,0.1,150,5,0.08695652173913043,0.13544341785772696,0.5403836872398821,0.0
mtd_ai,200,0.005085655780437841,0.46875,3492.203624012805,0.15,150,5,0.08695652173913043,0.13544341785772696,0.5403836872398821,0.0
mtd_ai,200,0.005085655780437841,0.4838709677419355,4343.447079680096,0.2,150,5,0.08695652173913043,0.13544341785772696,0.5403836872398821,0.0
mtd_ai,200,0.005085655780437841,0.5136986301369864,5236.855866535356,0.25,150,5,0.08695652173913043,0.13544341785772696,0.5403836872398821,0.0
mtd_ai,200,0.0050321741112331515,0.22727272727272727,3504.2309385453273,0.05,150,5,0.12666666666666668,0.595010059957523,1.1421896011021908,0.0
mtd_ai,200,0.0050321741112331515,0.2830188679245283,5365.991194592189,0.1,150,5,0.12666666666666668,0.595010059957523,1.1421896011021908,0.0
mtd_ai,200,0.0050321741112331515,0.3,6280.138785885907,0.15,150,5,0.12666666666666668,0.595010059957523,1.1421896011021908,0.0
mtd_ai,200,0.0050321741112331515,0.3409090909090909,6910.487296350766,0.2,150,5,0.12666666666666668,0.595010059957523,1.1421896011021908,0.0
mtd_ai,200,0.0050321741112331515,0.3640776699029126,7465.625278423471,0.25,150,5,0.12666666666666668,0.595010059957523,1.1421896011021908,0.0
mtd_ai,200,0.005054183197005446,0.234375,3991.951809016103,0.05,150,5,0.375,0.6721025221533935,2.5683548498375526,0.0
mtd_ai,200,0.005054183197005446,0.3125,5085.972608776572,0.1,150,5,0.375,0.6721025221533935,2.5683548498375526,0.0
mtd_ai,200,0.005054183197005446,0.39473684210526316,5489.8251469988445,0.15,150,5,0.375,0.6721025221533935,2.5683548498375526,0.0
mtd_ai,200,0.005054183197005446,0.4225352112676056,6118.848588509027,0.2,150,5,0.375,0.6721025221533935,2.5683548498375526,0.0
mtd_ai,200,0.005054183197005446,0.3605769230769231,7664.37505294911,0.25,150,5,0.375,0.6721025221533935,2.5683548498375526,0.0
mtd_ai,200,0.005058330947749603,0.39473684210526316,1910.6758096539993,0.05,150,5,0.13333333333333333,0.4711374193550519,1.4752566567403926,0.0
mtd_ai,200,0.005058330947749603,0.4166666666666667,3415.978032726946,0.1,150,5,0.13333333333333333,0.4711374193550519,1.4752566567403926,0.0
mtd_ai,200,0.005058330947749603,0.4891304347826087,4209.809397937417,0.15,150,5,0.13333333333333333,0.4711374193550519,1.4752566567403926,0.0
mtd_ai,200,0.005058330947749603,0.5084745762711864,4760.013876504236,0.2,150,5,0.13333333333333333,0.4711374193550519,1.4752566567403926,0.0
mtd_ai,200,0.005058330947749603,0.5597014925373134,5125.000232829689,0.25,150,5,0.13333333333333333,0.4711374193550519,1.4752566567403926,0.0
mtd_ai,200,0.005035860589791619,0.22727272727272727,3461.403070898932,0.05,150,5,0.11,0.5853012211713632,2.1943502524032508,0.0
mtd_ai,200,0.005035860589791619,0.3488372093023256,4102.439321735801,0.1,150,5,0.11,0.5853012211713632,2.1943502524032508,0.0
mtd_ai,200,0.005035860589791619,0.4017857142857143,4714.753930795151,0.15,150,5,0.11,0.5853012211713632,2.1943502524032508,0.0
mtd_ai,200,0.005035860589791619,0.3614457831325301,5839.768374438763,0.2,150,5,0.11,0.5853012211713632,2.1943502524032508,0.0
mtd_ai,200,0.005035860589791619,0.4166666666666667,6205.549092272439,0.25,150,5,0.11,0.5853012211713632,2.1943502524032508,0.0
mtd_ai,200,0.005042804416862079,0.3,2441.9876821714533,0.05,150,5,0.12666666666666668,0.1193848030863925,0.3143608581751011,0.0
mtd_ai,200,0.005042804416862079,0.375,3669.1139997865534,0.1,150,5,0.12666666666666668,0.1193848030863925,0.3143608581751011,0.0
mtd_ai,200,0.005042804416862079,0.42452830188679247,4430.566299176015,0.15,150,5,0.12666666666666668,0.1193848030863925,0.3143608581751011,0.0
mtd_ai,200,0.005042804416862079,0.46153846153846156,4941.41030793127,0.2,150,5,0.12666666666666668,0.1193848030863925,0.3143608581751011,0.0
mtd_ai,200,0.005042804416862079,0.4934210526315789,5439.138041926786,0.25,150,5,0.12666666666666668,0.1193848030863925,0.3143608581751011,0.0
mtd_ai,200,0.005073074967934852,0.32608695652173914,2163.0736593838265,0.05,150,5,0.11333333333333333,2.166308604430173,6.050510129971514,0.0
mtd_ai,200,0.005073074967934852,0.35714285714285715,3908.922555731455,0.1,150,5,0.11333333333333333,2.166308604430173,6.050510129971514,0.0
mtd_ai,200,0.005073074967934852,0.4090909090909091,4660.584887958026,0.15,150,5,0.11333333333333333,2.166308604430173,6.050510129971514,0.0
mtd_ai,200,0.005073074967934852,0.4225352112676056,5542.132815439434,0.2,150,5,0.11333333333333333,2.166308604430173,6.050510129971514,0.0
mtd_ai,200,0.005073074967934852,0.46296296296296297,5951.264699111841,0.25,150,5,0.11333333333333333,2.166308604430173,6.050510129971514,0.0
mtd_ai,200,0.005093635965715543,0.46875,1351.3591474619636,0.05,150,5,0.12888888888888891,9.59509466267214,5.718889236868778,0.0
mtd_ai,200,0.005093635965715543,0.5172413793103449,2692.9410231007514,0.1,150,5,0.12888888888888891,9.59509466267214,5.718889236868778,0.0
mtd_ai,200,0.005093635965715543,0.5487804878048781,3459.4072168895964,0.15,150,5,0.12888888888888891,9.59509466267214,5.718889236868778,0.0
mtd_ai,200,0.005093635965715543,0.5660377358490566,4235.126960799491,0.2,150,5,0.12888888888888891,9.59509466267214,5.718889236868778,0.0
mtd_ai,200,0.005093635965715543,0.6048387096774194,4706.882770715039,0.25,150,5,0.12888888888888891,9.59509466267214,5.718889236868778,0.0
mtd_ai,200,0.005073077473362118,0.234375,2692.828356044442,0.05,150,5,0.13066666666666668,0.1953967099482738,0.3678952110472557,0.0
mtd_ai,200,0.005073077473362118,0.30612244897959184,3781.3656054387056,0.1,150,5,0.13066666666666668,0.1953967099482738,0.3678952110472557,0.0
mtd_ai,200,0.005073077473362118,0.3515625,4963.512877027605,0.15,150,5,0.13066666666666668,0.1953967099482738,0.3678952110472557,0.0
mtd_ai,200,0.005073077473362118,0.38961038961038963,5876.7793375182155,0.2,150,5,0.13066666666666668,0.1953967099482738,0.3678952110472557,0.0
mtd_ai,200,0.005073077473362118,0.4411764705882353,6184.546692612895,0.25,150,5,0.13066666666666668,0.1953967099482738,0.3678952110472557,0.0
mtd_ai,200,0.005058811948819614,0.22727272727272727,2592.0198313744713,0.05,150,5,0.13666666666666666,1.1966424611578952,3.591444591398843,0.0
mtd_ai,200,0.005058811948819614,0.2777777777777778,4156.341090757425,0.1,150,5,0.13666666666666666,1.1966424611578952,3.591444591398843,0.0
mtd_ai,200,0.005058811948819614,0.32142857142857145,5712.266814130951,0.15,150,5,0.13666666666666666,1.1966424611578952,3.591444591398843,0.0
mtd_ai,200,0.005058811948819614,0.3488372093023256,6519.203678243306,0.2,150,5,0.13666666666666666,1.1966424611578952,3.591444591398843,0.0
mtd_ai,200,0.005058811948819614,0.3787878787878788,7432.72520226133,0.25,150,5,0.13666666666666666,1.1966424611578952,3.591444591398843,0.0
mtd_ai,200,0.005058752024218613,0.35714285714285715,1753.7356191701265,0.05,150,5,0.13444444444444445,0.3619956708049743,1.266243726743678,0.0
mtd_ai,200,0.005058752024218613,0.3488372093023256,3631.731538328058,0.1,150,5,0.13444444444444445,0.3619956708049743,1.266243726743678,0.0
mtd_ai,200,0.005058752024218613,0.4166666666666667,4202.26030493357,0.15,150,5,0.13444444444444445,0.3619956708049743,1.266243726743678,0.0
mtd_ai,200,0.005058752024218613,0.4166666666666667,5251.678706591285,0.2,150,5,0.13444444444444445,0.3619956708049743,1.266243726743678,0.0
mtd_ai,200,0.005058752024218613,0.41208791208791207,6479.0567597808185,0.25,150,5,0.13444444444444445,0.3619956708049743,1.266243726743678,0.0
mtd_ai,200,0.005066655025716995,0.32608695652173914,2195.3565415999797,0.05,150,5,0.13166666666666665,0.7244628216497174,2.829009586621839,0.0
mtd_ai,200,0.005066655025716995,0.35714285714285715,3598.500663572766,0.1,150,5,0.13166666666666665,0.7244628216497174,2.829009586621839,0.0
mtd_ai,200,0.005066655025716995,0.4166666666666667,4262.8424227719115,0.15,150,5,0.13166666666666665,0.7244628216497174,2.829009586621839,0.0
mtd_ai,200,0.005066655025716995,0.44776119402985076,4981.950020088964,0.2,150,5,0.13166666666666665,0.7244628216497174,2.829009586621839,0.0
mtd_ai,200,0.005066655025716995,0.4573170731707317,6455.482612101075,0.25,150,5,0.13166666666666665,0.7244628216497174,2.829009586621839,0.0
mtd_ai,200,0.005078990042438673,0.2777777777777778,2017.2140781915782,0.05,150,5,0.11066666666666668,0.8949895445526507,3.701894559098154,0.0
mtd_ai,200,0.005078990042438673,0.375,2565.5948195928913,0.1,150,5,0.11066666666666668,0.8949895445526507,3.701894559098154,0.0
mtd_ai,200,0.005078990042438673,0.3813559322033898,3870.224781378335,0.15,150,5,0.11066666666666668,0.8949895445526507,3.701894559098154,0.0
mtd_ai,200,0.005078990042438673,0.4,4725.367098402483,0.2,150,5,0.11066666666666668,0.8949895445526507,3.701894559098154,0.0
mtd_ai,200,0.005078990042438673,0.4032258064516129,5668.697693030143,0.25,150,5,0.11066666666666668,0.8949895445526507,3.701894559098154,0.0
mtd_ai,200,0.005039953654061703,0.39473684210526316,1231.4350203340948,0.05,150,5,0.14049999999999999,0.6401845370980304,2.727614026016764,0.0
mtd_ai,200,0.005039953654061703,0.3488372093023256,4049.802119245984,0.1,150,5,0.14049999999999999,0.6401845370980304,2.727614026016764,0.0
mtd_ai,200,0.005039953654061703,0.3813559322033898,4875.0688983663385,0.15,150,5,0.14049999999999999,0.6401845370980304,2.727614026016764,0.0
mtd_ai,200,0.005039953654061703,0.43478260869565216,5429.814276177458,0.2,150,5,0.14049999999999999,0.6401845370980304,2.727614026016764,0.0
mtd_ai,200,0.005039953654061703,0.4573170731707317,6000.625548102818,0.25,150,5,0.14049999999999999,0.6401845370980304,2.727614026016764,0.0
mtd_ai,200,0.005039398518488202,0.3125,1932.5534680124108,0.05,150,5,0.13333333333333333,0.5473944772444331,2.227540690516537,0.0
mtd_ai,200,0.005039398518488202,0.32608695652173914,4122.23816833384,0.1,150,5,0.13333333333333333,0.5473944772444331,2.227540690516537,0.0
mtd_ai,200,0.005039398518488202,0.375,4900.592735020102,0.15,150,5,0.13333333333333333,0.5473944772444331,2.227540690516537,0.0
mtd_ai,200,0.005039398518488202,0.40540540540540543,6192.656692834489,0.2,150,5,0.13333333333333333,0.5473944772444331,2.227540690516537,0.0
mtd_ai,200,0.005039398518488202,0.4411764705882353,6823.361467001629,0.25,150,5,0.13333333333333333,0.5473944772444331,2.227540690516537,0.0
mtd_ai,200,0.005048392516001148,0.3,2357.090467411685,0.05,150,5,0.17655555555555555,0.5524872273072117,1.8939813681362614,0.0
mtd_ai,200,0.005048392516001148,0.3409090909090909,3546.351179609441,0.1,150,5,0.17655555555555555,0.5524872273072117,1.8939813681362614,0.0
mtd_ai,200,0.005048392516001148,0.375,4770.343116180073,0.15,150,5,0.17655555555555555,0.5524872273072117,1.8939813681362614,0.0
mtd_ai,200,0.005048392516001148,0.410958904109589,5666.802815947546,0.2,150,5,0.17655555555555555,0.5524872273072117,1.8939813681362614,0.0
mtd_ai,200,0.005048392516001148,0.4573170731707317,6047.930689248504,0.25,150,5,0.17655555555555555,0.5524872273072117,1.8939813681362614,0.0
mtd_ai,200,0.005064218010474069,0.26785714285714285,2729.782131296915,0.05,150,5,0.12377777777777775,0.12906817665214707,0.4448301476357078,0.0
mtd_ai,200,0.005064218010474069,0.32608695652173914,4316.011942777068,0.1,150,5,0.12377777777777775,0.12906817665214707,0.4448301476357078,0.0
mtd_ai,200,0.005064218010474069,0.39473684210526316,5030.417361130552,0.15,150,5,0.12377777777777775,0.12906817665214707,0.4448301476357078,0.0
mtd_ai,200,0.005064218010474069,0.4411764705882353,5359.36555729811,0.2,150,5,0.12377777777777775,0.12906817665214707,0.4448301476357078,0.0
mtd_ai,200,0.005064218010474069,0.41208791208791207,6642.2191375405055,0.25,150,5,0.12377777777777775,0.12906817665214707,0.4448301476357078,0.0
mtd_ai,200,0.005042893894468711,0.21428571428571427,3515.9394382583514,0.05,150,5,0.1311111111111111,0.16474204440847995,0.32231566985066246,0.0
mtd_ai,200,0.005042893894468711,0.3125,4187.989828907658,0.1,150,5,0.1311111111111111,0.16474204440847995,0.32231566985066246,0.0
mtd_ai,200,0.005042893894468711,0.3629032258064516,5032.042803093695,0.15,150,5,0.1311111111111111,0.16474204440847995,0.32231566985066246,0.0
mtd_ai,200,0.005042893894468711,0.4,6013.513651796425,0.2,150,5,0.1311111111111111,0.16474204440847995,0.32231566985066246,0.0
mtd_ai,200,0.005042893894468711,0.42613636363636365,6443.350154522478,0.25,150,5,0.1311111111111111,0.16474204440847995,0.32231566985066246,0.0
mtd_ai,200,0.005022836881106916,0.25862068965517243,2746.661640162275,0.05,150,5,0.2141587301587302,0.8426085837250146,3.3864326808278378,0.0
mtd_ai,200,0.005022836881106916,0.2830188679245283,4418.559633996381,0.1,150,5,0.2141587301587302,0.8426085837250146,3.3864326808278378,0.0
mtd_ai,200,0.005022836881106916,0.3125,5619.922138974585,0.15,150,5,0.2141587301587302,0.8426085837250146,3.3864326808278378,0.0
mtd_ai,200,0.005022836881106916,0.29411764705882354,7579.683337624929,0.2,150,5,0.2141587301587302,0.8426085837250146,3.3864326808278378,0.0
mtd_ai,200,0.005022836881106916,0.29069767441860467,8687.54394494798,0.25,150,5,0.2141587301587302,0.8426085837250146,3.3864326808278378,0.0
mtd_ai,200,0.00506807424765373,0.3,2826.082848534448,0.05,150,5,0.10571428571428572,1.1133942848410858,4.532509151040272,0.0
mtd_ai,200,0.00506807424765373,0.375,4253.400426781539,0.1,150,5,0.10571428571428572,1.1133942848410858,4.532509151040272,0.0
mtd_ai,200,0.00506807424765373,0.45,5008.844764021369,0.15,150,5,0.10571428571428572,1.1133942848410858,4.532509151040272,0.0
mtd_ai,200,0.00506807424765373,0.5,5362.963591216465,0.2,150,5,0.10571428571428572,1.1133942848410858,4.532509151040272,0.0
mtd_ai,200,0.00506807424765373,0.5208333333333334,5801.101260052137,0.25,150,5,0.10571428571428572,1.1133942848410858,4.532509151040272,0.0
mtd_ai,200,0.005068028924587753,0.3,1908.7687924692996,0.05,150,5,0.11777777777777779,0.34690018606083534,1.4827716239385786,0.0
mtd_ai,200,0.005068028924587753,0.375,2745.9871246915254,0.1,150,5,0.11777777777777779,0.34690018606083534,1.4827716239385786,0.0
mtd_ai,200,0.005068028924587753,0.45,3364.3368177567145,0.15,150,5,0.11777777777777779,0.34690018606083534,1.4827716239385786,0.0
mtd_ai,200,0.005068028924587753,0.4838709677419355,3749.7089921283714,0.2,150,5,0.11777777777777779,0.34690018606083534,1.4827716239385786,0.0
mtd_ai,200,0.005068028924587753,0.528169014084507,4089.690606977638,0.25,150,5,0.11777777777777779,0.34690018606083534,1.4827716239385786,0.0
mtd_ai,200,0.00507423298919295,0.3,2775.6271823379484,0.05,150,5,0.14933333333333335,0.048110267597304836,0.1942408916483513,0.0
mtd_ai,200,0.00507423298919295,0.36585365853658536,3676.2721534116754,0.1,150,5,0.14933333333333335,0.048110267597304836,0.1942408916483513,0.0
mtd_ai,200,0.00507423298919295,0.4411764705882353,4445.8826867278,0.15,150,5,0.14933333333333335,0.048110267597304836,0.1942408916483513,0.0
mtd_ai,200,0.00507423298919295,0.47619047619047616,5102.996359197016,0.2,150,5,0.14933333333333335,0.048110267597304836,0.1942408916483513,0.0
mtd_ai,200,0.00507423298919295,0.5067567567567568,5615.458351791925,0.25,150,5,0.14933333333333335,0.048110267597304836,0.1942408916483513,0.0
mtd_ai,200,0.00506928054569285,0.3125,2645.974914350206,0.05,150,5,0.13933333333333334,0.4416881299673235,1.7939571169929913,0.0
mtd_ai,200,0.00506928054569285,0.375,3607.850695478474,0.1,150,5,0.13933333333333334,0.4416881299673235,1.7939571169929913,0.0
mtd_ai,200,0.00506928054569285,0.4017857142857143,4555.122790789359,0.15,150,5,0.13933333333333334,0.4416881299673235,1.7939571169929913,0.0
mtd_ai,200,0.00506928054569285,0.42857142857142855,5606.912946111443,0.2,150,5,0.13933333333333334,0.4416881299673235,1.7939571169929913,0.0
mtd_ai,200,0.00506928054569285,0.4573170731707317,5996.169905992763,0.25,150,5,0.13933333333333334,0.4416881299673235,1.7939571169929913,0.0
mtd_ai,200,0.005046707464322003,0.26785714285714285,2854.485376947381,0.05,150,5,0.11111111111111112,14.260765332886518,6.678311282398994,0.0
mtd_ai,200,0.005046707464322003,0.3488372093023256,3993.5595047939278,0.1,150,5,0.11111111111111112,14.260765332886518,6.678311282398994,0.0
mtd_ai,200,0.005046707464322003,0.4017857142857143,4952.817886483932,0.15,150,5,0.11111111111111112,14.260765332886518,6.678311282398994,0.0
mtd_ai,200,0.005046707464322003,0.44776119402985076,5489.512023805455,0.2,150,5,0.11111111111111112,14.260765332886518,6.678311282398994,0.0
mtd_ai,200,0.005046707464322003,0.4807692307692308,5943.3079855159285,0.25,150,5,0.11111111111111112,14.260765332886518,6.678311282398994,0.0
mtd_ai,200,0.0051094835207308445,0.46875,1247.5799297794879,0.05,150,5,0.16644444444444445,0.10547078710850512,0.28985582411807964,0.0
mtd_ai,200,0.0051094835207308445,0.46875,2415.661810283842,0.1,150,5,0.16644444444444445,0.10547078710850512,0.28985582411807964,0.0
mtd_ai,200,0.0051094835207308445,0.5,3268.1922344172326,0.15,150,5,0.16644444444444445,0.10547078710850512,0.28985582411807964,0.0
mtd_ai,200,0.0051094835207308445,0.5,3952.0675792973243,0.2,150,5,0.16644444444444445,0.10547078710850512,0.28985582411807964,0.0
mtd_ai,200,0.0051094835207308445,0.5514705882352942,4283.385740502695,0.25,150,5,0.16644444444444445,0.10547078710850512,0.28985582411807964,0.0
mtd_ai,200,0.005056356114324118,0.3409090909090909,1889.0496288992788,0.05,150,5,0.14333333333333334,3.778377142934102,6.7976137577241325,0.0
mtd_ai,200,0.005056356114324118,0.40540540540540543,2773.402477052494,0.1,150,5,0.14333333333333334,3.778377142934102,6.7976137577241325,0.0
mtd_ai,200,0.005056356114324118,0.45918367346938777,3577.873034883449,0.15,150,5,0.14333333333333334,3.778377142934102,6.7976137577241325,0.0
mtd_ai,200,0.005056356114324118,0.4918032786885246,4299.958340693,0.2,150,5,0.14333333333333334,3.778377142934102,6.7976137577241325,0.0
mtd_ai,200,0.005056356114324118,0.4807692307692308,5118.290757089519,0.25,150,5,0.14333333333333334,3.778377142934102,6.7976137577241325,0.0
mtd_ai,200,0.005043805491468145,0.4166666666666667,1849.8439014756284,0.05,150,5,0.14666666666666667,1.4808811418489838,3.3133467086388975,0.0
mtd_ai,200,0.005043805491468145,0.46875,3155.0484213840446,0.1,150,5,0.14666666666666667,1.4808811418489838,3.3133467086388975,0.0
mtd_ai,200,0.005043805491468145,0.5113636363636364,3902.5019520534843,0.15,150,5,0.14666666666666667,1.4808811418489838,3.3133467086388975,0.0
mtd_ai,200,0.005043805491468145,0.5172413793103449,5087.979406483102,0.2,150,5,0.14666666666666667,1.4808811418489838,3.3133467086388975,0.0
mtd_ai,200,0.005043805491468145,0.5514705882352942,5591.80369132831,0.25,150,5,0.14666666666666667,1.4808811418489838,3.3133467086388975,0.0
mtd_ai,200,0.005044806294969378,0.20270270270270271,3934.9543198405872,0.05,150,5,0.13555555555555554,6.251624850002861,7.414750845671888,0.0
mtd_ai,200,0.005044806294969378,0.2830188679245283,4720.855646179121,0.1,150,5,0.13555555555555554,6.251624850002861,7.414750845671888,0.0
mtd_ai,200,0.005044806294969378,0.35714285714285715,5247.728887576375,0.15,150,5,0.13555555555555554,6.251624850002861,7.414750845671888,0.0
mtd_ai,200,0.005044806294969378,0.4,5870.659243432034,0.2,150,5,0.13555555555555554,6.251624850002861,7.414750845671888,0.0
mtd_ai,200,0.005044806294969378,0.4166666666666667,6480.159038456166,0.25,150,5,0.13555555555555554,6.251624850002861,7.414750845671888,0.0
mtd_ai,200,0.005057532678521404,0.3125,2681.660214585786,0.05,150,5,0.13592592592592592,0.460258668734197,1.8780329796155089,0.0
mtd_ai,200,0.005057532678521404,0.40540540540540543,3695.373219554729,0.1,150,5,0.13592592592592592,0.460258668734197,1.8780329796155089,0.0
mtd_ai,200,0.005057532678521404,0.46875,4286.662727100001,0.15,150,5,0.13592592592592592,0.460258668734197,1.8780329796155089,0.0
mtd_ai,200,0.005057532678521404,0.5084745762711864,4643.693760953447,0.2,150,5,0.13592592592592592,0.460258668734197,1.8780329796155089,0.0
mtd_ai,200,0.005057532678521404,0.528169014084507,5305.380446368847,0.25,150,5,0.13592592592592592,0.460258668734197,1.8780329796155089,0.0
mtd_ai,200,0.005065884448433858,0.35714285714285715,2359.3939138309506,0.05,150,5,0.12,0.84416498447225,3.3353269746599157,0.0
mtd_ai,200,0.005065884448433858,0.38461538461538464,3627.6399055335437,0.1,150,5,0.12,0.84416498447225,3.3353269746599157,0.0
mtd_ai,200,0.005065884448433858,0.42452830188679247,4535.829725440439,0.15,150,5,0.12,0.84416498447225,3.3353269746599157,0.0
mtd_ai,200,0.005065884448433858,0.46153846153846156,5239.392050640217,0.2,150,5,0.12,0.84416498447225,3.3353269746599157,0.0
mtd_ai,200,0.005065884448433858,0.5067567567567568,5686.84695699652,0.25,150,5,0.12,0.84416498447225,3.3353269746599157,0.0
mtd_ai,200,0.005060253914521789,0.28846153846153844,2913.092500368308,0.05,150,5,0.12733333333333335,0.0449680047889041,0.18111862982938665,0.0
mtd_ai,200,0.005060253914521789,0.3191489361702128,4622.881045525317,0.1,150,5,0.12733333333333335,0.0449680047889041,0.18111862982938665,0.0
mtd_ai,200,0.005060253914521789,0.3813559322033898,5343.58402531763,0.15,150,5,0.12733333333333335,0.0449680047889041,0.18111862982938665,0.0
mtd_ai,200,0.005060253914521789,0.40540540540540543,6159.369290424251,0.2,150,5,0.12733333333333335,0.0449680047889041,0.18111862982938665,0.0
mtd_ai,200,0.005060253914521789,0.436046511627907,6816.941552032653,0.25,150,5,0.12733333333333335,0.0449680047889041,0.18111862982938665,0.0
mtd_ai,200,0.005067547812619993,0.3,2555.3312913162017,0.05,150,5,0.07142857142857142,0.42179935952344677,1.7489834743698862,0.0
mtd_ai,200,0.005067547812619993,0.29411764705882354,5024.494292397178,0.1,150,5,0.07142857142857142,0.42179935952344677,1.7489834743698862,0.0
mtd_ai,200,0.005067547812619993,0.36885245901639346,5514.440556822329,0.15,150,5,0.07142857142857142,0.42179935952344677,1.7489834743698862,0.0
mtd_ai,200,0.005067547812619993,0.42857142857142855,5949.540358226422,0.2,150,5,0.07142857142857142,0.42179935952344677,1.7489834743698862,0.0
mtd_ai,200,0.005067547812619993,0.46875,6366.726168387069,0.25,150,5,0.07142857142857142,0.42179935952344677,1.7489834743698862,0.0
mtd_ai,200,0.005032901971557455,0.24193548387096775,3373.5202853050732,0.05,150,5,0.13738095238095238,1.0771385068153327,2.8053217298007027,0.0
mtd_ai,200,0.005032901971557455,0.3125,4786.744533719284,0.1,150,5,0.13738095238095238,1.0771385068153327,2.8053217298007027,0.0
mtd_ai,200,0.005032901971557455,0.375,5472.108354754245,0.15,150,5,0.13738095238095238,1.0771385068153327,2.8053217298007027,0.0
mtd_ai,200,0.005032901971557455,0.4225352112676056,6019.395854562977,0.2,150,5,0.13738095238095238,1.0771385068153327,2.8053217298007027,0.0
mtd_ai,200,0.005032901971557455,0.46296296296296297,6636.2237438580305,0.25,150,5,0.13738095238095238,1.0771385068153327,2.8053217298007027,0.0
mtd_ai,200,0.005067345862664425,0.32608695652173914,2459.897731595531,0.05,150,5,0.17766666666666667,1.3476055377350138,2.081605131247918,0.0
mtd_ai,200,0.005067345862664425,0.3409090909090909,4675.8507160588015,0.1,150,5,0.17766666666666667,1.3476055377350138,2.081605131247918,0.0
mtd_ai,200,0.005067345862664425,0.4166666666666667,5235.938153829253,0.15,150,5,0.17766666666666667,1.3476055377350138,2.081605131247918,0.0
mtd_ai,200,0.005067345862664425,0.46875,5596.756685963344,0.2,150,5,0.17766666666666667,1.3476055377350138,2.081605131247918,0.0
mtd_ai,200,0.005067345862664425,0.5136986301369864,6002.780589342006,0.25,150,5,0.17766666666666667,1.3476055377350138,2.081605131247918,0.0
mtd_ai,200,0.0050920215713200975,0.35714285714285715,2149.7178654397485,0.05,150,5,0.10555555555555556,0.8267961996649089,3.2444170462136332,0.0
mtd_ai,200,0.0050920215713200975,0.38461538461538464,3339.329554376276,0.1,150,5,0.10555555555555556,0.8267961996649089,3.2444170462136332,0.0
mtd_ai,200,0.0050920215713200975,0.45,3784.0260654065255,0.15,150,5,0.10555555555555556,0.8267961996649089,3.2444170462136332,0.0
mtd_ai,200,0.0050920215713200975,0.4838709677419355,4541.781728771655,0.2,150,5,0.10555555555555556,0.8267961996649089,3.2444170462136332,0.0
mtd_ai,200,0.0050920215713200975,0.5136986301369864,5021.217355271698,0.25,150,5,0.10555555555555556,0.8267961996649089,3.2444170462136332,0.0
mtd_ai,200,0.005085569051569378,0.5769230769230769,1034.2100802891468,0.05,150,5,0.2916666666666667,1.0145416485467853,3.641275724841314,0.0
mtd_ai,200,0.005085569051569378,0.5172413793103449,2266.7733275648025,0.1,150,5,0.2916666666666667,1.0145416485467853,3.641275724841314,0.0
mtd_ai,200,0.005085569051569378,0.5232558139534884,3374.2401060018396,0.15,150,5,0.2916666666666667,1.0145416485467853,3.641275724841314,0.0
mtd_ai,200,0.005085569051569378,0.5357142857142857,4125.993355684277,0.2,150,5,0.2916666666666667,1.0145416485467853,3.641275724841314,0.0
mtd_ai,200,0.005085569051569378,0.5514705882352942,4784.3239417969735,0.25,150,5,0.2916666666666667,1.0145416485467853,3.641275724841314,0.0
mtd_ai,200,0.00505216454955395,0.39473684210526316,1651.974497179005,0.05,150,5,0.18444444444444444,0.5074630894056155,2.023312356885072,6.181818181818182
mtd_ai,200,0.00505216454955395,0.36585365853658536,2919.1120495495948,0.1,150,5,0.18444444444444444,0.5074630894056155,2.023312356885072,6.181818181818182
mtd_ai,200,0.00505216454955395,0.4166666666666667,3558.1231140739364,0.15,150,5,0.18444444444444444,0.5074630894056155,2.023312356885072,6.181818181818182
mtd_ai,200,0.00505216454955395,0.45454545454545453,4130.232349291682,0.2,150,5,0.18444444444444444,0.5074630894056155,2.023312356885072,6.181818181818182
mtd_ai,200,0.00505216454955395,0.5067567567567568,4519.642991918751,0.25,150,5,0.18444444444444444,0.5074630894056155,2.023312356885072,6.181818181818182
mtd_ai,200,0.005027427239015663,0.26785714285714285,2949.3110976737426,0.05,150,5,0.14816666666666667,0.27020527908799113,0.6569102541710237,3.6857142857142855
mtd_ai,200,0.005027427239015663,0.3125,4314.874583891158,0.1,150,5,0.14816666666666667,0.27020527908799113,0.6569102541710237,3.6857142857142855
mtd_ai,200,0.005027427239015663,0.3629032258064516,5362.335011561576,0.15,150,5,0.14816666666666667,0.27020527908799113,0.6569102541710237,3.6857142857142855
mtd_ai,200,0.005027427239015663,0.35294117647058826,6331.449198430701,0.2,150,5,0.14816666666666667,0.27020527908799113,0.6569102541710237,3.6857142857142855
mtd_ai,200,0.005027427239015663,0.35714285714285715,7126.952364716142,0.25,150,5,0.14816666666666667,0.27020527908799113,0.6569102541710237,3.6857142857142855
mtd_ai,200,0.0050706520535688865,0.26785714285714285,2281.1106715661235,0.05,150,5,0.11,0.4147741226279051,0.8332594128518455,0.0
mtd_ai,200,0.0050706520535688865,0.35714285714285715,3520.6920839507857,0.1,150,5,0.11,0.4147741226279051,0.8332594128518455,0.0
mtd_ai,200,0.0050706520535688865,0.42452830188679247,4299.577264367126,0.15,150,5,0.11,0.4147741226279051,0.8332594128518455,0.0
mtd_ai,200,0.0050706520535688865,0.45454545454545453,5293.019924252481,0.2,150,5,0.11,0.4147741226279051,0.8332594128518455,0.0
mtd_ai,200,0.0050706520535688865,0.4934210526315789,5812.281356079715,0.25,150,5,0.11,0.4147741226279051,0.8332594128518455,0.0
mtd_ai,200,0.005047656692565241,0.32608695652173914,2071.1128710350613,0.05,150,5,0.14326984126984127,1.3818585910870655,3.822175735529317,0.0
mtd_ai,200,0.005047656692565241,0.4411764705882353,2689.117722152174,0.1,150,5,0.14326984126984127,1.3818585910870655,3.822175735529317,0.0
mtd_ai,200,0.005047656692565241,0.42452830188679247,4126.306252292569,0.15,150,5,0.14326984126984127,1.3818585910870655,3.822175735529317,0.0
mtd_ai,200,0.005047656692565241,0.4411764705882353,4837.3775752518595,0.2,150,5,0.14326984126984127,1.3818585910870655,3.822175735529317,0.0
mtd_ai,200,0.005047656692565241,0.46875,5800.846390993292,0.25,150,5,0.14326984126984127,1.3818585910870655,3.822175735529317,0.0
mtd_ai,200,0.005068701417585159,0.22727272727272727,3310.6575549925974,0.05,150,5,0.15866666666666668,0.35728260600767386,1.0018588317587918,0.0
mtd_ai,200,0.005068701417585159,0.29411764705882354,4171.1227748386555,0.1,150,5,0.15866666666666668,0.35728260600767386,1.0018588317587918,0.0
mtd_ai,200,0.005068701417585159,0.3515625,5349.1299903404015,0.15,150,5,0.15866666666666668,0.35728260600767386,1.0018588317587918,0.0
mtd_ai,200,0.005068701417585159,0.39473684210526316,5957.729533180665,0.2,150,5,0.15866666666666668,0.35728260600767386,1.0018588317587918,0.0
mtd_ai,200,0.005068701417585159,0.4411764705882353,6285.612170057879,0.25,150,5,0.15866666666666668,0.35728260600767386,1.0018588317587918,0.0
mtd_ai,200,0.005041040404827922,0.3125,2220.3094531419147,0.05,150,5,0.07666666666666666,0.43980330423503566,1.1475409509990022,0.0
mtd_ai,200,0.005041040404827922,0.375,3426.405089490034,0.1,150,5,0.07666666666666666,0.43980330423503566,1.1475409509990022,0.0
mtd_ai,200,0.005041040404827922,0.4090909090909091,4708.4508258177075,0.15,150,5,0.07666666666666666,0.43980330423503566,1.1475409509990022,0.0
mtd_ai,200,0.005041040404827922,0.44776119402985076,5359.710617187883,0.2,150,5,0.07666666666666666,0.43980330423503566,1.1475409509990022,0.0
mtd_ai,200,0.005041040404827922,0.4573170731707317,6165.536226863377,0.25,150,5,0.07666666666666666,0.43980330423503566,1.1475409509990022,0.0
mtd_ai,200,0.005072761710598565,0.24193548387096775,2966.238425837187,0.05,150,5,0.10633333333333334,0.33152077394825136,0.4748927185499743,0.0
mtd_ai,200,0.005072761710598565,0.30612244897959184,4141.344507667593,0.1,150,5,0.10633333333333334,0.33152077394825136,0.4748927185499743,0.0
mtd_ai,200,0.005072761710598565,0.4017857142857143,4532.570634479243,0.15,150,5,0.10633333333333334,0.33152077394825136,0.4748927185499743,0.0
mtd_ai,200,0.005072761710598565,0.4225352112676056,5275.739474493537,0.2,150,5,0.10633333333333334,0.33152077394825136,0.4748927185499743,0.0
mtd_ai,200,0.005072761710598565,0.46875,5820.423699558616,0.25,150,5,0.10633333333333334,0.33152077394825136,0.4748927185499743,0.0
mtd_ai,200,0.005068372120153263,0.375,1980.4544489459815,0.05,150,5,0.13043478260869565,0.4518562831676634,1.9263231882337202,0.0
mtd_ai,200,0.005068372120153263,0.4166666666666667,3509.226123318669,0.1,150,5,0.13043478260869565,0.4518562831676634,1.9263231882337202,0.0
mtd_ai,200,0.005068372120153263,0.4411764705882353,4200.80941072146,0.15,150,5,0.13043478260869565,0.4518562831676634,1.9263231882337202,0.0
mtd_ai,200,0.005068372120153263,0.42857142857142855,4977.173079363243,0.2,150,5,0.13043478260869565,0.4518562831676634,1.9263231882337202,0.0
mtd_ai,200,0.005068372120153263,0.46296296296296297,6076.07116679102,0.25,150,5,0.13043478260869565,0.4518562831676634,1.9263231882337202,0.0
mtd_ai,200,0.005074433210833527,0.32608695652173914,1730.5657702255094,0.05,150,5,0.09777777777777777,6.783349918882912,7.750324712703103,0.0
mtd_ai,200,0.005074433210833527,0.3409090909090909,4190.1461028720105,0.1,150,5,0.09777777777777777,6.783349918882912,7.750324712703103,0.0
mtd_ai,200,0.005074433210833527,0.35714285714285715,5363.652715984,0.15,150,5,0.09777777777777777,6.783349918882912,7.750324712703103,0.0
mtd_ai,200,0.005074433210833527,0.40540540540540543,5799.900468201491,0.2,150,5,0.09777777777777777,6.783349918882912,7.750324712703103,0.0
mtd_ai,200,0.005074433210833527,0.4411764705882353,6107.759959568229,0.25,150,5,0.09777777777777777,6.783349918882912,7.750324712703103,0.0
mtd_ai,200,0.0050331692754791435,0.28846153846153844,2972.4892725146638,0.05,150,5,0.15566666666666668,0.7433547354621045,3.2830599907287366,0.0
mtd_ai,200,0.0050331692754791435,0.32608695652173914,4564.6852199636105,0.1,150,5,0.15566666666666668,0.7433547354621045,3.2830599907287366,0.0
mtd_ai,200,0.0050331692754791435,0.32142857142857145,6004.43027914105,0.15,150,5,0.15566666666666668,0.7433547354621045,3.2830599907287366,0.0
mtd_ai,200,0.0050331692754791435,0.3409090909090909,6992.882224647061,0.2,150,5,0.15566666666666668,0.7433547354621045,3.2830599907287366,0.0
mtd_ai,200,0.0050331692754791435,0.3865979381443299,7551.418186129659,0.25,150,5,0.15566666666666668,0.7433547354621045,3.2830599907287366,0.0
mtd_ai,200,0.005054609480557405,0.4411764705882353,1340.4925571341955,0.05,150,5,0.21486772486772485,0.2521958794075052,0.8744122084187009,0.0
mtd_ai,200,0.005054609480557405,0.375,3032.3215815563517,0.1,150,5,0.21486772486772485,0.2521958794075052,0.8744122084187009,0.0
mtd_ai,200,0.005054609480557405,0.45,3510.236620461351,0.15,150,5,0.21486772486772485,0.2521958794075052,0.8744122084187009,0.0
mtd_ai,200,0.005054609480557405,0.45454545454545453,4680.107481172201,0.2,150,5,0.21486772486772485,0.2521958794075052,0.8744122084187009,0.0
mtd_ai,200,0.005054609480557405,0.487012987012987,5195.545837839529,0.25,150,5,0.21486772486772485,0.2521958794075052,0.8744122084187009,0.0
mtd_ai,200,0.00505585569065063,0.3125,2362.915010199126,0.05,150,5,0.10333333333333333,1.2814108797119876,3.120599253422502,0.0
mtd_ai,200,0.00505585569065063,0.38461538461538464,3376.3482267082445,0.1,150,5,0.10333333333333333,1.2814108797119876,3.120599253422502,0.0
mtd_ai,200,0.00505585569065063,0.4411764705882353,4096.658775174894,0.15,150,5,0.10333333333333333,1.2814108797119876,3.120599253422502,0.0
mtd_ai,200,0.00505585569065063,0.4838709677419355,4614.284316354677,0.2,150,5,0.10333333333333333,1.2814108797119876,3.120599253422502,0.0
mtd_ai,200,0.00505585569065063,0.5,5174.006080677571,0.25,150,5,0.10333333333333333,1.2814108797119876,3.120599253422502,0.0
mtd_ai,200,0.005054238029969166,0.2777777777777778,2260.21103526898,0.05,150,5,0.10537037037037036,0.2516820715691342,1.0884734319093408,0.0
mtd_ai,200,0.005054238029969166,0.3409090909090909,3938.1982324661362,0.1,150,5,0.10537037037037036,0.2516820715691342,1.0884734319093408,0.0
mtd_ai,200,0.005054238029969166,0.3813559322033898,5086.008330945582,0.15,150,5,0.10537037037037036,0.2516820715691342,1.0884734319093408,0.0
mtd_ai,200,0.005054238029969166,0.38461538461538464,6647.061997570587,0.2,150,5,0.10537037037037036,0.2516820715691342,1.0884734319093408,0.0
mtd_ai,200,0.005054238029969166,0.42134831460674155,7288.088465705627,0.25,150,5,0.10537037037037036,0.2516820715691342,1.0884734319093408,0.0
mtd_ai,200,0.005053863379977464,0.3,2337.2816786606204,0.05,150,5,0.32,0.8754354843868939,3.873310864071235,0.0
mtd_ai,200,0.005053863379977464,0.2830188679245283,5819.297593491639,0.1,150,5,0.32,0.8754354843868939,3.873310864071235,0.0
mtd_ai,200,0.005053863379977464,0.3515625,6562.851186739493,0.15,150,5,0.32,0.8754354843868939,3.873310864071235,0.0
mtd_ai,200,0.005053863379977464,0.3614457831325301,7481.792771150379,0.2,150,5,0.32,0.8754354843868939,3.873310864071235,0.0
mtd_ai,200,0.005053863379977464,0.39893617021276595,7893.728094800398,0.25,150,5,0.32,0.8754354843868939,3.873310864071235,0.0
mtd_ai,200,0.005073069897785963,0.234375,2377.6864256245262,0.05,150,5,0.15777777777777777,0.49534195715817797,0.5399887990567255,0.0
mtd_ai,200,0.005073069897785963,0.30612244897959184,3155.583791347951,0.1,150,5,0.15777777777777777,0.49534195715817797,0.5399887990567255,0.0
mtd_ai,200,0.005073069897785963,0.34615384615384615,4232.623608137045,0.15,150,5,0.15777777777777777,0.49534195715817797,0.5399887990567255,0.0
mtd_ai,200,0.005073069897785963,0.36585365853658536,4973.458350710619,0.2,150,5,0.15777777777777777,0.49534195715817797,0.5399887990567255,0.0
mtd_ai,200,0.005073069897785963,0.39893617021276595,5612.842570366249,0.25,150,5,0.15777777777777777,0.49534195715817797,0.5399887990567255,0.0
mtd_ai,200,0.00505794319811735,0.4166666666666667,1637.96109981002,0.05,150,5,0.14444444444444443,0.461178981517033,1.6122631398153264,0.0
mtd_ai,200,0.00505794319811735,0.42857142857142855,2721.977050194093,0.1,150,5,0.14444444444444443,0.461178981517033,1.6122631398153264,0.0
mtd_ai,200,0.00505794319811735,0.4891304347826087,3434.257771498317,0.15,150,5,0.14444444444444443,0.461178981517033,1.6122631398153264,0.0
mtd_ai,200,0.00505794319811735,0.5263157894736842,3937.796926131239,0.2,150,5,0.14444444444444443,0.461178981517033,1.6122631398153264,0.0
mtd_ai,200,0.00505794319811735,0.5514705882352942,4566.615596879268,0.25,150,5,0.14444444444444443,0.461178981517033,1.6122631398153264,0.0
mtd_ai,200,0.0050391462238626875,0.35714285714285715,1616.6967248692167,0.05,150,5,0.15907407407407406,0.14306625828155536,0.19404074017228867,0.0
mtd_ai,200,0.0050391462238626875,0.35714285714285715,3196.046138405263,0.1,150,5,0.15907407407407406,0.14306625828155536,0.19404074017228867,0.0
mtd_ai,200,0.0050391462238626875,0.42452830188679247,3695.9249115684433,0.15,150,5,0.15907407407407406,0.14306625828155536,0.19404074017228867,0.0
mtd_ai,200,0.0050391462238626875,0.38961038961038963,5705.284122211471,0.2,150,5,0.15907407407407406,0.14306625828155536,0.19404074017228867,0.0
mtd_ai,200,0.0050391462238626875,0.4166666666666667,6325.622793541816,0.25,150,5,0.15907407407407406,0.14306625828155536,0.19404074017228867,0.0
mtd_ai,200,0.005041253953056736,0.22727272727272727,3265.9192748666815,0.05,150,5,0.167015873015873,0.5788729848469328,1.1579110549124285,0.0
mtd_ai,200,0.005041253953056736,0.3125,4277.419203515135,0.1,150,5,0.167015873015873,0.5788729848469328,1.1579110549124285,0.0
mtd_ai,200,0.005041253953056736,0.3813559322033898,4975.878415096791,0.15,150,5,0.167015873015873,0.5788729848469328,1.1579110549124285,0.0
mtd_ai,200,0.005041253953056736,0.410958904109589,5827.446340284889,0.2,150,5,0.167015873015873,0.5788729848469328,1.1579110549124285,0.0
mtd_ai,200,0.005041253953056736,0.45180722891566266,6535.440350210707,0.25,150,5,0.167015873015873,0.5788729848469328,1.1579110549124285,0.0
mtd_ai,200,0.005033061488621673,0.3409090909090909,2558.650232190222,0.05,150,5,0.16111111111111112,4.065705296911656,7.1618686583309605,3.72972972972973
mtd_ai,200,0.005033061488621673,0.3488372093023256,4821.791953181619,0.1,150,5,0.16111111111111112,4.065705296911656,7.1618686583309605,3.72972972972973
mtd_ai,200,0.005033061488621673,0.4166666666666667,5679.165199601908,0.15,150,5,0.16111111111111112,4.065705296911656,7.1618686583309605,3.72972972972973
mtd_ai,200,0.005033061488621673,0.46153846153846156,6181.865487804485,0.2,150,5,0.16111111111111112,4.065705296911656,7.1618686583309605,3.72972972972973
mtd_ai,200,0.005033061488621673,0.5067567567567568,6679.315553367283,0.25,150,5,0.16111111111111112,4.065705296911656,7.1618686583309605,3.72972972972973
mtd_ai,200,0.005056026357287234,0.375,1295.856201121431,0.05,150,5,0.11777777777777776,0.05489686663629564,0.24013991262964082,0.0
mtd_ai,200,0.005056026357287234,0.375,2723.1986631620543,0.1,150,5,0.11777777777777776,0.05489686663629564,0.24013991262964082,0.0
mtd_ai,200,0.005056026357287234,0.4166666666666667,3453.195818559841,0.15,150,5,0.11777777777777776,0.05489686663629564,0.24013991262964082,0.0
mtd_ai,200,0.005056026357287234,0.45454545454545453,4246.980163588098,0.2,150,5,0.11777777777777776,0.05489686663629564,0.24013991262964082,0.0
mtd_ai,200,0.005056026357287234,0.4807692307692308,4883.3546979023195,0.25,150,5,0.11777777777777776,0.05489686663629564,0.24013991262964082,0.0
mtd_ai,200,0.005038986604828695,0.2777777777777778,1742.2283604913096,0.05,150,5,0.12111111111111111,1.2638684981421704,3.4405217961221726,4.151515151515151
mtd_ai,200,0.005038986604828695,0.29411764705882354,4181.322826474769,0.1,150,5,0.12111111111111111,1.2638684981421704,3.4405217961221726,4.151515151515151
mtd_ai,200,0.005038986604828695,0.375,4542.616260071454,0.15,150,5,0.12111111111111111,1.2638684981421704,3.4405217961221726,4.151515151515151
mtd_ai,200,0.005038986604828695,0.38461538461538464,5623.839393929329,0.2,150,5,0.12111111111111111,1.2638684981421704,3.4405217961221726,4.151515151515151
mtd_ai,200,0.005038986604828695,0.42613636363636365,6018.192734196541,0.25,150,5,0.12111111111111111,1.2638684981421704,3.4405217961221726,4.151515151515151
mtd_ai,200,0.005038503945696255,0.28846153846153844,2565.30454473517,0.05,150,5,0.13033333333333333,0.8340770966066262,3.6129042127625657,0.0
mtd_ai,200,0.005038503945696255,0.3488372093023256,3589.3937253523163,0.1,150,5,0.13033333333333333,0.8340770966066262,3.6129042127625657,0.0
mtd_ai,200,0.005038503945696255,0.36885245901639346,4917.615407338154,0.15,150,5,0.13033333333333333,0.8340770966066262,3.6129042127625657,0.0
mtd_ai,200,0.005038503945696255,0.4,5417.367728869117,0.2,150,5,0.13033333333333333,0.8340770966066262,3.6129042127625657,0.0
mtd_ai,200,0.005038503945696255,0.4076086956521739,6097.734181038514,0.25,150,5,0.13033333333333333,0.8340770966066262,3.6129042127625657,0.0
mtd_ai,200,0.005064471921226687,0.3,2228.571863712452,0.05,150,5,0.11777777777777776,3.3170907996353973,4.233374495426372,0.0
mtd_ai,200,0.005064471921226687,0.38461538461538464,3021.741486302452,0.1,150,5,0.11777777777777776,3.3170907996353973,4.233374495426372,0.0
mtd_ai,200,0.005064471921226687,0.42452830188679247,3736.298475009138,0.15,150,5,0.11777777777777776,3.3170907996353973,4.233374495426372,0.0
mtd_ai,200,0.005064471921226687,0.4838709677419355,4172.93125157313,0.2,150,5,0.11777777777777776,3.3170907996353973,4.233374495426372,0.0
mtd_ai,200,0.005064471921226687,0.5357142857142857,4449.099268959439,0.25,150,5,0.11777777777777776,3.3170907996353973,4.233374495426372,0.0
mtd_ai,200,0.005037093646161806,0.26785714285714285,2126.6042658700476,0.05,150,5,0.10526315789473684,1.4712134907941916,4.644834777846672,-4.225806451612903
mtd_ai,200,0.005037093646161806,0.35714285714285715,3076.1157151211646,0.1,150,5,0.10526315789473684,1.4712134907941916,4.644834777846672,-4.225806451612903
mtd_ai,200,0.005037093646161806,0.36885245901639346,5020.740263592947,0.15,150,5,0.10526315789473684,1.4712134907941916,4.644834777846672,-4.225806451612903
mtd_ai,200,0.005037093646161806,0.410958904109589,5705.324876607896,0.2,150,5,0.10526315789473684,1.4712134907941916,4.644834777846672,-4.225806451612903
mtd_ai,200,0.005037093646161806,0.44642857142857145,6354.11926080161,0.25,150,5,0.10526315789473684,1.4712134907941916,4.644834777846672,-4.225806451612903
mtd_ai,200,0.0050600053473622555,0.1875,3748.8273811089994,0.05,150,5,0.10888888888888891,1.011218907316282,4.140472676278318,0.0
mtd_ai,200,0.0050600053473622555,0.2830188679245283,4516.316306020372,0.1,150,5,0.10888888888888891,1.011218907316282,4.140472676278318,0.0
mtd_ai,200,0.0050600053473622555,0.3629032258064516,4921.845422479191,0.15,150,5,0.10888888888888891,1.011218907316282,4.140472676278318,0.0
mtd_ai,200,0.0050600053473622555,0.39473684210526316,6025.51943009691,0.2,150,5,0.10888888888888891,1.011218907316282,4.140472676278318,0.0
mtd_ai,200,0.0050600053473622555,0.44642857142857145,6362.06433664408,0.25,150,5,0.10888888888888891,1.011218907316282,4.140472676278318,0.0
mtd_ai,200,0.005043916597773994,0.32608695652173914,2242.0104941971977,0.05,150,5,0.12055555555555557,1.750582533704257,4.287064683352708,0.0
mtd_ai,200,0.005043916597773994,0.375,3688.4220662775197,0.1,150,5,0.12055555555555557,1.750582533704257,4.287064683352708,0.0
mtd_ai,200,0.005043916597773994,0.45918367346938777,4288.261104958347,0.15,150,5,0.12055555555555557,1.750582533704257,4.287064683352708,0.0
mtd_ai,200,0.005043916597773994,0.5172413793103449,4671.259541121544,0.2,150,5,0.12055555555555557,1.750582533704257,4.287064683352708,0.0
mtd_ai,200,0.005043916597773994,0.45180722891566266,5850.348308636439,0.25,150,5,0.12055555555555557,1.750582533704257,4.287064683352708,0.0
mtd_ai,200,0.00508043647428378,0.2777777777777778,3154.275169192724,0.05,150,5,0.15444444444444444,0.021227033256593704,0.05886397483619039,0.0
mtd_ai,200,0.00508043647428378,0.36585365853658536,4150.894876486847,0.1,150,5,0.15444444444444444,0.021227033256593704,0.05886397483619039,0.0
mtd_ai,200,0.00508043647428378,0.4326923076923077,4786.38637588546,0.15,150,5,0.15444444444444444,0.021227033256593704,0.05886397483619039,0.0
mtd_ai,200,0.00508043647428378,0.46875,5477.763457101461,0.2,150,5,0.15444444444444444,0.021227033256593704,0.05886397483619039,0.0
mtd_ai,200,0.00508043647428378,0.5136986301369864,5861.308778826812,0.25,150,5,0.15444444444444444,0.021227033256593704,0.05886397483619039,0.0
mtd_ai,200,0.005038214444745116,0.32608695652173914,2221.529998693637,0.05,150,5,0.21428571428571427,0.7363952759859194,0.5747755009039763,-6.181818181818182
mtd_ai,200,0.005038214444745116,0.36585365853658536,4041.1264730105377,0.1,150,5,0.21428571428571427,0.7363952759859194,0.5747755009039763,-6.181818181818182
mtd_ai,200,0.005038214444745116,0.4166666666666667,4821.151028721966,0.15,150,5,0.21428571428571427,0.7363952759859194,0.5747755009039763,-6.181818181818182
mtd_ai,200,0.005038214444745116,0.46153846153846156,5537.864985306003,0.2,150,5,0.21428571428571427,0.7363952759859194,0.5747755009039763,-6.181818181818182
mtd_ai,200,0.005038214444745116,0.487012987012987,6299.840629870263,0.25,150,5,0.21428571428571427,0.7363952759859194,0.5747755009039763,-6.181818181818182
mtd_ai,200,0.005060608320002821,0.25862068965517243,3290.4073628136102,0.05,150,5,0.11333333333333333,0.36646927899434373,1.3772010633530978,0.0
mtd_ai,200,0.005060608320002821,0.3125,4747.998289832056,0.1,150,5,0.11333333333333333,0.36646927899434373,1.3772010633530978,0.0
mtd_ai,200,0.005060608320002821,0.4017857142857143,5121.574190626165,0.15,150,5,0.11333333333333333,0.36646927899434373,1.3772010633530978,0.0
mtd_ai,200,0.005060608320002821,0.4166666666666667,6456.677374444136,0.2,150,5,0.11333333333333333,0.36646927899434373,1.3772010633530978,0.0
mtd_ai,200,0.005060608320002821,0.45180722891566266,6954.475323680435,0.25,150,5,0.11333333333333333,0.36646927899434373,1.3772010633530978,0.0
mtd_ai,200,0.0050712398620377285,0.3,2438.769334685636,0.05,150,5,0.13027777777777777,0.8562002257559007,3.18335555362671,0.0
mtd_ai,200,0.0050712398620377285,0.4166666666666667,3113.838823959485,0.1,150,5,0.13027777777777777,0.8562002257559007,3.18335555362671,0.0
mtd_ai,200,0.0050712398620377285,0.4017857142857143,5461.440815526911,0.15,150,5,0.13027777777777777,0.8562002257559007,3.18335555362671,0.0
mtd_ai,200,0.0050712398620377285,0.42857142857142855,6113.18045484804,0.2,150,5,0.13027777777777777,0.8562002257559007,3.18335555362671,0.0
mtd_ai,200,0.0050712398620377285,0.46875,6511.243270953366,0.25,150,5,0.13027777777777777,0.8562002257559007,3.18335555362671,0.0
mtd_ai,200,0.005063106042929225,0.25862068965517243,2425.4392572170973,0.05,150,5,0.07692307692307693,0.813080987442629,3.6031865168203776,0.0
mtd_ai,200,0.005063106042929225,0.28846153846153844,5050.584468213022,0.1,150,5,0.07692307692307693,0.813080987442629,3.6031865168203776,0.0
mtd_ai,200,0.005063106042929225,0.34615384615384615,5833.410479771284,0.15,150,5,0.07692307692307693,0.813080987442629,3.6031865168203776,0.0
mtd_ai,200,0.005063106042929225,0.3614457831325301,6647.956744295923,0.2,150,5,0.07692307692307693,0.813080987442629,3.6031865168203776,0.0
mtd_ai,200,0.005063106042929225,0.4076086956521739,7078.817185545386,0.25,150,5,0.07692307692307693,0.813080987442629,3.6031865168203776,0.0
mtd_ai,200,0.005058845970308775,0.20270270270270271,2523.4694000895597,0.05,150,5,0.09777777777777777,0.03471017697848098,0.14647399190113183,0.0
mtd_ai,200,0.005058845970308775,0.28846153846153844,3588.3241312873606,0.1,150,5,0.09777777777777777,0.03471017697848098,0.14647399190113183,0.0
mtd_ai,200,0.005058845970308775,0.32608695652173914,5561.383599515191,0.15,150,5,0.09777777777777777,0.03471017697848098,0.14647399190113183,0.0
mtd_ai,200,0.005058845970308775,0.36585365853658536,6262.010300180883,0.2,150,5,0.09777777777777777,0.03471017697848098,0.14647399190113183,0.0
mtd_ai,200,0.005058845970308775,0.39473684210526316,7266.438430133596,0.25,150,5,0.09777777777777777,0.03471017697848098,0.14647399190113183,0.0
mtd_ai,200,0.005073667662869181,0.39473684210526316,1876.37177452433,0.05,150,5,0.12587301587301586,8.204712318462663,3.034775433543417,0.0
mtd_ai,200,0.005073667662869181,0.39473684210526316,3762.1903470526986,0.1,150,5,0.12587301587301586,8.204712318462663,3.034775433543417,0.0
mtd_ai,200,0.005073667662869181,0.45918367346938777,4809.558049901485,0.15,150,5,0.12587301587301586,8.204712318462663,3.034775433543417,0.0
mtd_ai,200,0.005073667662869181,0.45454545454545453,5740.6955753307375,0.2,150,5,0.12587301587301586,8.204712318462663,3.034775433543417,0.0
mtd_ai,200,0.005073667662869181,0.5067567567567568,6045.050009889347,0.25,150,5,0.12587301587301586,8.204712318462663,3.034775433543417,0.0
mtd_ai,200,0.005066564701859742,0.3409090909090909,2017.468462892085,0.05,150,5,0.11583333333333333,1.005563234543604,2.4174959778345433,0.0
mtd_ai,200,0.005066564701859742,0.3488372093023256,3520.9598858944546,0.1,150,5,0.11583333333333333,1.005563234543604,2.4174959778345433,0.0
mtd_ai,200,0.005066564701859742,0.4326923076923077,4044.752827504093,0.15,150,5,0.11583333333333333,1.005563234543604,2.4174959778345433,0.0
mtd_ai,200,0.005066564701859742,0.42857142857142855,5107.034520222766,0.2,150,5,0.11583333333333333,1.005563234543604,2.4174959778345433,0.0
mtd_ai,200,0.005066564701859742,0.46875,5684.08963652128,0.25,150,5,0.11583333333333333,1.005563234543604,2.4174959778345433,0.0
mtd_ai,200,0.00507283393101899,0.3125,2218.8042415988502,0.05,150,5,0.125,0.6779233112625405,0.8488557207700159,0.0
mtd_ai,200,0.00507283393101899,0.3488372093023256,3156.532700729542,0.1,150,5,0.125,0.6779233112625405,0.8488557207700159,0.0
mtd_ai,200,0.00507283393101899,0.4090909090909091,3826.7433389977878,0.15,150,5,0.125,0.6779233112625405,0.8488557207700159,0.0
mtd_ai,200,0.00507283393101899,0.40540540540540543,4734.064810353413,0.2,150,5,0.125,0.6779233112625405,0.8488557207700159,0.0
mtd_ai,200,0.00507283393101899,0.42134831460674155,5922.518349190988,0.25,150,5,0.125,0.6779233112625405,0.8488557207700159,0.0
mtd_ai,200,0.005072955841629148,0.3409090909090909,1662.4427504906869,0.05,150,5,0.21052631578947367,0.23665099641204812,1.0248620629809573,0.0
mtd_ai,200,0.005072955841629148,0.38461538461538464,3042.870927793336,0.1,150,5,0.21052631578947367,0.23665099641204812,1.0248620629809573,0.0
mtd_ai,200,0.005072955841629148,0.3629032258064516,4241.958697363954,0.15,150,5,0.21052631578947367,0.23665099641204812,1.0248620629809573,0.0
mtd_ai,200,0.005072955841629148,0.3614457831325301,5939.392122245,0.2,150,5,0.21052631578947367,0.23665099641204812,1.0248620629809573,0.0
mtd_ai,200,0.005072955841629148,0.4032258064516129,6235.423439392996,0.25,150,5,0.21052631578947367,0.23665099641204812,1.0248620629809573,0.0
mtd_ai,200,0.005073330122355154,0.2777777777777778,2930.1489408003895,0.05,150,5,0.11111111111111109,0.33636146201313977,0.942168522144284,0.0
mtd_ai,200,0.005073330122355154,0.375,3576.75476083726,0.1,150,5,0.11111111111111109,0.33636146201313977,0.942168522144284,0.0
mtd_ai,200,0.005073330122355154,0.45,4035.9975908031615,0.15,150,5,0.11111111111111109,0.33636146201313977,0.942168522144284,0.0
mtd_ai,200,0.005073330122355154,0.46875,4657.247733822651,0.2,150,5,0.11111111111111109,0.33636146201313977,0.942168522144284,0.0
mtd_ai,200,0.005073330122355154,0.487012987012987,5230.337385923063,0.25,150,5,0.11111111111111109,0.33636146201313977,0.942168522144284,0.0
mtd_ai,200,0.005049450156398283,0.20833333333333334,3504.8847672130637,0.05,150,5,0.11166666666666666,0.6692778984217297,2.108701616843525,0.0
mtd_ai,200,0.005049450156398283,0.25862068965517243,5317.701589141119,0.1,150,5,0.11166666666666666,0.6692778984217297,2.108701616843525,0.0
mtd_ai,200,0.005049450156398283,0.3125,6131.424868738343,0.15,150,5,0.11166666666666666,0.6692778984217297,2.108701616843525,0.0
mtd_ai,200,0.005049450156398283,0.3614457831325301,6764.794504162386,0.2,150,5,0.11166666666666666,0.6692778984217297,2.108701616843525,0.0
mtd_ai,200,0.005049450156398283,0.35377358490566035,7688.197609206726,0.25,150,5,0.11166666666666666,0.6692778984217297,2.108701616843525,0.0
mtd_ai,200,0.005074606187952621,0.39473684210526316,2072.1312491051594,0.05,150,5,0.12833333333333333,0.009752336535532539,0.031570656106623685,0.0
mtd_ai,200,0.005074606187952621,0.45454545454545453,2727.595700125953,0.1,150,5,0.12833333333333333,0.009752336535532539,0.031570656106623685,0.0
mtd_ai,200,0.005074606187952621,0.42452830188679247,3854.2781573391953,0.15,150,5,0.12833333333333333,0.009752336535532539,0.031570656106623685,0.0
mtd_ai,200,0.005074606187952621,0.42857142857142855,5052.341277783573,0.2,150,5,0.12833333333333333,0.009752336535532539,0.031570656106623685,0.0
mtd_ai,200,0.005074606187952621,0.4807692307692308,5465.572346353074,0.25,150,5,0.12833333333333333,0.009752336535532539,0.031570656106623685,0.0
mtd_ai,200,0.005056025223149953,0.35714285714285715,1582.1074606965626,0.05,150,5,0.14285714285714285,0.504081953793241,0.8410092076524994,0.0
mtd_ai,200,0.005056025223149953,0.375,3095.337312620509,0.1,150,5,0.14285714285714285,0.504081953793241,0.8410092076524994,0.0
mtd_ai,200,0.005056025223149953,0.3629032258064516,4708.04328098109,0.15,150,5,0.14285714285714285,0.504081953793241,0.8410092076524994,0.0
mtd_ai,200,0.005056025223149953,0.410958904109589,5360.861958892736,0.2,150,5,0.14285714285714285,0.504081953793241,0.8410092076524994,0.0
mtd_ai,200,0.005056025223149953,0.4032258064516129,7033.260955879035,0.25,150,5,0.14285714285714285,0.504081953793241,0.8410092076524994,0.0
mtd_ai,200,0.005055426212715571,0.234375,3266.2220034688817,0.05,150,5,0.21428571428571427,0.42211268627097687,1.8463257752485278,0.0
mtd_ai,200,0.005055426212715571,0.3,4370.437860958892,0.1,150,5,0.21428571428571427,0.42211268627097687,1.8463257752485278,0.0
mtd_ai,200,0.005055426212715571,0.35714285714285715,5430.843606368962,0.15,150,5,0.21428571428571427,0.42211268627097687,1.8463257752485278,0.0
mtd_ai,200,0.005055426212715571,0.38961038961038963,6397.6489836089495,0.2,150,5,0.21428571428571427,0.42211268627097687,1.8463257752485278,0.0
mtd_ai,200,0.005055426212715571,0.42134831460674155,6832.259204814755,0.25,150,5,0.21428571428571427,0.42211268627097687,1.8463257752485278,0.0
mtd_ai,200,0.005060725886709564,0.35714285714285715,1963.1876045690415,0.05,150,5,0.16127777777777777,0.0075595047098905264,0.023028863104300176,0.0
mtd_ai,200,0.005060725886709564,0.35714285714285715,4004.3716309161296,0.1,150,5,0.16127777777777777,0.0075595047098905264,0.023028863104300176,0.0
mtd_ai,200,0.005060725886709564,0.42452830188679247,4684.597106148834,0.15,150,5,0.16127777777777777,0.0075595047098905264,0.023028863104300176,0.0
mtd_ai,200,0.005060725886709564,0.4411764705882353,5658.687964676112,0.2,150,5,0.16127777777777777,0.0075595047098905264,0.023028863104300176,0.0
mtd_ai,200,0.005060725886709564,0.436046511627907,7340.335015836174,0.25,150,5,0.16127777777777777,0.0075595047098905264,0.023028863104300176,0.0
mtd_ai,200,0.005049524640842338,0.25,2094.4984540452606,0.05,150,5,0.14200000000000002,0.12712148734455261,0.5216112823326814,0.0
mtd_ai,200,0.005049524640842338,0.32608695652173914,3175.714187836608,0.1,150,5,0.14200000000000002,0.12712148734455261,0.5216112823326814,0.0
mtd_ai,200,0.005049524640842338,0.32608695652173914,4622.38031493724,0.15,150,5,0.14200000000000002,0.12712148734455261,0.5216112823326814,0.0
mtd_ai,200,0.005049524640842338,0.37037037037037035,5094.457723405059,0.2,150,5,0.14200000000000002,0.12712148734455261,0.5216112823326814,0.0
mtd_ai,200,0.005049524640842338,0.2757352941176471,7546.593594195996,0.25,150,5,0.14200000000000002,0.12712148734455261,0.5216112823326814,0.0
mtd_ai,200,0.005068351474974745,0.4166666666666667,2091.4530558293222,0.05,150,5,0.13182539682539685,0.5922969588957352,1.2699243277236447,0.0
mtd_ai,200,0.005068351474974745,0.5172413793103449,3072.5554981379637,0.1,150,5,0.13182539682539685,0.5922969588957352,1.2699243277236447,0.0
mtd_ai,200,0.005068351474974745,0.5357142857142857,4131.363515844463,0.15,150,5,0.13182539682539685,0.5922969588957352,1.2699243277236447,0.0
mtd_ai,200,0.005068351474974745,0.5172413793103449,5627.132790273421,0.2,150,5,0.13182539682539685,0.5922969588957352,1.2699243277236447,0.0
mtd_ai,200,0.005068351474974745,0.5208333333333334,6260.269101305881,0.25,150,5,0.13182539682539685,0.5922969588957352,1.2699243277236447,0.0
mtd_ai,200,0.0050262668317509075,0.3,2494.2614515558416,0.05,150,5,0.125,0.606044292214675,2.697101099220769,-3.268292682926829
mtd_ai,200,0.0050262668317509075,0.3125,4316.535145815004,0.1,150,5,0.125,0.606044292214675,2.697101099220769,-3.268292682926829
mtd_ai,200,0.0050262668317509075,0.3879310344827586,4719.351351674433,0.15,150,5,0.125,0.606044292214675,2.697101099220769,-3.268292682926829
mtd_ai,200,0.0050262668317509075,0.4225352112676056,5708.441400602167,0.2,150,5,0.125,0.606044292214675,2.697101099220769,-3.268292682926829
mtd_ai,200,0.0050262668317509075,0.42613636363636365,7569.89450853646,0.25,150,5,0.125,0.606044292214675,2.697101099220769,-3.268292682926829
mtd_ai,200,0.005044293764129989,0.3,2727.390781195617,0.05,150,5,0.1338888888888889,0.8352923577375762,2.7001943213581616,4.964285714285714
mtd_ai,200,0.005044293764129989,0.375,4417.677420627657,0.1,150,5,0.1338888888888889,0.8352923577375762,2.7001943213581616,4.964285714285714
mtd_ai,200,0.005044293764129989,0.45,4783.916111628333,0.15,150,5,0.1338888888888889,0.8352923577375762,2.7001943213581616,4.964285714285714
mtd_ai,200,0.005044293764129989,0.4918032786885246,5405.048000941002,0.2,150,5,0.1338888888888889,0.8352923577375762,2.7001943213581616,4.964285714285714
mtd_ai,200,0.005044293764129989,0.47468354430379744,6581.011312021821,0.25,150,5,0.1338888888888889,0.8352923577375762,2.7001943213581616,4.964285714285714
mtd_ai,200,0.00506772482548502,0.3,2693.9466059254464,0.05,150,5,0.11,0.6009680267606489,1.739265930707567,0.0
mtd_ai,200,0.00506772482548502,0.375,4058.113107912939,0.1,150,5,0.11,0.6009680267606489,1.739265930707567,0.0
mtd_ai,200,0.00506772482548502,0.4326923076923077,4772.264673868553,0.15,150,5,0.11,0.6009680267606489,1.739265930707567,0.0
mtd_ai,200,0.00506772482548502,0.46153846153846156,5555.229935597806,0.2,150,5,0.11,0.6009680267606489,1.739265930707567,0.0
mtd_ai,200,0.00506772482548502,0.4573170731707317,6591.625304374778,0.25,150,5,0.11,0.6009680267606489,1.739265930707567,0.0
mtd_ai,200,0.005027508951749493,0.26785714285714285,3406.250905226144,0.05,150,5,0.13255555555555557,0.3259467922358013,1.1634988963322848,0.0
mtd_ai,200,0.005027508951749493,0.3409090909090909,4601.580255542594,0.1,150,5,0.13255555555555557,0.3259467922358013,1.1634988963322848,0.0
mtd_ai,200,0.005027508951749493,0.4166666666666667,5181.172709595639,0.15,150,5,0.13255555555555557,0.3259467922358013,1.1634988963322848,0.0
mtd_ai,200,0.005027508951749493,0.43478260869565216,5972.721540559108,0.2,150,5,0.13255555555555557,0.3259467922358013,1.1634988963322848,0.0
mtd_ai,200,0.005027508951749493,0.42613636363636365,6990.491262074271,0.25,150,5,0.13255555555555557,0.3259467922358013,1.1634988963322848,0.0
mtd_ai,200,0.005062823746169404,0.3,2294.925913314245,0.05,150,5,0.17666666666666667,1.3531316485391371,4.088774791406188,0.0
mtd_ai,200,0.005062823746169404,0.32608695652173914,4615.172787726902,0.1,150,5,0.17666666666666667,1.3531316485391371,4.088774791406188,0.0
mtd_ai,200,0.005062823746169404,0.4017857142857143,5294.804318372895,0.15,150,5,0.17666666666666667,1.3531316485391371,4.088774791406188,0.0
mtd_ai,200,0.005062823746169404,0.46153846153846156,5690.491515859219,0.2,150,5,0.17666666666666667,1.3531316485391371,4.088774791406188,0.0
mtd_ai,200,0.005062823746169404,0.44642857142857145,6493.5738112704,0.25,150,5,0.17666666666666667,1.3531316485391371,4.088774791406188,0.0
mtd_ai,200,0.005055805118538593,0.375,1446.3835837378303,0.05,150,5,0.1311111111111111,0.19780524066109068,0.666036447949804,0.0
mtd_ai,200,0.005055805118538593,0.36585365853658536,2766.090614850553,0.1,150,5,0.1311111111111111,0.19780524066109068,0.666036447949804,0.0
mtd_ai,200,0.005055805118538593,0.3629032258064516,4566.78956312439,0.15,150,5,0.1311111111111111,0.19780524066109068,0.666036447949804,0.0
mtd_ai,200,0.005055805118538593,0.40540540540540543,5319.278319742845,0.2,150,5,0.1311111111111111,0.19780524066109068,0.666036447949804,0.0
mtd_ai,200,0.005055805118538593,0.4032258064516129,7318.065126536933,0.25,150,5,0.1311111111111111,0.19780524066109068,0.666036447949804,0.0
mtd_ai,200,0.005086388457387623,0.32608695652173914,1783.043642921987,0.05,150,5,0.1627777777777778,0.019226132328267934,0.03156494869248495,0.0
mtd_ai,200,0.005086388457387623,0.4166666666666667,2575.4701549989504,0.1,150,5,0.1627777777777778,0.019226132328267934,0.03156494869248495,0.0
mtd_ai,200,0.005086388457387623,0.46875,3550.2886758997474,0.15,150,5,0.1627777777777778,0.019226132328267934,0.03156494869248495,0.0
mtd_ai,200,0.005086388457387623,0.47619047619047616,4538.210360039507,0.2,150,5,0.1627777777777778,0.019226132328267934,0.03156494869248495,0.0
mtd_ai,200,0.005086388457387623,0.4934210526315789,5465.957086600314,0.25,150,5,0.1627777777777778,0.019226132328267934,0.03156494869248495,0.0
mtd_ai,200,0.00510019387611524,0.35714285714285715,1794.0568323924585,0.05,150,5,0.1,0.9110272405765881,3.434833808889605,0.0
mtd_ai,200,0.00510019387611524,0.4166666666666667,2707.943898530964,0.1,150,5,0.1,0.9110272405765881,3.434833808889605,0.0
mtd_ai,200,0.00510019387611524,0.46875,3475.853120231269,0.15,150,5,0.1,0.9110272405765881,3.434833808889605,0.0
mtd_ai,200,0.00510019387611524,0.4918032786885246,4023.7020391520464,0.2,150,5,0.1,0.9110272405765881,3.434833808889605,0.0
mtd_ai,200,0.00510019387611524,0.5136986301369864,4637.392301708852,0.25,150,5,0.1,0.9110272405765881,3.434833808889605,0.0
mtd_ai,200,0.005061063791677516,0.19230769230769232,3900.3394270583053,0.05,150,5,0.08022222222222222,0.2500449128033133,0.7905422634808047,0.0
mtd_ai,200,0.005061063791677516,0.28846153846153844,4725.490264521111,0.1,150,5,0.08022222222222222,0.2500449128033133,0.7905422634808047,0.0
mtd_ai,200,0.005061063791677516,0.3813559322033898,5000.983000511365,0.15,150,5,0.08022222222222222,0.2500449128033133,0.7905422634808047,0.0
mtd_ai,200,0.005061063791677516,0.38461538461538464,6067.075018945528,0.2,150,5,0.08022222222222222,0.2500449128033133,0.7905422634808047,0.0
mtd_ai,200,0.005061063791677516,0.4166666666666667,6808.726915951,0.25,150,5,0.08022222222222222,0.2500449128033133,0.7905422634808047,0.0
mtd_ai,200,0.005066068036768419,0.234375,2892.642300396423,0.05,150,5,0.18088888888888888,2.563638899364511,6.016243985239297,0.0
mtd_ai,200,0.005066068036768419,0.3333333333333333,3693.869931933599,0.1,150,5,0.18088888888888888,2.563638899364511,6.016243985239297,0.0
mtd_ai,200,0.005066068036768419,0.3813559322033898,5011.739413775269,0.15,150,5,0.18088888888888888,2.563638899364511,6.016243985239297,0.0
mtd_ai,200,0.005066068036768419,0.4225352112676056,5754.18330885951,0.2,150,5,0.18088888888888888,2.563638899364511,6.016243985239297,0.0
mtd_ai,200,0.005066068036768419,0.46296296296296297,6094.205695411314,0.25,150,5,0.18088888888888888,2.563638899364511,6.016243985239297,0.0
mtd_ai,200,0.005050232536244344,0.39473684210526316,1834.112101256993,0.05,150,5,0.1322222222222222,0.560782885475256,1.5609309325195562,0.0
mtd_ai,200,0.005050232536244344,0.21428571428571427,5290.120817488612,0.1,150,5,0.1322222222222222,0.560782885475256,1.5609309325195562,0.0
mtd_ai,200,0.005050232536244344,0.26785714285714285,6570.44552961089,0.15,150,5,0.1322222222222222,0.560782885475256,1.5609309325195562,0.0
mtd_ai,200,0.005050232536244344,0.3157894736842105,7217.109923305824,0.2,150,5,0.1322222222222222,0.560782885475256,1.5609309325195562,0.0
mtd_ai,200,0.005050232536244344,0.35046728971962615,7738.344794735716,0.25,150,5,0.1322222222222222,0.560782885475256,1.5609309325195562,0.0
mtd_ai,200,0.005067230137041539,0.2777777777777778,2207.5049796751136,0.05,150,5,0.12333333333333334,0.9732784114307281,3.91031624678976,0.0
mtd_ai,200,0.005067230137041539,0.3409090909090909,3599.5299388469434,0.1,150,5,0.12333333333333334,0.9732784114307281,3.91031624678976,0.0
mtd_ai,200,0.005067230137041539,0.36885245901639346,5091.3341733903,0.15,150,5,0.12333333333333334,0.9732784114307281,3.91031624678976,0.0
mtd_ai,200,0.005067230137041539,0.4225352112676056,5849.361200483456,0.2,150,5,0.12333333333333334,0.9732784114307281,3.91031624678976,0.0
mtd_ai,200,0.005067230137041539,0.42134831460674155,6764.878901015019,0.25,150,5,0.12333333333333334,0.9732784114307281,3.91031624678976,0.0
mtd_ai,200,0.005044670478593128,0.375,1795.6879693541466,0.05,150,5,0.13222222222222224,1.8513882218927995,5.16566732175773,0.0
mtd_ai,200,0.005044670478593128,0.40540540540540543,3441.7711845353924,0.1,150,5,0.13222222222222224,1.8513882218927995,5.16566732175773,0.0
mtd_ai,200,0.005044670478593128,0.4166666666666667,5227.197193782792,0.15,150,5,0.13222222222222224,1.8513882218927995,5.16566732175773,0.0
mtd_ai,200,0.005044670478593128,0.46875,5631.495622903131,0.2,150,5,0.13222222222222224,1.8513882218927995,5.16566732175773,0.0
mtd_ai,200,0.005044670478593128,0.4807692307692308,6234.297290832055,0.25,150,5,0.13222222222222224,1.8513882218927995,5.16566732175773,0.0
mtd_ai,200,0.0050728282797575085,0.35714285714285715,1963.2342825593453,0.05,150,5,0.17644444444444446,0.47350389025759504,1.749145982089347,0.0
mtd_ai,200,0.0050728282797575085,0.375,3470.047636293859,0.1,150,5,0.17644444444444446,0.47350389025759504,1.749145982089347,0.0
mtd_ai,200,0.0050728282797575085,0.42452830188679247,4206.290329819056,0.15,150,5,0.17644444444444446,0.47350389025759504,1.749145982089347,0.0
mtd_ai,200,0.0050728282797575085,0.44776119402985076,4791.271619339588,0.2,150,5,0.17644444444444446,0.47350389025759504,1.749145982089347,0.0
mtd_ai,200,0.0050728282797575085,0.4573170731707317,5582.450616791672,0.25,150,5,0.17644444444444446,0.47350389025759504,1.749145982089347,0.0
mtd_ai,200,0.005045730328798844,0.46875,1289.7635106774073,0.05,150,5,0.12,1.8257157001660533,3.1358100097857915,0.0
mtd_ai,200,0.005045730328798844,0.40540540540540543,3168.423345950401,0.1,150,5,0.12,1.8257157001660533,3.1358100097857915,0.0
mtd_ai,200,0.005045730328798844,0.4017857142857143,5013.864964007248,0.15,150,5,0.12,1.8257157001660533,3.1358100097857915,0.0
mtd_ai,200,0.005045730328798844,0.45454545454545453,5748.630601587999,0.2,150,5,0.12,1.8257157001660533,3.1358100097857915,0.0
mtd_ai,200,0.005045730328798844,0.5067567567567568,5954.343300751845,0.25,150,5,0.12,1.8257157001660533,3.1358100097857915,0.0
mtd_ai,200,0.0050495274773343975,0.32608695652173914,2328.079725221449,0.05,150,5,0.12,3.111567900744031,5.064163825911487,0.0
mtd_ai,200,0.0050495274773343975,0.39473684210526316,3553.8866912603307,0.1,150,5,0.12,3.111567900744031,5.064163825911487,0.0
mtd_ai,200,0.0050495274773343975,0.4166666666666667,4787.968111239332,0.15,150,5,0.12,3.111567900744031,5.064163825911487,0.0
mtd_ai,200,0.0050495274773343975,0.46875,5286.147055120036,0.2,150,5,0.12,3.111567900744031,5.064163825911487,0.0
mtd_ai,200,0.0050495274773343975,0.5067567567567568,5738.98821935993,0.25,150,5,0.12,3.111567900744031,5.064163825911487,0.0
mtd_ai,200,0.005072636494440274,0.22727272727272727,3362.9398914551566,0.05,150,5,0.15789473684210525,0.9161260270883553,2.197693982293647,0.0
mtd_ai,200,0.005072636494440274,0.3191489361702128,4369.3055396519285,0.1,150,5,0.15789473684210525,0.9161260270883553,2.197693982293647,0.0
mtd_ai,200,0.005072636494440274,0.39473684210526316,5088.783781188238,0.15,150,5,0.15789473684210525,0.9161260270883553,2.197693982293647,0.0
mtd_ai,200,0.005072636494440274,0.4411764705882353,5696.351073548353,0.2,150,5,0.15789473684210525,0.9161260270883553,2.197693982293647,0.0
mtd_ai,200,0.005072636494440274,0.4934210526315789,6015.529292138598,0.25,150,5,0.15789473684210525,0.9161260270883553,2.197693982293647,0.0
mtd_ai,200,0.005047710883939029,0.3125,2425.6261512527053,0.05,150,5,0.09422222222222223,1.5975053013029639,5.167375332480746,0.0
mtd_ai,200,0.005047710883939029,0.40540540540540543,3189.2012412834956,0.1,150,5,0.09422222222222223,1.5975053013029639,5.167375332480746,0.0
mtd_ai,200,0.005047710883939029,0.45918367346938777,3780.058832495646,0.15,150,5,0.09422222222222223,1.5975053013029639,5.167375332480746,0.0
mtd_ai,200,0.005047710883939029,0.46875,4723.026506048398,0.2,150,5,0.09422222222222223,1.5975053013029639,5.167375332480746,0.0
mtd_ai,200,0.005047710883939029,0.5,5578.960821078745,0.25,150,5,0.09422222222222223,1.5975053013029639,5.167375332480746,0.0
mtd_ai,200,0.005069925300011366,0.25,3517.0993170107176,0.05,150,5,0.158,2.1410625593317016,4.216812036024134,0.0
mtd_ai,200,0.005069925300011366,0.32608695652173914,4628.583852377662,0.1,150,5,0.158,2.1410625593317016,4.216812036024134,0.0
mtd_ai,200,0.005069925300011366,0.34615384615384615,5451.442266755595,0.15,150,5,0.158,2.1410625593317016,4.216812036024134,0.0
mtd_ai,200,0.005069925300011366,0.39473684210526316,5899.2712854010815,0.2,150,5,0.158,2.1410625593317016,4.216812036024134,0.0
mtd_ai,200,0.005069925300011366,0.44642857142857145,6460.302086971666,0.25,150,5,0.158,2.1410625593317016,4.216812036024134,0.0
mtd_ai,200,0.00506976296659678,0.3409090909090909,2120.65963456233,0.05,150,5,0.13793103448275862,0.04407827811906524,0.15603809799957086,0.0
mtd_ai,200,0.00506976296659678,0.375,3780.2255971160694,0.1,150,5,0.13793103448275862,0.04407827811906524,0.15603809799957086,0.0
mtd_ai,200,0.00506976296659678,0.42452830188679247,4403.937829207378,0.15,150,5,0.13793103448275862,0.04407827811906524,0.15603809799957086,0.0
mtd_ai,200,0.00506976296659678,0.44776119402985076,5201.266718618057,0.2,150,5,0.13793103448275862,0.04407827811906524,0.15603809799957086,0.0
mtd_ai,200,0.00506976296659678,0.4411764705882353,6068.295560660051,0.25,150,5,0.13793103448275862,0.04407827811906524,0.15603809799957086,0.0
mtd_ai,200,0.005059197559020192,0.46875,1442.2305936828302,0.05,150,5,0.0875,4.9737848006675085,6.397690277395114,0.0
mtd_ai,200,0.005059197559020192,0.4411764705882353,2977.3299601305475,0.1,150,5,0.0875,4.9737848006675085,6.397690277395114,0.0
mtd_ai,200,0.005059197559020192,0.4891304347826087,3891.4128032932454,0.15,150,5,0.0875,4.9737848006675085,6.397690277395114,0.0
mtd_ai,200,0.005059197559020192,0.5172413793103449,4466.167866644921,0.2,150,5,0.0875,4.9737848006675085,6.397690277395114,0.0
mtd_ai,200,0.005059197559020192,0.5597014925373134,4773.5328595924675,0.25,150,5,0.0875,4.9737848006675085,6.397690277395114,0.0
mtd_ai,200,0.005045374295332011,0.375,1894.677472778189,0.05,150,5,0.1,0.3693882470351368,1.1052283356082309,4.884615384615385
mtd_ai,200,0.005045374295332011,0.40540540540540543,3395.481984087121,0.1,150,5,0.1,0.3693882470351368,1.1052283356082309,4.884615384615385
mtd_ai,200,0.005045374295332011,0.45918367346938777,4311.499223378409,0.15,150,5,0.1,0.3693882470351368,1.1052283356082309,4.884615384615385
mtd_ai,200,0.005045374295332011,0.4838709677419355,5056.84072846331,0.2,150,5,0.1,0.3693882470351368,1.1052283356082309,4.884615384615385
mtd_ai,200,0.005045374295332011,0.528169014084507,5568.554835853705,0.25,150,5,0.1,0.3693882470351368,1.1052283356082309,4.884615384615385
mtd_ai,200,0.005041199538240473,0.46875,1415.01234115642,0.05,150,5,0.125,0.3116992964763905,0.8085343717346654,5.1923076923076925
mtd_ai,200,0.005041199538240473,0.39473684210526316,3388.329694838751,0.1,150,5,0.125,0.3116992964763905,0.8085343717346654,5.1923076923076925
mtd_ai,200,0.005041199538240473,0.45918367346938777,4173.270828928908,0.15,150,5,0.125,0.3116992964763905,0.8085343717346654,5.1923076923076925
mtd_ai,200,0.005041199538240473,0.45454545454545453,5208.553873382141,0.2,150,5,0.125,0.3116992964763905,0.8085343717346654,5.1923076923076925
mtd_ai,200,0.005041199538240473,0.4807692307692308,6157.458400165751,0.25,150,5,0.125,0.3116992964763905,0.8085343717346654,5.1923076923076925
mtd_ai,200,0.005044294072798112,0.375,2050.8247008815424,0.05,150,5,0.16176470588235295,1.645822104633718,5.476924148237797,0.0
mtd_ai,200,0.005044294072798112,0.4166666666666667,3538.3843941057867,0.1,150,5,0.16176470588235295,1.645822104633718,5.476924148237797,0.0
mtd_ai,200,0.005044294072798112,0.45,4459.665571641164,0.15,150,5,0.16176470588235295,1.645822104633718,5.476924148237797,0.0
mtd_ai,200,0.005044294072798112,0.47619047619047616,4973.89211929154,0.2,150,5,0.16176470588235295,1.645822104633718,5.476924148237797,0.0
mtd_ai,200,0.005044294072798112,0.5,6093.975795610455,0.25,150,5,0.16176470588235295,1.645822104633718,5.476924148237797,0.0
mtd_ai,200,0.005079796748211615,0.4166666666666667,1308.430025454528,0.05,150,5,0.20833333333333334,0.43758568920688456,0.8883829439569628,0.0
mtd_ai,200,0.005079796748211615,0.36585365853658536,2978.53069289627,0.1,150,5,0.20833333333333334,0.43758568920688456,0.8883829439569628,0.0
mtd_ai,200,0.005079796748211615,0.4326923076923077,3836.0205875573774,0.15,150,5,0.20833333333333334,0.43758568920688456,0.8883829439569628,0.0
mtd_ai,200,0.005079796748211615,0.46875,4761.924711999825,0.2,150,5,0.20833333333333334,0.43758568920688456,0.8883829439569628,0.0
mtd_ai,200,0.005079796748211615,0.4934210526315789,5606.802219489447,0.25,150,5,0.20833333333333334,0.43758568920688456,0.8883829439569628,0.0
mtd_ai,200,0.0050471799018981115,0.39473684210526316,1842.4837292128875,0.05,150,5,0.10777777777777779,1.2001393299784777,2.9702459647368746,0.0
mtd_ai,200,0.0050471799018981115,0.40540540540540543,3453.5653460969206,0.1,150,5,0.10777777777777779,1.2001393299784777,2.9702459647368746,0.0
mtd_ai,200,0.0050471799018981115,0.42452830188679247,5044.9464576249065,0.15,150,5,0.10777777777777779,1.2001393299784777,2.9702459647368746,0.0
mtd_ai,200,0.0050471799018981115,0.4411764705882353,5788.905483988268,0.2,150,5,0.10777777777777779,1.2001393299784777,2.9702459647368746,0.0
mtd_ai,200,0.0050471799018981115,0.487012987012987,6218.657250937449,0.25,150,5,0.10777777777777779,1.2001393299784777,2.9702459647368746,0.0
mtd_ai,200,0.005074423660558232,0.35714285714285715,2109.485463963309,0.05,150,5,0.11666666666666667,0.6591275568350361,0.6074779025375661,0.0
mtd_ai,200,0.005074423660558232,0.42857142857142855,3185.614488059842,0.1,150,5,0.11666666666666667,0.6591275568350361,0.6074779025375661,0.0
mtd_ai,200,0.005074423660558232,0.45918367346938777,4257.548119197527,0.15,150,5,0.11666666666666667,0.6591275568350361,0.6074779025375661,0.0
mtd_ai,200,0.005074423660558232,0.5,4878.355425623864,0.2,150,5,0.11666666666666667,0.6591275568350361,0.6074779025375661,0.0
mtd_ai,200,0.005074423660558232,0.5434782608695652,5261.231393476804,0.25,150,5,0.11666666666666667,0.6591275568350361,0.6074779025375661,0.0
mtd_ai,200,0.005048578867499173,0.39473684210526316,2095.67289046117,0.05,150,5,0.10688888888888888,2.4394300303531917,0.15345614507771757,0.0
mtd_ai,200,0.005048578867499173,0.39473684210526316,3926.7053514062745,0.1,150,5,0.10688888888888888,2.4394300303531917,0.15345614507771757,0.0
mtd_ai,200,0.005048578867499173,0.45,4724.469757583455,0.15,150,5,0.10688888888888888,2.4394300303531917,0.15345614507771757,0.0
mtd_ai,200,0.005048578867499173,0.46875,5724.616536559889,0.2,150,5,0.10688888888888888,2.4394300303531917,0.15345614507771757,0.0
mtd_ai,200,0.005048578867499173,0.5067567567567568,6303.126868900318,0.25,150,5,0.10688888888888888,2.4394300303531917,0.15345614507771757,0.0
mtd_ai,200,0.005059029946575468,0.21428571428571427,2996.601612328509,0.05,150,5,0.12,0.4928903620157526,1.931842923228236,0.0
mtd_ai,200,0.005059029946575468,0.3125,3683.2271241815847,0.1,150,5,0.12,0.4928903620157526,1.931842923228236,0.0
mtd_ai,200,0.005059029946575468,0.3879310344827586,4442.963789708478,0.15,150,5,0.12,0.4928903620157526,1.931842923228236,0.0
mtd_ai,200,0.005059029946575468,0.4225352112676056,5380.910238354805,0.2,150,5,0.12,0.4928903620157526,1.931842923228236,0.0
mtd_ai,200,0.005059029946575468,0.42613636363636365,7094.16418177113,0.25,150,5,0.12,0.4928903620157526,1.931842923228236,0.0
mtd_ai,200,0.005058593873763271,0.2777777777777778,3214.225761316702,0.05,150,5,0.11111111111111109,0.08790137654481052,0.2448163114705705,0.0
mtd_ai,200,0.005058593873763271,0.29411764705882354,4326.292876772911,0.1,150,5,0.11111111111111109,0.08790137654481052,0.2448163114705705,0.0
mtd_ai,200,0.005058593873763271,0.33088235294117646,5391.085652888438,0.15,150,5,0.11111111111111109,0.08790137654481052,0.2448163114705705,0.0
mtd_ai,200,0.005058593873763271,0.375,6028.814681173958,0.2,150,5,0.11111111111111109,0.08790137654481052,0.2448163114705705,0.0
mtd_ai,200,0.005058593873763271,0.4032258064516129,6431.209663448284,0.25,150,5,0.11111111111111109,0.08790137654481052,0.2448163114705705,0.0
mtd_ai,200,0.005065306063546313,0.3409090909090909,2384.1867696278173,0.05,150,5,0.12833333333333333,0.17547423765343187,0.33245431380048446,0.0
mtd_ai,200,0.005065306063546313,0.3488372093023256,4316.768537144425,0.1,150,5,0.12833333333333333,0.17547423765343187,0.33245431380048446,0.0
mtd_ai,200,0.005065306063546313,0.4090909090909091,5366.332553605531,0.15,150,5,0.12833333333333333,0.17547423765343187,0.33245431380048446,0.0
mtd_ai,200,0.005065306063546313,0.40540540540540543,6375.007768867431,0.2,150,5,0.12833333333333333,0.17547423765343187,0.33245431380048446,0.0
mtd_ai,200,0.005065306063546313,0.4573170731707317,6759.347104975228,0.25,150,5,0.12833333333333333,0.17547423765343187,0.33245431380048446,0.0
mtd_ai,200,0.005068098139822281,0.39473684210526316,2064.612933826923,0.05,150,5,0.16777777777777778,0.18104285563650607,0.5249784805740593,0.0
mtd_ai,200,0.005068098139822281,0.4411764705882353,3077.6586103277295,0.1,150,5,0.16777777777777778,0.18104285563650607,0.5249784805740593,0.0
mtd_ai,200,0.005068098139822281,0.4787234042553192,4038.9127336411652,0.15,150,5,0.16777777777777778,0.18104285563650607,0.5249784805740593,0.0
mtd_ai,200,0.005068098139822281,0.47619047619047616,4896.347875624897,0.2,150,5,0.16777777777777778,0.18104285563650607,0.5249784805740593,0.0
mtd_ai,200,0.005068098139822281,0.487012987012987,5888.393146399024,0.25,150,5,0.16777777777777778,0.18104285563650607,0.5249784805740593,0.0
mtd_ai,200,0.005070997852800935,0.26785714285714285,2636.692697898605,0.05,150,5,0.11966666666666666,0.2706174603493627,1.1013602967406733,0.0
mtd_ai,200,0.005070997852800935,0.35714285714285715,3636.080909579694,0.1,150,5,0.11966666666666666,0.2706174603493627,1.1013602967406733,0.0
mtd_ai,200,0.005070997852800935,0.4166666666666667,4339.034311333674,0.15,150,5,0.11966666666666666,0.2706174603493627,1.1013602967406733,0.0
mtd_ai,200,0.005070997852800935,0.45454545454545453,4840.678715454606,0.2,150,5,0.11966666666666666,0.2706174603493627,1.1013602967406733,0.0
mtd_ai,200,0.005070997852800935,0.47468354430379744,5775.6338428875915,0.25,150,5,0.11966666666666666,0.2706174603493627,1.1013602967406733,0.0
mtd_ai,200,0.0050353724518685675,0.28846153846153844,2025.1101043180042,0.05,150,5,0.12311111111111113,0.6780971547177307,1.6338617577641354,0.0
mtd_ai,200,0.0050353724518685675,0.3125,4590.49600901224,0.1,150,5,0.12311111111111113,0.6780971547177307,1.6338617577641354,0.0
mtd_ai,200,0.0050353724518685675,0.375,5289.068508194606,0.15,150,5,0.12311111111111113,0.6780971547177307,1.6338617577641354,0.0
mtd_ai,200,0.0050353724518685675,0.375,6103.011506010141,0.2,150,5,0.12311111111111113,0.6780971547177307,1.6338617577641354,0.0
mtd_ai,200,0.0050353724518685675,0.35377358490566035,7184.652027545335,0.25,150,5,0.12311111111111113,0.6780971547177307,1.6338617577641354,0.0
mtd_ai,200,0.0050708455182886135,0.2777777777777778,2894.131497746221,0.05,150,5,0.1185185185185185,2.039157724004579,2.4666578280568805,0.0
mtd_ai,200,0.0050708455182886135,0.35714285714285715,3946.888020282532,0.1,150,5,0.1185185185185185,2.039157724004579,2.4666578280568805,0.0
mtd_ai,200,0.0050708455182886135,0.42452830188679247,4677.505145843624,0.15,150,5,0.1185185185185185,2.039157724004579,2.4666578280568805,0.0
mtd_ai,200,0.0050708455182886135,0.46875,5109.442789785105,0.2,150,5,0.1185185185185185,2.039157724004579,2.4666578280568805,0.0
mtd_ai,200,0.0050708455182886135,0.5067567567567568,5639.446623856671,0.25,150,5,0.1185185185185185,2.039157724004579,2.4666578280568805,0.0
mtd_ai,200,0.005033928989075485,0.234375,3195.746202716929,0.05,150,5,0.14333333333333334,3.7032734898951327,6.301730027879771,0.0
mtd_ai,200,0.005033928989075485,0.25,6224.523670779299,0.1,150,5,0.14333333333333334,3.7032734898951327,6.301730027879771,0.0
mtd_ai,200,0.005033928989075485,0.32608695652173914,6636.542793262541,0.15,150,5,0.14333333333333334,3.7032734898951327,6.301730027879771,0.0
mtd_ai,200,0.005033928989075485,0.38461538461538464,6970.480453277875,0.2,150,5,0.14333333333333334,3.7032734898951327,6.301730027879771,0.0
mtd_ai,200,0.005033928989075485,0.42613636363636365,7306.997307817312,0.25,150,5,0.14333333333333334,3.7032734898951327,6.301730027879771,0.0
mtd_ai,200,0.005065914704403382,0.32608695652173914,1875.9980606652714,0.05,150,5,0.1277777777777778,0.6258731835396864,2.361501337067657,0.0
mtd_ai,200,0.005065914704403382,0.38461538461538464,3140.483078380873,0.1,150,5,0.1277777777777778,0.6258731835396864,2.361501337067657,0.0
mtd_ai,200,0.005065914704403382,0.4166666666666667,4662.313887720533,0.15,150,5,0.1277777777777778,0.6258731835396864,2.361501337067657,0.0
mtd_ai,200,0.005065914704403382,0.42857142857142855,5813.6505383750155,0.2,150,5,0.1277777777777778,0.6258731835396864,2.361501337067657,0.0
mtd_ai,200,0.005065914704403382,0.44642857142857145,6449.66036232419,0.25,150,5,0.1277777777777778,0.6258731835396864,2.361501337067657,0.0
mtd_ai,200,0.005039906127804029,0.3,2415.9247605978817,0.05,150,5,0.12666666666666668,0.32653859573500393,0.0531359483006924,0.0
mtd_ai,200,0.005039906127804029,0.32608695652173914,4170.838532403217,0.1,150,5,0.12666666666666668,0.32653859573500393,0.0531359483006924,0.0
mtd_ai,200,0.005039906127804029,0.3879310344827586,4958.052916553416,0.15,150,5,0.12666666666666668,0.32653859573500393,0.0531359483006924,0.0
mtd_ai,200,0.005039906127804029,0.4225352112676056,5604.191720326696,0.2,150,5,0.12666666666666668,0.32653859573500393,0.0531359483006924,0.0
mtd_ai,200,0.005039906127804029,0.46875,6095.221209079398,0.25,150,5,0.12666666666666668,0.32653859573500393,0.0531359483006924,0.0
