Name,mtd_interval,MEF,ASR,time_to_compromise,host_compromise_ratio,network_size,exposed_endpoints,attack_path_exposure,ROA,risk,shortest_path_variability
mtd_ai,200,0.005038103829250216,0.26785714285714285,2408.908497906988,0.05,150,5,0.10888888888888891,5.82211898741889,7.836328025528508,0.0
mtd_ai,200,0.005038103829250216,0.32608695652173914,4047.0595528962117,0.1,150,5,0.10888888888888891,5.82211898741889,7.836328025528508,0.0
mtd_ai,200,0.005038103829250216,0.4090909090909091,4571.726637932088,0.15,150,5,0.10888888888888891,5.82211898741889,7.836328025528508,0.0
mtd_ai,200,0.005038103829250216,0.3614457831325301,5816.138405677868,0.2,150,5,0.10888888888888891,5.82211898741889,7.836328025528508,0.0
mtd_ai,200,0.005038103829250216,0.3865979381443299,6657.690893279851,0.25,150,5,0.10888888888888891,5.82211898741889,7.836328025528508,0.0
mtd_ai,200,0.005053694917090981,0.3125,2142.4729707893694,0.05,150,5,0.16333333333333333,0.18361976304756583,0.8141915614364784,0.0
mtd_ai,200,0.005053694917090981,0.38461538461538464,3178.5807217225974,0.1,150,5,0.16333333333333333,0.18361976304756583,0.8141915614364784,0.0
mtd_ai,200,0.005053694917090981,0.4411764705882353,3825.125711156138,0.15,150,5,0.16333333333333333,0.18361976304756583,0.8141915614364784,0.0
mtd_ai,200,0.005053694917090981,0.46153846153846156,5061.135404977367,0.2,150,5,0.16333333333333333,0.18361976304756583,0.8141915614364784,0.0
mtd_ai,200,0.005053694917090981,0.487012987012987,5719.844914024463,0.25,150,5,0.16333333333333333,0.18361976304756583,0.8141915614364784,0.0
mtd_ai,200,0.005068559380221794,0.20833333333333334,3598.855660518293,0.05,150,5,0.13666666666666666,0.15116888583817495,0.5523053347186835,0.0
mtd_ai,200,0.005068559380221794,0.3,4703.348449886014,0.1,150,5,0.13666666666666666,0.15116888583817495,0.5523053347186835,0.0
mtd_ai,200,0.005068559380221794,0.3813559322033898,5131.06590446063,0.15,150,5,0.13666666666666666,0.15116888583817495,0.5523053347186835,0.0
mtd_ai,200,0.005068559380221794,0.40540540540540543,5989.919827022241,0.2,150,5,0.13666666666666666,0.15116888583817495,0.5523053347186835,0.0
mtd_ai,200,0.005068559380221794,0.42613636363636365,6563.265588792657,0.25,150,5,0.13666666666666666,0.15116888583817495,0.5523053347186835,0.0
mtd_ai,200,0.005040981072311905,0.28846153846153844,2806.685846954725,0.05,150,5,0.13666666666666666,0.426996719804755,1.3270133978255305,0.0
mtd_ai,200,0.005040981072311905,0.39473684210526316,3512.700259462409,0.1,150,5,0.13666666666666666,0.426996719804755,1.3270133978255305,0.0
mtd_ai,200,0.005040981072311905,0.45,4485.053072209207,0.15,150,5,0.13666666666666666,0.426996719804755,1.3270133978255305,0.0
mtd_ai,200,0.005040981072311905,0.4225352112676056,5587.000799709692,0.2,150,5,0.13666666666666666,0.426996719804755,1.3270133978255305,0.0
mtd_ai,200,0.005040981072311905,0.436046511627907,6342.701749386199,0.25,150,5,0.13666666666666666,0.426996719804755,1.3270133978255305,0.0
mtd_ai,200,0.00503436077079555,0.26785714285714285,2427.133558012052,0.05,150,5,0.23333333333333334,0.40638342679238604,0.8829717318319062,-4.354838709677419
mtd_ai,200,0.00503436077079555,0.375,3076.7502870635963,0.1,150,5,0.23333333333333334,0.40638342679238604,0.8829717318319062,-4.354838709677419
mtd_ai,200,0.00503436077079555,0.3879310344827586,4606.253892691157,0.15,150,5,0.23333333333333334,0.40638342679238604,0.8829717318319062,-4.354838709677419
mtd_ai,200,0.00503436077079555,0.379746835443038,6507.022236561092,0.2,150,5,0.23333333333333334,0.40638342679238604,0.8829717318319062,-4.354838709677419
mtd_ai,200,0.00503436077079555,0.42134831460674155,7151.803579787942,0.25,150,5,0.23333333333333334,0.40638342679238604,0.8829717318319062,-4.354838709677419
mtd_ai,200,0.005051978925187006,0.3,2696.838076869616,0.05,150,5,0.155,0.4214555398156008,0.7254220551600734,0.0
mtd_ai,200,0.005051978925187006,0.35714285714285715,4078.4623050600844,0.1,150,5,0.155,0.4214555398156008,0.7254220551600734,0.0
mtd_ai,200,0.005051978925187006,0.45,4501.241608807821,0.15,150,5,0.155,0.4214555398156008,0.7254220551600734,0.0
mtd_ai,200,0.005051978925187006,0.46153846153846156,5118.827406003703,0.2,150,5,0.155,0.4214555398156008,0.7254220551600734,0.0
mtd_ai,200,0.005051978925187006,0.487012987012987,5613.822697050131,0.25,150,5,0.155,0.4214555398156008,0.7254220551600734,0.0
mtd_ai,200,0.005042147527259958,0.3125,2913.5667494962127,0.05,150,5,0.10577777777777776,2.587397571711858,5.801444887474301,0.0
mtd_ai,200,0.005042147527259958,0.4166666666666667,3773.4454648818805,0.1,150,5,0.10577777777777776,2.587397571711858,5.801444887474301,0.0
mtd_ai,200,0.005042147527259958,0.4891304347826087,4458.159134816542,0.15,150,5,0.10577777777777776,2.587397571711858,5.801444887474301,0.0
mtd_ai,200,0.005042147527259958,0.5172413793103449,5029.498036965184,0.2,150,5,0.10577777777777776,2.587397571711858,5.801444887474301,0.0
mtd_ai,200,0.005042147527259958,0.5067567567567568,5876.506691604189,0.25,150,5,0.10577777777777776,2.587397571711858,5.801444887474301,0.0
mtd_ai,200,0.005037028708358199,0.3125,2775.099896841747,0.05,150,5,0.13555555555555554,0.896096698949976,2.8175305622629376,0.0
mtd_ai,200,0.005037028708358199,0.39473684210526316,3720.616131105977,0.1,150,5,0.13555555555555554,0.896096698949976,2.8175305622629376,0.0
mtd_ai,200,0.005037028708358199,0.46875,4155.481775260694,0.15,150,5,0.13555555555555554,0.896096698949976,2.8175305622629376,0.0
mtd_ai,200,0.005037028708358199,0.37037037037037035,6086.471721930749,0.2,150,5,0.13555555555555554,0.896096698949976,2.8175305622629376,0.0
mtd_ai,200,0.005037028708358199,0.42134831460674155,6688.203239649853,0.25,150,5,0.13555555555555554,0.896096698949976,2.8175305622629376,0.0
mtd_ai,200,0.005054497879235569,0.375,1937.4029520661052,0.05,150,5,0.11,0.6857614816739694,2.069520585678019,0.0
mtd_ai,200,0.005054497879235569,0.39473684210526316,3462.528695352916,0.1,150,5,0.11,0.6857614816739694,2.069520585678019,0.0
mtd_ai,200,0.005054497879235569,0.4411764705882353,4223.937500034997,0.15,150,5,0.11,0.6857614816739694,2.069520585678019,0.0
mtd_ai,200,0.005054497879235569,0.47619047619047616,4904.006185332275,0.2,150,5,0.11,0.6857614816739694,2.069520585678019,0.0
mtd_ai,200,0.005054497879235569,0.5,5570.277483605447,0.25,150,5,0.11,0.6857614816739694,2.069520585678019,0.0
mtd_ai,200,0.0050403878014256545,0.39473684210526316,1939.0942389723823,0.05,150,5,0.29411764705882354,3.25763776099669,6.268411597277018,-4.925925925925926
mtd_ai,200,0.0050403878014256545,0.4166666666666667,3215.95101664044,0.1,150,5,0.29411764705882354,3.25763776099669,6.268411597277018,-4.925925925925926
mtd_ai,200,0.0050403878014256545,0.4166666666666667,4915.966837999563,0.15,150,5,0.29411764705882354,3.25763776099669,6.268411597277018,-4.925925925925926
mtd_ai,200,0.0050403878014256545,0.4411764705882353,5507.152574912625,0.2,150,5,0.29411764705882354,3.25763776099669,6.268411597277018,-4.925925925925926
mtd_ai,200,0.0050403878014256545,0.4807692307692308,5866.18280811411,0.25,150,5,0.29411764705882354,3.25763776099669,6.268411597277018,-4.925925925925926
mtd_ai,200,0.005055262558212139,0.3409090909090909,1555.9843003848844,0.05,150,5,0.10888888888888891,0.89719190352425,2.9601208093217384,0.0
mtd_ai,200,0.005055262558212139,0.4411764705882353,2174.4144871634985,0.1,150,5,0.10888888888888891,0.89719190352425,2.9601208093217384,0.0
mtd_ai,200,0.005055262558212139,0.42452830188679247,3076.1307688951015,0.15,150,5,0.10888888888888891,0.89719190352425,2.9601208093217384,0.0
mtd_ai,200,0.005055262558212139,0.47619047619047616,3557.1763524379576,0.2,150,5,0.10888888888888891,0.89719190352425,2.9601208093217384,0.0
mtd_ai,200,0.005055262558212139,0.46875,5230.885869115643,0.25,150,5,0.10888888888888891,0.89719190352425,2.9601208093217384,0.0
mtd_ai,200,0.005049767992076301,0.1744186046511628,5573.077492528469,0.05,150,5,0.12888888888888891,0.6780851785964036,2.803728523885153,0.0
mtd_ai,200,0.005049767992076301,0.2727272727272727,6222.494727771966,0.1,150,5,0.12888888888888891,0.6780851785964036,2.803728523885153,0.0
mtd_ai,200,0.005049767992076301,0.32142857142857145,7152.75767679385,0.15,150,5,0.12888888888888891,0.6780851785964036,2.803728523885153,0.0
mtd_ai,200,0.005049767992076301,0.3614457831325301,7590.293006690828,0.2,150,5,0.12888888888888891,0.6780851785964036,2.803728523885153,0.0
mtd_ai,200,0.005049767992076301,0.4076086956521739,7883.980397512201,0.25,150,5,0.12888888888888891,0.6780851785964036,2.803728523885153,0.0
mtd_ai,200,0.005055611416746403,0.28846153846153844,2485.032575760016,0.05,150,5,0.08866666666666667,0.9521849172412318,3.690872873294992,0.0
mtd_ai,200,0.005055611416746403,0.30612244897959184,4065.865911141729,0.1,150,5,0.08866666666666667,0.9521849172412318,3.690872873294992,0.0
mtd_ai,200,0.005055611416746403,0.3813559322033898,4539.058114828275,0.15,150,5,0.08866666666666667,0.9521849172412318,3.690872873294992,0.0
mtd_ai,200,0.005055611416746403,0.410958904109589,5316.895690255042,0.2,150,5,0.08866666666666667,0.9521849172412318,3.690872873294992,0.0
mtd_ai,200,0.005055611416746403,0.4076086956521739,6770.742953887591,0.25,150,5,0.08866666666666667,0.9521849172412318,3.690872873294992,0.0
mtd_ai,200,0.0050594648480479995,0.32608695652173914,2115.177485785199,0.05,150,5,0.16977777777777778,1.9417711080835363,2.593706071478527,0.0
mtd_ai,200,0.0050594648480479995,0.3125,4238.968833504259,0.1,150,5,0.16977777777777778,1.9417711080835363,2.593706071478527,0.0
mtd_ai,200,0.0050594648480479995,0.3409090909090909,5245.421429613352,0.15,150,5,0.16977777777777778,1.9417711080835363,2.593706071478527,0.0
mtd_ai,200,0.0050594648480479995,0.38961038961038963,5866.72955595081,0.2,150,5,0.16977777777777778,1.9417711080835363,2.593706071478527,0.0
mtd_ai,200,0.0050594648480479995,0.39893617021276595,6552.470261969162,0.25,150,5,0.16977777777777778,1.9417711080835363,2.593706071478527,0.0
mtd_ai,200,0.0050721071063601865,0.35714285714285715,1858.0148269269482,0.05,150,5,0.1595555555555556,0.6404945124778368,1.9483922915727039,0.0
mtd_ai,200,0.0050721071063601865,0.39473684210526316,2871.5625153273486,0.1,150,5,0.1595555555555556,0.6404945124778368,1.9483922915727039,0.0
mtd_ai,200,0.0050721071063601865,0.4090909090909091,4347.606959451217,0.15,150,5,0.1595555555555556,0.6404945124778368,1.9483922915727039,0.0
mtd_ai,200,0.0050721071063601865,0.40540540540540543,5163.110191450165,0.2,150,5,0.1595555555555556,0.6404945124778368,1.9483922915727039,0.0
mtd_ai,200,0.0050721071063601865,0.45180722891566266,5754.651583215747,0.25,150,5,0.1595555555555556,0.6404945124778368,1.9483922915727039,0.0
mtd_ai,200,0.005047817807366884,0.32608695652173914,1777.180356527774,0.05,150,5,0.15888888888888889,1.3115077798512125,4.804075395301733,0.0
mtd_ai,200,0.005047817807366884,0.4166666666666667,2965.395695167299,0.1,150,5,0.15888888888888889,1.3115077798512125,4.804075395301733,0.0
mtd_ai,200,0.005047817807366884,0.4787234042553192,3745.9863776982734,0.15,150,5,0.15888888888888889,1.3115077798512125,4.804075395301733,0.0
mtd_ai,200,0.005047817807366884,0.5084745762711864,4416.45421017304,0.2,150,5,0.15888888888888889,1.3115077798512125,4.804075395301733,0.0
mtd_ai,200,0.005047817807366884,0.528169014084507,5158.187779199799,0.25,150,5,0.15888888888888889,1.3115077798512125,4.804075395301733,0.0
mtd_ai,200,0.0050557330540528045,0.19230769230769232,5123.320096264472,0.05,150,5,0.16,0.016876910621114783,0.07143544376700064,0.0
mtd_ai,200,0.0050557330540528045,0.2777777777777778,5980.900308601018,0.1,150,5,0.16,0.016876910621114783,0.07143544376700064,0.0
mtd_ai,200,0.0050557330540528045,0.34615384615384615,6532.468732867146,0.15,150,5,0.16,0.016876910621114783,0.07143544376700064,0.0
mtd_ai,200,0.0050557330540528045,0.38961038961038963,6904.439516202281,0.2,150,5,0.16,0.016876910621114783,0.07143544376700064,0.0
mtd_ai,200,0.0050557330540528045,0.43103448275862066,7263.597483951182,0.25,150,5,0.16,0.016876910621114783,0.07143544376700064,0.0
mtd_ai,200,0.005032261456592609,0.5,1555.2572492004647,0.05,150,5,0.1207936507936508,0.3128324968792964,0.6264003908782295,0.0
mtd_ai,200,0.005032261456592609,0.42857142857142855,3330.201323355602,0.1,150,5,0.1207936507936508,0.3128324968792964,0.6264003908782295,0.0
mtd_ai,200,0.005032261456592609,0.35714285714285715,5062.132864276789,0.15,150,5,0.1207936507936508,0.3128324968792964,0.6264003908782295,0.0
mtd_ai,200,0.005032261456592609,0.38961038961038963,5809.834908733323,0.2,150,5,0.1207936507936508,0.3128324968792964,0.6264003908782295,0.0
mtd_ai,200,0.005032261456592609,0.4076086956521739,6912.313384077022,0.25,150,5,0.1207936507936508,0.3128324968792964,0.6264003908782295,0.0
mtd_ai,200,0.0050760294691993895,0.4411764705882353,1791.9356404494865,0.05,150,5,0.3076923076923077,0.16846694513672902,0.6445050623290638,0.0
mtd_ai,200,0.0050760294691993895,0.45454545454545453,3406.0282544797797,0.1,150,5,0.3076923076923077,0.16846694513672902,0.6445050623290638,0.0
mtd_ai,200,0.0050760294691993895,0.5113636363636364,3965.7048574571527,0.15,150,5,0.3076923076923077,0.16846694513672902,0.6445050623290638,0.0
mtd_ai,200,0.0050760294691993895,0.5084745762711864,4912.5956080337955,0.2,150,5,0.3076923076923077,0.16846694513672902,0.6445050623290638,0.0
mtd_ai,200,0.0050760294691993895,0.5,5802.74919246283,0.25,150,5,0.3076923076923077,0.16846694513672902,0.6445050623290638,0.0
mtd_ai,200,0.005078316223429743,0.3125,2011.0240424045267,0.05,150,5,0.12666666666666668,1.1330344904690735,3.73670735399697,0.0
mtd_ai,200,0.005078316223429743,0.40540540540540543,2507.2345807147617,0.1,150,5,0.12666666666666668,1.1330344904690735,3.73670735399697,0.0
mtd_ai,200,0.005078316223429743,0.42452830188679247,3502.5505907978554,0.15,150,5,0.12666666666666668,1.1330344904690735,3.73670735399697,0.0
mtd_ai,200,0.005078316223429743,0.38461538461538464,4771.511441190181,0.2,150,5,0.12666666666666668,1.1330344904690735,3.73670735399697,0.0
mtd_ai,200,0.005078316223429743,0.4166666666666667,5727.259782290677,0.25,150,5,0.12666666666666668,1.1330344904690735,3.73670735399697,0.0
mtd_ai,200,0.005033341537951471,0.21428571428571427,4191.244208257103,0.05,150,5,0.14133333333333334,0.33799282694176797,1.4840285787563436,0.0
mtd_ai,200,0.005033341537951471,0.3125,5238.177750612993,0.1,150,5,0.14133333333333334,0.33799282694176797,1.4840285787563436,0.0
mtd_ai,200,0.005033341537951471,0.3813559322033898,5857.8050213332135,0.15,150,5,0.14133333333333334,0.33799282694176797,1.4840285787563436,0.0
mtd_ai,200,0.005033341537951471,0.42857142857142855,6230.289576541252,0.2,150,5,0.14133333333333334,0.33799282694176797,1.4840285787563436,0.0
mtd_ai,200,0.005033341537951471,0.45180722891566266,7128.139434108478,0.25,150,5,0.14133333333333334,0.33799282694176797,1.4840285787563436,0.0
mtd_ai,200,0.005062926387118723,0.32608695652173914,2113.3595674366547,0.05,150,5,0.112,3.4323417837733605,3.704905322438608,0.0
mtd_ai,200,0.005062926387118723,0.42857142857142855,3049.775366581507,0.1,150,5,0.112,3.4323417837733605,3.704905322438608,0.0
mtd_ai,200,0.005062926387118723,0.4787234042553192,3654.5685180594437,0.15,150,5,0.112,3.4323417837733605,3.704905322438608,0.0
mtd_ai,200,0.005062926387118723,0.4918032786885246,4090.9150425424623,0.2,150,5,0.112,3.4323417837733605,3.704905322438608,0.0
mtd_ai,200,0.005062926387118723,0.5208333333333334,4678.078819925821,0.25,150,5,0.112,3.4323417837733605,3.704905322438608,0.0
mtd_ai,200,0.005054510765000814,0.3409090909090909,2540.448817870217,0.05,150,5,0.18444444444444444,5.229173311755677,6.003689589388852,0.0
mtd_ai,200,0.005054510765000814,0.3333333333333333,4895.305044952447,0.1,150,5,0.18444444444444444,5.229173311755677,6.003689589388852,0.0
mtd_ai,200,0.005054510765000814,0.39473684210526316,5503.173272765482,0.15,150,5,0.18444444444444444,5.229173311755677,6.003689589388852,0.0
mtd_ai,200,0.005054510765000814,0.42857142857142855,6467.627179402589,0.2,150,5,0.18444444444444444,5.229173311755677,6.003689589388852,0.0
mtd_ai,200,0.005054510765000814,0.44642857142857145,7832.615603165431,0.25,150,5,0.18444444444444444,5.229173311755677,6.003689589388852,0.0
mtd_ai,200,0.005042904630092128,0.39473684210526316,2141.9094477831845,0.05,150,5,0.38461538461538464,0.5033360035495381,2.217272341556446,0.0
mtd_ai,200,0.005042904630092128,0.35714285714285715,4678.6208714939585,0.1,150,5,0.38461538461538464,0.5033360035495381,2.217272341556446,0.0
mtd_ai,200,0.005042904630092128,0.39473684210526316,5536.884451493481,0.15,150,5,0.38461538461538464,0.5033360035495381,2.217272341556446,0.0
mtd_ai,200,0.005042904630092128,0.44776119402985076,5980.367988570964,0.2,150,5,0.38461538461538464,0.5033360035495381,2.217272341556446,0.0
mtd_ai,200,0.005042904630092128,0.46296296296296297,7002.599662280066,0.25,150,5,0.38461538461538464,0.5033360035495381,2.217272341556446,0.0
mtd_ai,200,0.00504002360803195,0.18292682926829268,3397.751222857637,0.05,150,5,0.07692307692307693,0.9463343352754102,3.76188474719002,0.0
mtd_ai,200,0.00504002360803195,0.25862068965517243,4780.834630943105,0.1,150,5,0.07692307692307693,0.9463343352754102,3.76188474719002,0.0
mtd_ai,200,0.00504002360803195,0.32142857142857145,5473.553458912413,0.15,150,5,0.07692307692307693,0.9463343352754102,3.76188474719002,0.0
mtd_ai,200,0.00504002360803195,0.37037037037037035,5872.5222161356705,0.2,150,5,0.07692307692307693,0.9463343352754102,3.76188474719002,0.0
mtd_ai,200,0.00504002360803195,0.4032258064516129,6626.163260479738,0.25,150,5,0.07692307692307693,0.9463343352754102,3.76188474719002,0.0
mtd_ai,200,0.005071309542757999,0.3,2725.2361149644967,0.05,150,5,0.10777777777777776,1.8222589753516825,2.9845348494216175,0.0
mtd_ai,200,0.005071309542757999,0.375,3962.0833018320354,0.1,150,5,0.10777777777777776,1.8222589753516825,2.9845348494216175,0.0
mtd_ai,200,0.005071309542757999,0.4411764705882353,4555.587969906366,0.15,150,5,0.10777777777777776,1.8222589753516825,2.9845348494216175,0.0
mtd_ai,200,0.005071309542757999,0.46153846153846156,5289.740066931039,0.2,150,5,0.10777777777777776,1.8222589753516825,2.9845348494216175,0.0
mtd_ai,200,0.005071309542757999,0.5,5789.416159471337,0.25,150,5,0.10777777777777776,1.8222589753516825,2.9845348494216175,0.0
mtd_ai,200,0.005063643068179044,0.25862068965517243,2295.8515433142315,0.05,150,5,0.1,0.07146844120164283,0.2275446029628997,0.0
mtd_ai,200,0.005063643068179044,0.3488372093023256,3289.8023122458208,0.1,150,5,0.1,0.07146844120164283,0.2275446029628997,0.0
mtd_ai,200,0.005063643068179044,0.3813559322033898,4775.979166851963,0.15,150,5,0.1,0.07146844120164283,0.2275446029628997,0.0
mtd_ai,200,0.005063643068179044,0.39473684210526316,5831.594583463373,0.2,150,5,0.1,0.07146844120164283,0.2275446029628997,0.0
mtd_ai,200,0.005063643068179044,0.436046511627907,6286.065387320206,0.25,150,5,0.1,0.07146844120164283,0.2275446029628997,0.0
mtd_ai,200,0.0050670726918263026,0.5357142857142857,1135.2888629534,0.05,150,5,0.13444444444444445,0.7039979667920592,3.1266608986150164,0.0
mtd_ai,200,0.0050670726918263026,0.36585365853658536,3051.325351304091,0.1,150,5,0.13444444444444445,0.7039979667920592,3.1266608986150164,0.0
mtd_ai,200,0.0050670726918263026,0.4166666666666667,3984.0783755237826,0.15,150,5,0.13444444444444445,0.7039979667920592,3.1266608986150164,0.0
mtd_ai,200,0.0050670726918263026,0.42857142857142855,5122.282046341703,0.2,150,5,0.13444444444444445,0.7039979667920592,3.1266608986150164,0.0
mtd_ai,200,0.0050670726918263026,0.45180722891566266,5684.437701361646,0.25,150,5,0.13444444444444445,0.7039979667920592,3.1266608986150164,0.0
mtd_ai,200,0.005055448427905529,0.3409090909090909,1832.4291204458536,0.05,150,5,0.15333333333333332,2.6138715504213867,0.41319619174857186,0.0
mtd_ai,200,0.005055448427905529,0.38461538461538464,3102.450842185985,0.1,150,5,0.15333333333333332,2.6138715504213867,0.41319619174857186,0.0
mtd_ai,200,0.005055448427905529,0.4326923076923077,3923.931245643548,0.15,150,5,0.15333333333333332,2.6138715504213867,0.41319619174857186,0.0
mtd_ai,200,0.005055448427905529,0.47619047619047616,4594.178179703248,0.2,150,5,0.15333333333333332,2.6138715504213867,0.41319619174857186,0.0
mtd_ai,200,0.005055448427905529,0.5136986301369864,4940.932187995543,0.25,150,5,0.15333333333333332,2.6138715504213867,0.41319619174857186,0.0
mtd_ai,200,0.005042585660249415,0.3409090909090909,1966.882262377418,0.05,150,5,0.13388888888888892,3.641159062224039,3.5634614232456086,0.0
mtd_ai,200,0.005042585660249415,0.375,3054.765527412644,0.1,150,5,0.13388888888888892,3.641159062224039,3.5634614232456086,0.0
mtd_ai,200,0.005042585660249415,0.3813559322033898,4574.147517265431,0.15,150,5,0.13388888888888892,3.641159062224039,3.5634614232456086,0.0
mtd_ai,200,0.005042585660249415,0.4411764705882353,4910.479062899356,0.2,150,5,0.13388888888888892,3.641159062224039,3.5634614232456086,0.0
mtd_ai,200,0.005042585660249415,0.4807692307692308,5642.533613013442,0.25,150,5,0.13388888888888892,3.641159062224039,3.5634614232456086,0.0
mtd_ai,200,0.005030860973671735,0.25862068965517243,3480.8602229870753,0.05,150,5,0.11777777777777776,0.24188860243990076,0.772616816039688,0.0
mtd_ai,200,0.005030860973671735,0.36585365853658536,4345.456530891421,0.1,150,5,0.11777777777777776,0.24188860243990076,0.772616816039688,0.0
mtd_ai,200,0.005030860973671735,0.36885245901639346,5810.551463864398,0.15,150,5,0.11777777777777776,0.24188860243990076,0.772616816039688,0.0
mtd_ai,200,0.005030860973671735,0.35294117647058826,8068.498033902639,0.2,150,5,0.11777777777777776,0.24188860243990076,0.772616816039688,0.0
mtd_ai,200,0.005030860973671735,0.39893617021276595,8395.54184061631,0.25,150,5,0.11777777777777776,0.24188860243990076,0.772616816039688,0.0
mtd_ai,200,0.005076002029525959,0.46875,1386.8300123898466,0.05,150,5,0.11355555555555555,3.285045792980247,6.650057456949255,0.0
mtd_ai,200,0.005076002029525959,0.39473684210526316,3389.6890279968807,0.1,150,5,0.11355555555555555,3.285045792980247,6.650057456949255,0.0
mtd_ai,200,0.005076002029525959,0.45918367346938777,4007.773183727159,0.15,150,5,0.11355555555555555,3.285045792980247,6.650057456949255,0.0
mtd_ai,200,0.005076002029525959,0.4838709677419355,5034.956897069891,0.2,150,5,0.11355555555555555,3.285045792980247,6.650057456949255,0.0
mtd_ai,200,0.005076002029525959,0.46296296296296297,5962.571277989742,0.25,150,5,0.11355555555555555,3.285045792980247,6.650057456949255,0.0
mtd_ai,200,0.005049541619567079,0.21428571428571427,3620.1559230778166,0.05,150,5,0.11333333333333333,0.7022519779202976,2.936625055578738,0.0
mtd_ai,200,0.005049541619567079,0.2727272727272727,4743.163462602274,0.1,150,5,0.11333333333333333,0.7022519779202976,2.936625055578738,0.0
mtd_ai,200,0.005049541619567079,0.3358208955223881,5694.372504538871,0.15,150,5,0.11333333333333333,0.7022519779202976,2.936625055578738,0.0
mtd_ai,200,0.005049541619567079,0.36585365853658536,6322.203226341668,0.2,150,5,0.11333333333333333,0.7022519779202976,2.936625055578738,0.0
mtd_ai,200,0.005049541619567079,0.36764705882352944,7083.1630415749305,0.25,150,5,0.11333333333333333,0.7022519779202976,2.936625055578738,0.0
mtd_ai,200,0.005045160220968667,0.2777777777777778,2920.792545367388,0.05,150,5,0.13722222222222225,0.705955421943058,2.6336666261422432,0.0
mtd_ai,200,0.005045160220968667,0.38461538461538464,3778.3351206486195,0.1,150,5,0.13722222222222225,0.705955421943058,2.6336666261422432,0.0
mtd_ai,200,0.005045160220968667,0.4326923076923077,4707.017351437485,0.15,150,5,0.13722222222222225,0.705955421943058,2.6336666261422432,0.0
mtd_ai,200,0.005045160220968667,0.47619047619047616,5357.572762630353,0.2,150,5,0.13722222222222225,0.705955421943058,2.6336666261422432,0.0
mtd_ai,200,0.005045160220968667,0.5067567567567568,6210.735070315752,0.25,150,5,0.13722222222222225,0.705955421943058,2.6336666261422432,0.0
mtd_ai,200,0.005033921715173948,0.3125,2519.4573295515743,0.05,150,5,0.15,0.0882562962535254,0.3629160731171646,0.0
mtd_ai,200,0.005033921715173948,0.35714285714285715,4425.363723273899,0.1,150,5,0.15,0.0882562962535254,0.3629160731171646,0.0
mtd_ai,200,0.005033921715173948,0.42452830188679247,5161.250109748444,0.15,150,5,0.15,0.0882562962535254,0.3629160731171646,0.0
mtd_ai,200,0.005033921715173948,0.46153846153846156,6227.336919572275,0.2,150,5,0.15,0.0882562962535254,0.3629160731171646,0.0
mtd_ai,200,0.005033921715173948,0.4934210526315789,6733.397336244071,0.25,150,5,0.15,0.0882562962535254,0.3629160731171646,0.0
mtd_ai,200,0.005066926928157961,0.375,2085.3119206106635,0.05,150,5,0.13666666666666666,0.6978601231412893,2.25192264689328,0.0
mtd_ai,200,0.005066926928157961,0.40540540540540543,3501.736096660906,0.1,150,5,0.13666666666666666,0.6978601231412893,2.25192264689328,0.0
mtd_ai,200,0.005066926928157961,0.4787234042553192,3903.917976768289,0.15,150,5,0.13666666666666666,0.6978601231412893,2.25192264689328,0.0
mtd_ai,200,0.005066926928157961,0.46875,5244.426660129518,0.2,150,5,0.13666666666666666,0.6978601231412893,2.25192264689328,0.0
mtd_ai,200,0.005066926928157961,0.487012987012987,5794.510660033809,0.25,150,5,0.13666666666666666,0.6978601231412893,2.25192264689328,0.0
mtd_ai,200,0.005062121350426497,0.22058823529411764,4036.949130466598,0.05,150,5,0.14366666666666666,0.9694773466956199,1.4901604228373995,0.0
mtd_ai,200,0.005062121350426497,0.3191489361702128,4953.959145944431,0.1,150,5,0.14366666666666666,0.9694773466956199,1.4901604228373995,0.0
mtd_ai,200,0.005062121350426497,0.4017857142857143,5399.290235631815,0.15,150,5,0.14366666666666666,0.9694773466956199,1.4901604228373995,0.0
mtd_ai,200,0.005062121350426497,0.4166666666666667,6624.120983053528,0.2,150,5,0.14366666666666666,0.9694773466956199,1.4901604228373995,0.0
mtd_ai,200,0.005062121350426497,0.4573170731707317,7281.442459259884,0.25,150,5,0.14366666666666666,0.9694773466956199,1.4901604228373995,0.0
mtd_ai,200,0.005059173467923763,0.32608695652173914,2279.1586530341096,0.05,150,5,0.11333333333333333,0.5484078404780464,1.3107152777864681,0.0
mtd_ai,200,0.005059173467923763,0.42857142857142855,3121.9901227690557,0.1,150,5,0.11333333333333333,0.5484078404780464,1.3107152777864681,0.0
mtd_ai,200,0.005059173467923763,0.4891304347826087,3770.9011945827406,0.15,150,5,0.11333333333333333,0.5484078404780464,1.3107152777864681,0.0
mtd_ai,200,0.005059173467923763,0.36585365853658536,6460.692345416679,0.2,150,5,0.11333333333333333,0.5484078404780464,1.3107152777864681,0.0
mtd_ai,200,0.005059173467923763,0.4076086956521739,6955.588988033343,0.25,150,5,0.11333333333333333,0.5484078404780464,1.3107152777864681,0.0
mtd_ai,200,0.005056660604331674,0.22727272727272727,3801.9276508508374,0.05,150,5,0.12866666666666668,0.23664084501343588,1.0421637997470994,0.0
mtd_ai,200,0.005056660604331674,0.30612244897959184,5468.113150534139,0.1,150,5,0.12866666666666668,0.23664084501343588,1.0421637997470994,0.0
mtd_ai,200,0.005056660604331674,0.3879310344827586,5908.819741672712,0.15,150,5,0.12866666666666668,0.23664084501343588,1.0421637997470994,0.0
mtd_ai,200,0.005056660604331674,0.40540540540540543,6875.647719037642,0.2,150,5,0.12866666666666668,0.23664084501343588,1.0421637997470994,0.0
mtd_ai,200,0.005056660604331674,0.4411764705882353,7337.847833746205,0.25,150,5,0.12866666666666668,0.23664084501343588,1.0421637997470994,0.0
mtd_ai,200,0.005078920934373638,0.3409090909090909,2179.5485815094335,0.05,150,5,0.4,1.0938410414732325,4.312660373723259,0.0
mtd_ai,200,0.005078920934373638,0.4166666666666667,2975.6455390951205,0.1,150,5,0.4,1.0938410414732325,4.312660373723259,0.0
mtd_ai,200,0.005078920934373638,0.4411764705882353,3892.199208433012,0.15,150,5,0.4,1.0938410414732325,4.312660373723259,0.0
mtd_ai,200,0.005078920934373638,0.47619047619047616,4716.373565403278,0.2,150,5,0.4,1.0938410414732325,4.312660373723259,0.0
mtd_ai,200,0.005078920934373638,0.5208333333333334,5096.457384669706,0.25,150,5,0.4,1.0938410414732325,4.312660373723259,0.0
mtd_ai,200,0.0050771029414692975,0.25,3371.4016505338577,0.05,150,5,0.125,0.023108803892225152,0.09542198094552087,0.0
mtd_ai,200,0.0050771029414692975,0.2777777777777778,4635.050030290695,0.1,150,5,0.125,0.023108803892225152,0.09542198094552087,0.0
mtd_ai,200,0.0050771029414692975,0.34615384615384615,5220.846191054592,0.15,150,5,0.125,0.023108803892225152,0.09542198094552087,0.0
mtd_ai,200,0.0050771029414692975,0.39473684210526316,5811.538085147613,0.2,150,5,0.125,0.023108803892225152,0.09542198094552087,0.0
mtd_ai,200,0.0050771029414692975,0.44642857142857145,6110.702653313017,0.25,150,5,0.125,0.023108803892225152,0.09542198094552087,0.0
mtd_ai,200,0.005046983541376956,0.4166666666666667,1681.5021988892718,0.05,150,5,0.10333333333333333,0.8038706544253862,1.7763858962812342,0.0
mtd_ai,200,0.005046983541376956,0.5,2480.1637202103448,0.1,150,5,0.10333333333333333,0.8038706544253862,1.7763858962812342,0.0
mtd_ai,200,0.005046983541376956,0.5487804878048781,3175.098836835671,0.15,150,5,0.10333333333333333,0.8038706544253862,1.7763858962812342,0.0
mtd_ai,200,0.005046983541376956,0.4918032786885246,4614.614512847227,0.2,150,5,0.10333333333333333,0.8038706544253862,1.7763858962812342,0.0
mtd_ai,200,0.005046983541376956,0.5208333333333334,5095.567709167741,0.25,150,5,0.10333333333333333,0.8038706544253862,1.7763858962812342,0.0
mtd_ai,200,0.005041245622983894,0.3,1914.0802738462748,0.05,150,5,0.14,1.66592523747474,3.7204433113261497,0.0
mtd_ai,200,0.005041245622983894,0.3191489361702128,4116.361700727131,0.1,150,5,0.14,1.66592523747474,3.7204433113261497,0.0
mtd_ai,200,0.005041245622983894,0.3629032258064516,5313.103517550691,0.15,150,5,0.14,1.66592523747474,3.7204433113261497,0.0
mtd_ai,200,0.005041245622983894,0.4166666666666667,5744.317448601949,0.2,150,5,0.14,1.66592523747474,3.7204433113261497,0.0
mtd_ai,200,0.005041245622983894,0.4411764705882353,6759.325208723007,0.25,150,5,0.14,1.66592523747474,3.7204433113261497,0.0
mtd_ai,200,0.005078566759298857,0.375,1320.689466758668,0.05,150,5,0.14733333333333334,1.1336207453957412,2.771071555052478,0.0
mtd_ai,200,0.005078566759298857,0.4838709677419355,2066.987988341152,0.1,150,5,0.14733333333333334,1.1336207453957412,2.771071555052478,0.0
mtd_ai,200,0.005078566759298857,0.5,3183.254051121225,0.15,150,5,0.14733333333333334,1.1336207453957412,2.771071555052478,0.0
mtd_ai,200,0.005078566759298857,0.5172413793103449,4132.248016628246,0.2,150,5,0.14733333333333334,1.1336207453957412,2.771071555052478,0.0
mtd_ai,200,0.005078566759298857,0.487012987012987,5639.170749867359,0.25,150,5,0.14733333333333334,1.1336207453957412,2.771071555052478,0.0
mtd_ai,200,0.0050550924294697356,0.25862068965517243,2869.2841527358423,0.05,150,5,0.13055555555555556,0.8088078533601252,3.270653382245259,0.0
mtd_ai,200,0.0050550924294697356,0.28846153846153844,5218.539063643342,0.1,150,5,0.13055555555555556,0.8088078533601252,3.270653382245259,0.0
mtd_ai,200,0.0050550924294697356,0.3515625,5821.203257992334,0.15,150,5,0.13055555555555556,0.8088078533601252,3.270653382245259,0.0
mtd_ai,200,0.0050550924294697356,0.4,6169.107802054241,0.2,150,5,0.13055555555555556,0.8088078533601252,3.270653382245259,0.0
mtd_ai,200,0.0050550924294697356,0.42134831460674155,6787.397809798267,0.25,150,5,0.13055555555555556,0.8088078533601252,3.270653382245259,0.0
mtd_ai,200,0.005066782516550676,0.2777777777777778,2372.0488869065366,0.05,150,5,0.118,0.511581571477471,2.0161800289561924,0.0
mtd_ai,200,0.005066782516550676,0.3333333333333333,3763.5801277756245,0.1,150,5,0.118,0.511581571477471,2.0161800289561924,0.0
mtd_ai,200,0.005066782516550676,0.3409090909090909,5220.101242348326,0.15,150,5,0.118,0.511581571477471,2.0161800289561924,0.0
mtd_ai,200,0.005066782516550676,0.38961038961038963,5641.210661103999,0.2,150,5,0.118,0.511581571477471,2.0161800289561924,0.0
mtd_ai,200,0.005066782516550676,0.4411764705882353,5934.9828619151995,0.25,150,5,0.118,0.511581571477471,2.0161800289561924,0.0
mtd_ai,200,0.005039207827570206,0.35714285714285715,2069.428770488311,0.05,150,5,0.13033333333333333,0.6742463531274964,1.8611806384815246,4.785714285714286
mtd_ai,200,0.005039207827570206,0.40540540540540543,3238.9457577441262,0.1,150,5,0.13033333333333333,0.6742463531274964,1.8611806384815246,4.785714285714286
mtd_ai,200,0.005039207827570206,0.4787234042553192,3791.4608807804634,0.15,150,5,0.13033333333333333,0.6742463531274964,1.8611806384815246,4.785714285714286
mtd_ai,200,0.005039207827570206,0.47619047619047616,4815.996626194574,0.2,150,5,0.13033333333333333,0.6742463531274964,1.8611806384815246,4.785714285714286
mtd_ai,200,0.005039207827570206,0.46875,6050.12735836976,0.25,150,5,0.13033333333333333,0.6742463531274964,1.8611806384815246,4.785714285714286
mtd_ai,200,0.0050384787828330205,0.26785714285714285,2758.924920883025,0.05,150,5,0.135,0.7235996885249218,2.3734338786457094,0.0
mtd_ai,200,0.0050384787828330205,0.32608695652173914,4492.877157778412,0.1,150,5,0.135,0.7235996885249218,2.3734338786457094,0.0
mtd_ai,200,0.0050384787828330205,0.35714285714285715,6044.735830107038,0.15,150,5,0.135,0.7235996885249218,2.3734338786457094,0.0
mtd_ai,200,0.0050384787828330205,0.3614457831325301,7155.81233115939,0.2,150,5,0.135,0.7235996885249218,2.3734338786457094,0.0
mtd_ai,200,0.0050384787828330205,0.4032258064516129,7676.214635029828,0.25,150,5,0.135,0.7235996885249218,2.3734338786457094,0.0
mtd_ai,200,0.005047186687172795,0.22058823529411764,2402.346059119127,0.05,150,5,0.12,0.012737081444267016,0.036453564503394445,0.0
mtd_ai,200,0.005047186687172795,0.2631578947368421,3597.523670520741,0.1,150,5,0.12,0.012737081444267016,0.036453564503394445,0.0
mtd_ai,200,0.005047186687172795,0.29605263157894735,5303.100027210235,0.15,150,5,0.12,0.012737081444267016,0.036453564503394445,0.0
mtd_ai,200,0.005047186687172795,0.3488372093023256,5803.124118861568,0.2,150,5,0.12,0.012737081444267016,0.036453564503394445,0.0
mtd_ai,200,0.005047186687172795,0.3787878787878788,6249.610281046147,0.25,150,5,0.12,0.012737081444267016,0.036453564503394445,0.0
mtd_ai,200,0.005078056850861901,0.28846153846153844,2759.4522253676246,0.05,150,5,0.13644444444444445,1.121348838065307,4.40140860928122,0.0
mtd_ai,200,0.005078056850861901,0.4166666666666667,3405.2031368437624,0.1,150,5,0.13644444444444445,1.121348838065307,4.40140860928122,0.0
mtd_ai,200,0.005078056850861901,0.45,4519.250385982477,0.15,150,5,0.13644444444444445,1.121348838065307,4.40140860928122,0.0
mtd_ai,200,0.005078056850861901,0.5,5055.785709498998,0.2,150,5,0.13644444444444445,1.121348838065307,4.40140860928122,0.0
mtd_ai,200,0.005078056850861901,0.5434782608695652,5545.6159677068135,0.25,150,5,0.13644444444444445,1.121348838065307,4.40140860928122,0.0
mtd_ai,200,0.005066324367737163,0.3409090909090909,2045.9037597805966,0.05,150,5,0.14133333333333334,0.09562145282418034,0.35940916240784754,0.0
mtd_ai,200,0.005066324367737163,0.39473684210526316,3134.066641449269,0.1,150,5,0.14133333333333334,0.09562145282418034,0.35940916240784754,0.0
mtd_ai,200,0.005066324367737163,0.4090909090909091,4480.939445086464,0.15,150,5,0.14133333333333334,0.09562145282418034,0.35940916240784754,0.0
mtd_ai,200,0.005066324367737163,0.379746835443038,5591.996646985532,0.2,150,5,0.14133333333333334,0.09562145282418034,0.35940916240784754,0.0
mtd_ai,200,0.005066324367737163,0.42613636363636365,6008.038235866534,0.25,150,5,0.14133333333333334,0.09562145282418034,0.35940916240784754,0.0
mtd_ai,200,0.005040462346210439,0.28846153846153844,2592.0050965211312,0.05,150,5,0.10526315789473684,1.4091460348350888,2.69853854661439,-4.678571428571429
mtd_ai,200,0.005040462346210439,0.3333333333333333,3829.532376848226,0.1,150,5,0.10526315789473684,1.4091460348350888,2.69853854661439,-4.678571428571429
mtd_ai,200,0.005040462346210439,0.36885245901639346,5028.522914196928,0.15,150,5,0.10526315789473684,1.4091460348350888,2.69853854661439,-4.678571428571429
mtd_ai,200,0.005040462346210439,0.4166666666666667,5626.147915191181,0.2,150,5,0.10526315789473684,1.4091460348350888,2.69853854661439,-4.678571428571429
mtd_ai,200,0.005040462346210439,0.46296296296296297,5921.187249433899,0.25,150,5,0.10526315789473684,1.4091460348350888,2.69853854661439,-4.678571428571429
mtd_ai,200,0.005035509269138615,0.4166666666666667,1589.1355918887298,0.05,150,5,0.12666666666666668,1.2544287828821636,1.0258508440541905,0.0
mtd_ai,200,0.005035509269138615,0.36585365853658536,4372.27540434844,0.1,150,5,0.12666666666666668,1.2544287828821636,1.0258508440541905,0.0
mtd_ai,200,0.005035509269138615,0.4326923076923077,4961.3560661357915,0.15,150,5,0.12666666666666668,1.2544287828821636,1.0258508440541905,0.0
mtd_ai,200,0.005035509269138615,0.42857142857142855,6703.036463422868,0.2,150,5,0.12666666666666668,1.2544287828821636,1.0258508440541905,0.0
mtd_ai,200,0.005035509269138615,0.46296296296296297,7126.31675360587,0.25,150,5,0.12666666666666668,1.2544287828821636,1.0258508440541905,0.0
mtd_ai,200,0.0050362018420709405,0.35714285714285715,2030.930467931998,0.05,150,5,0.16866666666666666,0.5485549522387195,2.1866332400870974,0.0
mtd_ai,200,0.0050362018420709405,0.40540540540540543,3309.023036024433,0.1,150,5,0.16866666666666666,0.5485549522387195,2.1866332400870974,0.0
mtd_ai,200,0.0050362018420709405,0.4166666666666667,4864.9851520161465,0.15,150,5,0.16866666666666666,0.5485549522387195,2.1866332400870974,0.0
mtd_ai,200,0.0050362018420709405,0.4166666666666667,5952.065130749479,0.2,150,5,0.16866666666666666,0.5485549522387195,2.1866332400870974,0.0
mtd_ai,200,0.0050362018420709405,0.4573170731707317,6654.396008112728,0.25,150,5,0.16866666666666666,0.5485549522387195,2.1866332400870974,0.0
mtd_ai,200,0.005053595702762918,0.5769230769230769,1216.3589707542615,0.05,150,5,0.14222222222222222,1.8298645379060907,4.850838575212643,0.0
mtd_ai,200,0.005053595702762918,0.4411764705882353,3272.626825130681,0.1,150,5,0.14222222222222222,1.8298645379060907,4.850838575212643,0.0
mtd_ai,200,0.005053595702762918,0.5113636363636364,3776.605666389189,0.15,150,5,0.14222222222222222,1.8298645379060907,4.850838575212643,0.0
mtd_ai,200,0.005053595702762918,0.5555555555555556,4393.522855992682,0.2,150,5,0.14222222222222222,1.8298645379060907,4.850838575212643,0.0
mtd_ai,200,0.005053595702762918,0.5952380952380952,4924.042193428035,0.25,150,5,0.14222222222222222,1.8298645379060907,4.850838575212643,0.0
mtd_ai,200,0.005060440700408683,0.375,1553.3660532847543,0.05,150,5,0.19444444444444442,1.4489194408850545,5.084827352164912,0.0
mtd_ai,200,0.005060440700408683,0.3409090909090909,3985.895836956282,0.1,150,5,0.19444444444444442,1.4489194408850545,5.084827352164912,0.0
mtd_ai,200,0.005060440700408683,0.3813559322033898,5146.545398793419,0.15,150,5,0.19444444444444442,1.4489194408850545,5.084827352164912,0.0
mtd_ai,200,0.005060440700408683,0.4166666666666667,5925.295238748875,0.2,150,5,0.19444444444444442,1.4489194408850545,5.084827352164912,0.0
mtd_ai,200,0.005060440700408683,0.41208791208791207,6855.112928487873,0.25,150,5,0.19444444444444442,1.4489194408850545,5.084827352164912,0.0
mtd_ai,200,0.005051477837045045,0.3,2052.1529934756727,0.05,150,5,0.16129032258064516,0.2140383432440019,0.6914921716101254,0.875
mtd_ai,200,0.005051477837045045,0.36585365853658536,3132.1310391458055,0.1,150,5,0.16129032258064516,0.2140383432440019,0.6914921716101254,0.875
mtd_ai,200,0.005051477837045045,0.45918367346938777,3355.0905058742233,0.15,150,5,0.16129032258064516,0.2140383432440019,0.6914921716101254,0.875
mtd_ai,200,0.005051477837045045,0.47619047619047616,4405.400924815584,0.2,150,5,0.16129032258064516,0.2140383432440019,0.6914921716101254,0.875
mtd_ai,200,0.005051477837045045,0.5208333333333334,4781.824846410768,0.25,150,5,0.16129032258064516,0.2140383432440019,0.6914921716101254,0.875
mtd_ai,200,0.005055886383909478,0.28846153846153844,2249.553192111799,0.05,150,5,0.16666666666666666,0.7643544352099559,2.7002565155167204,0.0
mtd_ai,200,0.005055886383909478,0.36585365853658536,3363.6526958316363,0.1,150,5,0.16666666666666666,0.7643544352099559,2.7002565155167204,0.0
mtd_ai,200,0.005055886383909478,0.4411764705882353,3994.3891890943682,0.15,150,5,0.16666666666666666,0.7643544352099559,2.7002565155167204,0.0
mtd_ai,200,0.005055886383909478,0.4918032786885246,4437.31838677133,0.2,150,5,0.16666666666666666,0.7643544352099559,2.7002565155167204,0.0
mtd_ai,200,0.005055886383909478,0.528169014084507,5145.981002635808,0.25,150,5,0.16666666666666666,0.7643544352099559,2.7002565155167204,0.0
mtd_ai,200,0.005059919230453328,0.2777777777777778,3019.2238128247673,0.05,150,5,0.07972222222222222,0.3289760461851612,1.1523747243971563,0.0
mtd_ai,200,0.005059919230453328,0.3191489361702128,5070.97430807435,0.1,150,5,0.07972222222222222,0.3289760461851612,1.1523747243971563,0.0
mtd_ai,200,0.005059919230453328,0.375,5943.420782393843,0.15,150,5,0.07972222222222222,0.3289760461851612,1.1523747243971563,0.0
mtd_ai,200,0.005059919230453328,0.43478260869565216,6192.824629904882,0.2,150,5,0.07972222222222222,0.3289760461851612,1.1523747243971563,0.0
mtd_ai,200,0.005059919230453328,0.47468354430379744,6606.37543631398,0.25,150,5,0.07972222222222222,0.3289760461851612,1.1523747243971563,0.0
mtd_ai,200,0.005065167906993603,0.2777777777777778,2884.200682875341,0.05,150,5,0.11666666666666667,0.9413462857147405,1.1437542703340926,0.0
mtd_ai,200,0.005065167906993603,0.29411764705882354,3970.4684244349974,0.1,150,5,0.11666666666666667,0.9413462857147405,1.1437542703340926,0.0
mtd_ai,200,0.005065167906993603,0.3629032258064516,4525.934364493904,0.15,150,5,0.11666666666666667,0.9413462857147405,1.1437542703340926,0.0
mtd_ai,200,0.005065167906993603,0.38961038961038963,5719.400857718816,0.2,150,5,0.11666666666666667,0.9413462857147405,1.1437542703340926,0.0
mtd_ai,200,0.005065167906993603,0.43103448275862066,6156.273167902469,0.25,150,5,0.11666666666666667,0.9413462857147405,1.1437542703340926,0.0
mtd_ai,200,0.005055820052033136,0.3,2701.4294579748635,0.05,150,5,0.11577777777777779,1.2203904277630317,3.686980434966228,0.0
mtd_ai,200,0.005055820052033136,0.38461538461538464,3724.401101139253,0.1,150,5,0.11577777777777779,1.2203904277630317,3.686980434966228,0.0
mtd_ai,200,0.005055820052033136,0.4166666666666667,4902.188265500992,0.15,150,5,0.11577777777777779,1.2203904277630317,3.686980434966228,0.0
mtd_ai,200,0.005055820052033136,0.42857142857142855,6125.53905702454,0.2,150,5,0.11577777777777779,1.2203904277630317,3.686980434966228,0.0
mtd_ai,200,0.005055820052033136,0.4573170731707317,7018.57984691117,0.25,150,5,0.11577777777777779,1.2203904277630317,3.686980434966228,0.0
mtd_ai,200,0.0050449070289576145,0.3409090909090909,2587.4569320587552,0.05,150,5,0.1111111111111111,0.7193950503524925,2.494297050465913,-4.888888888888889
mtd_ai,200,0.0050449070289576145,0.4411764705882353,3302.0656768901736,0.1,150,5,0.1111111111111111,0.7193950503524925,2.494297050465913,-4.888888888888889
mtd_ai,200,0.0050449070289576145,0.4787234042553192,4395.047287999505,0.15,150,5,0.1111111111111111,0.7193950503524925,2.494297050465913,-4.888888888888889
mtd_ai,200,0.0050449070289576145,0.5172413793103449,5271.735362225905,0.2,150,5,0.1111111111111111,0.7193950503524925,2.494297050465913,-4.888888888888889
mtd_ai,200,0.0050449070289576145,0.5597014925373134,5640.746650386163,0.25,150,5,0.1111111111111111,0.7193950503524925,2.494297050465913,-4.888888888888889
mtd_ai,200,0.005051172812493639,0.25862068965517243,3169.6057438425596,0.05,150,5,0.11266666666666665,0.3631920139292221,1.0220975504503838,0.0
mtd_ai,200,0.005051172812493639,0.30612244897959184,4294.90047159956,0.1,150,5,0.11266666666666665,0.3631920139292221,1.0220975504503838,0.0
mtd_ai,200,0.005051172812493639,0.3515625,5361.913413497003,0.15,150,5,0.11266666666666665,0.3631920139292221,1.0220975504503838,0.0
mtd_ai,200,0.005051172812493639,0.38461538461538464,6288.352459776782,0.2,150,5,0.11266666666666665,0.3631920139292221,1.0220975504503838,0.0
mtd_ai,200,0.005051172812493639,0.39893617021276595,7087.386344994106,0.25,150,5,0.11266666666666665,0.3631920139292221,1.0220975504503838,0.0
mtd_ai,200,0.0050575420356775485,0.375,1715.48938683624,0.05,150,5,0.14,0.861666811022619,3.4867178298954866,0.0
mtd_ai,200,0.0050575420356775485,0.39473684210526316,2907.8587563035962,0.1,150,5,0.14,0.861666811022619,3.4867178298954866,0.0
mtd_ai,200,0.0050575420356775485,0.4411764705882353,3630.7343703367114,0.15,150,5,0.14,0.861666811022619,3.4867178298954866,0.0
mtd_ai,200,0.0050575420356775485,0.39473684210526316,4642.577453884195,0.2,150,5,0.14,0.861666811022619,3.4867178298954866,0.0
mtd_ai,200,0.0050575420356775485,0.436046511627907,4998.0330138797835,0.25,150,5,0.14,0.861666811022619,3.4867178298954866,0.0
mtd_ai,200,0.005038743011374258,0.3409090909090909,2601.680230131546,0.05,150,5,0.10866666666666668,0.4461025178629071,1.8366313387387234,0.0
mtd_ai,200,0.005038743011374258,0.36585365853658536,4221.458836707027,0.1,150,5,0.10866666666666668,0.4461025178629071,1.8366313387387234,0.0
mtd_ai,200,0.005038743011374258,0.39473684210526316,5507.810657035323,0.15,150,5,0.10866666666666668,0.4461025178629071,1.8366313387387234,0.0
mtd_ai,200,0.005038743011374258,0.4166666666666667,6319.51996699037,0.2,150,5,0.10866666666666668,0.4461025178629071,1.8366313387387234,0.0
mtd_ai,200,0.005038743011374258,0.43103448275862066,7036.411691998623,0.25,150,5,0.10866666666666668,0.4461025178629071,1.8366313387387234,0.0
mtd_ai,200,0.0050737690827562815,0.375,1926.3056385754662,0.05,150,5,0.07692307692307693,4.60898923795148,7.30171591441601,0.0
mtd_ai,200,0.0050737690827562815,0.375,3246.7084111206764,0.1,150,5,0.07692307692307693,4.60898923795148,7.30171591441601,0.0
mtd_ai,200,0.0050737690827562815,0.42452830188679247,4271.768719349899,0.15,150,5,0.07692307692307693,4.60898923795148,7.30171591441601,0.0
mtd_ai,200,0.0050737690827562815,0.44776119402985076,5101.297555870809,0.2,150,5,0.07692307692307693,4.60898923795148,7.30171591441601,0.0
mtd_ai,200,0.0050737690827562815,0.5,5558.912790691984,0.25,150,5,0.07692307692307693,4.60898923795148,7.30171591441601,0.0
mtd_ai,200,0.005057690563584528,0.25862068965517243,3320.6583846750964,0.05,150,5,0.12987301587301586,0.9721871580250102,4.04843417564527,0.0
mtd_ai,200,0.005057690563584528,0.2542372881355932,5534.6776981470375,0.1,150,5,0.12987301587301586,0.9721871580250102,4.04843417564527,0.0
mtd_ai,200,0.005057690563584528,0.3082191780821918,6244.479466189005,0.15,150,5,0.12987301587301586,0.9721871580250102,4.04843417564527,0.0
mtd_ai,200,0.005057690563584528,0.35294117647058826,6781.822267706644,0.2,150,5,0.12987301587301586,0.9721871580250102,4.04843417564527,0.0
mtd_ai,200,0.005057690563584528,0.390625,7399.440162973788,0.25,150,5,0.12987301587301586,0.9721871580250102,4.04843417564527,0.0
mtd_ai,200,0.005071851625966471,0.3,3161.7272260301984,0.05,150,5,0.15166666666666667,0.0034732807731646686,0.007244722692963102,0.0
mtd_ai,200,0.005071851625966471,0.36585365853658536,4124.997137354506,0.1,150,5,0.15166666666666667,0.0034732807731646686,0.007244722692963102,0.0
mtd_ai,200,0.005071851625966471,0.4090909090909091,4895.573705364475,0.15,150,5,0.15166666666666667,0.0034732807731646686,0.007244722692963102,0.0
mtd_ai,200,0.005071851625966471,0.43478260869565216,5520.996964233752,0.2,150,5,0.15166666666666667,0.0034732807731646686,0.007244722692963102,0.0
mtd_ai,200,0.005071851625966471,0.45180722891566266,6144.673768718172,0.25,150,5,0.15166666666666667,0.0034732807731646686,0.007244722692963102,0.0
mtd_ai,200,0.005086080667908522,0.5769230769230769,1163.2836033054691,0.05,150,5,0.15366666666666667,0.004678342906750191,0.0008217831243787914,0.0
mtd_ai,200,0.005086080667908522,0.5172413793103449,2354.5005654086726,0.1,150,5,0.15366666666666667,0.004678342906750191,0.0008217831243787914,0.0
mtd_ai,200,0.005086080667908522,0.5232558139534884,3517.7073682301534,0.15,150,5,0.15366666666666667,0.004678342906750191,0.0008217831243787914,0.0
mtd_ai,200,0.005086080667908522,0.5,4262.741864291817,0.2,150,5,0.15366666666666667,0.004678342906750191,0.0008217831243787914,0.0
mtd_ai,200,0.005086080667908522,0.4807692307692308,5048.778526045849,0.25,150,5,0.15366666666666667,0.004678342906750191,0.0008217831243787914,0.0
mtd_ai,200,0.005067017546066535,0.35714285714285715,1492.3108565352177,0.05,150,5,0.13722222222222222,5.762001714997655,5.3927167729094645,0.0
mtd_ai,200,0.005067017546066535,0.4166666666666667,2602.372740223253,0.1,150,5,0.13722222222222222,5.762001714997655,5.3927167729094645,0.0
mtd_ai,200,0.005067017546066535,0.4166666666666667,4133.2572756431,0.15,150,5,0.13722222222222222,5.762001714997655,5.3927167729094645,0.0
mtd_ai,200,0.005067017546066535,0.4166666666666667,5566.210916425862,0.2,150,5,0.13722222222222222,5.762001714997655,5.3927167729094645,0.0
mtd_ai,200,0.005067017546066535,0.436046511627907,6342.937535148101,0.25,150,5,0.13722222222222222,5.762001714997655,5.3927167729094645,0.0
mtd_ai,200,0.005068045110699055,0.2777777777777778,2831.7850299085444,0.05,150,5,0.15466666666666667,0.10488449649952222,0.45646829666173827,0.0
mtd_ai,200,0.005068045110699055,0.3409090909090909,4002.948727158868,0.1,150,5,0.15466666666666667,0.10488449649952222,0.45646829666173827,0.0
mtd_ai,200,0.005068045110699055,0.4090909090909091,4658.101869080585,0.15,150,5,0.15466666666666667,0.10488449649952222,0.45646829666173827,0.0
mtd_ai,200,0.005068045110699055,0.45454545454545453,5190.141741350946,0.2,150,5,0.15466666666666667,0.10488449649952222,0.45646829666173827,0.0
mtd_ai,200,0.005068045110699055,0.487012987012987,5698.0163703120215,0.25,150,5,0.15466666666666667,0.10488449649952222,0.45646829666173827,0.0
mtd_ai,200,0.005039616686064569,0.2777777777777778,2765.2171284660435,0.05,150,5,0.12666666666666668,0.010469999949505359,0.035895481229110716,0.0
mtd_ai,200,0.005039616686064569,0.3333333333333333,4121.244900556967,0.1,150,5,0.12666666666666668,0.010469999949505359,0.035895481229110716,0.0
mtd_ai,200,0.005039616686064569,0.4017857142857143,4627.89213008353,0.15,150,5,0.12666666666666668,0.010469999949505359,0.035895481229110716,0.0
mtd_ai,200,0.005039616686064569,0.43478260869565216,5395.9271201807205,0.2,150,5,0.12666666666666668,0.010469999949505359,0.035895481229110716,0.0
mtd_ai,200,0.005039616686064569,0.46875,6107.195690521956,0.25,150,5,0.12666666666666668,0.010469999949505359,0.035895481229110716,0.0
mtd_ai,200,0.005042047431284224,0.3409090909090909,2167.2268146425504,0.05,150,5,0.12277777777777779,0.13589918839868767,0.5610569599252432,0.0
mtd_ai,200,0.005042047431284224,0.3409090909090909,4242.69736636869,0.1,150,5,0.12277777777777779,0.13589918839868767,0.5610569599252432,0.0
mtd_ai,200,0.005042047431284224,0.42452830188679247,4676.9214074320425,0.15,150,5,0.12277777777777779,0.13589918839868767,0.5610569599252432,0.0
mtd_ai,200,0.005042047431284224,0.42857142857142855,5694.2984878154475,0.2,150,5,0.12277777777777779,0.13589918839868767,0.5610569599252432,0.0
mtd_ai,200,0.005042047431284224,0.47468354430379744,6230.4023915725065,0.25,150,5,0.12277777777777779,0.13589918839868767,0.5610569599252432,0.0
mtd_ai,200,0.005048646972426423,0.3,2381.882950881234,0.05,150,5,0.18066666666666664,0.8169242031150187,3.5159613452060463,0.0
mtd_ai,200,0.005048646972426423,0.2777777777777778,4864.011265631057,0.1,150,5,0.18066666666666664,0.8169242031150187,3.5159613452060463,0.0
mtd_ai,200,0.005048646972426423,0.28125,6516.787230801575,0.15,150,5,0.18066666666666664,0.8169242031150187,3.5159613452060463,0.0
mtd_ai,200,0.005048646972426423,0.30927835051546393,7364.963716728498,0.2,150,5,0.18066666666666664,0.8169242031150187,3.5159613452060463,0.0
mtd_ai,200,0.005048646972426423,0.3232758620689655,8573.27324175946,0.25,150,5,0.18066666666666664,0.8169242031150187,3.5159613452060463,0.0
mtd_ai,200,0.005025868764095163,0.3,2169.837933368258,0.05,150,5,0.12633333333333333,0.9285692871875459,3.597354801631528,0.0
mtd_ai,200,0.005025868764095163,0.3409090909090909,4196.643153502252,0.1,150,5,0.12633333333333333,0.9285692871875459,3.597354801631528,0.0
mtd_ai,200,0.005025868764095163,0.31690140845070425,7260.078439724301,0.15,150,5,0.12633333333333333,0.9285692871875459,3.597354801631528,0.0
mtd_ai,200,0.005025868764095163,0.36585365853658536,7745.0147876996125,0.2,150,5,0.12633333333333333,0.9285692871875459,3.597354801631528,0.0
mtd_ai,200,0.005025868764095163,0.3787878787878788,8643.358459806144,0.25,150,5,0.12633333333333333,0.9285692871875459,3.597354801631528,0.0
mtd_ai,200,0.005051412302274983,0.4411764705882353,1430.9916823944845,0.05,150,5,0.12333333333333334,3.067198748087686,2.9953279504900814,0.0
mtd_ai,200,0.005051412302274983,0.4166666666666667,2980.632337733038,0.1,150,5,0.12333333333333334,3.067198748087686,2.9953279504900814,0.0
mtd_ai,200,0.005051412302274983,0.46875,3730.7229754167847,0.15,150,5,0.12333333333333334,3.067198748087686,2.9953279504900814,0.0
mtd_ai,200,0.005051412302274983,0.45454545454545453,4749.494824329259,0.2,150,5,0.12333333333333334,3.067198748087686,2.9953279504900814,0.0
mtd_ai,200,0.005051412302274983,0.4807692307692308,5486.588256254957,0.25,150,5,0.12333333333333334,3.067198748087686,2.9953279504900814,0.0
mtd_ai,200,0.005077396211748269,0.2777777777777778,2685.5347041189134,0.05,150,5,0.25,0.2209043408810527,0.6989497052151996,0.0
mtd_ai,200,0.005077396211748269,0.38461538461538464,3242.727683510763,0.1,150,5,0.25,0.2209043408810527,0.6989497052151996,0.0
mtd_ai,200,0.005077396211748269,0.42452830188679247,4395.620699775995,0.15,150,5,0.25,0.2209043408810527,0.6989497052151996,0.0
mtd_ai,200,0.005077396211748269,0.46153846153846156,4915.876837780813,0.2,150,5,0.25,0.2209043408810527,0.6989497052151996,0.0
mtd_ai,200,0.005077396211748269,0.5067567567567568,5267.634437781758,0.25,150,5,0.25,0.2209043408810527,0.6989497052151996,0.0
mtd_ai,200,0.005088364149668279,0.4411764705882353,1517.6275414292431,0.05,150,5,0.13555555555555554,0.8154480623794782,1.130800323455386,0.0
mtd_ai,200,0.005088364149668279,0.40540540540540543,2702.3713564038517,0.1,150,5,0.13555555555555554,0.8154480623794782,1.130800323455386,0.0
mtd_ai,200,0.005088364149668279,0.4787234042553192,3413.6385210746894,0.15,150,5,0.13555555555555554,0.8154480623794782,1.130800323455386,0.0
mtd_ai,200,0.005088364149668279,0.4918032786885246,4313.512059086879,0.2,150,5,0.13555555555555554,0.8154480623794782,1.130800323455386,0.0
mtd_ai,200,0.005088364149668279,0.5,5217.70952865964,0.25,150,5,0.13555555555555554,0.8154480623794782,1.130800323455386,0.0
mtd_ai,200,0.005050142373877246,0.3125,2678.8078401692737,0.05,150,5,0.1097777777777778,0.4872530957601541,2.0133700657214617,0.0
mtd_ai,200,0.005050142373877246,0.4411764705882353,3269.04489016508,0.1,150,5,0.1097777777777778,0.4872530957601541,2.0133700657214617,0.0
mtd_ai,200,0.005050142373877246,0.45918367346938777,4643.684718328019,0.15,150,5,0.1097777777777778,0.4872530957601541,2.0133700657214617,0.0
mtd_ai,200,0.005050142373877246,0.4411764705882353,5625.688166949276,0.2,150,5,0.1097777777777778,0.4872530957601541,2.0133700657214617,0.0
mtd_ai,200,0.005050142373877246,0.47468354430379744,6132.528146489609,0.25,150,5,0.1097777777777778,0.4872530957601541,2.0133700657214617,0.0
mtd_ai,200,0.005071763310849337,0.35714285714285715,2127.824025902785,0.05,150,5,0.1275555555555556,0.24537049769828118,0.9867729277852997,0.0
mtd_ai,200,0.005071763310849337,0.38461538461538464,3806.2418941169203,0.1,150,5,0.1275555555555556,0.24537049769828118,0.9867729277852997,0.0
mtd_ai,200,0.005071763310849337,0.4326923076923077,4604.248974762664,0.15,150,5,0.1275555555555556,0.24537049769828118,0.9867729277852997,0.0
mtd_ai,200,0.005071763310849337,0.4838709677419355,5009.88650258843,0.2,150,5,0.1275555555555556,0.24537049769828118,0.9867729277852997,0.0
mtd_ai,200,0.005071763310849337,0.46875,6330.836733193199,0.25,150,5,0.1275555555555556,0.24537049769828118,0.9867729277852997,0.0
mtd_ai,200,0.005030003803027002,0.4411764705882353,1441.4435775775232,0.05,150,5,0.11944444444444445,0.15535414457392174,0.6110991464749707,0.0
mtd_ai,200,0.005030003803027002,0.35714285714285715,4407.009735903028,0.1,150,5,0.11944444444444445,0.15535414457392174,0.6110991464749707,0.0
mtd_ai,200,0.005030003803027002,0.4017857142857143,5813.602504061133,0.15,150,5,0.11944444444444445,0.15535414457392174,0.6110991464749707,0.0
mtd_ai,200,0.005030003803027002,0.4411764705882353,6328.612794352834,0.2,150,5,0.11944444444444445,0.15535414457392174,0.6110991464749707,0.0
mtd_ai,200,0.005030003803027002,0.45180722891566266,6863.399918421639,0.25,150,5,0.11944444444444445,0.15535414457392174,0.6110991464749707,0.0
mtd_ai,200,0.0050310467080457106,0.375,1822.9016142398536,0.05,150,5,0.3076923076923077,0.04180085148878228,0.18769698411214936,-4.28125
mtd_ai,200,0.0050310467080457106,0.2830188679245283,5609.623173862985,0.1,150,5,0.3076923076923077,0.04180085148878228,0.18769698411214936,-4.28125
mtd_ai,200,0.0050310467080457106,0.3409090909090909,6119.501663139458,0.15,150,5,0.3076923076923077,0.04180085148878228,0.18769698411214936,-4.28125
mtd_ai,200,0.0050310467080457106,0.38461538461538464,6668.828159705552,0.2,150,5,0.3076923076923077,0.04180085148878228,0.18769698411214936,-4.28125
mtd_ai,200,0.0050310467080457106,0.4032258064516129,7338.719300239032,0.25,150,5,0.3076923076923077,0.04180085148878228,0.18769698411214936,-4.28125
mtd_ai,200,0.00508992567074333,0.3409090909090909,2303.8401524589,0.05,150,5,0.10666666666666667,0.7376896344823421,3.125330065214466,0.0
mtd_ai,200,0.00508992567074333,0.39473684210526316,3479.8896419462835,0.1,150,5,0.10666666666666667,0.7376896344823421,3.125330065214466,0.0
mtd_ai,200,0.00508992567074333,0.4787234042553192,3848.0415155961555,0.15,150,5,0.10666666666666667,0.7376896344823421,3.125330065214466,0.0
mtd_ai,200,0.00508992567074333,0.5084745762711864,4622.014540076146,0.2,150,5,0.10666666666666667,0.7376896344823421,3.125330065214466,0.0
mtd_ai,200,0.00508992567074333,0.5514705882352942,5044.587456717988,0.25,150,5,0.10666666666666667,0.7376896344823421,3.125330065214466,0.0
mtd_ai,200,0.0050746939966667,0.4166666666666667,1580.7137092691082,0.05,150,5,0.12866666666666668,1.5087014239882612,1.9677678885489527,0.0
mtd_ai,200,0.0050746939966667,0.4411764705882353,2803.013314567001,0.1,150,5,0.12866666666666668,1.5087014239882612,1.9677678885489527,0.0
mtd_ai,200,0.0050746939966667,0.45918367346938777,3403.2113506801275,0.15,150,5,0.12866666666666668,1.5087014239882612,1.9677678885489527,0.0
mtd_ai,200,0.0050746939966667,0.44776119402985076,4803.339866242968,0.2,150,5,0.12866666666666668,1.5087014239882612,1.9677678885489527,0.0
mtd_ai,200,0.0050746939966667,0.45180722891566266,5755.302017346461,0.25,150,5,0.12866666666666668,1.5087014239882612,1.9677678885489527,0.0
mtd_ai,200,0.005078825983488545,0.32608695652173914,2102.351875639002,0.05,150,5,0.17174603174603173,1.1654192709294249,3.067992804351793,0.0
mtd_ai,200,0.005078825983488545,0.375,3583.927724963579,0.1,150,5,0.17174603174603173,1.1654192709294249,3.067992804351793,0.0
mtd_ai,200,0.005078825983488545,0.4090909090909091,4570.179535011012,0.15,150,5,0.17174603174603173,1.1654192709294249,3.067992804351793,0.0
mtd_ai,200,0.005078825983488545,0.4411764705882353,5258.630478507739,0.2,150,5,0.17174603174603173,1.1654192709294249,3.067992804351793,0.0
mtd_ai,200,0.005078825983488545,0.4934210526315789,5491.958491182129,0.25,150,5,0.17174603174603173,1.1654192709294249,3.067992804351793,0.0
mtd_ai,200,0.005064138228686341,0.234375,3966.3188750757295,0.05,150,5,0.11355555555555555,1.3996973637041163,4.881463125739583,0.0
mtd_ai,200,0.005064138228686341,0.3191489361702128,4935.242735004797,0.1,150,5,0.11355555555555555,1.3996973637041163,4.881463125739583,0.0
mtd_ai,200,0.005064138228686341,0.3813559322033898,5709.253909367109,0.15,150,5,0.11355555555555555,1.3996973637041163,4.881463125739583,0.0
mtd_ai,200,0.005064138228686341,0.38961038961038963,6475.222091943164,0.2,150,5,0.11355555555555555,1.3996973637041163,4.881463125739583,0.0
mtd_ai,200,0.005064138228686341,0.436046511627907,6825.862737806297,0.25,150,5,0.11355555555555555,1.3996973637041163,4.881463125739583,0.0
mtd_ai,200,0.005059936522924567,0.35714285714285715,2285.050686186035,0.05,150,5,0.10666666666666667,0.28642691590165237,1.0147982689832786,4.857142857142857
mtd_ai,200,0.005059936522924567,0.45454545454545453,3087.961753483349,0.1,150,5,0.10666666666666667,0.28642691590165237,1.0147982689832786,4.857142857142857
mtd_ai,200,0.005059936522924567,0.45918367346938777,4324.767789673625,0.15,150,5,0.10666666666666667,0.28642691590165237,1.0147982689832786,4.857142857142857
mtd_ai,200,0.005059936522924567,0.5084745762711864,4824.393133782712,0.2,150,5,0.10666666666666667,0.28642691590165237,1.0147982689832786,4.857142857142857
mtd_ai,200,0.005059936522924567,0.5514705882352942,5241.989649282905,0.25,150,5,0.10666666666666667,0.28642691590165237,1.0147982689832786,4.857142857142857
mtd_ai,200,0.005085317696012561,0.26785714285714285,2207.652356566963,0.05,150,5,0.19155555555555553,0.3274467603442267,1.248669610903381,0.0
mtd_ai,200,0.005085317696012561,0.35714285714285715,3118.1340319811825,0.1,150,5,0.19155555555555553,0.3274467603442267,1.248669610903381,0.0
mtd_ai,200,0.005085317696012561,0.4411764705882353,3559.193043170986,0.15,150,5,0.19155555555555553,0.3274467603442267,1.248669610903381,0.0
mtd_ai,200,0.005085317696012561,0.46153846153846156,4768.38497699239,0.2,150,5,0.19155555555555553,0.3274467603442267,1.248669610903381,0.0
mtd_ai,200,0.005085317696012561,0.487012987012987,5730.410641504708,0.25,150,5,0.19155555555555553,0.3274467603442267,1.248669610903381,0.0
mtd_ai,200,0.005047565512178102,0.3125,2373.8408999018598,0.05,150,5,0.0,0.6356049225891804,2.052791530804599,-4.678571428571429
mtd_ai,200,0.005047565512178102,0.4166666666666667,3087.244142710657,0.1,150,5,0.0,0.6356049225891804,2.052791530804599,-4.678571428571429
mtd_ai,200,0.005047565512178102,0.5113636363636364,3502.928181298549,0.15,150,5,0.0,0.6356049225891804,2.052791530804599,-4.678571428571429
mtd_ai,200,0.005047565512178102,0.46153846153846156,4822.985314483234,0.2,150,5,0.0,0.6356049225891804,2.052791530804599,-4.678571428571429
mtd_ai,200,0.005047565512178102,0.5067567567567568,5203.056795495255,0.25,150,5,0.0,0.6356049225891804,2.052791530804599,-4.678571428571429
mtd_ai,200,0.005061075392433966,0.35714285714285715,1586.6936318415278,0.05,150,5,0.10666666666666667,1.7305356982341682,5.558003496138434,0.0
mtd_ai,200,0.005061075392433966,0.375,3278.709218799263,0.1,150,5,0.10666666666666667,1.7305356982341682,5.558003496138434,0.0
mtd_ai,200,0.005061075392433966,0.4411764705882353,4033.6353220514106,0.15,150,5,0.10666666666666667,1.7305356982341682,5.558003496138434,0.0
mtd_ai,200,0.005061075392433966,0.44776119402985076,5029.688795397309,0.2,150,5,0.10666666666666667,1.7305356982341682,5.558003496138434,0.0
mtd_ai,200,0.005061075392433966,0.44642857142857145,6348.814253348015,0.25,150,5,0.10666666666666667,1.7305356982341682,5.558003496138434,0.0
mtd_ai,200,0.005051989347439387,0.28846153846153844,2655.8831799088416,0.05,150,5,0.11033333333333334,0.5819178653410705,2.1989561223750007,0.0
mtd_ai,200,0.005051989347439387,0.32608695652173914,3756.877231924433,0.1,150,5,0.11033333333333334,0.5819178653410705,2.1989561223750007,0.0
mtd_ai,200,0.005051989347439387,0.3879310344827586,4247.332785965828,0.15,150,5,0.11033333333333334,0.5819178653410705,2.1989561223750007,0.0
mtd_ai,200,0.005051989347439387,0.4225352112676056,4868.791479467532,0.2,150,5,0.11033333333333334,0.5819178653410705,2.1989561223750007,0.0
mtd_ai,200,0.005051989347439387,0.4573170731707317,5358.433245780376,0.25,150,5,0.11033333333333334,0.5819178653410705,2.1989561223750007,0.0
mtd_ai,200,0.005037577695733032,0.28846153846153844,2102.8436279422494,0.05,150,5,0.2727272727272727,0.4383504347809526,1.2721850433911646,-4.633333333333334
mtd_ai,200,0.005037577695733032,0.29411764705882354,4226.146330250006,0.1,150,5,0.2727272727272727,0.4383504347809526,1.2721850433911646,-4.633333333333334
mtd_ai,200,0.005037577695733032,0.3515625,4932.135136962679,0.15,150,5,0.2727272727272727,0.4383504347809526,1.2721850433911646,-4.633333333333334
mtd_ai,200,0.005037577695733032,0.39473684210526316,5460.622595606395,0.2,150,5,0.2727272727272727,0.4383504347809526,1.2721850433911646,-4.633333333333334
mtd_ai,200,0.005037577695733032,0.4166666666666667,6526.011821993862,0.25,150,5,0.2727272727272727,0.4383504347809526,1.2721850433911646,-4.633333333333334
mtd_ai,200,0.005058215131720257,0.5,1273.3504376614128,0.05,150,5,0.129,1.2512135690021173,3.990306952849516,0.0
mtd_ai,200,0.005058215131720257,0.5,2800.1637852672447,0.1,150,5,0.129,1.2512135690021173,3.990306952849516,0.0
mtd_ai,200,0.005058215131720257,0.5,4132.080393274883,0.15,150,5,0.129,1.2512135690021173,3.990306952849516,0.0
mtd_ai,200,0.005058215131720257,0.46153846153846156,6325.4383819983395,0.2,150,5,0.129,1.2512135690021173,3.990306952849516,0.0
mtd_ai,200,0.005058215131720257,0.5067567567567568,6605.539172261702,0.25,150,5,0.129,1.2512135690021173,3.990306952849516,0.0
mtd_ai,200,0.00506738859913255,0.3409090909090909,1720.8039790087864,0.05,150,5,0.13977777777777778,0.15123960960638913,0.5111762138129681,0.0
mtd_ai,200,0.00506738859913255,0.42857142857142855,2413.340541031357,0.1,150,5,0.13977777777777778,0.15123960960638913,0.5111762138129681,0.0
mtd_ai,200,0.00506738859913255,0.5,3164.9763005499226,0.15,150,5,0.13977777777777778,0.15123960960638913,0.5111762138129681,0.0
mtd_ai,200,0.00506738859913255,0.5172413793103449,4175.148664893324,0.2,150,5,0.13977777777777778,0.15123960960638913,0.5111762138129681,0.0
mtd_ai,200,0.00506738859913255,0.47468354430379744,6519.399316054092,0.25,150,5,0.13977777777777778,0.15123960960638913,0.5111762138129681,0.0
mtd_ai,200,0.005040508392368818,0.26785714285714285,2236.9878801125633,0.05,150,5,0.1374074074074074,0.05208313089185129,0.16806294973152672,0.0
mtd_ai,200,0.005040508392368818,0.3,4308.625795925999,0.1,150,5,0.1374074074074074,0.05208313089185129,0.16806294973152672,0.0
mtd_ai,200,0.005040508392368818,0.34615384615384615,5438.453000417785,0.15,150,5,0.1374074074074074,0.05208313089185129,0.16806294973152672,0.0
mtd_ai,200,0.005040508392368818,0.38461538461538464,6530.340328052617,0.2,150,5,0.1374074074074074,0.05208313089185129,0.16806294973152672,0.0
mtd_ai,200,0.005040508392368818,0.42613636363636365,6885.43476704445,0.25,150,5,0.1374074074074074,0.05208313089185129,0.16806294973152672,0.0
mtd_ai,200,0.005062960919806891,0.39473684210526316,1740.0753025317163,0.05,150,5,0.16133333333333333,2.953266125055998,5.902623335386939,0.0
mtd_ai,200,0.005062960919806891,0.4411764705882353,3016.2891267192235,0.1,150,5,0.16133333333333333,2.953266125055998,5.902623335386939,0.0
mtd_ai,200,0.005062960919806891,0.5113636363636364,3544.671008475092,0.15,150,5,0.16133333333333333,2.953266125055998,5.902623335386939,0.0
mtd_ai,200,0.005062960919806891,0.5769230769230769,4106.468270791409,0.2,150,5,0.16133333333333333,2.953266125055998,5.902623335386939,0.0
mtd_ai,200,0.005062960919806891,0.5859375,4810.376440371438,0.25,150,5,0.16133333333333333,2.953266125055998,5.902623335386939,0.0
mtd_ai,200,0.005036385929943731,0.3125,1977.5869382369547,0.05,150,5,0.13333333333333333,0.2052651173048978,0.48529806744567894,0.0
mtd_ai,200,0.005036385929943731,0.3409090909090909,3500.722856320559,0.1,150,5,0.13333333333333333,0.2052651173048978,0.48529806744567894,0.0
mtd_ai,200,0.005036385929943731,0.33088235294117646,5281.984247703429,0.15,150,5,0.13333333333333333,0.2052651173048978,0.48529806744567894,0.0
mtd_ai,200,0.005036385929943731,0.32608695652173914,6879.833266642352,0.2,150,5,0.13333333333333333,0.2052651173048978,0.48529806744567894,0.0
mtd_ai,200,0.005036385929943731,0.3605769230769231,7364.341474639559,0.25,150,5,0.13333333333333333,0.2052651173048978,0.48529806744567894,0.0
mtd_ai,200,0.005043315554965451,0.3125,2182.701513515157,0.05,150,5,0.1161111111111111,0.4873322128882997,1.4930425442460715,0.0
mtd_ai,200,0.005043315554965451,0.39473684210526316,3290.1668223835695,0.1,150,5,0.1161111111111111,0.4873322128882997,1.4930425442460715,0.0
mtd_ai,200,0.005043315554965451,0.4787234042553192,3941.8263859855297,0.15,150,5,0.1161111111111111,0.4873322128882997,1.4930425442460715,0.0
mtd_ai,200,0.005043315554965451,0.4838709677419355,4948.816816985207,0.2,150,5,0.1161111111111111,0.4873322128882997,1.4930425442460715,0.0
mtd_ai,200,0.005043315554965451,0.4934210526315789,5896.118992107618,0.25,150,5,0.1161111111111111,0.4873322128882997,1.4930425442460715,0.0
mtd_ai,200,0.005036318302185425,0.21428571428571427,2552.1014004203753,0.05,150,5,0.13936507936507936,1.8423238464322405,4.457479353858823,0.0
mtd_ai,200,0.005036318302185425,0.2777777777777778,3803.630577083159,0.1,150,5,0.13936507936507936,1.8423238464322405,4.457479353858823,0.0
mtd_ai,200,0.005036318302185425,0.31690140845070425,4764.669827598799,0.15,150,5,0.13936507936507936,1.8423238464322405,4.457479353858823,0.0
mtd_ai,200,0.005036318302185425,0.32967032967032966,5919.680167884652,0.2,150,5,0.13936507936507936,1.8423238464322405,4.457479353858823,0.0
mtd_ai,200,0.005036318302185425,0.36764705882352944,6324.048427663225,0.25,150,5,0.13936507936507936,1.8423238464322405,4.457479353858823,0.0
mtd_ai,200,0.0050728099677536395,0.24193548387096775,3763.2242524597723,0.05,150,5,0.10388888888888889,0.3408729651566705,1.4814466992765891,0.0
mtd_ai,200,0.0050728099677536395,0.36585365853658536,4101.490756895252,0.1,150,5,0.10388888888888889,0.3408729651566705,1.4814466992765891,0.0
mtd_ai,200,0.0050728099677536395,0.4090909090909091,5153.999882150219,0.15,150,5,0.10388888888888889,0.3408729651566705,1.4814466992765891,0.0
mtd_ai,200,0.0050728099677536395,0.46153846153846156,5618.555450355269,0.2,150,5,0.10388888888888889,0.3408729651566705,1.4814466992765891,0.0
mtd_ai,200,0.0050728099677536395,0.487012987012987,5962.793609232462,0.25,150,5,0.10388888888888889,0.3408729651566705,1.4814466992765891,0.0
mtd_ai,200,0.005057656411724799,0.28846153846153844,2067.9307404891424,0.05,150,5,0.2777777777777778,0.6239323924196762,2.0279555750464437,0.0
mtd_ai,200,0.005057656411724799,0.29411764705882354,4364.39958008308,0.1,150,5,0.2777777777777778,0.6239323924196762,2.0279555750464437,0.0
mtd_ai,200,0.005057656411724799,0.3515625,5162.15745160338,0.15,150,5,0.2777777777777778,0.6239323924196762,2.0279555750464437,0.0
mtd_ai,200,0.005057656411724799,0.38461538461538464,6336.9764575349345,0.2,150,5,0.2777777777777778,0.6239323924196762,2.0279555750464437,0.0
mtd_ai,200,0.005057656411724799,0.4076086956521739,6928.211390518704,0.25,150,5,0.2777777777777778,0.6239323924196762,2.0279555750464437,0.0
mtd_ai,200,0.005032273729916379,0.3,2010.3449735939723,0.05,150,5,0.13666666666666663,0.5418674912052841,1.1447220794080535,0.0
mtd_ai,200,0.005032273729916379,0.35714285714285715,3279.1539882671304,0.1,150,5,0.13666666666666663,0.5418674912052841,1.1447220794080535,0.0
mtd_ai,200,0.005032273729916379,0.39473684210526316,4380.452093919971,0.15,150,5,0.13666666666666663,0.5418674912052841,1.1447220794080535,0.0
mtd_ai,200,0.005032273729916379,0.4,5964.020788439805,0.2,150,5,0.13666666666666663,0.5418674912052841,1.1447220794080535,0.0
mtd_ai,200,0.005032273729916379,0.4166666666666667,6600.557284521528,0.25,150,5,0.13666666666666663,0.5418674912052841,1.1447220794080535,0.0
mtd_ai,200,0.005039783539054636,0.2777777777777778,2852.4788051227442,0.05,150,5,0.16914285714285712,0.7645365212140025,3.1409005146421616,0.0
mtd_ai,200,0.005039783539054636,0.32608695652173914,4633.270853491986,0.1,150,5,0.16914285714285712,0.7645365212140025,3.1409005146421616,0.0
mtd_ai,200,0.005039783539054636,0.35714285714285715,6040.029825663203,0.15,150,5,0.16914285714285712,0.7645365212140025,3.1409005146421616,0.0
mtd_ai,200,0.005039783539054636,0.4166666666666667,6282.470418754556,0.2,150,5,0.16914285714285712,0.7645365212140025,3.1409005146421616,0.0
mtd_ai,200,0.005039783539054636,0.4573170731707317,6660.780366917415,0.25,150,5,0.16914285714285712,0.7645365212140025,3.1409005146421616,0.0
mtd_ai,200,0.005064254792526055,0.20833333333333334,3232.0255301426373,0.05,150,5,0.4,0.46495062083179783,1.5795796049135915,0.0
mtd_ai,200,0.005064254792526055,0.28846153846153844,4203.851481642307,0.1,150,5,0.4,0.46495062083179783,1.5795796049135915,0.0
mtd_ai,200,0.005064254792526055,0.3515625,4843.336315221519,0.15,150,5,0.4,0.46495062083179783,1.5795796049135915,0.0
mtd_ai,200,0.005064254792526055,0.39473684210526316,5329.409422669132,0.2,150,5,0.4,0.46495062083179783,1.5795796049135915,0.0
mtd_ai,200,0.005064254792526055,0.42613636363636365,6211.622412114482,0.25,150,5,0.4,0.46495062083179783,1.5795796049135915,0.0
mtd_ai,200,0.00508122860695618,0.3125,1753.4312650704064,0.05,150,5,0.15644444444444447,1.3704201044441442,2.316821370894893,0.0
mtd_ai,200,0.00508122860695618,0.39473684210526316,2875.963075069397,0.1,150,5,0.15644444444444447,1.3704201044441442,2.316821370894893,0.0
mtd_ai,200,0.00508122860695618,0.3879310344827586,3913.2835780715445,0.15,150,5,0.15644444444444447,1.3704201044441442,2.316821370894893,0.0
mtd_ai,200,0.00508122860695618,0.43478260869565216,4515.608911742709,0.2,150,5,0.15644444444444447,1.3704201044441442,2.316821370894893,0.0
mtd_ai,200,0.00508122860695618,0.46875,5272.83616743297,0.25,150,5,0.15644444444444447,1.3704201044441442,2.316821370894893,0.0
mtd_ai,200,0.005063671600032012,0.2777777777777778,2309.1437551500408,0.05,150,5,0.1500634920634921,0.46415157872351787,1.5234277315831415,0.0
mtd_ai,200,0.005063671600032012,0.36585365853658536,3125.3511463441073,0.1,150,5,0.1500634920634921,0.46415157872351787,1.5234277315831415,0.0
mtd_ai,200,0.005063671600032012,0.4017857142857143,4410.962561863248,0.15,150,5,0.1500634920634921,0.46415157872351787,1.5234277315831415,0.0
mtd_ai,200,0.005063671600032012,0.4225352112676056,5269.688385601227,0.2,150,5,0.1500634920634921,0.46415157872351787,1.5234277315831415,0.0
mtd_ai,200,0.005063671600032012,0.3787878787878788,6985.625264683468,0.25,150,5,0.1500634920634921,0.46415157872351787,1.5234277315831415,0.0
mtd_ai,200,0.00508558251037236,0.35714285714285715,2234.9594422763075,0.05,150,5,0.11944444444444442,0.15948414238318145,0.2363387228032191,0.0
mtd_ai,200,0.00508558251037236,0.42857142857142855,3660.843641673039,0.1,150,5,0.11944444444444442,0.15948414238318145,0.2363387228032191,0.0
mtd_ai,200,0.00508558251037236,0.5113636363636364,4138.032309660281,0.15,150,5,0.11944444444444442,0.15948414238318145,0.2363387228032191,0.0
mtd_ai,200,0.00508558251037236,0.5263157894736842,4665.905234519898,0.2,150,5,0.11944444444444442,0.15948414238318145,0.2363387228032191,0.0
mtd_ai,200,0.00508558251037236,0.5597014925373134,5118.018548427526,0.25,150,5,0.11944444444444442,0.15948414238318145,0.2363387228032191,0.0
mtd_ai,200,0.0050387221378153145,0.32608695652173914,2713.2693558484452,0.05,150,5,0.08,29.590889718970068,2.5148555977806994,4.516129032258065
mtd_ai,200,0.0050387221378153145,0.39473684210526316,3830.6131667176833,0.1,150,5,0.08,29.590889718970068,2.5148555977806994,4.516129032258065
mtd_ai,200,0.0050387221378153145,0.45918367346938777,4404.782495810784,0.15,150,5,0.08,29.590889718970068,2.5148555977806994,4.516129032258065
mtd_ai,200,0.0050387221378153145,0.47619047619047616,5150.257122827404,0.2,150,5,0.08,29.590889718970068,2.5148555977806994,4.516129032258065
mtd_ai,200,0.0050387221378153145,0.4411764705882353,6208.184049371126,0.25,150,5,0.08,29.590889718970068,2.5148555977806994,4.516129032258065
mtd_ai,200,0.005072247333087579,0.2777777777777778,3384.3841035594032,0.05,150,5,0.12,0.3691839896580757,0.7989690827469291,0.0
mtd_ai,200,0.005072247333087579,0.38461538461538464,4160.200626138227,0.1,150,5,0.12,0.3691839896580757,0.7989690827469291,0.0
mtd_ai,200,0.005072247333087579,0.45,4897.782191830192,0.15,150,5,0.12,0.3691839896580757,0.7989690827469291,0.0
mtd_ai,200,0.005072247333087579,0.4838709677419355,5640.474131776877,0.2,150,5,0.12,0.3691839896580757,0.7989690827469291,0.0
mtd_ai,200,0.005072247333087579,0.4807692307692308,6266.218851036552,0.25,150,5,0.12,0.3691839896580757,0.7989690827469291,0.0
mtd_ai,200,0.005067828798061713,0.32608695652173914,2761.96028465539,0.05,150,5,0.1311111111111111,0.8385980709704819,3.662714196758906,0.0
mtd_ai,200,0.005067828798061713,0.35714285714285715,3658.0090804384054,0.1,150,5,0.1311111111111111,0.8385980709704819,3.662714196758906,0.0
mtd_ai,200,0.005067828798061713,0.42452830188679247,4434.619131962881,0.15,150,5,0.1311111111111111,0.8385980709704819,3.662714196758906,0.0
mtd_ai,200,0.005067828798061713,0.42857142857142855,6451.725058618055,0.2,150,5,0.1311111111111111,0.8385980709704819,3.662714196758906,0.0
mtd_ai,200,0.005067828798061713,0.4807692307692308,6753.229720665771,0.25,150,5,0.1311111111111111,0.8385980709704819,3.662714196758906,0.0
mtd_ai,200,0.005059609057333764,0.3125,2207.049049351698,0.05,150,5,0.07555555555555554,0.10973835985490116,0.37604642868676164,0.0
mtd_ai,200,0.005059609057333764,0.3191489361702128,4833.036716987948,0.1,150,5,0.07555555555555554,0.10973835985490116,0.37604642868676164,0.0
mtd_ai,200,0.005059609057333764,0.39473684210526316,5415.9546096990225,0.15,150,5,0.07555555555555554,0.10973835985490116,0.37604642868676164,0.0
mtd_ai,200,0.005059609057333764,0.4225352112676056,6529.6209196358595,0.2,150,5,0.07555555555555554,0.10973835985490116,0.37604642868676164,0.0
mtd_ai,200,0.005059609057333764,0.46875,6795.091024099294,0.25,150,5,0.07555555555555554,0.10973835985490116,0.37604642868676164,0.0
mtd_ai,200,0.005066848771208099,0.375,1632.907859401731,0.05,150,5,0.14285714285714285,0.8743064599094632,1.772334527422516,0.0
mtd_ai,200,0.005066848771208099,0.36585365853658536,3785.2983300217056,0.1,150,5,0.14285714285714285,0.8743064599094632,1.772334527422516,0.0
mtd_ai,200,0.005066848771208099,0.4166666666666667,4291.144474428872,0.15,150,5,0.14285714285714285,0.8743064599094632,1.772334527422516,0.0
mtd_ai,200,0.005066848771208099,0.44776119402985076,4899.968910142675,0.2,150,5,0.14285714285714285,0.8743064599094632,1.772334527422516,0.0
mtd_ai,200,0.005066848771208099,0.45180722891566266,5647.540061906399,0.25,150,5,0.14285714285714285,0.8743064599094632,1.772334527422516,0.0
mtd_ai,200,0.005061161041962754,0.234375,2945.0501344145277,0.05,150,5,0.10533333333333333,1.169742675097667,4.5451258507284455,0.0
mtd_ai,200,0.005061161041962754,0.28846153846153844,5137.255309777965,0.1,150,5,0.10533333333333333,1.169742675097667,4.5451258507284455,0.0
mtd_ai,200,0.005061161041962754,0.3629032258064516,5685.014852100991,0.15,150,5,0.10533333333333333,1.169742675097667,4.5451258507284455,0.0
mtd_ai,200,0.005061161041962754,0.4166666666666667,6214.970549010805,0.2,150,5,0.10533333333333333,1.169742675097667,4.5451258507284455,0.0
mtd_ai,200,0.005061161041962754,0.44642857142857145,6921.572375901454,0.25,150,5,0.10533333333333333,1.169742675097667,4.5451258507284455,0.0
mtd_ai,200,0.005052342293422236,0.28846153846153844,2755.4711726752193,0.05,150,5,0.1757142857142857,0.22553626178558886,0.7207637007376647,0.0
mtd_ai,200,0.005052342293422236,0.36585365853658536,3830.636798555204,0.1,150,5,0.1757142857142857,0.22553626178558886,0.7207637007376647,0.0
mtd_ai,200,0.005052342293422236,0.34615384615384615,5369.0163213738515,0.15,150,5,0.1757142857142857,0.22553626178558886,0.7207637007376647,0.0
mtd_ai,200,0.005052342293422236,0.3125,7192.5569072976305,0.2,150,5,0.1757142857142857,0.22553626178558886,0.7207637007376647,0.0
mtd_ai,200,0.005052342293422236,0.3605769230769231,7555.0419706873945,0.25,150,5,0.1757142857142857,0.22553626178558886,0.7207637007376647,0.0
mtd_ai,200,0.005040115105091722,0.32608695652173914,2201.7360927913714,0.05,150,5,0.11177777777777777,4.504353942633596,1.8695151844328417,0.0
mtd_ai,200,0.005040115105091722,0.39473684210526316,3202.946338462305,0.1,150,5,0.11177777777777777,4.504353942633596,1.8695151844328417,0.0
mtd_ai,200,0.005040115105091722,0.4090909090909091,4442.959035553722,0.15,150,5,0.11177777777777777,4.504353942633596,1.8695151844328417,0.0
mtd_ai,200,0.005040115105091722,0.410958904109589,6036.294529063247,0.2,150,5,0.11177777777777777,4.504353942633596,1.8695151844328417,0.0
mtd_ai,200,0.005040115105091722,0.45180722891566266,6615.2230765986205,0.25,150,5,0.11177777777777777,4.504353942633596,1.8695151844328417,0.0
mtd_ai,200,0.005051149580317213,0.4411764705882353,1383.2293584553881,0.05,150,5,0.14733333333333337,1.5173827710941867,5.118335145628729,0.0
mtd_ai,200,0.005051149580317213,0.42857142857142855,2930.879125159243,0.1,150,5,0.14733333333333337,1.5173827710941867,5.118335145628729,0.0
mtd_ai,200,0.005051149580317213,0.45918367346938777,3952.7068821581597,0.15,150,5,0.14733333333333337,1.5173827710941867,5.118335145628729,0.0
mtd_ai,200,0.005051149580317213,0.4918032786885246,4673.876177576183,0.2,150,5,0.14733333333333337,1.5173827710941867,5.118335145628729,0.0
mtd_ai,200,0.005051149580317213,0.5357142857142857,5305.059192200399,0.25,150,5,0.14733333333333337,1.5173827710941867,5.118335145628729,0.0
mtd_ai,200,0.005061003007740982,0.375,1874.9851866343038,0.05,150,5,0.11555555555555558,1.4663579372627036,3.572502718416739,0.0
mtd_ai,200,0.005061003007740982,0.36585365853658536,3446.498202686305,0.1,150,5,0.11555555555555558,1.4663579372627036,3.572502718416739,0.0
mtd_ai,200,0.005061003007740982,0.4326923076923077,3844.1147238478893,0.15,150,5,0.11555555555555558,1.4663579372627036,3.572502718416739,0.0
mtd_ai,200,0.005061003007740982,0.47619047619047616,4260.621787443632,0.2,150,5,0.11555555555555558,1.4663579372627036,3.572502718416739,0.0
mtd_ai,200,0.005061003007740982,0.5208333333333334,4860.0951834128955,0.25,150,5,0.11555555555555558,1.4663579372627036,3.572502718416739,0.0
mtd_ai,200,0.005094037107324532,0.375,1571.9645953644613,0.05,150,5,0.18,0.8433736717833638,0.9455802861217639,0.0
mtd_ai,200,0.005094037107324532,0.42857142857142855,2285.336868127773,0.1,150,5,0.18,0.8433736717833638,0.9455802861217639,0.0
mtd_ai,200,0.005094037107324532,0.4891304347826087,2890.733993828243,0.15,150,5,0.18,0.8433736717833638,0.9455802861217639,0.0
mtd_ai,200,0.005094037107324532,0.5172413793103449,3481.670874008299,0.2,150,5,0.18,0.8433736717833638,0.9455802861217639,0.0
mtd_ai,200,0.005094037107324532,0.46875,4524.8858370685975,0.25,150,5,0.18,0.8433736717833638,0.9455802861217639,0.0
mtd_ai,200,0.005074860320580203,0.35714285714285715,1726.2757162543073,0.05,150,5,0.1111111111111111,0.35820647105593467,1.5660322790857448,0.0
mtd_ai,200,0.005074860320580203,0.4411764705882353,2433.965561328647,0.1,150,5,0.1111111111111111,0.35820647105593467,1.5660322790857448,0.0
mtd_ai,200,0.005074860320580203,0.5,2907.523632261903,0.15,150,5,0.1111111111111111,0.35820647105593467,1.5660322790857448,0.0
mtd_ai,200,0.005074860320580203,0.47619047619047616,4816.672847500104,0.2,150,5,0.1111111111111111,0.35820647105593467,1.5660322790857448,0.0
mtd_ai,200,0.005074860320580203,0.5,5380.572236282505,0.25,150,5,0.1111111111111111,0.35820647105593467,1.5660322790857448,0.0
mtd_ai,200,0.005037262538224961,0.32608695652173914,2411.752488111502,0.05,150,5,0.1761111111111111,11.312314732407515,8.078757660318061,0.0
mtd_ai,200,0.005037262538224961,0.36585365853658536,4099.749782742799,0.1,150,5,0.1761111111111111,11.312314732407515,8.078757660318061,0.0
mtd_ai,200,0.005037262538224961,0.4017857142857143,5131.17606156688,0.15,150,5,0.1761111111111111,11.312314732407515,8.078757660318061,0.0
mtd_ai,200,0.005037262538224961,0.42857142857142855,5706.3081681838175,0.2,150,5,0.1761111111111111,11.312314732407515,8.078757660318061,0.0
mtd_ai,200,0.005037262538224961,0.46875,6122.478531395491,0.25,150,5,0.1761111111111111,11.312314732407515,8.078757660318061,0.0
mtd_ai,200,0.005061741216391685,0.20270270270270271,2956.5163250157048,0.05,150,5,0.18533333333333335,1.7688576094049662,1.2973798372364918,0.0
mtd_ai,200,0.005061741216391685,0.2830188679245283,4560.845269240082,0.1,150,5,0.18533333333333335,1.7688576094049662,1.2973798372364918,0.0
mtd_ai,200,0.005061741216391685,0.35714285714285715,5301.635033197528,0.15,150,5,0.18533333333333335,1.7688576094049662,1.2973798372364918,0.0
mtd_ai,200,0.005061741216391685,0.39473684210526316,6169.659109026345,0.2,150,5,0.18533333333333335,1.7688576094049662,1.2973798372364918,0.0
mtd_ai,200,0.005061741216391685,0.45180722891566266,6354.811504782234,0.25,150,5,0.18533333333333335,1.7688576094049662,1.2973798372364918,0.0
mtd_ai,200,0.005057849970043657,0.25,1825.3483959816497,0.05,150,5,0.14866666666666667,0.4059510475648989,1.6876427604761817,0.0
mtd_ai,200,0.005057849970043657,0.3488372093023256,2524.485764919082,0.1,150,5,0.14866666666666667,0.4059510475648989,1.6876427604761817,0.0
mtd_ai,200,0.005057849970043657,0.3879310344827586,3452.6671672066623,0.15,150,5,0.14866666666666667,0.4059510475648989,1.6876427604761817,0.0
mtd_ai,200,0.005057849970043657,0.42857142857142855,4306.538628314941,0.2,150,5,0.14866666666666667,0.4059510475648989,1.6876427604761817,0.0
mtd_ai,200,0.005057849970043657,0.46875,4740.579357427344,0.25,150,5,0.14866666666666667,0.4059510475648989,1.6876427604761817,0.0
mtd_ai,200,0.0050394333806069985,0.22058823529411764,4635.622212095788,0.05,150,5,0.08622222222222223,1.0750676506573456,3.8522244226020494,0.0
mtd_ai,200,0.0050394333806069985,0.3125,5460.523522899484,0.1,150,5,0.08622222222222223,1.0750676506573456,3.8522244226020494,0.0
mtd_ai,200,0.0050394333806069985,0.375,5992.839753731375,0.15,150,5,0.08622222222222223,1.0750676506573456,3.8522244226020494,0.0
mtd_ai,200,0.0050394333806069985,0.410958904109589,6512.5940503318,0.2,150,5,0.08622222222222223,1.0750676506573456,3.8522244226020494,0.0
mtd_ai,200,0.0050394333806069985,0.46296296296296297,6846.586540294442,0.25,150,5,0.08622222222222223,1.0750676506573456,3.8522244226020494,0.0
mtd_ai,200,0.005039003561275391,0.39473684210526316,2031.9397481173346,0.05,150,5,0.1688888888888889,0.2346647392330138,0.7399327873989097,0.0
mtd_ai,200,0.005039003561275391,0.38461538461538464,4256.084649456813,0.1,150,5,0.1688888888888889,0.2346647392330138,0.7399327873989097,0.0
mtd_ai,200,0.005039003561275391,0.4411764705882353,5171.557899607544,0.15,150,5,0.1688888888888889,0.2346647392330138,0.7399327873989097,0.0
mtd_ai,200,0.005039003561275391,0.46875,6096.041657253842,0.2,150,5,0.1688888888888889,0.2346647392330138,0.7399327873989097,0.0
mtd_ai,200,0.005039003561275391,0.5067567567567568,6382.454535041053,0.25,150,5,0.1688888888888889,0.2346647392330138,0.7399327873989097,0.0
mtd_ai,200,0.005069462807727387,0.20270270270270271,4018.9119200562923,0.05,150,5,0.1875,0.774475817574151,2.300636114907419,0.0
mtd_ai,200,0.005069462807727387,0.3191489361702128,4849.042404717124,0.1,150,5,0.1875,0.774475817574151,2.300636114907419,0.0
mtd_ai,200,0.005069462807727387,0.3879310344827586,5283.384321938556,0.15,150,5,0.1875,0.774475817574151,2.300636114907419,0.0
mtd_ai,200,0.005069462807727387,0.4225352112676056,6041.530201045756,0.2,150,5,0.1875,0.774475817574151,2.300636114907419,0.0
mtd_ai,200,0.005069462807727387,0.4807692307692308,6289.234510508677,0.25,150,5,0.1875,0.774475817574151,2.300636114907419,0.0
mtd_ai,200,0.005034657685332718,0.2777777777777778,2887.3886310128673,0.05,150,5,0.14722222222222223,0.38637134651832356,0.8924530608654824,0.0
mtd_ai,200,0.005034657685332718,0.3125,4223.144977436845,0.1,150,5,0.14722222222222223,0.38637134651832356,0.8924530608654824,0.0
mtd_ai,200,0.005034657685332718,0.375,4889.527539136864,0.15,150,5,0.14722222222222223,0.38637134651832356,0.8924530608654824,0.0
mtd_ai,200,0.005034657685332718,0.375,5867.248535821493,0.2,150,5,0.14722222222222223,0.38637134651832356,0.8924530608654824,0.0
mtd_ai,200,0.005034657685332718,0.41208791208791207,6596.356166570725,0.25,150,5,0.14722222222222223,0.38637134651832356,0.8924530608654824,0.0
mtd_ai,200,0.005064520721583598,0.25,3664.5374463286284,0.05,150,5,0.105,0.3312817414027964,1.3052963462303182,0.0
mtd_ai,200,0.005064520721583598,0.3409090909090909,4494.405752441991,0.1,150,5,0.105,0.3312817414027964,1.3052963462303182,0.0
mtd_ai,200,0.005064520721583598,0.4017857142857143,5575.645321872649,0.15,150,5,0.105,0.3312817414027964,1.3052963462303182,0.0
mtd_ai,200,0.005064520721583598,0.44776119402985076,6072.912644514616,0.2,150,5,0.105,0.3312817414027964,1.3052963462303182,0.0
mtd_ai,200,0.005064520721583598,0.4807692307692308,6391.88469781954,0.25,150,5,0.105,0.3312817414027964,1.3052963462303182,0.0
mtd_ai,200,0.005042778486157099,0.3125,2800.0150468739666,0.05,150,5,0.09619047619047619,0.06788791698534935,0.2661014152920475,0.0
mtd_ai,200,0.005042778486157099,0.3488372093023256,4026.86232084674,0.1,150,5,0.09619047619047619,0.06788791698534935,0.2661014152920475,0.0
mtd_ai,200,0.005042778486157099,0.4166666666666667,4739.540888846533,0.15,150,5,0.09619047619047619,0.06788791698534935,0.2661014152920475,0.0
mtd_ai,200,0.005042778486157099,0.4411764705882353,5303.9590648653375,0.2,150,5,0.09619047619047619,0.06788791698534935,0.2661014152920475,0.0
mtd_ai,200,0.005042778486157099,0.47468354430379744,5886.419451455937,0.25,150,5,0.09619047619047619,0.06788791698534935,0.2661014152920475,0.0
mtd_ai,200,0.005041314324675324,0.4411764705882353,1519.5209408663852,0.05,150,5,0.3181818181818182,0.6949367423713171,3.0076677985989635,-4.266666666666667
mtd_ai,200,0.005041314324675324,0.4838709677419355,2909.8853358977954,0.1,150,5,0.3181818181818182,0.6949367423713171,3.0076677985989635,-4.266666666666667
mtd_ai,200,0.005041314324675324,0.4891304347826087,3916.796068846148,0.15,150,5,0.3181818181818182,0.6949367423713171,3.0076677985989635,-4.266666666666667
mtd_ai,200,0.005041314324675324,0.46875,4901.967108257057,0.2,150,5,0.3181818181818182,0.6949367423713171,3.0076677985989635,-4.266666666666667
mtd_ai,200,0.005041314324675324,0.44642857142857145,6148.643005786383,0.25,150,5,0.3181818181818182,0.6949367423713171,3.0076677985989635,-4.266666666666667
mtd_ai,200,0.005068394509152693,0.28846153846153844,2491.8789388338682,0.05,150,5,0.07142857142857142,0.09757040375248635,0.3553692723654602,0.0
mtd_ai,200,0.005068394509152693,0.375,3259.413718696114,0.1,150,5,0.07142857142857142,0.09757040375248635,0.3553692723654602,0.0
mtd_ai,200,0.005068394509152693,0.4017857142857143,4896.73304320133,0.15,150,5,0.07142857142857142,0.09757040375248635,0.3553692723654602,0.0
mtd_ai,200,0.005068394509152693,0.44776119402985076,5502.255276135431,0.2,150,5,0.07142857142857142,0.09757040375248635,0.3553692723654602,0.0
mtd_ai,200,0.005068394509152693,0.4934210526315789,5950.532977167047,0.25,150,5,0.07142857142857142,0.09757040375248635,0.3553692723654602,0.0
mtd_ai,200,0.005064748362295122,0.46875,1403.34427092961,0.05,150,5,0.18968253968253965,0.6983372278622467,1.0298777021266279,0.0
mtd_ai,200,0.005064748362295122,0.4411764705882353,2865.1044001300793,0.1,150,5,0.18968253968253965,0.6983372278622467,1.0298777021266279,0.0
mtd_ai,200,0.005064748362295122,0.42452830188679247,4330.929286486819,0.15,150,5,0.18968253968253965,0.6983372278622467,1.0298777021266279,0.0
mtd_ai,200,0.005064748362295122,0.38461538461538464,5495.48876528612,0.2,150,5,0.18968253968253965,0.6983372278622467,1.0298777021266279,0.0
mtd_ai,200,0.005064748362295122,0.42134831460674155,5930.84627842356,0.25,150,5,0.18968253968253965,0.6983372278622467,1.0298777021266279,0.0
mtd_ai,200,0.005036336335209394,0.26785714285714285,3080.2186459528302,0.05,150,5,0.09333333333333334,0.9734900576892412,3.070365272886136,0.0
mtd_ai,200,0.005036336335209394,0.3125,4418.344985907584,0.1,150,5,0.09333333333333334,0.9734900576892412,3.070365272886136,0.0
mtd_ai,200,0.005036336335209394,0.39473684210526316,4930.826324466064,0.15,150,5,0.09333333333333334,0.9734900576892412,3.070365272886136,0.0
mtd_ai,200,0.005036336335209394,0.43478260869565216,5387.168037491501,0.2,150,5,0.09333333333333334,0.9734900576892412,3.070365272886136,0.0
mtd_ai,200,0.005036336335209394,0.4411764705882353,6451.86668587342,0.25,150,5,0.09333333333333334,0.9734900576892412,3.070365272886136,0.0
mtd_ai,200,0.005059009999611339,0.5,1331.2863431692035,0.05,150,5,0.06,1.5220305835256376,5.011606353503125,0.0
mtd_ai,200,0.005059009999611339,0.4838709677419355,2908.127706251059,0.1,150,5,0.06,1.5220305835256376,5.011606353503125,0.0
mtd_ai,200,0.005059009999611339,0.5357142857142857,3664.9985511563464,0.15,150,5,0.06,1.5220305835256376,5.011606353503125,0.0
mtd_ai,200,0.005059009999611339,0.5555555555555556,4506.012116012373,0.2,150,5,0.06,1.5220305835256376,5.011606353503125,0.0
mtd_ai,200,0.005059009999611339,0.5859375,4886.060890768966,0.25,150,5,0.06,1.5220305835256376,5.011606353503125,0.0
mtd_ai,200,0.005076958837949873,0.3,2442.78820840567,0.05,150,5,0.0975609756097561,0.15059725149613531,0.5397773922445378,0.0
mtd_ai,200,0.005076958837949873,0.32608695652173914,4161.218758152639,0.1,150,5,0.0975609756097561,0.15059725149613531,0.5397773922445378,0.0
mtd_ai,200,0.005076958837949873,0.4017857142857143,4799.006044264803,0.15,150,5,0.0975609756097561,0.15059725149613531,0.5397773922445378,0.0
mtd_ai,200,0.005076958837949873,0.45454545454545453,5290.100510190373,0.2,150,5,0.0975609756097561,0.15059725149613531,0.5397773922445378,0.0
mtd_ai,200,0.005076958837949873,0.487012987012987,5828.250831479438,0.25,150,5,0.0975609756097561,0.15059725149613531,0.5397773922445378,0.0
mtd_ai,200,0.005067505662215471,0.5,1350.2958014000442,0.05,150,5,0.12444444444444443,2.1650099937570326,5.815324722188529,0.0
mtd_ai,200,0.005067505662215471,0.5,2499.5172937492875,0.1,150,5,0.12444444444444443,2.1650099937570326,5.815324722188529,0.0
mtd_ai,200,0.005067505662215471,0.5357142857142857,3381.131360956784,0.15,150,5,0.12444444444444443,2.1650099937570326,5.815324722188529,0.0
mtd_ai,200,0.005067505662215471,0.5172413793103449,4291.86506293545,0.2,150,5,0.12444444444444443,2.1650099937570326,5.815324722188529,0.0
mtd_ai,200,0.005067505662215471,0.4573170731707317,5850.118123880434,0.25,150,5,0.12444444444444443,2.1650099937570326,5.815324722188529,0.0
mtd_ai,200,0.005059128863937667,0.28846153846153844,2783.3975111512345,0.05,150,5,0.25,0.40480551752746635,1.1436843502069045,0.0
mtd_ai,200,0.005059128863937667,0.30612244897959184,5211.097542752341,0.1,150,5,0.25,0.40480551752746635,1.1436843502069045,0.0
mtd_ai,200,0.005059128863937667,0.3629032258064516,5846.719030715733,0.15,150,5,0.25,0.40480551752746635,1.1436843502069045,0.0
mtd_ai,200,0.005059128863937667,0.37037037037037035,6860.796875017912,0.2,150,5,0.25,0.40480551752746635,1.1436843502069045,0.0
mtd_ai,200,0.005059128863937667,0.390625,7473.038678038858,0.25,150,5,0.25,0.40480551752746635,1.1436843502069045,0.0
mtd_ai,200,0.005074205904788109,0.3125,2587.0421522802844,0.05,150,5,0.15033333333333335,0.3434941319645317,1.0934589110288007,0.0
mtd_ai,200,0.005074205904788109,0.39473684210526316,3627.0654249627587,0.1,150,5,0.15033333333333335,0.3434941319645317,1.0934589110288007,0.0
mtd_ai,200,0.005074205904788109,0.45918367346938777,4310.047354854474,0.15,150,5,0.15033333333333335,0.3434941319645317,1.0934589110288007,0.0
mtd_ai,200,0.005074205904788109,0.46875,5156.171960861444,0.2,150,5,0.15033333333333335,0.3434941319645317,1.0934589110288007,0.0
mtd_ai,200,0.005074205904788109,0.5136986301369864,5467.681623185316,0.25,150,5,0.15033333333333335,0.3434941319645317,1.0934589110288007,0.0
mtd_ai,200,0.005040274494422126,0.21428571428571427,4628.071299751411,0.05,150,5,0.13866666666666666,0.08532736989282799,0.36388035263514235,0.0
mtd_ai,200,0.005040274494422126,0.3125,5313.360747802636,0.1,150,5,0.13866666666666666,0.08532736989282799,0.36388035263514235,0.0
mtd_ai,200,0.005040274494422126,0.3813559322033898,5749.503879655603,0.15,150,5,0.13866666666666666,0.08532736989282799,0.36388035263514235,0.0
mtd_ai,200,0.005040274494422126,0.4166666666666667,6797.939843010494,0.2,150,5,0.13866666666666666,0.08532736989282799,0.36388035263514235,0.0
mtd_ai,200,0.005040274494422126,0.47468354430379744,7024.267249495202,0.25,150,5,0.13866666666666666,0.08532736989282799,0.36388035263514235,0.0
mtd_ai,200,0.005045521573730869,0.3409090909090909,2199.6023791503058,0.05,150,5,0.11666666666666667,327.59852732095095,9.1573103124345,0.0
mtd_ai,200,0.005045521573730869,0.375,3364.044663947227,0.1,150,5,0.11666666666666667,327.59852732095095,9.1573103124345,0.0
mtd_ai,200,0.005045521573730869,0.4411764705882353,4230.968592289784,0.15,150,5,0.11666666666666667,327.59852732095095,9.1573103124345,0.0
mtd_ai,200,0.005045521573730869,0.42857142857142855,5777.4504417705375,0.2,150,5,0.11666666666666667,327.59852732095095,9.1573103124345,0.0
mtd_ai,200,0.005045521573730869,0.46296296296296297,6306.79655897043,0.25,150,5,0.11666666666666667,327.59852732095095,9.1573103124345,0.0
mtd_ai,200,0.005071670075719436,0.3125,2415.2427723843325,0.05,150,5,0.08666666666666667,0.14774254424874206,0.6305511219379266,0.0
mtd_ai,200,0.005071670075719436,0.38461538461538464,3230.6385651333662,0.1,150,5,0.08666666666666667,0.14774254424874206,0.6305511219379266,0.0
mtd_ai,200,0.005071670075719436,0.4090909090909091,4168.606469310993,0.15,150,5,0.08666666666666667,0.14774254424874206,0.6305511219379266,0.0
mtd_ai,200,0.005071670075719436,0.4225352112676056,5791.978404506086,0.2,150,5,0.08666666666666667,0.14774254424874206,0.6305511219379266,0.0
mtd_ai,200,0.005071670075719436,0.46875,6216.449560750587,0.25,150,5,0.08666666666666667,0.14774254424874206,0.6305511219379266,0.0
mtd_ai,200,0.005079664231307481,0.4166666666666667,1847.733908750266,0.05,150,5,0.141,0.376512733169035,0.555207455196864,0.0
mtd_ai,200,0.005079664231307481,0.4411764705882353,3127.18048610401,0.1,150,5,0.141,0.376512733169035,0.555207455196864,0.0
mtd_ai,200,0.005079664231307481,0.5,3589.418001280677,0.15,150,5,0.141,0.376512733169035,0.555207455196864,0.0
mtd_ai,200,0.005079664231307481,0.5084745762711864,4374.125637605794,0.2,150,5,0.141,0.376512733169035,0.555207455196864,0.0
mtd_ai,200,0.005079664231307481,0.5067567567567568,5527.600073702803,0.25,150,5,0.141,0.376512733169035,0.555207455196864,0.0
mtd_ai,200,0.0050684901122020985,0.375,2007.4819071258796,0.05,150,5,0.11833333333333333,0.8392561266870818,2.160500044895786,0.0
mtd_ai,200,0.0050684901122020985,0.35714285714285715,4148.86946410741,0.1,150,5,0.11833333333333333,0.8392561266870818,2.160500044895786,0.0
mtd_ai,200,0.0050684901122020985,0.4411764705882353,4673.691831158209,0.15,150,5,0.11833333333333333,0.8392561266870818,2.160500044895786,0.0
mtd_ai,200,0.0050684901122020985,0.46875,5550.748283804349,0.2,150,5,0.11833333333333333,0.8392561266870818,2.160500044895786,0.0
mtd_ai,200,0.0050684901122020985,0.4934210526315789,6191.864502160806,0.25,150,5,0.11833333333333333,0.8392561266870818,2.160500044895786,0.0
mtd_ai,200,0.005074886407200692,0.28846153846153844,2410.789669301653,0.05,150,5,0.11571428571428571,1.0423130903161701,3.821080869943059,0.0
mtd_ai,200,0.005074886407200692,0.38461538461538464,3562.5402103543597,0.1,150,5,0.11571428571428571,1.0423130903161701,3.821080869943059,0.0
mtd_ai,200,0.005074886407200692,0.4411764705882353,4458.600216382692,0.15,150,5,0.11571428571428571,1.0423130903161701,3.821080869943059,0.0
mtd_ai,200,0.005074886407200692,0.45454545454545453,5370.685211273791,0.2,150,5,0.11571428571428571,1.0423130903161701,3.821080869943059,0.0
mtd_ai,200,0.005074886407200692,0.487012987012987,5874.3331603966,0.25,150,5,0.11571428571428571,1.0423130903161701,3.821080869943059,0.0
mtd_ai,200,0.005067647626917056,0.25,3650.1428568073616,0.05,150,5,0.16333333333333333,0.45431102350456615,1.9218064651053763,0.0
mtd_ai,200,0.005067647626917056,0.3488372093023256,4331.13053046296,0.1,150,5,0.16333333333333333,0.45431102350456615,1.9218064651053763,0.0
mtd_ai,200,0.005067647626917056,0.4090909090909091,4908.330591908861,0.15,150,5,0.16333333333333333,0.45431102350456615,1.9218064651053763,0.0
mtd_ai,200,0.005067647626917056,0.43478260869565216,6047.096580144535,0.2,150,5,0.16333333333333333,0.45431102350456615,1.9218064651053763,0.0
mtd_ai,200,0.005067647626917056,0.4573170731707317,6695.086862423753,0.25,150,5,0.16333333333333333,0.45431102350456615,1.9218064651053763,0.0
mtd_ai,200,0.005030290481054758,0.234375,3279.4183348518663,0.05,150,5,0.0,0.8512610052065673,3.7147762661625623,-4.28125
mtd_ai,200,0.005030290481054758,0.2830188679245283,5301.99134050296,0.1,150,5,0.0,0.8512610052065673,3.7147762661625623,-4.28125
mtd_ai,200,0.005030290481054758,0.3358208955223881,6066.975624424662,0.15,150,5,0.0,0.8512610052065673,3.7147762661625623,-4.28125
mtd_ai,200,0.005030290481054758,0.36585365853658536,6774.182588250878,0.2,150,5,0.0,0.8512610052065673,3.7147762661625623,-4.28125
mtd_ai,200,0.005030290481054758,0.3826530612244898,7363.50708259099,0.25,150,5,0.0,0.8512610052065673,3.7147762661625623,-4.28125
mtd_ai,200,0.005054573618401974,0.26785714285714285,2890.472388905974,0.05,150,5,0.14566666666666667,0.9765201811833933,3.9855557078617627,0.0
mtd_ai,200,0.005054573618401974,0.2830188679245283,5002.804216133605,0.1,150,5,0.14566666666666667,0.9765201811833933,3.9855557078617627,0.0
mtd_ai,200,0.005054573618401974,0.3409090909090909,5858.292580024172,0.15,150,5,0.14566666666666667,0.9765201811833933,3.9855557078617627,0.0
mtd_ai,200,0.005054573618401974,0.3614457831325301,6865.329996150302,0.2,150,5,0.14566666666666667,0.9765201811833933,3.9855557078617627,0.0
mtd_ai,200,0.005054573618401974,0.41208791208791207,7087.297786988804,0.25,150,5,0.14566666666666667,0.9765201811833933,3.9855557078617627,0.0
mtd_ai,200,0.005049617480447727,0.3,2047.2911446972364,0.05,150,5,0.11538461538461539,6.806200718176164,5.179299232864677,0.42857142857142855
mtd_ai,200,0.005049617480447727,0.3488372093023256,3255.263984282673,0.1,150,5,0.11538461538461539,6.806200718176164,5.179299232864677,0.42857142857142855
mtd_ai,200,0.005049617480447727,0.39473684210526316,4137.308597975567,0.15,150,5,0.11538461538461539,6.806200718176164,5.179299232864677,0.42857142857142855
mtd_ai,200,0.005049617480447727,0.40540540540540543,5375.469949449531,0.2,150,5,0.11538461538461539,6.806200718176164,5.179299232864677,0.42857142857142855
mtd_ai,200,0.005049617480447727,0.44642857142857145,5836.4749201874865,0.25,150,5,0.11538461538461539,6.806200718176164,5.179299232864677,0.42857142857142855
mtd_ai,200,0.00506349402558694,0.25,2903.285432616147,0.05,150,5,0.13111111111111112,1.3267926571662414,3.9739912516309492,0.0
mtd_ai,200,0.00506349402558694,0.3488372093023256,3425.4627375143473,0.1,150,5,0.13111111111111112,1.3267926571662414,3.9739912516309492,0.0
mtd_ai,200,0.00506349402558694,0.42452830188679247,3821.121353753628,0.15,150,5,0.13111111111111112,1.3267926571662414,3.9739912516309492,0.0
mtd_ai,200,0.00506349402558694,0.4838709677419355,4176.224203371145,0.2,150,5,0.13111111111111112,1.3267926571662414,3.9739912516309492,0.0
mtd_ai,200,0.00506349402558694,0.5357142857142857,4697.180496931216,0.25,150,5,0.13111111111111112,1.3267926571662414,3.9739912516309492,0.0
mtd_ai,200,0.005039334254653497,0.3,2542.9189086070373,0.05,150,5,0.106,16.772041057505163,9.164898722886416,3.5135135135135136
mtd_ai,200,0.005039334254653497,0.3488372093023256,3600.344153781637,0.1,150,5,0.106,16.772041057505163,9.164898722886416,3.5135135135135136
mtd_ai,200,0.005039334254653497,0.3813559322033898,4455.758248020614,0.15,150,5,0.106,16.772041057505163,9.164898722886416,3.5135135135135136
mtd_ai,200,0.005039334254653497,0.410958904109589,5164.303162044147,0.2,150,5,0.106,16.772041057505163,9.164898722886416,3.5135135135135136
mtd_ai,200,0.005039334254653497,0.43103448275862066,6529.573069008278,0.25,150,5,0.106,16.772041057505163,9.164898722886416,3.5135135135135136
mtd_ai,200,0.005093469895588255,0.375,1802.6533522115194,0.05,150,5,0.15283333333333335,0.05745299217996281,0.21575073928437416,0.0
mtd_ai,200,0.005093469895588255,0.46875,2675.7903976354755,0.1,150,5,0.15283333333333335,0.05745299217996281,0.21575073928437416,0.0
mtd_ai,200,0.005093469895588255,0.5232558139534884,3311.022815822197,0.15,150,5,0.15283333333333335,0.05745299217996281,0.21575073928437416,0.0
mtd_ai,200,0.005093469895588255,0.5454545454545454,3943.4679750225705,0.2,150,5,0.15283333333333335,0.05745299217996281,0.21575073928437416,0.0
mtd_ai,200,0.005093469895588255,0.5514705882352942,4811.348166600939,0.25,150,5,0.15283333333333335,0.05745299217996281,0.21575073928437416,0.0
mtd_ai,200,0.005062101967465129,0.3,3054.059266307027,0.05,150,5,0.12666666666666668,0.09458590013322608,0.3560468146607845,0.0
mtd_ai,200,0.005062101967465129,0.29411764705882354,4384.842133613782,0.1,150,5,0.12666666666666668,0.09458590013322608,0.3560468146607845,0.0
mtd_ai,200,0.005062101967465129,0.35714285714285715,5347.9351335315705,0.15,150,5,0.12666666666666668,0.09458590013322608,0.3560468146607845,0.0
mtd_ai,200,0.005062101967465129,0.36585365853658536,7356.049268922026,0.2,150,5,0.12666666666666668,0.09458590013322608,0.3560468146607845,0.0
mtd_ai,200,0.005062101967465129,0.4076086956521739,7721.143436389365,0.25,150,5,0.12666666666666668,0.09458590013322608,0.3560468146607845,0.0
mtd_ai,200,0.005081656562577671,0.39473684210526316,1954.7033558547857,0.05,150,5,0.1311111111111111,8.866413488336159,6.502742701387188,0.0
mtd_ai,200,0.005081656562577671,0.38461538461538464,3568.775082218693,0.1,150,5,0.1311111111111111,8.866413488336159,6.502742701387188,0.0
mtd_ai,200,0.005081656562577671,0.45,4139.171529702035,0.15,150,5,0.1311111111111111,8.866413488336159,6.502742701387188,0.0
mtd_ai,200,0.005081656562577671,0.46153846153846156,4721.729988520227,0.2,150,5,0.1311111111111111,8.866413488336159,6.502742701387188,0.0
mtd_ai,200,0.005081656562577671,0.47468354430379744,5206.8715067006015,0.25,150,5,0.1311111111111111,8.866413488336159,6.502742701387188,0.0
mtd_ai,200,0.00503165711439849,0.20833333333333334,3186.6851637949544,0.05,150,5,0.10888888888888891,0.3076567088395427,1.0008935183853191,0.0
mtd_ai,200,0.00503165711439849,0.28846153846153844,4387.257343934661,0.1,150,5,0.10888888888888891,0.3076567088395427,1.0008935183853191,0.0
mtd_ai,200,0.00503165711439849,0.3358208955223881,5297.645909973986,0.15,150,5,0.10888888888888891,0.3076567088395427,1.0008935183853191,0.0
mtd_ai,200,0.00503165711439849,0.3614457831325301,6222.344162363828,0.2,150,5,0.10888888888888891,0.3076567088395427,1.0008935183853191,0.0
mtd_ai,200,0.00503165711439849,0.4032258064516129,6665.2583831132015,0.25,150,5,0.10888888888888891,0.3076567088395427,1.0008935183853191,0.0
mtd_ai,200,0.005076570842802472,0.3125,2772.0400586881115,0.05,150,5,0.11233333333333334,0.025255493828704696,0.11155674778240526,0.0
mtd_ai,200,0.005076570842802472,0.39473684210526316,3744.985750045099,0.1,150,5,0.11233333333333334,0.025255493828704696,0.11155674778240526,0.0
mtd_ai,200,0.005076570842802472,0.39473684210526316,4782.088614834357,0.15,150,5,0.11233333333333334,0.025255493828704696,0.11155674778240526,0.0
mtd_ai,200,0.005076570842802472,0.42857142857142855,5421.828577235256,0.2,150,5,0.11233333333333334,0.025255493828704696,0.11155674778240526,0.0
mtd_ai,200,0.005076570842802472,0.4807692307692308,5825.972880272968,0.25,150,5,0.11233333333333334,0.025255493828704696,0.11155674778240526,0.0
mtd_ai,200,0.00507744518482684,0.2777777777777778,2655.2453749032193,0.05,150,5,0.13,0.47705999570999463,2.0568885503432472,0.0
mtd_ai,200,0.00507744518482684,0.3409090909090909,3993.293233451665,0.1,150,5,0.13,0.47705999570999463,2.0568885503432472,0.0
mtd_ai,200,0.00507744518482684,0.4090909090909091,4642.287934982242,0.15,150,5,0.13,0.47705999570999463,2.0568885503432472,0.0
mtd_ai,200,0.00507744518482684,0.46153846153846156,5136.260900405618,0.2,150,5,0.13,0.47705999570999463,2.0568885503432472,0.0
mtd_ai,200,0.00507744518482684,0.5,5607.20475050061,0.25,150,5,0.13,0.47705999570999463,2.0568885503432472,0.0
mtd_ai,200,0.005047999120443007,0.22727272727272727,3114.8877585555656,0.05,150,5,0.11777777777777779,0.041055624210665685,0.01928529155806611,0.0
mtd_ai,200,0.005047999120443007,0.32608695652173914,3674.208162089678,0.1,150,5,0.11777777777777779,0.041055624210665685,0.01928529155806611,0.0
mtd_ai,200,0.005047999120443007,0.39473684210526316,4303.046762941566,0.15,150,5,0.11777777777777779,0.041055624210665685,0.01928529155806611,0.0
mtd_ai,200,0.005047999120443007,0.40540540540540543,4976.621650653486,0.2,150,5,0.11777777777777779,0.041055624210665685,0.01928529155806611,0.0
mtd_ai,200,0.005047999120443007,0.44642857142857145,5325.962696201883,0.25,150,5,0.11777777777777779,0.041055624210665685,0.01928529155806611,0.0
mtd_ai,200,0.005043660607430692,0.28846153846153844,2303.8465565119177,0.05,150,5,0.1597777777777778,0.9553831096071298,3.764351065816083,0.0
mtd_ai,200,0.005043660607430692,0.3333333333333333,4127.774480046499,0.1,150,5,0.1597777777777778,0.9553831096071298,3.764351065816083,0.0
mtd_ai,200,0.005043660607430692,0.4017857142857143,4706.747343356892,0.15,150,5,0.1597777777777778,0.9553831096071298,3.764351065816083,0.0
mtd_ai,200,0.005043660607430692,0.38461538461538464,5818.984151611169,0.2,150,5,0.1597777777777778,0.9553831096071298,3.764351065816083,0.0
mtd_ai,200,0.005043660607430692,0.43103448275862066,6423.445232932432,0.25,150,5,0.1597777777777778,0.9553831096071298,3.764351065816083,0.0
mtd_ai,200,0.00506019818588663,0.2777777777777778,3123.3407284146297,0.05,150,5,0.12466666666666666,0.1992117903633644,0.5718779432598811,0.0
mtd_ai,200,0.00506019818588663,0.3409090909090909,4603.586504010571,0.1,150,5,0.12466666666666666,0.1992117903633644,0.5718779432598811,0.0
mtd_ai,200,0.00506019818588663,0.4090909090909091,5473.744362030189,0.15,150,5,0.12466666666666666,0.1992117903633644,0.5718779432598811,0.0
mtd_ai,200,0.00506019818588663,0.44776119402985076,6113.1927294780635,0.2,150,5,0.12466666666666666,0.1992117903633644,0.5718779432598811,0.0
mtd_ai,200,0.00506019818588663,0.4807692307692308,6481.55856013787,0.25,150,5,0.12466666666666666,0.1992117903633644,0.5718779432598811,0.0
mtd_ai,200,0.0050441315925482694,0.20833333333333334,3270.420955797175,0.05,150,5,0.1322222222222222,1.4166751504833854,0.5133679806170193,0.0
mtd_ai,200,0.0050441315925482694,0.2830188679245283,4414.753302178076,0.1,150,5,0.1322222222222222,1.4166751504833854,0.5133679806170193,0.0
mtd_ai,200,0.0050441315925482694,0.3515625,5122.976929200571,0.15,150,5,0.1322222222222222,1.4166751504833854,0.5133679806170193,0.0
mtd_ai,200,0.0050441315925482694,0.4,5523.183464406194,0.2,150,5,0.1322222222222222,1.4166751504833854,0.5133679806170193,0.0
mtd_ai,200,0.0050441315925482694,0.4411764705882353,6127.648716203843,0.25,150,5,0.1322222222222222,1.4166751504833854,0.5133679806170193,0.0
mtd_ai,200,0.0050770314669047936,0.26785714285714285,2418.6050953091994,0.05,150,5,0.13044444444444445,0.16325718290104027,0.5993490917138282,0.0
mtd_ai,200,0.0050770314669047936,0.3125,3832.38640437742,0.1,150,5,0.13044444444444445,0.16325718290104027,0.5993490917138282,0.0
mtd_ai,200,0.0050770314669047936,0.3629032258064516,4762.300242866973,0.15,150,5,0.13044444444444445,0.16325718290104027,0.5993490917138282,0.0
mtd_ai,200,0.0050770314669047936,0.40540540540540543,5502.9452275714975,0.2,150,5,0.13044444444444445,0.16325718290104027,0.5993490917138282,0.0
mtd_ai,200,0.0050770314669047936,0.44642857142857145,5897.790360442001,0.25,150,5,0.13044444444444445,0.16325718290104027,0.5993490917138282,0.0
mtd_ai,200,0.00507231237593399,0.5,1505.0490450814973,0.05,150,5,0.135,0.8536618046627843,2.119120329255134,0.0
mtd_ai,200,0.00507231237593399,0.38461538461538464,3473.9359363838676,0.1,150,5,0.135,0.8536618046627843,2.119120329255134,0.0
mtd_ai,200,0.00507231237593399,0.45918367346938777,4198.685408239516,0.15,150,5,0.135,0.8536618046627843,2.119120329255134,0.0
mtd_ai,200,0.00507231237593399,0.47619047619047616,4921.01593744144,0.2,150,5,0.135,0.8536618046627843,2.119120329255134,0.0
mtd_ai,200,0.00507231237593399,0.487012987012987,6069.789970752299,0.25,150,5,0.135,0.8536618046627843,2.119120329255134,0.0
mtd_ai,200,0.005064351335504376,0.32608695652173914,2338.301215341297,0.05,150,5,0.15365079365079365,1.0647260806145238,2.9231889796147668,0.0
mtd_ai,200,0.005064351335504376,0.42857142857142855,2864.45400826244,0.1,150,5,0.15365079365079365,1.0647260806145238,2.9231889796147668,0.0
mtd_ai,200,0.005064351335504376,0.4787234042553192,3455.1627696791916,0.15,150,5,0.15365079365079365,1.0647260806145238,2.9231889796147668,0.0
mtd_ai,200,0.005064351335504376,0.5084745762711864,4020.7717253291216,0.2,150,5,0.15365079365079365,1.0647260806145238,2.9231889796147668,0.0
mtd_ai,200,0.005064351335504376,0.5434782608695652,4511.454241052903,0.25,150,5,0.15365079365079365,1.0647260806145238,2.9231889796147668,0.0
mtd_ai,200,0.005081488449554659,0.32608695652173914,2132.9493882952393,0.05,150,5,0.047619047619047616,0.05002805534533187,0.2186970175346935,0.0
mtd_ai,200,0.005081488449554659,0.42857142857142855,3134.484001972556,0.1,150,5,0.047619047619047616,0.05002805534533187,0.2186970175346935,0.0
mtd_ai,200,0.005081488449554659,0.4166666666666667,4268.810808129878,0.15,150,5,0.047619047619047616,0.05002805534533187,0.2186970175346935,0.0
mtd_ai,200,0.005081488449554659,0.4411764705882353,5044.893925338216,0.2,150,5,0.047619047619047616,0.05002805534533187,0.2186970175346935,0.0
mtd_ai,200,0.005081488449554659,0.47468354430379744,5597.746569153834,0.25,150,5,0.047619047619047616,0.05002805534533187,0.2186970175346935,0.0
mtd_ai,200,0.005053413722387621,0.20833333333333334,3561.957160138404,0.05,150,5,0.1685925925925926,1.555270034199359,4.963685935744837,0.0
mtd_ai,200,0.005053413722387621,0.2830188679245283,4428.617600182827,0.1,150,5,0.1685925925925926,1.555270034199359,4.963685935744837,0.0
mtd_ai,200,0.005053413722387621,0.32142857142857145,5496.271921857979,0.15,150,5,0.1685925925925926,1.555270034199359,4.963685935744837,0.0
mtd_ai,200,0.005053413722387621,0.2702702702702703,7314.199481192456,0.2,150,5,0.1685925925925926,1.555270034199359,4.963685935744837,0.0
mtd_ai,200,0.005053413722387621,0.30991735537190085,7691.909982482978,0.25,150,5,0.1685925925925926,1.555270034199359,4.963685935744837,0.0
mtd_ai,200,0.0050653031231218636,0.25862068965517243,2565.473921281676,0.05,150,5,0.092,0.17109780126428759,0.6336886406447207,0.0
mtd_ai,200,0.0050653031231218636,0.26785714285714285,4575.215050275023,0.1,150,5,0.092,0.17109780126428759,0.6336886406447207,0.0
mtd_ai,200,0.0050653031231218636,0.3358208955223881,5177.25569351671,0.15,150,5,0.092,0.17109780126428759,0.6336886406447207,0.0
mtd_ai,200,0.0050653031231218636,0.379746835443038,5784.895530709002,0.2,150,5,0.092,0.17109780126428759,0.6336886406447207,0.0
mtd_ai,200,0.0050653031231218636,0.41208791208791207,6501.916350313414,0.25,150,5,0.092,0.17109780126428759,0.6336886406447207,0.0
mtd_ai,200,0.005071811490348736,0.32608695652173914,2792.165728227609,0.05,150,5,0.5178571428571429,1.0259826717253557,2.859793509988125,0.0
mtd_ai,200,0.005071811490348736,0.4166666666666667,3907.6460807482163,0.1,150,5,0.5178571428571429,1.0259826717253557,2.859793509988125,0.0
mtd_ai,200,0.005071811490348736,0.4891304347826087,4373.790668151107,0.15,150,5,0.5178571428571429,1.0259826717253557,2.859793509988125,0.0
mtd_ai,200,0.005071811490348736,0.5263157894736842,4846.265439224964,0.2,150,5,0.5178571428571429,1.0259826717253557,2.859793509988125,0.0
mtd_ai,200,0.005071811490348736,0.4807692307692308,6324.477312046505,0.25,150,5,0.5178571428571429,1.0259826717253557,2.859793509988125,0.0
mtd_ai,200,0.005042503302963182,0.35714285714285715,1838.3822009238174,0.05,150,5,0.11666666666666667,0.2086064060323116,0.5847144013229267,0.0
mtd_ai,200,0.005042503302963182,0.39473684210526316,2887.405169114603,0.1,150,5,0.11666666666666667,0.2086064060323116,0.5847144013229267,0.0
mtd_ai,200,0.005042503302963182,0.42452830188679247,4216.354109787357,0.15,150,5,0.11666666666666667,0.2086064060323116,0.5847144013229267,0.0
mtd_ai,200,0.005042503302963182,0.4411764705882353,4990.055124836399,0.2,150,5,0.11666666666666667,0.2086064060323116,0.5847144013229267,0.0
mtd_ai,200,0.005042503302963182,0.44642857142857145,6639.610860299428,0.25,150,5,0.11666666666666667,0.2086064060323116,0.5847144013229267,0.0
mtd_ai,200,0.005033489018418931,0.32608695652173914,2668.2658918063216,0.05,150,5,0.14766666666666664,0.2982009054007601,0.7697363989016367,0.0
mtd_ai,200,0.005033489018418931,0.39473684210526316,3448.5018764862198,0.1,150,5,0.14766666666666664,0.2982009054007601,0.7697363989016367,0.0
mtd_ai,200,0.005033489018418931,0.4017857142857143,4635.729286689502,0.15,150,5,0.14766666666666664,0.2982009054007601,0.7697363989016367,0.0
mtd_ai,200,0.005033489018418931,0.410958904109589,5679.578176007448,0.2,150,5,0.14766666666666664,0.2982009054007601,0.7697363989016367,0.0
mtd_ai,200,0.005033489018418931,0.4166666666666667,7005.1747150075735,0.25,150,5,0.14766666666666664,0.2982009054007601,0.7697363989016367,0.0
mtd_ai,200,0.005040167142093807,0.3,2357.7584502828427,0.05,150,5,0.1526666666666667,1.6135414871051053,4.923585925147845,0.0
mtd_ai,200,0.005040167142093807,0.36585365853658536,3302.398920709318,0.1,150,5,0.1526666666666667,1.6135414871051053,4.923585925147845,0.0
mtd_ai,200,0.005040167142093807,0.4090909090909091,4089.0299319402347,0.15,150,5,0.1526666666666667,1.6135414871051053,4.923585925147845,0.0
mtd_ai,200,0.005040167142093807,0.4411764705882353,5161.472306702413,0.2,150,5,0.1526666666666667,1.6135414871051053,4.923585925147845,0.0
mtd_ai,200,0.005040167142093807,0.4411764705882353,5778.429968830289,0.25,150,5,0.1526666666666667,1.6135414871051053,4.923585925147845,0.0
mtd_ai,200,0.0050825479398683955,0.375,1642.9258697092066,0.05,150,5,0.12066666666666667,0.15199073454915854,0.48816299724642304,0.0
mtd_ai,200,0.0050825479398683955,0.38461538461538464,3555.254675567364,0.1,150,5,0.12066666666666667,0.15199073454915854,0.48816299724642304,0.0
mtd_ai,200,0.0050825479398683955,0.45,4419.950978913665,0.15,150,5,0.12066666666666667,0.15199073454915854,0.48816299724642304,0.0
mtd_ai,200,0.0050825479398683955,0.4838709677419355,4957.176446439487,0.2,150,5,0.12066666666666667,0.15199073454915854,0.48816299724642304,0.0
mtd_ai,200,0.0050825479398683955,0.5136986301369864,5481.010059828155,0.25,150,5,0.12066666666666667,0.15199073454915854,0.48816299724642304,0.0
mtd_ai,200,0.005041028032333355,0.35714285714285715,2172.146237415119,0.05,150,5,0.12738095238095237,1.2750142733480203,4.386223574682817,0.0
mtd_ai,200,0.005041028032333355,0.32608695652173914,4296.6145333953045,0.1,150,5,0.12738095238095237,1.2750142733480203,4.386223574682817,0.0
mtd_ai,200,0.005041028032333355,0.36885245901639346,5871.8779418846025,0.15,150,5,0.12738095238095237,1.2750142733480203,4.386223574682817,0.0
mtd_ai,200,0.005041028032333355,0.410958904109589,6670.99387136395,0.2,150,5,0.12738095238095237,1.2750142733480203,4.386223574682817,0.0
mtd_ai,200,0.005041028032333355,0.45180722891566266,7013.367427451958,0.25,150,5,0.12738095238095237,1.2750142733480203,4.386223574682817,0.0
mtd_ai,200,0.005041287534350684,0.26785714285714285,2721.1028232577446,0.05,150,5,0.1288888888888889,1.6217610869406887,5.262656704017277,0.0
mtd_ai,200,0.005041287534350684,0.32608695652173914,4552.447854853983,0.1,150,5,0.1288888888888889,1.6217610869406887,5.262656704017277,0.0
mtd_ai,200,0.005041287534350684,0.3629032258064516,5792.873074478004,0.15,150,5,0.1288888888888889,1.6217610869406887,5.262656704017277,0.0
mtd_ai,200,0.005041287534350684,0.4,6269.938129386991,0.2,150,5,0.1288888888888889,1.6217610869406887,5.262656704017277,0.0
mtd_ai,200,0.005041287534350684,0.43103448275862066,6947.541112723775,0.25,150,5,0.1288888888888889,1.6217610869406887,5.262656704017277,0.0
mtd_ai,200,0.005064548053823719,0.35714285714285715,1816.5560885427494,0.05,150,5,0.17888888888888885,1.4168312819879016,5.039998453745725,0.0
mtd_ai,200,0.005064548053823719,0.3191489361702128,3512.6055733111125,0.1,150,5,0.17888888888888885,1.4168312819879016,5.039998453745725,0.0
mtd_ai,200,0.005064548053823719,0.3879310344827586,4182.55747038904,0.15,150,5,0.17888888888888885,1.4168312819879016,5.039998453745725,0.0
mtd_ai,200,0.005064548053823719,0.410958904109589,5194.004612321711,0.2,150,5,0.17888888888888885,1.4168312819879016,5.039998453745725,0.0
mtd_ai,200,0.005064548053823719,0.41208791208791207,5967.129371353651,0.25,150,5,0.17888888888888885,1.4168312819879016,5.039998453745725,0.0
mtd_ai,200,0.0050449089060484445,0.4166666666666667,1206.8698113019625,0.05,150,5,0.15842857142857142,0.3553207104801179,1.4354444997969336,0.0
mtd_ai,200,0.0050449089060484445,0.39473684210526316,2595.7702580747537,0.1,150,5,0.15842857142857142,0.3553207104801179,1.4354444997969336,0.0
mtd_ai,200,0.0050449089060484445,0.4090909090909091,3911.6094920300093,0.15,150,5,0.15842857142857142,0.3553207104801179,1.4354444997969336,0.0
mtd_ai,200,0.0050449089060484445,0.4411764705882353,4606.061700863877,0.2,150,5,0.15842857142857142,0.3553207104801179,1.4354444997969336,0.0
mtd_ai,200,0.0050449089060484445,0.4807692307692308,5506.833165871736,0.25,150,5,0.15842857142857142,0.3553207104801179,1.4354444997969336,0.0
mtd_ai,200,0.005038218391687417,0.3125,2624.21762759588,0.05,150,5,0.11066666666666668,1.839265770947928,4.268667447586592,0.0
mtd_ai,200,0.005038218391687417,0.3333333333333333,4504.485969399391,0.1,150,5,0.11066666666666668,1.839265770947928,4.268667447586592,0.0
mtd_ai,200,0.005038218391687417,0.375,5759.868866902352,0.15,150,5,0.11066666666666668,1.839265770947928,4.268667447586592,0.0
mtd_ai,200,0.005038218391687417,0.42857142857142855,6232.565588366555,0.2,150,5,0.11066666666666668,1.839265770947928,4.268667447586592,0.0
mtd_ai,200,0.005038218391687417,0.4573170731707317,6809.5584827432685,0.25,150,5,0.11066666666666668,1.839265770947928,4.268667447586592,0.0
mtd_ai,200,0.005069836308928542,0.35714285714285715,2194.700066368612,0.05,150,5,0.13333333333333333,1.8160811282251552,2.3012284353659154,0.0
mtd_ai,200,0.005069836308928542,0.38461538461538464,3493.44069429116,0.1,150,5,0.13333333333333333,1.8160811282251552,2.3012284353659154,0.0
mtd_ai,200,0.005069836308928542,0.3879310344827586,5377.805945003813,0.15,150,5,0.13333333333333333,1.8160811282251552,2.3012284353659154,0.0
mtd_ai,200,0.005069836308928542,0.42857142857142855,5830.095431588875,0.2,150,5,0.13333333333333333,1.8160811282251552,2.3012284353659154,0.0
mtd_ai,200,0.005069836308928542,0.46296296296296297,6199.283387980792,0.25,150,5,0.13333333333333333,1.8160811282251552,2.3012284353659154,0.0
mtd_ai,200,0.005049500456766752,0.375,2455.606458894652,0.05,150,5,0.16777777777777778,0.48987320570907505,2.01198110833221,0.0
mtd_ai,200,0.005049500456766752,0.46875,3520.353047770267,0.1,150,5,0.16777777777777778,0.48987320570907505,2.01198110833221,0.0
mtd_ai,200,0.005049500456766752,0.45,4672.7510199695225,0.15,150,5,0.16777777777777778,0.48987320570907505,2.01198110833221,0.0
mtd_ai,200,0.005049500456766752,0.46153846153846156,5517.004591440474,0.2,150,5,0.16777777777777778,0.48987320570907505,2.01198110833221,0.0
mtd_ai,200,0.005049500456766752,0.3787878787878788,7426.98949924117,0.25,150,5,0.16777777777777778,0.48987320570907505,2.01198110833221,0.0
mtd_ai,200,0.00508427797655488,0.375,1872.408887250317,0.05,150,5,0.16533333333333333,0.38127953248913987,1.4616525917250862,0.0
mtd_ai,200,0.00508427797655488,0.4166666666666667,2752.403427201334,0.1,150,5,0.16533333333333333,0.38127953248913987,1.4616525917250862,0.0
mtd_ai,200,0.00508427797655488,0.45,3891.911292824285,0.15,150,5,0.16533333333333333,0.38127953248913987,1.4616525917250862,0.0
mtd_ai,200,0.00508427797655488,0.5084745762711864,4385.445618793547,0.2,150,5,0.16533333333333333,0.38127953248913987,1.4616525917250862,0.0
mtd_ai,200,0.00508427797655488,0.5434782608695652,4915.290021148052,0.25,150,5,0.16533333333333333,0.38127953248913987,1.4616525917250862,0.0
mtd_ai,200,0.005079055492152366,0.4166666666666667,1520.2024358453527,0.05,150,5,0.1538888888888889,0.3306392976719399,1.0004906897674894,0.0
mtd_ai,200,0.005079055492152366,0.4166666666666667,2898.779901699553,0.1,150,5,0.1538888888888889,0.3306392976719399,1.0004906897674894,0.0
mtd_ai,200,0.005079055492152366,0.46875,3303.205782255408,0.15,150,5,0.1538888888888889,0.3306392976719399,1.0004906897674894,0.0
mtd_ai,200,0.005079055492152366,0.47619047619047616,3751.5237173664536,0.2,150,5,0.1538888888888889,0.3306392976719399,1.0004906897674894,0.0
mtd_ai,200,0.005079055492152366,0.47468354430379744,4967.986276727332,0.25,150,5,0.1538888888888889,0.3306392976719399,1.0004906897674894,0.0
mtd_ai,200,0.0050449524142527746,0.25862068965517243,2614.2457376235116,0.05,150,5,0.13666666666666666,2.268231151242246,3.8588151133163833,0.0
mtd_ai,200,0.0050449524142527746,0.3125,3678.254581098808,0.1,150,5,0.13666666666666666,2.268231151242246,3.8588151133163833,0.0
mtd_ai,200,0.0050449524142527746,0.3813559322033898,4266.396686575648,0.15,150,5,0.13666666666666666,2.268231151242246,3.8588151133163833,0.0
mtd_ai,200,0.0050449524142527746,0.43478260869565216,4766.5494871138935,0.2,150,5,0.13666666666666666,2.268231151242246,3.8588151133163833,0.0
mtd_ai,200,0.0050449524142527746,0.47468354430379744,5516.884204480752,0.25,150,5,0.13666666666666666,2.268231151242246,3.8588151133163833,0.0
mtd_ai,200,0.005093512616264496,0.46875,1044.14416279545,0.05,150,5,0.15166666666666664,1.191750680995864,3.976921295532192,0.0
mtd_ai,200,0.005093512616264496,0.46875,2488.418707044674,0.1,150,5,0.15166666666666664,1.191750680995864,3.976921295532192,0.0
mtd_ai,200,0.005093512616264496,0.5113636363636364,3404.9450162558433,0.15,150,5,0.15166666666666664,1.191750680995864,3.976921295532192,0.0
mtd_ai,200,0.005093512616264496,0.5660377358490566,3802.3543457878086,0.2,150,5,0.15166666666666664,1.191750680995864,3.976921295532192,0.0
mtd_ai,200,0.005093512616264496,0.5952380952380952,4463.59759846887,0.25,150,5,0.15166666666666664,1.191750680995864,3.976921295532192,0.0
mtd_ai,200,0.005068170983051061,0.4411764705882353,1373.7465934321292,0.05,150,5,0.18444444444444444,1.9910007027991903,4.684590999979516,0.0
mtd_ai,200,0.005068170983051061,0.4838709677419355,2288.3192795734303,0.1,150,5,0.18444444444444444,1.9910007027991903,4.684590999979516,0.0
mtd_ai,200,0.005068170983051061,0.4017857142857143,3754.4677880633244,0.15,150,5,0.18444444444444444,1.9910007027991903,4.684590999979516,0.0
mtd_ai,200,0.005068170983051061,0.40540540540540543,5045.814752169779,0.2,150,5,0.18444444444444444,1.9910007027991903,4.684590999979516,0.0
mtd_ai,200,0.005068170983051061,0.44642857142857145,5944.56649597109,0.25,150,5,0.18444444444444444,1.9910007027991903,4.684590999979516,0.0
mtd_ai,200,0.005046470184837675,0.3409090909090909,2253.798335853475,0.05,150,5,0.139,1.4920429382237177,3.175362393889932,0.0
mtd_ai,200,0.005046470184837675,0.40540540540540543,3201.0346032258967,0.1,150,5,0.139,1.4920429382237177,3.175362393889932,0.0
mtd_ai,200,0.005046470184837675,0.46875,3732.248044586105,0.15,150,5,0.139,1.4920429382237177,3.175362393889932,0.0
mtd_ai,200,0.005046470184837675,0.4838709677419355,4604.181037502153,0.2,150,5,0.139,1.4920429382237177,3.175362393889932,0.0
mtd_ai,200,0.005046470184837675,0.5208333333333334,5213.545719358328,0.25,150,5,0.139,1.4920429382237177,3.175362393889932,0.0
mtd_ai,200,0.005080082707515655,0.2777777777777778,3063.7008724227,0.05,150,5,0.11333333333333333,0.026605091914413403,0.09941100656820409,0.0
mtd_ai,200,0.005080082707515655,0.36585365853658536,4050.493209835454,0.1,150,5,0.11333333333333333,0.026605091914413403,0.09941100656820409,0.0
mtd_ai,200,0.005080082707515655,0.46875,4477.901007881105,0.15,150,5,0.11333333333333333,0.026605091914413403,0.09941100656820409,0.0
mtd_ai,200,0.005080082707515655,0.5,5204.459089210484,0.2,150,5,0.11333333333333333,0.026605091914413403,0.09941100656820409,0.0
mtd_ai,200,0.005080082707515655,0.5357142857142857,5902.624455859427,0.25,150,5,0.11333333333333333,0.026605091914413403,0.09941100656820409,0.0
mtd_ai,200,0.0050670675907644935,0.28846153846153844,2820.3443804724443,0.05,150,5,0.15666666666666668,0.7426552941565879,2.895549978948414,0.0
mtd_ai,200,0.0050670675907644935,0.3488372093023256,3902.9789428449453,0.1,150,5,0.15666666666666668,0.7426552941565879,2.895549978948414,0.0
mtd_ai,200,0.0050670675907644935,0.4017857142857143,4680.414249841644,0.15,150,5,0.15666666666666668,0.7426552941565879,2.895549978948414,0.0
mtd_ai,200,0.0050670675907644935,0.4411764705882353,5364.278960273927,0.2,150,5,0.15666666666666668,0.7426552941565879,2.895549978948414,0.0
mtd_ai,200,0.0050670675907644935,0.45180722891566266,6042.9542652954315,0.25,150,5,0.15666666666666668,0.7426552941565879,2.895549978948414,0.0
mtd_ai,200,0.005041238478577714,0.32608695652173914,2169.2458428890773,0.05,150,5,0.15,0.5581131611486694,1.6511097510957733,0.0
mtd_ai,200,0.005041238478577714,0.3409090909090909,4349.721118605831,0.1,150,5,0.15,0.5581131611486694,1.6511097510957733,0.0
mtd_ai,200,0.005041238478577714,0.4017857142857143,4878.238405874024,0.15,150,5,0.15,0.5581131611486694,1.6511097510957733,0.0
mtd_ai,200,0.005041238478577714,0.410958904109589,6161.874674705407,0.2,150,5,0.15,0.5581131611486694,1.6511097510957733,0.0
mtd_ai,200,0.005041238478577714,0.43103448275862066,6745.481167113931,0.25,150,5,0.15,0.5581131611486694,1.6511097510957733,0.0
mtd_ai,200,0.0050462404321352464,0.3409090909090909,2000.0546888223435,0.05,150,5,0.09090909090909091,0.6287361938745836,2.6083655101461605,-4.633333333333334
mtd_ai,200,0.0050462404321352464,0.36585365853658536,3786.4578694027405,0.1,150,5,0.09090909090909091,0.6287361938745836,2.6083655101461605,-4.633333333333334
mtd_ai,200,0.0050462404321352464,0.42452830188679247,4407.038214029796,0.15,150,5,0.09090909090909091,0.6287361938745836,2.6083655101461605,-4.633333333333334
mtd_ai,200,0.0050462404321352464,0.46875,4982.09794920737,0.2,150,5,0.09090909090909091,0.6287361938745836,2.6083655101461605,-4.633333333333334
mtd_ai,200,0.0050462404321352464,0.5208333333333334,5348.004797529483,0.25,150,5,0.09090909090909091,0.6287361938745836,2.6083655101461605,-4.633333333333334
mtd_ai,200,0.005079590194758481,0.4166666666666667,1216.4520426347294,0.05,150,5,0.09833333333333333,0.33261540041436405,0.9294623176330307,0.0
mtd_ai,200,0.005079590194758481,0.5,1972.8755308329012,0.1,150,5,0.09833333333333333,0.33261540041436405,0.9294623176330307,0.0
mtd_ai,200,0.005079590194758481,0.4166666666666667,4633.263198779863,0.15,150,5,0.09833333333333333,0.33261540041436405,0.9294623176330307,0.0
mtd_ai,200,0.005079590194758481,0.46875,5255.339932111538,0.2,150,5,0.09833333333333333,0.33261540041436405,0.9294623176330307,0.0
mtd_ai,200,0.005079590194758481,0.5067567567567568,5758.64469497249,0.25,150,5,0.09833333333333333,0.33261540041436405,0.9294623176330307,0.0
mtd_ai,200,0.005044131294637974,0.4411764705882353,1763.1261042559195,0.05,150,5,0.0875,0.46641572058917946,2.088358852045922,-4.074074074074074
mtd_ai,200,0.005044131294637974,0.4166666666666667,3508.1457791748535,0.1,150,5,0.0875,0.46641572058917946,2.088358852045922,-4.074074074074074
mtd_ai,200,0.005044131294637974,0.5,4031.146165105988,0.15,150,5,0.0875,0.46641572058917946,2.088358852045922,-4.074074074074074
mtd_ai,200,0.005044131294637974,0.5454545454545454,4465.003305406405,0.2,150,5,0.0875,0.46641572058917946,2.088358852045922,-4.074074074074074
mtd_ai,200,0.005044131294637974,0.5208333333333334,5527.344194983072,0.25,150,5,0.0875,0.46641572058917946,2.088358852045922,-4.074074074074074
mtd_ai,200,0.005078982857626393,0.3,2864.9833240684547,0.05,150,5,0.08666666666666667,0.789884413462743,3.4782081248632255,0.0
mtd_ai,200,0.005078982857626393,0.375,4064.717872943951,0.1,150,5,0.08666666666666667,0.789884413462743,3.4782081248632255,0.0
mtd_ai,200,0.005078982857626393,0.4326923076923077,4794.619958542761,0.15,150,5,0.08666666666666667,0.789884413462743,3.4782081248632255,0.0
mtd_ai,200,0.005078982857626393,0.4838709677419355,5188.718956899017,0.2,150,5,0.08666666666666667,0.789884413462743,3.4782081248632255,0.0
mtd_ai,200,0.005078982857626393,0.5136986301369864,5751.339171976719,0.25,150,5,0.08666666666666667,0.789884413462743,3.4782081248632255,0.0
mtd_ai,200,0.005036055678751456,0.3,2396.1533838784835,0.05,150,5,0.13666666666666666,3.206009992757728,6.865605309847283,0.0
mtd_ai,200,0.005036055678751456,0.35714285714285715,4148.319412742702,0.1,150,5,0.13666666666666666,3.206009992757728,6.865605309847283,0.0
mtd_ai,200,0.005036055678751456,0.4166666666666667,4926.994881013243,0.15,150,5,0.13666666666666666,3.206009992757728,6.865605309847283,0.0
mtd_ai,200,0.005036055678751456,0.44776119402985076,5858.49256647149,0.2,150,5,0.13666666666666666,3.206009992757728,6.865605309847283,0.0
mtd_ai,200,0.005036055678751456,0.4573170731707317,6809.236151612928,0.25,150,5,0.13666666666666666,3.206009992757728,6.865605309847283,0.0
mtd_ai,200,0.005063593248732685,0.32608695652173914,2327.818317923125,0.05,150,5,0.12777777777777777,1.0166514368119062,3.04325524025197,0.0
mtd_ai,200,0.005063593248732685,0.375,3513.051864819304,0.1,150,5,0.12777777777777777,1.0166514368119062,3.04325524025197,0.0
mtd_ai,200,0.005063593248732685,0.375,5349.39939035418,0.15,150,5,0.12777777777777777,1.0166514368119062,3.04325524025197,0.0
mtd_ai,200,0.005063593248732685,0.410958904109589,6056.454236569145,0.2,150,5,0.12777777777777777,1.0166514368119062,3.04325524025197,0.0
mtd_ai,200,0.005063593248732685,0.43103448275862066,6560.065510538549,0.25,150,5,0.12777777777777777,1.0166514368119062,3.04325524025197,0.0
mtd_ai,200,0.005075105763399615,0.32608695652173914,1516.1266680963604,0.05,150,5,0.15166666666666667,0.20175426313812508,0.6779064029593289,0.0
mtd_ai,200,0.005075105763399615,0.32608695652173914,3821.059306104353,0.1,150,5,0.15166666666666667,0.20175426313812508,0.6779064029593289,0.0
mtd_ai,200,0.005075105763399615,0.3879310344827586,4625.097042426562,0.15,150,5,0.15166666666666667,0.20175426313812508,0.6779064029593289,0.0
mtd_ai,200,0.005075105763399615,0.4,5438.512911123152,0.2,150,5,0.15166666666666667,0.20175426313812508,0.6779064029593289,0.0
mtd_ai,200,0.005075105763399615,0.43103448275862066,5854.507828749862,0.25,150,5,0.15166666666666667,0.20175426313812508,0.6779064029593289,0.0
mtd_ai,200,0.005036612786832123,0.26785714285714285,2666.176866344157,0.05,150,5,0.13033333333333333,1.247944968667188,4.752066062332538,5.384615384615385
mtd_ai,200,0.005036612786832123,0.3333333333333333,3989.2494227891248,0.1,150,5,0.13033333333333333,1.247944968667188,4.752066062332538,5.384615384615385
mtd_ai,200,0.005036612786832123,0.39473684210526316,4796.231074123012,0.15,150,5,0.13033333333333333,1.247944968667188,4.752066062332538,5.384615384615385
mtd_ai,200,0.005036612786832123,0.410958904109589,5921.038149317545,0.2,150,5,0.13033333333333333,1.247944968667188,4.752066062332538,5.384615384615385
mtd_ai,200,0.005036612786832123,0.42613636363636365,6765.8013348437435,0.25,150,5,0.13033333333333333,1.247944968667188,4.752066062332538,5.384615384615385
mtd_ai,200,0.0050662316701599154,0.5,1231.1993339582182,0.05,150,5,0.12972222222222224,0.5859145200426762,2.0621541074553615,0.0
mtd_ai,200,0.0050662316701599154,0.45454545454545453,2596.1189385654243,0.1,150,5,0.12972222222222224,0.5859145200426762,2.0621541074553615,0.0
mtd_ai,200,0.0050662316701599154,0.46875,4232.927345894912,0.15,150,5,0.12972222222222224,0.5859145200426762,2.0621541074553615,0.0
mtd_ai,200,0.0050662316701599154,0.45454545454545453,5564.6716876736045,0.2,150,5,0.12972222222222224,0.5859145200426762,2.0621541074553615,0.0
mtd_ai,200,0.0050662316701599154,0.4807692307692308,6042.0438684168785,0.25,150,5,0.12972222222222224,0.5859145200426762,2.0621541074553615,0.0
mtd_ai,200,0.005040512474462087,0.26785714285714285,3097.074442039622,0.05,150,5,0.12333333333333334,0.3998815301062392,1.715220310862889,0.0
mtd_ai,200,0.005040512474462087,0.3488372093023256,3964.8841021222806,0.1,150,5,0.12333333333333334,0.3998815301062392,1.715220310862889,0.0
mtd_ai,200,0.005040512474462087,0.4166666666666667,4677.053203271609,0.15,150,5,0.12333333333333334,0.3998815301062392,1.715220310862889,0.0
mtd_ai,200,0.005040512474462087,0.45454545454545453,5409.07146457078,0.2,150,5,0.12333333333333334,0.3998815301062392,1.715220310862889,0.0
mtd_ai,200,0.005040512474462087,0.4934210526315789,5893.862925139771,0.25,150,5,0.12333333333333334,0.3998815301062392,1.715220310862889,0.0
mtd_ai,200,0.005058111853867954,0.4166666666666667,1303.2252567596038,0.05,150,5,0.14722222222222223,0.32701314047762153,1.4050072328315162,0.0
mtd_ai,200,0.005058111853867954,0.45454545454545453,2493.423983499449,0.1,150,5,0.14722222222222223,0.32701314047762153,1.4050072328315162,0.0
mtd_ai,200,0.005058111853867954,0.5113636363636364,3223.534550015427,0.15,150,5,0.14722222222222223,0.32701314047762153,1.4050072328315162,0.0
mtd_ai,200,0.005058111853867954,0.5172413793103449,3928.9305175752443,0.2,150,5,0.14722222222222223,0.32701314047762153,1.4050072328315162,0.0
mtd_ai,200,0.005058111853867954,0.5,5016.638358643983,0.25,150,5,0.14722222222222223,0.32701314047762153,1.4050072328315162,0.0
mtd_ai,200,0.005072059669486059,0.35714285714285715,2015.2672673996883,0.05,150,5,0.13777777777777778,0.47551177855006266,1.9626409552549262,0.0
mtd_ai,200,0.005072059669486059,0.35714285714285715,3722.36532726314,0.1,150,5,0.13777777777777778,0.47551177855006266,1.9626409552549262,0.0
mtd_ai,200,0.005072059669486059,0.4017857142857143,4541.696235296122,0.15,150,5,0.13777777777777778,0.47551177855006266,1.9626409552549262,0.0
mtd_ai,200,0.005072059669486059,0.410958904109589,5120.789268041583,0.2,150,5,0.13777777777777778,0.47551177855006266,1.9626409552549262,0.0
mtd_ai,200,0.005072059669486059,0.44642857142857145,5455.041576398112,0.25,150,5,0.13777777777777778,0.47551177855006266,1.9626409552549262,0.0
mtd_ai,200,0.0050451603081817595,0.25,2659.2183452807767,0.05,150,5,0.12555555555555556,0.41125948383289723,1.6242125902601245,0.0
mtd_ai,200,0.0050451603081817595,0.3409090909090909,3555.040233621367,0.1,150,5,0.12555555555555556,0.41125948383289723,1.6242125902601245,0.0
mtd_ai,200,0.0050451603081817595,0.4166666666666667,4185.592596488629,0.15,150,5,0.12555555555555556,0.41125948383289723,1.6242125902601245,0.0
mtd_ai,200,0.0050451603081817595,0.45454545454545453,5075.388207748211,0.2,150,5,0.12555555555555556,0.41125948383289723,1.6242125902601245,0.0
mtd_ai,200,0.0050451603081817595,0.5,5510.37345844811,0.25,150,5,0.12555555555555556,0.41125948383289723,1.6242125902601245,0.0
mtd_ai,200,0.005060832972916714,0.375,2260.0826425482182,0.05,150,5,0.12555555555555556,1.7247937483935656,4.384970012109649,6.2727272727272725
mtd_ai,200,0.005060832972916714,0.4411764705882353,3086.515582729393,0.1,150,5,0.12555555555555556,1.7247937483935656,4.384970012109649,6.2727272727272725
mtd_ai,200,0.005060832972916714,0.5232558139534884,3643.914363571078,0.15,150,5,0.12555555555555556,1.7247937483935656,4.384970012109649,6.2727272727272725
mtd_ai,200,0.005060832972916714,0.5172413793103449,4457.557087463556,0.2,150,5,0.12555555555555556,1.7247937483935656,4.384970012109649,6.2727272727272725
mtd_ai,200,0.005060832972916714,0.5514705882352942,4729.698820240974,0.25,150,5,0.12555555555555556,1.7247937483935656,4.384970012109649,6.2727272727272725
