Name,mtd_interval,MEF,ASR,time_to_compromise,host_compromise_ratio,network_size,exposed_endpoints,attack_path_exposure,ROA,risk,shortest_path_variability,downtime_ratio,agent_time_ratio,mtd_action_ratio
mtd_ai,200,0.005041515706281688,0.46875,1502.1376575147513,0.05,150,5,0.14444444444444446,0.8712857314562661,3.2904818294170695,0.0,0.27744852945002346,6.789846628888872e-05,0.76
mtd_ai,200,0.005041515706281688,0.45454545454545453,2604.12371708128,0.1,150,5,0.14444444444444446,0.8712857314562661,3.2904818294170695,0.0,0.27744852945002346,6.789846628888872e-05,0.76
mtd_ai,200,0.005041515706281688,0.46875,3584.8094221825936,0.15,150,5,0.14444444444444446,0.8712857314562661,3.2904818294170695,0.0,0.27744852945002346,6.789846628888872e-05,0.76
mtd_ai,200,0.005041515706281688,0.46153846153846156,4716.939401058855,0.2,150,5,0.14444444444444446,0.8712857314562661,3.2904818294170695,0.0,0.27744852945002346,6.789846628888872e-05,0.76
mtd_ai,200,0.005041515706281688,0.47468354430379744,5964.5607246132495,0.25,150,5,0.14444444444444446,0.8712857314562661,3.2904818294170695,0.0,0.27744852945002346,6.789846628888872e-05,0.76
mtd_ai,200,0.005037976441284178,0.39473684210526316,1583.1566993289455,0.05,150,5,0.11333333333333333,0.14319963007745104,0.4720132062563088,4.0,0.24980585589904936,9.893478218610202e-05,0.6896551724137931
mtd_ai,200,0.005037976441284178,0.42857142857142855,2954.8968216878775,0.1,150,5,0.11333333333333333,0.14319963007745104,0.4720132062563088,4.0,0.24980585589904936,9.893478218610202e-05,0.6896551724137931
mtd_ai,200,0.005037976441284178,0.5,3386.5867276143917,0.15,150,5,0.11333333333333333,0.14319963007745104,0.4720132062563088,4.0,0.24980585589904936,9.893478218610202e-05,0.6896551724137931
mtd_ai,200,0.005037976441284178,0.45454545454545453,4727.430159992248,0.2,150,5,0.11333333333333333,0.14319963007745104,0.4720132062563088,4.0,0.24980585589904936,9.893478218610202e-05,0.6896551724137931
mtd_ai,200,0.005037976441284178,0.4573170731707317,6253.950122859939,0.25,150,5,0.11333333333333333,0.14319963007745104,0.4720132062563088,4.0,0.24980585589904936,9.893478218610202e-05,0.6896551724137931
mtd_ai,200,0.005072280400797145,0.2777777777777778,2584.824663689425,0.05,150,5,0.09333333333333334,0.6950298240351912,2.863414251077803,0.0,0.3156102794812281,0.0001085142253215253,0.8444444444444444
mtd_ai,200,0.005072280400797145,0.375,3426.3908247640525,0.1,150,5,0.09333333333333334,0.6950298240351912,2.863414251077803,0.0,0.3156102794812281,0.0001085142253215253,0.8444444444444444
mtd_ai,200,0.005072280400797145,0.42452830188679247,4570.064499593918,0.15,150,5,0.09333333333333334,0.6950298240351912,2.863414251077803,0.0,0.3156102794812281,0.0001085142253215253,0.8444444444444444
mtd_ai,200,0.005072280400797145,0.42857142857142855,5481.263723947024,0.2,150,5,0.09333333333333334,0.6950298240351912,2.863414251077803,0.0,0.3156102794812281,0.0001085142253215253,0.8444444444444444
mtd_ai,200,0.005072280400797145,0.46875,6108.42780647982,0.25,150,5,0.09333333333333334,0.6950298240351912,2.863414251077803,0.0,0.3156102794812281,0.0001085142253215253,0.8444444444444444
mtd_ai,200,0.0050506343619432315,0.3409090909090909,2401.3744543904686,0.05,150,5,0.3,0.6856310264461898,1.9700976565478057,0.0,0.16081494146765102,0.0006732474002872851,0.8837209302325582
mtd_ai,200,0.0050506343619432315,0.35714285714285715,4142.737824604992,0.1,150,5,0.3,0.6856310264461898,1.9700976565478057,0.0,0.16081494146765102,0.0006732474002872851,0.8837209302325582
mtd_ai,200,0.0050506343619432315,0.42452830188679247,4779.18679240935,0.15,150,5,0.3,0.6856310264461898,1.9700976565478057,0.0,0.16081494146765102,0.0006732474002872851,0.8837209302325582
mtd_ai,200,0.0050506343619432315,0.4411764705882353,5452.398214769299,0.2,150,5,0.3,0.6856310264461898,1.9700976565478057,0.0,0.16081494146765102,0.0006732474002872851,0.8837209302325582
mtd_ai,200,0.0050506343619432315,0.4807692307692308,5866.180030421438,0.25,150,5,0.3,0.6856310264461898,1.9700976565478057,0.0,0.16081494146765102,0.0006732474002872851,0.8837209302325582
mtd_ai,200,0.00504412668012462,0.28846153846153844,1904.95883811692,0.05,150,5,0.1688888888888889,1.6469852221743675,4.071816089956521,0.0,0.3018318180412519,0.000419770725938536,0.8367346938775511
mtd_ai,200,0.00504412668012462,0.3125,4092.726172086758,0.1,150,5,0.1688888888888889,1.6469852221743675,4.071816089956521,0.0,0.3018318180412519,0.000419770725938536,0.8367346938775511
mtd_ai,200,0.00504412668012462,0.375,5107.771470895072,0.15,150,5,0.1688888888888889,1.6469852221743675,4.071816089956521,0.0,0.3018318180412519,0.000419770725938536,0.8367346938775511
mtd_ai,200,0.00504412668012462,0.37037037037037035,5986.268497825704,0.2,150,5,0.1688888888888889,1.6469852221743675,4.071816089956521,0.0,0.3018318180412519,0.000419770725938536,0.8367346938775511
mtd_ai,200,0.00504412668012462,0.4166666666666667,6429.595796682048,0.25,150,5,0.1688888888888889,1.6469852221743675,4.071816089956521,0.0,0.3018318180412519,0.000419770725938536,0.8367346938775511
mtd_ai,200,0.005064327761184475,0.2777777777777778,1971.2790779543066,0.05,150,5,0.14644444444444443,1.4099683686455835,1.034277495111533,0.0,0.2550987580414189,9.44727344191325e-05,0.76
mtd_ai,200,0.005064327761184475,0.32608695652173914,3186.7874506408384,0.1,150,5,0.14644444444444443,1.4099683686455835,1.034277495111533,0.0,0.2550987580414189,9.44727344191325e-05,0.76
mtd_ai,200,0.005064327761184475,0.3629032258064516,4286.694941357409,0.15,150,5,0.14644444444444443,1.4099683686455835,1.034277495111533,0.0,0.2550987580414189,9.44727344191325e-05,0.76
mtd_ai,200,0.005064327761184475,0.379746835443038,5205.07925241396,0.2,150,5,0.14644444444444443,1.4099683686455835,1.034277495111533,0.0,0.2550987580414189,9.44727344191325e-05,0.76
mtd_ai,200,0.005064327761184475,0.41208791208791207,6011.937955190087,0.25,150,5,0.14644444444444443,1.4099683686455835,1.034277495111533,0.0,0.2550987580414189,9.44727344191325e-05,0.76
mtd_ai,200,0.0050717729283176576,0.4166666666666667,1612.5452540000942,0.05,150,5,0.19117647058823528,0.9344731273925644,4.03684695848979,0.0,0.28939617405020945,0.00013834099646351785,0.75
mtd_ai,200,0.0050717729283176576,0.42857142857142855,3285.559713960758,0.1,150,5,0.19117647058823528,0.9344731273925644,4.03684695848979,0.0,0.28939617405020945,0.00013834099646351785,0.75
mtd_ai,200,0.0050717729283176576,0.4090909090909091,4901.052776960518,0.15,150,5,0.19117647058823528,0.9344731273925644,4.03684695848979,0.0,0.28939617405020945,0.00013834099646351785,0.75
mtd_ai,200,0.0050717729283176576,0.4411764705882353,5442.129719907471,0.2,150,5,0.19117647058823528,0.9344731273925644,4.03684695848979,0.0,0.28939617405020945,0.00013834099646351785,0.75
mtd_ai,200,0.0050717729283176576,0.4934210526315789,5855.663500214341,0.25,150,5,0.19117647058823528,0.9344731273925644,4.03684695848979,0.0,0.28939617405020945,0.00013834099646351785,0.75
mtd_ai,200,0.005065998848222546,0.3409090909090909,2079.616453897219,0.05,150,5,0.1297777777777778,0.7690483587839331,0.9158832784915123,0.0,0.21660044419810304,7.400115268153153e-05,0.7924528301886793
mtd_ai,200,0.005065998848222546,0.3488372093023256,3737.403076184746,0.1,150,5,0.1297777777777778,0.7690483587839331,0.9158832784915123,0.0,0.21660044419810304,7.400115268153153e-05,0.7924528301886793
mtd_ai,200,0.005065998848222546,0.4166666666666667,4733.6442962021565,0.15,150,5,0.1297777777777778,0.7690483587839331,0.9158832784915123,0.0,0.21660044419810304,7.400115268153153e-05,0.7924528301886793
mtd_ai,200,0.005065998848222546,0.410958904109589,6150.471674988204,0.2,150,5,0.1297777777777778,0.7690483587839331,0.9158832784915123,0.0,0.21660044419810304,7.400115268153153e-05,0.7924528301886793
mtd_ai,200,0.005065998848222546,0.4573170731707317,6722.806066420265,0.25,150,5,0.1297777777777778,0.7690483587839331,0.9158832784915123,0.0,0.21660044419810304,7.400115268153153e-05,0.7924528301886793
mtd_ai,200,0.005072909823664066,0.4411764705882353,1388.2896940140063,0.05,150,5,0.07777777777777778,0.5363274009385284,1.7102390585751823,0.0,0.20901426032593098,8.10331451003159e-05,0.7090909090909091
mtd_ai,200,0.005072909823664066,0.40540540540540543,3115.1245380671294,0.1,150,5,0.07777777777777778,0.5363274009385284,1.7102390585751823,0.0,0.20901426032593098,8.10331451003159e-05,0.7090909090909091
mtd_ai,200,0.005072909823664066,0.4017857142857143,4424.693546139499,0.15,150,5,0.07777777777777778,0.5363274009385284,1.7102390585751823,0.0,0.20901426032593098,8.10331451003159e-05,0.7090909090909091
mtd_ai,200,0.005072909823664066,0.42857142857142855,5420.804259463044,0.2,150,5,0.07777777777777778,0.5363274009385284,1.7102390585751823,0.0,0.20901426032593098,8.10331451003159e-05,0.7090909090909091
mtd_ai,200,0.005072909823664066,0.46875,5931.703280205591,0.25,150,5,0.07777777777777778,0.5363274009385284,1.7102390585751823,0.0,0.20901426032593098,8.10331451003159e-05,0.7090909090909091
mtd_ai,200,0.005061588860699333,0.3409090909090909,2242.652584913885,0.05,150,5,0.11,0.3394740441347053,0.23140089873268668,0.0,0.26102128302232264,9.116591032434195e-05,0.7948717948717948
mtd_ai,200,0.005061588860699333,0.46875,2862.648051766662,0.1,150,5,0.11,0.3394740441347053,0.23140089873268668,0.0,0.26102128302232264,9.116591032434195e-05,0.7948717948717948
mtd_ai,200,0.005061588860699333,0.5487804878048781,3459.2697244937144,0.15,150,5,0.11,0.3394740441347053,0.23140089873268668,0.0,0.26102128302232264,9.116591032434195e-05,0.7948717948717948
mtd_ai,200,0.005061588860699333,0.5454545454545454,4462.934713299097,0.2,150,5,0.11,0.3394740441347053,0.23140089873268668,0.0,0.26102128302232264,9.116591032434195e-05,0.7948717948717948
mtd_ai,200,0.005061588860699333,0.5769230769230769,4819.398434907588,0.25,150,5,0.11,0.3394740441347053,0.23140089873268668,0.0,0.26102128302232264,9.116591032434195e-05,0.7948717948717948
mtd_ai,200,0.00506159311993348,0.3,1805.3367809483218,0.05,150,5,0.08444444444444445,0.3130595285064392,1.2494396056095354,0.0,0.21315035354641265,7.877391558617892e-05,0.8653846153846154
mtd_ai,200,0.00506159311993348,0.3409090909090909,3409.495516837631,0.1,150,5,0.08444444444444445,0.3130595285064392,1.2494396056095354,0.0,0.21315035354641265,7.877391558617892e-05,0.8653846153846154
mtd_ai,200,0.00506159311993348,0.3515625,5789.855645081339,0.15,150,5,0.08444444444444445,0.3130595285064392,1.2494396056095354,0.0,0.21315035354641265,7.877391558617892e-05,0.8653846153846154
mtd_ai,200,0.00506159311993348,0.40540540540540543,6221.507446330914,0.2,150,5,0.08444444444444445,0.3130595285064392,1.2494396056095354,0.0,0.21315035354641265,7.877391558617892e-05,0.8653846153846154
mtd_ai,200,0.00506159311993348,0.42613636363636365,6961.037952398417,0.25,150,5,0.08444444444444445,0.3130595285064392,1.2494396056095354,0.0,0.21315035354641265,7.877391558617892e-05,0.8653846153846154
mtd_ai,200,0.005049395226463898,0.3409090909090909,2481.616936095039,0.05,150,5,0.14588888888888887,0.9910718954435954,3.251780496852756,0.0,0.19352057259348174,0.00011723017508760968,0.6458333333333334
mtd_ai,200,0.005049395226463898,0.42857142857142855,3263.0741329093066,0.1,150,5,0.14588888888888887,0.9910718954435954,3.251780496852756,0.0,0.19352057259348174,0.00011723017508760968,0.6458333333333334
mtd_ai,200,0.005049395226463898,0.45,3911.2940188597704,0.15,150,5,0.14588888888888887,0.9910718954435954,3.251780496852756,0.0,0.19352057259348174,0.00011723017508760968,0.6458333333333334
mtd_ai,200,0.005049395226463898,0.47619047619047616,4466.816180008322,0.2,150,5,0.14588888888888887,0.9910718954435954,3.251780496852756,0.0,0.19352057259348174,0.00011723017508760968,0.6458333333333334
mtd_ai,200,0.005049395226463898,0.528169014084507,4712.114368868835,0.25,150,5,0.14588888888888887,0.9910718954435954,3.251780496852756,0.0,0.19352057259348174,0.00011723017508760968,0.6458333333333334
mtd_ai,200,0.005072326694770147,0.24193548387096775,3841.1027783450536,0.05,150,5,0.12266666666666666,2.832771298856383,5.492503940474858,0.0,0.17364285891826564,7.864288541331174e-05,0.7872340425531915
mtd_ai,200,0.005072326694770147,0.32608695652173914,4724.313860229631,0.1,150,5,0.12266666666666666,2.832771298856383,5.492503940474858,0.0,0.17364285891826564,7.864288541331174e-05,0.7872340425531915
mtd_ai,200,0.005072326694770147,0.4166666666666667,5049.296935693839,0.15,150,5,0.12266666666666666,2.832771298856383,5.492503940474858,0.0,0.17364285891826564,7.864288541331174e-05,0.7872340425531915
mtd_ai,200,0.005072326694770147,0.46875,5485.421390994765,0.2,150,5,0.12266666666666666,2.832771298856383,5.492503940474858,0.0,0.17364285891826564,7.864288541331174e-05,0.7872340425531915
mtd_ai,200,0.005072326694770147,0.5136986301369864,5951.653035409968,0.25,150,5,0.12266666666666666,2.832771298856383,5.492503940474858,0.0,0.17364285891826564,7.864288541331174e-05,0.7872340425531915
mtd_ai,200,0.005086105764016205,0.375,2241.3768553118293,0.05,150,5,0.15666666666666668,0.7685049107001383,2.9561091443843326,0.0,0.22462618631183684,8.268679709348517e-05,0.8095238095238095
mtd_ai,200,0.005086105764016205,0.42857142857142855,3220.2443399299686,0.1,150,5,0.15666666666666668,0.7685049107001383,2.9561091443843326,0.0,0.22462618631183684,8.268679709348517e-05,0.8095238095238095
mtd_ai,200,0.005086105764016205,0.4787234042553192,3851.3601889242877,0.15,150,5,0.15666666666666668,0.7685049107001383,2.9561091443843326,0.0,0.22462618631183684,8.268679709348517e-05,0.8095238095238095
mtd_ai,200,0.005086105764016205,0.47619047619047616,4855.005827328818,0.2,150,5,0.15666666666666668,0.7685049107001383,2.9561091443843326,0.0,0.22462618631183684,8.268679709348517e-05,0.8095238095238095
mtd_ai,200,0.005086105764016205,0.5067567567567568,5241.8674668856,0.25,150,5,0.15666666666666668,0.7685049107001383,2.9561091443843326,0.0,0.22462618631183684,8.268679709348517e-05,0.8095238095238095
mtd_ai,200,0.005054295597660668,0.4411764705882353,1359.8527263485948,0.05,150,5,0.16166666666666665,0.020405007628667145,0.0892176317170955,0.0,0.18178193852382044,6.348642655455227e-05,0.825
mtd_ai,200,0.005054295597660668,0.5172413793103449,2036.7762563400313,0.1,150,5,0.16166666666666665,0.020405007628667145,0.0892176317170955,0.0,0.18178193852382044,6.348642655455227e-05,0.825
mtd_ai,200,0.005054295597660668,0.5487804878048781,2758.67188339779,0.15,150,5,0.16166666666666665,0.020405007628667145,0.0892176317170955,0.0,0.18178193852382044,6.348642655455227e-05,0.825
mtd_ai,200,0.005054295597660668,0.5555555555555556,3424.8606761497576,0.2,150,5,0.16166666666666665,0.020405007628667145,0.0892176317170955,0.0,0.18178193852382044,6.348642655455227e-05,0.825
mtd_ai,200,0.005054295597660668,0.528169014084507,4729.38324254329,0.25,150,5,0.16166666666666665,0.020405007628667145,0.0892176317170955,0.0,0.18178193852382044,6.348642655455227e-05,0.825
mtd_ai,200,0.005047184448563107,0.28846153846153844,2567.6678303763238,0.05,150,5,0.14400000000000002,0.24321738107426036,0.7404643988710264,0.0,0.1985305507291528,0.0002680959173639875,0.7741935483870968
mtd_ai,200,0.005047184448563107,0.29411764705882354,4298.845391484157,0.1,150,5,0.14400000000000002,0.24321738107426036,0.7404643988710264,0.0,0.1985305507291528,0.0002680959173639875,0.7741935483870968
mtd_ai,200,0.005047184448563107,0.3409090909090909,5286.577426166798,0.15,150,5,0.14400000000000002,0.24321738107426036,0.7404643988710264,0.0,0.1985305507291528,0.0002680959173639875,0.7741935483870968
mtd_ai,200,0.005047184448563107,0.375,6146.577956004959,0.2,150,5,0.14400000000000002,0.24321738107426036,0.7404643988710264,0.0,0.1985305507291528,0.0002680959173639875,0.7741935483870968
mtd_ai,200,0.005047184448563107,0.3865979381443299,7410.281618994281,0.25,150,5,0.14400000000000002,0.24321738107426036,0.7404643988710264,0.0,0.1985305507291528,0.0002680959173639875,0.7741935483870968
mtd_ai,200,0.005050226760874377,0.35714285714285715,1696.5703269969526,0.05,150,5,0.16333333333333333,1.0521513571285976,4.189291107305624,0.0,0.030657361632463187,2.379990759163252e-05,0.7906976744186046
mtd_ai,200,0.005050226760874377,0.375,3721.3499391219293,0.1,150,5,0.16333333333333333,1.0521513571285976,4.189291107305624,0.0,0.030657361632463187,2.379990759163252e-05,0.7906976744186046
mtd_ai,200,0.005050226760874377,0.45918367346938777,4137.99840956433,0.15,150,5,0.16333333333333333,1.0521513571285976,4.189291107305624,0.0,0.030657361632463187,2.379990759163252e-05,0.7906976744186046
mtd_ai,200,0.005050226760874377,0.5172413793103449,4469.455937518439,0.2,150,5,0.16333333333333333,1.0521513571285976,4.189291107305624,0.0,0.030657361632463187,2.379990759163252e-05,0.7906976744186046
mtd_ai,200,0.005050226760874377,0.47468354430379744,5208.495954182739,0.25,150,5,0.16333333333333333,1.0521513571285976,4.189291107305624,0.0,0.030657361632463187,2.379990759163252e-05,0.7906976744186046
mtd_ai,200,0.005067678831671576,0.25862068965517243,3033.62286071821,0.05,150,5,0.09,0.2986404058169041,0.3953377564271941,0.0,0.2895939901013878,6.30587339449976e-05,0.6721311475409836
mtd_ai,200,0.005067678831671576,0.3488372093023256,3983.429928789113,0.1,150,5,0.09,0.2986404058169041,0.3953377564271941,0.0,0.2895939901013878,6.30587339449976e-05,0.6721311475409836
mtd_ai,200,0.005067678831671576,0.4090909090909091,4632.719144701058,0.15,150,5,0.09,0.2986404058169041,0.3953377564271941,0.0,0.2895939901013878,6.30587339449976e-05,0.6721311475409836
mtd_ai,200,0.005067678831671576,0.4166666666666667,5841.206653845421,0.2,150,5,0.09,0.2986404058169041,0.3953377564271941,0.0,0.2895939901013878,6.30587339449976e-05,0.6721311475409836
mtd_ai,200,0.005067678831671576,0.45180722891566266,6293.077231389407,0.25,150,5,0.09,0.2986404058169041,0.3953377564271941,0.0,0.2895939901013878,6.30587339449976e-05,0.6721311475409836
mtd_ai,200,0.005063741469735596,0.3125,2327.1767415399986,0.05,150,5,0.13444444444444445,2.9642956494209276,6.825781180759,0.0,0.17239060379585366,0.00024113787128759103,0.8936170212765957
mtd_ai,200,0.005063741469735596,0.39473684210526316,3222.3010707050994,0.1,150,5,0.13444444444444445,2.9642956494209276,6.825781180759,0.0,0.17239060379585366,0.00024113787128759103,0.8936170212765957
mtd_ai,200,0.005063741469735596,0.3879310344827586,4962.068732583062,0.15,150,5,0.13444444444444445,2.9642956494209276,6.825781180759,0.0,0.17239060379585366,0.00024113787128759103,0.8936170212765957
mtd_ai,200,0.005063741469735596,0.4166666666666667,5999.826411061538,0.2,150,5,0.13444444444444445,2.9642956494209276,6.825781180759,0.0,0.17239060379585366,0.00024113787128759103,0.8936170212765957
mtd_ai,200,0.005063741469735596,0.4411764705882353,6583.930530978827,0.25,150,5,0.13444444444444445,2.9642956494209276,6.825781180759,0.0,0.17239060379585366,0.00024113787128759103,0.8936170212765957
mtd_ai,200,0.005061732319317209,0.19736842105263158,3284.4533251852877,0.05,150,5,0.13888888888888887,2.2272427057792323,6.205650558600148,0.0,0.27324052617532785,8.824553170075179e-05,0.8723404255319149
mtd_ai,200,0.005061732319317209,0.3,4369.664904296533,0.1,150,5,0.13888888888888887,2.2272427057792323,6.205650558600148,0.0,0.27324052617532785,8.824553170075179e-05,0.8723404255319149
mtd_ai,200,0.005061732319317209,0.36885245901639346,4866.424149024826,0.15,150,5,0.13888888888888887,2.2272427057792323,6.205650558600148,0.0,0.27324052617532785,8.824553170075179e-05,0.8723404255319149
mtd_ai,200,0.005061732319317209,0.38461538461538464,5751.910923520516,0.2,150,5,0.13888888888888887,2.2272427057792323,6.205650558600148,0.0,0.27324052617532785,8.824553170075179e-05,0.8723404255319149
mtd_ai,200,0.005061732319317209,0.41208791208791207,6457.177610879435,0.25,150,5,0.13888888888888887,2.2272427057792323,6.205650558600148,0.0,0.27324052617532785,8.824553170075179e-05,0.8723404255319149
mtd_ai,200,0.005104290508500912,0.4411764705882353,1679.5878869011149,0.05,150,5,0.15872222222222224,0.9134016168069218,3.1238557542576992,0.0,0.21048654751564866,6.660919145384864e-05,0.9032258064516129
mtd_ai,200,0.005104290508500912,0.42857142857142855,2979.361575015022,0.1,150,5,0.15872222222222224,0.9134016168069218,3.1238557542576992,0.0,0.21048654751564866,6.660919145384864e-05,0.9032258064516129
mtd_ai,200,0.005104290508500912,0.4787234042553192,3695.9131204508153,0.15,150,5,0.15872222222222224,0.9134016168069218,3.1238557542576992,0.0,0.21048654751564866,6.660919145384864e-05,0.9032258064516129
mtd_ai,200,0.005104290508500912,0.5263157894736842,4141.955830454348,0.2,150,5,0.15872222222222224,0.9134016168069218,3.1238557542576992,0.0,0.21048654751564866,6.660919145384864e-05,0.9032258064516129
mtd_ai,200,0.005104290508500912,0.5769230769230769,4375.5204721661285,0.25,150,5,0.15872222222222224,0.9134016168069218,3.1238557542576992,0.0,0.21048654751564866,6.660919145384864e-05,0.9032258064516129
mtd_ai,200,0.005044782499045468,0.35714285714285715,1553.8907579578809,0.05,150,5,0.13111111111111112,0.5826508001597288,2.5930049894619036,3.7058823529411766,0.27636880227594596,0.0004146813695592459,0.8297872340425532
mtd_ai,200,0.005044782499045468,0.3409090909090909,3420.0487466021705,0.1,150,5,0.13111111111111112,0.5826508001597288,2.5930049894619036,3.7058823529411766,0.27636880227594596,0.0004146813695592459,0.8297872340425532
mtd_ai,200,0.005044782499045468,0.375,5219.513447351355,0.15,150,5,0.13111111111111112,0.5826508001597288,2.5930049894619036,3.7058823529411766,0.27636880227594596,0.0004146813695592459,0.8297872340425532
mtd_ai,200,0.005044782499045468,0.42857142857142855,5575.135452349888,0.2,150,5,0.13111111111111112,0.5826508001597288,2.5930049894619036,3.7058823529411766,0.27636880227594596,0.0004146813695592459,0.8297872340425532
mtd_ai,200,0.005044782499045468,0.44642857142857145,6262.169783656725,0.25,150,5,0.13111111111111112,0.5826508001597288,2.5930049894619036,3.7058823529411766,0.27636880227594596,0.0004146813695592459,0.8297872340425532
mtd_ai,200,0.005066844257453771,0.46875,1354.4114155665263,0.05,150,5,0.11777777777777779,0.8299073251222946,3.4071176770050604,0.0,0.18411091692957887,4.714237736308079e-05,0.7592592592592593
mtd_ai,200,0.005066844257453771,0.39473684210526316,3358.8057030101413,0.1,150,5,0.11777777777777779,0.8299073251222946,3.4071176770050604,0.0,0.18411091692957887,4.714237736308079e-05,0.7592592592592593
mtd_ai,200,0.005066844257453771,0.4326923076923077,4441.154930470881,0.15,150,5,0.11777777777777779,0.8299073251222946,3.4071176770050604,0.0,0.18411091692957887,4.714237736308079e-05,0.7592592592592593
mtd_ai,200,0.005066844257453771,0.46875,5026.89220317798,0.2,150,5,0.11777777777777779,0.8299073251222946,3.4071176770050604,0.0,0.18411091692957887,4.714237736308079e-05,0.7592592592592593
mtd_ai,200,0.005066844257453771,0.47468354430379744,6144.595974616759,0.25,150,5,0.11777777777777779,0.8299073251222946,3.4071176770050604,0.0,0.18411091692957887,4.714237736308079e-05,0.7592592592592593
mtd_ai,200,0.005089128152484844,0.35714285714285715,1805.5383950105759,0.05,150,5,0.1391111111111111,0.2202432127425597,0.9486436882355921,0.0,0.1855484225309252,7.424886971873144e-05,0.7727272727272727
mtd_ai,200,0.005089128152484844,0.4166666666666667,2711.5878955641847,0.1,150,5,0.1391111111111111,0.2202432127425597,0.9486436882355921,0.0,0.1855484225309252,7.424886971873144e-05,0.7727272727272727
mtd_ai,200,0.005089128152484844,0.45,3757.827145250878,0.15,150,5,0.1391111111111111,0.2202432127425597,0.9486436882355921,0.0,0.1855484225309252,7.424886971873144e-05,0.7727272727272727
mtd_ai,200,0.005089128152484844,0.45454545454545453,4971.903289264991,0.2,150,5,0.1391111111111111,0.2202432127425597,0.9486436882355921,0.0,0.1855484225309252,7.424886971873144e-05,0.7727272727272727
mtd_ai,200,0.005089128152484844,0.5136986301369864,5328.21183464827,0.25,150,5,0.1391111111111111,0.2202432127425597,0.9486436882355921,0.0,0.1855484225309252,7.424886971873144e-05,0.7727272727272727
mtd_ai,200,0.005027063321886066,0.25,2588.218398689338,0.05,150,5,0.15011111111111114,0.6508795471225798,0.7138715831975212,0.0,0.21957707260469406,0.000350750687489799,0.8103448275862069
mtd_ai,200,0.005027063321886066,0.29411764705882354,4050.866769109948,0.1,150,5,0.15011111111111114,0.6508795471225798,0.7138715831975212,0.0,0.21957707260469406,0.000350750687489799,0.8103448275862069
mtd_ai,200,0.005027063321886066,0.3358208955223881,5200.910485179974,0.15,150,5,0.15011111111111114,0.6508795471225798,0.7138715831975212,0.0,0.21957707260469406,0.000350750687489799,0.8103448275862069
mtd_ai,200,0.005027063321886066,0.30927835051546393,6616.242602046627,0.2,150,5,0.15011111111111114,0.6508795471225798,0.7138715831975212,0.0,0.21957707260469406,0.000350750687489799,0.8103448275862069
mtd_ai,200,0.005027063321886066,0.32608695652173914,7480.506765169762,0.25,150,5,0.15011111111111114,0.6508795471225798,0.7138715831975212,0.0,0.21957707260469406,0.000350750687489799,0.8103448275862069
mtd_ai,200,0.00507224102997457,0.4166666666666667,1837.2737530256832,0.05,150,5,0.1575555555555556,6.240132770363934,4.8477044660711055,0.0,0.168236128367034,6.864665364206863e-05,0.8604651162790697
mtd_ai,200,0.00507224102997457,0.3409090909090909,4097.72763071459,0.1,150,5,0.1575555555555556,6.240132770363934,4.8477044660711055,0.0,0.168236128367034,6.864665364206863e-05,0.8604651162790697
mtd_ai,200,0.00507224102997457,0.4017857142857143,4733.486602698642,0.15,150,5,0.1575555555555556,6.240132770363934,4.8477044660711055,0.0,0.168236128367034,6.864665364206863e-05,0.8604651162790697
mtd_ai,200,0.00507224102997457,0.43478260869565216,5505.855503097853,0.2,150,5,0.1575555555555556,6.240132770363934,4.8477044660711055,0.0,0.168236128367034,6.864665364206863e-05,0.8604651162790697
mtd_ai,200,0.00507224102997457,0.47468354430379744,5930.510416407413,0.25,150,5,0.1575555555555556,6.240132770363934,4.8477044660711055,0.0,0.168236128367034,6.864665364206863e-05,0.8604651162790697
mtd_ai,200,0.005025142928121391,0.2777777777777778,2950.1711456999137,0.05,150,5,0.13333333333333333,0.30113482474760594,1.1119968091942054,0.0,0.3888541740532897,0.00012390674923498516,0.7333333333333333
mtd_ai,200,0.005025142928121391,0.3488372093023256,4414.71586801227,0.1,150,5,0.13333333333333333,0.30113482474760594,1.1119968091942054,0.0,0.3888541740532897,0.00012390674923498516,0.7333333333333333
mtd_ai,200,0.005025142928121391,0.42452830188679247,4842.42871586942,0.15,150,5,0.13333333333333333,0.30113482474760594,1.1119968091942054,0.0,0.3888541740532897,0.00012390674923498516,0.7333333333333333
mtd_ai,200,0.005025142928121391,0.3448275862068966,7253.038471953809,0.2,150,5,0.13333333333333333,0.30113482474760594,1.1119968091942054,0.0,0.3888541740532897,0.00012390674923498516,0.7333333333333333
mtd_ai,200,0.005025142928121391,0.36764705882352944,8858.423684990867,0.25,150,5,0.13333333333333333,0.30113482474760594,1.1119968091942054,0.0,0.3888541740532897,0.00012390674923498516,0.7333333333333333
mtd_ai,200,0.005094436723939226,0.4411764705882353,1247.9586094643992,0.05,150,5,0.12755555555555556,0.5632124710171921,1.5046294250742078,0.0,0.2744104141067989,8.591862662486277e-05,0.775
mtd_ai,200,0.005094436723939226,0.39473684210526316,2782.4485651253053,0.1,150,5,0.12755555555555556,0.5632124710171921,1.5046294250742078,0.0,0.2744104141067989,8.591862662486277e-05,0.775
mtd_ai,200,0.005094436723939226,0.4326923076923077,3785.2429906342268,0.15,150,5,0.12755555555555556,0.5632124710171921,1.5046294250742078,0.0,0.2744104141067989,8.591862662486277e-05,0.775
mtd_ai,200,0.005094436723939226,0.4838709677419355,4351.410883871582,0.2,150,5,0.12755555555555556,0.5632124710171921,1.5046294250742078,0.0,0.2744104141067989,8.591862662486277e-05,0.775
mtd_ai,200,0.005094436723939226,0.5208333333333334,4718.689652582187,0.25,150,5,0.12755555555555556,0.5632124710171921,1.5046294250742078,0.0,0.2744104141067989,8.591862662486277e-05,0.775
mtd_ai,200,0.005055498171511786,0.20833333333333334,4506.170644043952,0.05,150,5,0.13966666666666666,0.4802123963946235,2.1258040442771815,0.0,0.23498549041531444,0.0002442571218475267,0.7704918032786885
mtd_ai,200,0.005055498171511786,0.2727272727272727,5455.487320692252,0.1,150,5,0.13966666666666666,0.4802123963946235,2.1258040442771815,0.0,0.23498549041531444,0.0002442571218475267,0.7704918032786885
mtd_ai,200,0.005055498171511786,0.3409090909090909,5831.572584158307,0.15,150,5,0.13966666666666666,0.4802123963946235,2.1258040442771815,0.0,0.23498549041531444,0.0002442571218475267,0.7704918032786885
mtd_ai,200,0.005055498171511786,0.36585365853658536,6678.469599512431,0.2,150,5,0.13966666666666666,0.4802123963946235,2.1258040442771815,0.0,0.23498549041531444,0.0002442571218475267,0.7704918032786885
mtd_ai,200,0.005055498171511786,0.390625,7444.256850763732,0.25,150,5,0.13966666666666666,0.4802123963946235,2.1258040442771815,0.0,0.23498549041531444,0.0002442571218475267,0.7704918032786885
mtd_ai,200,0.005052501597156612,0.3125,2808.805920951325,0.05,150,5,0.09,2.4463814331145963,4.8906684856909175,0.0,0.24530044732017653,0.0001132738145976083,0.7894736842105263
mtd_ai,200,0.005052501597156612,0.39473684210526316,3611.258163854339,0.1,150,5,0.09,2.4463814331145963,4.8906684856909175,0.0,0.24530044732017653,0.0001132738145976083,0.7894736842105263
mtd_ai,200,0.005052501597156612,0.42452830188679247,4636.9307320111375,0.15,150,5,0.09,2.4463814331145963,4.8906684856909175,0.0,0.24530044732017653,0.0001132738145976083,0.7894736842105263
mtd_ai,200,0.005052501597156612,0.375,6743.58303433814,0.2,150,5,0.09,2.4463814331145963,4.8906684856909175,0.0,0.24530044732017653,0.0001132738145976083,0.7894736842105263
mtd_ai,200,0.005052501597156612,0.4076086956521739,7177.977984691841,0.25,150,5,0.09,2.4463814331145963,4.8906684856909175,0.0,0.24530044732017653,0.0001132738145976083,0.7894736842105263
mtd_ai,200,0.005054009832847789,0.375,1539.671154708527,0.05,150,5,0.11333333333333333,0.9965133050588115,4.072582957189668,0.0,0.2675982551142982,9.40166591241255e-05,0.8032786885245902
mtd_ai,200,0.005054009832847789,0.35714285714285715,3474.9151057789636,0.1,150,5,0.11333333333333333,0.9965133050588115,4.072582957189668,0.0,0.2675982551142982,9.40166591241255e-05,0.8032786885245902
mtd_ai,200,0.005054009832847789,0.4166666666666667,4681.357474013352,0.15,150,5,0.11333333333333333,0.9965133050588115,4.072582957189668,0.0,0.2675982551142982,9.40166591241255e-05,0.8032786885245902
mtd_ai,200,0.005054009832847789,0.4,7434.267246038414,0.2,150,5,0.11333333333333333,0.9965133050588115,4.072582957189668,0.0,0.2675982551142982,9.40166591241255e-05,0.8032786885245902
mtd_ai,200,0.005054009832847789,0.436046511627907,8163.172272907208,0.25,150,5,0.11333333333333333,0.9965133050588115,4.072582957189668,0.0,0.2675982551142982,9.40166591241255e-05,0.8032786885245902
mtd_ai,200,0.005055960783614655,0.375,1753.999039779965,0.05,150,5,0.155,0.03626495883486662,0.14375663715657597,0.0,0.23860520274302202,6.910286227032959e-05,0.775
mtd_ai,200,0.005055960783614655,0.38461538461538464,2923.875095377124,0.1,150,5,0.155,0.03626495883486662,0.14375663715657597,0.0,0.23860520274302202,6.910286227032959e-05,0.775
mtd_ai,200,0.005055960783614655,0.42452830188679247,3676.4292037646856,0.15,150,5,0.155,0.03626495883486662,0.14375663715657597,0.0,0.23860520274302202,6.910286227032959e-05,0.775
mtd_ai,200,0.005055960783614655,0.44776119402985076,4453.00709447884,0.2,150,5,0.155,0.03626495883486662,0.14375663715657597,0.0,0.23860520274302202,6.910286227032959e-05,0.775
mtd_ai,200,0.005055960783614655,0.5,4749.581754627088,0.25,150,5,0.155,0.03626495883486662,0.14375663715657597,0.0,0.23860520274302202,6.910286227032959e-05,0.775
mtd_ai,200,0.005096694199501438,0.4166666666666667,1645.352827721843,0.05,150,5,0.1511111111111111,4.50384576067782,6.358068143873897,0.0,0.301354503889736,8.557309407456463e-05,0.7045454545454546
mtd_ai,200,0.005096694199501438,0.40540540540540543,2779.2808635976753,0.1,150,5,0.1511111111111111,4.50384576067782,6.358068143873897,0.0,0.301354503889736,8.557309407456463e-05,0.7045454545454546
mtd_ai,200,0.005096694199501438,0.46875,3663.735986824457,0.15,150,5,0.1511111111111111,4.50384576067782,6.358068143873897,0.0,0.301354503889736,8.557309407456463e-05,0.7045454545454546
mtd_ai,200,0.005096694199501438,0.5,4215.087520121384,0.2,150,5,0.1511111111111111,4.50384576067782,6.358068143873897,0.0,0.301354503889736,8.557309407456463e-05,0.7045454545454546
mtd_ai,200,0.005096694199501438,0.5434782608695652,4595.399168356136,0.25,150,5,0.1511111111111111,4.50384576067782,6.358068143873897,0.0,0.301354503889736,8.557309407456463e-05,0.7045454545454546
mtd_ai,200,0.00504515656353142,0.39473684210526316,1478.2142020197712,0.05,150,5,0.11333333333333333,0.3740210328460216,1.6799150044277662,0.0,0.32997077099108024,0.0003741553184361732,0.85
mtd_ai,200,0.00504515656353142,0.45454545454545453,2804.3637993558077,0.1,150,5,0.11333333333333333,0.3740210328460216,1.6799150044277662,0.0,0.32997077099108024,0.0003741553184361732,0.85
mtd_ai,200,0.00504515656353142,0.5113636363636364,3632.3799213627235,0.15,150,5,0.11333333333333333,0.3740210328460216,1.6799150044277662,0.0,0.32997077099108024,0.0003741553184361732,0.85
mtd_ai,200,0.00504515656353142,0.5357142857142857,4201.864945153136,0.2,150,5,0.11333333333333333,0.3740210328460216,1.6799150044277662,0.0,0.32997077099108024,0.0003741553184361732,0.85
mtd_ai,200,0.00504515656353142,0.5208333333333334,5271.806781182481,0.25,150,5,0.11333333333333333,0.3740210328460216,1.6799150044277662,0.0,0.32997077099108024,0.0003741553184361732,0.85
mtd_ai,200,0.005050478162315303,0.24193548387096775,3962.9891110129442,0.05,150,5,0.12333333333333334,0.19505077523007097,0.7933866796892645,0.0,0.18031415816028565,6.761129999725742e-05,0.7
mtd_ai,200,0.005050478162315303,0.3333333333333333,4952.412769995046,0.1,150,5,0.12333333333333334,0.19505077523007097,0.7933866796892645,0.0,0.18031415816028565,6.761129999725742e-05,0.7
mtd_ai,200,0.005050478162315303,0.39473684210526316,5478.499183610304,0.15,150,5,0.12333333333333334,0.19505077523007097,0.7933866796892645,0.0,0.18031415816028565,6.761129999725742e-05,0.7
mtd_ai,200,0.005050478162315303,0.38461538461538464,6980.172822484552,0.2,150,5,0.12333333333333334,0.19505077523007097,0.7933866796892645,0.0,0.18031415816028565,6.761129999725742e-05,0.7
mtd_ai,200,0.005050478162315303,0.42134831460674155,7755.434458206834,0.25,150,5,0.12333333333333334,0.19505077523007097,0.7933866796892645,0.0,0.18031415816028565,6.761129999725742e-05,0.7
mtd_ai,200,0.005047688595181952,0.375,1634.9903935892135,0.05,150,5,0.12811111111111112,1.2600801962928474,4.237182972281516,0.0,0.1475069178130261,4.393527137109182e-05,0.7441860465116279
mtd_ai,200,0.005047688595181952,0.4411764705882353,2722.6455705416574,0.1,150,5,0.12811111111111112,1.2600801962928474,4.237182972281516,0.0,0.1475069178130261,4.393527137109182e-05,0.7441860465116279
mtd_ai,200,0.005047688595181952,0.5113636363636364,3163.0139742410665,0.15,150,5,0.12811111111111112,1.2600801962928474,4.237182972281516,0.0,0.1475069178130261,4.393527137109182e-05,0.7441860465116279
mtd_ai,200,0.005047688595181952,0.5263157894736842,4074.5399543524463,0.2,150,5,0.12811111111111112,1.2600801962928474,4.237182972281516,0.0,0.1475069178130261,4.393527137109182e-05,0.7441860465116279
mtd_ai,200,0.005047688595181952,0.5067567567567568,4810.692401317036,0.25,150,5,0.12811111111111112,1.2600801962928474,4.237182972281516,0.0,0.1475069178130261,4.393527137109182e-05,0.7441860465116279
mtd_ai,200,0.005040732768884827,0.234375,3440.4123786662567,0.05,150,5,0.062222222222222213,2.1904136166562647,3.5974968711657853,0.0,0.22958068194779463,8.759740796776098e-05,0.8235294117647058
mtd_ai,200,0.005040732768884827,0.2830188679245283,4596.342459101203,0.1,150,5,0.062222222222222213,2.1904136166562647,3.5974968711657853,0.0,0.22958068194779463,8.759740796776098e-05,0.8235294117647058
mtd_ai,200,0.005040732768884827,0.34615384615384615,5145.480989377449,0.15,150,5,0.062222222222222213,2.1904136166562647,3.5974968711657853,0.0,0.22958068194779463,8.759740796776098e-05,0.8235294117647058
mtd_ai,200,0.005040732768884827,0.39473684210526316,5577.580301663706,0.2,150,5,0.062222222222222213,2.1904136166562647,3.5974968711657853,0.0,0.22958068194779463,8.759740796776098e-05,0.8235294117647058
mtd_ai,200,0.005040732768884827,0.41208791208791207,6436.233715557766,0.25,150,5,0.062222222222222213,2.1904136166562647,3.5974968711657853,0.0,0.22958068194779463,8.759740796776098e-05,0.8235294117647058
mtd_ai,200,0.005066790601098354,0.19736842105263158,4637.725696287569,0.05,150,5,0.11411111111111111,0.02091384840354236,0.0871230384878013,0.0,0.2683721923046407,0.00010707302987635814,0.6666666666666666
mtd_ai,200,0.005066790601098354,0.28846153846153844,5274.616561680915,0.1,150,5,0.11411111111111111,0.02091384840354236,0.0871230384878013,0.0,0.2683721923046407,0.00010707302987635814,0.6666666666666666
mtd_ai,200,0.005066790601098354,0.35714285714285715,5733.787521095455,0.15,150,5,0.11411111111111111,0.02091384840354236,0.0871230384878013,0.0,0.2683721923046407,0.00010707302987635814,0.6666666666666666
mtd_ai,200,0.005066790601098354,0.39473684210526316,6341.956521953005,0.2,150,5,0.11411111111111111,0.02091384840354236,0.0871230384878013,0.0,0.2683721923046407,0.00010707302987635814,0.6666666666666666
mtd_ai,200,0.005066790601098354,0.4411764705882353,6877.480862540797,0.25,150,5,0.11411111111111111,0.02091384840354236,0.0871230384878013,0.0,0.2683721923046407,0.00010707302987635814,0.6666666666666666
mtd_ai,200,0.0050485805577328464,0.35714285714285715,1906.6840157880383,0.05,150,5,0.12933333333333333,0.2822781851218422,1.1633764099014037,0.0,0.2660382083432322,5.191692746019173e-05,0.7872340425531915
mtd_ai,200,0.0050485805577328464,0.375,3252.101074845868,0.1,150,5,0.12933333333333333,0.2822781851218422,1.1633764099014037,0.0,0.2660382083432322,5.191692746019173e-05,0.7872340425531915
mtd_ai,200,0.0050485805577328464,0.45,3668.615114289083,0.15,150,5,0.12933333333333333,0.2822781851218422,1.1633764099014037,0.0,0.2660382083432322,5.191692746019173e-05,0.7872340425531915
mtd_ai,200,0.0050485805577328464,0.42857142857142855,5067.686772875128,0.2,150,5,0.12933333333333333,0.2822781851218422,1.1633764099014037,0.0,0.2660382083432322,5.191692746019173e-05,0.7872340425531915
mtd_ai,200,0.0050485805577328464,0.46296296296296297,5801.294964234774,0.25,150,5,0.12933333333333333,0.2822781851218422,1.1633764099014037,0.0,0.2660382083432322,5.191692746019173e-05,0.7872340425531915
mtd_ai,200,0.0050320390849281655,0.28846153846153844,2722.2593162584835,0.05,150,5,0.25,0.05795021755091694,0.20631534365851265,-5.28,0.16038422335723054,0.00032329143070536305,0.8113207547169812
mtd_ai,200,0.0050320390849281655,0.38461538461538464,3556.8946402471747,0.1,150,5,0.25,0.05795021755091694,0.20631534365851265,-5.28,0.16038422335723054,0.00032329143070536305,0.8113207547169812
mtd_ai,200,0.0050320390849281655,0.3879310344827586,4927.082656959756,0.15,150,5,0.25,0.05795021755091694,0.20631534365851265,-5.28,0.16038422335723054,0.00032329143070536305,0.8113207547169812
mtd_ai,200,0.0050320390849281655,0.410958904109589,6174.83700834806,0.2,150,5,0.25,0.05795021755091694,0.20631534365851265,-5.28,0.16038422335723054,0.00032329143070536305,0.8113207547169812
mtd_ai,200,0.0050320390849281655,0.4411764705882353,6822.035491757602,0.25,150,5,0.25,0.05795021755091694,0.20631534365851265,-5.28,0.16038422335723054,0.00032329143070536305,0.8113207547169812
mtd_ai,200,0.005082170062509819,0.35714285714285715,2227.7496940034284,0.05,150,5,0.18333333333333332,0.3539032669040905,1.3149643949887062,0.0,0.2530828080719987,9.233377695181237e-05,0.825
mtd_ai,200,0.005082170062509819,0.40540540540540543,3147.3796240502534,0.1,150,5,0.18333333333333332,0.3539032669040905,1.3149643949887062,0.0,0.2530828080719987,9.233377695181237e-05,0.825
mtd_ai,200,0.005082170062509819,0.4411764705882353,3865.256170039018,0.15,150,5,0.18333333333333332,0.3539032669040905,1.3149643949887062,0.0,0.2530828080719987,9.233377695181237e-05,0.825
mtd_ai,200,0.005082170062509819,0.44776119402985076,4757.868552173723,0.2,150,5,0.18333333333333332,0.3539032669040905,1.3149643949887062,0.0,0.2530828080719987,9.233377695181237e-05,0.825
mtd_ai,200,0.005082170062509819,0.4807692307692308,5166.77297958426,0.25,150,5,0.18333333333333332,0.3539032669040905,1.3149643949887062,0.0,0.2530828080719987,9.233377695181237e-05,0.825
mtd_ai,200,0.005049211139099468,0.375,2072.3068418369085,0.05,150,5,0.15666666666666668,0.5300783523113493,1.6635925711883301,6.190476190476191,0.28392036801569837,9.479329465880361e-05,0.75
mtd_ai,200,0.005049211139099468,0.42857142857142855,3177.0046470475186,0.1,150,5,0.15666666666666668,0.5300783523113493,1.6635925711883301,6.190476190476191,0.28392036801569837,9.479329465880361e-05,0.75
mtd_ai,200,0.005049211139099468,0.5113636363636364,3888.95525986519,0.15,150,5,0.15666666666666668,0.5300783523113493,1.6635925711883301,6.190476190476191,0.28392036801569837,9.479329465880361e-05,0.75
mtd_ai,200,0.005049211139099468,0.5660377358490566,4272.56280504393,0.2,150,5,0.15666666666666668,0.5300783523113493,1.6635925711883301,6.190476190476191,0.28392036801569837,9.479329465880361e-05,0.75
mtd_ai,200,0.005049211139099468,0.5769230769230769,5143.818217463975,0.25,150,5,0.15666666666666668,0.5300783523113493,1.6635925711883301,6.190476190476191,0.28392036801569837,9.479329465880361e-05,0.75
mtd_ai,200,0.005070206244339919,0.25862068965517243,3185.0853147751495,0.05,150,5,0.1297777777777778,3.5525023301146055,2.920383219188265,0.0,0.2318571345920956,0.00010525248324076029,0.7407407407407407
mtd_ai,200,0.005070206244339919,0.35714285714285715,3930.273780319813,0.1,150,5,0.1297777777777778,3.5525023301146055,2.920383219188265,0.0,0.2318571345920956,0.00010525248324076029,0.7407407407407407
mtd_ai,200,0.005070206244339919,0.4326923076923077,4578.110064058981,0.15,150,5,0.1297777777777778,3.5525023301146055,2.920383219188265,0.0,0.2318571345920956,0.00010525248324076029,0.7407407407407407
mtd_ai,200,0.005070206244339919,0.4411764705882353,5355.3158842085995,0.2,150,5,0.1297777777777778,3.5525023301146055,2.920383219188265,0.0,0.2318571345920956,0.00010525248324076029,0.7407407407407407
mtd_ai,200,0.005070206244339919,0.46875,6055.7730891635965,0.25,150,5,0.1297777777777778,3.5525023301146055,2.920383219188265,0.0,0.2318571345920956,0.00010525248324076029,0.7407407407407407
mtd_ai,200,0.005068019839633503,0.28846153846153844,2956.9111404327214,0.05,150,5,0.09444444444444446,1.0677319636468996,3.340450318827605,0.0,0.16812806575764663,6.308816588404953e-05,0.8695652173913043
mtd_ai,200,0.005068019839633503,0.35714285714285715,4144.515735553804,0.1,150,5,0.09444444444444446,1.0677319636468996,3.340450318827605,0.0,0.16812806575764663,6.308816588404953e-05,0.8695652173913043
mtd_ai,200,0.005068019839633503,0.3879310344827586,5126.431495625087,0.15,150,5,0.09444444444444446,1.0677319636468996,3.340450318827605,0.0,0.16812806575764663,6.308816588404953e-05,0.8695652173913043
mtd_ai,200,0.005068019839633503,0.4225352112676056,5919.911080269063,0.2,150,5,0.09444444444444446,1.0677319636468996,3.340450318827605,0.0,0.16812806575764663,6.308816588404953e-05,0.8695652173913043
mtd_ai,200,0.005068019839633503,0.46875,6373.731205999747,0.25,150,5,0.09444444444444446,1.0677319636468996,3.340450318827605,0.0,0.16812806575764663,6.308816588404953e-05,0.8695652173913043
mtd_ai,200,0.005066073922594499,0.234375,3619.434873543594,0.05,150,5,0.09333333333333334,0.558273672696029,2.4812299091266756,0.0,0.247078188441305,9.564536981047331e-05,0.7241379310344828
mtd_ai,200,0.005066073922594499,0.3125,4911.983557306499,0.1,150,5,0.09333333333333334,0.558273672696029,2.4812299091266756,0.0,0.247078188441305,9.564536981047331e-05,0.7241379310344828
mtd_ai,200,0.005066073922594499,0.3879310344827586,5460.738147891425,0.15,150,5,0.09333333333333334,0.558273672696029,2.4812299091266756,0.0,0.247078188441305,9.564536981047331e-05,0.7241379310344828
mtd_ai,200,0.005066073922594499,0.42857142857142855,6162.242002626164,0.2,150,5,0.09333333333333334,0.558273672696029,2.4812299091266756,0.0,0.247078188441305,9.564536981047331e-05,0.7241379310344828
mtd_ai,200,0.005066073922594499,0.46875,6657.313169133008,0.25,150,5,0.09333333333333334,0.558273672696029,2.4812299091266756,0.0,0.247078188441305,9.564536981047331e-05,0.7241379310344828
mtd_ai,200,0.005060621193533673,0.3409090909090909,2196.4719224038276,0.05,150,5,0.11,0.960104844498434,1.4269031455379921,0.0,0.12958497133692695,5.262650467450706e-05,0.8541666666666666
mtd_ai,200,0.005060621193533673,0.42857142857142855,2939.7606311153413,0.1,150,5,0.11,0.960104844498434,1.4269031455379921,0.0,0.12958497133692695,5.262650467450706e-05,0.8541666666666666
mtd_ai,200,0.005060621193533673,0.42452830188679247,4378.361567506913,0.15,150,5,0.11,0.960104844498434,1.4269031455379921,0.0,0.12958497133692695,5.262650467450706e-05,0.8541666666666666
mtd_ai,200,0.005060621193533673,0.4225352112676056,5743.779625589648,0.2,150,5,0.11,0.960104844498434,1.4269031455379921,0.0,0.12958497133692695,5.262650467450706e-05,0.8541666666666666
mtd_ai,200,0.005060621193533673,0.4411764705882353,6453.3866513226085,0.25,150,5,0.11,0.960104844498434,1.4269031455379921,0.0,0.12958497133692695,5.262650467450706e-05,0.8541666666666666
mtd_ai,200,0.005029599683760872,0.3125,2314.266881561813,0.05,150,5,0.2777777777777778,0.11541795194122718,0.4186835933201621,-3.473684210526316,0.26991660407661944,8.049240829478019e-05,0.7741935483870968
mtd_ai,200,0.005029599683760872,0.25862068965517243,4385.158846889205,0.1,150,5,0.2777777777777778,0.11541795194122718,0.4186835933201621,-3.473684210526316,0.26991660407661944,8.049240829478019e-05,0.7741935483870968
mtd_ai,200,0.005029599683760872,0.28846153846153844,5567.283830198738,0.15,150,5,0.2777777777777778,0.11541795194122718,0.4186835933201621,-3.473684210526316,0.26991660407661944,8.049240829478019e-05,0.7741935483870968
mtd_ai,200,0.005029599683760872,0.30303030303030304,6623.8979528544405,0.2,150,5,0.2777777777777778,0.11541795194122718,0.4186835933201621,-3.473684210526316,0.26991660407661944,8.049240829478019e-05,0.7741935483870968
mtd_ai,200,0.005029599683760872,0.33185840707964603,7464.069041148273,0.25,150,5,0.2777777777777778,0.11541795194122718,0.4186835933201621,-3.473684210526316,0.26991660407661944,8.049240829478019e-05,0.7741935483870968
mtd_ai,200,0.005046459014711792,0.4166666666666667,1488.8562466016865,0.05,150,5,0.1257777777777778,0.31343723482931923,1.4052752649954003,0.0,0.3130795407368021,0.00010280297701973803,0.7647058823529411
mtd_ai,200,0.005046459014711792,0.39473684210526316,2721.7785016316484,0.1,150,5,0.1257777777777778,0.31343723482931923,1.4052752649954003,0.0,0.3130795407368021,0.00010280297701973803,0.7647058823529411
mtd_ai,200,0.005046459014711792,0.4090909090909091,4500.21414582008,0.15,150,5,0.1257777777777778,0.31343723482931923,1.4052752649954003,0.0,0.3130795407368021,0.00010280297701973803,0.7647058823529411
mtd_ai,200,0.005046459014711792,0.4225352112676056,5643.127855848265,0.2,150,5,0.1257777777777778,0.31343723482931923,1.4052752649954003,0.0,0.3130795407368021,0.00010280297701973803,0.7647058823529411
mtd_ai,200,0.005046459014711792,0.4411764705882353,6185.0908356560885,0.25,150,5,0.1257777777777778,0.31343723482931923,1.4052752649954003,0.0,0.3130795407368021,0.00010280297701973803,0.7647058823529411
mtd_ai,200,0.005087988073763984,0.4166666666666667,1797.3839354589452,0.05,150,5,0.08571428571428572,0.8799316573560405,2.9871837409106172,0.0,0.2605303019795485,8.059912481584888e-05,0.8048780487804879
mtd_ai,200,0.005087988073763984,0.42857142857142855,2729.76163447825,0.1,150,5,0.08571428571428572,0.8799316573560405,2.9871837409106172,0.0,0.2605303019795485,8.059912481584888e-05,0.8048780487804879
mtd_ai,200,0.005087988073763984,0.4326923076923077,3868.7323027459306,0.15,150,5,0.08571428571428572,0.8799316573560405,2.9871837409106172,0.0,0.2605303019795485,8.059912481584888e-05,0.8048780487804879
mtd_ai,200,0.005087988073763984,0.46875,4552.418446725766,0.2,150,5,0.08571428571428572,0.8799316573560405,2.9871837409106172,0.0,0.2605303019795485,8.059912481584888e-05,0.8048780487804879
mtd_ai,200,0.005087988073763984,0.5208333333333334,5059.009740315178,0.25,150,5,0.08571428571428572,0.8799316573560405,2.9871837409106172,0.0,0.2605303019795485,8.059912481584888e-05,0.8048780487804879
mtd_ai,200,0.005073487476964636,0.26785714285714285,2944.9558941611763,0.05,150,5,0.12222222222222223,0.28731573753198036,1.1438785759932792,0.0,0.08745774634424743,4.423183682224248e-05,0.7647058823529411
mtd_ai,200,0.005073487476964636,0.3409090909090909,3901.7685087380737,0.1,150,5,0.12222222222222223,0.28731573753198036,1.1438785759932792,0.0,0.08745774634424743,4.423183682224248e-05,0.7647058823529411
mtd_ai,200,0.005073487476964636,0.4017857142857143,4661.235511240857,0.15,150,5,0.12222222222222223,0.28731573753198036,1.1438785759932792,0.0,0.08745774634424743,4.423183682224248e-05,0.7647058823529411
mtd_ai,200,0.005073487476964636,0.42857142857142855,5368.182518036248,0.2,150,5,0.12222222222222223,0.28731573753198036,1.1438785759932792,0.0,0.08745774634424743,4.423183682224248e-05,0.7647058823529411
mtd_ai,200,0.005073487476964636,0.45180722891566266,6106.94824930679,0.25,150,5,0.12222222222222223,0.28731573753198036,1.1438785759932792,0.0,0.08745774634424743,4.423183682224248e-05,0.7647058823529411
mtd_ai,200,0.00506507980982215,0.35714285714285715,1836.9019949688272,0.05,150,5,0.12888888888888891,0.8025119408702029,2.700882281147486,0.0,0.2592098040383107,0.00010212715859846535,0.8333333333333334
mtd_ai,200,0.00506507980982215,0.30612244897959184,4811.77116295363,0.1,150,5,0.12888888888888891,0.8025119408702029,2.700882281147486,0.0,0.2592098040383107,0.00010212715859846535,0.8333333333333334
mtd_ai,200,0.00506507980982215,0.3879310344827586,5112.996425068304,0.15,150,5,0.12888888888888891,0.8025119408702029,2.700882281147486,0.0,0.2592098040383107,0.00010212715859846535,0.8333333333333334
mtd_ai,200,0.00506507980982215,0.4225352112676056,6217.294047844585,0.2,150,5,0.12888888888888891,0.8025119408702029,2.700882281147486,0.0,0.2592098040383107,0.00010212715859846535,0.8333333333333334
mtd_ai,200,0.00506507980982215,0.46296296296296297,6545.992432971547,0.25,150,5,0.12888888888888891,0.8025119408702029,2.700882281147486,0.0,0.2592098040383107,0.00010212715859846535,0.8333333333333334
mtd_ai,200,0.005068618279975813,0.32608695652173914,2195.1392209093738,0.05,150,5,0.13466666666666666,1.1290993720427513,3.89674242561185,0.0,0.2634672210427566,9.416465760218899e-05,0.7115384615384616
mtd_ai,200,0.005068618279975813,0.39473684210526316,3630.63197349464,0.1,150,5,0.13466666666666666,1.1290993720427513,3.89674242561185,0.0,0.2634672210427566,9.416465760218899e-05,0.7115384615384616
mtd_ai,200,0.005068618279975813,0.4411764705882353,4623.813362901637,0.15,150,5,0.13466666666666666,1.1290993720427513,3.89674242561185,0.0,0.2634672210427566,9.416465760218899e-05,0.7115384615384616
mtd_ai,200,0.005068618279975813,0.46153846153846156,5201.963348451869,0.2,150,5,0.13466666666666666,1.1290993720427513,3.89674242561185,0.0,0.2634672210427566,9.416465760218899e-05,0.7115384615384616
mtd_ai,200,0.005068618279975813,0.4934210526315789,5843.726826287428,0.25,150,5,0.13466666666666666,1.1290993720427513,3.89674242561185,0.0,0.2634672210427566,9.416465760218899e-05,0.7115384615384616
mtd_ai,200,0.005091197747175735,0.35714285714285715,2112.9097138992192,0.05,150,5,0.15733333333333335,1.154902457397125,3.3669988842557976,0.0,0.1750212931839168,9.999962286329721e-05,0.8
mtd_ai,200,0.005091197747175735,0.35714285714285715,3444.1838557300557,0.1,150,5,0.15733333333333335,1.154902457397125,3.3669988842557976,0.0,0.1750212931839168,9.999962286329721e-05,0.8
mtd_ai,200,0.005091197747175735,0.4326923076923077,3958.441986311404,0.15,150,5,0.15733333333333335,1.154902457397125,3.3669988842557976,0.0,0.1750212931839168,9.999962286329721e-05,0.8
mtd_ai,200,0.005091197747175735,0.4411764705882353,4608.83926861651,0.2,150,5,0.15733333333333335,1.154902457397125,3.3669988842557976,0.0,0.1750212931839168,9.999962286329721e-05,0.8
mtd_ai,200,0.005091197747175735,0.4807692307692308,4972.802642241744,0.25,150,5,0.15733333333333335,1.154902457397125,3.3669988842557976,0.0,0.1750212931839168,9.999962286329721e-05,0.8
mtd_ai,200,0.005072154202090708,0.35714285714285715,2187.071012385566,0.05,150,5,0.1511111111111111,0.4923831119097591,0.9525845843832227,0.0,0.2079412691437565,8.125999346145334e-05,0.72
mtd_ai,200,0.005072154202090708,0.42857142857142855,3197.153809812724,0.1,150,5,0.1511111111111111,0.4923831119097591,0.9525845843832227,0.0,0.2079412691437565,8.125999346145334e-05,0.72
mtd_ai,200,0.005072154202090708,0.5,3798.0404050222633,0.15,150,5,0.1511111111111111,0.4923831119097591,0.9525845843832227,0.0,0.2079412691437565,8.125999346145334e-05,0.72
mtd_ai,200,0.005072154202090708,0.5,4622.76821428114,0.2,150,5,0.1511111111111111,0.4923831119097591,0.9525845843832227,0.0,0.2079412691437565,8.125999346145334e-05,0.72
mtd_ai,200,0.005072154202090708,0.5067567567567568,5522.202592333753,0.25,150,5,0.1511111111111111,0.4923831119097591,0.9525845843832227,0.0,0.2079412691437565,8.125999346145334e-05,0.72
mtd_ai,200,0.005072484112805587,0.4411764705882353,1371.2666220186943,0.05,150,5,0.18444444444444444,1.8316578647819974,2.2270167778924757,0.0,0.2618649740830909,8.456647460324809e-05,0.7843137254901961
mtd_ai,200,0.005072484112805587,0.46875,2384.0624596180937,0.1,150,5,0.18444444444444444,1.8316578647819974,2.2270167778924757,0.0,0.2618649740830909,8.456647460324809e-05,0.7843137254901961
mtd_ai,200,0.005072484112805587,0.4411764705882353,4135.898347336675,0.15,150,5,0.18444444444444444,1.8316578647819974,2.2270167778924757,0.0,0.2618649740830909,8.456647460324809e-05,0.7843137254901961
mtd_ai,200,0.005072484112805587,0.40540540540540543,5504.828363057175,0.2,150,5,0.18444444444444444,1.8316578647819974,2.2270167778924757,0.0,0.2618649740830909,8.456647460324809e-05,0.7843137254901961
mtd_ai,200,0.005072484112805587,0.4411764705882353,6212.635281585321,0.25,150,5,0.18444444444444444,1.8316578647819974,2.2270167778924757,0.0,0.2618649740830909,8.456647460324809e-05,0.7843137254901961
mtd_ai,200,0.00508090393943243,0.2777777777777778,2846.9909293245073,0.05,150,5,0.16333333333333333,0.5183570985622776,1.7405329181160563,0.0,0.21723019560468226,0.00011451510365328754,0.8
mtd_ai,200,0.00508090393943243,0.3488372093023256,4142.847738487062,0.1,150,5,0.16333333333333333,0.5183570985622776,1.7405329181160563,0.0,0.21723019560468226,0.00011451510365328754,0.8
mtd_ai,200,0.00508090393943243,0.4166666666666667,4660.236204619876,0.15,150,5,0.16333333333333333,0.5183570985622776,1.7405329181160563,0.0,0.21723019560468226,0.00011451510365328754,0.8
mtd_ai,200,0.00508090393943243,0.45454545454545453,5300.397255471248,0.2,150,5,0.16333333333333333,0.5183570985622776,1.7405329181160563,0.0,0.21723019560468226,0.00011451510365328754,0.8
mtd_ai,200,0.00508090393943243,0.5,5675.261568516389,0.25,150,5,0.16333333333333333,0.5183570985622776,1.7405329181160563,0.0,0.21723019560468226,0.00011451510365328754,0.8
mtd_ai,200,0.005068249827806861,0.16304347826086957,3840.126751945646,0.05,150,5,0.13888888888888887,0.5482085373397427,1.9861269633084195,0.0,0.19200833653380198,7.552207010966105e-05,0.8571428571428571
mtd_ai,200,0.005068249827806861,0.2542372881355932,4862.74157685108,0.1,150,5,0.13888888888888887,0.5482085373397427,1.9861269633084195,0.0,0.19200833653380198,7.552207010966105e-05,0.8571428571428571
mtd_ai,200,0.005068249827806861,0.32608695652173914,5406.541485009669,0.15,150,5,0.13888888888888887,0.5482085373397427,1.9861269633084195,0.0,0.19200833653380198,7.552207010966105e-05,0.8571428571428571
mtd_ai,200,0.005068249827806861,0.3614457831325301,5966.1513329380705,0.2,150,5,0.13888888888888887,0.5482085373397427,1.9861269633084195,0.0,0.19200833653380198,7.552207010966105e-05,0.8571428571428571
mtd_ai,200,0.005068249827806861,0.3865979381443299,6669.09987649283,0.25,150,5,0.13888888888888887,0.5482085373397427,1.9861269633084195,0.0,0.19200833653380198,7.552207010966105e-05,0.8571428571428571
mtd_ai,200,0.005039950016716871,0.26785714285714285,2602.950258501178,0.05,150,5,0.09666666666666666,0.16833126437446413,0.7151333864661066,0.0,0.35617330790846813,0.00013118113739525198,0.671875
mtd_ai,200,0.005039950016716871,0.3488372093023256,3803.402193606227,0.1,150,5,0.09666666666666666,0.16833126437446413,0.7151333864661066,0.0,0.35617330790846813,0.00013118113739525198,0.671875
mtd_ai,200,0.005039950016716871,0.4017857142857143,4636.058642054562,0.15,150,5,0.09666666666666666,0.16833126437446413,0.7151333864661066,0.0,0.35617330790846813,0.00013118113739525198,0.671875
mtd_ai,200,0.005039950016716871,0.4166666666666667,6451.6746981896395,0.2,150,5,0.09666666666666666,0.16833126437446413,0.7151333864661066,0.0,0.35617330790846813,0.00013118113739525198,0.671875
mtd_ai,200,0.005039950016716871,0.45180722891566266,7038.4606405076465,0.25,150,5,0.09666666666666666,0.16833126437446413,0.7151333864661066,0.0,0.35617330790846813,0.00013118113739525198,0.671875
mtd_ai,200,0.005050466256869797,0.3409090909090909,1730.024647151085,0.05,150,5,0.15511111111111112,1.547057395206254,4.428427330284285,0.0,0.28928914660717303,0.00011384636651176485,0.7833333333333333
mtd_ai,200,0.005050466256869797,0.3409090909090909,3646.3214847630675,0.1,150,5,0.15511111111111112,1.547057395206254,4.428427330284285,0.0,0.28928914660717303,0.00011384636651176485,0.7833333333333333
mtd_ai,200,0.005050466256869797,0.39473684210526316,4808.909505392905,0.15,150,5,0.15511111111111112,1.547057395206254,4.428427330284285,0.0,0.28928914660717303,0.00011384636651176485,0.7833333333333333
mtd_ai,200,0.005050466256869797,0.375,6799.680428063213,0.2,150,5,0.15511111111111112,1.547057395206254,4.428427330284285,0.0,0.28928914660717303,0.00011384636651176485,0.7833333333333333
mtd_ai,200,0.005050466256869797,0.4032258064516129,7539.903524884699,0.25,150,5,0.15511111111111112,1.547057395206254,4.428427330284285,0.0,0.28928914660717303,0.00011384636651176485,0.7833333333333333
mtd_ai,200,0.005038627601903659,0.2777777777777778,1666.730747017894,0.05,150,5,0.23529411764705882,0.7076526070771811,1.9427580921974676,-3.911764705882353,0.3379846376890313,0.00010106112686495679,0.8444444444444444
mtd_ai,200,0.005038627601903659,0.3125,3886.294793900859,0.1,150,5,0.23529411764705882,0.7076526070771811,1.9427580921974676,-3.911764705882353,0.3379846376890313,0.00010106112686495679,0.8444444444444444
mtd_ai,200,0.005038627601903659,0.375,4692.87715332548,0.15,150,5,0.23529411764705882,0.7076526070771811,1.9427580921974676,-3.911764705882353,0.3379846376890313,0.00010106112686495679,0.8444444444444444
mtd_ai,200,0.005038627601903659,0.40540540540540543,5757.630456751422,0.2,150,5,0.23529411764705882,0.7076526070771811,1.9427580921974676,-3.911764705882353,0.3379846376890313,0.00010106112686495679,0.8444444444444444
mtd_ai,200,0.005038627601903659,0.45180722891566266,6126.909392515587,0.25,150,5,0.23529411764705882,0.7076526070771811,1.9427580921974676,-3.911764705882353,0.3379846376890313,0.00010106112686495679,0.8444444444444444
mtd_ai,200,0.005092826336408311,0.3125,2643.849193823492,0.05,150,5,0.11977777777777779,0.1224418390149925,0.4937420721196795,0.0,0.22400106067802095,0.00010298791645934473,0.8611111111111112
mtd_ai,200,0.005092826336408311,0.4411764705882353,3115.2986585862964,0.1,150,5,0.11977777777777779,0.1224418390149925,0.4937420721196795,0.0,0.22400106067802095,0.00010298791645934473,0.8611111111111112
mtd_ai,200,0.005092826336408311,0.4787234042553192,3923.291863071385,0.15,150,5,0.11977777777777779,0.1224418390149925,0.4937420721196795,0.0,0.22400106067802095,0.00010298791645934473,0.8611111111111112
mtd_ai,200,0.005092826336408311,0.5084745762711864,4523.93517252217,0.2,150,5,0.11977777777777779,0.1224418390149925,0.4937420721196795,0.0,0.22400106067802095,0.00010298791645934473,0.8611111111111112
mtd_ai,200,0.005092826336408311,0.5434782608695652,4817.353641050446,0.25,150,5,0.11977777777777779,0.1224418390149925,0.4937420721196795,0.0,0.22400106067802095,0.00010298791645934473,0.8611111111111112
mtd_ai,200,0.005050592291209916,0.234375,3553.0282973978838,0.05,150,5,0.13166666666666665,0.3090822690297146,0.6882715440891106,0.0,0.24764810765717474,8.981768508573437e-05,0.7536231884057971
mtd_ai,200,0.005050592291209916,0.3125,4815.4824032821525,0.1,150,5,0.13166666666666665,0.3090822690297146,0.6882715440891106,0.0,0.24764810765717474,8.981768508573437e-05,0.7536231884057971
mtd_ai,200,0.005050592291209916,0.3082191780821918,5891.416174208336,0.15,150,5,0.13166666666666665,0.3090822690297146,0.6882715440891106,0.0,0.24764810765717474,8.981768508573437e-05,0.7536231884057971
mtd_ai,200,0.005050592291209916,0.30927835051546393,6930.557333511198,0.2,150,5,0.13166666666666665,0.3090822690297146,0.6882715440891106,0.0,0.24764810765717474,8.981768508573437e-05,0.7536231884057971
mtd_ai,200,0.005050592291209916,0.29296875,8169.981196927379,0.25,150,5,0.13166666666666665,0.3090822690297146,0.6882715440891106,0.0,0.24764810765717474,8.981768508573437e-05,0.7536231884057971
mtd_ai,200,0.00508853197288776,0.375,1615.4437592921704,0.05,150,5,0.1971111111111111,0.7053430341874458,2.6287157560010836,0.0,0.20301630452314265,5.828845182424749e-05,0.8157894736842105
mtd_ai,200,0.00508853197288776,0.45454545454545453,2635.8262670599725,0.1,150,5,0.1971111111111111,0.7053430341874458,2.6287157560010836,0.0,0.20301630452314265,5.828845182424749e-05,0.8157894736842105
mtd_ai,200,0.00508853197288776,0.4891304347826087,3275.9439966634072,0.15,150,5,0.1971111111111111,0.7053430341874458,2.6287157560010836,0.0,0.20301630452314265,5.828845182424749e-05,0.8157894736842105
mtd_ai,200,0.00508853197288776,0.5172413793103449,4285.620603296351,0.2,150,5,0.1971111111111111,0.7053430341874458,2.6287157560010836,0.0,0.20301630452314265,5.828845182424749e-05,0.8157894736842105
mtd_ai,200,0.00508853197288776,0.5597014925373134,4782.855542847001,0.25,150,5,0.1971111111111111,0.7053430341874458,2.6287157560010836,0.0,0.20301630452314265,5.828845182424749e-05,0.8157894736842105
mtd_ai,200,0.005039302505098682,0.20833333333333334,2712.1382376749434,0.05,150,5,0.15388888888888888,1.9840339252946577,3.119093487896792,0.0,0.18766304764288555,6.87977137321689e-05,0.8653846153846154
mtd_ai,200,0.005039302505098682,0.2727272727272727,4217.321347511679,0.1,150,5,0.15388888888888888,1.9840339252946577,3.119093487896792,0.0,0.18766304764288555,6.87977137321689e-05,0.8653846153846154
mtd_ai,200,0.005039302505098682,0.2922077922077922,5720.018601231507,0.15,150,5,0.15388888888888888,1.9840339252946577,3.119093487896792,0.0,0.18766304764288555,6.87977137321689e-05,0.8653846153846154
mtd_ai,200,0.005039302505098682,0.3,6847.061665177149,0.2,150,5,0.15388888888888888,1.9840339252946577,3.119093487896792,0.0,0.18766304764288555,6.87977137321689e-05,0.8653846153846154
mtd_ai,200,0.005039302505098682,0.35046728971962615,7046.6849258701895,0.25,150,5,0.15388888888888888,1.9840339252946577,3.119093487896792,0.0,0.18766304764288555,6.87977137321689e-05,0.8653846153846154
mtd_ai,200,0.005035354918911114,0.32608695652173914,2351.331663925125,0.05,150,5,0.12266666666666666,0.31882924414004865,1.2311311061992123,0.0,0.20061504457879173,8.343421817770801e-05,0.75
mtd_ai,200,0.005035354918911114,0.39473684210526316,3467.098246636724,0.1,150,5,0.12266666666666666,0.31882924414004865,1.2311311061992123,0.0,0.20061504457879173,8.343421817770801e-05,0.75
mtd_ai,200,0.005035354918911114,0.375,5268.2554064913675,0.15,150,5,0.12266666666666666,0.31882924414004865,1.2311311061992123,0.0,0.20061504457879173,8.343421817770801e-05,0.75
mtd_ai,200,0.005035354918911114,0.4,6090.878435687064,0.2,150,5,0.12266666666666666,0.31882924414004865,1.2311311061992123,0.0,0.20061504457879173,8.343421817770801e-05,0.75
mtd_ai,200,0.005035354918911114,0.42134831460674155,6616.80014495445,0.25,150,5,0.12266666666666666,0.31882924414004865,1.2311311061992123,0.0,0.20061504457879173,8.343421817770801e-05,0.75
mtd_ai,200,0.005040062199659997,0.5357142857142857,1102.0340947969262,0.05,150,5,0.1497777777777778,0.45967391039607025,1.9216510337250194,5.24,0.31834359700493725,0.0005976592652295674,0.8604651162790697
mtd_ai,200,0.005040062199659997,0.4166666666666667,3352.880329871915,0.1,150,5,0.1497777777777778,0.45967391039607025,1.9216510337250194,5.24,0.31834359700493725,0.0005976592652295674,0.8604651162790697
mtd_ai,200,0.005040062199659997,0.42452830188679247,4731.485128740648,0.15,150,5,0.1497777777777778,0.45967391039607025,1.9216510337250194,5.24,0.31834359700493725,0.0005976592652295674,0.8604651162790697
mtd_ai,200,0.005040062199659997,0.47619047619047616,5318.215180340566,0.2,150,5,0.1497777777777778,0.45967391039607025,1.9216510337250194,5.24,0.31834359700493725,0.0005976592652295674,0.8604651162790697
mtd_ai,200,0.005040062199659997,0.528169014084507,5811.4836752703595,0.25,150,5,0.1497777777777778,0.45967391039607025,1.9216510337250194,5.24,0.31834359700493725,0.0005976592652295674,0.8604651162790697
mtd_ai,200,0.005071032728406545,0.3125,2245.8424701522245,0.05,150,5,0.13333333333333333,1.6839939214542403,5.141167899929426,0.0,0.2571726330395501,7.829920065765986e-05,0.75
mtd_ai,200,0.005071032728406545,0.375,3481.766769916273,0.1,150,5,0.13333333333333333,1.6839939214542403,5.141167899929426,0.0,0.2571726330395501,7.829920065765986e-05,0.75
mtd_ai,200,0.005071032728406545,0.42452830188679247,4301.300213134004,0.15,150,5,0.13333333333333333,1.6839939214542403,5.141167899929426,0.0,0.2571726330395501,7.829920065765986e-05,0.75
mtd_ai,200,0.005071032728406545,0.4411764705882353,5004.171326133548,0.2,150,5,0.13333333333333333,1.6839939214542403,5.141167899929426,0.0,0.2571726330395501,7.829920065765986e-05,0.75
mtd_ai,200,0.005071032728406545,0.47468354430379744,5666.825747831909,0.25,150,5,0.13333333333333333,1.6839939214542403,5.141167899929426,0.0,0.2571726330395501,7.829920065765986e-05,0.75
mtd_ai,200,0.0050761804167829315,0.3125,2082.387005229205,0.05,150,5,0.15333333333333332,0.8989447581015634,2.7084979818011825,0.0,0.2573830822962014,7.182881432425609e-05,0.8536585365853658
mtd_ai,200,0.0050761804167829315,0.4166666666666667,3018.625499878956,0.1,150,5,0.15333333333333332,0.8989447581015634,2.7084979818011825,0.0,0.2573830822962014,7.182881432425609e-05,0.8536585365853658
mtd_ai,200,0.0050761804167829315,0.42452830188679247,4218.016067880886,0.15,150,5,0.15333333333333332,0.8989447581015634,2.7084979818011825,0.0,0.2573830822962014,7.182881432425609e-05,0.8536585365853658
mtd_ai,200,0.0050761804167829315,0.46875,4665.684869934439,0.2,150,5,0.15333333333333332,0.8989447581015634,2.7084979818011825,0.0,0.2573830822962014,7.182881432425609e-05,0.8536585365853658
mtd_ai,200,0.0050761804167829315,0.487012987012987,5381.458820803493,0.25,150,5,0.15333333333333332,0.8989447581015634,2.7084979818011825,0.0,0.2573830822962014,7.182881432425609e-05,0.8536585365853658
mtd_ai,200,0.0050471150637607445,0.35714285714285715,2026.2234451308468,0.05,150,5,0.09666666666666666,1.0995526872986912,4.372482111902407,0.0,0.29603408009284127,9.165571412150533e-05,0.7446808510638298
mtd_ai,200,0.0050471150637607445,0.38461538461538464,3752.341213144822,0.1,150,5,0.09666666666666666,1.0995526872986912,4.372482111902407,0.0,0.29603408009284127,9.165571412150533e-05,0.7446808510638298
mtd_ai,200,0.0050471150637607445,0.4326923076923077,4352.702488096085,0.15,150,5,0.09666666666666666,1.0995526872986912,4.372482111902407,0.0,0.29603408009284127,9.165571412150533e-05,0.7446808510638298
mtd_ai,200,0.0050471150637607445,0.4838709677419355,4982.686148490398,0.2,150,5,0.09666666666666666,1.0995526872986912,4.372482111902407,0.0,0.29603408009284127,9.165571412150533e-05,0.7446808510638298
mtd_ai,200,0.0050471150637607445,0.4934210526315789,5445.058511277006,0.25,150,5,0.09666666666666666,1.0995526872986912,4.372482111902407,0.0,0.29603408009284127,9.165571412150533e-05,0.7446808510638298
mtd_ai,200,0.005045853128835795,0.32608695652173914,1979.7471306972614,0.05,150,5,0.13444444444444442,0.081497034354947,0.21659299933276355,0.0,0.2200495941511852,8.703974384647266e-05,0.7954545454545454
mtd_ai,200,0.005045853128835795,0.40540540540540543,2976.9350996669473,0.1,150,5,0.13444444444444442,0.081497034354947,0.21659299933276355,0.0,0.2200495941511852,8.703974384647266e-05,0.7954545454545454
mtd_ai,200,0.005045853128835795,0.42452830188679247,4353.512101218284,0.15,150,5,0.13444444444444442,0.081497034354947,0.21659299933276355,0.0,0.2200495941511852,8.703974384647266e-05,0.7954545454545454
mtd_ai,200,0.005045853128835795,0.47619047619047616,5052.5240421215385,0.2,150,5,0.13444444444444442,0.081497034354947,0.21659299933276355,0.0,0.2200495941511852,8.703974384647266e-05,0.7954545454545454
mtd_ai,200,0.005045853128835795,0.5067567567567568,5541.633911108387,0.25,150,5,0.13444444444444442,0.081497034354947,0.21659299933276355,0.0,0.2200495941511852,8.703974384647266e-05,0.7954545454545454
mtd_ai,200,0.005065720245437911,0.35714285714285715,1792.0225586511008,0.05,150,5,0.11,0.8491578174285981,3.7506801719207954,0.0,0.15873181799993663,7.116887436272531e-05,0.7755102040816326
mtd_ai,200,0.005065720245437911,0.38461538461538464,3471.007642628747,0.1,150,5,0.11,0.8491578174285981,3.7506801719207954,0.0,0.15873181799993663,7.116887436272531e-05,0.7755102040816326
mtd_ai,200,0.005065720245437911,0.45918367346938777,4037.207253156859,0.15,150,5,0.11,0.8491578174285981,3.7506801719207954,0.0,0.15873181799993663,7.116887436272531e-05,0.7755102040816326
mtd_ai,200,0.005065720245437911,0.45454545454545453,5387.588037011157,0.2,150,5,0.11,0.8491578174285981,3.7506801719207954,0.0,0.15873181799993663,7.116887436272531e-05,0.7755102040816326
mtd_ai,200,0.005065720245437911,0.4934210526315789,5919.974311823554,0.25,150,5,0.11,0.8491578174285981,3.7506801719207954,0.0,0.15873181799993663,7.116887436272531e-05,0.7755102040816326
mtd_ai,200,0.005033990813671906,0.4411764705882353,1561.2300547114837,0.05,150,5,0.2007619047619048,0.06178832770312315,0.1922018683074123,0.0,0.34188146808386216,7.0153052558176e-05,0.84
mtd_ai,200,0.005033990813671906,0.4166666666666667,3190.771218258021,0.1,150,5,0.2007619047619048,0.06178832770312315,0.1922018683074123,0.0,0.34188146808386216,7.0153052558176e-05,0.84
mtd_ai,200,0.005033990813671906,0.4326923076923077,4655.865281591647,0.15,150,5,0.2007619047619048,0.06178832770312315,0.1922018683074123,0.0,0.34188146808386216,7.0153052558176e-05,0.84
mtd_ai,200,0.005033990813671906,0.44776119402985076,5398.474677260783,0.2,150,5,0.2007619047619048,0.06178832770312315,0.1922018683074123,0.0,0.34188146808386216,7.0153052558176e-05,0.84
mtd_ai,200,0.005033990813671906,0.39893617021276595,6569.652090215477,0.25,150,5,0.2007619047619048,0.06178832770312315,0.1922018683074123,0.0,0.34188146808386216,7.0153052558176e-05,0.84
mtd_ai,200,0.005066319525829738,0.3,2008.9669238105853,0.05,150,5,0.1884761904761905,0.17350950372470675,0.6884775755921599,0.0,0.272189385991476,0.00010637929293573244,0.7166666666666667
mtd_ai,200,0.005066319525829738,0.375,2697.118606614347,0.1,150,5,0.1884761904761905,0.17350950372470675,0.6884775755921599,0.0,0.272189385991476,0.00010637929293573244,0.7166666666666667
mtd_ai,200,0.005066319525829738,0.39473684210526316,4195.804649436838,0.15,150,5,0.1884761904761905,0.17350950372470675,0.6884775755921599,0.0,0.272189385991476,0.00010637929293573244,0.7166666666666667
mtd_ai,200,0.005066319525829738,0.4225352112676056,5165.369946394481,0.2,150,5,0.1884761904761905,0.17350950372470675,0.6884775755921599,0.0,0.272189385991476,0.00010637929293573244,0.7166666666666667
mtd_ai,200,0.005066319525829738,0.42613636363636365,6673.888068808679,0.25,150,5,0.1884761904761905,0.17350950372470675,0.6884775755921599,0.0,0.272189385991476,0.00010637929293573244,0.7166666666666667
mtd_ai,200,0.005044814263945049,0.26785714285714285,2608.8500546588684,0.05,150,5,0.12222222222222222,1.4871654407474304,4.819411336583398,0.0,0.20229444162680335,6.317836521918891e-05,0.8863636363636364
mtd_ai,200,0.005044814263945049,0.3409090909090909,3724.1847993886604,0.1,150,5,0.12222222222222222,1.4871654407474304,4.819411336583398,0.0,0.20229444162680335,6.317836521918891e-05,0.8863636363636364
mtd_ai,200,0.005044814263945049,0.4166666666666667,4202.043419166135,0.15,150,5,0.12222222222222222,1.4871654407474304,4.819411336583398,0.0,0.20229444162680335,6.317836521918891e-05,0.8863636363636364
mtd_ai,200,0.005044814263945049,0.44776119402985076,5046.455079084869,0.2,150,5,0.12222222222222222,1.4871654407474304,4.819411336583398,0.0,0.20229444162680335,6.317836521918891e-05,0.8863636363636364
mtd_ai,200,0.005044814263945049,0.44642857142857145,6065.587380004399,0.25,150,5,0.12222222222222222,1.4871654407474304,4.819411336583398,0.0,0.20229444162680335,6.317836521918891e-05,0.8863636363636364
mtd_ai,200,0.005046807675409237,0.5357142857142857,1188.0422986054136,0.05,150,5,0.23076923076923078,1.4762126807799547,4.352109864324517,-4.28125,0.3289945288930296,7.20338862348739e-05,0.7872340425531915
mtd_ai,200,0.005046807675409237,0.42857142857142855,3481.635496518659,0.1,150,5,0.23076923076923078,1.4762126807799547,4.352109864324517,-4.28125,0.3289945288930296,7.20338862348739e-05,0.7872340425531915
mtd_ai,200,0.005046807675409237,0.5,4067.543183323943,0.15,150,5,0.23076923076923078,1.4762126807799547,4.352109864324517,-4.28125,0.3289945288930296,7.20338862348739e-05,0.7872340425531915
mtd_ai,200,0.005046807675409237,0.44776119402985076,5684.570120581908,0.2,150,5,0.23076923076923078,1.4762126807799547,4.352109864324517,-4.28125,0.3289945288930296,7.20338862348739e-05,0.7872340425531915
mtd_ai,200,0.005046807675409237,0.4934210526315789,5969.523457269415,0.25,150,5,0.23076923076923078,1.4762126807799547,4.352109864324517,-4.28125,0.3289945288930296,7.20338862348739e-05,0.7872340425531915
mtd_ai,200,0.005036359073631568,0.3409090909090909,1900.2248186069887,0.05,150,5,0.155,2.038311210440233,3.3469112627731574,0.0,0.22813344753987683,0.0003408837326363869,0.8245614035087719
mtd_ai,200,0.005036359073631568,0.375,3192.8942185954593,0.1,150,5,0.155,2.038311210440233,3.3469112627731574,0.0,0.22813344753987683,0.0003408837326363869,0.8245614035087719
mtd_ai,200,0.005036359073631568,0.36885245901639346,4903.195719390508,0.15,150,5,0.155,2.038311210440233,3.3469112627731574,0.0,0.22813344753987683,0.0003408837326363869,0.8245614035087719
mtd_ai,200,0.005036359073631568,0.410958904109589,5573.601811375832,0.2,150,5,0.155,2.038311210440233,3.3469112627731574,0.0,0.22813344753987683,0.0003408837326363869,0.8245614035087719
mtd_ai,200,0.005036359073631568,0.41208791208791207,7539.994126135018,0.25,150,5,0.155,2.038311210440233,3.3469112627731574,0.0,0.22813344753987683,0.0003408837326363869,0.8245614035087719
mtd_ai,200,0.005031825032666101,0.26785714285714285,3491.0408381495345,0.05,150,5,0.206,0.7532772277288731,3.336251743847269,0.0,0.3919290160406097,0.00013557390353659965,0.7966101694915254
mtd_ai,200,0.005031825032666101,0.3125,5618.196206686918,0.1,150,5,0.206,0.7532772277288731,3.336251743847269,0.0,0.3919290160406097,0.00013557390353659965,0.7966101694915254
mtd_ai,200,0.005031825032666101,0.3813559322033898,6325.219538393705,0.15,150,5,0.206,0.7532772277288731,3.336251743847269,0.0,0.3919290160406097,0.00013557390353659965,0.7966101694915254
mtd_ai,200,0.005031825032666101,0.42857142857142855,6961.1389332936005,0.2,150,5,0.206,0.7532772277288731,3.336251743847269,0.0,0.3919290160406097,0.00013557390353659965,0.7966101694915254
mtd_ai,200,0.005031825032666101,0.4411764705882353,7549.216881515796,0.25,150,5,0.206,0.7532772277288731,3.336251743847269,0.0,0.3919290160406097,0.00013557390353659965,0.7966101694915254
mtd_ai,200,0.005048781490370365,0.26785714285714285,2318.433992637432,0.05,150,5,0.12455555555555556,0.2507669451296099,0.7792858400526288,0.0,0.23963996846986046,8.362029794148408e-05,0.8863636363636364
mtd_ai,200,0.005048781490370365,0.3333333333333333,3691.4399373259644,0.1,150,5,0.12455555555555556,0.2507669451296099,0.7792858400526288,0.0,0.23963996846986046,8.362029794148408e-05,0.8863636363636364
mtd_ai,200,0.005048781490370365,0.375,5026.330887275379,0.15,150,5,0.12455555555555556,0.2507669451296099,0.7792858400526288,0.0,0.23963996846986046,8.362029794148408e-05,0.8863636363636364
mtd_ai,200,0.005048781490370365,0.40540540540540543,5778.914306350132,0.2,150,5,0.12455555555555556,0.2507669451296099,0.7792858400526288,0.0,0.23963996846986046,8.362029794148408e-05,0.8863636363636364
mtd_ai,200,0.005048781490370365,0.4573170731707317,6078.71049069732,0.25,150,5,0.12455555555555556,0.2507669451296099,0.7792858400526288,0.0,0.23963996846986046,8.362029794148408e-05,0.8863636363636364
mtd_ai,200,0.005055023133565803,0.19736842105263158,4035.793955175838,0.05,150,5,0.11277777777777778,0.5387044925682349,2.2362778902170595,0.0,0.34465759292911463,0.0005410068376442403,0.7213114754098361
mtd_ai,200,0.005055023133565803,0.2459016393442623,5698.550905515136,0.1,150,5,0.11277777777777778,0.5387044925682349,2.2362778902170595,0.0,0.34465759292911463,0.0005410068376442403,0.7213114754098361
mtd_ai,200,0.005055023133565803,0.31690140845070425,6184.514377759071,0.15,150,5,0.11277777777777778,0.5387044925682349,2.2362778902170595,0.0,0.34465759292911463,0.0005410068376442403,0.7213114754098361
mtd_ai,200,0.005055023133565803,0.37037037037037035,6631.042742416239,0.2,150,5,0.11277777777777778,0.5387044925682349,2.2362778902170595,0.0,0.34465759292911463,0.0005410068376442403,0.7213114754098361
mtd_ai,200,0.005055023133565803,0.4166666666666667,6977.46558349441,0.25,150,5,0.11277777777777778,0.5387044925682349,2.2362778902170595,0.0,0.34465759292911463,0.0005410068376442403,0.7213114754098361
mtd_ai,200,0.005051625664082716,0.3125,2344.217766177375,0.05,150,5,0.14222222222222225,4.932223345920147,4.427745643743562,0.0,0.2615887323094815,0.00010948822627071507,0.7954545454545454
mtd_ai,200,0.005051625664082716,0.40540540540540543,3290.6528284453498,0.1,150,5,0.14222222222222225,4.932223345920147,4.427745643743562,0.0,0.2615887323094815,0.00010948822627071507,0.7954545454545454
mtd_ai,200,0.005051625664082716,0.45,4380.8452751907935,0.15,150,5,0.14222222222222225,4.932223345920147,4.427745643743562,0.0,0.2615887323094815,0.00010948822627071507,0.7954545454545454
mtd_ai,200,0.005051625664082716,0.47619047619047616,4983.348442244242,0.2,150,5,0.14222222222222225,4.932223345920147,4.427745643743562,0.0,0.2615887323094815,0.00010948822627071507,0.7954545454545454
mtd_ai,200,0.005051625664082716,0.5136986301369864,5518.823766981457,0.25,150,5,0.14222222222222225,4.932223345920147,4.427745643743562,0.0,0.2615887323094815,0.00010948822627071507,0.7954545454545454
mtd_ai,200,0.005066427446139401,0.35714285714285715,2027.6024138058358,0.05,150,5,0.13466666666666666,1.6035520484475843,5.3353932008869505,0.0,0.14208668711398587,4.601132166299701e-05,0.8780487804878049
mtd_ai,200,0.005066427446139401,0.40540540540540543,3238.784997019241,0.1,150,5,0.13466666666666666,1.6035520484475843,5.3353932008869505,0.0,0.14208668711398587,4.601132166299701e-05,0.8780487804878049
mtd_ai,200,0.005066427446139401,0.42452830188679247,4816.969656398854,0.15,150,5,0.13466666666666666,1.6035520484475843,5.3353932008869505,0.0,0.14208668711398587,4.601132166299701e-05,0.8780487804878049
mtd_ai,200,0.005066427446139401,0.46153846153846156,5315.545361270753,0.2,150,5,0.13466666666666666,1.6035520484475843,5.3353932008869505,0.0,0.14208668711398587,4.601132166299701e-05,0.8780487804878049
mtd_ai,200,0.005066427446139401,0.5067567567567568,5632.181855417881,0.25,150,5,0.13466666666666666,1.6035520484475843,5.3353932008869505,0.0,0.14208668711398587,4.601132166299701e-05,0.8780487804878049
mtd_ai,200,0.005048716978952892,0.3125,3021.321081118908,0.05,150,5,0.10833333333333334,1.6444840248987322,2.038504488721507,0.0,0.2922653267384211,7.774953668547933e-05,0.8292682926829268
mtd_ai,200,0.005048716978952892,0.38461538461538464,4087.081995435179,0.1,150,5,0.10833333333333334,1.6444840248987322,2.038504488721507,0.0,0.2922653267384211,7.774953668547933e-05,0.8292682926829268
mtd_ai,200,0.005048716978952892,0.45918367346938777,4605.198944282766,0.15,150,5,0.10833333333333334,1.6444840248987322,2.038504488721507,0.0,0.2922653267384211,7.774953668547933e-05,0.8292682926829268
mtd_ai,200,0.005048716978952892,0.5172413793103449,5004.958682078569,0.2,150,5,0.10833333333333334,1.6444840248987322,2.038504488721507,0.0,0.2922653267384211,7.774953668547933e-05,0.8292682926829268
mtd_ai,200,0.005048716978952892,0.5434782608695652,5421.164876314953,0.25,150,5,0.10833333333333334,1.6444840248987322,2.038504488721507,0.0,0.2922653267384211,7.774953668547933e-05,0.8292682926829268
mtd_ai,200,0.005049574987277396,0.32608695652173914,2220.9415276495884,0.05,150,5,0.12666666666666668,0.41414575079711774,0.8343016232710067,5.708333333333333,0.22129903003390933,6.408368076427282e-05,0.8
mtd_ai,200,0.005049574987277396,0.40540540540540543,3006.261205785115,0.1,150,5,0.12666666666666668,0.41414575079711774,0.8343016232710067,5.708333333333333,0.22129903003390933,6.408368076427282e-05,0.8
mtd_ai,200,0.005049574987277396,0.4326923076923077,3873.641944890195,0.15,150,5,0.12666666666666668,0.41414575079711774,0.8343016232710067,5.708333333333333,0.22129903003390933,6.408368076427282e-05,0.8
mtd_ai,200,0.005049574987277396,0.46875,4520.607888853886,0.2,150,5,0.12666666666666668,0.41414575079711774,0.8343016232710067,5.708333333333333,0.22129903003390933,6.408368076427282e-05,0.8
mtd_ai,200,0.005049574987277396,0.5136986301369864,5043.440333034877,0.25,150,5,0.12666666666666668,0.41414575079711774,0.8343016232710067,5.708333333333333,0.22129903003390933,6.408368076427282e-05,0.8
mtd_ai,200,0.0050632020359478,0.25,2993.631579426332,0.05,150,5,0.11444444444444445,0.12745133679378395,0.5071270565747739,0.0,0.318902999302515,0.0006642478625446242,0.7884615384615384
mtd_ai,200,0.0050632020359478,0.3409090909090909,4395.224748547962,0.1,150,5,0.11444444444444445,0.12745133679378395,0.5071270565747739,0.0,0.318902999302515,0.0006642478625446242,0.7884615384615384
mtd_ai,200,0.0050632020359478,0.3879310344827586,5263.086188175004,0.15,150,5,0.11444444444444445,0.12745133679378395,0.5071270565747739,0.0,0.318902999302515,0.0006642478625446242,0.7884615384615384
mtd_ai,200,0.0050632020359478,0.410958904109589,6281.781823536532,0.2,150,5,0.11444444444444445,0.12745133679378395,0.5071270565747739,0.0,0.318902999302515,0.0006642478625446242,0.7884615384615384
mtd_ai,200,0.0050632020359478,0.45180722891566266,6618.279419468192,0.25,150,5,0.11444444444444445,0.12745133679378395,0.5071270565747739,0.0,0.318902999302515,0.0006642478625446242,0.7884615384615384
mtd_ai,200,0.005097497988572423,0.39473684210526316,1717.193943463999,0.05,150,5,0.18533333333333335,0.3830411426086583,1.5042549351349124,0.0,0.18232527869829943,7.144909117320058e-05,0.9117647058823529
mtd_ai,200,0.005097497988572423,0.38461538461538464,2751.616626573369,0.1,150,5,0.18533333333333335,0.3830411426086583,1.5042549351349124,0.0,0.18232527869829943,7.144909117320058e-05,0.9117647058823529
mtd_ai,200,0.005097497988572423,0.45918367346938777,3622.821717160371,0.15,150,5,0.18533333333333335,0.3830411426086583,1.5042549351349124,0.0,0.18232527869829943,7.144909117320058e-05,0.9117647058823529
mtd_ai,200,0.005097497988572423,0.47619047619047616,4421.137770347604,0.2,150,5,0.18533333333333335,0.3830411426086583,1.5042549351349124,0.0,0.18232527869829943,7.144909117320058e-05,0.9117647058823529
mtd_ai,200,0.005097497988572423,0.5136986301369864,5005.703366560323,0.25,150,5,0.18533333333333335,0.3830411426086583,1.5042549351349124,0.0,0.18232527869829943,7.144909117320058e-05,0.9117647058823529
mtd_ai,200,0.005046878607982088,0.39473684210526316,1994.581783289479,0.05,150,5,0.1586111111111111,0.08222196391950236,0.30751227879200393,0.0,0.4024069679092944,0.0001298553428024108,0.7111111111111111
mtd_ai,200,0.005046878607982088,0.42857142857142855,3544.2392457797137,0.1,150,5,0.1586111111111111,0.08222196391950236,0.30751227879200393,0.0,0.4024069679092944,0.0001298553428024108,0.7111111111111111
mtd_ai,200,0.005046878607982088,0.4891304347826087,4084.9789042945654,0.15,150,5,0.1586111111111111,0.08222196391950236,0.30751227879200393,0.0,0.4024069679092944,0.0001298553428024108,0.7111111111111111
mtd_ai,200,0.005046878607982088,0.5172413793103449,4566.902405400258,0.2,150,5,0.1586111111111111,0.08222196391950236,0.30751227879200393,0.0,0.4024069679092944,0.0001298553428024108,0.7111111111111111
mtd_ai,200,0.005046878607982088,0.5514705882352942,5030.860764447061,0.25,150,5,0.1586111111111111,0.08222196391950236,0.30751227879200393,0.0,0.4024069679092944,0.0001298553428024108,0.7111111111111111
mtd_ai,200,0.0050616020937989965,0.35714285714285715,2184.9875219909773,0.05,150,5,0.11333333333333333,0.2968120172151775,0.9235968547806352,0.0,0.1603106594654991,0.0003432874582171934,0.8958333333333334
mtd_ai,200,0.0050616020937989965,0.4166666666666667,3540.0648527986996,0.1,150,5,0.11333333333333333,0.2968120172151775,0.9235968547806352,0.0,0.1603106594654991,0.0003432874582171934,0.8958333333333334
mtd_ai,200,0.0050616020937989965,0.4326923076923077,5178.552988499682,0.15,150,5,0.11333333333333333,0.2968120172151775,0.9235968547806352,0.0,0.1603106594654991,0.0003432874582171934,0.8958333333333334
mtd_ai,200,0.0050616020937989965,0.46875,5882.402801545064,0.2,150,5,0.11333333333333333,0.2968120172151775,0.9235968547806352,0.0,0.1603106594654991,0.0003432874582171934,0.8958333333333334
mtd_ai,200,0.0050616020937989965,0.47468354430379744,6607.204730219608,0.25,150,5,0.11333333333333333,0.2968120172151775,0.9235968547806352,0.0,0.1603106594654991,0.0003432874582171934,0.8958333333333334
mtd_ai,200,0.0050870858321068425,0.2777777777777778,2106.801416356552,0.05,150,5,0.12166666666666667,0.11969016874781901,0.47752470562646276,0.0,0.2892665778054235,0.0005734278425897062,0.673469387755102
mtd_ai,200,0.0050870858321068425,0.38461538461538464,2816.1562143763185,0.1,150,5,0.12166666666666667,0.11969016874781901,0.47752470562646276,0.0,0.2892665778054235,0.0005734278425897062,0.673469387755102
mtd_ai,200,0.0050870858321068425,0.4166666666666667,3819.527464509373,0.15,150,5,0.12166666666666667,0.11969016874781901,0.47752470562646276,0.0,0.2892665778054235,0.0005734278425897062,0.673469387755102
mtd_ai,200,0.0050870858321068425,0.44776119402985076,4684.3093389052465,0.2,150,5,0.12166666666666667,0.11969016874781901,0.47752470562646276,0.0,0.2892665778054235,0.0005734278425897062,0.673469387755102
mtd_ai,200,0.0050870858321068425,0.487012987012987,5127.837264127477,0.25,150,5,0.12166666666666667,0.11969016874781901,0.47752470562646276,0.0,0.2892665778054235,0.0005734278425897062,0.673469387755102
mtd_ai,200,0.005051544209759325,0.32608695652173914,2530.228850318249,0.05,150,5,0.115,0.8440804293583338,2.988252666879891,0.0,0.19781038806721388,7.004732622514434e-05,0.7213114754098361
mtd_ai,200,0.005051544209759325,0.3,4120.039631599142,0.1,150,5,0.115,0.8440804293583338,2.988252666879891,0.0,0.19781038806721388,7.004732622514434e-05,0.7213114754098361
mtd_ai,200,0.005051544209759325,0.375,4671.886213797956,0.15,150,5,0.115,0.8440804293583338,2.988252666879891,0.0,0.19781038806721388,7.004732622514434e-05,0.7213114754098361
mtd_ai,200,0.005051544209759325,0.39473684210526316,5867.337127265804,0.2,150,5,0.115,0.8440804293583338,2.988252666879891,0.0,0.19781038806721388,7.004732622514434e-05,0.7213114754098361
mtd_ai,200,0.005051544209759325,0.42134831460674155,6801.603319148421,0.25,150,5,0.115,0.8440804293583338,2.988252666879891,0.0,0.19781038806721388,7.004732622514434e-05,0.7213114754098361
mtd_ai,200,0.005064382373305088,0.32608695652173914,2076.5447017829047,0.05,150,5,0.10555555555555556,1.5839345167326873,3.950036395941756,0.0,0.22650670577830676,0.00041817118865342486,0.7333333333333333
mtd_ai,200,0.005064382373305088,0.3125,4402.306131632702,0.1,150,5,0.10555555555555556,1.5839345167326873,3.950036395941756,0.0,0.22650670577830676,0.00041817118865342486,0.7333333333333333
mtd_ai,200,0.005064382373305088,0.36885245901639346,5435.271501731919,0.15,150,5,0.10555555555555556,1.5839345167326873,3.950036395941756,0.0,0.22650670577830676,0.00041817118865342486,0.7333333333333333
mtd_ai,200,0.005064382373305088,0.410958904109589,6007.845112839757,0.2,150,5,0.10555555555555556,1.5839345167326873,3.950036395941756,0.0,0.22650670577830676,0.00041817118865342486,0.7333333333333333
mtd_ai,200,0.005064382373305088,0.42134831460674155,6843.377100725775,0.25,150,5,0.10555555555555556,1.5839345167326873,3.950036395941756,0.0,0.22650670577830676,0.00041817118865342486,0.7333333333333333
mtd_ai,200,0.005054223582123893,0.35714285714285715,1554.7815355684866,0.05,150,5,0.13666666666666666,0.38446162912948584,1.0804881488717661,0.0,0.21011951167866613,8.665677587773793e-05,0.7391304347826086
mtd_ai,200,0.005054223582123893,0.32608695652173914,3626.8703109154953,0.1,150,5,0.13666666666666666,0.38446162912948584,1.0804881488717661,0.0,0.21011951167866613,8.665677587773793e-05,0.7391304347826086
mtd_ai,200,0.005054223582123893,0.3879310344827586,4406.742939753061,0.15,150,5,0.13666666666666666,0.38446162912948584,1.0804881488717661,0.0,0.21011951167866613,8.665677587773793e-05,0.7391304347826086
mtd_ai,200,0.005054223582123893,0.42857142857142855,5040.443368115972,0.2,150,5,0.13666666666666666,0.38446162912948584,1.0804881488717661,0.0,0.21011951167866613,8.665677587773793e-05,0.7391304347826086
mtd_ai,200,0.005054223582123893,0.4807692307692308,5447.315727348756,0.25,150,5,0.13666666666666666,0.38446162912948584,1.0804881488717661,0.0,0.21011951167866613,8.665677587773793e-05,0.7391304347826086
mtd_ai,200,0.005044541826626728,0.2777777777777778,2853.4704253581795,0.05,150,5,0.125,2.705395249020045,6.52585651009991,0.0,0.30417583417261757,0.00017246989412874177,0.7407407407407407
mtd_ai,200,0.005044541826626728,0.36585365853658536,3799.0416448502265,0.1,150,5,0.125,2.705395249020045,6.52585651009991,0.0,0.30417583417261757,0.00017246989412874177,0.7407407407407407
mtd_ai,200,0.005044541826626728,0.4017857142857143,5113.975782160578,0.15,150,5,0.125,2.705395249020045,6.52585651009991,0.0,0.30417583417261757,0.00017246989412874177,0.7407407407407407
mtd_ai,200,0.005044541826626728,0.42857142857142855,6108.61722663595,0.2,150,5,0.125,2.705395249020045,6.52585651009991,0.0,0.30417583417261757,0.00017246989412874177,0.7407407407407407
mtd_ai,200,0.005044541826626728,0.47468354430379744,6441.680453140186,0.25,150,5,0.125,2.705395249020045,6.52585651009991,0.0,0.30417583417261757,0.00017246989412874177,0.7407407407407407
mtd_ai,200,0.005084422751712136,0.39473684210526316,1799.832381281731,0.05,150,5,0.1577777777777778,2.034059913002212,4.871772209797784,0.0,0.27203564077520115,8.165913473929543e-05,0.7333333333333333
mtd_ai,200,0.005084422751712136,0.4838709677419355,2541.8036336812856,0.1,150,5,0.1577777777777778,2.034059913002212,4.871772209797784,0.0,0.27203564077520115,8.165913473929543e-05,0.7333333333333333
mtd_ai,200,0.005084422751712136,0.5113636363636364,3780.5622514381103,0.15,150,5,0.1577777777777778,2.034059913002212,4.871772209797784,0.0,0.27203564077520115,8.165913473929543e-05,0.7333333333333333
mtd_ai,200,0.005084422751712136,0.5555555555555556,4471.1764075279925,0.2,150,5,0.1577777777777778,2.034059913002212,4.871772209797784,0.0,0.27203564077520115,8.165913473929543e-05,0.7333333333333333
mtd_ai,200,0.005084422751712136,0.5681818181818182,5194.872490488362,0.25,150,5,0.1577777777777778,2.034059913002212,4.871772209797784,0.0,0.27203564077520115,8.165913473929543e-05,0.7333333333333333
mtd_ai,200,0.005074953675225783,0.4166666666666667,1343.7899337044164,0.05,150,5,0.12666666666666668,1.0206935978935072,2.3536340634399515,0.0,0.2902787118773527,8.880607468117116e-05,0.8666666666666667
mtd_ai,200,0.005074953675225783,0.35714285714285715,3587.4869184157237,0.1,150,5,0.12666666666666668,1.0206935978935072,2.3536340634399515,0.0,0.2902787118773527,8.880607468117116e-05,0.8666666666666667
mtd_ai,200,0.005074953675225783,0.42452830188679247,4006.072229017887,0.15,150,5,0.12666666666666668,1.0206935978935072,2.3536340634399515,0.0,0.2902787118773527,8.880607468117116e-05,0.8666666666666667
mtd_ai,200,0.005074953675225783,0.4166666666666667,5587.896545188874,0.2,150,5,0.12666666666666668,1.0206935978935072,2.3536340634399515,0.0,0.2902787118773527,8.880607468117116e-05,0.8666666666666667
mtd_ai,200,0.005074953675225783,0.45180722891566266,6186.342785698978,0.25,150,5,0.12666666666666668,1.0206935978935072,2.3536340634399515,0.0,0.2902787118773527,8.880607468117116e-05,0.8666666666666667
mtd_ai,200,0.005050805820026391,0.2777777777777778,2753.3656223966273,0.05,150,5,0.11277777777777778,3.0358827960001973,5.944983996412157,0.0,0.10498376655828405,5.452862742254081e-05,0.8372093023255814
mtd_ai,200,0.005050805820026391,0.32608695652173914,4143.81490480673,0.1,150,5,0.11277777777777778,3.0358827960001973,5.944983996412157,0.0,0.10498376655828405,5.452862742254081e-05,0.8372093023255814
mtd_ai,200,0.005050805820026391,0.4090909090909091,4615.696906654961,0.15,150,5,0.11277777777777778,3.0358827960001973,5.944983996412157,0.0,0.10498376655828405,5.452862742254081e-05,0.8372093023255814
mtd_ai,200,0.005050805820026391,0.43478260869565216,5197.381235566113,0.2,150,5,0.11277777777777778,3.0358827960001973,5.944983996412157,0.0,0.10498376655828405,5.452862742254081e-05,0.8372093023255814
mtd_ai,200,0.005050805820026391,0.47468354430379744,5498.021152301851,0.25,150,5,0.11277777777777778,3.0358827960001973,5.944983996412157,0.0,0.10498376655828405,5.452862742254081e-05,0.8372093023255814
mtd_ai,200,0.005058493281178188,0.24193548387096775,3376.9586726621546,0.05,150,5,0.12888888888888891,0.22636481467677816,0.725744794814422,0.0,0.22327122273423164,8.707431191892458e-05,0.8076923076923077
mtd_ai,200,0.005058493281178188,0.32608695652173914,4672.403563748519,0.1,150,5,0.12888888888888891,0.22636481467677816,0.725744794814422,0.0,0.22327122273423164,8.707431191892458e-05,0.8076923076923077
mtd_ai,200,0.005058493281178188,0.39473684210526316,5465.494738220455,0.15,150,5,0.12888888888888891,0.22636481467677816,0.725744794814422,0.0,0.22327122273423164,8.707431191892458e-05,0.8076923076923077
mtd_ai,200,0.005058493281178188,0.43478260869565216,6165.745049028548,0.2,150,5,0.12888888888888891,0.22636481467677816,0.725744794814422,0.0,0.22327122273423164,8.707431191892458e-05,0.8076923076923077
mtd_ai,200,0.005058493281178188,0.46875,6771.735217884243,0.25,150,5,0.12888888888888891,0.22636481467677816,0.725744794814422,0.0,0.22327122273423164,8.707431191892458e-05,0.8076923076923077
mtd_ai,200,0.005078848038731683,0.375,1581.548981730939,0.05,150,5,0.11777777777777776,0.22371332467314892,0.7895271609038289,0.0,0.2131718621720402,5.6985358133974825e-05,0.8095238095238095
mtd_ai,200,0.005078848038731683,0.4166666666666667,2656.310112114509,0.1,150,5,0.11777777777777776,0.22371332467314892,0.7895271609038289,0.0,0.2131718621720402,5.6985358133974825e-05,0.8095238095238095
mtd_ai,200,0.005078848038731683,0.5,3164.303978051882,0.15,150,5,0.11777777777777776,0.22371332467314892,0.7895271609038289,0.0,0.2131718621720402,5.6985358133974825e-05,0.8095238095238095
mtd_ai,200,0.005078848038731683,0.5,4078.804665226344,0.2,150,5,0.11777777777777776,0.22371332467314892,0.7895271609038289,0.0,0.2131718621720402,5.6985358133974825e-05,0.8095238095238095
mtd_ai,200,0.005078848038731683,0.487012987012987,5227.857148040688,0.25,150,5,0.11777777777777776,0.22371332467314892,0.7895271609038289,0.0,0.2131718621720402,5.6985358133974825e-05,0.8095238095238095
mtd_ai,200,0.005050385281324332,0.4166666666666667,1541.9725783588203,0.05,150,5,0.09333333333333334,2.142860958531888,2.5528887265175615,0.0,0.25355326930454913,0.0002934623336853412,0.7551020408163265
mtd_ai,200,0.005050385281324332,0.5,2310.778908018559,0.1,150,5,0.09333333333333334,2.142860958531888,2.5528887265175615,0.0,0.25355326930454913,0.0002934623336853412,0.7551020408163265
mtd_ai,200,0.005050385281324332,0.5,3567.500659815819,0.15,150,5,0.09333333333333334,2.142860958531888,2.5528887265175615,0.0,0.25355326930454913,0.0002934623336853412,0.7551020408163265
mtd_ai,200,0.005050385281324332,0.4838709677419355,5226.91620904272,0.2,150,5,0.09333333333333334,2.142860958531888,2.5528887265175615,0.0,0.25355326930454913,0.0002934623336853412,0.7551020408163265
mtd_ai,200,0.005050385281324332,0.5208333333333334,5747.272600695384,0.25,150,5,0.09333333333333334,2.142860958531888,2.5528887265175615,0.0,0.25355326930454913,0.0002934623336853412,0.7551020408163265
mtd_ai,200,0.005077545342694251,0.46875,1376.7861312530868,0.05,150,5,0.16666666666666666,2.0176874643700478,2.947953004242408,0.0,0.23273676195320525,7.409429286036497e-05,0.7659574468085106
mtd_ai,200,0.005077545342694251,0.4166666666666667,3133.077610767697,0.1,150,5,0.16666666666666666,2.0176874643700478,2.947953004242408,0.0,0.23273676195320525,7.409429286036497e-05,0.7659574468085106
mtd_ai,200,0.005077545342694251,0.42452830188679247,4622.929109617607,0.15,150,5,0.16666666666666666,2.0176874643700478,2.947953004242408,0.0,0.23273676195320525,7.409429286036497e-05,0.7659574468085106
mtd_ai,200,0.005077545342694251,0.45454545454545453,5469.735605974486,0.2,150,5,0.16666666666666666,2.0176874643700478,2.947953004242408,0.0,0.23273676195320525,7.409429286036497e-05,0.7659574468085106
mtd_ai,200,0.005077545342694251,0.5067567567567568,5805.889059122953,0.25,150,5,0.16666666666666666,2.0176874643700478,2.947953004242408,0.0,0.23273676195320525,7.409429286036497e-05,0.7659574468085106
mtd_ai,200,0.005034353144142851,0.375,1717.9737618056336,0.05,150,5,0.3,0.9587514865699016,3.984486688441485,-5.185185185185185,0.23206456399866246,0.00013594032461362396,0.8333333333333334
mtd_ai,200,0.005034353144142851,0.32608695652173914,3636.328117707873,0.1,150,5,0.3,0.9587514865699016,3.984486688441485,-5.185185185185185,0.23206456399866246,0.00013594032461362396,0.8333333333333334
mtd_ai,200,0.005034353144142851,0.36885245901639346,4629.490151779918,0.15,150,5,0.3,0.9587514865699016,3.984486688441485,-5.185185185185185,0.23206456399866246,0.00013594032461362396,0.8333333333333334
mtd_ai,200,0.005034353144142851,0.4,5596.9842220184055,0.2,150,5,0.3,0.9587514865699016,3.984486688441485,-5.185185185185185,0.23206456399866246,0.00013594032461362396,0.8333333333333334
mtd_ai,200,0.005034353144142851,0.32051282051282054,7278.591904635217,0.25,150,5,0.3,0.9587514865699016,3.984486688441485,-5.185185185185185,0.23206456399866246,0.00013594032461362396,0.8333333333333334
mtd_ai,200,0.0050757807844544305,0.24193548387096775,3587.396895775407,0.05,150,5,0.12,5.192703740764199,7.1466523640893795,0.0,0.3016885966250443,0.00011433022236410204,0.8444444444444444
mtd_ai,200,0.0050757807844544305,0.3125,4747.173870053599,0.1,150,5,0.12,5.192703740764199,7.1466523640893795,0.0,0.3016885966250443,0.00011433022236410204,0.8444444444444444
mtd_ai,200,0.0050757807844544305,0.3813559322033898,5155.800340571593,0.15,150,5,0.12,5.192703740764199,7.1466523640893795,0.0,0.3016885966250443,0.00011433022236410204,0.8444444444444444
mtd_ai,200,0.0050757807844544305,0.4225352112676056,5642.624377085125,0.2,150,5,0.12,5.192703740764199,7.1466523640893795,0.0,0.3016885966250443,0.00011433022236410204,0.8444444444444444
mtd_ai,200,0.0050757807844544305,0.4573170731707317,6029.090709085865,0.25,150,5,0.12,5.192703740764199,7.1466523640893795,0.0,0.3016885966250443,0.00011433022236410204,0.8444444444444444
mtd_ai,200,0.005060638359210044,0.28846153846153844,2875.845391504604,0.05,150,5,0.155,0.2873998825475569,0.8268576608759277,0.0,0.3104361939710837,0.00011575680364226053,0.7254901960784313
mtd_ai,200,0.005060638359210044,0.35714285714285715,4047.9967796129376,0.1,150,5,0.155,0.2873998825475569,0.8268576608759277,0.0,0.3104361939710837,0.00011575680364226053,0.7254901960784313
mtd_ai,200,0.005060638359210044,0.4090909090909091,4737.483576441333,0.15,150,5,0.155,0.2873998825475569,0.8268576608759277,0.0,0.3104361939710837,0.00011575680364226053,0.7254901960784313
mtd_ai,200,0.005060638359210044,0.43478260869565216,5411.253046415402,0.2,150,5,0.155,0.2873998825475569,0.8268576608759277,0.0,0.3104361939710837,0.00011575680364226053,0.7254901960784313
mtd_ai,200,0.005060638359210044,0.46875,5878.671161823517,0.25,150,5,0.155,0.2873998825475569,0.8268576608759277,0.0,0.3104361939710837,0.00011575680364226053,0.7254901960784313
mtd_ai,200,0.005066384336081034,0.2777777777777778,3178.6712662925693,0.05,150,5,0.06833333333333333,1.0182055519734077,3.794501346177558,0.0,0.1731677460642239,6.295308195935367e-05,0.8235294117647058
mtd_ai,200,0.005066384336081034,0.35714285714285715,4714.201410966936,0.1,150,5,0.06833333333333333,1.0182055519734077,3.794501346177558,0.0,0.1731677460642239,6.295308195935367e-05,0.8235294117647058
mtd_ai,200,0.005066384336081034,0.42452830188679247,5222.900188203185,0.15,150,5,0.06833333333333333,1.0182055519734077,3.794501346177558,0.0,0.1731677460642239,6.295308195935367e-05,0.8235294117647058
mtd_ai,200,0.005066384336081034,0.44776119402985076,5962.826991168409,0.2,150,5,0.06833333333333333,1.0182055519734077,3.794501346177558,0.0,0.1731677460642239,6.295308195935367e-05,0.8235294117647058
mtd_ai,200,0.005066384336081034,0.487012987012987,6451.723661025579,0.25,150,5,0.06833333333333333,1.0182055519734077,3.794501346177558,0.0,0.1731677460642239,6.295308195935367e-05,0.8235294117647058
mtd_ai,200,0.005045303134561513,0.22727272727272727,3123.6609841423533,0.05,150,5,0.11533333333333334,0.2794546503447078,1.2213745604238173,0.0,0.33033195936217485,0.00033025863640280106,0.8115942028985508
mtd_ai,200,0.005045303134561513,0.2830188679245283,4924.045038712947,0.1,150,5,0.11533333333333334,0.2794546503447078,1.2213745604238173,0.0,0.33033195936217485,0.00033025863640280106,0.8115942028985508
mtd_ai,200,0.005045303134561513,0.3409090909090909,5817.102943149911,0.15,150,5,0.11533333333333334,0.2794546503447078,1.2213745604238173,0.0,0.33033195936217485,0.00033025863640280106,0.8115942028985508
mtd_ai,200,0.005045303134561513,0.3333333333333333,8204.27884058638,0.2,150,5,0.11533333333333334,0.2794546503447078,1.2213745604238173,0.0,0.33033195936217485,0.00033025863640280106,0.8115942028985508
mtd_ai,200,0.005045303134561513,0.3640776699029126,9125.56339800504,0.25,150,5,0.11533333333333334,0.2794546503447078,1.2213745604238173,0.0,0.33033195936217485,0.00033025863640280106,0.8115942028985508
mtd_ai,200,0.005087638975095785,0.3409090909090909,2199.4748205739975,0.05,150,5,0.12533333333333332,0.5479138377541352,2.0177677885847145,0.0,0.23450396232497722,0.00010753542729595881,0.8292682926829268
mtd_ai,200,0.005087638975095785,0.39473684210526316,3696.534922968184,0.1,150,5,0.12533333333333332,0.5479138377541352,2.0177677885847145,0.0,0.23450396232497722,0.00010753542729595881,0.8292682926829268
mtd_ai,200,0.005087638975095785,0.4891304347826087,4230.146203485225,0.15,150,5,0.12533333333333332,0.5479138377541352,2.0177677885847145,0.0,0.23450396232497722,0.00010753542729595881,0.8292682926829268
mtd_ai,200,0.005087638975095785,0.5,4937.233443615893,0.2,150,5,0.12533333333333332,0.5479138377541352,2.0177677885847145,0.0,0.23450396232497722,0.00010753542729595881,0.8292682926829268
mtd_ai,200,0.005087638975095785,0.528169014084507,5447.371858267307,0.25,150,5,0.12533333333333332,0.5479138377541352,2.0177677885847145,0.0,0.23450396232497722,0.00010753542729595881,0.8292682926829268
mtd_ai,200,0.005036922204975261,0.2777777777777778,2718.2432496062356,0.05,150,5,0.10526315789473684,0.24160902648330296,0.465833967666007,-4.851851851851852,0.292284413434403,7.287611005416047e-05,0.7222222222222222
mtd_ai,200,0.005036922204975261,0.375,3523.196300183048,0.1,150,5,0.10526315789473684,0.24160902648330296,0.465833967666007,-4.851851851851852,0.292284413434403,7.287611005416047e-05,0.7222222222222222
mtd_ai,200,0.005036922204975261,0.4017857142857143,4750.871826966218,0.15,150,5,0.10526315789473684,0.24160902648330296,0.465833967666007,-4.851851851851852,0.292284413434403,7.287611005416047e-05,0.7222222222222222
mtd_ai,200,0.005036922204975261,0.42857142857142855,5399.328126451475,0.2,150,5,0.10526315789473684,0.24160902648330296,0.465833967666007,-4.851851851851852,0.292284413434403,7.287611005416047e-05,0.7222222222222222
mtd_ai,200,0.005036922204975261,0.42134831460674155,6048.791573271763,0.25,150,5,0.10526315789473684,0.24160902648330296,0.465833967666007,-4.851851851851852,0.292284413434403,7.287611005416047e-05,0.7222222222222222
mtd_ai,200,0.005043698051937272,0.3409090909090909,1851.9197595016533,0.05,150,5,0.1510952380952381,0.4500851319159947,1.8260661132137286,0.0,0.22699323378697114,9.213673160604379e-05,0.813953488372093
mtd_ai,200,0.005043698051937272,0.35714285714285715,3449.585354786107,0.1,150,5,0.1510952380952381,0.4500851319159947,1.8260661132137286,0.0,0.22699323378697114,9.213673160604379e-05,0.813953488372093
mtd_ai,200,0.005043698051937272,0.4017857142857143,4337.925840438662,0.15,150,5,0.1510952380952381,0.4500851319159947,1.8260661132137286,0.0,0.22699323378697114,9.213673160604379e-05,0.813953488372093
mtd_ai,200,0.005043698051937272,0.40540540540540543,5052.938544126529,0.2,150,5,0.1510952380952381,0.4500851319159947,1.8260661132137286,0.0,0.22699323378697114,9.213673160604379e-05,0.813953488372093
mtd_ai,200,0.005043698051937272,0.4573170731707317,5318.689111083366,0.25,150,5,0.1510952380952381,0.4500851319159947,1.8260661132137286,0.0,0.22699323378697114,9.213673160604379e-05,0.813953488372093
mtd_ai,200,0.005048789944913633,0.5769230769230769,985.9928312824383,0.05,150,5,0.151,1.1167095394054471,4.034605233805588,6.947368421052632,0.19825291734023048,0.00011306442245965622,0.5833333333333334
mtd_ai,200,0.005048789944913633,0.45454545454545453,3300.893911438168,0.1,150,5,0.151,1.1167095394054471,4.034605233805588,6.947368421052632,0.19825291734023048,0.00011306442245965622,0.5833333333333334
mtd_ai,200,0.005048789944913633,0.5113636363636364,4244.214498493002,0.15,150,5,0.151,1.1167095394054471,4.034605233805588,6.947368421052632,0.19825291734023048,0.00011306442245965622,0.5833333333333334
mtd_ai,200,0.005048789944913633,0.5263157894736842,4846.90478836853,0.2,150,5,0.151,1.1167095394054471,4.034605233805588,6.947368421052632,0.19825291734023048,0.00011306442245965622,0.5833333333333334
mtd_ai,200,0.005048789944913633,0.5434782608695652,5335.884925936154,0.25,150,5,0.151,1.1167095394054471,4.034605233805588,6.947368421052632,0.19825291734023048,0.00011306442245965622,0.5833333333333334
mtd_ai,200,0.005049919626185085,0.3125,2333.666341411179,0.05,150,5,0.1603174603174603,1.3936544331506941,2.8865829292923935,0.0,0.21141018827794036,0.00011013491223777118,0.7037037037037037
mtd_ai,200,0.005049919626185085,0.38461538461538464,3630.5706828701414,0.1,150,5,0.1603174603174603,1.3936544331506941,2.8865829292923935,0.0,0.21141018827794036,0.00011013491223777118,0.7037037037037037
mtd_ai,200,0.005049919626185085,0.39473684210526316,4426.470738702927,0.15,150,5,0.1603174603174603,1.3936544331506941,2.8865829292923935,0.0,0.21141018827794036,0.00011013491223777118,0.7037037037037037
mtd_ai,200,0.005049919626185085,0.42857142857142855,5329.090935274064,0.2,150,5,0.1603174603174603,1.3936544331506941,2.8865829292923935,0.0,0.21141018827794036,0.00011013491223777118,0.7037037037037037
mtd_ai,200,0.005049919626185085,0.4411764705882353,6179.913406938971,0.25,150,5,0.1603174603174603,1.3936544331506941,2.8865829292923935,0.0,0.21141018827794036,0.00011013491223777118,0.7037037037037037
mtd_ai,200,0.005074722502049054,0.3,2385.0906389734646,0.05,150,5,0.10222222222222223,1.041882400650007,3.7893335730563322,0.0,0.38243396499008536,0.00015586076839510383,0.782608695652174
mtd_ai,200,0.005074722502049054,0.39473684210526316,3567.395471642225,0.1,150,5,0.10222222222222223,1.041882400650007,3.7893335730563322,0.0,0.38243396499008536,0.00015586076839510383,0.782608695652174
mtd_ai,200,0.005074722502049054,0.45,4731.8213424853275,0.15,150,5,0.10222222222222223,1.041882400650007,3.7893335730563322,0.0,0.38243396499008536,0.00015586076839510383,0.782608695652174
mtd_ai,200,0.005074722502049054,0.4918032786885246,5400.826384474683,0.2,150,5,0.10222222222222223,1.041882400650007,3.7893335730563322,0.0,0.38243396499008536,0.00015586076839510383,0.782608695652174
mtd_ai,200,0.005074722502049054,0.528169014084507,5822.970217205399,0.25,150,5,0.10222222222222223,1.041882400650007,3.7893335730563322,0.0,0.38243396499008536,0.00015586076839510383,0.782608695652174
mtd_ai,200,0.0050386743252629675,0.26785714285714285,3136.192883645413,0.05,150,5,0.12188888888888888,0.971669919625842,3.861877724164247,0.0,0.2317153521900934,6.816307205645391e-05,0.7454545454545455
mtd_ai,200,0.0050386743252629675,0.3333333333333333,4314.991789670816,0.1,150,5,0.12188888888888888,0.971669919625842,3.861877724164247,0.0,0.2317153521900934,6.816307205645391e-05,0.7454545454545455
mtd_ai,200,0.0050386743252629675,0.39473684210526316,5234.426817316177,0.15,150,5,0.12188888888888888,0.971669919625842,3.861877724164247,0.0,0.2317153521900934,6.816307205645391e-05,0.7454545454545455
mtd_ai,200,0.0050386743252629675,0.43478260869565216,5889.864844842104,0.2,150,5,0.12188888888888888,0.971669919625842,3.861877724164247,0.0,0.2317153521900934,6.816307205645391e-05,0.7454545454545455
mtd_ai,200,0.0050386743252629675,0.4573170731707317,6420.907183904585,0.25,150,5,0.12188888888888888,0.971669919625842,3.861877724164247,0.0,0.2317153521900934,6.816307205645391e-05,0.7454545454545455
mtd_ai,200,0.005067135392487941,0.3125,2386.364309279786,0.05,150,5,0.125,0.6975630577175597,2.6539617045522843,0.0,0.2236216812668031,8.751004762362094e-05,0.7924528301886793
mtd_ai,200,0.005067135392487941,0.39473684210526316,3117.827866747433,0.1,150,5,0.125,0.6975630577175597,2.6539617045522843,0.0,0.2236216812668031,8.751004762362094e-05,0.7924528301886793
mtd_ai,200,0.005067135392487941,0.4326923076923077,4419.829576769834,0.15,150,5,0.125,0.6975630577175597,2.6539617045522843,0.0,0.2236216812668031,8.751004762362094e-05,0.7924528301886793
mtd_ai,200,0.005067135392487941,0.4225352112676056,5827.978924049584,0.2,150,5,0.125,0.6975630577175597,2.6539617045522843,0.0,0.2236216812668031,8.751004762362094e-05,0.7924528301886793
mtd_ai,200,0.005067135392487941,0.4411764705882353,6633.44127165781,0.25,150,5,0.125,0.6975630577175597,2.6539617045522843,0.0,0.2236216812668031,8.751004762362094e-05,0.7924528301886793
mtd_ai,200,0.005039435837882529,0.26785714285714285,2483.630365273125,0.05,150,5,0.14555555555555555,2.0121885846839453,5.9419992688949845,0.0,0.19953818400299214,0.0010414576819559348,0.7916666666666666
mtd_ai,200,0.005039435837882529,0.35714285714285715,3204.8047166790375,0.1,150,5,0.14555555555555555,2.0121885846839453,5.9419992688949845,0.0,0.19953818400299214,0.0010414576819559348,0.7916666666666666
mtd_ai,200,0.005039435837882529,0.4166666666666667,3881.130667228767,0.15,150,5,0.14555555555555555,2.0121885846839453,5.9419992688949845,0.0,0.19953818400299214,0.0010414576819559348,0.7916666666666666
mtd_ai,200,0.005039435837882529,0.42857142857142855,5071.903621870926,0.2,150,5,0.14555555555555555,2.0121885846839453,5.9419992688949845,0.0,0.19953818400299214,0.0010414576819559348,0.7916666666666666
mtd_ai,200,0.005039435837882529,0.46296296296296297,5747.40065182412,0.25,150,5,0.14555555555555555,2.0121885846839453,5.9419992688949845,0.0,0.19953818400299214,0.0010414576819559348,0.7916666666666666
mtd_ai,200,0.005024007177665069,0.26785714285714285,2522.716938551057,0.05,150,5,0.14733333333333334,0.5059881822398957,1.6537368721338348,0.0,0.25419036075573465,0.0001227355594613551,0.7323943661971831
mtd_ai,200,0.005024007177665069,0.29411764705882354,5164.862619129592,0.1,150,5,0.14733333333333334,0.5059881822398957,1.6537368721338348,0.0,0.25419036075573465,0.0001227355594613551,0.7323943661971831
mtd_ai,200,0.005024007177665069,0.36885245901639346,5664.3997358335855,0.15,150,5,0.14733333333333334,0.5059881822398957,1.6537368721338348,0.0,0.25419036075573465,0.0001227355594613551,0.7323943661971831
mtd_ai,200,0.005024007177665069,0.38461538461538464,6447.970905867598,0.2,150,5,0.14733333333333334,0.5059881822398957,1.6537368721338348,0.0,0.25419036075573465,0.0001227355594613551,0.7323943661971831
mtd_ai,200,0.005024007177665069,0.3232758620689655,8093.986869335757,0.25,150,5,0.14733333333333334,0.5059881822398957,1.6537368721338348,0.0,0.25419036075573465,0.0001227355594613551,0.7323943661971831
mtd_ai,200,0.005033318502785186,0.22058823529411764,4102.131196290906,0.05,150,5,0.11533333333333334,0.09430130378868316,0.38694478811409483,0.0,0.26036788613005446,6.135330793101433e-05,0.7818181818181819
mtd_ai,200,0.005033318502785186,0.30612244897959184,5237.54597144211,0.1,150,5,0.11533333333333334,0.09430130378868316,0.38694478811409483,0.0,0.26036788613005446,6.135330793101433e-05,0.7818181818181819
mtd_ai,200,0.005033318502785186,0.39473684210526316,5545.179891222182,0.15,150,5,0.11533333333333334,0.09430130378868316,0.38694478811409483,0.0,0.26036788613005446,6.135330793101433e-05,0.7818181818181819
mtd_ai,200,0.005033318502785186,0.4225352112676056,6348.371032541213,0.2,150,5,0.11533333333333334,0.09430130378868316,0.38694478811409483,0.0,0.26036788613005446,6.135330793101433e-05,0.7818181818181819
mtd_ai,200,0.005033318502785186,0.46875,6672.603429886438,0.25,150,5,0.11533333333333334,0.09430130378868316,0.38694478811409483,0.0,0.26036788613005446,6.135330793101433e-05,0.7818181818181819
mtd_ai,200,0.005074685389830989,0.39473684210526316,1443.2624594868294,0.05,150,5,0.23222222222222225,0.13769422805834616,0.2757164002888195,0.0,0.23849128865922972,9.750901095682212e-05,0.8085106382978723
mtd_ai,200,0.005074685389830989,0.30612244897959184,3910.3044337667325,0.1,150,5,0.23222222222222225,0.13769422805834616,0.2757164002888195,0.0,0.23849128865922972,9.750901095682212e-05,0.8085106382978723
mtd_ai,200,0.005074685389830989,0.3629032258064516,4773.145691714974,0.15,150,5,0.23222222222222225,0.13769422805834616,0.2757164002888195,0.0,0.23849128865922972,9.750901095682212e-05,0.8085106382978723
mtd_ai,200,0.005074685389830989,0.39473684210526316,5257.880328638856,0.2,150,5,0.23222222222222225,0.13769422805834616,0.2757164002888195,0.0,0.23849128865922972,9.750901095682212e-05,0.8085106382978723
mtd_ai,200,0.005074685389830989,0.42613636363636365,5745.662915026603,0.25,150,5,0.23222222222222225,0.13769422805834616,0.2757164002888195,0.0,0.23849128865922972,9.750901095682212e-05,0.8085106382978723
mtd_ai,200,0.005073507632174261,0.3125,2404.2835584183244,0.05,150,5,0.14533333333333334,0.6737576993929901,2.914370420965411,0.0,0.2476265989617931,0.0005664939281706994,0.6785714285714286
mtd_ai,200,0.005073507632174261,0.38461538461538464,3380.88482370794,0.1,150,5,0.14533333333333334,0.6737576993929901,2.914370420965411,0.0,0.2476265989617931,0.0005664939281706994,0.6785714285714286
mtd_ai,200,0.005073507632174261,0.42452830188679247,4954.591891153731,0.15,150,5,0.14533333333333334,0.6737576993929901,2.914370420965411,0.0,0.2476265989617931,0.0005664939281706994,0.6785714285714286
mtd_ai,200,0.005073507632174261,0.47619047619047616,5668.384797313809,0.2,150,5,0.14533333333333334,0.6737576993929901,2.914370420965411,0.0,0.2476265989617931,0.0005664939281706994,0.6785714285714286
mtd_ai,200,0.005073507632174261,0.5208333333333334,6117.531258032446,0.25,150,5,0.14533333333333334,0.6737576993929901,2.914370420965411,0.0,0.2476265989617931,0.0005664939281706994,0.6785714285714286
mtd_ai,200,0.005056313609047681,0.2777777777777778,3098.7426621050463,0.05,150,5,0.16771428571428573,0.0202057784103901,0.07975209196666205,0.0,0.27108966961402375,0.00048210418362431407,0.6811594202898551
mtd_ai,200,0.005056313609047681,0.3191489361702128,4552.298058458582,0.1,150,5,0.16771428571428573,0.0202057784103901,0.07975209196666205,0.0,0.27108966961402375,0.00048210418362431407,0.6811594202898551
mtd_ai,200,0.005056313609047681,0.36885245901639346,5257.9129930738145,0.15,150,5,0.16771428571428573,0.0202057784103901,0.07975209196666205,0.0,0.27108966961402375,0.00048210418362431407,0.6811594202898551
mtd_ai,200,0.005056313609047681,0.37037037037037035,6262.199741815103,0.2,150,5,0.16771428571428573,0.0202057784103901,0.07975209196666205,0.0,0.27108966961402375,0.00048210418362431407,0.6811594202898551
mtd_ai,200,0.005056313609047681,0.3787878787878788,7582.408023499965,0.25,150,5,0.16771428571428573,0.0202057784103901,0.07975209196666205,0.0,0.27108966961402375,0.00048210418362431407,0.6811594202898551
mtd_ai,200,0.005050229759316959,0.20833333333333334,5181.80167543352,0.05,150,5,0.167,0.0220388113002375,0.09172347306441503,0.0,0.33391731643848466,0.00011906912835056619,0.7796610169491526
mtd_ai,200,0.005050229759316959,0.3191489361702128,5726.452513624282,0.1,150,5,0.167,0.0220388113002375,0.09172347306441503,0.0,0.33391731643848466,0.00011906912835056619,0.7796610169491526
mtd_ai,200,0.005050229759316959,0.4017857142857143,6234.566469358292,0.15,150,5,0.167,0.0220388113002375,0.09172347306441503,0.0,0.33391731643848466,0.00011906912835056619,0.7796610169491526
mtd_ai,200,0.005050229759316959,0.4411764705882353,6920.850473273972,0.2,150,5,0.167,0.0220388113002375,0.09172347306441503,0.0,0.33391731643848466,0.00011906912835056619,0.7796610169491526
mtd_ai,200,0.005050229759316959,0.47468354430379744,7335.8916254810765,0.25,150,5,0.167,0.0220388113002375,0.09172347306441503,0.0,0.33391731643848466,0.00011906912835056619,0.7796610169491526
mtd_ai,200,0.0050352742516515045,0.375,1717.6534911453257,0.05,150,5,0.14666666666666667,0.09688396445904306,0.3842562002979568,0.0,0.30622391420684214,6.006019409348044e-05,0.803921568627451
mtd_ai,200,0.0050352742516515045,0.39473684210526316,3134.655183533262,0.1,150,5,0.14666666666666667,0.09688396445904306,0.3842562002979568,0.0,0.30622391420684214,6.006019409348044e-05,0.803921568627451
mtd_ai,200,0.0050352742516515045,0.4017857142857143,4889.94818226307,0.15,150,5,0.14666666666666667,0.09688396445904306,0.3842562002979568,0.0,0.30622391420684214,6.006019409348044e-05,0.803921568627451
mtd_ai,200,0.0050352742516515045,0.4225352112676056,6074.619373827054,0.2,150,5,0.14666666666666667,0.09688396445904306,0.3842562002979568,0.0,0.30622391420684214,6.006019409348044e-05,0.803921568627451
mtd_ai,200,0.0050352742516515045,0.47468354430379744,6460.645044131979,0.25,150,5,0.14666666666666667,0.09688396445904306,0.3842562002979568,0.0,0.30622391420684214,6.006019409348044e-05,0.803921568627451
mtd_ai,200,0.005061444766692064,0.32608695652173914,2005.8622820774472,0.05,150,5,0.17647058823529413,0.8902179015221336,3.7706886906976735,0.0,0.3047548920934157,0.00010279491619668505,0.6268656716417911
mtd_ai,200,0.005061444766692064,0.3488372093023256,3645.939241467806,0.1,150,5,0.17647058823529413,0.8902179015221336,3.7706886906976735,0.0,0.3047548920934157,0.00010279491619668505,0.6268656716417911
mtd_ai,200,0.005061444766692064,0.4017857142857143,4866.863821770932,0.15,150,5,0.17647058823529413,0.8902179015221336,3.7706886906976735,0.0,0.3047548920934157,0.00010279491619668505,0.6268656716417911
mtd_ai,200,0.005061444766692064,0.4166666666666667,5887.032984098277,0.2,150,5,0.17647058823529413,0.8902179015221336,3.7706886906976735,0.0,0.3047548920934157,0.00010279491619668505,0.6268656716417911
mtd_ai,200,0.005061444766692064,0.42613636363636365,6562.4612808358315,0.25,150,5,0.17647058823529413,0.8902179015221336,3.7706886906976735,0.0,0.3047548920934157,0.00010279491619668505,0.6268656716417911
mtd_ai,200,0.005075601521132243,0.26785714285714285,3155.5197365974072,0.05,150,5,0.12555555555555556,0.0846984733617211,0.34267566417670814,0.0,0.15996158508496783,0.0003152585795294658,0.8085106382978723
mtd_ai,200,0.005075601521132243,0.3333333333333333,4474.48111424379,0.1,150,5,0.12555555555555556,0.0846984733617211,0.34267566417670814,0.0,0.15996158508496783,0.0003152585795294658,0.8085106382978723
mtd_ai,200,0.005075601521132243,0.3879310344827586,5031.2779163187615,0.15,150,5,0.12555555555555556,0.0846984733617211,0.34267566417670814,0.0,0.15996158508496783,0.0003152585795294658,0.8085106382978723
mtd_ai,200,0.005075601521132243,0.4166666666666667,5613.6167371397605,0.2,150,5,0.12555555555555556,0.0846984733617211,0.34267566417670814,0.0,0.15996158508496783,0.0003152585795294658,0.8085106382978723
mtd_ai,200,0.005075601521132243,0.46296296296296297,5893.406310434597,0.25,150,5,0.12555555555555556,0.0846984733617211,0.34267566417670814,0.0,0.15996158508496783,0.0003152585795294658,0.8085106382978723
mtd_ai,200,0.00504332626862163,0.35714285714285715,1739.9020319052527,0.05,150,5,0.15384615384615385,1.487093809201783,5.200941186399387,-3.269230769230769,0.2232287304503785,7.75120457723027e-05,0.7884615384615384
mtd_ai,200,0.00504332626862163,0.26785714285714285,4092.3110070955354,0.1,150,5,0.15384615384615385,1.487093809201783,5.200941186399387,-3.269230769230769,0.2232287304503785,7.75120457723027e-05,0.7884615384615384
mtd_ai,200,0.00504332626862163,0.3409090909090909,4646.942769979142,0.15,150,5,0.15384615384615385,1.487093809201783,5.200941186399387,-3.269230769230769,0.2232287304503785,7.75120457723027e-05,0.7884615384615384
mtd_ai,200,0.00504332626862163,0.379746835443038,5363.789906310306,0.2,150,5,0.15384615384615385,1.487093809201783,5.200941186399387,-3.269230769230769,0.2232287304503785,7.75120457723027e-05,0.7884615384615384
mtd_ai,200,0.00504332626862163,0.39473684210526316,6469.860420932154,0.25,150,5,0.15384615384615385,1.487093809201783,5.200941186399387,-3.269230769230769,0.2232287304503785,7.75120457723027e-05,0.7884615384615384
mtd_ai,200,0.0050384223386480695,0.24193548387096775,3393.3768291657943,0.05,150,5,0.13666666666666666,0.47257018667062856,1.1840538293741718,0.0,0.22047303877745206,8.169384892638162e-05,0.8148148148148148
mtd_ai,200,0.0050384223386480695,0.26785714285714285,4844.846941476575,0.1,150,5,0.13666666666666666,0.47257018667062856,1.1840538293741718,0.0,0.22047303877745206,8.169384892638162e-05,0.8148148148148148
mtd_ai,200,0.0050384223386480695,0.3409090909090909,5252.590215982842,0.15,150,5,0.13666666666666666,0.47257018667062856,1.1840538293741718,0.0,0.22047303877745206,8.169384892638162e-05,0.8148148148148148
mtd_ai,200,0.0050384223386480695,0.35714285714285715,6680.79913336442,0.2,150,5,0.13666666666666666,0.47257018667062856,1.1840538293741718,0.0,0.22047303877745206,8.169384892638162e-05,0.8148148148148148
mtd_ai,200,0.0050384223386480695,0.4032258064516129,6956.870407840219,0.25,150,5,0.13666666666666666,0.47257018667062856,1.1840538293741718,0.0,0.22047303877745206,8.169384892638162e-05,0.8148148148148148
mtd_ai,200,0.005069958963825626,0.26785714285714285,2923.378018724902,0.05,150,5,0.11,0.007629564825860561,0.03285397278333252,0.0,0.4069948098514626,9.005467649777749e-05,0.8367346938775511
mtd_ai,200,0.005069958963825626,0.3409090909090909,4722.937532002406,0.1,150,5,0.11,0.007629564825860561,0.03285397278333252,0.0,0.4069948098514626,9.005467649777749e-05,0.8367346938775511
mtd_ai,200,0.005069958963825626,0.4090909090909091,5235.306277075133,0.15,150,5,0.11,0.007629564825860561,0.03285397278333252,0.0,0.4069948098514626,9.005467649777749e-05,0.8367346938775511
mtd_ai,200,0.005069958963825626,0.43478260869565216,6086.884543148063,0.2,150,5,0.11,0.007629564825860561,0.03285397278333252,0.0,0.4069948098514626,9.005467649777749e-05,0.8367346938775511
mtd_ai,200,0.005069958963825626,0.46875,6475.550297879272,0.25,150,5,0.11,0.007629564825860561,0.03285397278333252,0.0,0.4069948098514626,9.005467649777749e-05,0.8367346938775511
mtd_ai,200,0.005066019773554184,0.3,2784.1306121891826,0.05,150,5,0.19293650793650793,0.884007294478077,3.550343003417579,0.0,0.1069253496607161,3.824809667787297e-05,0.8541666666666666
mtd_ai,200,0.005066019773554184,0.35714285714285715,3666.475549025544,0.1,150,5,0.19293650793650793,0.884007294478077,3.550343003417579,0.0,0.1069253496607161,3.824809667787297e-05,0.8541666666666666
mtd_ai,200,0.005066019773554184,0.4017857142857143,4313.70543786487,0.15,150,5,0.19293650793650793,0.884007294478077,3.550343003417579,0.0,0.1069253496607161,3.824809667787297e-05,0.8541666666666666
mtd_ai,200,0.005066019773554184,0.4225352112676056,5019.618003833546,0.2,150,5,0.19293650793650793,0.884007294478077,3.550343003417579,0.0,0.1069253496607161,3.824809667787297e-05,0.8541666666666666
mtd_ai,200,0.005066019773554184,0.3787878787878788,6181.807155094521,0.25,150,5,0.19293650793650793,0.884007294478077,3.550343003417579,0.0,0.1069253496607161,3.824809667787297e-05,0.8541666666666666
mtd_ai,200,0.005061384221076232,0.26785714285714285,3247.592379335307,0.05,150,5,0.155,1.0198622243378537,2.301360136379393,0.0,0.22905314586268938,8.438309794566512e-05,0.8571428571428571
mtd_ai,200,0.005061384221076232,0.3333333333333333,4577.449706346242,0.1,150,5,0.155,1.0198622243378537,2.301360136379393,0.0,0.22905314586268938,8.438309794566512e-05,0.8571428571428571
mtd_ai,200,0.005061384221076232,0.4017857142857143,5242.639454337967,0.15,150,5,0.155,1.0198622243378537,2.301360136379393,0.0,0.22905314586268938,8.438309794566512e-05,0.8571428571428571
mtd_ai,200,0.005061384221076232,0.44776119402985076,5842.412349063554,0.2,150,5,0.155,1.0198622243378537,2.301360136379393,0.0,0.22905314586268938,8.438309794566512e-05,0.8571428571428571
mtd_ai,200,0.005061384221076232,0.46875,6592.913838165183,0.25,150,5,0.155,1.0198622243378537,2.301360136379393,0.0,0.22905314586268938,8.438309794566512e-05,0.8571428571428571
mtd_ai,200,0.005042120203494412,0.3,2222.385345870485,0.05,150,5,0.10666666666666667,0.3537824833345376,1.2343789375607728,0.0,0.38428567290556304,8.606660148356437e-05,0.7708333333333334
mtd_ai,200,0.005042120203494412,0.40540540540540543,3203.0563947745277,0.1,150,5,0.10666666666666667,0.3537824833345376,1.2343789375607728,0.0,0.38428567290556304,8.606660148356437e-05,0.7708333333333334
mtd_ai,200,0.005042120203494412,0.45,4095.731492874676,0.15,150,5,0.10666666666666667,0.3537824833345376,1.2343789375607728,0.0,0.38428567290556304,8.606660148356437e-05,0.7708333333333334
mtd_ai,200,0.005042120203494412,0.46875,5304.803333182226,0.2,150,5,0.10666666666666667,0.3537824833345376,1.2343789375607728,0.0,0.38428567290556304,8.606660148356437e-05,0.7708333333333334
mtd_ai,200,0.005042120203494412,0.487012987012987,5956.027975048068,0.25,150,5,0.10666666666666667,0.3537824833345376,1.2343789375607728,0.0,0.38428567290556304,8.606660148356437e-05,0.7708333333333334
mtd_ai,200,0.005078094603350546,0.32608695652173914,2156.251794607142,0.05,150,5,0.1277777777777778,0.7743396902384795,1.374252824340544,0.0,0.3607474953332535,0.0004520712910844227,0.7555555555555555
mtd_ai,200,0.005078094603350546,0.38461538461538464,3111.1017142739893,0.1,150,5,0.1277777777777778,0.7743396902384795,1.374252824340544,0.0,0.3607474953332535,0.0004520712910844227,0.7555555555555555
mtd_ai,200,0.005078094603350546,0.45,3892.2152205843413,0.15,150,5,0.1277777777777778,0.7743396902384795,1.374252824340544,0.0,0.3607474953332535,0.0004520712910844227,0.7555555555555555
mtd_ai,200,0.005078094603350546,0.46153846153846156,4797.3393030871175,0.2,150,5,0.1277777777777778,0.7743396902384795,1.374252824340544,0.0,0.3607474953332535,0.0004520712910844227,0.7555555555555555
mtd_ai,200,0.005078094603350546,0.5,5276.665512041709,0.25,150,5,0.1277777777777778,0.7743396902384795,1.374252824340544,0.0,0.3607474953332535,0.0004520712910844227,0.7555555555555555
mtd_ai,200,0.005035758544375535,0.32608695652173914,2110.835046897153,0.05,150,5,0.15844444444444447,0.7151955859481669,3.081151941651678,4.03125,0.20991554786198222,8.022445731457538e-05,0.7777777777777778
mtd_ai,200,0.005035758544375535,0.3333333333333333,3449.7694858824684,0.1,150,5,0.15844444444444447,0.7151955859481669,3.081151941651678,4.03125,0.20991554786198222,8.022445731457538e-05,0.7777777777777778
mtd_ai,200,0.005035758544375535,0.375,4507.754714627226,0.15,150,5,0.15844444444444447,0.7151955859481669,3.081151941651678,4.03125,0.20991554786198222,8.022445731457538e-05,0.7777777777777778
mtd_ai,200,0.005035758544375535,0.4225352112676056,4983.830891354864,0.2,150,5,0.15844444444444447,0.7151955859481669,3.081151941651678,4.03125,0.20991554786198222,8.022445731457538e-05,0.7777777777777778
mtd_ai,200,0.005035758544375535,0.39893617021276595,6514.120072802727,0.25,150,5,0.15844444444444447,0.7151955859481669,3.081151941651678,4.03125,0.20991554786198222,8.022445731457538e-05,0.7777777777777778
mtd_ai,200,0.005062854927144416,0.3,2575.352168987166,0.05,150,5,0.08888888888888889,0.3728433811765493,1.2342318969553354,0.0,0.2671795674172571,0.0004888651159509918,0.8
mtd_ai,200,0.005062854927144416,0.3488372093023256,3763.706836512482,0.1,150,5,0.08888888888888889,0.3728433811765493,1.2342318969553354,0.0,0.2671795674172571,0.0004888651159509918,0.8
mtd_ai,200,0.005062854927144416,0.4090909090909091,4403.657415690293,0.15,150,5,0.08888888888888889,0.3728433811765493,1.2342318969553354,0.0,0.2671795674172571,0.0004888651159509918,0.8
mtd_ai,200,0.005062854927144416,0.40540540540540543,6128.365916828336,0.2,150,5,0.08888888888888889,0.3728433811765493,1.2342318969553354,0.0,0.2671795674172571,0.0004888651159509918,0.8
mtd_ai,200,0.005062854927144416,0.3865979381443299,6986.467123897641,0.25,150,5,0.08888888888888889,0.3728433811765493,1.2342318969553354,0.0,0.2671795674172571,0.0004888651159509918,0.8
mtd_ai,200,0.005035215862640445,0.16666666666666666,3888.0728373572715,0.05,150,5,0.11166666666666666,0.3070053294169705,0.42671158974814444,3.4838709677419355,0.2771900834934628,0.00012239180888668535,0.7818181818181819
mtd_ai,200,0.005035215862640445,0.23809523809523808,4672.035639701206,0.1,150,5,0.11166666666666666,0.3070053294169705,0.42671158974814444,3.4838709677419355,0.2771900834934628,0.00012239180888668535,0.7818181818181819
mtd_ai,200,0.005035215862640445,0.3,5462.61971020221,0.15,150,5,0.11166666666666666,0.3070053294169705,0.42671158974814444,3.4838709677419355,0.2771900834934628,0.00012239180888668535,0.7818181818181819
mtd_ai,200,0.005035215862640445,0.3409090909090909,6090.443746509336,0.2,150,5,0.11166666666666666,0.3070053294169705,0.42671158974814444,3.4838709677419355,0.2771900834934628,0.00012239180888668535,0.7818181818181819
mtd_ai,200,0.005035215862640445,0.3712871287128713,6628.686645475029,0.25,150,5,0.11166666666666666,0.3070053294169705,0.42671158974814444,3.4838709677419355,0.2771900834934628,0.00012239180888668535,0.7818181818181819
mtd_ai,200,0.005054007342910566,0.35714285714285715,1765.3408489695423,0.05,150,5,0.13666666666666666,0.13099034264620832,0.13511710186484707,0.0,0.25447221863657904,0.00010276841869159487,0.7674418604651163
mtd_ai,200,0.005054007342910566,0.38461538461538464,3336.1939596692982,0.1,150,5,0.13666666666666666,0.13099034264620832,0.13511710186484707,0.0,0.25447221863657904,0.00010276841869159487,0.7674418604651163
mtd_ai,200,0.005054007342910566,0.4326923076923077,4241.270037618083,0.15,150,5,0.13666666666666666,0.13099034264620832,0.13511710186484707,0.0,0.25447221863657904,0.00010276841869159487,0.7674418604651163
mtd_ai,200,0.005054007342910566,0.46153846153846156,4764.962339264604,0.2,150,5,0.13666666666666666,0.13099034264620832,0.13511710186484707,0.0,0.25447221863657904,0.00010276841869159487,0.7674418604651163
mtd_ai,200,0.005054007342910566,0.4934210526315789,5156.053151729315,0.25,150,5,0.13666666666666666,0.13099034264620832,0.13511710186484707,0.0,0.25447221863657904,0.00010276841869159487,0.7674418604651163
mtd_ai,200,0.005060773360916094,0.375,2020.3044653427828,0.05,150,5,0.1366666666666667,1.0048336830680462,3.0544487936619933,0.0,0.15286207918058167,6.557790544674919e-05,0.7560975609756098
mtd_ai,200,0.005060773360916094,0.4411764705882353,3165.031749081971,0.1,150,5,0.1366666666666667,1.0048336830680462,3.0544487936619933,0.0,0.15286207918058167,6.557790544674919e-05,0.7560975609756098
mtd_ai,200,0.005060773360916094,0.5,3655.1310617550653,0.15,150,5,0.1366666666666667,1.0048336830680462,3.0544487936619933,0.0,0.15286207918058167,6.557790544674919e-05,0.7560975609756098
mtd_ai,200,0.005060773360916094,0.5172413793103449,4451.482898346358,0.2,150,5,0.1366666666666667,1.0048336830680462,3.0544487936619933,0.0,0.15286207918058167,6.557790544674919e-05,0.7560975609756098
mtd_ai,200,0.005060773360916094,0.5681818181818182,4715.1476414026565,0.25,150,5,0.1366666666666667,1.0048336830680462,3.0544487936619933,0.0,0.15286207918058167,6.557790544674919e-05,0.7560975609756098
mtd_ai,200,0.005052901527362285,0.1744186046511628,3495.8900924071013,0.05,150,5,0.12111111111111111,0.7303853958605909,2.8956378281039035,0.0,0.17579574893107788,7.336526008954132e-05,0.8679245283018868
mtd_ai,200,0.005052901527362285,0.2542372881355932,5010.4132160542995,0.1,150,5,0.12111111111111111,0.7303853958605909,2.8956378281039035,0.0,0.17579574893107788,7.336526008954132e-05,0.8679245283018868
mtd_ai,200,0.005052901527362285,0.3082191780821918,5944.971583811928,0.15,150,5,0.12111111111111111,0.7303853958605909,2.8956378281039035,0.0,0.17579574893107788,7.336526008954132e-05,0.8679245283018868
mtd_ai,200,0.005052901527362285,0.3448275862068966,6739.860784392732,0.2,150,5,0.12111111111111111,0.7303853958605909,2.8956378281039035,0.0,0.17579574893107788,7.336526008954132e-05,0.8679245283018868
mtd_ai,200,0.005052901527362285,0.3826530612244898,7392.0273044071955,0.25,150,5,0.12111111111111111,0.7303853958605909,2.8956378281039035,0.0,0.17579574893107788,7.336526008954132e-05,0.8679245283018868
mtd_ai,200,0.0050564692596782,0.22058823529411764,3252.325809424678,0.05,150,5,0.11066666666666668,0.8780828563500834,3.6350757041298403,0.0,0.351807235692227,9.429110218532778e-05,0.7704918032786885
mtd_ai,200,0.0050564692596782,0.29411764705882354,4219.817458764092,0.1,150,5,0.11066666666666668,0.8780828563500834,3.6350757041298403,0.0,0.351807235692227,9.429110218532778e-05,0.7704918032786885
mtd_ai,200,0.0050564692596782,0.3515625,5080.367171032323,0.15,150,5,0.11066666666666668,0.8780828563500834,3.6350757041298403,0.0,0.351807235692227,9.429110218532778e-05,0.7704918032786885
mtd_ai,200,0.0050564692596782,0.379746835443038,6934.090452297066,0.2,150,5,0.11066666666666668,0.8780828563500834,3.6350757041298403,0.0,0.351807235692227,9.429110218532778e-05,0.7704918032786885
mtd_ai,200,0.0050564692596782,0.41208791208791207,7450.9234406076475,0.25,150,5,0.11066666666666668,0.8780828563500834,3.6350757041298403,0.0,0.351807235692227,9.429110218532778e-05,0.7704918032786885
mtd_ai,200,0.0050499921302529375,0.3,2997.7034331644168,0.05,150,5,0.09833333333333333,1.7642024125347464,4.3116400096983005,0.0,0.27493342259059667,0.00014014335337540008,0.8
mtd_ai,200,0.0050499921302529375,0.3488372093023256,4131.7342487318765,0.1,150,5,0.09833333333333333,1.7642024125347464,4.3116400096983005,0.0,0.27493342259059667,0.00014014335337540008,0.8
mtd_ai,200,0.0050499921302529375,0.3629032258064516,6294.303007058959,0.15,150,5,0.09833333333333333,1.7642024125347464,4.3116400096983005,0.0,0.27493342259059667,0.00014014335337540008,0.8
mtd_ai,200,0.0050499921302529375,0.410958904109589,6836.822898990525,0.2,150,5,0.09833333333333333,1.7642024125347464,4.3116400096983005,0.0,0.27493342259059667,0.00014014335337540008,0.8
mtd_ai,200,0.0050499921302529375,0.436046511627907,7809.953502289738,0.25,150,5,0.09833333333333333,1.7642024125347464,4.3116400096983005,0.0,0.27493342259059667,0.00014014335337540008,0.8
mtd_ai,200,0.005040394537012897,0.2777777777777778,1941.7809608229654,0.05,150,5,0.18444444444444444,2.0422175839017287,5.453238723386759,0.0,0.21764140197010456,6.275294434973621e-05,0.78
mtd_ai,200,0.005040394537012897,0.32608695652173914,3132.689920564816,0.1,150,5,0.18444444444444444,2.0422175839017287,5.453238723386759,0.0,0.21764140197010456,6.275294434973621e-05,0.78
mtd_ai,200,0.005040394537012897,0.36885245901639346,4144.968864507483,0.15,150,5,0.18444444444444444,2.0422175839017287,5.453238723386759,0.0,0.21764140197010456,6.275294434973621e-05,0.78
mtd_ai,200,0.005040394537012897,0.38461538461538464,5252.500579932915,0.2,150,5,0.18444444444444444,2.0422175839017287,5.453238723386759,0.0,0.21764140197010456,6.275294434973621e-05,0.78
mtd_ai,200,0.005040394537012897,0.43103448275862066,5766.502522880138,0.25,150,5,0.18444444444444444,2.0422175839017287,5.453238723386759,0.0,0.21764140197010456,6.275294434973621e-05,0.78
mtd_ai,200,0.005038815404801646,0.26785714285714285,3136.351191758477,0.05,150,5,0.10666666666666667,0.6180301553066249,2.12357992677855,4.689655172413793,0.21903592796036409,8.532103719624338e-05,0.8809523809523809
mtd_ai,200,0.005038815404801646,0.3488372093023256,4307.398113888288,0.1,150,5,0.10666666666666667,0.6180301553066249,2.12357992677855,4.689655172413793,0.21903592796036409,8.532103719624338e-05,0.8809523809523809
mtd_ai,200,0.005038815404801646,0.4411764705882353,4661.006908979934,0.15,150,5,0.10666666666666667,0.6180301553066249,2.12357992677855,4.689655172413793,0.21903592796036409,8.532103719624338e-05,0.8809523809523809
mtd_ai,200,0.005038815404801646,0.46153846153846156,5527.576794431115,0.2,150,5,0.10666666666666667,0.6180301553066249,2.12357992677855,4.689655172413793,0.21903592796036409,8.532103719624338e-05,0.8809523809523809
mtd_ai,200,0.005038815404801646,0.5,6058.733535274632,0.25,150,5,0.10666666666666667,0.6180301553066249,2.12357992677855,4.689655172413793,0.21903592796036409,8.532103719624338e-05,0.8809523809523809
mtd_ai,200,0.005057801546512682,0.2777777777777778,3230.8841954503755,0.05,150,5,0.14666666666666667,0.18086136528132854,0.5916700831891769,0.0,0.25926451723687555,0.00038413665474103747,0.9347826086956522
mtd_ai,200,0.005057801546512682,0.35714285714285715,4191.034883190905,0.1,150,5,0.14666666666666667,0.18086136528132854,0.5916700831891769,0.0,0.25926451723687555,0.00038413665474103747,0.9347826086956522
mtd_ai,200,0.005057801546512682,0.3358208955223881,5468.2696028626615,0.15,150,5,0.14666666666666667,0.18086136528132854,0.5916700831891769,0.0,0.25926451723687555,0.00038413665474103747,0.9347826086956522
mtd_ai,200,0.005057801546512682,0.375,5939.728323354173,0.2,150,5,0.14666666666666667,0.18086136528132854,0.5916700831891769,0.0,0.25926451723687555,0.00038413665474103747,0.9347826086956522
mtd_ai,200,0.005057801546512682,0.39893617021276595,6542.612427990591,0.25,150,5,0.14666666666666667,0.18086136528132854,0.5916700831891769,0.0,0.25926451723687555,0.00038413665474103747,0.9347826086956522
mtd_ai,200,0.005031402849843933,0.25,3749.51674841084,0.05,150,5,0.12,0.2717002384625951,1.0115426326037076,0.0,0.19890947435264078,6.966478873297545e-05,0.7313432835820896
mtd_ai,200,0.005031402849843933,0.3125,5576.455587403154,0.1,150,5,0.12,0.2717002384625951,1.0115426326037076,0.0,0.19890947435264078,6.966478873297545e-05,0.7313432835820896
mtd_ai,200,0.005031402849843933,0.34615384615384615,6482.585472401566,0.15,150,5,0.12,0.2717002384625951,1.0115426326037076,0.0,0.19890947435264078,6.966478873297545e-05,0.7313432835820896
mtd_ai,200,0.005031402849843933,0.379746835443038,7230.915829764715,0.2,150,5,0.12,0.2717002384625951,1.0115426326037076,0.0,0.19890947435264078,6.966478873297545e-05,0.7313432835820896
mtd_ai,200,0.005031402849843933,0.41208791208791207,7808.301111679538,0.25,150,5,0.12,0.2717002384625951,1.0115426326037076,0.0,0.19890947435264078,6.966478873297545e-05,0.7313432835820896
mtd_ai,200,0.005065481170139773,0.3125,2197.1112334427926,0.05,150,5,0.15333333333333332,0.06535206618195058,0.18136022588984643,0.0,0.26735031228058653,0.0005060847111791336,0.8541666666666666
mtd_ai,200,0.005065481170139773,0.32608695652173914,4334.390965107746,0.1,150,5,0.15333333333333332,0.06535206618195058,0.18136022588984643,0.0,0.26735031228058653,0.0005060847111791336,0.8541666666666666
mtd_ai,200,0.005065481170139773,0.3879310344827586,4992.926757010092,0.15,150,5,0.15333333333333332,0.06535206618195058,0.18136022588984643,0.0,0.26735031228058653,0.0005060847111791336,0.8541666666666666
mtd_ai,200,0.005065481170139773,0.39473684210526316,5857.377606809532,0.2,150,5,0.15333333333333332,0.06535206618195058,0.18136022588984643,0.0,0.26735031228058653,0.0005060847111791336,0.8541666666666666
mtd_ai,200,0.005065481170139773,0.436046511627907,6404.721193334105,0.25,150,5,0.15333333333333332,0.06535206618195058,0.18136022588984643,0.0,0.26735031228058653,0.0005060847111791336,0.8541666666666666
mtd_ai,200,0.005047923354292608,0.35714285714285715,2156.120880903218,0.05,150,5,0.09259259259259259,0.4413001331337068,1.9136611942864037,-4.0,0.19966982900619978,8.444392480558937e-05,0.7755102040816326
mtd_ai,200,0.005047923354292608,0.40540540540540543,3215.3545769903685,0.1,150,5,0.09259259259259259,0.4413001331337068,1.9136611942864037,-4.0,0.19966982900619978,8.444392480558937e-05,0.7755102040816326
mtd_ai,200,0.005047923354292608,0.45,4400.064989210738,0.15,150,5,0.09259259259259259,0.4413001331337068,1.9136611942864037,-4.0,0.19966982900619978,8.444392480558937e-05,0.7755102040816326
mtd_ai,200,0.005047923354292608,0.46153846153846156,5589.9354343632485,0.2,150,5,0.09259259259259259,0.4413001331337068,1.9136611942864037,-4.0,0.19966982900619978,8.444392480558937e-05,0.7755102040816326
mtd_ai,200,0.005047923354292608,0.5067567567567568,5973.011160678985,0.25,150,5,0.09259259259259259,0.4413001331337068,1.9136611942864037,-4.0,0.19966982900619978,8.444392480558937e-05,0.7755102040816326
mtd_ai,200,0.005063950292794496,0.32608695652173914,2303.7087057145563,0.05,150,5,0.15222222222222223,0.053359202260566584,0.1508579862899177,0.0,0.16859405189694354,0.00010554008467601096,0.7358490566037735
mtd_ai,200,0.005063950292794496,0.38461538461538464,3177.7471535267914,0.1,150,5,0.15222222222222223,0.053359202260566584,0.1508579862899177,0.0,0.16859405189694354,0.00010554008467601096,0.7358490566037735
mtd_ai,200,0.005063950292794496,0.4166666666666667,4370.370953027234,0.15,150,5,0.15222222222222223,0.053359202260566584,0.1508579862899177,0.0,0.16859405189694354,0.00010554008467601096,0.7358490566037735
mtd_ai,200,0.005063950292794496,0.4411764705882353,5218.099978701057,0.2,150,5,0.15222222222222223,0.053359202260566584,0.1508579862899177,0.0,0.16859405189694354,0.00010554008467601096,0.7358490566037735
mtd_ai,200,0.005063950292794496,0.47468354430379744,5756.78616934262,0.25,150,5,0.15222222222222223,0.053359202260566584,0.1508579862899177,0.0,0.16859405189694354,0.00010554008467601096,0.7358490566037735
mtd_ai,200,0.005071280079029666,0.375,2361.5479000632613,0.05,150,5,0.10833333333333334,0.13766216384761312,0.5493644210620305,0.0,0.14598799126577966,5.040578149819001e-05,0.7872340425531915
mtd_ai,200,0.005071280079029666,0.42857142857142855,3542.2222290232157,0.1,150,5,0.10833333333333334,0.13766216384761312,0.5493644210620305,0.0,0.14598799126577966,5.040578149819001e-05,0.7872340425531915
mtd_ai,200,0.005071280079029666,0.5,4388.669350238717,0.15,150,5,0.10833333333333334,0.13766216384761312,0.5493644210620305,0.0,0.14598799126577966,5.040578149819001e-05,0.7872340425531915
mtd_ai,200,0.005071280079029666,0.5084745762711864,5119.957805160029,0.2,150,5,0.10833333333333334,0.13766216384761312,0.5493644210620305,0.0,0.14598799126577966,5.040578149819001e-05,0.7872340425531915
mtd_ai,200,0.005071280079029666,0.5136986301369864,5874.394613045059,0.25,150,5,0.10833333333333334,0.13766216384761312,0.5493644210620305,0.0,0.14598799126577966,5.040578149819001e-05,0.7872340425531915
mtd_ai,200,0.005065964186600737,0.3,1835.3564641309506,0.05,150,5,0.1761111111111111,0.05626829364900679,0.21684673290152082,0.0,0.15787598166448877,8.835915059369149e-05,0.9069767441860465
mtd_ai,200,0.005065964186600737,0.29411764705882354,3934.981025923741,0.1,150,5,0.1761111111111111,0.05626829364900679,0.21684673290152082,0.0,0.15787598166448877,8.835915059369149e-05,0.9069767441860465
mtd_ai,200,0.005065964186600737,0.3409090909090909,4900.679159220848,0.15,150,5,0.1761111111111111,0.05626829364900679,0.21684673290152082,0.0,0.15787598166448877,8.835915059369149e-05,0.9069767441860465
mtd_ai,200,0.005065964186600737,0.375,5785.047453738518,0.2,150,5,0.1761111111111111,0.05626829364900679,0.21684673290152082,0.0,0.15787598166448877,8.835915059369149e-05,0.9069767441860465
mtd_ai,200,0.005065964186600737,0.4166666666666667,6126.127193102497,0.25,150,5,0.1761111111111111,0.05626829364900679,0.21684673290152082,0.0,0.15787598166448877,8.835915059369149e-05,0.9069767441860465
mtd_ai,200,0.005045591054506148,0.3409090909090909,2265.8439541776106,0.05,150,5,0.12666666666666668,1.231217874120475,4.627376782689143,0.0,0.37397721803814665,0.00013593962740206247,0.7674418604651163
mtd_ai,200,0.005045591054506148,0.4166666666666667,3076.9578688589954,0.1,150,5,0.12666666666666668,1.231217874120475,4.627376782689143,0.0,0.37397721803814665,0.00013593962740206247,0.7674418604651163
mtd_ai,200,0.005045591054506148,0.4411764705882353,4100.414624362107,0.15,150,5,0.12666666666666668,1.231217874120475,4.627376782689143,0.0,0.37397721803814665,0.00013593962740206247,0.7674418604651163
mtd_ai,200,0.005045591054506148,0.47619047619047616,4822.660243027136,0.2,150,5,0.12666666666666668,1.231217874120475,4.627376782689143,0.0,0.37397721803814665,0.00013593962740206247,0.7674418604651163
mtd_ai,200,0.005045591054506148,0.528169014084507,5131.201182375409,0.25,150,5,0.12666666666666668,1.231217874120475,4.627376782689143,0.0,0.37397721803814665,0.00013593962740206247,0.7674418604651163
mtd_ai,200,0.005048192894602238,0.4166666666666667,1724.3828941862666,0.05,150,5,0.14,3.9989557083009664,4.789542380308633,0.0,0.21339291432900642,6.55640138777369e-05,0.8717948717948718
mtd_ai,200,0.005048192894602238,0.4166666666666667,3270.117067574071,0.1,150,5,0.14,3.9989557083009664,4.789542380308633,0.0,0.21339291432900642,6.55640138777369e-05,0.8717948717948718
mtd_ai,200,0.005048192894602238,0.4787234042553192,3834.7415000500114,0.15,150,5,0.14,3.9989557083009664,4.789542380308633,0.0,0.21339291432900642,6.55640138777369e-05,0.8717948717948718
mtd_ai,200,0.005048192894602238,0.5,4591.654034416809,0.2,150,5,0.14,3.9989557083009664,4.789542380308633,0.0,0.21339291432900642,6.55640138777369e-05,0.8717948717948718
mtd_ai,200,0.005048192894602238,0.5357142857142857,5002.654276892672,0.25,150,5,0.14,3.9989557083009664,4.789542380308633,0.0,0.21339291432900642,6.55640138777369e-05,0.8717948717948718
mtd_ai,200,0.005058333884799333,0.4411764705882353,1359.9235046353551,0.05,150,5,0.3333333333333333,0.26196044473681984,0.7827920680152267,-7.05,0.25092881973822007,8.485681254694791e-05,0.8
mtd_ai,200,0.005058333884799333,0.40540540540540543,2915.13222382379,0.1,150,5,0.3333333333333333,0.26196044473681984,0.7827920680152267,-7.05,0.25092881973822007,8.485681254694791e-05,0.8
mtd_ai,200,0.005058333884799333,0.46875,3730.3625188050255,0.15,150,5,0.3333333333333333,0.26196044473681984,0.7827920680152267,-7.05,0.25092881973822007,8.485681254694791e-05,0.8
mtd_ai,200,0.005058333884799333,0.5,4304.145006034951,0.2,150,5,0.3333333333333333,0.26196044473681984,0.7827920680152267,-7.05,0.25092881973822007,8.485681254694791e-05,0.8
mtd_ai,200,0.005058333884799333,0.5136986301369864,4902.773481828012,0.25,150,5,0.3333333333333333,0.26196044473681984,0.7827920680152267,-7.05,0.25092881973822007,8.485681254694791e-05,0.8
mtd_ai,200,0.005057548044019365,0.35714285714285715,1727.706262450347,0.05,150,5,0.15,0.9346308308642817,3.5387240000269644,0.0,0.20546602659722799,7.795133886488449e-05,0.6875
mtd_ai,200,0.005057548044019365,0.40540540540540543,2866.2719723399405,0.1,150,5,0.15,0.9346308308642817,3.5387240000269644,0.0,0.20546602659722799,7.795133886488449e-05,0.6875
mtd_ai,200,0.005057548044019365,0.42452830188679247,3684.496018785563,0.15,150,5,0.15,0.9346308308642817,3.5387240000269644,0.0,0.20546602659722799,7.795133886488449e-05,0.6875
mtd_ai,200,0.005057548044019365,0.44776119402985076,4261.090129003555,0.2,150,5,0.15,0.9346308308642817,3.5387240000269644,0.0,0.20546602659722799,7.795133886488449e-05,0.6875
mtd_ai,200,0.005057548044019365,0.46875,4808.789311638057,0.25,150,5,0.15,0.9346308308642817,3.5387240000269644,0.0,0.20546602659722799,7.795133886488449e-05,0.6875
mtd_ai,200,0.005070598966555814,0.3409090909090909,1869.3247781938549,0.05,150,5,0.2857142857142857,0.07117412582626735,0.1880185963034669,0.0,0.2877964526024442,0.00010028011325347024,0.8181818181818182
mtd_ai,200,0.005070598966555814,0.375,3274.6255052501856,0.1,150,5,0.2857142857142857,0.07117412582626735,0.1880185963034669,0.0,0.2877964526024442,0.00010028011325347024,0.8181818181818182
mtd_ai,200,0.005070598966555814,0.4326923076923077,3844.3428233513473,0.15,150,5,0.2857142857142857,0.07117412582626735,0.1880185963034669,0.0,0.2877964526024442,0.00010028011325347024,0.8181818181818182
mtd_ai,200,0.005070598966555814,0.42857142857142855,5194.577932416528,0.2,150,5,0.2857142857142857,0.07117412582626735,0.1880185963034669,0.0,0.2877964526024442,0.00010028011325347024,0.8181818181818182
mtd_ai,200,0.005070598966555814,0.47468354430379744,5476.785499362477,0.25,150,5,0.2857142857142857,0.07117412582626735,0.1880185963034669,0.0,0.2877964526024442,0.00010028011325347024,0.8181818181818182
mtd_ai,200,0.0050328470307499625,0.35714285714285715,1987.5791421747826,0.05,150,5,0.1530952380952381,1.7189968424813424,4.34486163667482,0.0,0.1627321819458994,6.976433791021528e-05,0.7678571428571429
mtd_ai,200,0.0050328470307499625,0.32608695652173914,4092.0209243702575,0.1,150,5,0.1530952380952381,1.7189968424813424,4.34486163667482,0.0,0.1627321819458994,6.976433791021528e-05,0.7678571428571429
mtd_ai,200,0.0050328470307499625,0.36885245901639346,5137.5067299652765,0.15,150,5,0.1530952380952381,1.7189968424813424,4.34486163667482,0.0,0.1627321819458994,6.976433791021528e-05,0.7678571428571429
mtd_ai,200,0.0050328470307499625,0.35294117647058826,6408.14596431113,0.2,150,5,0.1530952380952381,1.7189968424813424,4.34486163667482,0.0,0.1627321819458994,6.976433791021528e-05,0.7678571428571429
mtd_ai,200,0.0050328470307499625,0.39473684210526316,6843.909469298562,0.25,150,5,0.1530952380952381,1.7189968424813424,4.34486163667482,0.0,0.1627321819458994,6.976433791021528e-05,0.7678571428571429
mtd_ai,200,0.005079519334229676,0.4166666666666667,1909.2262390501237,0.05,150,5,0.13811111111111113,0.4295483222270721,0.29423471594727935,0.0,0.15492286935258845,4.739819588164744e-05,0.7872340425531915
mtd_ai,200,0.005079519334229676,0.4166666666666667,3496.6489543937614,0.1,150,5,0.13811111111111113,0.4295483222270721,0.29423471594727935,0.0,0.15492286935258845,4.739819588164744e-05,0.7872340425531915
mtd_ai,200,0.005079519334229676,0.4891304347826087,4283.495672412742,0.15,150,5,0.13811111111111113,0.4295483222270721,0.29423471594727935,0.0,0.15492286935258845,4.739819588164744e-05,0.7872340425531915
mtd_ai,200,0.005079519334229676,0.5084745762711864,5174.598438632629,0.2,150,5,0.13811111111111113,0.4295483222270721,0.29423471594727935,0.0,0.15492286935258845,4.739819588164744e-05,0.7872340425531915
mtd_ai,200,0.005079519334229676,0.5,5686.594578412833,0.25,150,5,0.13811111111111113,0.4295483222270721,0.29423471594727935,0.0,0.15492286935258845,4.739819588164744e-05,0.7872340425531915
mtd_ai,200,0.005063229227862816,0.35714285714285715,2601.7352899260045,0.05,150,5,0.12333333333333334,0.29149149252184053,1.0299334589083284,0.0,0.41914203558208796,0.00013471303631183462,0.7678571428571429
mtd_ai,200,0.005063229227862816,0.42857142857142855,3825.7499203052116,0.1,150,5,0.12333333333333334,0.29149149252184053,1.0299334589083284,0.0,0.41914203558208796,0.00013471303631183462,0.7678571428571429
mtd_ai,200,0.005063229227862816,0.4891304347826087,4736.249834134771,0.15,150,5,0.12333333333333334,0.29149149252184053,1.0299334589083284,0.0,0.41914203558208796,0.00013471303631183462,0.7678571428571429
mtd_ai,200,0.005063229227862816,0.5,5837.624734013054,0.2,150,5,0.12333333333333334,0.29149149252184053,1.0299334589083284,0.0,0.41914203558208796,0.00013471303631183462,0.7678571428571429
mtd_ai,200,0.005063229227862816,0.4807692307692308,6787.593341996524,0.25,150,5,0.12333333333333334,0.29149149252184053,1.0299334589083284,0.0,0.41914203558208796,0.00013471303631183462,0.7678571428571429
mtd_ai,200,0.0050396775199029005,0.2777777777777778,2713.1176191126815,0.05,150,5,0.08222222222222222,2.0856704968444393,5.542977942881693,0.0,0.16374030553173197,0.0004742113616196526,0.7636363636363637
mtd_ai,200,0.0050396775199029005,0.3125,4593.2539900455195,0.1,150,5,0.08222222222222222,2.0856704968444393,5.542977942881693,0.0,0.16374030553173197,0.0004742113616196526,0.7636363636363637
mtd_ai,200,0.0050396775199029005,0.3813559322033898,5150.252072528778,0.15,150,5,0.08222222222222222,2.0856704968444393,5.542977942881693,0.0,0.16374030553173197,0.0004742113616196526,0.7636363636363637
mtd_ai,200,0.0050396775199029005,0.4166666666666667,5882.510222947596,0.2,150,5,0.08222222222222222,2.0856704968444393,5.542977942881693,0.0,0.16374030553173197,0.0004742113616196526,0.7636363636363637
mtd_ai,200,0.0050396775199029005,0.4411764705882353,6511.605824743925,0.25,150,5,0.08222222222222222,2.0856704968444393,5.542977942881693,0.0,0.16374030553173197,0.0004742113616196526,0.7636363636363637
mtd_ai,200,0.005064737632793313,0.2777777777777778,3196.0859330951803,0.05,150,5,0.11666666666666667,34.11900575046662,3.0248298227859913,0.0,0.20063300137362597,7.015194828268812e-05,0.7543859649122807
mtd_ai,200,0.005064737632793313,0.3333333333333333,4499.689041516063,0.1,150,5,0.11666666666666667,34.11900575046662,3.0248298227859913,0.0,0.20063300137362597,7.015194828268812e-05,0.7543859649122807
mtd_ai,200,0.005064737632793313,0.4090909090909091,5009.17845605015,0.15,150,5,0.11666666666666667,34.11900575046662,3.0248298227859913,0.0,0.20063300137362597,7.015194828268812e-05,0.7543859649122807
mtd_ai,200,0.005064737632793313,0.46153846153846156,5528.928811316784,0.2,150,5,0.11666666666666667,34.11900575046662,3.0248298227859913,0.0,0.20063300137362597,7.015194828268812e-05,0.7543859649122807
mtd_ai,200,0.005064737632793313,0.4166666666666667,6706.402358952191,0.25,150,5,0.11666666666666667,34.11900575046662,3.0248298227859913,0.0,0.20063300137362597,7.015194828268812e-05,0.7543859649122807
mtd_ai,200,0.0050594157338647895,0.21428571428571427,3139.8314646940435,0.05,150,5,0.11,0.008382203150998687,0.024172468958659352,0.0,0.31006682180564593,0.00012576084833503329,0.7833333333333333
mtd_ai,200,0.0050594157338647895,0.2777777777777778,4777.871831529732,0.1,150,5,0.11,0.008382203150998687,0.024172468958659352,0.0,0.31006682180564593,0.00012576084833503329,0.7833333333333333
mtd_ai,200,0.0050594157338647895,0.3358208955223881,5257.699045496327,0.15,150,5,0.11,0.008382203150998687,0.024172468958659352,0.0,0.31006682180564593,0.00012576084833503329,0.7833333333333333
mtd_ai,200,0.0050594157338647895,0.3614457831325301,6282.123598651715,0.2,150,5,0.11,0.008382203150998687,0.024172468958659352,0.0,0.31006682180564593,0.00012576084833503329,0.7833333333333333
mtd_ai,200,0.0050594157338647895,0.3865979381443299,7194.3321576776325,0.25,150,5,0.11,0.008382203150998687,0.024172468958659352,0.0,0.31006682180564593,0.00012576084833503329,0.7833333333333333
mtd_ai,200,0.005082734630404578,0.28846153846153844,2081.433994039011,0.05,150,5,0.14777777777777779,0.4192093711807246,1.0124547725255575,0.0,0.284575480628264,6.977892691690863e-05,0.8536585365853658
mtd_ai,200,0.005082734630404578,0.35714285714285715,3117.3588991365705,0.1,150,5,0.14777777777777779,0.4192093711807246,1.0124547725255575,0.0,0.284575480628264,6.977892691690863e-05,0.8536585365853658
mtd_ai,200,0.005082734630404578,0.4411764705882353,3723.65520055257,0.15,150,5,0.14777777777777779,0.4192093711807246,1.0124547725255575,0.0,0.284575480628264,6.977892691690863e-05,0.8536585365853658
mtd_ai,200,0.005082734630404578,0.43478260869565216,4940.87648908646,0.2,150,5,0.14777777777777779,0.4192093711807246,1.0124547725255575,0.0,0.284575480628264,6.977892691690863e-05,0.8536585365853658
mtd_ai,200,0.005082734630404578,0.47468354430379744,5463.0150303133705,0.25,150,5,0.14777777777777779,0.4192093711807246,1.0124547725255575,0.0,0.284575480628264,6.977892691690863e-05,0.8536585365853658
mtd_ai,200,0.0050702662530772245,0.28846153846153844,2941.7829945677686,0.05,150,5,0.15333333333333335,0.23931451733052023,1.0622069468645536,0.0,0.2535613685368204,0.0003362191302910018,0.78
mtd_ai,200,0.0050702662530772245,0.3333333333333333,4585.436925135427,0.1,150,5,0.15333333333333335,0.23931451733052023,1.0622069468645536,0.0,0.2535613685368204,0.0003362191302910018,0.78
mtd_ai,200,0.0050702662530772245,0.39473684210526316,5601.241441453051,0.15,150,5,0.15333333333333335,0.23931451733052023,1.0622069468645536,0.0,0.2535613685368204,0.0003362191302910018,0.78
mtd_ai,200,0.0050702662530772245,0.44776119402985076,6023.069633444228,0.2,150,5,0.15333333333333335,0.23931451733052023,1.0622069468645536,0.0,0.2535613685368204,0.0003362191302910018,0.78
mtd_ai,200,0.0050702662530772245,0.487012987012987,6385.601275699567,0.25,150,5,0.15333333333333335,0.23931451733052023,1.0622069468645536,0.0,0.2535613685368204,0.0003362191302910018,0.78
mtd_ai,200,0.005036854699210292,0.26785714285714285,2468.442363288099,0.05,150,5,0.12333333333333334,1.254906757262766,1.790368194165884,0.0,0.2804007077254125,9.252768971084099e-05,0.8461538461538461
mtd_ai,200,0.005036854699210292,0.30612244897959184,4716.073234273863,0.1,150,5,0.12333333333333334,1.254906757262766,1.790368194165884,0.0,0.2804007077254125,9.252768971084099e-05,0.8461538461538461
mtd_ai,200,0.005036854699210292,0.3813559322033898,5334.569243812405,0.15,150,5,0.12333333333333334,1.254906757262766,1.790368194165884,0.0,0.2804007077254125,9.252768971084099e-05,0.8461538461538461
mtd_ai,200,0.005036854699210292,0.379746835443038,6567.972670837103,0.2,150,5,0.12333333333333334,1.254906757262766,1.790368194165884,0.0,0.2804007077254125,9.252768971084099e-05,0.8461538461538461
mtd_ai,200,0.005036854699210292,0.4166666666666667,7073.66937679236,0.25,150,5,0.12333333333333334,1.254906757262766,1.790368194165884,0.0,0.2804007077254125,9.252768971084099e-05,0.8461538461538461
mtd_ai,200,0.0051143234749696075,0.4411764705882353,1380.8059969340184,0.05,150,5,0.13916666666666666,1.2337645496148817,3.5124284991855355,0.0,0.26560332344900206,0.0001357699417463058,0.7647058823529411
mtd_ai,200,0.0051143234749696075,0.5555555555555556,1765.7933282698843,0.1,150,5,0.13916666666666666,1.2337645496148817,3.5124284991855355,0.0,0.26560332344900206,0.0001357699417463058,0.7647058823529411
mtd_ai,200,0.0051143234749696075,0.6081081081081081,2625.055215270657,0.15,150,5,0.13916666666666666,1.2337645496148817,3.5124284991855355,0.0,0.26560332344900206,0.0001357699417463058,0.7647058823529411
mtd_ai,200,0.0051143234749696075,0.5769230769230769,3714.350382447761,0.2,150,5,0.13916666666666666,1.2337645496148817,3.5124284991855355,0.0,0.26560332344900206,0.0001357699417463058,0.7647058823529411
mtd_ai,200,0.0051143234749696075,0.6147540983606558,4115.327120352191,0.25,150,5,0.13916666666666666,1.2337645496148817,3.5124284991855355,0.0,0.26560332344900206,0.0001357699417463058,0.7647058823529411
mtd_ai,200,0.0050334987859432575,0.32608695652173914,2206.0839886183303,0.05,150,5,0.12111111111111111,0.20878130835395195,0.839495244098932,0.0,0.1440910093194838,5.68221425819786e-05,0.8064516129032258
mtd_ai,200,0.0050334987859432575,0.36585365853658536,3722.1446810840343,0.1,150,5,0.12111111111111111,0.20878130835395195,0.839495244098932,0.0,0.1440910093194838,5.68221425819786e-05,0.8064516129032258
mtd_ai,200,0.0050334987859432575,0.3629032258064516,5281.810998158615,0.15,150,5,0.12111111111111111,0.20878130835395195,0.839495244098932,0.0,0.1440910093194838,5.68221425819786e-05,0.8064516129032258
mtd_ai,200,0.0050334987859432575,0.32967032967032966,6739.323563590534,0.2,150,5,0.12111111111111111,0.20878130835395195,0.839495244098932,0.0,0.1440910093194838,5.68221425819786e-05,0.8064516129032258
mtd_ai,200,0.0050334987859432575,0.3472222222222222,7870.2213274319065,0.25,150,5,0.12111111111111111,0.20878130835395195,0.839495244098932,0.0,0.1440910093194838,5.68221425819786e-05,0.8064516129032258
mtd_ai,200,0.005076127870949574,0.46875,1099.088311860533,0.05,150,5,0.25,0.9502661008674199,3.951220429380408,0.0,0.1739938863843355,7.643082369719484e-05,0.7551020408163265
mtd_ai,200,0.005076127870949574,0.5,2347.4059501466463,0.1,150,5,0.25,0.9502661008674199,3.951220429380408,0.0,0.1739938863843355,7.643082369719484e-05,0.7551020408163265
mtd_ai,200,0.005076127870949574,0.5232558139534884,3527.5366924221967,0.15,150,5,0.25,0.9502661008674199,3.951220429380408,0.0,0.1739938863843355,7.643082369719484e-05,0.7551020408163265
mtd_ai,200,0.005076127870949574,0.5084745762711864,4984.074183939314,0.2,150,5,0.25,0.9502661008674199,3.951220429380408,0.0,0.1739938863843355,7.643082369719484e-05,0.7551020408163265
mtd_ai,200,0.005076127870949574,0.5136986301369864,5922.615172090953,0.25,150,5,0.25,0.9502661008674199,3.951220429380408,0.0,0.1739938863843355,7.643082369719484e-05,0.7551020408163265
mtd_ai,200,0.0050781374107268466,0.2777777777777778,3155.8630913778666,0.05,150,5,0.26666666666666666,0.7667270838256673,3.2340998360806688,0.0,0.13158213891868553,8.623868778384977e-05,0.7142857142857143
mtd_ai,200,0.0050781374107268466,0.375,3782.090787971661,0.1,150,5,0.26666666666666666,0.7667270838256673,3.2340998360806688,0.0,0.13158213891868553,8.623868778384977e-05,0.7142857142857143
mtd_ai,200,0.0050781374107268466,0.42452830188679247,5152.865554174481,0.15,150,5,0.26666666666666666,0.7667270838256673,3.2340998360806688,0.0,0.13158213891868553,8.623868778384977e-05,0.7142857142857143
mtd_ai,200,0.0050781374107268466,0.4838709677419355,5530.024816885902,0.2,150,5,0.26666666666666666,0.7667270838256673,3.2340998360806688,0.0,0.13158213891868553,8.623868778384977e-05,0.7142857142857143
mtd_ai,200,0.0050781374107268466,0.5357142857142857,5728.511054353627,0.25,150,5,0.26666666666666666,0.7667270838256673,3.2340998360806688,0.0,0.13158213891868553,8.623868778384977e-05,0.7142857142857143
mtd_ai,200,0.005081479183027327,0.375,2212.850546246801,0.05,150,5,0.13666666666666663,0.6729354327966666,3.010158027290816,0.0,0.3089541975493207,8.309272571147108e-05,0.7058823529411765
mtd_ai,200,0.005081479183027327,0.4411764705882353,3432.2130740053162,0.1,150,5,0.13666666666666663,0.6729354327966666,3.010158027290816,0.0,0.3089541975493207,8.309272571147108e-05,0.7058823529411765
mtd_ai,200,0.005081479183027327,0.4787234042553192,4343.853627266597,0.15,150,5,0.13666666666666663,0.6729354327966666,3.010158027290816,0.0,0.3089541975493207,8.309272571147108e-05,0.7058823529411765
mtd_ai,200,0.005081479183027327,0.5,5054.0726453834195,0.2,150,5,0.13666666666666663,0.6729354327966666,3.010158027290816,0.0,0.3089541975493207,8.309272571147108e-05,0.7058823529411765
mtd_ai,200,0.005081479183027327,0.528169014084507,5680.18975543395,0.25,150,5,0.13666666666666663,0.6729354327966666,3.010158027290816,0.0,0.3089541975493207,8.309272571147108e-05,0.7058823529411765
mtd_ai,200,0.005079285126461519,0.3125,2189.90998210585,0.05,150,5,0.12,2.644869933751692,3.4967690008616983,0.0,0.13922373883151612,5.4984771908345986e-05,0.7346938775510204
mtd_ai,200,0.005079285126461519,0.3409090909090909,3486.7117540473573,0.1,150,5,0.12,2.644869933751692,3.4967690008616983,0.0,0.13922373883151612,5.4984771908345986e-05,0.7346938775510204
mtd_ai,200,0.005079285126461519,0.4090909090909091,4172.298207600461,0.15,150,5,0.12,2.644869933751692,3.4967690008616983,0.0,0.13922373883151612,5.4984771908345986e-05,0.7346938775510204
mtd_ai,200,0.005079285126461519,0.44776119402985076,4817.464035234179,0.2,150,5,0.12,2.644869933751692,3.4967690008616983,0.0,0.13922373883151612,5.4984771908345986e-05,0.7346938775510204
mtd_ai,200,0.005079285126461519,0.47468354430379744,5479.030129011253,0.25,150,5,0.12,2.644869933751692,3.4967690008616983,0.0,0.13922373883151612,5.4984771908345986e-05,0.7346938775510204
mtd_ai,200,0.005059796157347431,0.28846153846153844,2913.605845856543,0.05,150,5,0.06,14.132395127060072,5.212970726619462,0.0,0.17454474339634177,5.184145674210326e-05,0.8048780487804879
mtd_ai,200,0.005059796157347431,0.4166666666666667,3371.1306106623997,0.1,150,5,0.06,14.132395127060072,5.212970726619462,0.0,0.17454474339634177,5.184145674210326e-05,0.8048780487804879
mtd_ai,200,0.005059796157347431,0.4891304347826087,3981.365335541652,0.15,150,5,0.06,14.132395127060072,5.212970726619462,0.0,0.17454474339634177,5.184145674210326e-05,0.8048780487804879
mtd_ai,200,0.005059796157347431,0.5263157894736842,4463.655294376047,0.2,150,5,0.06,14.132395127060072,5.212970726619462,0.0,0.17454474339634177,5.184145674210326e-05,0.8048780487804879
mtd_ai,200,0.005059796157347431,0.5597014925373134,5039.855921383724,0.25,150,5,0.06,14.132395127060072,5.212970726619462,0.0,0.17454474339634177,5.184145674210326e-05,0.8048780487804879
mtd_ai,200,0.005063906902201908,0.3,2749.071012293871,0.05,150,5,0.16111111111111112,0.3691165093119652,1.6585037150102235,0.0,0.16549015065194778,6.814952889578149e-05,0.7959183673469388
mtd_ai,200,0.005063906902201908,0.36585365853658536,4239.395949067692,0.1,150,5,0.16111111111111112,0.3691165093119652,1.6585037150102235,0.0,0.16549015065194778,6.814952889578149e-05,0.7959183673469388
mtd_ai,200,0.005063906902201908,0.4411764705882353,4563.625315311538,0.15,150,5,0.16111111111111112,0.3691165093119652,1.6585037150102235,0.0,0.16549015065194778,6.814952889578149e-05,0.7959183673469388
mtd_ai,200,0.005063906902201908,0.46153846153846156,5096.674895495318,0.2,150,5,0.16111111111111112,0.3691165093119652,1.6585037150102235,0.0,0.16549015065194778,6.814952889578149e-05,0.7959183673469388
mtd_ai,200,0.005063906902201908,0.46296296296296297,6128.064572868743,0.25,150,5,0.16111111111111112,0.3691165093119652,1.6585037150102235,0.0,0.16549015065194778,6.814952889578149e-05,0.7959183673469388
mtd_ai,200,0.005078961626071049,0.375,1726.6725114026394,0.05,150,5,0.15333333333333332,1.1479895216052731,4.387306684888563,0.0,0.15412818163655506,7.188991349493317e-05,0.85
mtd_ai,200,0.005078961626071049,0.39473684210526316,3128.5214017501357,0.1,150,5,0.15333333333333332,1.1479895216052731,4.387306684888563,0.0,0.15412818163655506,7.188991349493317e-05,0.85
mtd_ai,200,0.005078961626071049,0.4326923076923077,4301.713829276274,0.15,150,5,0.15333333333333332,1.1479895216052731,4.387306684888563,0.0,0.15412818163655506,7.188991349493317e-05,0.85
mtd_ai,200,0.005078961626071049,0.43478260869565216,5027.270265767125,0.2,150,5,0.15333333333333332,1.1479895216052731,4.387306684888563,0.0,0.15412818163655506,7.188991349493317e-05,0.85
mtd_ai,200,0.005078961626071049,0.4807692307692308,5424.651372031756,0.25,150,5,0.15333333333333332,1.1479895216052731,4.387306684888563,0.0,0.15412818163655506,7.188991349493317e-05,0.85
mtd_ai,200,0.00507020079852033,0.35714285714285715,1834.0497670576488,0.05,150,5,0.12944444444444445,0.7331622689933395,1.393643535045211,0.0,0.38343818251626827,0.0007211483861798594,0.782608695652174
mtd_ai,200,0.00507020079852033,0.3488372093023256,3837.458405833431,0.1,150,5,0.12944444444444445,0.7331622689933395,1.393643535045211,0.0,0.38343818251626827,0.0007211483861798594,0.782608695652174
mtd_ai,200,0.00507020079852033,0.39473684210526316,4778.481303044669,0.15,150,5,0.12944444444444445,0.7331622689933395,1.393643535045211,0.0,0.38343818251626827,0.0007211483861798594,0.782608695652174
mtd_ai,200,0.00507020079852033,0.43478260869565216,5277.518581353161,0.2,150,5,0.12944444444444445,0.7331622689933395,1.393643535045211,0.0,0.38343818251626827,0.0007211483861798594,0.782608695652174
mtd_ai,200,0.00507020079852033,0.4807692307692308,5805.308629701316,0.25,150,5,0.12944444444444445,0.7331622689933395,1.393643535045211,0.0,0.38343818251626827,0.0007211483861798594,0.782608695652174
mtd_ai,200,0.005055007451230765,0.2777777777777778,2796.5150165695313,0.05,150,5,0.105,0.3291509812792118,1.369526078914603,0.0,0.20272782355970495,0.00039549936414236405,0.7291666666666666
mtd_ai,200,0.005055007451230765,0.3488372093023256,3662.2504101790983,0.1,150,5,0.105,0.3291509812792118,1.369526078914603,0.0,0.20272782355970495,0.00039549936414236405,0.7291666666666666
mtd_ai,200,0.005055007451230765,0.39473684210526316,4769.009324890134,0.15,150,5,0.105,0.3291509812792118,1.369526078914603,0.0,0.20272782355970495,0.00039549936414236405,0.7291666666666666
mtd_ai,200,0.005055007451230765,0.44776119402985076,5191.195683696475,0.2,150,5,0.105,0.3291509812792118,1.369526078914603,0.0,0.20272782355970495,0.00039549936414236405,0.7291666666666666
mtd_ai,200,0.005055007451230765,0.4934210526315789,5495.890607658277,0.25,150,5,0.105,0.3291509812792118,1.369526078914603,0.0,0.20272782355970495,0.00039549936414236405,0.7291666666666666
mtd_ai,200,0.005062016789787871,0.26785714285714285,3641.882931430978,0.05,150,5,0.21492063492063493,0.510583213644953,2.1892611233547585,0.0,0.21861415433764705,0.00010052419834616553,0.7333333333333333
mtd_ai,200,0.005062016789787871,0.3333333333333333,5047.116640533939,0.1,150,5,0.21492063492063493,0.510583213644953,2.1892611233547585,0.0,0.21861415433764705,0.00010052419834616553,0.7333333333333333
mtd_ai,200,0.005062016789787871,0.4017857142857143,5707.473732907813,0.15,150,5,0.21492063492063493,0.510583213644953,2.1892611233547585,0.0,0.21861415433764705,0.00010052419834616553,0.7333333333333333
mtd_ai,200,0.005062016789787871,0.4411764705882353,6515.517295490131,0.2,150,5,0.21492063492063493,0.510583213644953,2.1892611233547585,0.0,0.21861415433764705,0.00010052419834616553,0.7333333333333333
mtd_ai,200,0.005062016789787871,0.46875,7062.612319772128,0.25,150,5,0.21492063492063493,0.510583213644953,2.1892611233547585,0.0,0.21861415433764705,0.00010052419834616553,0.7333333333333333
mtd_ai,200,0.005061033566209443,0.25,3901.6226965874994,0.05,150,5,0.155,0.7534283631906626,2.658281418273603,0.0,0.2384534089651272,9.759106903746226e-05,0.75
mtd_ai,200,0.005061033566209443,0.3409090909090909,4780.00258953785,0.1,150,5,0.155,0.7534283631906626,2.658281418273603,0.0,0.2384534089651272,9.759106903746226e-05,0.75
mtd_ai,200,0.005061033566209443,0.4090909090909091,5372.865683060012,0.15,150,5,0.155,0.7534283631906626,2.658281418273603,0.0,0.2384534089651272,9.759106903746226e-05,0.75
mtd_ai,200,0.005061033566209443,0.39473684210526316,6078.952961988615,0.2,150,5,0.155,0.7534283631906626,2.658281418273603,0.0,0.2384534089651272,9.759106903746226e-05,0.75
mtd_ai,200,0.005061033566209443,0.4076086956521739,6713.781644328465,0.25,150,5,0.155,0.7534283631906626,2.658281418273603,0.0,0.2384534089651272,9.759106903746226e-05,0.75
mtd_ai,200,0.005068396484211419,0.3409090909090909,2191.890496388117,0.05,150,5,0.1497777777777778,0.6538241111352487,2.3412188873473005,0.0,0.2248870409842617,0.00040697911970747047,0.74
mtd_ai,200,0.005068396484211419,0.4166666666666667,3135.930457016897,0.1,150,5,0.1497777777777778,0.6538241111352487,2.3412188873473005,0.0,0.2248870409842617,0.00040697911970747047,0.74
mtd_ai,200,0.005068396484211419,0.45,4273.720058374027,0.15,150,5,0.1497777777777778,0.6538241111352487,2.3412188873473005,0.0,0.2248870409842617,0.00040697911970747047,0.74
mtd_ai,200,0.005068396484211419,0.45454545454545453,5463.573124887975,0.2,150,5,0.1497777777777778,0.6538241111352487,2.3412188873473005,0.0,0.2248870409842617,0.00040697911970747047,0.74
mtd_ai,200,0.005068396484211419,0.487012987012987,5812.983591142704,0.25,150,5,0.1497777777777778,0.6538241111352487,2.3412188873473005,0.0,0.2248870409842617,0.00040697911970747047,0.74
mtd_ai,200,0.005037652881870722,0.3,1898.1472919712999,0.05,150,5,0.12222222222222223,0.9327546546387742,3.3652874288798538,0.0,0.2683413819054899,0.00010201838085703825,0.7017543859649122
mtd_ai,200,0.005037652881870722,0.3191489361702128,4029.8009195860077,0.1,150,5,0.12222222222222223,0.9327546546387742,3.3652874288798538,0.0,0.2683413819054899,0.00010201838085703825,0.7017543859649122
mtd_ai,200,0.005037652881870722,0.36885245901639346,5007.152056716488,0.15,150,5,0.12222222222222223,0.9327546546387742,3.3652874288798538,0.0,0.2683413819054899,0.00010201838085703825,0.7017543859649122
mtd_ai,200,0.005037652881870722,0.39473684210526316,5733.180165917363,0.2,150,5,0.12222222222222223,0.9327546546387742,3.3652874288798538,0.0,0.2683413819054899,0.00010201838085703825,0.7017543859649122
mtd_ai,200,0.005037652881870722,0.42134831460674155,6306.5370323527095,0.25,150,5,0.12222222222222223,0.9327546546387742,3.3652874288798538,0.0,0.2683413819054899,0.00010201838085703825,0.7017543859649122
mtd_ai,200,0.005094086422279916,0.46875,1219.017407364738,0.05,150,5,0.11911111111111111,0.826398603127019,2.284649808445896,0.0,0.15278074658974744,5.1493616101826155e-05,0.9142857142857143
mtd_ai,200,0.005094086422279916,0.46875,2313.2914866478204,0.1,150,5,0.11911111111111111,0.826398603127019,2.284649808445896,0.0,0.15278074658974744,5.1493616101826155e-05,0.9142857142857143
mtd_ai,200,0.005094086422279916,0.4411764705882353,3123.1209656445762,0.15,150,5,0.11911111111111111,0.826398603127019,2.284649808445896,0.0,0.15278074658974744,5.1493616101826155e-05,0.9142857142857143
mtd_ai,200,0.005094086422279916,0.4411764705882353,4233.335935199406,0.2,150,5,0.11911111111111111,0.826398603127019,2.284649808445896,0.0,0.15278074658974744,5.1493616101826155e-05,0.9142857142857143
mtd_ai,200,0.005094086422279916,0.44642857142857145,4778.427685793759,0.25,150,5,0.11911111111111111,0.826398603127019,2.284649808445896,0.0,0.15278074658974744,5.1493616101826155e-05,0.9142857142857143
mtd_ai,200,0.0050422209060154224,0.5,1449.7813470603933,0.05,150,5,0.19,0.21091686807747925,0.7637446850257005,2.935483870967742,0.277578527242793,9.570966726953338e-05,0.8043478260869565
mtd_ai,200,0.0050422209060154224,0.3333333333333333,3826.6942039885434,0.1,150,5,0.19,0.21091686807747925,0.7637446850257005,2.935483870967742,0.277578527242793,9.570966726953338e-05,0.8043478260869565
mtd_ai,200,0.0050422209060154224,0.3813559322033898,4452.040837026739,0.15,150,5,0.19,0.21091686807747925,0.7637446850257005,2.935483870967742,0.277578527242793,9.570966726953338e-05,0.8043478260869565
mtd_ai,200,0.0050422209060154224,0.4,5099.065016788494,0.2,150,5,0.19,0.21091686807747925,0.7637446850257005,2.935483870967742,0.277578527242793,9.570966726953338e-05,0.8043478260869565
mtd_ai,200,0.0050422209060154224,0.43103448275862066,5689.08114676241,0.25,150,5,0.19,0.21091686807747925,0.7637446850257005,2.935483870967742,0.277578527242793,9.570966726953338e-05,0.8043478260869565
mtd_ai,200,0.005057618521625511,0.4166666666666667,1135.6491529770694,0.05,150,5,0.14666666666666667,0.3875956244266362,0.9281396623042101,0.0,0.3287360650193695,0.000721946597264382,0.8918918918918919
mtd_ai,200,0.005057618521625511,0.39473684210526316,3046.65663162936,0.1,150,5,0.14666666666666667,0.3875956244266362,0.9281396623042101,0.0,0.3287360650193695,0.000721946597264382,0.8918918918918919
mtd_ai,200,0.005057618521625511,0.46875,3474.101573352026,0.15,150,5,0.14666666666666667,0.3875956244266362,0.9281396623042101,0.0,0.3287360650193695,0.000721946597264382,0.8918918918918919
mtd_ai,200,0.005057618521625511,0.4918032786885246,4422.471182893676,0.2,150,5,0.14666666666666667,0.3875956244266362,0.9281396623042101,0.0,0.3287360650193695,0.000721946597264382,0.8918918918918919
mtd_ai,200,0.005057618521625511,0.528169014084507,5010.247285381076,0.25,150,5,0.14666666666666667,0.3875956244266362,0.9281396623042101,0.0,0.3287360650193695,0.000721946597264382,0.8918918918918919
mtd_ai,200,0.005068164397163253,0.35714285714285715,1996.3313926596668,0.05,150,5,0.132,0.5929446047740664,1.883551866711439,0.0,0.15354479136187696,6.912869110824909e-05,0.90625
mtd_ai,200,0.005068164397163253,0.45454545454545453,2697.3535137548533,0.1,150,5,0.132,0.5929446047740664,1.883551866711439,0.0,0.15354479136187696,6.912869110824909e-05,0.90625
mtd_ai,200,0.005068164397163253,0.5232558139534884,3287.377855194125,0.15,150,5,0.132,0.5929446047740664,1.883551866711439,0.0,0.15354479136187696,6.912869110824909e-05,0.90625
mtd_ai,200,0.005068164397163253,0.5454545454545454,3841.7202867972596,0.2,150,5,0.132,0.5929446047740664,1.883551866711439,0.0,0.15354479136187696,6.912869110824909e-05,0.90625
mtd_ai,200,0.005068164397163253,0.5769230769230769,4262.371704805394,0.25,150,5,0.132,0.5929446047740664,1.883551866711439,0.0,0.15354479136187696,6.912869110824909e-05,0.90625
mtd_ai,200,0.005041750516646881,0.4166666666666667,1792.3712270084266,0.05,150,5,0.24484656084656084,0.8932773472238851,3.6477776862699045,0.0,0.2266148638777022,6.649718541658893e-05,0.7
mtd_ai,200,0.005041750516646881,0.4411764705882353,2896.8677597908713,0.1,150,5,0.24484656084656084,0.8932773472238851,3.6477776862699045,0.0,0.2266148638777022,6.649718541658893e-05,0.7
mtd_ai,200,0.005041750516646881,0.5113636363636364,3605.922965627004,0.15,150,5,0.24484656084656084,0.8932773472238851,3.6477776862699045,0.0,0.2266148638777022,6.649718541658893e-05,0.7
mtd_ai,200,0.005041750516646881,0.5084745762711864,4505.755616925424,0.2,150,5,0.24484656084656084,0.8932773472238851,3.6477776862699045,0.0,0.2266148638777022,6.649718541658893e-05,0.7
mtd_ai,200,0.005041750516646881,0.5208333333333334,5445.465595115151,0.25,150,5,0.24484656084656084,0.8932773472238851,3.6477776862699045,0.0,0.2266148638777022,6.649718541658893e-05,0.7
mtd_ai,200,0.005056951814781177,0.20833333333333334,3048.7281116156405,0.05,150,5,0.14188888888888887,1.7773595557303665,4.947765554656623,0.0,0.12710687666477744,6.055003997259753e-05,0.8545454545454545
mtd_ai,200,0.005056951814781177,0.25,4686.59537790519,0.1,150,5,0.14188888888888887,1.7773595557303665,4.947765554656623,0.0,0.12710687666477744,6.055003997259753e-05,0.8545454545454545
mtd_ai,200,0.005056951814781177,0.30405405405405406,5410.880459778101,0.15,150,5,0.14188888888888887,1.7773595557303665,4.947765554656623,0.0,0.12710687666477744,6.055003997259753e-05,0.8545454545454545
mtd_ai,200,0.005056951814781177,0.3333333333333333,6488.238811993967,0.2,150,5,0.14188888888888887,1.7773595557303665,4.947765554656623,0.0,0.12710687666477744,6.055003997259753e-05,0.8545454545454545
mtd_ai,200,0.005056951814781177,0.375,7409.59195732257,0.25,150,5,0.14188888888888887,1.7773595557303665,4.947765554656623,0.0,0.12710687666477744,6.055003997259753e-05,0.8545454545454545
mtd_ai,200,0.005062913281062752,0.26785714285714285,3640.148901496892,0.05,150,5,0.23076923076923078,0.8048103789694757,2.3770739937894123,0.0,0.32620182527316294,0.00010273888034546319,0.8367346938775511
mtd_ai,200,0.005062913281062752,0.3409090909090909,4973.69923294004,0.1,150,5,0.23076923076923078,0.8048103789694757,2.3770739937894123,0.0,0.32620182527316294,0.00010273888034546319,0.8367346938775511
mtd_ai,200,0.005062913281062752,0.4017857142857143,5485.1242146150435,0.15,150,5,0.23076923076923078,0.8048103789694757,2.3770739937894123,0.0,0.32620182527316294,0.00010273888034546319,0.8367346938775511
mtd_ai,200,0.005062913281062752,0.4411764705882353,6016.334316664605,0.2,150,5,0.23076923076923078,0.8048103789694757,2.3770739937894123,0.0,0.32620182527316294,0.00010273888034546319,0.8367346938775511
mtd_ai,200,0.005062913281062752,0.47468354430379744,6561.1975621528,0.25,150,5,0.23076923076923078,0.8048103789694757,2.3770739937894123,0.0,0.32620182527316294,0.00010273888034546319,0.8367346938775511
mtd_ai,200,0.005072990874406227,0.35714285714285715,1762.5207156530394,0.05,150,5,0.13644444444444442,1.1958423745389977,3.841189115631725,0.0,0.09158758636358193,0.00034312530813044884,0.8
mtd_ai,200,0.005072990874406227,0.4411764705882353,2632.0922437933477,0.1,150,5,0.13644444444444442,1.1958423745389977,3.841189115631725,0.0,0.09158758636358193,0.00034312530813044884,0.8
mtd_ai,200,0.005072990874406227,0.45918367346938777,3564.3847812034082,0.15,150,5,0.13644444444444442,1.1958423745389977,3.841189115631725,0.0,0.09158758636358193,0.00034312530813044884,0.8
mtd_ai,200,0.005072990874406227,0.4411764705882353,4542.70485168092,0.2,150,5,0.13644444444444442,1.1958423745389977,3.841189115631725,0.0,0.09158758636358193,0.00034312530813044884,0.8
mtd_ai,200,0.005072990874406227,0.45180722891566266,5547.176488227654,0.25,150,5,0.13644444444444442,1.1958423745389977,3.841189115631725,0.0,0.09158758636358193,0.00034312530813044884,0.8
mtd_ai,200,0.005044635952714642,0.22727272727272727,3003.1615129141637,0.05,150,5,0.20393650793650792,0.9072369149191761,1.9757147030916968,0.0,0.22776916788955923,8.743419520380478e-05,0.8125
mtd_ai,200,0.005044635952714642,0.22727272727272727,4642.037534992125,0.1,150,5,0.20393650793650792,0.9072369149191761,1.9757147030916968,0.0,0.22776916788955923,8.743419520380478e-05,0.8125
mtd_ai,200,0.005044635952714642,0.22959183673469388,7145.9232581004135,0.15,150,5,0.20393650793650792,0.9072369149191761,1.9757147030916968,0.0,0.22776916788955923,8.743419520380478e-05,0.8125
mtd_ai,200,0.005044635952714642,0.27522935779816515,7756.477845210416,0.2,150,5,0.20393650793650792,0.9072369149191761,1.9757147030916968,0.0,0.22776916788955923,8.743419520380478e-05,0.8125
mtd_ai,200,0.005044635952714642,0.31512605042016806,8174.39863235555,0.25,150,5,0.20393650793650792,0.9072369149191761,1.9757147030916968,0.0,0.22776916788955923,8.743419520380478e-05,0.8125
mtd_ai,200,0.005068956464266299,0.35714285714285715,2402.573298508064,0.05,150,5,0.147,0.16676660446542266,0.35424173474481596,0.0,0.3102774039081323,0.0005003724822767189,0.7321428571428571
mtd_ai,200,0.005068956464266299,0.38461538461538464,3708.812046811378,0.1,150,5,0.147,0.16676660446542266,0.35424173474481596,0.0,0.3102774039081323,0.0005003724822767189,0.7321428571428571
mtd_ai,200,0.005068956464266299,0.4090909090909091,4832.004339515328,0.15,150,5,0.147,0.16676660446542266,0.35424173474481596,0.0,0.3102774039081323,0.0005003724822767189,0.7321428571428571
mtd_ai,200,0.005068956464266299,0.46153846153846156,5143.591792794197,0.2,150,5,0.147,0.16676660446542266,0.35424173474481596,0.0,0.3102774039081323,0.0005003724822767189,0.7321428571428571
mtd_ai,200,0.005068956464266299,0.4807692307692308,6136.95800541905,0.25,150,5,0.147,0.16676660446542266,0.35424173474481596,0.0,0.3102774039081323,0.0005003724822767189,0.7321428571428571
mtd_ai,200,0.0050457728950892445,0.32608695652173914,1846.6952678074356,0.05,150,5,0.13333333333333333,0.407289107269678,1.2660909160070768,0.0,0.11914982987913762,0.0003857736840845815,0.8444444444444444
mtd_ai,200,0.0050457728950892445,0.40540540540540543,2921.7153651611916,0.1,150,5,0.13333333333333333,0.407289107269678,1.2660909160070768,0.0,0.11914982987913762,0.0003857736840845815,0.8444444444444444
mtd_ai,200,0.0050457728950892445,0.4411764705882353,3994.274287736689,0.15,150,5,0.13333333333333333,0.407289107269678,1.2660909160070768,0.0,0.11914982987913762,0.0003857736840845815,0.8444444444444444
mtd_ai,200,0.0050457728950892445,0.47619047619047616,4644.8543591054095,0.2,150,5,0.13333333333333333,0.407289107269678,1.2660909160070768,0.0,0.11914982987913762,0.0003857736840845815,0.8444444444444444
mtd_ai,200,0.0050457728950892445,0.5067567567567568,5621.009935915748,0.25,150,5,0.13333333333333333,0.407289107269678,1.2660909160070768,0.0,0.11914982987913762,0.0003857736840845815,0.8444444444444444
mtd_ai,200,0.0050538742555810276,0.32608695652173914,1754.526629159005,0.05,150,5,0.12,1.293860906964725,4.09474219054202,0.0,0.22463549838577762,0.00010178653157623265,0.7058823529411765
mtd_ai,200,0.0050538742555810276,0.38461538461538464,2984.8316167160983,0.1,150,5,0.12,1.293860906964725,4.09474219054202,0.0,0.22463549838577762,0.00010178653157623265,0.7058823529411765
mtd_ai,200,0.0050538742555810276,0.3813559322033898,4995.452183893714,0.15,150,5,0.12,1.293860906964725,4.09474219054202,0.0,0.22463549838577762,0.00010178653157623265,0.7058823529411765
mtd_ai,200,0.0050538742555810276,0.3225806451612903,6678.257364036957,0.2,150,5,0.12,1.293860906964725,4.09474219054202,0.0,0.22463549838577762,0.00010178653157623265,0.7058823529411765
mtd_ai,200,0.0050538742555810276,0.3409090909090909,7541.0748393300255,0.25,150,5,0.12,1.293860906964725,4.09474219054202,0.0,0.22463549838577762,0.00010178653157623265,0.7058823529411765
mtd_ai,200,0.005033850909652631,0.25,2863.426440046343,0.05,150,5,0.1388888888888889,0.7416318281225037,2.9400033923579336,0.0,0.19270194818636,0.0003012070970344955,0.803921568627451
mtd_ai,200,0.005033850909652631,0.3409090909090909,3649.6854933448108,0.1,150,5,0.1388888888888889,0.7416318281225037,2.9400033923579336,0.0,0.19270194818636,0.0003012070970344955,0.803921568627451
mtd_ai,200,0.005033850909652631,0.4090909090909091,4033.6671386899957,0.15,150,5,0.1388888888888889,0.7416318281225037,2.9400033923579336,0.0,0.19270194818636,0.0003012070970344955,0.803921568627451
mtd_ai,200,0.005033850909652631,0.39473684210526316,5632.3171493308255,0.2,150,5,0.1388888888888889,0.7416318281225037,2.9400033923579336,0.0,0.19270194818636,0.0003012070970344955,0.803921568627451
mtd_ai,200,0.005033850909652631,0.42134831460674155,6370.087990994776,0.25,150,5,0.1388888888888889,0.7416318281225037,2.9400033923579336,0.0,0.19270194818636,0.0003012070970344955,0.803921568627451
mtd_ai,200,0.0050457510677270195,0.39473684210526316,1662.3199241832483,0.05,150,5,0.11777777777777779,1.7889363975049777,4.701916011208196,4.09375,0.4231333924763513,0.0001822012037306568,0.8541666666666666
mtd_ai,200,0.0050457510677270195,0.3333333333333333,3256.2051826244724,0.1,150,5,0.11777777777777779,1.7889363975049777,4.701916011208196,4.09375,0.4231333924763513,0.0001822012037306568,0.8541666666666666
mtd_ai,200,0.0050457510677270195,0.3629032258064516,4754.557921909187,0.15,150,5,0.11777777777777779,1.7889363975049777,4.701916011208196,4.09375,0.4231333924763513,0.0001822012037306568,0.8541666666666666
mtd_ai,200,0.0050457510677270195,0.38961038961038963,5747.246643538465,0.2,150,5,0.11777777777777779,1.7889363975049777,4.701916011208196,4.09375,0.4231333924763513,0.0001822012037306568,0.8541666666666666
mtd_ai,200,0.0050457510677270195,0.41208791208791207,6654.395372751704,0.25,150,5,0.11777777777777779,1.7889363975049777,4.701916011208196,4.09375,0.4231333924763513,0.0001822012037306568,0.8541666666666666
mtd_ai,200,0.005041032788066148,0.4166666666666667,1686.4002320672773,0.05,150,5,0.12333333333333334,1.258581356630358,2.9498035303698598,0.0,0.2073111910730995,7.556197778863613e-05,0.660377358490566
mtd_ai,200,0.005041032788066148,0.4166666666666667,3162.5724090034046,0.1,150,5,0.12333333333333334,1.258581356630358,2.9498035303698598,0.0,0.2073111910730995,7.556197778863613e-05,0.660377358490566
mtd_ai,200,0.005041032788066148,0.42452830188679247,4041.281683038642,0.15,150,5,0.12333333333333334,1.258581356630358,2.9498035303698598,0.0,0.2073111910730995,7.556197778863613e-05,0.660377358490566
mtd_ai,200,0.005041032788066148,0.47619047619047616,4708.203111692019,0.2,150,5,0.12333333333333334,1.258581356630358,2.9498035303698598,0.0,0.2073111910730995,7.556197778863613e-05,0.660377358490566
mtd_ai,200,0.005041032788066148,0.4934210526315789,5669.470224320836,0.25,150,5,0.12333333333333334,1.258581356630358,2.9498035303698598,0.0,0.2073111910730995,7.556197778863613e-05,0.660377358490566
mtd_ai,200,0.005060075341039747,0.28846153846153844,2851.850159613087,0.05,150,5,0.112,1.5053609366671477,4.830601730521643,0.0,0.32722116957335223,6.380779287458258e-05,0.88
mtd_ai,200,0.005060075341039747,0.36585365853658536,3768.7370013618674,0.1,150,5,0.112,1.5053609366671477,4.830601730521643,0.0,0.32722116957335223,6.380779287458258e-05,0.88
mtd_ai,200,0.005060075341039747,0.35714285714285715,5033.773137193848,0.15,150,5,0.112,1.5053609366671477,4.830601730521643,0.0,0.32722116957335223,6.380779287458258e-05,0.88
mtd_ai,200,0.005060075341039747,0.38961038961038963,5825.953926809001,0.2,150,5,0.112,1.5053609366671477,4.830601730521643,0.0,0.32722116957335223,6.380779287458258e-05,0.88
mtd_ai,200,0.005060075341039747,0.41208791208791207,6878.113404864685,0.25,150,5,0.112,1.5053609366671477,4.830601730521643,0.0,0.32722116957335223,6.380779287458258e-05,0.88
mtd_ai,200,0.00508873482659864,0.39473684210526316,1813.2583170642151,0.05,150,5,0.1633333333333333,0.14694393904546213,0.514744659574399,0.0,0.2333755869741471,7.211091090649517e-05,0.8529411764705882
mtd_ai,200,0.00508873482659864,0.42857142857142855,2829.920721358044,0.1,150,5,0.1633333333333333,0.14694393904546213,0.514744659574399,0.0,0.2333755869741471,7.211091090649517e-05,0.8529411764705882
mtd_ai,200,0.00508873482659864,0.5113636363636364,3449.11710486018,0.15,150,5,0.1633333333333333,0.14694393904546213,0.514744659574399,0.0,0.2333755869741471,7.211091090649517e-05,0.8529411764705882
mtd_ai,200,0.00508873482659864,0.5172413793103449,4143.093165006268,0.2,150,5,0.1633333333333333,0.14694393904546213,0.514744659574399,0.0,0.2333755869741471,7.211091090649517e-05,0.8529411764705882
mtd_ai,200,0.00508873482659864,0.5514705882352942,4599.462757828271,0.25,150,5,0.1633333333333333,0.14694393904546213,0.514744659574399,0.0,0.2333755869741471,7.211091090649517e-05,0.8529411764705882
mtd_ai,200,0.005029516813759677,0.3,2218.3661679114794,0.05,150,5,0.1464285714285714,0.9486389700210759,2.010395066055879,0.0,0.2094997926326223,5.519733596796042e-05,0.8571428571428571
mtd_ai,200,0.005029516813759677,0.3488372093023256,3915.01250684994,0.1,150,5,0.1464285714285714,0.9486389700210759,2.010395066055879,0.0,0.2094997926326223,5.519733596796042e-05,0.8571428571428571
mtd_ai,200,0.005029516813759677,0.3813559322033898,5233.207880926988,0.15,150,5,0.1464285714285714,0.9486389700210759,2.010395066055879,0.0,0.2094997926326223,5.519733596796042e-05,0.8571428571428571
mtd_ai,200,0.005029516813759677,0.39473684210526316,6285.784972443589,0.2,150,5,0.1464285714285714,0.9486389700210759,2.010395066055879,0.0,0.2094997926326223,5.519733596796042e-05,0.8571428571428571
mtd_ai,200,0.005029516813759677,0.4166666666666667,7490.202501182537,0.25,150,5,0.1464285714285714,0.9486389700210759,2.010395066055879,0.0,0.2094997926326223,5.519733596796042e-05,0.8571428571428571
mtd_ai,200,0.005060170456678662,0.3409090909090909,2202.9830557070864,0.05,150,5,0.15555555555555556,0.10267623397661527,0.46070099106622153,0.0,0.12748086942569614,4.781539251189239e-05,0.9142857142857143
mtd_ai,200,0.005060170456678662,0.39473684210526316,3366.5882999249898,0.1,150,5,0.15555555555555556,0.10267623397661527,0.46070099106622153,0.0,0.12748086942569614,4.781539251189239e-05,0.9142857142857143
mtd_ai,200,0.005060170456678662,0.4787234042553192,3899.3337438571707,0.15,150,5,0.15555555555555556,0.10267623397661527,0.46070099106622153,0.0,0.12748086942569614,4.781539251189239e-05,0.9142857142857143
mtd_ai,200,0.005060170456678662,0.5084745762711864,4485.229512402083,0.2,150,5,0.15555555555555556,0.10267623397661527,0.46070099106622153,0.0,0.12748086942569614,4.781539251189239e-05,0.9142857142857143
mtd_ai,200,0.005060170456678662,0.5514705882352942,4774.263590992443,0.25,150,5,0.15555555555555556,0.10267623397661527,0.46070099106622153,0.0,0.12748086942569614,4.781539251189239e-05,0.9142857142857143
mtd_ai,200,0.005073744632915149,0.3409090909090909,2335.610733840407,0.05,150,5,0.0925925925925926,0.28724567820039554,1.1291543362776029,0.0,0.21853713807187639,7.800481667762721e-05,0.7916666666666666
mtd_ai,200,0.005073744632915149,0.42857142857142855,3190.00722150823,0.1,150,5,0.0925925925925926,0.28724567820039554,1.1291543362776029,0.0,0.21853713807187639,7.800481667762721e-05,0.7916666666666666
mtd_ai,200,0.005073744632915149,0.4326923076923077,5000.257490622388,0.15,150,5,0.0925925925925926,0.28724567820039554,1.1291543362776029,0.0,0.21853713807187639,7.800481667762721e-05,0.7916666666666666
mtd_ai,200,0.005073744632915149,0.47619047619047616,5508.468374809687,0.2,150,5,0.0925925925925926,0.28724567820039554,1.1291543362776029,0.0,0.21853713807187639,7.800481667762721e-05,0.7916666666666666
mtd_ai,200,0.005073744632915149,0.5208333333333334,5906.630221323605,0.25,150,5,0.0925925925925926,0.28724567820039554,1.1291543362776029,0.0,0.21853713807187639,7.800481667762721e-05,0.7916666666666666
mtd_ai,200,0.005032769109881692,0.25862068965517243,2871.584431985513,0.05,150,5,0.1875,0.9225147903550207,1.5858972896226127,-2.977777777777778,0.3107115927016247,0.00034153887477694463,0.7894736842105263
mtd_ai,200,0.005032769109881692,0.3191489361702128,4595.865200242217,0.1,150,5,0.1875,0.9225147903550207,1.5858972896226127,-2.977777777777778,0.3107115927016247,0.00034153887477694463,0.7894736842105263
mtd_ai,200,0.005032769109881692,0.375,5291.81455448204,0.15,150,5,0.1875,0.9225147903550207,1.5858972896226127,-2.977777777777778,0.3107115927016247,0.00034153887477694463,0.7894736842105263
mtd_ai,200,0.005032769109881692,0.410958904109589,5871.78776668602,0.2,150,5,0.1875,0.9225147903550207,1.5858972896226127,-2.977777777777778,0.3107115927016247,0.00034153887477694463,0.7894736842105263
mtd_ai,200,0.005032769109881692,0.3472222222222222,7194.447855437778,0.25,150,5,0.1875,0.9225147903550207,1.5858972896226127,-2.977777777777778,0.3107115927016247,0.00034153887477694463,0.7894736842105263
mtd_ai,200,0.005069190624261191,0.25,3474.2967262002257,0.05,150,5,0.07666666666666666,0.47797894180073847,2.104382093019459,0.0,0.32502973142980923,0.00010209852356660335,0.82
mtd_ai,200,0.005069190624261191,0.3125,4866.578288197596,0.1,150,5,0.07666666666666666,0.47797894180073847,2.104382093019459,0.0,0.32502973142980923,0.00010209852356660335,0.82
mtd_ai,200,0.005069190624261191,0.3813559322033898,5658.719227564694,0.15,150,5,0.07666666666666666,0.47797894180073847,2.104382093019459,0.0,0.32502973142980923,0.00010209852356660335,0.82
mtd_ai,200,0.005069190624261191,0.42857142857142855,6124.848495929097,0.2,150,5,0.07666666666666666,0.47797894180073847,2.104382093019459,0.0,0.32502973142980923,0.00010209852356660335,0.82
mtd_ai,200,0.005069190624261191,0.46296296296296297,6550.310311229405,0.25,150,5,0.07666666666666666,0.47797894180073847,2.104382093019459,0.0,0.32502973142980923,0.00010209852356660335,0.82
mtd_ai,200,0.005064250445846029,0.26785714285714285,2428.770599520144,0.05,150,5,0.12444444444444445,0.2766060595028725,0.8832418348107828,0.0,0.38652347381531316,9.252831411495985e-05,0.7068965517241379
mtd_ai,200,0.005064250445846029,0.3,3893.7912295197984,0.1,150,5,0.12444444444444445,0.2766060595028725,0.8832418348107828,0.0,0.38652347381531316,9.252831411495985e-05,0.7068965517241379
mtd_ai,200,0.005064250445846029,0.3515625,5232.0433535053635,0.15,150,5,0.12444444444444445,0.2766060595028725,0.8832418348107828,0.0,0.38652347381531316,9.252831411495985e-05,0.7068965517241379
mtd_ai,200,0.005064250445846029,0.4,5578.705309441259,0.2,150,5,0.12444444444444445,0.2766060595028725,0.8832418348107828,0.0,0.38652347381531316,9.252831411495985e-05,0.7068965517241379
mtd_ai,200,0.005064250445846029,0.4411764705882353,6326.786940800903,0.25,150,5,0.12444444444444445,0.2766060595028725,0.8832418348107828,0.0,0.38652347381531316,9.252831411495985e-05,0.7068965517241379
mtd_ai,200,0.0050924685172434245,0.39473684210526316,1798.1569881547837,0.05,150,5,0.1522222222222222,0.8443432999876616,2.819802009178642,0.0,0.21154318291267452,0.000433649229248247,0.8529411764705882
mtd_ai,200,0.0050924685172434245,0.42857142857142855,2925.3077286201196,0.1,150,5,0.1522222222222222,0.8443432999876616,2.819802009178642,0.0,0.21154318291267452,0.000433649229248247,0.8529411764705882
mtd_ai,200,0.0050924685172434245,0.4891304347826087,3444.6680327832373,0.15,150,5,0.1522222222222222,0.8443432999876616,2.819802009178642,0.0,0.21154318291267452,0.000433649229248247,0.8529411764705882
mtd_ai,200,0.0050924685172434245,0.5454545454545454,3801.3107154850877,0.2,150,5,0.1522222222222222,0.8443432999876616,2.819802009178642,0.0,0.21154318291267452,0.000433649229248247,0.8529411764705882
mtd_ai,200,0.0050924685172434245,0.5769230769230769,4357.087390391978,0.25,150,5,0.1522222222222222,0.8443432999876616,2.819802009178642,0.0,0.21154318291267452,0.000433649229248247,0.8529411764705882
mtd_ai,200,0.005036641664909495,0.20833333333333334,2731.4316671552638,0.05,150,5,0.17133333333333337,0.8912325359875446,0.7217218432734912,0.0,0.15524551585136584,6.445888393323491e-05,0.6811594202898551
mtd_ai,200,0.005036641664909495,0.28846153846153844,4146.5500101058105,0.1,150,5,0.17133333333333337,0.8912325359875446,0.7217218432734912,0.0,0.15524551585136584,6.445888393323491e-05,0.6811594202898551
mtd_ai,200,0.005036641664909495,0.33088235294117646,5189.925685821883,0.15,150,5,0.17133333333333337,0.8912325359875446,0.7217218432734912,0.0,0.15524551585136584,6.445888393323491e-05,0.6811594202898551
mtd_ai,200,0.005036641664909495,0.3614457831325301,6083.877440194991,0.2,150,5,0.17133333333333337,0.8912325359875446,0.7217218432734912,0.0,0.15524551585136584,6.445888393323491e-05,0.6811594202898551
mtd_ai,200,0.005036641664909495,0.3712871287128713,7384.24199914581,0.25,150,5,0.17133333333333337,0.8912325359875446,0.7217218432734912,0.0,0.15524551585136584,6.445888393323491e-05,0.6811594202898551
mtd_ai,200,0.005069915898108104,0.24193548387096775,3351.0926876718877,0.05,150,5,0.12666666666666668,0.2094691004049495,0.5802965480463506,0.0,0.2996234227069432,0.00010834031632600166,0.8043478260869565
mtd_ai,200,0.005069915898108104,0.32608695652173914,4355.902566746727,0.1,150,5,0.12666666666666668,0.2094691004049495,0.5802965480463506,0.0,0.2996234227069432,0.00010834031632600166,0.8043478260869565
mtd_ai,200,0.005069915898108104,0.39473684210526316,4964.938208518914,0.15,150,5,0.12666666666666668,0.2094691004049495,0.5802965480463506,0.0,0.2996234227069432,0.00010834031632600166,0.8043478260869565
mtd_ai,200,0.005069915898108104,0.44776119402985076,5489.753788549268,0.2,150,5,0.12666666666666668,0.2094691004049495,0.5802965480463506,0.0,0.2996234227069432,0.00010834031632600166,0.8043478260869565
mtd_ai,200,0.005069915898108104,0.487012987012987,5906.232209778788,0.25,150,5,0.12666666666666668,0.2094691004049495,0.5802965480463506,0.0,0.2996234227069432,0.00010834031632600166,0.8043478260869565
mtd_ai,200,0.005056732156059223,0.46875,1682.5954339713076,0.05,150,5,0.14444444444444443,0.5587766244269468,1.9438632614459177,6.9,0.1110480457145317,8.9344403182729e-05,0.673469387755102
mtd_ai,200,0.005056732156059223,0.5555555555555556,2265.101877818133,0.1,150,5,0.14444444444444443,0.5587766244269468,1.9438632614459177,6.9,0.1110480457145317,8.9344403182729e-05,0.673469387755102
mtd_ai,200,0.005056732156059223,0.4326923076923077,3903.53366017433,0.15,150,5,0.14444444444444443,0.5587766244269468,1.9438632614459177,6.9,0.1110480457145317,8.9344403182729e-05,0.673469387755102
mtd_ai,200,0.005056732156059223,0.47619047619047616,4551.1469848203615,0.2,150,5,0.14444444444444443,0.5587766244269468,1.9438632614459177,6.9,0.1110480457145317,8.9344403182729e-05,0.673469387755102
mtd_ai,200,0.005056732156059223,0.5,5027.862419004479,0.25,150,5,0.14444444444444443,0.5587766244269468,1.9438632614459177,6.9,0.1110480457145317,8.9344403182729e-05,0.673469387755102
mtd_ai,200,0.005061115648825169,0.4411764705882353,1735.656568608573,0.05,150,5,0.18733333333333335,0.3492936904559677,1.3301637254609946,0.0,0.20467919044282384,8.182972778910912e-05,0.7321428571428571
mtd_ai,200,0.005061115648825169,0.4166666666666667,3188.8817653063916,0.1,150,5,0.18733333333333335,0.3492936904559677,1.3301637254609946,0.0,0.20467919044282384,8.182972778910912e-05,0.7321428571428571
mtd_ai,200,0.005061115648825169,0.4326923076923077,4395.622720495426,0.15,150,5,0.18733333333333335,0.3492936904559677,1.3301637254609946,0.0,0.20467919044282384,8.182972778910912e-05,0.7321428571428571
mtd_ai,200,0.005061115648825169,0.42857142857142855,5181.428009355059,0.2,150,5,0.18733333333333335,0.3492936904559677,1.3301637254609946,0.0,0.20467919044282384,8.182972778910912e-05,0.7321428571428571
mtd_ai,200,0.005061115648825169,0.39893617021276595,6394.180614893256,0.25,150,5,0.18733333333333335,0.3492936904559677,1.3301637254609946,0.0,0.20467919044282384,8.182972778910912e-05,0.7321428571428571
mtd_ai,200,0.005030776381599337,0.3409090909090909,1912.7440790859407,0.05,150,5,0.15266666666666664,0.8444473090716461,3.798707640114818,0.0,0.2077088336804133,7.919738866783111e-05,0.7931034482758621
mtd_ai,200,0.005030776381599337,0.3409090909090909,3554.5424549872237,0.1,150,5,0.15266666666666664,0.8444473090716461,3.798707640114818,0.0,0.2077088336804133,7.919738866783111e-05,0.7931034482758621
mtd_ai,200,0.005030776381599337,0.3515625,5813.221258095307,0.15,150,5,0.15266666666666664,0.8444473090716461,3.798707640114818,0.0,0.2077088336804133,7.919738866783111e-05,0.7931034482758621
mtd_ai,200,0.005030776381599337,0.379746835443038,6652.716101907932,0.2,150,5,0.15266666666666664,0.8444473090716461,3.798707640114818,0.0,0.2077088336804133,7.919738866783111e-05,0.7931034482758621
mtd_ai,200,0.005030776381599337,0.39893617021276595,7351.767415739906,0.25,150,5,0.15266666666666664,0.8444473090716461,3.798707640114818,0.0,0.2077088336804133,7.919738866783111e-05,0.7931034482758621
mtd_ai,200,0.005063164889949097,0.3125,1848.4004712768947,0.05,150,5,0.09888888888888889,2.2423387885837522,5.356126448979093,0.0,0.16055197924754944,7.592632759735886e-05,0.7192982456140351
mtd_ai,200,0.005063164889949097,0.30612244897959184,4468.656416177771,0.1,150,5,0.09888888888888889,2.2423387885837522,5.356126448979093,0.0,0.16055197924754944,7.592632759735886e-05,0.7192982456140351
mtd_ai,200,0.005063164889949097,0.3629032258064516,5511.458195688494,0.15,150,5,0.09888888888888889,2.2423387885837522,5.356126448979093,0.0,0.16055197924754944,7.592632759735886e-05,0.7192982456140351
mtd_ai,200,0.005063164889949097,0.4166666666666667,6135.430300642067,0.2,150,5,0.09888888888888889,2.2423387885837522,5.356126448979093,0.0,0.16055197924754944,7.592632759735886e-05,0.7192982456140351
mtd_ai,200,0.005063164889949097,0.45180722891566266,6602.80372100112,0.25,150,5,0.09888888888888889,2.2423387885837522,5.356126448979093,0.0,0.16055197924754944,7.592632759735886e-05,0.7192982456140351
mtd_ai,200,0.005054132805315796,0.3125,1880.878477197567,0.05,150,5,0.15015873015873016,0.09008322068129954,0.19192014287870748,0.0,0.24503753694103442,8.202292441281148e-05,0.8095238095238095
mtd_ai,200,0.005054132805315796,0.38461538461538464,2740.281402058602,0.1,150,5,0.15015873015873016,0.09008322068129954,0.19192014287870748,0.0,0.24503753694103442,8.202292441281148e-05,0.8095238095238095
mtd_ai,200,0.005054132805315796,0.39473684210526316,4116.685745173036,0.15,150,5,0.15015873015873016,0.09008322068129954,0.19192014287870748,0.0,0.24503753694103442,8.202292441281148e-05,0.8095238095238095
mtd_ai,200,0.005054132805315796,0.4166666666666667,4961.29126624586,0.2,150,5,0.15015873015873016,0.09008322068129954,0.19192014287870748,0.0,0.24503753694103442,8.202292441281148e-05,0.8095238095238095
mtd_ai,200,0.005054132805315796,0.46875,5471.123509223031,0.25,150,5,0.15015873015873016,0.09008322068129954,0.19192014287870748,0.0,0.24503753694103442,8.202292441281148e-05,0.8095238095238095
mtd_ai,200,0.005072360462192275,0.22727272727272727,3561.0850597860313,0.05,150,5,0.1875,2.303620175793899,4.090831315692621,0.0,0.23794825261279626,0.00010023291962217909,0.8125
mtd_ai,200,0.005072360462192275,0.32608695652173914,4331.6737726764095,0.1,150,5,0.1875,2.303620175793899,4.090831315692621,0.0,0.23794825261279626,0.00010023291962217909,0.8125
mtd_ai,200,0.005072360462192275,0.36885245901639346,5198.182287693067,0.15,150,5,0.1875,2.303620175793899,4.090831315692621,0.0,0.23794825261279626,0.00010023291962217909,0.8125
mtd_ai,200,0.005072360462192275,0.40540540540540543,5745.116091088124,0.2,150,5,0.1875,2.303620175793899,4.090831315692621,0.0,0.23794825261279626,0.00010023291962217909,0.8125
mtd_ai,200,0.005072360462192275,0.44642857142857145,6180.234734509017,0.25,150,5,0.1875,2.303620175793899,4.090831315692621,0.0,0.23794825261279626,0.00010023291962217909,0.8125
mtd_ai,200,0.00503651212792227,0.26785714285714285,3306.174139245765,0.05,150,5,0.11222222222222224,0.7253851954271606,2.2946406439173375,0.0,0.2198414820447291,0.00011365388134284491,0.7592592592592593
mtd_ai,200,0.00503651212792227,0.3191489361702128,4538.267567338387,0.1,150,5,0.11222222222222224,0.7253851954271606,2.2946406439173375,0.0,0.2198414820447291,0.00011365388134284491,0.7592592592592593
mtd_ai,200,0.00503651212792227,0.3813559322033898,5050.916438242799,0.15,150,5,0.11222222222222224,0.7253851954271606,2.2946406439173375,0.0,0.2198414820447291,0.00011365388134284491,0.7592592592592593
mtd_ai,200,0.00503651212792227,0.42857142857142855,5560.932290113182,0.2,150,5,0.11222222222222224,0.7253851954271606,2.2946406439173375,0.0,0.2198414820447291,0.00011365388134284491,0.7592592592592593
mtd_ai,200,0.00503651212792227,0.43103448275862066,6634.747176399853,0.25,150,5,0.11222222222222224,0.7253851954271606,2.2946406439173375,0.0,0.2198414820447291,0.00011365388134284491,0.7592592592592593
mtd_ai,200,0.005039971676736828,0.32608695652173914,2525.180591607702,0.05,150,5,0.1311111111111111,0.06947785956124762,0.12403772333699711,0.0,0.2546959894926438,6.0898929935291944e-05,0.8809523809523809
mtd_ai,200,0.005039971676736828,0.4411764705882353,3182.4558112844643,0.1,150,5,0.1311111111111111,0.06947785956124762,0.12403772333699711,0.0,0.2546959894926438,6.0898929935291944e-05,0.8809523809523809
mtd_ai,200,0.005039971676736828,0.5113636363636364,3793.438093771324,0.15,150,5,0.1311111111111111,0.06947785956124762,0.12403772333699711,0.0,0.2546959894926438,6.0898929935291944e-05,0.8809523809523809
mtd_ai,200,0.005039971676736828,0.5084745762711864,4686.4792061311,0.2,150,5,0.1311111111111111,0.06947785956124762,0.12403772333699711,0.0,0.2546959894926438,6.0898929935291944e-05,0.8809523809523809
mtd_ai,200,0.005039971676736828,0.5136986301369864,6084.676767419056,0.25,150,5,0.1311111111111111,0.06947785956124762,0.12403772333699711,0.0,0.2546959894926438,6.0898929935291944e-05,0.8809523809523809
mtd_ai,200,0.005041951512555127,0.2777777777777778,3021.7726675954755,0.05,150,5,0.18181818181818182,0.8170184172739765,3.5590190575091265,-5.148148148148148,0.18187886454277608,7.26844253697783e-05,0.8125
mtd_ai,200,0.005041951512555127,0.35714285714285715,4144.3291791821475,0.1,150,5,0.18181818181818182,0.8170184172739765,3.5590190575091265,-5.148148148148148,0.18187886454277608,7.26844253697783e-05,0.8125
mtd_ai,200,0.005041951512555127,0.4166666666666667,5020.749948165511,0.15,150,5,0.18181818181818182,0.8170184172739765,3.5590190575091265,-5.148148148148148,0.18187886454277608,7.26844253697783e-05,0.8125
mtd_ai,200,0.005041951512555127,0.46153846153846156,5643.708789498409,0.2,150,5,0.18181818181818182,0.8170184172739765,3.5590190575091265,-5.148148148148148,0.18187886454277608,7.26844253697783e-05,0.8125
mtd_ai,200,0.005041951512555127,0.5,6180.243467414099,0.25,150,5,0.18181818181818182,0.8170184172739765,3.5590190575091265,-5.148148148148148,0.18187886454277608,7.26844253697783e-05,0.8125
mtd_ai,200,0.005081154315268526,0.3125,2483.8854973913894,0.05,150,5,0.10666666666666667,0.466473502165579,1.8049461685992374,0.0,0.2621888772515468,8.675222501709882e-05,0.75
mtd_ai,200,0.005081154315268526,0.38461538461538464,3369.2462674169046,0.1,150,5,0.10666666666666667,0.466473502165579,1.8049461685992374,0.0,0.2621888772515468,8.675222501709882e-05,0.75
mtd_ai,200,0.005081154315268526,0.4017857142857143,4555.128683334722,0.15,150,5,0.10666666666666667,0.466473502165579,1.8049461685992374,0.0,0.2621888772515468,8.675222501709882e-05,0.75
mtd_ai,200,0.005081154315268526,0.42857142857142855,5308.603508167827,0.2,150,5,0.10666666666666667,0.466473502165579,1.8049461685992374,0.0,0.2621888772515468,8.675222501709882e-05,0.75
mtd_ai,200,0.005081154315268526,0.46875,5709.356140675106,0.25,150,5,0.10666666666666667,0.466473502165579,1.8049461685992374,0.0,0.2621888772515468,8.675222501709882e-05,0.75
mtd_ai,200,0.005058002215379416,0.234375,4328.546421630512,0.05,150,5,0.11933333333333332,1.3484034182570983,4.876701884943829,0.0,0.23187405238276454,8.220065524936354e-05,0.8103448275862069
mtd_ai,200,0.005058002215379416,0.32608695652173914,5456.340318155384,0.1,150,5,0.11933333333333332,1.3484034182570983,4.876701884943829,0.0,0.23187405238276454,8.220065524936354e-05,0.8103448275862069
mtd_ai,200,0.005058002215379416,0.34615384615384615,6715.066638343463,0.15,150,5,0.11933333333333332,1.3484034182570983,4.876701884943829,0.0,0.23187405238276454,8.220065524936354e-05,0.8103448275862069
mtd_ai,200,0.005058002215379416,0.40540540540540543,7204.099956468239,0.2,150,5,0.11933333333333332,1.3484034182570983,4.876701884943829,0.0,0.23187405238276454,8.220065524936354e-05,0.8103448275862069
mtd_ai,200,0.005058002215379416,0.44642857142857145,7572.789199904713,0.25,150,5,0.11933333333333332,1.3484034182570983,4.876701884943829,0.0,0.23187405238276454,8.220065524936354e-05,0.8103448275862069
mtd_ai,200,0.00507492670883731,0.3,2137.324156743326,0.05,150,5,0.12111111111111111,0.38891220150586203,1.58473789531586,0.0,0.2568867068762413,0.00014313464290792248,0.8181818181818182
mtd_ai,200,0.00507492670883731,0.3488372093023256,3738.33615700314,0.1,150,5,0.12111111111111111,0.38891220150586203,1.58473789531586,0.0,0.2568867068762413,0.00014313464290792248,0.8181818181818182
mtd_ai,200,0.00507492670883731,0.4090909090909091,4565.248090563513,0.15,150,5,0.12111111111111111,0.38891220150586203,1.58473789531586,0.0,0.2568867068762413,0.00014313464290792248,0.8181818181818182
mtd_ai,200,0.00507492670883731,0.44776119402985076,5113.102703235712,0.2,150,5,0.12111111111111111,0.38891220150586203,1.58473789531586,0.0,0.2568867068762413,0.00014313464290792248,0.8181818181818182
mtd_ai,200,0.00507492670883731,0.4807692307692308,5794.0190235871705,0.25,150,5,0.12111111111111111,0.38891220150586203,1.58473789531586,0.0,0.2568867068762413,0.00014313464290792248,0.8181818181818182
mtd_ai,200,0.005062083591531486,0.25,3494.9173182608665,0.05,150,5,0.17055555555555554,0.5282852000184768,0.3352952723808553,0.0,0.2861765353239286,8.551938760092794e-05,0.7647058823529411
mtd_ai,200,0.005062083591531486,0.3488372093023256,4403.616714050529,0.1,150,5,0.17055555555555554,0.5282852000184768,0.3352952723808553,0.0,0.2861765353239286,8.551938760092794e-05,0.7647058823529411
mtd_ai,200,0.005062083591531486,0.4090909090909091,5132.915734617399,0.15,150,5,0.17055555555555554,0.5282852000184768,0.3352952723808553,0.0,0.2861765353239286,8.551938760092794e-05,0.7647058823529411
mtd_ai,200,0.005062083591531486,0.44776119402985076,5822.022531585704,0.2,150,5,0.17055555555555554,0.5282852000184768,0.3352952723808553,0.0,0.2861765353239286,8.551938760092794e-05,0.7647058823529411
mtd_ai,200,0.005062083591531486,0.5,6189.992233616997,0.25,150,5,0.17055555555555554,0.5282852000184768,0.3352952723808553,0.0,0.2861765353239286,8.551938760092794e-05,0.7647058823529411
mtd_ai,200,0.00503796066313498,0.26785714285714285,3168.3502772852416,0.05,150,5,0.16,1.2401751836372243,4.2298769239612115,0.0,0.19916146355593387,5.925447780416911e-05,0.8478260869565217
mtd_ai,200,0.00503796066313498,0.3488372093023256,4309.625460374957,0.1,150,5,0.16,1.2401751836372243,4.2298769239612115,0.0,0.19916146355593387,5.925447780416911e-05,0.8478260869565217
mtd_ai,200,0.00503796066313498,0.42452830188679247,4788.41129563445,0.15,150,5,0.16,1.2401751836372243,4.2298769239612115,0.0,0.19916146355593387,5.925447780416911e-05,0.8478260869565217
mtd_ai,200,0.00503796066313498,0.46153846153846156,5265.929281560495,0.2,150,5,0.16,1.2401751836372243,4.2298769239612115,0.0,0.19916146355593387,5.925447780416911e-05,0.8478260869565217
mtd_ai,200,0.00503796066313498,0.487012987012987,6279.62070450397,0.25,150,5,0.16,1.2401751836372243,4.2298769239612115,0.0,0.19916146355593387,5.925447780416911e-05,0.8478260869565217
mtd_ai,200,0.005067646389210512,0.20270270270270271,3960.4975805573267,0.05,150,5,0.3333333333333333,0.6709093951797895,2.4634246868550935,0.0,0.23761646641281628,0.00010978919062680814,0.8076923076923077
mtd_ai,200,0.005067646389210512,0.2631578947368421,5021.95180725485,0.1,150,5,0.3333333333333333,0.6709093951797895,2.4634246868550935,0.0,0.23761646641281628,0.00010978919062680814,0.8076923076923077
mtd_ai,200,0.005067646389210512,0.3125,5802.284874843415,0.15,150,5,0.3333333333333333,0.6709093951797895,2.4634246868550935,0.0,0.23761646641281628,0.00010978919062680814,0.8076923076923077
mtd_ai,200,0.005067646389210512,0.35294117647058826,6349.0434341883465,0.2,150,5,0.3333333333333333,0.6709093951797895,2.4634246868550935,0.0,0.23761646641281628,0.00010978919062680814,0.8076923076923077
mtd_ai,200,0.005067646389210512,0.3865979381443299,6719.486628229149,0.25,150,5,0.3333333333333333,0.6709093951797895,2.4634246868550935,0.0,0.23761646641281628,0.00010978919062680814,0.8076923076923077
mtd_ai,200,0.005068484043984074,0.25862068965517243,2548.6908560712127,0.05,150,5,0.15583333333333332,0.6575932738750072,0.8392358427040763,0.0,0.207881335264021,6.216701200361208e-05,0.8695652173913043
mtd_ai,200,0.005068484043984074,0.3333333333333333,3877.6157144768067,0.1,150,5,0.15583333333333332,0.6575932738750072,0.8392358427040763,0.0,0.207881335264021,6.216701200361208e-05,0.8695652173913043
mtd_ai,200,0.005068484043984074,0.3879310344827586,4975.829594145261,0.15,150,5,0.15583333333333332,0.6575932738750072,0.8392358427040763,0.0,0.207881335264021,6.216701200361208e-05,0.8695652173913043
mtd_ai,200,0.005068484043984074,0.4411764705882353,5552.287564448471,0.2,150,5,0.15583333333333332,0.6575932738750072,0.8392358427040763,0.0,0.207881335264021,6.216701200361208e-05,0.8695652173913043
mtd_ai,200,0.005068484043984074,0.487012987012987,5993.316440490687,0.25,150,5,0.15583333333333332,0.6575932738750072,0.8392358427040763,0.0,0.207881335264021,6.216701200361208e-05,0.8695652173913043
mtd_ai,200,0.005069089330945639,0.28846153846153844,2875.7104521976585,0.05,150,5,0.12933333333333336,0.49296106790548017,1.5894420078889882,0.0,0.20311738108316843,8.101721803049325e-05,0.8125
mtd_ai,200,0.005069089330945639,0.36585365853658536,3799.4382549481265,0.1,150,5,0.12933333333333336,0.49296106790548017,1.5894420078889882,0.0,0.20311738108316843,8.101721803049325e-05,0.8125
mtd_ai,200,0.005069089330945639,0.4411764705882353,4397.103519783428,0.15,150,5,0.12933333333333336,0.49296106790548017,1.5894420078889882,0.0,0.20311738108316843,8.101721803049325e-05,0.8125
mtd_ai,200,0.005069089330945639,0.46875,5016.112628526522,0.2,150,5,0.12933333333333336,0.49296106790548017,1.5894420078889882,0.0,0.20311738108316843,8.101721803049325e-05,0.8125
mtd_ai,200,0.005069089330945639,0.4807692307692308,6183.256164938555,0.25,150,5,0.12933333333333336,0.49296106790548017,1.5894420078889882,0.0,0.20311738108316843,8.101721803049325e-05,0.8125
mtd_ai,200,0.0050849694335292125,0.375,2064.0750845394587,0.05,150,5,0.1482222222222222,1.5372546671470702,4.223902922828345,0.0,0.24274299211975217,0.0010532933056438282,0.7619047619047619
mtd_ai,200,0.0050849694335292125,0.42857142857142855,3439.2954110668543,0.1,150,5,0.1482222222222222,1.5372546671470702,4.223902922828345,0.0,0.24274299211975217,0.0010532933056438282,0.7619047619047619
mtd_ai,200,0.0050849694335292125,0.4891304347826087,3974.7765303236656,0.15,150,5,0.1482222222222222,1.5372546671470702,4.223902922828345,0.0,0.24274299211975217,0.0010532933056438282,0.7619047619047619
mtd_ai,200,0.0050849694335292125,0.5172413793103449,4710.955781617193,0.2,150,5,0.1482222222222222,1.5372546671470702,4.223902922828345,0.0,0.24274299211975217,0.0010532933056438282,0.7619047619047619
mtd_ai,200,0.0050849694335292125,0.5357142857142857,5118.55214014518,0.25,150,5,0.1482222222222222,1.5372546671470702,4.223902922828345,0.0,0.24274299211975217,0.0010532933056438282,0.7619047619047619
mtd_ai,200,0.00506887218205579,0.26785714285714285,2812.190324503274,0.05,150,5,0.15715873015873016,0.2582570749788488,1.1499979455353497,0.0,0.19158194510210666,9.575716400583571e-05,0.851063829787234
mtd_ai,200,0.00506887218205579,0.3409090909090909,3638.216362117905,0.1,150,5,0.15715873015873016,0.2582570749788488,1.1499979455353497,0.0,0.19158194510210666,9.575716400583571e-05,0.851063829787234
mtd_ai,200,0.00506887218205579,0.4017857142857143,4598.580585937872,0.15,150,5,0.15715873015873016,0.2582570749788488,1.1499979455353497,0.0,0.19158194510210666,9.575716400583571e-05,0.851063829787234
mtd_ai,200,0.00506887218205579,0.44776119402985076,5002.385918155497,0.2,150,5,0.15715873015873016,0.2582570749788488,1.1499979455353497,0.0,0.19158194510210666,9.575716400583571e-05,0.851063829787234
mtd_ai,200,0.00506887218205579,0.41208791208791207,6121.162758914055,0.25,150,5,0.15715873015873016,0.2582570749788488,1.1499979455353497,0.0,0.19158194510210666,9.575716400583571e-05,0.851063829787234
mtd_ai,200,0.005031944693845141,0.21428571428571427,4163.452958661559,0.05,150,5,0.10711111111111112,0.11307901429388516,0.41138525648917296,0.0,0.2898877942590213,7.943483311490538e-05,0.7627118644067796
mtd_ai,200,0.005031944693845141,0.29411764705882354,5207.666531972961,0.1,150,5,0.10711111111111112,0.11307901429388516,0.41138525648917296,0.0,0.2898877942590213,7.943483311490538e-05,0.7627118644067796
mtd_ai,200,0.005031944693845141,0.3409090909090909,6026.59450352375,0.15,150,5,0.10711111111111112,0.11307901429388516,0.41138525648917296,0.0,0.2898877942590213,7.943483311490538e-05,0.7627118644067796
mtd_ai,200,0.005031944693845141,0.379746835443038,6628.986166682233,0.2,150,5,0.10711111111111112,0.11307901429388516,0.41138525648917296,0.0,0.2898877942590213,7.943483311490538e-05,0.7627118644067796
mtd_ai,200,0.005031944693845141,0.4032258064516129,7281.4764928398645,0.25,150,5,0.10711111111111112,0.11307901429388516,0.41138525648917296,0.0,0.2898877942590213,7.943483311490538e-05,0.7627118644067796
mtd_ai,200,0.005041815622642636,0.4166666666666667,1511.089954779006,0.05,150,5,0.16333333333333333,0.00010652623418740161,0.0003132752994496639,0.0,0.15406724781738845,5.704070211011997e-05,0.7755102040816326
mtd_ai,200,0.005041815622642636,0.45454545454545453,2839.053161835678,0.1,150,5,0.16333333333333333,0.00010652623418740161,0.0003132752994496639,0.0,0.15406724781738845,5.704070211011997e-05,0.7755102040816326
mtd_ai,200,0.005041815622642636,0.4787234042553192,3616.3280806193807,0.15,150,5,0.16333333333333333,0.00010652623418740161,0.0003132752994496639,0.0,0.15406724781738845,5.704070211011997e-05,0.7755102040816326
mtd_ai,200,0.005041815622642636,0.46875,5127.492068465798,0.2,150,5,0.16333333333333333,0.00010652623418740161,0.0003132752994496639,0.0,0.15406724781738845,5.704070211011997e-05,0.7755102040816326
mtd_ai,200,0.005041815622642636,0.4934210526315789,5775.835061953898,0.25,150,5,0.16333333333333333,0.00010652623418740161,0.0003132752994496639,0.0,0.15406724781738845,5.704070211011997e-05,0.7755102040816326
mtd_ai,200,0.005042310303177229,0.4166666666666667,1585.3059726513325,0.05,150,5,0.10833333333333334,1.060373153465576,3.865823689335074,0.0,0.501954921624866,0.00017256111543245442,0.7735849056603774
mtd_ai,200,0.005042310303177229,0.32608695652173914,4745.140176752851,0.1,150,5,0.10833333333333334,1.060373153465576,3.865823689335074,0.0,0.501954921624866,0.00017256111543245442,0.7735849056603774
mtd_ai,200,0.005042310303177229,0.3813559322033898,5813.565355669569,0.15,150,5,0.10833333333333334,1.060373153465576,3.865823689335074,0.0,0.501954921624866,0.00017256111543245442,0.7735849056603774
mtd_ai,200,0.005042310303177229,0.43478260869565216,6123.192673100932,0.2,150,5,0.10833333333333334,1.060373153465576,3.865823689335074,0.0,0.501954921624866,0.00017256111543245442,0.7735849056603774
mtd_ai,200,0.005042310303177229,0.4807692307692308,6659.069332259481,0.25,150,5,0.10833333333333334,1.060373153465576,3.865823689335074,0.0,0.501954921624866,0.00017256111543245442,0.7735849056603774
mtd_ai,200,0.005045589424657739,0.4166666666666667,1818.4002154483462,0.05,150,5,0.125,0.666091621684635,2.0533467008236843,0.0,0.31059018332586136,9.848359682772762e-05,0.8125
mtd_ai,200,0.005045589424657739,0.42857142857142855,3604.635205241688,0.1,150,5,0.125,0.666091621684635,2.0533467008236843,0.0,0.31059018332586136,9.848359682772762e-05,0.8125
mtd_ai,200,0.005045589424657739,0.42452830188679247,5181.020150397619,0.15,150,5,0.125,0.666091621684635,2.0533467008236843,0.0,0.31059018332586136,9.848359682772762e-05,0.8125
mtd_ai,200,0.005045589424657739,0.46875,5747.048546526771,0.2,150,5,0.125,0.666091621684635,2.0533467008236843,0.0,0.31059018332586136,9.848359682772762e-05,0.8125
mtd_ai,200,0.005045589424657739,0.4934210526315789,6383.45016289733,0.25,150,5,0.125,0.666091621684635,2.0533467008236843,0.0,0.31059018332586136,9.848359682772762e-05,0.8125
mtd_ai,200,0.0050435981308419265,0.46875,1609.7851037763826,0.05,150,5,0.13805555555555554,0.9774974780779663,3.613963222786226,0.0,0.2283108762621017,7.224527937731091e-05,0.803921568627451
mtd_ai,200,0.0050435981308419265,0.45454545454545453,3379.735822219559,0.1,150,5,0.13805555555555554,0.9774974780779663,3.613963222786226,0.0,0.2283108762621017,7.224527937731091e-05,0.803921568627451
mtd_ai,200,0.0050435981308419265,0.4326923076923077,4665.574699042258,0.15,150,5,0.13805555555555554,0.9774974780779663,3.613963222786226,0.0,0.2283108762621017,7.224527937731091e-05,0.803921568627451
mtd_ai,200,0.0050435981308419265,0.4225352112676056,6099.488445450183,0.2,150,5,0.13805555555555554,0.9774974780779663,3.613963222786226,0.0,0.2283108762621017,7.224527937731091e-05,0.803921568627451
mtd_ai,200,0.0050435981308419265,0.45180722891566266,6643.184732185253,0.25,150,5,0.13805555555555554,0.9774974780779663,3.613963222786226,0.0,0.2283108762621017,7.224527937731091e-05,0.803921568627451
mtd_ai,200,0.00503600219007278,0.25862068965517243,3313.5456175746813,0.05,150,5,0.10666666666666667,13.36975016046538,3.958849064343197,0.0,0.2041090868221855,8.406263350151333e-05,0.7333333333333333
mtd_ai,200,0.00503600219007278,0.3191489361702128,4490.202341052553,0.1,150,5,0.10666666666666667,13.36975016046538,3.958849064343197,0.0,0.2041090868221855,8.406263350151333e-05,0.7333333333333333
mtd_ai,200,0.00503600219007278,0.35714285714285715,5922.539595380807,0.15,150,5,0.10666666666666667,13.36975016046538,3.958849064343197,0.0,0.2041090868221855,8.406263350151333e-05,0.7333333333333333
mtd_ai,200,0.00503600219007278,0.375,6577.701849488241,0.2,150,5,0.10666666666666667,13.36975016046538,3.958849064343197,0.0,0.2041090868221855,8.406263350151333e-05,0.7333333333333333
mtd_ai,200,0.00503600219007278,0.41208791208791207,7029.130453749054,0.25,150,5,0.10666666666666667,13.36975016046538,3.958849064343197,0.0,0.2041090868221855,8.406263350151333e-05,0.7333333333333333
mtd_ai,200,0.00504647620975173,0.32608695652173914,2463.3648425210886,0.05,150,5,0.12866666666666668,1.244720621618592,4.39715789553962,0.0,0.34712290090067693,7.275965339746314e-05,0.7446808510638298
mtd_ai,200,0.00504647620975173,0.40540540540540543,3127.818568087173,0.1,150,5,0.12866666666666668,1.244720621618592,4.39715789553962,0.0,0.34712290090067693,7.275965339746314e-05,0.7446808510638298
mtd_ai,200,0.00504647620975173,0.4326923076923077,4405.854803080646,0.15,150,5,0.12866666666666668,1.244720621618592,4.39715789553962,0.0,0.34712290090067693,7.275965339746314e-05,0.7446808510638298
mtd_ai,200,0.00504647620975173,0.46875,4963.546582424617,0.2,150,5,0.12866666666666668,1.244720621618592,4.39715789553962,0.0,0.34712290090067693,7.275965339746314e-05,0.7446808510638298
mtd_ai,200,0.00504647620975173,0.5,5459.400061992157,0.25,150,5,0.12866666666666668,1.244720621618592,4.39715789553962,0.0,0.34712290090067693,7.275965339746314e-05,0.7446808510638298
mtd_ai,200,0.005045435245732523,0.24193548387096775,2317.37897481641,0.05,150,5,0.1211111111111111,0.1351857529326753,0.431016825690215,0.0,0.21924510232051228,6.375533875556262e-05,0.8333333333333334
mtd_ai,200,0.005045435245732523,0.30612244897959184,4194.741502721296,0.1,150,5,0.1211111111111111,0.1351857529326753,0.431016825690215,0.0,0.21924510232051228,6.375533875556262e-05,0.8333333333333334
mtd_ai,200,0.005045435245732523,0.36885245901639346,5007.97724824111,0.15,150,5,0.1211111111111111,0.1351857529326753,0.431016825690215,0.0,0.21924510232051228,6.375533875556262e-05,0.8333333333333334
mtd_ai,200,0.005045435245732523,0.379746835443038,5882.578748116861,0.2,150,5,0.1211111111111111,0.1351857529326753,0.431016825690215,0.0,0.21924510232051228,6.375533875556262e-05,0.8333333333333334
mtd_ai,200,0.005045435245732523,0.42613636363636365,6195.563732333081,0.25,150,5,0.1211111111111111,0.1351857529326753,0.431016825690215,0.0,0.21924510232051228,6.375533875556262e-05,0.8333333333333334
mtd_ai,200,0.0050398339444761445,0.3,2195.6154415903393,0.05,150,5,0.11444444444444443,0.7335864043964925,3.26798802759975,0.0,0.14248037528128607,4.0652813045487994e-05,0.7457627118644068
mtd_ai,200,0.0050398339444761445,0.3488372093023256,3525.445873789109,0.1,150,5,0.11444444444444443,0.7335864043964925,3.26798802759975,0.0,0.14248037528128607,4.0652813045487994e-05,0.7457627118644068
mtd_ai,200,0.0050398339444761445,0.39473684210526316,4682.958585469686,0.15,150,5,0.11444444444444443,0.7335864043964925,3.26798802759975,0.0,0.14248037528128607,4.0652813045487994e-05,0.7457627118644068
mtd_ai,200,0.0050398339444761445,0.39473684210526316,6103.577126483369,0.2,150,5,0.11444444444444443,0.7335864043964925,3.26798802759975,0.0,0.14248037528128607,4.0652813045487994e-05,0.7457627118644068
mtd_ai,200,0.0050398339444761445,0.41208791208791207,6860.639768719553,0.25,150,5,0.11444444444444443,0.7335864043964925,3.26798802759975,0.0,0.14248037528128607,4.0652813045487994e-05,0.7457627118644068
mtd_ai,200,0.005033924179631082,0.26785714285714285,2727.36085872113,0.05,150,5,0.12166666666666667,0.42427312436461895,0.9330092593797285,4.193548387096774,0.2754137726199639,8.33823353796597e-05,0.6428571428571429
mtd_ai,200,0.005033924179631082,0.32608695652173914,3667.592283112415,0.1,150,5,0.12166666666666667,0.42427312436461895,0.9330092593797285,4.193548387096774,0.2754137726199639,8.33823353796597e-05,0.6428571428571429
mtd_ai,200,0.005033924179631082,0.32142857142857145,5308.884402665606,0.15,150,5,0.12166666666666667,0.42427312436461895,0.9330092593797285,4.193548387096774,0.2754137726199639,8.33823353796597e-05,0.6428571428571429
mtd_ai,200,0.005033924179631082,0.35294117647058826,6503.687022968669,0.2,150,5,0.12166666666666667,0.42427312436461895,0.9330092593797285,4.193548387096774,0.2754137726199639,8.33823353796597e-05,0.6428571428571429
mtd_ai,200,0.005033924179631082,0.390625,7030.6464120816445,0.25,150,5,0.12166666666666667,0.42427312436461895,0.9330092593797285,4.193548387096774,0.2754137726199639,8.33823353796597e-05,0.6428571428571429
mtd_ai,200,0.005059451892682606,0.20833333333333334,3970.6469196074404,0.05,150,5,0.14333333333333337,0.9658226578798146,1.3433537595076952,0.0,0.29389586633775633,0.0005993735257570054,0.8
mtd_ai,200,0.005059451892682606,0.3125,4616.713809081633,0.1,150,5,0.14333333333333337,0.9658226578798146,1.3433537595076952,0.0,0.29389586633775633,0.0005993735257570054,0.8
mtd_ai,200,0.005059451892682606,0.2922077922077922,6292.473218591331,0.15,150,5,0.14333333333333337,0.9658226578798146,1.3433537595076952,0.0,0.29389586633775633,0.0005993735257570054,0.8
mtd_ai,200,0.005059451892682606,0.3409090909090909,6856.9017203241565,0.2,150,5,0.14333333333333337,0.9658226578798146,1.3433537595076952,0.0,0.29389586633775633,0.0005993735257570054,0.8
mtd_ai,200,0.005059451892682606,0.3865979381443299,7144.84836483005,0.25,150,5,0.14333333333333337,0.9658226578798146,1.3433537595076952,0.0,0.29389586633775633,0.0005993735257570054,0.8
mtd_ai,200,0.005062920342215001,0.4411764705882353,1236.3709776313613,0.05,150,5,0.09333333333333334,0.9307984621502756,3.6992671935366226,0.0,0.24413259499180473,9.632809519032593e-05,0.6885245901639344
mtd_ai,200,0.005062920342215001,0.45454545454545453,2789.4706351901573,0.1,150,5,0.09333333333333334,0.9307984621502756,3.6992671935366226,0.0,0.24413259499180473,9.632809519032593e-05,0.6885245901639344
mtd_ai,200,0.005062920342215001,0.4787234042553192,4201.09991503524,0.15,150,5,0.09333333333333334,0.9307984621502756,3.6992671935366226,0.0,0.24413259499180473,9.632809519032593e-05,0.6885245901639344
mtd_ai,200,0.005062920342215001,0.47619047619047616,5667.2440213878,0.2,150,5,0.09333333333333334,0.9307984621502756,3.6992671935366226,0.0,0.24413259499180473,9.632809519032593e-05,0.6885245901639344
mtd_ai,200,0.005062920342215001,0.47468354430379744,6624.7727805912855,0.25,150,5,0.09333333333333334,0.9307984621502756,3.6992671935366226,0.0,0.24413259499180473,9.632809519032593e-05,0.6885245901639344
mtd_ai,200,0.005042986957769728,0.26785714285714285,2984.721981147312,0.05,150,5,0.09523809523809523,0.05957721052939464,0.24773279974835866,-4.3,0.22568879556965954,5.811966586165505e-05,0.8085106382978723
mtd_ai,200,0.005042986957769728,0.3488372093023256,4030.3879548874997,0.1,150,5,0.09523809523809523,0.05957721052939464,0.24773279974835866,-4.3,0.22568879556965954,5.811966586165505e-05,0.8085106382978723
mtd_ai,200,0.005042986957769728,0.4326923076923077,4492.309570449326,0.15,150,5,0.09523809523809523,0.05957721052939464,0.24773279974835866,-4.3,0.22568879556965954,5.811966586165505e-05,0.8085106382978723
mtd_ai,200,0.005042986957769728,0.47619047619047616,5002.906340484309,0.2,150,5,0.09523809523809523,0.05957721052939464,0.24773279974835866,-4.3,0.22568879556965954,5.811966586165505e-05,0.8085106382978723
mtd_ai,200,0.005042986957769728,0.487012987012987,5828.016086652529,0.25,150,5,0.09523809523809523,0.05957721052939464,0.24773279974835866,-4.3,0.22568879556965954,5.811966586165505e-05,0.8085106382978723
mtd_ai,200,0.005074104249975945,0.26785714285714285,2704.041983855175,0.05,150,5,0.14833333333333334,0.5115034686795659,2.2870657352505166,0.0,0.1511691851495358,6.170279959407474e-05,0.6666666666666666
mtd_ai,200,0.005074104249975945,0.3488372093023256,3769.86430472534,0.1,150,5,0.14833333333333334,0.5115034686795659,2.2870657352505166,0.0,0.1511691851495358,6.170279959407474e-05,0.6666666666666666
mtd_ai,200,0.005074104249975945,0.4090909090909091,4677.963826479143,0.15,150,5,0.14833333333333334,0.5115034686795659,2.2870657352505166,0.0,0.1511691851495358,6.170279959407474e-05,0.6666666666666666
mtd_ai,200,0.005074104249975945,0.46153846153846156,5259.710923252891,0.2,150,5,0.14833333333333334,0.5115034686795659,2.2870657352505166,0.0,0.1511691851495358,6.170279959407474e-05,0.6666666666666666
mtd_ai,200,0.005074104249975945,0.5067567567567568,5691.532876043395,0.25,150,5,0.14833333333333334,0.5115034686795659,2.2870657352505166,0.0,0.1511691851495358,6.170279959407474e-05,0.6666666666666666
mtd_ai,200,0.0050412692824755734,0.3125,2461.144787277063,0.05,150,5,0.11304761904761904,1.0393808070776265,1.0679297102022667,9.0,0.17313137504087042,0.00016921650632734735,0.75
mtd_ai,200,0.0050412692824755734,0.3333333333333333,4303.55983803856,0.1,150,5,0.11304761904761904,1.0393808070776265,1.0679297102022667,9.0,0.17313137504087042,0.00016921650632734735,0.75
mtd_ai,200,0.0050412692824755734,0.4090909090909091,4856.05393670376,0.15,150,5,0.11304761904761904,1.0393808070776265,1.0679297102022667,9.0,0.17313137504087042,0.00016921650632734735,0.75
mtd_ai,200,0.0050412692824755734,0.4411764705882353,5536.853350699712,0.2,150,5,0.11304761904761904,1.0393808070776265,1.0679297102022667,9.0,0.17313137504087042,0.00016921650632734735,0.75
mtd_ai,200,0.0050412692824755734,0.47468354430379744,6144.524507824715,0.25,150,5,0.11304761904761904,1.0393808070776265,1.0679297102022667,9.0,0.17313137504087042,0.00016921650632734735,0.75
mtd_ai,200,0.00507469968920905,0.25,2752.7030043656914,0.05,150,5,0.25,1.0005413366690517,2.1908870291075564,0.0,0.18700818061624017,0.00012011522286644325,0.8604651162790697
mtd_ai,200,0.00507469968920905,0.3409090909090909,3664.408238031099,0.1,150,5,0.25,1.0005413366690517,2.1908870291075564,0.0,0.18700818061624017,0.00012011522286644325,0.8604651162790697
mtd_ai,200,0.00507469968920905,0.39473684210526316,4595.218495140185,0.15,150,5,0.25,1.0005413366690517,2.1908870291075564,0.0,0.18700818061624017,0.00012011522286644325,0.8604651162790697
mtd_ai,200,0.00507469968920905,0.4411764705882353,4964.551147838392,0.2,150,5,0.25,1.0005413366690517,2.1908870291075564,0.0,0.18700818061624017,0.00012011522286644325,0.8604651162790697
mtd_ai,200,0.00507469968920905,0.4573170731707317,5943.241639607799,0.25,150,5,0.25,1.0005413366690517,2.1908870291075564,0.0,0.18700818061624017,0.00012011522286644325,0.8604651162790697
mtd_ai,200,0.00506502724498413,0.2777777777777778,1971.49852265093,0.05,150,5,0.15755555555555556,1.7864531525072165,5.539251555674848,0.0,0.12791658768850883,0.0002499000363367469,0.8148148148148148
mtd_ai,200,0.00506502724498413,0.35714285714285715,2887.5191957449515,0.1,150,5,0.15755555555555556,1.7864531525072165,5.539251555674848,0.0,0.12791658768850883,0.0002499000363367469,0.8148148148148148
mtd_ai,200,0.00506502724498413,0.4090909090909091,3838.4822802797157,0.15,150,5,0.15755555555555556,1.7864531525072165,5.539251555674848,0.0,0.12791658768850883,0.0002499000363367469,0.8148148148148148
mtd_ai,200,0.00506502724498413,0.375,6100.594350693738,0.2,150,5,0.15755555555555556,1.7864531525072165,5.539251555674848,0.0,0.12791658768850883,0.0002499000363367469,0.8148148148148148
mtd_ai,200,0.00506502724498413,0.4032258064516129,6644.242499441132,0.25,150,5,0.15755555555555556,1.7864531525072165,5.539251555674848,0.0,0.12791658768850883,0.0002499000363367469,0.8148148148148148
mtd_ai,200,0.005067789312654449,0.32608695652173914,2417.452949224862,0.05,150,5,0.104,4.690358756192239,6.091602381024517,0.0,0.15467274101886036,9.051935631074964e-05,0.7884615384615384
mtd_ai,200,0.005067789312654449,0.375,3635.665231656432,0.1,150,5,0.104,4.690358756192239,6.091602381024517,0.0,0.15467274101886036,9.051935631074964e-05,0.7884615384615384
mtd_ai,200,0.005067789312654449,0.4411764705882353,4539.67959207602,0.15,150,5,0.104,4.690358756192239,6.091602381024517,0.0,0.15467274101886036,9.051935631074964e-05,0.7884615384615384
mtd_ai,200,0.005067789312654449,0.4411764705882353,5542.634831697667,0.2,150,5,0.104,4.690358756192239,6.091602381024517,0.0,0.15467274101886036,9.051935631074964e-05,0.7884615384615384
mtd_ai,200,0.005067789312654449,0.4411764705882353,6418.895017315253,0.25,150,5,0.104,4.690358756192239,6.091602381024517,0.0,0.15467274101886036,9.051935631074964e-05,0.7884615384615384
mtd_ai,200,0.00503259743313703,0.26785714285714285,3184.074420012179,0.05,150,5,0.105,0.44765892959881753,1.688886727656036,0.0,0.20789920012659857,6.585019713116174e-05,0.7377049180327869
mtd_ai,200,0.00503259743313703,0.2830188679245283,5275.072806575219,0.1,150,5,0.105,0.44765892959881753,1.688886727656036,0.0,0.20789920012659857,6.585019713116174e-05,0.7377049180327869
mtd_ai,200,0.00503259743313703,0.34615384615384615,5991.18329557144,0.15,150,5,0.105,0.44765892959881753,1.688886727656036,0.0,0.20789920012659857,6.585019713116174e-05,0.7377049180327869
mtd_ai,200,0.00503259743313703,0.37037037037037035,6595.660284654179,0.2,150,5,0.105,0.44765892959881753,1.688886727656036,0.0,0.20789920012659857,6.585019713116174e-05,0.7377049180327869
mtd_ai,200,0.00503259743313703,0.41208791208791207,7047.3171296811615,0.25,150,5,0.105,0.44765892959881753,1.688886727656036,0.0,0.20789920012659857,6.585019713116174e-05,0.7377049180327869
mtd_ai,200,0.005052191270738542,0.4411764705882353,1452.6771868862556,0.05,150,5,0.11433333333333333,2.5279751494753753,5.260157688165197,0.0,0.2770917813384393,0.0001583600766228539,0.6666666666666666
mtd_ai,200,0.005052191270738542,0.38461538461538464,2773.3931452876695,0.1,150,5,0.11433333333333333,2.5279751494753753,5.260157688165197,0.0,0.2770917813384393,0.0001583600766228539,0.6666666666666666
mtd_ai,200,0.005052191270738542,0.4166666666666667,3708.8393390339297,0.15,150,5,0.11433333333333333,2.5279751494753753,5.260157688165197,0.0,0.2770917813384393,0.0001583600766228539,0.6666666666666666
mtd_ai,200,0.005052191270738542,0.43478260869565216,4477.98580136686,0.2,150,5,0.11433333333333333,2.5279751494753753,5.260157688165197,0.0,0.2770917813384393,0.0001583600766228539,0.6666666666666666
mtd_ai,200,0.005052191270738542,0.45180722891566266,5580.429245955068,0.25,150,5,0.11433333333333333,2.5279751494753753,5.260157688165197,0.0,0.2770917813384393,0.0001583600766228539,0.6666666666666666
mtd_ai,200,0.005065654255528707,0.26785714285714285,3017.399322166475,0.05,150,5,0.10800000000000001,0.3519949077122688,0.6445756540964611,0.0,0.17697572039062606,6.110179781480372e-05,0.8076923076923077
mtd_ai,200,0.005065654255528707,0.39473684210526316,3698.0635287883024,0.1,150,5,0.10800000000000001,0.3519949077122688,0.6445756540964611,0.0,0.17697572039062606,6.110179781480372e-05,0.8076923076923077
mtd_ai,200,0.005065654255528707,0.4166666666666667,5386.288536564167,0.15,150,5,0.10800000000000001,0.3519949077122688,0.6445756540964611,0.0,0.17697572039062606,6.110179781480372e-05,0.8076923076923077
mtd_ai,200,0.005065654255528707,0.379746835443038,6618.658342984876,0.2,150,5,0.10800000000000001,0.3519949077122688,0.6445756540964611,0.0,0.17697572039062606,6.110179781480372e-05,0.8076923076923077
mtd_ai,200,0.005065654255528707,0.42613636363636365,6964.255426708274,0.25,150,5,0.10800000000000001,0.3519949077122688,0.6445756540964611,0.0,0.17697572039062606,6.110179781480372e-05,0.8076923076923077
mtd_ai,200,0.005051987801048982,0.26785714285714285,2498.169616516966,0.05,150,5,0.06333333333333334,0.059590751261047396,0.14266770844888405,4.892857142857143,0.3426458214244557,8.015443400096737e-05,0.7441860465116279
mtd_ai,200,0.005051987801048982,0.3409090909090909,3674.6053085685217,0.1,150,5,0.06333333333333334,0.059590751261047396,0.14266770844888405,4.892857142857143,0.3426458214244557,8.015443400096737e-05,0.7441860465116279
mtd_ai,200,0.005051987801048982,0.39473684210526316,4255.168826588683,0.15,150,5,0.06333333333333334,0.059590751261047396,0.14266770844888405,4.892857142857143,0.3426458214244557,8.015443400096737e-05,0.7441860465116279
mtd_ai,200,0.005051987801048982,0.43478260869565216,4786.145283270137,0.2,150,5,0.06333333333333334,0.059590751261047396,0.14266770844888405,4.892857142857143,0.3426458214244557,8.015443400096737e-05,0.7441860465116279
mtd_ai,200,0.005051987801048982,0.4807692307692308,5096.145988750356,0.25,150,5,0.06333333333333334,0.059590751261047396,0.14266770844888405,4.892857142857143,0.3426458214244557,8.015443400096737e-05,0.7441860465116279
mtd_ai,200,0.005047871408611826,0.3409090909090909,1814.771269184663,0.05,150,5,0.15777777777777777,1.261945808479818,4.236956145278833,0.0,0.14317975605722616,0.0003234046587579579,0.72
mtd_ai,200,0.005047871408611826,0.40540540540540543,2714.040437759949,0.1,150,5,0.15777777777777777,1.261945808479818,4.236956145278833,0.0,0.14317975605722616,0.0003234046587579579,0.72
mtd_ai,200,0.005047871408611826,0.4411764705882353,3588.008211101165,0.15,150,5,0.15777777777777777,1.261945808479818,4.236956145278833,0.0,0.14317975605722616,0.0003234046587579579,0.72
mtd_ai,200,0.005047871408611826,0.46153846153846156,4419.667440045767,0.2,150,5,0.15777777777777777,1.261945808479818,4.236956145278833,0.0,0.14317975605722616,0.0003234046587579579,0.72
mtd_ai,200,0.005047871408611826,0.46296296296296297,5438.9102221323155,0.25,150,5,0.15777777777777777,1.261945808479818,4.236956145278833,0.0,0.14317975605722616,0.0003234046587579579,0.72
mtd_ai,200,0.005048691502623218,0.35714285714285715,1833.7057032473722,0.05,150,5,0.09433333333333334,1.8243465604302933,4.430261616375006,0.0,0.141727310885362,6.121775057514364e-05,0.7777777777777778
mtd_ai,200,0.005048691502623218,0.4411764705882353,2715.6456032380374,0.1,150,5,0.09433333333333334,1.8243465604302933,4.430261616375006,0.0,0.141727310885362,6.121775057514364e-05,0.7777777777777778
mtd_ai,200,0.005048691502623218,0.5,3251.5753286858103,0.15,150,5,0.09433333333333334,1.8243465604302933,4.430261616375006,0.0,0.141727310885362,6.121775057514364e-05,0.7777777777777778
mtd_ai,200,0.005048691502623218,0.5084745762711864,3877.8644573075235,0.2,150,5,0.09433333333333334,1.8243465604302933,4.430261616375006,0.0,0.141727310885362,6.121775057514364e-05,0.7777777777777778
mtd_ai,200,0.005048691502623218,0.46875,5491.769942770167,0.25,150,5,0.09433333333333334,1.8243465604302933,4.430261616375006,0.0,0.141727310885362,6.121775057514364e-05,0.7777777777777778
mtd_ai,200,0.005078552836110077,0.375,2226.1567672400433,0.05,150,5,0.13522222222222222,0.21448359585522883,0.6912893870704959,0.0,0.16274709309950539,6.506257711321615e-05,0.813953488372093
mtd_ai,200,0.005078552836110077,0.4166666666666667,3469.742757128979,0.1,150,5,0.13522222222222222,0.21448359585522883,0.6912893870704959,0.0,0.16274709309950539,6.506257711321615e-05,0.813953488372093
mtd_ai,200,0.005078552836110077,0.45,4146.92412616288,0.15,150,5,0.13522222222222222,0.21448359585522883,0.6912893870704959,0.0,0.16274709309950539,6.506257711321615e-05,0.813953488372093
mtd_ai,200,0.005078552836110077,0.46875,4865.295786408809,0.2,150,5,0.13522222222222222,0.21448359585522883,0.6912893870704959,0.0,0.16274709309950539,6.506257711321615e-05,0.813953488372093
mtd_ai,200,0.005078552836110077,0.4934210526315789,5435.902867328259,0.25,150,5,0.13522222222222222,0.21448359585522883,0.6912893870704959,0.0,0.16274709309950539,6.506257711321615e-05,0.813953488372093
mtd_ai,200,0.005059274542459383,0.35714285714285715,2193.9271919926205,0.05,150,5,0.0,0.13463610479099772,0.5322113585371964,-6.045454545454546,0.13390395813884629,5.708970520202811e-05,0.8421052631578947
mtd_ai,200,0.005059274542459383,0.46875,3080.517527162996,0.1,150,5,0.0,0.13463610479099772,0.5322113585371964,-6.045454545454546,0.13390395813884629,5.708970520202811e-05,0.8421052631578947
mtd_ai,200,0.005059274542459383,0.5625,3479.325999214032,0.15,150,5,0.0,0.13463610479099772,0.5322113585371964,-6.045454545454546,0.13390395813884629,5.708970520202811e-05,0.8421052631578947
mtd_ai,200,0.005059274542459383,0.5882352941176471,4054.688231836506,0.2,150,5,0.0,0.13463610479099772,0.5322113585371964,-6.045454545454546,0.13390395813884629,5.708970520202811e-05,0.8421052631578947
mtd_ai,200,0.005059274542459383,0.5859375,5060.690994087336,0.25,150,5,0.0,0.13463610479099772,0.5322113585371964,-6.045454545454546,0.13390395813884629,5.708970520202811e-05,0.8421052631578947
mtd_ai,200,0.0050763128783358575,0.2777777777777778,2034.8780806132927,0.05,150,5,0.11788888888888889,0.38090687863403255,1.616660425454693,0.0,0.3232686358829154,0.00010105862508470861,0.7727272727272727
mtd_ai,200,0.0050763128783358575,0.36585365853658536,3162.002240135462,0.1,150,5,0.11788888888888889,0.38090687863403255,1.616660425454693,0.0,0.3232686358829154,0.00010105862508470861,0.7727272727272727
mtd_ai,200,0.0050763128783358575,0.45,3510.370324191874,0.15,150,5,0.11788888888888889,0.38090687863403255,1.616660425454693,0.0,0.3232686358829154,0.00010105862508470861,0.7727272727272727
mtd_ai,200,0.0050763128783358575,0.46153846153846156,4716.12380050011,0.2,150,5,0.11788888888888889,0.38090687863403255,1.616660425454693,0.0,0.3232686358829154,0.00010105862508470861,0.7727272727272727
mtd_ai,200,0.0050763128783358575,0.5067567567567568,5412.985089498607,0.25,150,5,0.11788888888888889,0.38090687863403255,1.616660425454693,0.0,0.3232686358829154,0.00010105862508470861,0.7727272727272727
mtd_ai,200,0.0050362103452394336,0.234375,4067.5625724683205,0.05,150,5,0.11333333333333333,0.3693044009278494,1.3019418045402853,0.0,0.2408041741101778,5.833424398829603e-05,0.9347826086956522
mtd_ai,200,0.0050362103452394336,0.3333333333333333,4766.706861912728,0.1,150,5,0.11333333333333333,0.3693044009278494,1.3019418045402853,0.0,0.2408041741101778,5.833424398829603e-05,0.9347826086956522
mtd_ai,200,0.0050362103452394336,0.42452830188679247,5014.851046796911,0.15,150,5,0.11333333333333333,0.3693044009278494,1.3019418045402853,0.0,0.2408041741101778,5.833424398829603e-05,0.9347826086956522
mtd_ai,200,0.0050362103452394336,0.45454545454545453,5859.278169328286,0.2,150,5,0.11333333333333333,0.3693044009278494,1.3019418045402853,0.0,0.2408041741101778,5.833424398829603e-05,0.9347826086956522
mtd_ai,200,0.0050362103452394336,0.47468354430379744,6584.722298960229,0.25,150,5,0.11333333333333333,0.3693044009278494,1.3019418045402853,0.0,0.2408041741101778,5.833424398829603e-05,0.9347826086956522
mtd_ai,200,0.005036669174192424,0.24193548387096775,3533.4080151873986,0.05,150,5,0.12533333333333332,0.9565457199838159,3.0319997707612654,0.0,0.22880834304008082,6.163225617638177e-05,0.7735849056603774
mtd_ai,200,0.005036669174192424,0.3488372093023256,4325.428805742349,0.1,150,5,0.12533333333333332,0.9565457199838159,3.0319997707612654,0.0,0.22880834304008082,6.163225617638177e-05,0.7735849056603774
mtd_ai,200,0.005036669174192424,0.4166666666666667,4999.685803831999,0.15,150,5,0.12533333333333332,0.9565457199838159,3.0319997707612654,0.0,0.22880834304008082,6.163225617638177e-05,0.7735849056603774
mtd_ai,200,0.005036669174192424,0.4411764705882353,5667.030176651953,0.2,150,5,0.12533333333333332,0.9565457199838159,3.0319997707612654,0.0,0.22880834304008082,6.163225617638177e-05,0.7735849056603774
mtd_ai,200,0.005036669174192424,0.44642857142857145,6461.290742115087,0.25,150,5,0.12533333333333332,0.9565457199838159,3.0319997707612654,0.0,0.22880834304008082,6.163225617638177e-05,0.7735849056603774
mtd_ai,200,0.0050991617250977245,0.35714285714285715,1821.7288973870302,0.05,150,5,0.1,0.5077690204871711,1.8052427155342257,0.0,0.2406583369279016,0.00010906856730669307,0.8484848484848485
mtd_ai,200,0.0050991617250977245,0.42857142857142855,2798.1345870625487,0.1,150,5,0.1,0.5077690204871711,1.8052427155342257,0.0,0.2406583369279016,0.00010906856730669307,0.8484848484848485
mtd_ai,200,0.0050991617250977245,0.5113636363636364,3212.189299254227,0.15,150,5,0.1,0.5077690204871711,1.8052427155342257,0.0,0.2406583369279016,0.00010906856730669307,0.8484848484848485
mtd_ai,200,0.0050991617250977245,0.5357142857142857,3864.8913937858115,0.2,150,5,0.1,0.5077690204871711,1.8052427155342257,0.0,0.2406583369279016,0.00010906856730669307,0.8484848484848485
mtd_ai,200,0.0050991617250977245,0.5681818181818182,4321.599418408969,0.25,150,5,0.1,0.5077690204871711,1.8052427155342257,0.0,0.2406583369279016,0.00010906856730669307,0.8484848484848485
mtd_ai,200,0.005041027168446968,0.4166666666666667,1636.6122157365444,0.05,150,5,0.09733333333333333,0.004747375660565905,0.015978952919471528,0.0,0.35948033867399876,9.315869791642801e-05,0.7777777777777778
mtd_ai,200,0.005041027168446968,0.46875,2793.579139821898,0.1,150,5,0.09733333333333333,0.004747375660565905,0.015978952919471528,0.0,0.35948033867399876,9.315869791642801e-05,0.7777777777777778
mtd_ai,200,0.005041027168446968,0.4891304347826087,3906.6125837557665,0.15,150,5,0.09733333333333333,0.004747375660565905,0.015978952919471528,0.0,0.35948033867399876,9.315869791642801e-05,0.7777777777777778
mtd_ai,200,0.005041027168446968,0.5357142857142857,4401.0662590874435,0.2,150,5,0.09733333333333333,0.004747375660565905,0.015978952919471528,0.0,0.35948033867399876,9.315869791642801e-05,0.7777777777777778
mtd_ai,200,0.005041027168446968,0.5357142857142857,5358.831235331733,0.25,150,5,0.09733333333333333,0.004747375660565905,0.015978952919471528,0.0,0.35948033867399876,9.315869791642801e-05,0.7777777777777778
mtd_ai,200,0.00507327287094202,0.3125,2688.9625596290216,0.05,150,5,0.13276190476190475,0.4560097151245206,0.7072163845624203,0.0,0.2192114927778481,7.827736638862301e-05,0.8604651162790697
mtd_ai,200,0.00507327287094202,0.39473684210526316,3571.3805058416474,0.1,150,5,0.13276190476190475,0.4560097151245206,0.7072163845624203,0.0,0.2192114927778481,7.827736638862301e-05,0.8604651162790697
mtd_ai,200,0.00507327287094202,0.4787234042553192,4201.568811865435,0.15,150,5,0.13276190476190475,0.4560097151245206,0.7072163845624203,0.0,0.2192114927778481,7.827736638862301e-05,0.8604651162790697
mtd_ai,200,0.00507327287094202,0.47619047619047616,5338.560684116963,0.2,150,5,0.13276190476190475,0.4560097151245206,0.7072163845624203,0.0,0.2192114927778481,7.827736638862301e-05,0.8604651162790697
mtd_ai,200,0.00507327287094202,0.5208333333333334,5786.047701538617,0.25,150,5,0.13276190476190475,0.4560097151245206,0.7072163845624203,0.0,0.2192114927778481,7.827736638862301e-05,0.8604651162790697
mtd_ai,200,0.0050381634530988805,0.25,3435.036675805658,0.05,150,5,0.1752962962962963,0.7556718186289938,3.277972850847483,0.0,0.1357403037656181,7.628897541402627e-05,0.8333333333333334
mtd_ai,200,0.0050381634530988805,0.28846153846153844,4856.651881857313,0.1,150,5,0.1752962962962963,0.7556718186289938,3.277972850847483,0.0,0.1357403037656181,7.628897541402627e-05,0.8333333333333334
mtd_ai,200,0.0050381634530988805,0.3358208955223881,5648.037965889729,0.15,150,5,0.1752962962962963,0.7556718186289938,3.277972850847483,0.0,0.1357403037656181,7.628897541402627e-05,0.8333333333333334
mtd_ai,200,0.0050381634530988805,0.379746835443038,6193.2669904965915,0.2,150,5,0.1752962962962963,0.7556718186289938,3.277972850847483,0.0,0.1357403037656181,7.628897541402627e-05,0.8333333333333334
mtd_ai,200,0.0050381634530988805,0.4032258064516129,7113.0873351575665,0.25,150,5,0.1752962962962963,0.7556718186289938,3.277972850847483,0.0,0.1357403037656181,7.628897541402627e-05,0.8333333333333334
mtd_ai,200,0.00507497757369363,0.32608695652173914,2157.6760742033202,0.05,150,5,0.11333333333333333,0.1591455119552897,0.6883643511338364,0.0,0.1770447146907811,5.324022789738379e-05,0.7142857142857143
mtd_ai,200,0.00507497757369363,0.4166666666666667,3272.3940131668414,0.1,150,5,0.11333333333333333,0.1591455119552897,0.6883643511338364,0.0,0.1770447146907811,5.324022789738379e-05,0.7142857142857143
mtd_ai,200,0.00507497757369363,0.4411764705882353,4505.818209605777,0.15,150,5,0.11333333333333333,0.1591455119552897,0.6883643511338364,0.0,0.1770447146907811,5.324022789738379e-05,0.7142857142857143
mtd_ai,200,0.00507497757369363,0.47619047619047616,5029.8785974500925,0.2,150,5,0.11333333333333333,0.1591455119552897,0.6883643511338364,0.0,0.1770447146907811,5.324022789738379e-05,0.7142857142857143
mtd_ai,200,0.00507497757369363,0.4934210526315789,5561.614961556576,0.25,150,5,0.11333333333333333,0.1591455119552897,0.6883643511338364,0.0,0.1770447146907811,5.324022789738379e-05,0.7142857142857143
mtd_ai,200,0.005040233775491804,0.28846153846153844,2681.458366516501,0.05,150,5,0.13333333333333333,0.2951123004746394,1.1571860207852505,-4.655172413793103,0.27110794908206665,7.20899871896298e-05,0.7735849056603774
mtd_ai,200,0.005040233775491804,0.36585365853658536,3634.7908858060046,0.1,150,5,0.13333333333333333,0.2951123004746394,1.1571860207852505,-4.655172413793103,0.27110794908206665,7.20899871896298e-05,0.7735849056603774
mtd_ai,200,0.005040233775491804,0.4326923076923077,4686.129228929958,0.15,150,5,0.13333333333333333,0.2951123004746394,1.1571860207852505,-4.655172413793103,0.27110794908206665,7.20899871896298e-05,0.7735849056603774
mtd_ai,200,0.005040233775491804,0.4411764705882353,5594.577952235963,0.2,150,5,0.13333333333333333,0.2951123004746394,1.1571860207852505,-4.655172413793103,0.27110794908206665,7.20899871896298e-05,0.7735849056603774
mtd_ai,200,0.005040233775491804,0.46296296296296297,6486.353957198613,0.25,150,5,0.13333333333333333,0.2951123004746394,1.1571860207852505,-4.655172413793103,0.27110794908206665,7.20899871896298e-05,0.7735849056603774
mtd_ai,200,0.005069164146736479,0.3409090909090909,2071.14086842311,0.05,150,5,0.2727272727272727,0.8930135342006902,1.8995255694812234,0.0,0.35333690883682256,0.00011253438655155058,0.8222222222222222
mtd_ai,200,0.005069164146736479,0.39473684210526316,3205.485014434765,0.1,150,5,0.2727272727272727,0.8930135342006902,1.8995255694812234,0.0,0.35333690883682256,0.00011253438655155058,0.8222222222222222
mtd_ai,200,0.005069164146736479,0.45,3668.667722013016,0.15,150,5,0.2727272727272727,0.8930135342006902,1.8995255694812234,0.0,0.35333690883682256,0.00011253438655155058,0.8222222222222222
mtd_ai,200,0.005069164146736479,0.44776119402985076,4997.327955526726,0.2,150,5,0.2727272727272727,0.8930135342006902,1.8995255694812234,0.0,0.35333690883682256,0.00011253438655155058,0.8222222222222222
mtd_ai,200,0.005069164146736479,0.47468354430379744,5822.196278861928,0.25,150,5,0.2727272727272727,0.8930135342006902,1.8995255694812234,0.0,0.35333690883682256,0.00011253438655155058,0.8222222222222222
mtd_ai,200,0.00503754092054361,0.32608695652173914,2301.5886348549107,0.05,150,5,0.25,0.45074876938559677,1.582142799485333,0.0,0.3484854855592193,7.093833537858445e-05,0.8679245283018868
mtd_ai,200,0.00503754092054361,0.3125,4816.691682420312,0.1,150,5,0.25,0.45074876938559677,1.582142799485333,0.0,0.3484854855592193,7.093833537858445e-05,0.8679245283018868
mtd_ai,200,0.00503754092054361,0.35714285714285715,6128.529115246907,0.15,150,5,0.25,0.45074876938559677,1.582142799485333,0.0,0.3484854855592193,7.093833537858445e-05,0.8679245283018868
mtd_ai,200,0.00503754092054361,0.375,6954.836640531885,0.2,150,5,0.25,0.45074876938559677,1.582142799485333,0.0,0.3484854855592193,7.093833537858445e-05,0.8679245283018868
mtd_ai,200,0.00503754092054361,0.42134831460674155,7263.622757374384,0.25,150,5,0.25,0.45074876938559677,1.582142799485333,0.0,0.3484854855592193,7.093833537858445e-05,0.8679245283018868
mtd_ai,200,0.005062035120506938,0.39473684210526316,1492.0675085553576,0.05,150,5,0.094,2.9280630477395952,4.106602080099114,0.0,0.16586402710772277,5.367643026758296e-05,0.7884615384615384
mtd_ai,200,0.005062035120506938,0.375,3046.110132102269,0.1,150,5,0.094,2.9280630477395952,4.106602080099114,0.0,0.16586402710772277,5.367643026758296e-05,0.7884615384615384
mtd_ai,200,0.005062035120506938,0.4017857142857143,4810.976079919118,0.15,150,5,0.094,2.9280630477395952,4.106602080099114,0.0,0.16586402710772277,5.367643026758296e-05,0.7884615384615384
mtd_ai,200,0.005062035120506938,0.40540540540540543,5704.597648345578,0.2,150,5,0.094,2.9280630477395952,4.106602080099114,0.0,0.16586402710772277,5.367643026758296e-05,0.7884615384615384
mtd_ai,200,0.005062035120506938,0.4411764705882353,6284.534689180502,0.25,150,5,0.094,2.9280630477395952,4.106602080099114,0.0,0.16586402710772277,5.367643026758296e-05,0.7884615384615384
mtd_ai,200,0.0050380874347974525,0.22727272727272727,3389.9085762208892,0.05,150,5,0.12825396825396826,1.4702951389585424,5.0585196932612355,0.0,0.21708119200606282,0.00035789014617134475,0.7450980392156863
mtd_ai,200,0.0050380874347974525,0.32608695652173914,4171.694686874375,0.1,150,5,0.12825396825396826,1.4702951389585424,5.0585196932612355,0.0,0.21708119200606282,0.00035789014617134475,0.7450980392156863
mtd_ai,200,0.0050380874347974525,0.4090909090909091,4623.771564367256,0.15,150,5,0.12825396825396826,1.4702951389585424,5.0585196932612355,0.0,0.21708119200606282,0.00035789014617134475,0.7450980392156863
mtd_ai,200,0.0050380874347974525,0.44776119402985076,5312.104115282512,0.2,150,5,0.12825396825396826,1.4702951389585424,5.0585196932612355,0.0,0.21708119200606282,0.00035789014617134475,0.7450980392156863
mtd_ai,200,0.0050380874347974525,0.4411764705882353,5914.057113831752,0.25,150,5,0.12825396825396826,1.4702951389585424,5.0585196932612355,0.0,0.21708119200606282,0.00035789014617134475,0.7450980392156863
mtd_ai,200,0.005068510905701359,0.35714285714285715,1435.0938813406738,0.05,150,5,0.14666666666666667,0.6327135099878202,1.7095672799839792,0.0,0.32242835576626705,0.00033423090102660514,0.7192982456140351
mtd_ai,200,0.005068510905701359,0.39473684210526316,2710.1183179627596,0.1,150,5,0.14666666666666667,0.6327135099878202,1.7095672799839792,0.0,0.32242835576626705,0.00033423090102660514,0.7192982456140351
mtd_ai,200,0.005068510905701359,0.4326923076923077,3615.501838812562,0.15,150,5,0.14666666666666667,0.6327135099878202,1.7095672799839792,0.0,0.32242835576626705,0.00033423090102660514,0.7192982456140351
mtd_ai,200,0.005068510905701359,0.44776119402985076,4701.432486015518,0.2,150,5,0.14666666666666667,0.6327135099878202,1.7095672799839792,0.0,0.32242835576626705,0.00033423090102660514,0.7192982456140351
mtd_ai,200,0.005068510905701359,0.46296296296296297,6505.649495960847,0.25,150,5,0.14666666666666667,0.6327135099878202,1.7095672799839792,0.0,0.32242835576626705,0.00033423090102660514,0.7192982456140351
mtd_ai,200,0.005087855484121767,0.35714285714285715,1988.9853830821587,0.05,150,5,0.14666666666666667,1.8813660273449087,2.4771905115009547,0.0,0.24684305244553054,0.00010455569104918445,0.7333333333333333
mtd_ai,200,0.005087855484121767,0.38461538461538464,3661.2885916152336,0.1,150,5,0.14666666666666667,1.8813660273449087,2.4771905115009547,0.0,0.24684305244553054,0.00010455569104918445,0.7333333333333333
mtd_ai,200,0.005087855484121767,0.45,4046.948786578152,0.15,150,5,0.14666666666666667,1.8813660273449087,2.4771905115009547,0.0,0.24684305244553054,0.00010455569104918445,0.7333333333333333
mtd_ai,200,0.005087855484121767,0.46875,4587.887499807994,0.2,150,5,0.14666666666666667,1.8813660273449087,2.4771905115009547,0.0,0.24684305244553054,0.00010455569104918445,0.7333333333333333
mtd_ai,200,0.005087855484121767,0.5,5215.494647033734,0.25,150,5,0.14666666666666667,1.8813660273449087,2.4771905115009547,0.0,0.24684305244553054,0.00010455569104918445,0.7333333333333333
mtd_ai,200,0.005047417328511162,0.25,3009.0834304844047,0.05,150,5,0.13833333333333334,0.12289038430582115,0.36941154580970087,0.0,0.17320237154585127,6.395987891737397e-05,0.8333333333333334
mtd_ai,200,0.005047417328511162,0.28846153846153844,4745.0139038791,0.1,150,5,0.13833333333333334,0.12289038430582115,0.36941154580970087,0.0,0.17320237154585127,6.395987891737397e-05,0.8333333333333334
mtd_ai,200,0.005047417328511162,0.3515625,5373.815602619102,0.15,150,5,0.13833333333333334,0.12289038430582115,0.36941154580970087,0.0,0.17320237154585127,6.395987891737397e-05,0.8333333333333334
mtd_ai,200,0.005047417328511162,0.38461538461538464,6209.352898763566,0.2,150,5,0.13833333333333334,0.12289038430582115,0.36941154580970087,0.0,0.17320237154585127,6.395987891737397e-05,0.8333333333333334
mtd_ai,200,0.005047417328511162,0.4032258064516129,7833.545410586361,0.25,150,5,0.13833333333333334,0.12289038430582115,0.36941154580970087,0.0,0.17320237154585127,6.395987891737397e-05,0.8333333333333334
mtd_ai,200,0.005032491573505903,0.22727272727272727,3800.017797056417,0.05,150,5,0.1321111111111111,0.8488683077570331,3.723452691671841,0.0,0.15585580225115503,5.8124401768561265e-05,0.746268656716418
mtd_ai,200,0.005032491573505903,0.25,5823.473508723573,0.1,150,5,0.1321111111111111,0.8488683077570331,3.723452691671841,0.0,0.15585580225115503,5.8124401768561265e-05,0.746268656716418
mtd_ai,200,0.005032491573505903,0.3125,6352.775218151644,0.15,150,5,0.1321111111111111,0.8488683077570331,3.723452691671841,0.0,0.15585580225115503,5.8124401768561265e-05,0.746268656716418
mtd_ai,200,0.005032491573505903,0.35294117647058826,6870.766677253878,0.2,150,5,0.1321111111111111,0.8488683077570331,3.723452691671841,0.0,0.15585580225115503,5.8124401768561265e-05,0.746268656716418
mtd_ai,200,0.005032491573505903,0.3787878787878788,7693.317111232186,0.25,150,5,0.1321111111111111,0.8488683077570331,3.723452691671841,0.0,0.15585580225115503,5.8124401768561265e-05,0.746268656716418
mtd_ai,200,0.005041109492012505,0.375,2006.34964151454,0.05,150,5,0.125,0.6828681746628534,1.0634187324761808,-7.882352941176471,0.21669182575573448,0.00010677884374896416,0.813953488372093
mtd_ai,200,0.005041109492012505,0.38461538461538464,3872.4681830768895,0.1,150,5,0.125,0.6828681746628534,1.0634187324761808,-7.882352941176471,0.21669182575573448,0.00010677884374896416,0.813953488372093
mtd_ai,200,0.005041109492012505,0.45918367346938777,4439.196785722709,0.15,150,5,0.125,0.6828681746628534,1.0634187324761808,-7.882352941176471,0.21669182575573448,0.00010677884374896416,0.813953488372093
mtd_ai,200,0.005041109492012505,0.5,4877.835039518969,0.2,150,5,0.125,0.6828681746628534,1.0634187324761808,-7.882352941176471,0.21669182575573448,0.00010677884374896416,0.813953488372093
mtd_ai,200,0.005041109492012505,0.5434782608695652,5255.06144127376,0.25,150,5,0.125,0.6828681746628534,1.0634187324761808,-7.882352941176471,0.21669182575573448,0.00010677884374896416,0.813953488372093
mtd_ai,200,0.005043322005455585,0.3,3017.51567301838,0.05,150,5,0.13238095238095238,0.8139568286667602,3.6622674520449667,0.0,0.3805016291341469,8.011806262712696e-05,0.8125
mtd_ai,200,0.005043322005455585,0.3488372093023256,4002.764198923931,0.1,150,5,0.13238095238095238,0.8139568286667602,3.6622674520449667,0.0,0.3805016291341469,8.011806262712696e-05,0.8125
mtd_ai,200,0.005043322005455585,0.42452830188679247,4471.190376311211,0.15,150,5,0.13238095238095238,0.8139568286667602,3.6622674520449667,0.0,0.3805016291341469,8.011806262712696e-05,0.8125
mtd_ai,200,0.005043322005455585,0.47619047619047616,5232.051799317647,0.2,150,5,0.13238095238095238,0.8139568286667602,3.6622674520449667,0.0,0.3805016291341469,8.011806262712696e-05,0.8125
mtd_ai,200,0.005043322005455585,0.4934210526315789,6177.848264567747,0.25,150,5,0.13238095238095238,0.8139568286667602,3.6622674520449667,0.0,0.3805016291341469,8.011806262712696e-05,0.8125
mtd_ai,200,0.005049758981103878,0.4411764705882353,1764.7974749278824,0.05,150,5,0.1,7.165924808397141,5.885380399182022,0.0,0.26805829241921963,0.00030046572210171385,0.8292682926829268
mtd_ai,200,0.005049758981103878,0.4838709677419355,2561.7956360869507,0.1,150,5,0.1,7.165924808397141,5.885380399182022,0.0,0.26805829241921963,0.00030046572210171385,0.8292682926829268
mtd_ai,200,0.005049758981103878,0.5232558139534884,3634.193212370891,0.15,150,5,0.1,7.165924808397141,5.885380399182022,0.0,0.26805829241921963,0.00030046572210171385,0.8292682926829268
mtd_ai,200,0.005049758981103878,0.5,4467.742803862938,0.2,150,5,0.1,7.165924808397141,5.885380399182022,0.0,0.26805829241921963,0.00030046572210171385,0.8292682926829268
mtd_ai,200,0.005049758981103878,0.5067567567567568,5291.032959024459,0.25,150,5,0.1,7.165924808397141,5.885380399182022,0.0,0.26805829241921963,0.00030046572210171385,0.8292682926829268
mtd_ai,200,0.005055551251448894,0.32608695652173914,2169.9075823484645,0.05,150,5,0.121,0.14856784223039943,0.6172735022945677,0.0,0.29654608537509536,8.252789134027002e-05,0.8
mtd_ai,200,0.005055551251448894,0.3488372093023256,3853.454050665361,0.1,150,5,0.121,0.14856784223039943,0.6172735022945677,0.0,0.29654608537509536,8.252789134027002e-05,0.8
mtd_ai,200,0.005055551251448894,0.32142857142857145,6245.015951711581,0.15,150,5,0.121,0.14856784223039943,0.6172735022945677,0.0,0.29654608537509536,8.252789134027002e-05,0.8
mtd_ai,200,0.005055551251448894,0.3448275862068966,6976.122000150644,0.2,150,5,0.121,0.14856784223039943,0.6172735022945677,0.0,0.29654608537509536,8.252789134027002e-05,0.8
mtd_ai,200,0.005055551251448894,0.3640776699029126,7621.341495838046,0.25,150,5,0.121,0.14856784223039943,0.6172735022945677,0.0,0.29654608537509536,8.252789134027002e-05,0.8
mtd_ai,200,0.005061131480870217,0.3125,2677.7762302082965,0.05,150,5,0.12666666666666668,0.9757287991980123,4.065821786709758,0.0,0.3726467732268148,0.00013806311691149905,0.7321428571428571
mtd_ai,200,0.005061131480870217,0.36585365853658536,4187.746681380753,0.1,150,5,0.12666666666666668,0.9757287991980123,4.065821786709758,0.0,0.3726467732268148,0.00013806311691149905,0.7321428571428571
mtd_ai,200,0.005061131480870217,0.3879310344827586,5104.4248298858365,0.15,150,5,0.12666666666666668,0.9757287991980123,4.065821786709758,0.0,0.3726467732268148,0.00013806311691149905,0.7321428571428571
mtd_ai,200,0.005061131480870217,0.379746835443038,6220.94465096804,0.2,150,5,0.12666666666666668,0.9757287991980123,4.065821786709758,0.0,0.3726467732268148,0.00013806311691149905,0.7321428571428571
mtd_ai,200,0.005061131480870217,0.4166666666666667,6529.2995211285015,0.25,150,5,0.12666666666666668,0.9757287991980123,4.065821786709758,0.0,0.3726467732268148,0.00013806311691149905,0.7321428571428571
mtd_ai,200,0.005047908587318769,0.3409090909090909,1815.08303265361,0.05,150,5,0.13257142857142856,0.054655935433792636,0.03586794130945984,0.0,0.1278703117812407,3.707282173168468e-05,0.75
mtd_ai,200,0.005047908587318769,0.3488372093023256,3253.414952299371,0.1,150,5,0.13257142857142856,0.054655935433792636,0.03586794130945984,0.0,0.1278703117812407,3.707282173168468e-05,0.75
mtd_ai,200,0.005047908587318769,0.375,4440.569654512385,0.15,150,5,0.13257142857142856,0.054655935433792636,0.03586794130945984,0.0,0.1278703117812407,3.707282173168468e-05,0.75
mtd_ai,200,0.005047908587318769,0.4,5252.056427576232,0.2,150,5,0.13257142857142856,0.054655935433792636,0.03586794130945984,0.0,0.1278703117812407,3.707282173168468e-05,0.75
mtd_ai,200,0.005047908587318769,0.41208791208791207,6185.302800232298,0.25,150,5,0.13257142857142856,0.054655935433792636,0.03586794130945984,0.0,0.1278703117812407,3.707282173168468e-05,0.75
mtd_ai,200,0.005058723965565178,0.39473684210526316,1739.9701677178175,0.05,150,5,0.1517777777777778,0.590241844579203,0.36671993313403944,0.0,0.22517073655955364,0.00028737904942594396,0.7818181818181819
mtd_ai,200,0.005058723965565178,0.3488372093023256,3708.849732861462,0.1,150,5,0.1517777777777778,0.590241844579203,0.36671993313403944,0.0,0.22517073655955364,0.00028737904942594396,0.7818181818181819
mtd_ai,200,0.005058723965565178,0.36885245901639346,5246.430731567081,0.15,150,5,0.1517777777777778,0.590241844579203,0.36671993313403944,0.0,0.22517073655955364,0.00028737904942594396,0.7818181818181819
mtd_ai,200,0.005058723965565178,0.39473684210526316,6046.69802703093,0.2,150,5,0.1517777777777778,0.590241844579203,0.36671993313403944,0.0,0.22517073655955364,0.00028737904942594396,0.7818181818181819
mtd_ai,200,0.005058723965565178,0.42613636363636365,6513.301179968033,0.25,150,5,0.1517777777777778,0.590241844579203,0.36671993313403944,0.0,0.22517073655955364,0.00028737904942594396,0.7818181818181819
mtd_ai,200,0.005066160366333821,0.28846153846153844,2308.1358002228094,0.05,150,5,0.13444444444444445,0.24721468860826962,0.8224417020367176,0.0,0.2522404309827735,8.590735902007584e-05,0.7962962962962963
mtd_ai,200,0.005066160366333821,0.38461538461538464,3451.2211591376613,0.1,150,5,0.13444444444444445,0.24721468860826962,0.8224417020367176,0.0,0.2522404309827735,8.590735902007584e-05,0.7962962962962963
mtd_ai,200,0.005066160366333821,0.45918367346938777,3776.8994300613217,0.15,150,5,0.13444444444444445,0.24721468860826962,0.8224417020367176,0.0,0.2522404309827735,8.590735902007584e-05,0.7962962962962963
mtd_ai,200,0.005066160366333821,0.4918032786885246,4446.018948403687,0.2,150,5,0.13444444444444445,0.24721468860826962,0.8224417020367176,0.0,0.2522404309827735,8.590735902007584e-05,0.7962962962962963
mtd_ai,200,0.005066160366333821,0.45180722891566266,6701.111703909488,0.25,150,5,0.13444444444444445,0.24721468860826962,0.8224417020367176,0.0,0.2522404309827735,8.590735902007584e-05,0.7962962962962963
mtd_ai,200,0.005061662123665231,0.3125,2219.2541286300493,0.05,150,5,0.1522222222222222,0.6287248446082708,2.7434141055761074,0.0,0.2577651041861343,6.909377159772919e-05,0.8301886792452831
mtd_ai,200,0.005061662123665231,0.30612244897959184,4043.7123678180587,0.1,150,5,0.1522222222222222,0.6287248446082708,2.7434141055761074,0.0,0.2577651041861343,6.909377159772919e-05,0.8301886792452831
mtd_ai,200,0.005061662123665231,0.3515625,5050.0382966641755,0.15,150,5,0.1522222222222222,0.6287248446082708,2.7434141055761074,0.0,0.2577651041861343,6.909377159772919e-05,0.8301886792452831
mtd_ai,200,0.005061662123665231,0.35714285714285715,5982.273381811848,0.2,150,5,0.1522222222222222,0.6287248446082708,2.7434141055761074,0.0,0.2577651041861343,6.909377159772919e-05,0.8301886792452831
mtd_ai,200,0.005061662123665231,0.375,6682.57565804319,0.25,150,5,0.1522222222222222,0.6287248446082708,2.7434141055761074,0.0,0.2577651041861343,6.909377159772919e-05,0.8301886792452831
mtd_ai,200,0.005047191744604315,0.25862068965517243,2402.6558505650128,0.05,150,5,0.12044444444444444,0.16501226427976431,0.7018432543705593,0.0,0.11915139752434536,5.820983088092029e-05,0.7692307692307693
mtd_ai,200,0.005047191744604315,0.25,4447.8250696026225,0.1,150,5,0.12044444444444444,0.16501226427976431,0.7018432543705593,0.0,0.11915139752434536,5.820983088092029e-05,0.7692307692307693
mtd_ai,200,0.005047191744604315,0.31690140845070425,5020.195082595099,0.15,150,5,0.12044444444444444,0.16501226427976431,0.7018432543705593,0.0,0.11915139752434536,5.820983088092029e-05,0.7692307692307693
mtd_ai,200,0.005047191744604315,0.3409090909090909,5783.455119938317,0.2,150,5,0.12044444444444444,0.16501226427976431,0.7018432543705593,0.0,0.11915139752434536,5.820983088092029e-05,0.7692307692307693
mtd_ai,200,0.005047191744604315,0.375,6347.123447260947,0.25,150,5,0.12044444444444444,0.16501226427976431,0.7018432543705593,0.0,0.11915139752434536,5.820983088092029e-05,0.7692307692307693
mtd_ai,200,0.005042083469488235,0.3,2444.424181492467,0.05,150,5,0.15789473684210525,0.23337346139671775,0.6548173302802727,-5.458333333333333,0.12506230906451465,3.882811399719627e-05,0.8444444444444444
mtd_ai,200,0.005042083469488235,0.3333333333333333,4003.616386939024,0.1,150,5,0.15789473684210525,0.23337346139671775,0.6548173302802727,-5.458333333333333,0.12506230906451465,3.882811399719627e-05,0.8444444444444444
mtd_ai,200,0.005042083469488235,0.4090909090909091,4427.831556824156,0.15,150,5,0.15789473684210525,0.23337346139671775,0.6548173302802727,-5.458333333333333,0.12506230906451465,3.882811399719627e-05,0.8444444444444444
mtd_ai,200,0.005042083469488235,0.410958904109589,5178.451422043616,0.2,150,5,0.15789473684210525,0.23337346139671775,0.6548173302802727,-5.458333333333333,0.12506230906451465,3.882811399719627e-05,0.8444444444444444
mtd_ai,200,0.005042083469488235,0.4573170731707317,5667.8280294152655,0.25,150,5,0.15789473684210525,0.23337346139671775,0.6548173302802727,-5.458333333333333,0.12506230906451465,3.882811399719627e-05,0.8444444444444444
mtd_ai,200,0.005073094504215677,0.35714285714285715,1720.1670172727486,0.05,150,5,0.10833333333333334,2.981269789309914,5.453605623108179,0.0,0.24260776464580977,0.0003381653517508515,0.8297872340425532
mtd_ai,200,0.005073094504215677,0.36585365853658536,3707.6159058969215,0.1,150,5,0.10833333333333334,2.981269789309914,5.453605623108179,0.0,0.24260776464580977,0.0003381653517508515,0.8297872340425532
mtd_ai,200,0.005073094504215677,0.39473684210526316,4599.125332488922,0.15,150,5,0.10833333333333334,2.981269789309914,5.453605623108179,0.0,0.24260776464580977,0.0003381653517508515,0.8297872340425532
mtd_ai,200,0.005073094504215677,0.42857142857142855,5410.262856932926,0.2,150,5,0.10833333333333334,2.981269789309914,5.453605623108179,0.0,0.24260776464580977,0.0003381653517508515,0.8297872340425532
mtd_ai,200,0.005073094504215677,0.45180722891566266,6143.093571885412,0.25,150,5,0.10833333333333334,2.981269789309914,5.453605623108179,0.0,0.24260776464580977,0.0003381653517508515,0.8297872340425532
mtd_ai,200,0.005067851749103315,0.3,2558.4030264931257,0.05,150,5,0.1444444444444445,1.0218272677962414,1.4994309606839833,0.0,0.23246399165589288,6.979528104015017e-05,0.7358490566037735
mtd_ai,200,0.005067851749103315,0.42857142857142855,3238.2789807579748,0.1,150,5,0.1444444444444445,1.0218272677962414,1.4994309606839833,0.0,0.23246399165589288,6.979528104015017e-05,0.7358490566037735
mtd_ai,200,0.005067851749103315,0.45,4547.761164235584,0.15,150,5,0.1444444444444445,1.0218272677962414,1.4994309606839833,0.0,0.23246399165589288,6.979528104015017e-05,0.7358490566037735
mtd_ai,200,0.005067851749103315,0.46153846153846156,5350.897590325067,0.2,150,5,0.1444444444444445,1.0218272677962414,1.4994309606839833,0.0,0.23246399165589288,6.979528104015017e-05,0.7358490566037735
mtd_ai,200,0.005067851749103315,0.4807692307692308,6157.954290060504,0.25,150,5,0.1444444444444445,1.0218272677962414,1.4994309606839833,0.0,0.23246399165589288,6.979528104015017e-05,0.7358490566037735
mtd_ai,200,0.005047087596332294,0.4411764705882353,1499.4968779325854,0.05,150,5,0.115,0.8570154743384872,3.567464063180286,0.0,0.11682181903283645,5.669217002378565e-05,0.8043478260869565
mtd_ai,200,0.005047087596332294,0.38461538461538464,2903.519911500078,0.1,150,5,0.115,0.8570154743384872,3.567464063180286,0.0,0.11682181903283645,5.669217002378565e-05,0.8043478260869565
mtd_ai,200,0.005047087596332294,0.4017857142857143,3948.995919301706,0.15,150,5,0.115,0.8570154743384872,3.567464063180286,0.0,0.11682181903283645,5.669217002378565e-05,0.8043478260869565
mtd_ai,200,0.005047087596332294,0.40540540540540543,5098.106890901117,0.2,150,5,0.115,0.8570154743384872,3.567464063180286,0.0,0.11682181903283645,5.669217002378565e-05,0.8043478260869565
mtd_ai,200,0.005047087596332294,0.4411764705882353,5645.109030532167,0.25,150,5,0.115,0.8570154743384872,3.567464063180286,0.0,0.11682181903283645,5.669217002378565e-05,0.8043478260869565
mtd_ai,200,0.005044807082413366,0.3125,2444.258406413089,0.05,150,5,0.15555555555555556,0.5541393353976565,1.9315532987994788,0.0,0.2034404153609281,7.25673112860095e-05,0.7142857142857143
mtd_ai,200,0.005044807082413366,0.3333333333333333,4533.32675593823,0.1,150,5,0.15555555555555556,0.5541393353976565,1.9315532987994788,0.0,0.2034404153609281,7.25673112860095e-05,0.7142857142857143
mtd_ai,200,0.005044807082413366,0.4090909090909091,5140.392530652394,0.15,150,5,0.15555555555555556,0.5541393353976565,1.9315532987994788,0.0,0.2034404153609281,7.25673112860095e-05,0.7142857142857143
mtd_ai,200,0.005044807082413366,0.43478260869565216,5856.840125668921,0.2,150,5,0.15555555555555556,0.5541393353976565,1.9315532987994788,0.0,0.2034404153609281,7.25673112860095e-05,0.7142857142857143
mtd_ai,200,0.005044807082413366,0.4807692307692308,6443.067202254288,0.25,150,5,0.15555555555555556,0.5541393353976565,1.9315532987994788,0.0,0.2034404153609281,7.25673112860095e-05,0.7142857142857143
mtd_ai,200,0.005061658159169911,0.35714285714285715,1992.670696041167,0.05,150,5,0.1428888888888889,0.34033627629935337,1.38848816718371,0.0,0.24667989905559082,0.00013253518918500341,0.7407407407407407
mtd_ai,200,0.005061658159169911,0.3488372093023256,3610.941283034532,0.1,150,5,0.1428888888888889,0.34033627629935337,1.38848816718371,0.0,0.24667989905559082,0.00013253518918500341,0.7407407407407407
mtd_ai,200,0.005061658159169911,0.4090909090909091,4354.62256706095,0.15,150,5,0.1428888888888889,0.34033627629935337,1.38848816718371,0.0,0.24667989905559082,0.00013253518918500341,0.7407407407407407
mtd_ai,200,0.005061658159169911,0.375,5460.508838613301,0.2,150,5,0.1428888888888889,0.34033627629935337,1.38848816718371,0.0,0.24667989905559082,0.00013253518918500341,0.7407407407407407
mtd_ai,200,0.005061658159169911,0.4032258064516129,6217.879441356648,0.25,150,5,0.1428888888888889,0.34033627629935337,1.38848816718371,0.0,0.24667989905559082,0.00013253518918500341,0.7407407407407407
mtd_ai,200,0.0050777648679617305,0.3409090909090909,2459.051809023886,0.05,150,5,0.07333333333333333,0.3028620748926447,1.1235717949835002,0.0,0.21012311488731164,0.00045909475691739286,0.9230769230769231
mtd_ai,200,0.0050777648679617305,0.39473684210526316,3710.242519841927,0.1,150,5,0.07333333333333333,0.3028620748926447,1.1235717949835002,0.0,0.21012311488731164,0.00045909475691739286,0.9230769230769231
mtd_ai,200,0.0050777648679617305,0.46875,4365.985154958879,0.15,150,5,0.07333333333333333,0.3028620748926447,1.1235717949835002,0.0,0.21012311488731164,0.00045909475691739286,0.9230769230769231
mtd_ai,200,0.0050777648679617305,0.5,5127.953693284509,0.2,150,5,0.07333333333333333,0.3028620748926447,1.1235717949835002,0.0,0.21012311488731164,0.00045909475691739286,0.9230769230769231
mtd_ai,200,0.0050777648679617305,0.5357142857142857,5587.897820811124,0.25,150,5,0.07333333333333333,0.3028620748926447,1.1235717949835002,0.0,0.21012311488731164,0.00045909475691739286,0.9230769230769231
mtd_ai,200,0.005049235150328305,0.3,2581.0230465688646,0.05,150,5,0.1425,0.027591568594232424,0.09818101270194031,0.0,0.28172782052285444,8.349877350283259e-05,0.7708333333333334
mtd_ai,200,0.005049235150328305,0.3488372093023256,3802.549971566359,0.1,150,5,0.1425,0.027591568594232424,0.09818101270194031,0.0,0.28172782052285444,8.349877350283259e-05,0.7708333333333334
mtd_ai,200,0.005049235150328305,0.4090909090909091,4500.8658212836035,0.15,150,5,0.1425,0.027591568594232424,0.09818101270194031,0.0,0.28172782052285444,8.349877350283259e-05,0.7708333333333334
mtd_ai,200,0.005049235150328305,0.44776119402985076,5076.884657957733,0.2,150,5,0.1425,0.027591568594232424,0.09818101270194031,0.0,0.28172782052285444,8.349877350283259e-05,0.7708333333333334
mtd_ai,200,0.005049235150328305,0.4807692307692308,5667.1122171513725,0.25,150,5,0.1425,0.027591568594232424,0.09818101270194031,0.0,0.28172782052285444,8.349877350283259e-05,0.7708333333333334
mtd_ai,200,0.005038889330054601,0.25862068965517243,2053.2376860979057,0.05,150,5,0.18944444444444442,0.3288908076836524,1.3010457908773538,0.0,0.20301005737577146,8.941813273742654e-05,0.7692307692307693
mtd_ai,200,0.005038889330054601,0.32608695652173914,3015.1424630514666,0.1,150,5,0.18944444444444442,0.3288908076836524,1.3010457908773538,0.0,0.20301005737577146,8.941813273742654e-05,0.7692307692307693
mtd_ai,200,0.005038889330054601,0.36885245901639346,3720.5691573418653,0.15,150,5,0.18944444444444442,0.3288908076836524,1.3010457908773538,0.0,0.20301005737577146,8.941813273742654e-05,0.7692307692307693
mtd_ai,200,0.005038889330054601,0.33707865168539325,5593.200417998469,0.2,150,5,0.18944444444444442,0.3288908076836524,1.3010457908773538,0.0,0.20301005737577146,8.941813273742654e-05,0.7692307692307693
mtd_ai,200,0.005038889330054601,0.36764705882352944,6216.349038882982,0.25,150,5,0.18944444444444442,0.3288908076836524,1.3010457908773538,0.0,0.20301005737577146,8.941813273742654e-05,0.7692307692307693
mtd_ai,200,0.005041216881108079,0.24193548387096775,3470.87272304797,0.05,150,5,0.3076923076923077,0.17702273188029127,0.5608001079971224,-3.8055555555555554,0.2956787175998058,7.64725139892966e-05,0.8
mtd_ai,200,0.005041216881108079,0.3333333333333333,4196.589173928488,0.1,150,5,0.3076923076923077,0.17702273188029127,0.5608001079971224,-3.8055555555555554,0.2956787175998058,7.64725139892966e-05,0.8
mtd_ai,200,0.005041216881108079,0.3813559322033898,4868.874829513036,0.15,150,5,0.3076923076923077,0.17702273188029127,0.5608001079971224,-3.8055555555555554,0.2956787175998058,7.64725139892966e-05,0.8
mtd_ai,200,0.005041216881108079,0.410958904109589,5759.260426427645,0.2,150,5,0.3076923076923077,0.17702273188029127,0.5608001079971224,-3.8055555555555554,0.2956787175998058,7.64725139892966e-05,0.8
mtd_ai,200,0.005041216881108079,0.4411764705882353,6298.194953430583,0.25,150,5,0.3076923076923077,0.17702273188029127,0.5608001079971224,-3.8055555555555554,0.2956787175998058,7.64725139892966e-05,0.8
mtd_ai,200,0.0050525195806489535,0.22727272727272727,2470.96068658258,0.05,150,5,0.1,1.7135120679434888,3.448325002258692,0.0,0.2140322629187172,0.00011466871567142748,0.75
mtd_ai,200,0.0050525195806489535,0.32608695652173914,3494.479616245366,0.1,150,5,0.1,1.7135120679434888,3.448325002258692,0.0,0.2140322629187172,0.00011466871567142748,0.75
mtd_ai,200,0.0050525195806489535,0.4017857142857143,4039.3729718444474,0.15,150,5,0.1,1.7135120679434888,3.448325002258692,0.0,0.2140322629187172,0.00011466871567142748,0.75
mtd_ai,200,0.0050525195806489535,0.43478260869565216,4724.715099261368,0.2,150,5,0.1,1.7135120679434888,3.448325002258692,0.0,0.2140322629187172,0.00011466871567142748,0.75
mtd_ai,200,0.0050525195806489535,0.4573170731707317,5633.959214661683,0.25,150,5,0.1,1.7135120679434888,3.448325002258692,0.0,0.2140322629187172,0.00011466871567142748,0.75
mtd_ai,200,0.0050725041435704405,0.22727272727272727,3528.7629569449077,0.05,150,5,0.095,0.40222126871080194,1.4738375925009235,0.0,0.31212494194199747,0.00011121077039729693,0.82
mtd_ai,200,0.0050725041435704405,0.3,4319.54256999474,0.1,150,5,0.095,0.40222126871080194,1.4738375925009235,0.0,0.31212494194199747,0.00011121077039729693,0.82
mtd_ai,200,0.0050725041435704405,0.3515625,5320.900104770798,0.15,150,5,0.095,0.40222126871080194,1.4738375925009235,0.0,0.31212494194199747,0.00011121077039729693,0.82
mtd_ai,200,0.0050725041435704405,0.38461538461538464,6311.287684540747,0.2,150,5,0.095,0.40222126871080194,1.4738375925009235,0.0,0.31212494194199747,0.00011121077039729693,0.82
mtd_ai,200,0.0050725041435704405,0.43103448275862066,6719.571642669552,0.25,150,5,0.095,0.40222126871080194,1.4738375925009235,0.0,0.31212494194199747,0.00011121077039729693,0.82
mtd_ai,200,0.00506338682892712,0.3,2911.1712200567736,0.05,150,5,0.25,0.40693615389754434,1.6163233238764223,0.0,0.13410740081916475,5.001104558741324e-05,0.7678571428571429
mtd_ai,200,0.00506338682892712,0.35714285714285715,4474.221296012231,0.1,150,5,0.25,0.40693615389754434,1.6163233238764223,0.0,0.13410740081916475,5.001104558741324e-05,0.7678571428571429
mtd_ai,200,0.00506338682892712,0.4090909090909091,5131.235548936723,0.15,150,5,0.25,0.40693615389754434,1.6163233238764223,0.0,0.13410740081916475,5.001104558741324e-05,0.7678571428571429
mtd_ai,200,0.00506338682892712,0.44776119402985076,6021.380631864808,0.2,150,5,0.25,0.40693615389754434,1.6163233238764223,0.0,0.13410740081916475,5.001104558741324e-05,0.7678571428571429
mtd_ai,200,0.00506338682892712,0.46875,6662.35881003499,0.25,150,5,0.25,0.40693615389754434,1.6163233238764223,0.0,0.13410740081916475,5.001104558741324e-05,0.7678571428571429
mtd_ai,200,0.005074022094623341,0.28846153846153844,2105.623305976974,0.05,150,5,0.10033333333333334,0.39387989936556506,1.7640972077796164,0.0,0.1544168600068978,4.204498640070622e-05,0.7959183673469388
mtd_ai,200,0.005074022094623341,0.36585365853658536,3262.635574037955,0.1,150,5,0.10033333333333334,0.39387989936556506,1.7640972077796164,0.0,0.1544168600068978,4.204498640070622e-05,0.7959183673469388
mtd_ai,200,0.005074022094623341,0.4090909090909091,4045.8760347541906,0.15,150,5,0.10033333333333334,0.39387989936556506,1.7640972077796164,0.0,0.1544168600068978,4.204498640070622e-05,0.7959183673469388
mtd_ai,200,0.005074022094623341,0.410958904109589,5064.086207079603,0.2,150,5,0.10033333333333334,0.39387989936556506,1.7640972077796164,0.0,0.1544168600068978,4.204498640070622e-05,0.7959183673469388
mtd_ai,200,0.005074022094623341,0.43103448275862066,5848.245869120957,0.25,150,5,0.10033333333333334,0.39387989936556506,1.7640972077796164,0.0,0.1544168600068978,4.204498640070622e-05,0.7959183673469388
mtd_ai,200,0.0050391204072827885,0.35714285714285715,2135.6306202912024,0.05,150,5,0.18844444444444447,0.28829259581180383,0.04523291087623759,0.0,0.3846932104985394,7.718452975052284e-05,0.8113207547169812
mtd_ai,200,0.0050391204072827885,0.25,4320.585821064037,0.1,150,5,0.18844444444444447,0.28829259581180383,0.04523291087623759,0.0,0.3846932104985394,7.718452975052284e-05,0.8113207547169812
mtd_ai,200,0.0050391204072827885,0.3125,5112.653509335976,0.15,150,5,0.18844444444444447,0.28829259581180383,0.04523291087623759,0.0,0.3846932104985394,7.718452975052284e-05,0.8113207547169812
mtd_ai,200,0.0050391204072827885,0.3614457831325301,5601.601449713521,0.2,150,5,0.18844444444444447,0.28829259581180383,0.04523291087623759,0.0,0.3846932104985394,7.718452975052284e-05,0.8113207547169812
mtd_ai,200,0.0050391204072827885,0.3865979381443299,6435.866258652359,0.25,150,5,0.18844444444444447,0.28829259581180383,0.04523291087623759,0.0,0.3846932104985394,7.718452975052284e-05,0.8113207547169812
mtd_ai,200,0.00504929754938137,0.3125,2285.5535770370498,0.05,150,5,0.06666666666666667,1.917997992088735,4.099084969589467,0.0,0.19824354903211802,6.42631810145286e-05,0.8461538461538461
mtd_ai,200,0.00504929754938137,0.42857142857142855,2857.4498425199126,0.1,150,5,0.06666666666666667,1.917997992088735,4.099084969589467,0.0,0.19824354903211802,6.42631810145286e-05,0.8461538461538461
mtd_ai,200,0.00504929754938137,0.5113636363636364,3338.9121107489873,0.15,150,5,0.06666666666666667,1.917997992088735,4.099084969589467,0.0,0.19824354903211802,6.42631810145286e-05,0.8461538461538461
mtd_ai,200,0.00504929754938137,0.5,4456.129983428697,0.2,150,5,0.06666666666666667,1.917997992088735,4.099084969589467,0.0,0.19824354903211802,6.42631810145286e-05,0.8461538461538461
mtd_ai,200,0.00504929754938137,0.5208333333333334,5030.2481795735575,0.25,150,5,0.06666666666666667,1.917997992088735,4.099084969589467,0.0,0.19824354903211802,6.42631810145286e-05,0.8461538461538461
mtd_ai,200,0.00504055196868231,0.375,1709.7894589657303,0.05,150,5,0.10311111111111111,2.9227917525241374,5.710773548748154,0.0,0.2835544563436451,9.338109152663725e-05,0.7647058823529411
mtd_ai,200,0.00504055196868231,0.35714285714285715,4449.6693898018,0.1,150,5,0.10311111111111111,2.9227917525241374,5.710773548748154,0.0,0.2835544563436451,9.338109152663725e-05,0.7647058823529411
mtd_ai,200,0.00504055196868231,0.4166666666666667,5123.441544718048,0.15,150,5,0.10311111111111111,2.9227917525241374,5.710773548748154,0.0,0.2835544563436451,9.338109152663725e-05,0.7647058823529411
mtd_ai,200,0.00504055196868231,0.4411764705882353,5928.000900751005,0.2,150,5,0.10311111111111111,2.9227917525241374,5.710773548748154,0.0,0.2835544563436451,9.338109152663725e-05,0.7647058823529411
mtd_ai,200,0.00504055196868231,0.4934210526315789,6278.183328336336,0.25,150,5,0.10311111111111111,2.9227917525241374,5.710773548748154,0.0,0.2835544563436451,9.338109152663725e-05,0.7647058823529411
mtd_ai,200,0.005085172965693231,0.4411764705882353,1641.0595045863479,0.05,150,5,0.13333333333333333,0.436845272139519,1.9369461749260501,0.0,0.2095843552799199,6.593583778625168e-05,0.8095238095238095
mtd_ai,200,0.005085172965693231,0.39473684210526316,3492.6260583348826,0.1,150,5,0.13333333333333333,0.436845272139519,1.9369461749260501,0.0,0.2095843552799199,6.593583778625168e-05,0.8095238095238095
mtd_ai,200,0.005085172965693231,0.45918367346938777,4046.096998812233,0.15,150,5,0.13333333333333333,0.436845272139519,1.9369461749260501,0.0,0.2095843552799199,6.593583778625168e-05,0.8095238095238095
mtd_ai,200,0.005085172965693231,0.5,4482.23803104487,0.2,150,5,0.13333333333333333,0.436845272139519,1.9369461749260501,0.0,0.2095843552799199,6.593583778625168e-05,0.8095238095238095
mtd_ai,200,0.005085172965693231,0.5357142857142857,5071.330568832032,0.25,150,5,0.13333333333333333,0.436845272139519,1.9369461749260501,0.0,0.2095843552799199,6.593583778625168e-05,0.8095238095238095
mtd_ai,200,0.005094531154912262,0.46875,1304.4719476971813,0.05,150,5,0.14,0.470951933741782,1.7288574079265269,0.0,0.21151374669277712,0.0001027195031952107,0.75
mtd_ai,200,0.005094531154912262,0.4411764705882353,2677.8107798962537,0.1,150,5,0.14,0.470951933741782,1.7288574079265269,0.0,0.21151374669277712,0.0001027195031952107,0.75
mtd_ai,200,0.005094531154912262,0.4787234042553192,3504.6582698707784,0.15,150,5,0.14,0.470951933741782,1.7288574079265269,0.0,0.21151374669277712,0.0001027195031952107,0.75
mtd_ai,200,0.005094531154912262,0.5263157894736842,3852.3956540417153,0.2,150,5,0.14,0.470951933741782,1.7288574079265269,0.0,0.21151374669277712,0.0001027195031952107,0.75
mtd_ai,200,0.005094531154912262,0.5357142857142857,4612.011617310421,0.25,150,5,0.14,0.470951933741782,1.7288574079265269,0.0,0.21151374669277712,0.0001027195031952107,0.75
mtd_ai,200,0.005075830621590256,0.26785714285714285,2143.1139234604934,0.05,150,5,0.07,0.10145009422439319,0.23071557412410743,0.0,0.3596758710861419,7.083373607973984e-05,0.8974358974358975
mtd_ai,200,0.005075830621590256,0.3191489361702128,3673.0716174232102,0.1,150,5,0.07,0.10145009422439319,0.23071557412410743,0.0,0.3596758710861419,7.083373607973984e-05,0.8974358974358975
mtd_ai,200,0.005075830621590256,0.39473684210526316,4191.9189981358695,0.15,150,5,0.07,0.10145009422439319,0.23071557412410743,0.0,0.3596758710861419,7.083373607973984e-05,0.8974358974358975
mtd_ai,200,0.005075830621590256,0.4225352112676056,4849.947174338055,0.2,150,5,0.07,0.10145009422439319,0.23071557412410743,0.0,0.3596758710861419,7.083373607973984e-05,0.8974358974358975
mtd_ai,200,0.005075830621590256,0.4573170731707317,5358.923096334035,0.25,150,5,0.07,0.10145009422439319,0.23071557412410743,0.0,0.3596758710861419,7.083373607973984e-05,0.8974358974358975
mtd_ai,200,0.005061389245359907,0.3409090909090909,2457.3621090942897,0.05,150,5,0.11266666666666665,0.682901291165924,0.5504377992275458,0.0,0.2090859577728839,5.7032057848035504e-05,0.8461538461538461
mtd_ai,200,0.005061389245359907,0.375,4295.075197528831,0.1,150,5,0.11266666666666665,0.682901291165924,0.5504377992275458,0.0,0.2090859577728839,5.7032057848035504e-05,0.8461538461538461
mtd_ai,200,0.005061389245359907,0.4166666666666667,5434.560052255379,0.15,150,5,0.11266666666666665,0.682901291165924,0.5504377992275458,0.0,0.2090859577728839,5.7032057848035504e-05,0.8461538461538461
mtd_ai,200,0.005061389245359907,0.43478260869565216,6385.500631098417,0.2,150,5,0.11266666666666665,0.682901291165924,0.5504377992275458,0.0,0.2090859577728839,5.7032057848035504e-05,0.8461538461538461
mtd_ai,200,0.005061389245359907,0.47468354430379744,6915.181742055001,0.25,150,5,0.11266666666666665,0.682901291165924,0.5504377992275458,0.0,0.2090859577728839,5.7032057848035504e-05,0.8461538461538461
mtd_ai,200,0.00507761659485056,0.32608695652173914,1783.6401489147897,0.05,150,5,0.35294117647058826,2.235060985298732,4.2910350859716,0.0,0.24038185205104587,0.0003840875111886967,0.7333333333333333
mtd_ai,200,0.00507761659485056,0.38461538461538464,2741.570316580399,0.1,150,5,0.35294117647058826,2.235060985298732,4.2910350859716,0.0,0.24038185205104587,0.0003840875111886967,0.7333333333333333
mtd_ai,200,0.00507761659485056,0.45918367346938777,3243.8396517313963,0.15,150,5,0.35294117647058826,2.235060985298732,4.2910350859716,0.0,0.24038185205104587,0.0003840875111886967,0.7333333333333333
mtd_ai,200,0.00507761659485056,0.5,3824.767766773431,0.2,150,5,0.35294117647058826,2.235060985298732,4.2910350859716,0.0,0.24038185205104587,0.0003840875111886967,0.7333333333333333
mtd_ai,200,0.00507761659485056,0.5,5014.631881825697,0.25,150,5,0.35294117647058826,2.235060985298732,4.2910350859716,0.0,0.24038185205104587,0.0003840875111886967,0.7333333333333333
mtd_ai,200,0.005043011392929891,0.4166666666666667,1758.7491641038816,0.05,150,5,0.09466666666666668,0.07083194485521212,0.1663184106120484,4.482758620689655,0.24145160204839805,6.644962805315084e-05,0.8974358974358975
mtd_ai,200,0.005043011392929891,0.42857142857142855,2941.054517016393,0.1,150,5,0.09466666666666668,0.07083194485521212,0.1663184106120484,4.482758620689655,0.24145160204839805,6.644962805315084e-05,0.8974358974358975
mtd_ai,200,0.005043011392929891,0.46875,3517.355283472006,0.15,150,5,0.09466666666666668,0.07083194485521212,0.1663184106120484,4.482758620689655,0.24145160204839805,6.644962805315084e-05,0.8974358974358975
mtd_ai,200,0.005043011392929891,0.47619047619047616,4270.6842793765545,0.2,150,5,0.09466666666666668,0.07083194485521212,0.1663184106120484,4.482758620689655,0.24145160204839805,6.644962805315084e-05,0.8974358974358975
mtd_ai,200,0.005043011392929891,0.4934210526315789,5378.710181524485,0.25,150,5,0.09466666666666668,0.07083194485521212,0.1663184106120484,4.482758620689655,0.24145160204839805,6.644962805315084e-05,0.8974358974358975
mtd_ai,200,0.005075367162028715,0.3125,2147.697797301415,0.05,150,5,0.1311111111111111,0.44111932446875524,1.629826852081464,0.0,0.21867081785229844,0.0003568939628686976,0.7291666666666666
mtd_ai,200,0.005075367162028715,0.375,3523.271033212448,0.1,150,5,0.1311111111111111,0.44111932446875524,1.629826852081464,0.0,0.21867081785229844,0.0003568939628686976,0.7291666666666666
mtd_ai,200,0.005075367162028715,0.4326923076923077,4288.1130808898815,0.15,150,5,0.1311111111111111,0.44111932446875524,1.629826852081464,0.0,0.21867081785229844,0.0003568939628686976,0.7291666666666666
mtd_ai,200,0.005075367162028715,0.47619047619047616,4786.492614216716,0.2,150,5,0.1311111111111111,0.44111932446875524,1.629826852081464,0.0,0.21867081785229844,0.0003568939628686976,0.7291666666666666
mtd_ai,200,0.005075367162028715,0.5,5606.652770715842,0.25,150,5,0.1311111111111111,0.44111932446875524,1.629826852081464,0.0,0.21867081785229844,0.0003568939628686976,0.7291666666666666
mtd_ai,200,0.00506295418173061,0.4166666666666667,1518.7957789103584,0.05,150,5,0.14833333333333334,0.350969800484424,1.3006728880942664,0.0,0.2474798024592059,0.0004229286949725589,0.8163265306122449
mtd_ai,200,0.00506295418173061,0.42857142857142855,3221.2033175770266,0.1,150,5,0.14833333333333334,0.350969800484424,1.3006728880942664,0.0,0.2474798024592059,0.0004229286949725589,0.8163265306122449
mtd_ai,200,0.00506295418173061,0.45918367346938777,4284.519546548672,0.15,150,5,0.14833333333333334,0.350969800484424,1.3006728880942664,0.0,0.2474798024592059,0.0004229286949725589,0.8163265306122449
mtd_ai,200,0.00506295418173061,0.46153846153846156,5063.356047543548,0.2,150,5,0.14833333333333334,0.350969800484424,1.3006728880942664,0.0,0.2474798024592059,0.0004229286949725589,0.8163265306122449
mtd_ai,200,0.00506295418173061,0.41208791208791207,6136.270653442985,0.25,150,5,0.14833333333333334,0.350969800484424,1.3006728880942664,0.0,0.2474798024592059,0.0004229286949725589,0.8163265306122449
mtd_ai,200,0.0050521793623073885,0.2777777777777778,2890.461750276495,0.05,150,5,0.10222222222222223,0.5285033409837422,1.6512092990730358,0.0,0.3239672663784144,9.846874561432582e-05,0.88
mtd_ai,200,0.0050521793623073885,0.3488372093023256,4046.5569540455344,0.1,150,5,0.10222222222222223,0.5285033409837422,1.6512092990730358,0.0,0.3239672663784144,9.846874561432582e-05,0.88
mtd_ai,200,0.0050521793623073885,0.4090909090909091,5084.972223435211,0.15,150,5,0.10222222222222223,0.5285033409837422,1.6512092990730358,0.0,0.3239672663784144,9.846874561432582e-05,0.88
mtd_ai,200,0.0050521793623073885,0.40540540540540543,6280.752650820291,0.2,150,5,0.10222222222222223,0.5285033409837422,1.6512092990730358,0.0,0.3239672663784144,9.846874561432582e-05,0.88
mtd_ai,200,0.0050521793623073885,0.44642857142857145,6986.655630373371,0.25,150,5,0.10222222222222223,0.5285033409837422,1.6512092990730358,0.0,0.3239672663784144,9.846874561432582e-05,0.88
